p_val	avg_log2FC	pct.1	pct.2	p_val_adj	gene	seurat_clusters
0	19.0007557556358	0.07	0	0	IGKV1D-17	c17
0	17.1433867830329	0.109	0	0	IGHV4-28	c17
0	15.2074300215727	0.079	0	0	IGHV3-11	c17
0	15.1944074733305	0.096	0	0	IGKV3D-7	c17
0	15.0046048197304	0.109	0.001	0	IGHV3-53	c17
0	14.7431762208226	0.109	0.001	0	IGKV1-17	c17
0	14.7424136783393	0.114	0	0	IGKV1D-13	c17
0	14.7123102898356	0.162	0.001	0	IGHV3-7	c17
0	14.3638632269025	0.105	0	0	IGHV1-69	c17
0	14.2992587155665	0.057	0	0	IGHG2	c17
0	14.2500292336894	0.157	0	0	IGLJ2	c17
0	14.2250541814392	0.467	0.001	0	IGLV6-57	c17
0	14.1252333598359	0.38	0	0	AMPD1	c17
0	14.0997773626939	0.153	0.001	0	IGKV1-27	c17
0	14.0917680668478	0.066	0	0	IGKV2D-30	c17
0	14.0609362159135	0.166	0	0	IGHG1	c17
0	14.0599737226481	0.135	0.002	0	IGHV4-39	c17
0	13.9932071330141	0.131	0.001	0	IGHV3-33	c17
0	13.8965297908754	0.118	0.001	0	IGHV3-30	c17
0	13.8813635450784	0.463	0.006	0	IGKV4-1	c17
0	13.8810535519089	0.061	0	0	AC233755.1	c17
0	13.8625896174232	0.231	0.006	0	IGKV1-5	c17
0	13.7326294286696	0.087	0	0	IGHJ5	c17
0	13.6925905062395	0.14	0	0	IGHV4-31	c17
0	13.620437213463	0.271	0	0	IGHJ4	c17
0	13.5676282268566	0.118	0.001	0	IGKV1-6	c17
0	13.4759935050859	0.079	0	0	IGKV3-7	c17
0	13.4028982833889	0.083	0.001	0	IGHV3-72	c17
0	13.3061327649588	0.131	0.001	0	IGHV1-69D	c17
0	13.2782486707919	0.288	0.008	0	IGKV3-20	c17
0	13.2685655043012	0.834	0.002	0	IGHA2	c17
0	13.2451627157665	0.031	0	0	IGLC7	c17
0	13.2115182548985	0.528	0.003	0	IGLV3-1	c17
0	13.1239504908683	0.729	0.005	0	IGKC	c17
0	13.0429638264596	0.066	0	0	IGHV3-20	c17
0	13.0018874797573	0.996	0.02	0	JCHAIN	c17
0	12.7090876164575	0.092	0.001	0	IGHV3-48	c17
0	12.7087739852392	0.1	0.001	0	IGKV2-30	c17
0	12.6374102059301	0.1	0	0	IGKV3D-11	c17
0	12.6224707457257	0.109	0.001	0	IGKV1-12	c17
0	12.5872702515231	0.952	0.005	0	IGHA1	c17
0	12.5829061588773	0.157	0.002	0	IGHV4-59	c17
0	12.5726072372022	0.524	0.001	0	IGLC2	c17
0	12.5669606265976	0.852	0	0	SDC1	c17
0	12.5020807547955	0.183	0.001	0	IGHV4-61	c17
0	12.4342221028241	0.074	0	0	IGHV3-66	c17
0	12.3869655575943	0.074	0	0	IGKV1D-33	c17
0	12.1618191739569	0.052	0	0	IGLV5-48	c17
0	12.1179021517309	0.127	0.001	0	IGHV4-4	c17
0	12.1112058192481	0.205	0.002	0	IGHV3-23	c17
0	12.0938930453616	0.079	0.001	0	IGKV3D-15	c17
0	12.0858442146268	0.231	0.001	0	IGLC3	c17
0	12.0274037780962	0.114	0	0	IGHG3	c17
0	12.01897790696	0.044	0	0	IGKV1D-27	c17
0	11.976062789565	0.061	0	0	IGKV1-13	c17
0	11.9351578925894	0.934	0	0	TNFRSF17	c17
0	11.8043747711524	0.24	0	0	FAM92B	c17
0	11.7501142108646	0.17	0	0	DUSP26	c17
0	11.4875417412343	0.083	0	0	IGKV1D-8	c17
0	11.4640820753299	0.092	0	0	IGKV1D-12	c17
0	11.3686631007134	0.148	0	0	LINC00582	c17
0	11.3334010910542	0.183	0.004	0	IGHV4-34	c17
0	11.3297706670334	0.537	0	0	AC012236.1	c17
0	11.1664048060029	0.131	0	0	IGHJ6	c17
0	11.1167440791028	0.852	0.002	0	IGLL5	c17
0	11.0641433763712	0.284	0	0	BHLHA15	c17
0	10.8361351031579	0.55	0	0	AC104699.1	c17
0	10.7204423312913	0.087	0	0	LINC01754	c17
0	10.6964864749932	0.083	0	0	AL591518.1	c17
0	10.66766426647	0.031	0	0	IGLJ3	c17
0	10.3647602857628	0.074	0	0	HBD	c17
0	10.3230846080593	0.384	0	0	ITGA8	c17
0	10.2435492586763	0.275	0	0	SMOC1	c17
0	10.2338953681335	0.817	0.001	0	LINC02362	c17
0	10.184244807346	0.201	0	0	GPRC5D	c17
0	10.123434850292	0.105	0	0	DPEP1	c17
0	10.0520165486117	0.114	0	0	MYL2	c17
0	10.0282355637511	0.144	0	0	LINC01055	c17
0	10.0188923734601	0.48	0	0	SCNN1B	c17
0	10.0005282386114	0.061	0	0	IGHG4	c17
0	9.97731286599909	0.052	0	0	AC091132.2	c17
0	9.96467192596863	0.17	0	0	NLRP7	c17
0	9.85964340083476	0.031	0	0	IGHV3-69-1	c17
0	9.80148851421839	0.035	0	0	LINC00525	c17
0	9.79476723514516	0.035	0	0	VWC2	c17
0	9.77585187387035	0.035	0	0	SRMS	c17
0	9.75570928456946	0.044	0	0	FRGCA	c17
0	9.61114931571026	0.166	0	0	AC104024.1	c17
0	9.57308280501908	0.773	0	0	FCRL5	c17
0	9.48825622595943	0.048	0	0	IGHJ3	c17
0	9.4496946374866	0.354	0	0	PKHD1L1	c17
0	9.44051131147563	0.035	0	0	LEFTY2	c17
0	9.43387612897669	0.044	0	0	CLDN14	c17
0	9.40909327263978	0.035	0	0	AC246787.2	c17
0	9.36137340150794	0.031	0	0	SPACA3	c17
0	9.3039618894195	0.074	0	0	AC106882.1	c17
0	9.2407494035322	0.218	0	0	ENAM	c17
0	9.23788655429208	1	0.013	0	DERL3	c17
0	9.2135439127908	0.035	0	0	LINC01484	c17
0	9.19948787813057	0.061	0	0	AF127936.2	c17
0	9.19129777398725	0.288	0	0	AC026202.2	c17
0	9.18251741923972	0.354	0	0	KCNN3	c17
0	9.18196372119344	0.096	0	0	DNAAF1	c17
0	9.03325147549059	0.048	0	0	AC021678.2	c17
0	8.83423415688164	0.061	0	0	NXPE4	c17
0	8.7888067690885	0.472	0	0	PARM1	c17
0	8.77562493763898	0.074	0	0	BMP6	c17
0	8.74666372510518	0.17	0	0	GJB2	c17
0	8.72839818260406	0.258	0	0	LINC02576	c17
0	8.55700869437632	0.424	0	0	P2RX1	c17
0	8.36209136476164	0.297	0	0	TMEM45A	c17
0	8.316384938087	0.236	0	0	CADPS2	c17
0	8.30943256925579	0.345	0	0	MIXL1	c17
0	8.3074989102344	0.511	0	0	PNOC	c17
0	8.25477346074881	0.066	0	0	IGHV4-55	c17
0	8.10581784988823	0.092	0	0	IGHV1-24	c17
0	8.09745118968936	0.035	0	0	AC007614.1	c17
0	8.07781061223527	0.035	0	0	MNX1-AS1	c17
0	7.94552972707925	0.074	0	0	FLT3	c17
0	7.90347627143405	0.345	0	0	DENND5B	c17
0	7.82690791584083	0.105	0	0	LCN8	c17
0	7.78376180036159	0.131	0	0	LINC02363	c17
0	7.54213981964965	0.301	0	0	GAB1	c17
0	7.53991652203716	0.061	0	0	COL4A3	c17
0	7.51251475218356	0.057	0	0	UBE2QL1	c17
0	7.44636784675474	0.253	0	0	SMPDL3B	c17
0	7.4354413702529	0.166	0	0	FBXO16	c17
0	7.25979111954391	0.087	0	0	BMP8A	c17
0	7.17388628760604	0.074	0	0	AL162411.1	c17
0	7.16750405920553	0.162	0.001	0	CTHRC1	c17
0	7.16657245747464	0.162	0	0	COL4A4	c17
0	7.03926205935323	0.044	0	0	LINC00494	c17
0	7.03452186594658	0.393	0.001	0	MEF2B	c17
0	7.02284632352653	0.1	0	0	LINC01781	c17
0	7.00492610611998	0.271	0.001	0	MOXD1	c17
0	6.99132380475588	0.048	0	0	EPN2-AS1	c17
0	6.94885757691286	0.742	0.003	0	CCR10	c17
0	6.94104505312102	0.109	0	0	SYT1	c17
0	6.93067593989099	0.218	0.001	0	ALDH1L2	c17
0	6.8901093291947	0.214	0	0	BHLHE41	c17
0	6.78874941419572	0.048	0	0	C3orf70	c17
0	6.77007568542164	0.092	0	0	SLC2A5	c17
0	6.74579809206563	0.279	0.001	0	FCRL2	c17
0	6.74363004932936	0.297	0.002	0	FAM30A	c17
0	6.6885511687707	0.048	0	0	LYPD6B	c17
0	6.61109370384516	0.917	0.013	0	TXNDC5	c17
0	6.60014822269167	0.236	0.001	0	AL391056.1	c17
0	6.57748202330645	0.087	0	0	MEF2C-AS1	c17
0	6.55525107694931	0.162	0.001	0	UGGT2	c17
0	6.55279956223275	0.14	0	0	TMEM56	c17
0	6.53125535774309	0.253	0.001	0	COBLL1	c17
0	6.49665994902669	0.07	0	0	CHMP4C	c17
0	6.4959928905623	0.415	0.003	0	AC007569.1	c17
0	6.48199596127044	0.188	0	0	PKP2	c17
0	6.44039232030845	0.996	0.094	0	MZB1	c17
0	6.42441613510075	0.052	0	0	TLL2	c17
0	6.34546687709039	0.306	0.011	0	IGKV3OR2-268	c17
0	6.34262927873401	0.096	0	0	PTCRA	c17
0	6.31360918382051	0.227	0.001	0	C2orf88	c17
0	6.2907957818193	0.131	0	0	U62317.5	c17
0	6.28819790610767	0.183	0.001	0	ZNF215	c17
0	6.28817598844416	0.611	0.002	0	BLNK	c17
0	6.28499942636062	0.231	0.001	0	AL133467.1	c17
0	6.28050275799822	0.048	0	0	IGKV1-8	c17
0	6.2633804759218	0.092	0	0	DNAJC12	c17
0	6.15198972620333	0.821	0.004	0	MEF2C	c17
0	6.06662377271963	0.066	0	0	ZNF608	c17
0	6.03111524399296	0.306	0.001	0	AC106897.1	c17
0	6.02425676605192	0.192	0.001	0	SSPN	c17
0	5.99583033318919	0.083	0	0	SLC47A1	c17
0	5.92148414594033	0.057	0	0	COL24A1	c17
0	5.89744822762096	0.218	0.003	0	CHAC1	c17
0	5.80191046407756	0.336	0.005	0	JSRP1	c17
0	5.80180837911318	0.384	0.002	0	DOK3	c17
0	5.72683267589777	0.978	0.03	0	CD79A	c17
0	5.69782831701898	0.135	0	0	RHEX	c17
0	5.67996854744389	0.179	0.001	0	ASS1	c17
0	5.67096601795122	0.157	0.001	0	CBFA2T3	c17
0	5.65145719239699	0.629	0.004	0	CLIC4	c17
0	5.59254620946202	0.109	0.001	0	SLC6A9	c17
0	5.57647159417391	0.122	0.001	0	TMEM52	c17
0	5.48131693674714	0.183	0.001	0	FCRLA	c17
0	5.46718858174276	0.157	0.001	0	PTPRS	c17
0	5.36735208559168	0.843	0.01	0	GNG7	c17
0	5.36100897431995	0.175	0.002	0	TTLL7	c17
0	5.35919319746386	0.31	0.002	0	COL9A3	c17
0	5.35900592031793	0.105	0.001	0	EPB41L1	c17
0	5.35800495060634	0.603	0.005	0	CPNE5	c17
0	5.33830057861564	0.157	0.001	0	PLEKHH3	c17
0	5.31367714061183	0.148	0.002	0	UCHL1	c17
0	5.27561091030391	0.249	0.002	0	HOMER3	c17
0	5.22782789687899	0.07	0	0	GNB3	c17
0	5.22527201716659	0.074	0	0	CXXC4	c17
0	5.22203319100192	0.223	0.001	0	CD180	c17
0	5.2010258083791	0.118	0.001	0	ST3GAL6	c17
0	5.10557669068251	0.087	0.001	0	TLR9	c17
0	5.09624206950005	0.428	0.004	0	CSF2RB	c17
0	5.06182881744571	0.148	0.001	0	FAM114A1	c17
0	5.05763429900407	0.389	0.003	0	BASP1	c17
0	5.03970376855167	0.502	0.01	0	PYCR1	c17
0	5.03092143654318	0.323	0.003	0	B9D1	c17
0	5.02067009084398	0.293	0.002	0	BTK	c17
0	5.01839886689943	0.406	0.004	0	TSPAN13	c17
0	4.99410136053527	0.1	0.001	0	TAS1R3	c17
0	4.93469512480739	0.904	0.022	0	POU2AF1	c17
0	4.88420314452333	0.07	0	0	TMEM125	c17
0	4.81989916421802	0.192	0.002	0	SCAMP5	c17
0	4.79712053151948	0.118	0.001	0	CCDC110	c17
0	4.77922770566916	0.236	0.001	0	CD19	c17
0	4.76981918127601	0.109	0.001	0	RAB26	c17
0	4.74755067769096	0.707	0.016	0	SPAG4	c17
0	4.74594334995378	0.253	0.004	0	HLA-DOB	c17
0	4.69928140582494	0.096	0.001	0	LAMC1	c17
0	4.68211564868278	0.402	0.008	0	ABCB9	c17
0	4.6709164003495	0.493	0.004	0	TCF4	c17
0	4.64669308290357	0.197	0.002	0	SIX5	c17
0	4.63501159122092	0.598	0.009	0	TNFRSF13B	c17
0	4.61168245166366	0.441	0.005	0	LMTK3	c17
0	4.58177475396087	0.428	0.005	0	SH2B2	c17
0	4.55845706118505	0.415	0.003	0	IGF1	c17
0	4.55263945238934	0.354	0.003	0	SYK	c17
0	4.51590510919631	0.297	0.003	0	CLMN	c17
0	4.46818639781601	0.419	0.007	0	CERCAM	c17
0	4.46528476794503	0.131	0.001	0	RASSF6	c17
0	4.43147615316014	0.934	0.046	0	EAF2	c17
0	4.41010922553465	0.402	0.005	0	HID1	c17
0	4.40936019396509	0.397	0.004	0	CHST15	c17
0	4.37256406971765	0.323	0.004	0	PIK3CD-AS2	c17
0	4.37067920672244	0.349	0.004	0	ALOX5	c17
0	4.29091325722084	0.231	0	0	RAMP2	c17
0	4.26873417431892	0.096	0.001	0	FCER2	c17
0	4.26177562071681	0.14	0.002	0	NOL3	c17
0	4.23142559628406	0.266	0.004	0	AC004130.1	c17
0	4.22758278572733	0.245	0.004	0	KDELR3	c17
0	4.21830211203418	0.183	0.002	0	ESR2	c17
0	4.21589449321971	0.122	0.001	0	TBC1D9	c17
0	4.20378847894722	0.122	0.001	0	ELFN1-AS1	c17
0	4.19881202123193	0.345	0.004	0	CDK14	c17
0	4.19171721437432	0.358	0.003	0	ALDH2	c17
0	4.15722422394342	0.459	0.007	0	PIP5K1B	c17
0	4.14740266774896	0.393	0.008	0	SLC17A9	c17
0	4.10445290794496	0.231	0.003	0	BMP8B	c17
0	4.0300853167145	0.738	0.021	0	CKAP4	c17
0	4.01179956400153	0.323	0.006	0	C19orf38	c17
0	3.9907298818636	0.118	0.001	0	SLC15A2	c17
0	3.97214368398169	0.402	0.008	0	GPR160	c17
0	3.90331379545514	0.245	0.004	0	KIF19	c17
0	3.86172135963385	0.445	0.008	0	GAS6	c17
0	3.79229817366556	0.441	0.01	0	SEMA4A	c17
0	3.77855320899717	0.48	0.013	0	PDIA5	c17
0	3.71313820085898	0.314	0.006	0	E2F5	c17
0	3.70822591050373	0.297	0.006	0	MDK	c17
0	3.69759095970275	0.965	0.138	0	PRDX4	c17
0	3.68800915850274	0.245	0.003	0	SLC7A7	c17
0	3.60459670730615	0.07	0	0	SORBS2	c17
0	3.60269206543769	0.62	0.017	0	C16orf74	c17
0	3.59232597261796	0.406	0.019	0	LINC01480	c17
0	3.54160276019615	0.197	0.004	0	CNKSR1	c17
0	3.50053799259746	0.498	0.016	0	RASGRP3	c17
0	3.48111744873258	0.21	0.004	0	RBM47	c17
0	3.41566170515991	0.21	0.006	0	ICAM4	c17
0	3.37148524788416	0.721	0.054	0	TRIB1	c17
0	3.3336256815069	0.122	0.001	0	BANK1	c17
0	3.31450745958515	0.354	0.006	0	FCGR2B	c17
0	3.29085503372806	0.231	0.006	0	KANK1	c17
0	3.28309235072575	0.459	0.015	0	RALGPS2	c17
0	3.23981126104161	0.306	0.004	0	CAV1	c17
0	3.23880710411119	0.367	0.004	0	MARCKS	c17
0	3.23442541688077	0.367	0.013	0	BRSK1	c17
0	2.92130094519781	0.397	0.016	0	LINC02384	c17
0	2.84157841795086	0.86	0.085	0	CHPF	c17
0	2.7728020596279	0.681	0.049	0	FNDC3B	c17
0	2.77135586773007	0.725	0.059	0	ELL2	c17
0	2.72303596929841	0.358	0.017	0	TRAM2	c17
0	2.71746172599269	0.568	0.028	0	WNT10A	c17
0	2.684049849622	0.271	0.009	0	PRSS16	c17
0	2.67161376087572	0.603	0.038	0	AC078883.1	c17
0	2.64481935818484	0.677	0.049	0	AKAP2	c17
0	2.55230626101081	0.751	0.063	0	PDK1	c17
0	2.17619515482745	0.306	0.008	0	PLTP	c17
0	1.41475867272364	0.21	0.005	0	SPI1	c17
0	1.3113419087753	0.148	0.001	0	SPARC	c17
3.78982123882705e-307	12.2236762292403	0.144	0.003	1.27103024707782e-302	IGKV1-39	c17
1.88883959384813e-304	2.42890635318267	0.655	0.055	6.33479022984785e-300	SPATS2	c17
6.24757293464906e-303	10.6108858991217	0.031	0	2.0953110108226e-298	CR936218.1	c17
6.34381608946746e-303	13.1835975939578	0.031	0	2.1275890400856e-298	IGLVI-70	c17
6.59095561558359e-303	8.64381524071372	0.031	0	2.21047469435442e-298	AC093797.1	c17
6.59095561558359e-303	8.4929478193063	0.031	0	2.21047469435442e-298	AL109613.1	c17
4.04847795225043e-301	3.08377096251645	0.192	0.005	1.35777853562575e-296	TCN2	c17
1.95024595961462e-297	6.56658855991679	0.048	0	6.5407348993555e-293	MIR193BHG	c17
3.83787218968396e-297	12.7602705192458	0.026	0	1.28714557497621e-292	IGKV1-37	c17
3.83787218968396e-297	11.892121436149	0.026	0	1.28714557497621e-292	IGHJ1	c17
3.83787218968396e-297	11.7016381938001	0.026	0	1.28714557497621e-292	IGHJ2	c17
3.83787218968396e-297	9.97099147141835	0.026	0	1.28714557497621e-292	IGLV1-41	c17
8.57484939351695e-293	2.36762785287817	0.31	0.014	2.87583298959771e-288	WFS1	c17
1.01892343115388e-290	13.4744391235563	0.114	0.002	3.4172654034039e-286	IGKV1-9	c17
1.96156772037882e-290	3.79629390906876	0.07	0.001	6.57870582060648e-286	NDUFA4L2	c17
1.46822722127435e-289	6.34222412145829	0.044	0	4.92414045470992e-285	AC096733.2	c17
1.48335775977328e-289	5.44843079448327	0.044	0	4.97488525472764e-285	IGLV5-45	c17
1.60554083469503e-285	5.77860562362597	0.057	0	5.3846628514002e-281	SLCO5A1	c17
3.01036436282741e-285	5.9325872271403	0.039	0	1.00961600000506e-280	IGKV1D-16	c17
3.25615385559925e-285	7.61259792438798	0.039	0	1.09204888009088e-280	AC025569.1	c17
6.97438914213053e-284	13.1664057436536	0.07	0.001	2.33907063048774e-279	IGLV1-47	c17
1.75973054389897e-283	3.99843342435028	0.1	0.001	5.90178429812837e-279	LAMA5	c17
3.38446512518498e-278	4.19156295382226	0.096	0.001	1.13508191368454e-273	CD1D	c17
5.89882538770896e-274	2.24378876294513	0.266	0.011	1.97834805852983e-269	TMEM220	c17
2.40664331717117e-273	6.09146817201573	0.044	0	8.07140035712866e-269	CDH15	c17
5.51911873619861e-273	2.60745494103949	0.275	0.011	1.85100204174629e-268	AC007952.4	c17
3.45181669336433e-271	3.96363638923718	0.127	0.002	1.15767028262053e-266	LRRK1	c17
3.73069786689601e-269	8.37060933629264	0.031	0	1.25120145059958e-264	UGT2B17	c17
3.78171048782636e-269	7.04598274741389	0.031	0	1.2683100634072e-264	LINC02245	c17
2.42668838901439e-267	2.09023674957158	0.362	0.02	8.13862751907648e-263	CD40	c17
4.49695848168092e-266	6.14812055921855	0.039	0	1.50818993558615e-261	UTS2B	c17
1.37804495479123e-263	2.02180868624184	0.415	0.026	4.62168716937881e-259	METTL7A	c17
4.64219492406486e-261	4.92934648187735	0.083	0.001	1.55689933363287e-256	MGAT3	c17
2.11482902860798e-258	4.9958040209657	0.057	0	7.09271359614544e-254	SLC22A31	c17
3.64589102502379e-257	4.63555622486377	0.166	0.004	1.22275893197248e-252	ZP3	c17
7.22288356671031e-256	1.88597523535642	0.585	0.051	2.4224106906033e-251	LY96	c17
1.23719639376617e-254	11.6004248343175	0.026	0	4.14930926541297e-250	IGLV3-16	c17
1.25586324595451e-254	9.50963183592839	0.026	0	4.21191415428222e-250	IGHV1-67	c17
1.26530193382677e-254	6.20348644484604	0.026	0	4.24356962566821e-250	IGKV1OR2-108	c17
9.31302736301215e-254	12.4773377742367	0.14	0.003	3.12340311700701e-249	IGKV3-15	c17
4.98457280929578e-253	2.75832908649474	0.847	0.11	1.67172602878162e-248	RRBP1	c17
9.41213001999405e-253	2.60605543900168	0.162	0.004	3.15664016610561e-248	RAB31	c17
7.50385722850388e-252	5.10120154019714	0.061	0	2.51664363729563e-247	PGAM2	c17
1.581608964879e-249	13.8112158692472	0.07	0.001	5.30440014641118e-245	IGKV2-28	c17
5.02539328710871e-248	2.09977101692431	0.253	0.011	1.68541640063052e-243	TIMP2	c17
5.67355704217193e-248	13.8735254272672	0.022	0	1.90279756080362e-243	IGLC6	c17
5.67355704217193e-248	11.7462882395158	0.022	0	1.90279756080362e-243	IGKV1D-37	c17
5.67355704217193e-248	8.84684496782905	0.022	0	1.90279756080362e-243	DKK1	c17
1.92924158202005e-247	5.54767184047162	0.048	0	6.47029041777885e-243	CRYBB1	c17
1.96808228989499e-247	6.37399608218569	0.048	0	6.6005543838498e-243	EYA2	c17
3.77001240273408e-242	5.58613770480814	0.031	0	1.26438675962896e-237	MYEOV	c17
3.86325921332611e-242	6.4578318507826	0.031	0	1.29565987496531e-237	KLF15	c17
3.86325921332611e-242	6.30602767551807	0.031	0	1.29565987496531e-237	IGLV3-27	c17
8.69043518328178e-242	13.5443884157879	0.109	0.002	2.91459815176904e-237	IGHV1-2	c17
2.80665793298712e-240	3.52700621962328	0.214	0.008	9.4129693756522e-236	NT5DC2	c17
3.20920381986765e-239	15.2263831086955	0.061	0.001	1.07630277710721e-234	IGHV6-1	c17
2.64286801369309e-236	13.3044699608772	0.105	0.002	8.86365074432389e-232	IGLV1-44	c17
5.64740948695582e-234	6.25625806124485	0.044	0	1.89402819373524e-229	RASGRF1	c17
9.10558788788222e-228	3.64852345505785	0.096	0.002	3.05383206583794e-223	TEX9	c17
1.52436553538126e-227	14.3555451727163	0.052	0	5.11241713256166e-223	IGHV3-43	c17
2.00108793112864e-225	13.4275072609368	0.035	0	6.71124870341925e-221	IGHV3-13	c17
9.80950314296179e-223	7.66105726821512	0.026	0	3.28991116408653e-218	TRIM55	c17
9.87394282580156e-223	7.62289249188057	0.026	0	3.31152294491733e-218	AC022509.3	c17
9.87394282580156e-223	6.54210796756244	0.026	0	3.31152294491733e-218	ST3GAL6-AS1	c17
1.97168670256025e-221	6.16937978175133	0.039	0	6.61264286304656e-217	ARFGEF3	c17
1.2714634162554e-219	4.86598497770776	0.048	0	4.26423400543737e-215	NCMAP	c17
1.34616111260769e-217	2.56447054478584	0.432	0.034	4.51475513946366e-213	CXorf21	c17
1.89803743401285e-217	4.55725931402929	0.079	0.001	6.36563794619231e-213	SOX5	c17
2.84096016547092e-216	4.09593753108503	0.087	0.001	9.52801220295638e-212	INSR	c17
3.21243714158671e-216	5.04727614880517	0.092	0.001	1.07738716854535e-211	CRNDE	c17
3.23026313272972e-216	4.52119722569475	0.092	0.001	1.08336564945489e-211	TLR7	c17
8.84669586789167e-211	4.71064570433515	0.1	0.002	2.96700486017351e-206	BGLAP	c17
3.27881869488514e-210	14.2997649913003	0.092	0.002	1.09965021389058e-205	IGHV3-74	c17
1.14340113217753e-209	6.04393931897943	0.039	0	3.83473871709699e-205	STOX2	c17
1.60335306007493e-207	14.000762669622	0.061	0.001	5.37732549287929e-203	IGHV3-15	c17
4.41185512213382e-207	1.94639145557954	0.266	0.014	1.47964797086124e-202	UBE2E2	c17
5.50118899531633e-207	9.42784768628013	0.07	0.001	1.84498876524919e-202	IGKV1-16	c17
1.23927292593378e-206	9.4810602866684	0.022	0	4.15627353899673e-202	IGHGP	c17
1.24832757300797e-206	8.0283452623409	0.022	0	4.18664101435413e-202	SCN3A	c17
2.78128908796576e-204	5.53075169408174	0.048	0	9.32788734321957e-200	RAPGEF3	c17
9.75189001970627e-202	2.06440760237959	0.799	0.11	3.27058887480909e-197	UAP1	c17
1.24372201435078e-201	7.13071086995189	0.031	0	4.17119489172964e-197	ARX	c17
3.98961191791102e-200	3.36734882007608	0.114	0.003	1.338036045029e-195	DENND2C	c17
8.52245312330073e-199	14.4262535903837	0.017	0	2.8582603284926e-194	IGKV1D-43	c17
8.52245312330073e-199	9.61539391920627	0.017	0	2.8582603284926e-194	IGHV3-71	c17
8.52245312330073e-199	9.27056840146058	0.017	0	2.8582603284926e-194	PDZRN4	c17
8.52245312330073e-199	9.0541678190463	0.017	0	2.8582603284926e-194	BTN1A1	c17
8.52245312330073e-199	9.0425473568201	0.017	0	2.8582603284926e-194	AC005220.1	c17
8.52245312330073e-199	8.92400775883406	0.017	0	2.8582603284926e-194	TRERNA1	c17
8.52245312330073e-199	8.88228877961144	0.017	0	2.8582603284926e-194	LINC01485	c17
8.52245312330073e-199	8.88043429559665	0.017	0	2.8582603284926e-194	UNC13C	c17
8.52245312330073e-199	8.81494978711344	0.017	0	2.8582603284926e-194	AL161937.2	c17
8.52245312330073e-199	8.71542671673576	0.017	0	2.8582603284926e-194	LINC01634	c17
2.19780967554939e-197	4.76995290853803	0.048	0	7.37101408985755e-193	SMIM5	c17
2.24731390488621e-197	5.19118392254944	0.048	0	7.53704137420737e-193	MYBPC2	c17
2.73520579996966e-197	4.1610703722748	0.083	0.001	9.17333321193823e-193	KLK1	c17
4.79172818737027e-197	5.36229685832693	0.035	0	1.60704979948024e-192	AC099524.1	c17
3.61719804269474e-196	5.02540424646718	0.044	0	1.21313587955896e-191	RGL3	c17
1.00319886537578e-195	2.38651368308654	0.223	0.011	3.36452835469728e-191	FAM49A	c17
2.82916048415543e-195	4.27945152710722	0.052	0	9.48843843176049e-191	WNT6	c17
3.8704703231417e-195	4.39508705138231	0.079	0.001	1.29807833697526e-190	OXCT2	c17
9.99307996960161e-194	3.94769258265603	0.074	0.001	3.35147916020499e-189	ARHGAP6	c17
5.27286409049265e-193	13.1664962185199	0.157	0.005	1.76841315866943e-188	IGKV3-11	c17
2.19155820136128e-191	4.169164264595	0.057	0.001	7.35004789572546e-187	LINC02397	c17
4.9999575268887e-191	4.09048852302455	0.074	0.001	1.67688575536793e-186	PRICKLE1	c17
5.68809752355232e-191	2.14546168989143	0.306	0.02	1.90767414744898e-186	PAIP2B	c17
1.63749011425251e-188	1.74274737153867	0.638	0.077	5.49181434518006e-184	CTSH	c17
5.92417769850872e-188	3.86687646626906	0.066	0.001	1.98685071652585e-183	XK	c17
8.9191199468743e-188	3.27352393475504	0.087	0.002	2.9912944477827e-183	HEY2	c17
6.09798281068873e-187	3.72039669263198	0.057	0.001	2.04514147504879e-182	PDLIM3	c17
5.95741701782988e-186	3.47164688938725	0.105	0.002	1.99799851943979e-181	PHACTR1	c17
2.05116663624776e-185	6.98226532219944	0.035	0	6.87920266464773e-181	AC026369.3	c17
2.78403825989508e-185	1.68361297688437	0.716	0.095	9.33710751603611e-181	SIL1	c17
3.34158255277226e-185	1.58028078903589	0.668	0.084	1.12069995654876e-180	C11orf24	c17
1.21084474164499e-182	1.28193215607098	0.515	0.053	4.06093109452897e-178	SCARB2	c17
2.66022037925074e-181	2.1223047656698	0.59	0.07	8.92184710793112e-177	RAB30	c17
3.97074914666853e-181	2.47510576510828	0.166	0.006	1.33170984880969e-176	ECHDC3	c17
5.03424617758583e-181	1.96913178472369	0.153	0.005	1.68838548303874e-176	EPHX1	c17
8.06608118926207e-181	5.82323721216043	0.039	0	2.70520230925471e-176	GPR176	c17
8.15256366136218e-181	5.79000701042709	0.039	0	2.73420680074765e-176	PEBP4	c17
1.75817323686398e-178	1.47125681159563	0.31	0.022	5.89656140179442e-174	SYNGR1	c17
2.48095222647854e-178	1.09950830506301	0.533	0.058	8.32061757716372e-174	CXXC5	c17
4.47871048760622e-178	6.09945255057964	0.026	0	1.50206992333337e-173	AC079174.2	c17
4.09529491559644e-177	2.11090357487856	0.904	0.161	1.37348000879273e-172	PLPP5	c17
4.17679714930685e-177	7.90354392323096	0.022	0	1.40081422793453e-172	LDLRAD2	c17
4.28228554739318e-177	7.1100517890797	0.022	0	1.43619292688472e-172	LINC02227	c17
4.42061945920484e-177	2.24471011509478	0.332	0.025	1.48258735422812e-172	PTCH2	c17
5.29006590468377e-176	2.96940057611843	0.061	0.001	1.77418230311284e-171	VPREB3	c17
1.03516087615647e-175	2.55636245363887	0.188	0.008	3.47172254645356e-171	PAQR6	c17
6.46049071723231e-173	1.50153045262091	0.581	0.07	2.16671937674537e-168	CLPTM1L	c17
3.04939077750072e-172	1.68336096391248	0.349	0.028	1.02270467895819e-167	ADAM28	c17
5.24592770367148e-172	12.5153797490029	0.07	0.001	1.75937923325734e-167	IGKV2D-28	c17
1.348501330456e-171	2.66646011211583	0.166	0.007	4.52260376208333e-167	EVI5	c17
7.10174289190257e-170	1.59391542680299	0.664	0.089	2.38178253108628e-165	TSPAN3	c17
1.2983040384858e-169	2.0799124294682	0.319	0.024	4.35425208427368e-165	QPCT	c17
1.93774616277878e-169	3.40605667072857	0.074	0.001	6.49881308072746e-165	C15orf65	c17
4.07185385665884e-169	3.81280282790603	0.105	0.003	1.36561834644624e-164	GPT2	c17
1.69979389691986e-167	4.40425768120892	0.057	0.001	5.70076877148982e-163	AC026202.3	c17
6.68654686931037e-166	1.60096008580488	0.834	0.134	2.24253408902931e-161	NANS	c17
9.64047198550867e-166	11.7241714841735	0.039	0	3.2332214944999e-161	IGKV1-33	c17
1.33950600643452e-165	4.4223178128572	0.039	0	4.49243524438011e-161	PLA2G2D	c17
5.78251535327572e-164	2.66346237667547	0.983	0.309	1.93933999918161e-159	UBE2J1	c17
3.45108567467794e-162	1.58814601036448	0.279	0.019	1.15742511357349e-157	AC008014.1	c17
7.62968134508226e-162	6.32318267465572	0.026	0	2.55884252951369e-157	AL031666.1	c17
2.54748749256948e-161	3.81041923781675	0.074	0.001	8.54376355257952e-157	UNC13B	c17
8.71275959983627e-161	4.24843602792329	0.057	0.001	2.92208531459309e-156	WNT5B	c17
1.77877506137982e-160	12.8610004677285	0.083	0.002	5.96565580085562e-156	IGKV1D-39	c17
5.92461237361786e-160	1.44998939105697	0.611	0.08	1.98699649786396e-155	WIPI1	c17
4.13115744806412e-159	13.3513401772139	0.017	0	1.38550758493175e-154	IGLV2-5	c17
4.21869430378457e-159	8.87412827767442	0.017	0	1.41486569560327e-154	MKX	c17
4.24828294964282e-159	8.2344711514899	0.017	0	1.42478913565121e-154	AC104248.1	c17
4.24828294964282e-159	8.01977167020355	0.017	0	1.42478913565121e-154	MESP2	c17
6.78883063903275e-159	5.11454406712728	0.039	0	2.2768380197188e-154	PPP1R9A	c17
6.89571169617808e-159	2.85999410682765	0.039	0	2.31268378866421e-154	CLDN3	c17
5.83091469747652e-158	0.729173499883791	0.646	0.088	1.95557217123968e-153	FCGRT	c17
2.41014071466527e-157	4.82713621151832	0.035	0	8.08312992884437e-153	BCL2L10	c17
1.45123055336386e-156	3.61494760653099	0.083	0.002	4.86713702987171e-152	LRRC24	c17
1.8849261682399e-156	2.29423326792848	0.218	0.013	6.32166538304297e-152	SLC22A17	c17
6.02297651336791e-155	7.68159844937992	0.022	0	2.01998586305333e-150	IGLV1-50	c17
6.05590502358287e-155	6.68036333029272	0.022	0	2.03102942680922e-150	TMEM184A	c17
6.12230233029445e-155	7.46177306077792	0.022	0	2.05329775553415e-150	FAM19A5	c17
6.44598009336498e-155	2.69666268355497	0.114	0.003	2.16185280371275e-150	RCN3	c17
1.31126625253783e-153	1.28249033069942	0.537	0.066	4.39772475776137e-149	FAM69A	c17
7.42988141352139e-153	13.3311321837161	0.044	0	2.4918336284668e-148	IGHV5-10-1	c17
7.81522093236917e-153	1.42402800714025	0.624	0.086	2.62106879629797e-148	MANEA	c17
9.37802008919235e-153	5.1255276933602	0.044	0	3.14520037751333e-148	MARC2	c17
9.50582309196859e-153	4.39375160010997	0.044	0	3.18806294858443e-148	LINC00877	c17
6.26684809763707e-152	2.90830056487219	0.148	0.006	2.10177551498552e-147	HIST1H2BG	c17
5.83685657120988e-151	5.25604436841801	0.031	0	1.95756495685237e-146	AL449106.1	c17
2.21905943260001e-150	1.33914662985529	0.603	0.082	7.4422815250539e-146	SLC1A4	c17
1.31624464188967e-149	12.3096996047226	0.013	0	4.41442127996959e-145	IGHV3-22	c17
1.31624464188967e-149	9.79856907947196	0.013	0	4.41442127996959e-145	IGKV2-40	c17
1.31624464188967e-149	9.71042879016868	0.013	0	4.41442127996959e-145	IGLV2-34	c17
1.31624464188967e-149	9.60226676866467	0.013	0	4.41442127996959e-145	DCC	c17
1.31624464188967e-149	9.59125712904584	0.013	0	4.41442127996959e-145	IGHV3-62	c17
1.31624464188967e-149	9.53161181865098	0.013	0	4.41442127996959e-145	GACAT2	c17
1.31624464188967e-149	9.50609245144561	0.013	0	4.41442127996959e-145	IGHV3OR16-13	c17
1.31624464188967e-149	9.35556998964601	0.013	0	4.41442127996959e-145	AC112196.1	c17
1.31624464188967e-149	9.08984609477512	0.013	0	4.41442127996959e-145	BASP1-AS1	c17
1.31624464188967e-149	8.94061490929439	0.013	0	4.41442127996959e-145	IGKV2-18	c17
1.31624464188967e-149	8.86898069676296	0.013	0	4.41442127996959e-145	SERTM2	c17
1.31624464188967e-149	8.84621073774809	0.013	0	4.41442127996959e-145	PAEP	c17
1.31624464188967e-149	8.82969719298271	0.013	0	4.41442127996959e-145	PITPNM2-AS1	c17
1.31624464188967e-149	8.61567039282583	0.013	0	4.41442127996959e-145	AC005225.2	c17
1.31624464188967e-149	8.60746893648312	0.013	0	4.41442127996959e-145	IGLC5	c17
3.05158227967194e-149	2.92923015027118	1	0.858	1.02343966495637e-144	SSR4	c17
4.76007562820901e-148	4.92424721129318	0.044	0	1.59643416418874e-143	MYH15	c17
1.73609041268473e-146	1.85338157737044	0.31	0.026	5.82250002606203e-142	STAP1	c17
6.45253982123604e-145	1.95189290591941	0.555	0.075	2.16405280524614e-140	ITGA6	c17
1.19722161103248e-144	2.68882367938424	0.978	0.415	4.01524183908072e-140	SEC11C	c17
3.67311155360963e-144	8.22991017246073	0.197	0.011	1.2318881528496e-139	IGHM	c17
5.03014877486382e-143	2.55048504867226	0.389	0.041	1.68701129611383e-138	PHGDH	c17
6.24114725792072e-143	1.05558643707213	0.603	0.084	2.09315596736145e-138	HYI	c17
6.70589297713275e-143	2.16662986347566	0.162	0.008	2.24902238667078e-138	USP6NL	c17
1.00156447645943e-142	3.76862018352682	0.07	0.001	3.35904694114963e-138	AL590666.2	c17
1.91016069973692e-142	3.86106146221792	0.074	0.002	6.40629695477767e-138	TBC1D12	c17
2.1734365594276e-142	12.7766874256175	0.083	0.002	7.2892715330083e-138	IGLV2-8	c17
5.50317935825646e-142	2.37631166276016	0.21	0.013	1.84565629317205e-137	KCNK12	c17
6.05165832794096e-142	2.60294459053487	0.127	0.005	2.02960517002484e-137	ADM2	c17
1.5255564972349e-141	1.58708940155786	0.288	0.023	5.1164113804264e-137	TCTN1	c17
1.66799441134596e-141	1.51014745022077	0.389	0.04	5.59411965677209e-137	C11orf80	c17
2.35700291340806e-141	3.20775523840597	0.214	0.013	7.90491637098794e-137	APOBEC3B	c17
3.51676754139154e-141	2.12105755442423	0.157	0.007	1.17945349803189e-136	CRYBG3	c17
8.17101759556163e-141	1.10418407649414	0.437	0.049	2.74039588119946e-136	MAGEF1	c17
9.93822375115098e-141	3.01236567128276	0.991	0.482	3.33308148166101e-136	HERPUD1	c17
1.92981646271705e-140	0.844400766566659	0.515	0.065	6.47221845266045e-136	IFNGR2	c17
3.52571590557818e-140	3.36477809098101	0.048	0.001	1.18245460041281e-135	CAV2	c17
2.46832392963385e-138	1.11261394057572	0.428	0.048	8.27826479520599e-134	PGM3	c17
3.16868753883229e-137	11.3782947249262	0.148	0.007	1.06271442677357e-132	IGKV3D-20	c17
8.21997454290624e-137	1.82412468087203	0.865	0.173	2.75681506219989e-132	TXNDC11	c17
9.51474433665288e-137	1.35896985955136	0.406	0.045	3.19105495562664e-132	PDLIM1	c17
4.53014375679065e-136	2.51261814493199	0.131	0.005	1.51931961315245e-131	TMC3-AS1	c17
3.19595469098971e-134	1.1559225880819	0.541	0.074	1.07185928426413e-129	SLC25A4	c17
8.31680105287085e-134	3.65817364699184	0.074	0.002	2.78928873711183e-129	UGDH-AS1	c17
9.20463825320384e-134	1.25696638000037	0.236	0.017	3.0870515773595e-129	LINC00891	c17
1.24550814102928e-132	10.618814335547	0.017	0	4.177185203384e-128	IGHV3-16	c17
1.26008942746494e-132	7.94144073572024	0.017	0	4.2260879218319e-128	CECR2	c17
1.26008942746494e-132	7.35469461224685	0.017	0	4.2260879218319e-128	DIRAS1	c17
1.70275369822781e-132	1.39354230701893	0.725	0.123	5.71069535311644e-128	SYVN1	c17
5.78507702974076e-132	2.4208411333669	0.135	0.006	1.94019913423446e-127	RAB13	c17
3.43127487765526e-131	2.04103789278313	0.179	0.01	1.15078096846802e-126	OAF	c17
4.20651977388929e-131	2.04342688990372	0.166	0.009	1.41078260176699e-126	ATAD3C	c17
2.94696602191119e-128	4.62888250273972	0.044	0.001	9.88353464428575e-124	TNNI2	c17
3.53653168382674e-128	2.10126885798732	0.131	0.006	1.18608199612181e-123	GATM	c17
5.83417992451341e-127	5.54151873218196	0.031	0	1.95666726308331e-122	AC018682.1	c17
1.29852141683306e-126	2.68767366933883	0.991	0.503	4.35498112777473e-122	XBP1	c17
2.41952542278835e-126	1.08166511399509	0.284	0.025	8.11460436294757e-122	IFNG-AS1	c17
1.25547981654305e-125	1.12160415369456	0.585	0.088	4.2106282087221e-121	SLC44A1	c17
4.5100095590989e-125	1.71553569104193	0.367	0.04	1.51256700593059e-120	Z93241.1	c17
6.30176220101311e-125	4.45773107085727	0.044	0.001	2.11348500697578e-120	IGHV5-78	c17
6.35037375967327e-125	2.79851165579764	0.271	0.024	2.12978835151922e-120	HIST1H2BJ	c17
6.48218438789157e-124	6.09681434292837	0.022	0	2.17399500001108e-119	RAMP2-AS1	c17
7.82303150395376e-124	1.418515785467	0.336	0.035	2.62368830579601e-119	FICD	c17
1.04699315519791e-123	5.05579461980642	0.039	0	3.51140564390276e-119	F2RL3	c17
1.56969285886034e-123	1.74362560729883	0.205	0.014	5.2644359100458e-119	PODXL2	c17
7.69826221018722e-122	13.2102070752322	0.087	0.003	2.58184318005259e-117	IGLV2-23	c17
1.02338740461814e-121	4.23772303695375	0.044	0.001	3.43223667760833e-117	CCDC151	c17
1.65832986539158e-121	3.52016102646281	0.057	0.001	5.56170670255027e-117	UGT8	c17
1.90548468896645e-121	2.84711201985606	0.096	0.003	6.39061454985567e-117	AP002852.1	c17
2.97786327683177e-121	1.23126107874536	0.581	0.09	9.9871578578384e-117	ERGIC1	c17
1.4335693784567e-120	5.3123142949591	0.031	0	4.80790498146808e-116	ZNF804A	c17
3.79232695986713e-120	1.08974666209808	0.729	0.13	1.27187061580024e-115	TMEM205	c17
5.7222110966314e-120	3.64508202931562	0.052	0.001	1.91911515758824e-115	LINC01023	c17
1.05791720852304e-118	1.49337997801927	0.201	0.014	3.54804273394458e-114	RNASE6	c17
1.64135328368646e-118	5.02062960670327	0.026	0	5.50477064282764e-114	AL662796.1	c17
2.50127896315665e-117	1.88472045824609	0.952	0.25	8.38878938663479e-113	CRELD2	c17
2.5778706917657e-117	4.10599187087974	0.048	0.001	8.64566272604381e-113	AC087280.2	c17
3.0630215019939e-117	1.14263008141679	0.638	0.108	1.02727615133872e-112	C12orf45	c17
7.23856651817963e-117	1.60355361099696	0.223	0.017	2.42767043886708e-112	STARD5	c17
8.34529604343261e-117	1.31607382002624	0.323	0.034	2.79884538704643e-112	AC245014.3	c17
1.70522960986732e-116	2.49874858528661	0.087	0.003	5.71899906557302e-112	DAPK1	c17
1.72590194469862e-116	4.27492854309115	0.096	0.003	5.78832994213025e-112	LINC00309	c17
2.64628370258221e-116	2.0979502103298	0.127	0.006	8.87510628172021e-112	AL354707.1	c17
1.4344212354965e-115	1.24909019113703	0.362	0.042	4.81076193960818e-111	LARP1B	c17
1.00263705252187e-113	8.1318990411562	0.017	0	3.36264414674785e-109	AL133346.1	c17
1.02282700493552e-113	6.83657407754402	0.017	0	3.43035720915275e-109	CBS	c17
1.02282700493552e-113	2.11613405854644	0.017	0	3.43035720915275e-109	IGHV3-64D	c17
1.03307363601666e-113	6.93924880965958	0.017	0	3.46472236047267e-109	EXOC3L4	c17
1.03307363601666e-113	6.60519563437398	0.017	0	3.46472236047267e-109	AC025031.1	c17
1.03307363601666e-113	6.28702226717184	0.017	0	3.46472236047267e-109	COLCA1	c17
1.64904616540147e-113	1.19815991493404	0.795	0.156	5.53057102952346e-109	ZBP1	c17
3.39968896882057e-113	2.88207751024316	0.079	0.002	1.14018768636304e-108	TMEM51	c17
5.8933837177335e-113	4.38342921620203	0.039	0.001	1.97652303125346e-108	COL19A1	c17
1.24844349728645e-112	4.42995899643334	0.022	0	4.1870298011993e-108	AP001056.1	c17
2.21673837838086e-112	12.4417485435365	0.013	0	7.43449717341374e-108	IGLV4-3	c17
2.21673837838086e-112	8.88108120166391	0.013	0	7.43449717341374e-108	LINC02541	c17
2.245985300253e-112	6.4894139091588	0.013	0	7.5325854999885e-108	TMPRSS11E	c17
2.35901267911296e-111	2.79638079850183	0.087	0.003	7.91165672320905e-107	NUP62CL	c17
1.0510972962955e-110	3.09410309305585	0.087	0.003	3.52517011231586e-106	OR2A1-AS1	c17
2.46875944807629e-110	0.944020801767028	0.498	0.074	8.27972543695825e-106	RCN1	c17
5.95738147697031e-110	0.64938416293124	0.624	0.106	1.9979865997463e-105	CD79B	c17
1.68708175330673e-109	1.28019913354767	0.31	0.033	5.6581347842401e-105	ALG14	c17
5.55042012910057e-109	1.26860823240686	0.694	0.131	1.86149990289775e-104	GMPPB	c17
2.34894863836297e-108	1.42111399274802	0.856	0.187	7.87790394334174e-104	SEL1L3	c17
5.13014726432103e-108	1.02541474649797	0.507	0.078	1.72054878950799e-103	PLCG2	c17
8.14856136549995e-107	1.97514363020564	0.974	0.432	2.73286451076137e-102	FKBP2	c17
5.61940109388828e-106	2.29759466388786	0.14	0.008	1.88463473886825e-101	PCAT6	c17
7.08880773911906e-106	0.848564200818662	0.533	0.085	2.37744433954575e-101	MCEE	c17
4.98330034658408e-105	2.29008859244248	0.996	0.688	1.67129927023737e-100	HSP90B1	c17
9.521388914731e-105	14.7541953904915	0.048	0.001	3.19328341422248e-100	IGLV7-43	c17
1.22010133359391e-104	1.56204607878105	0.223	0.019	4.09197585260727e-100	LILRB1	c17
1.65384291565907e-104	1.76324610949325	0.14	0.008	5.54665837053737e-100	ANG	c17
1.72253480877152e-104	5.13392205935028	0.026	0	5.77703724165792e-100	PRKCG	c17
3.5170759462359e-104	1.2595010250967	0.817	0.176	1.1795569308486e-99	ARSA	c17
5.88868611140169e-104	3.49441825955355	0.061	0.001	1.9749475480419e-99	AC012447.1	c17
6.98298060822047e-104	4.71686836840459	0.039	0.001	2.34195203638498e-99	AC004540.1	c17
2.05234876774651e-102	3.50618604332297	0.074	0.002	6.88316729726825e-98	RHBDL1	c17
2.88394796018187e-102	13.6277460371417	0.07	0.002	9.67218466885795e-98	IGHV1-18	c17
5.13536317838254e-102	1.32267944895126	0.314	0.036	1.72229810276594e-97	CLCC1	c17
2.11603074573076e-101	2.3143633061511	0.118	0.006	7.09674391503183e-97	AL360012.1	c17
1.87516125388718e-100	0.88450129416453	0.694	0.134	6.28891581328681e-96	HSD17B8	c17
4.85934947343669e-100	3.23826580436054	0.074	0.002	1.6297286264012e-95	AC022167.3	c17
8.50501051801176e-100	1.63497349078384	0.21	0.018	2.85241042753079e-95	ACSS2	c17
1.57577270898589e-99	6.60370044437079	0.017	0	5.28482651139687e-95	ATP10B	c17
1.59650699234542e-99	5.52000309425382	0.017	0	5.35436515092807e-95	LRRC14B	c17
1.59650699234542e-99	4.79197077351377	0.017	0	5.35436515092807e-95	ARHGEF38	c17
1.43710477680877e-98	2.60348009326839	0.039	0.001	4.81976200046124e-94	TMEM54	c17
5.83528062143762e-98	0.786922692196034	0.266	0.028	1.95703641481775e-93	HDAC9	c17
8.15528417469488e-98	12.8369316890719	0.035	0	2.73511920650917e-93	IGLV3-10	c17
8.87791533966194e-98	2.07236478930943	0.127	0.007	2.97747524661582e-93	RRAGD	c17
3.33255906186689e-96	1.95559402548596	0.978	0.485	1.11767365816892e-91	FKBP11	c17
1.35224043720579e-94	3.06217954209524	0.087	0.003	4.53514397830077e-90	TCEAL9	c17
3.37544991498536e-94	2.19489026682203	0.105	0.005	1.13205839248779e-89	DEPTOR	c17
4.81123093119285e-94	2.46791238171742	0.109	0.005	1.61359062970346e-89	SLC41A2	c17
5.10681980715029e-94	2.14615245542807	0.131	0.008	1.71272522692206e-89	FGD4	c17
2.01460431785543e-93	5.31803412532641	0.026	0	6.75657996122354e-89	LRRN1	c17
2.02566783925035e-93	4.47814889365959	0.026	0	6.79368479927781e-89	RSPO3	c17
4.45920509976232e-93	4.06454625799501	0.044	0.001	1.49552820635829e-88	PNMA6A	c17
7.71279888845685e-93	1.03441049499276	0.725	0.153	2.58671849121066e-88	BSCL2	c17
2.36615962386713e-92	1.69705341609762	0.266	0.029	7.93562614652557e-88	CADM1	c17
1.28688054160232e-91	5.08052484721784	0.039	0.001	4.31593996042586e-87	TRPM4	c17
1.3067279260981e-91	0.832189951991344	0.541	0.097	4.38250411854781e-87	FUCA2	c17
1.32597632354893e-91	3.09770676753458	0.057	0.001	4.4470593939184e-87	ANKRD53	c17
1.48722381430897e-91	0.87505419853968	0.585	0.109	4.98785122842942e-87	AARS	c17
2.78628043827006e-91	1.93692992181654	0.943	0.338	9.34462733387011e-87	PDIA4	c17
2.92557267369007e-91	0.628908440214208	0.45	0.072	9.81178563302176e-87	CTSZ	c17
6.85315548728264e-91	1.79388070376461	0.961	0.463	2.29841128732485e-86	SSR3	c17
7.35052629739516e-91	0.91742955402332	0.651	0.13	2.46521950962039e-86	HSPA13	c17
2.3146085781782e-90	3.94330130888707	0.061	0.002	7.76273424949404e-86	EML6	c17
4.97578279851196e-90	8.21501081290785	0.013	0	1.66877803496494e-85	IGHV1-14	c17
5.02818117486948e-90	6.49727934286092	0.013	0	1.68635140242773e-85	TNN	c17
1.15301571470472e-89	1.23886643860429	0.17	0.013	3.8669841039767e-85	SMIM1	c17
2.95088594985982e-89	3.9692719145991	0.035	0.001	9.89668129863985e-85	LARGE1	c17
4.92067986393532e-89	5.48983540229186	0.031	0	1.65029761276663e-84	MYL4	c17
7.32422356627805e-89	1.18115542855014	0.319	0.041	2.45639809965833e-84	CSNK1E	c17
1.01400199472339e-88	0.741695405129052	0.629	0.124	3.40075988990329e-84	CREB3L2	c17
1.09580353360462e-88	0.926570960896623	0.694	0.146	3.67510589100319e-84	ST6GALNAC4	c17
1.71229359716394e-88	10.13394289277	0.017	0	5.74269026616842e-84	IGLV4-60	c17
6.77339270696722e-88	0.940216307756821	0.45	0.074	2.27166044606267e-83	SCPEP1	c17
9.26241236908955e-88	2.32911209618101	0.087	0.004	3.10642786034526e-83	DST	c17
1.16781434406434e-87	1.52175250145373	0.31	0.04	3.91661574712298e-83	GGH	c17
1.23022253575204e-87	1.38485804081321	0.821	0.2	4.12592034040518e-83	SEL1L	c17
5.51910164688864e-87	2.75570425787371	0.096	0.004	1.85099631033351e-82	C1orf53	c17
8.64171869851576e-87	0.778480521078751	0.454	0.075	2.89825961710822e-82	AIG1	c17
1.95843020403015e-86	2.10539793304509	0.109	0.006	6.56818321827632e-82	CDKN1C	c17
2.35175398884729e-86	1.04071862227645	0.869	0.213	7.88731252779603e-82	SLAMF7	c17
8.50667394397068e-86	4.60891694934332	0.031	0	2.85296830732889e-81	CPAMD8	c17
8.50667394397068e-86	4.4428650818751	0.031	0	2.85296830732889e-81	RASSF8-AS1	c17
8.63628991169712e-86	4.25896426094297	0.031	0	2.89643891058498e-81	DM1-AS	c17
8.65496658633626e-86	4.29281380011741	0.031	0	2.90270269372545e-81	AC034243.1	c17
1.13648368521578e-85	11.9015981199906	0.197	0.018	3.81153898347669e-81	IGLV2-14	c17
1.25390124494439e-85	12.516950491175	0.048	0.001	4.20533399529451e-81	IGLV7-46	c17
2.65167223301694e-85	0.670352422054683	0.659	0.138	8.89317833509221e-81	GRN	c17
3.03381150649997e-85	0.692671511430011	0.489	0.086	1.01747970304996e-80	B4GALT7	c17
1.82660698044935e-84	5.53014766294589	0.026	0	6.12607449103103e-80	PTPRG	c17
2.26753971510197e-84	0.874714212979804	0.31	0.041	7.60487469650897e-80	SPATC1L	c17
2.50153942064995e-84	1.15488466107532	0.249	0.028	8.38966290897581e-80	FBP1	c17
5.27595689625002e-84	1.06392797010454	0.498	0.091	1.76945042386433e-79	SLC38A5	c17
2.13948922594191e-83	0.672101673043989	0.415	0.067	7.17541896596396e-79	TMEM19	c17
8.87495512372638e-83	0.770709094728062	0.703	0.153	2.97648244939535e-78	FNDC3A	c17
1.58510490385245e-82	4.51428188942601	0.022	0	5.31612482654034e-78	SFTA2	c17
1.72461381488889e-82	0.603367703653026	0.511	0.094	5.78400981237435e-78	CCDC50	c17
3.60706771554591e-82	1.04234675121687	0.821	0.199	1.20973837043979e-77	SRPRB	c17
4.42427283571133e-82	1.49146886937809	0.035	0.001	1.48381262364086e-77	CTGF	c17
4.47812419674802e-82	0.554641868361043	0.472	0.083	1.50187329310535e-77	UNC93B1	c17
6.33941231577121e-82	3.61582257407871	0.057	0.002	2.12611210246335e-77	VEGFA	c17
2.65478048192215e-81	1.02662371463947	0.24	0.027	8.90360278027052e-77	B4GAT1	c17
1.26061958280509e-80	1.10287819200375	0.288	0.037	4.22786595681171e-76	CASP10	c17
2.18674379137261e-80	0.947173550218218	0.415	0.069	7.33390132750546e-76	EIF2AK3	c17
2.9986436075161e-80	1.16433456024078	0.873	0.227	1.00568509308875e-75	TPD52	c17
6.34161298348072e-80	1.58569588200961	0.943	0.306	2.12685016239976e-75	MANF	c17
1.17296251564578e-79	6.38742480226566	0.017	0	3.93388168497282e-75	P2RY2	c17
1.18527314239936e-79	5.81571117336643	0.017	0	3.97516906497897e-75	KLHL14	c17
2.265647162933e-79	2.1726157061342	0.066	0.002	7.59852745504471e-75	LILRB4	c17
5.22323160656543e-79	2.8373387778321	0.092	0.004	1.75176741620991e-74	FRMD6	c17
9.34138460781777e-79	1.18739492090994	0.14	0.01	3.13291356976992e-74	P3H3	c17
6.21105763126067e-78	12.4503755458408	0.061	0.002	2.0830645083722e-73	IGLV2-11	c17
6.45380794227959e-78	1.00076003102384	0.769	0.187	2.16447810768173e-73	ALG5	c17
9.3001488509191e-78	1.33055332943091	0.179	0.016	3.11908392162125e-73	NAGLU	c17
1.59280945952892e-77	1.56204352745308	0.397	0.068	5.34196436536809e-73	PSAT1	c17
2.51636772426283e-77	1.58142037124152	0.917	0.291	8.43939407363269e-73	PABPC4	c17
6.30356032585144e-77	4.82688854891333	0.039	0.001	2.11408806208406e-72	AC126696.3	c17
1.61023406696714e-76	1.97143558669989	0.122	0.008	5.4004030137944e-72	PPFIBP2	c17
1.70578943194881e-76	1.67723539014491	0.948	0.367	5.72087659686993e-72	SDF2L1	c17
1.9725827346444e-76	0.94122409384031	0.738	0.177	6.61564797545039e-72	HSH2D	c17
2.23877179766619e-76	1.15008022652422	0.834	0.218	7.50839285501288e-72	CCPG1	c17
4.61670158828887e-76	0.54552650390292	0.672	0.148	1.54834937868032e-71	SPINT2	c17
5.78517295312334e-76	4.09802698055762	0.035	0.001	1.94023130501851e-71	DEGS2	c17
7.03360437723516e-76	1.18923526684757	0.275	0.036	2.35893023603713e-71	BIK	c17
2.73819634632524e-75	0.473055636909914	0.493	0.094	9.1833629063056e-71	FAM174A	c17
3.07468765199301e-75	0.869999789913537	0.808	0.202	1.03118874472542e-70	MEI1	c17
4.05998729599612e-75	6.42074571695661	0.013	0	1.36163853933118e-70	SHROOM3	c17
4.05998729599612e-75	5.80670161459019	0.013	0	1.36163853933118e-70	LOXL4	c17
5.06772239103082e-75	13.5901641361447	0.031	0	1.69961273550392e-70	IGHV2-5	c17
7.04363900995488e-75	1.74891287576528	0.127	0.009	2.36229565115867e-70	PFN2	c17
2.12369297952671e-74	13.7201956325815	0.057	0.002	7.12244151473668e-70	IGHV5-51	c17
3.00106602748329e-74	0.860354849805823	0.389	0.066	1.00649752429734e-69	GCSH	c17
3.42296269049598e-74	3.96151983319483	0.048	0.001	1.14799322713854e-69	C9orf116	c17
4.13031220364577e-74	1.1033821454799	0.659	0.157	1.38522410685872e-69	IRF4	c17
4.32217559741372e-74	1.10278360203651	0.249	0.031	1.44957125186061e-69	CCDC88A	c17
7.37896692112721e-74	1.8967206524059	0.087	0.004	2.47475792600765e-69	SGCE	c17
1.0754589356307e-73	0.601046462995822	0.755	0.182	3.60687417831824e-69	CD59	c17
2.60550635920355e-73	0.840826653085294	0.699	0.165	8.73834722749686e-69	CHID1	c17
4.72452494909956e-73	0.588245960140847	0.362	0.059	1.58451117742901e-68	IDUA	c17
6.38993491140364e-73	1.00508548518818	0.271	0.036	2.14305637058655e-68	AP001816.1	c17
7.29364494826461e-73	13.7040692484661	0.057	0.002	2.44614264274899e-68	IGLV1-51	c17
9.13339726467025e-73	0.841845665682595	0.703	0.168	3.06315877462511e-68	PDXK	c17
1.95941929224822e-72	14.8706966180141	0.017	0	6.57150042234208e-68	IGLV10-54	c17
1.97809095021179e-72	5.75754714393245	0.017	0	6.6341214288203e-68	FRK	c17
1.99693998439249e-72	5.29524880091182	0.017	0	6.69733731965554e-68	AC079089.1	c17
2.00960537839292e-72	5.55150232557366	0.017	0	6.73981451805419e-68	AC015712.2	c17
2.10861935592667e-72	1.90096621089898	0.118	0.008	7.07188759590685e-68	DPCD	c17
3.97110709655402e-72	1.53655584732902	0.096	0.005	1.33182989804229e-67	S100A13	c17
4.7677243536179e-72	1.07381863017804	0.249	0.031	1.59899939371637e-67	CRACR2B	c17
1.98040668709027e-71	1.15003989443417	0.231	0.028	6.64188794716335e-67	GLIDR	c17
3.90619303535493e-71	1.0553838774401	0.865	0.24	1.31005902019734e-66	DNAJB11	c17
7.34309129557376e-71	5.87551786985732	0.026	0	2.46272595870953e-66	IGHV3-35	c17
1.00174512062967e-70	11.9827235612799	0.035	0.001	3.35965278556778e-66	IGLV2-33	c17
1.12271926177355e-70	4.30539271202744	0.035	0.001	3.76537586013614e-66	AL355076.2	c17
1.57799342595221e-70	2.99515567929523	0.057	0.002	5.29227435195853e-66	RTKN	c17
1.73388863156334e-70	5.4162469973305	0.031	0.001	5.81511569253712e-66	DNAJC5B	c17
1.84851456809757e-70	1.97554327897349	0.148	0.013	6.19954815848562e-66	C1R	c17
2.08677975603823e-70	0.264511969106557	0.62	0.136	6.99864194580101e-66	LSR	c17
5.80213820290719e-70	0.493973793542532	0.55	0.116	1.94592111049101e-65	BCKDK	c17
5.98185567100959e-70	0.98401364026522	0.245	0.031	2.0061947549432e-65	TST	c17
6.44972675790503e-70	0.44852886598991	0.555	0.118	2.16310936006619e-65	IFNAR2	c17
7.40337138500418e-70	2.5278229902029	0.066	0.003	2.4829426951027e-65	KLHDC9	c17
7.91233929574084e-70	0.705323889452455	0.694	0.167	2.65364035300556e-65	EDEM2	c17
1.84421954781862e-69	2.13696521193563	0.114	0.008	6.18514351947409e-65	CD86	c17
2.17358864839208e-69	1.11705405469372	0.362	0.062	7.28978160897736e-65	HIST2H2AA4	c17
2.24129235020684e-69	1.2366279365018	0.904	0.276	7.5168462841237e-65	SELENOM	c17
4.61458044573943e-69	2.95469162477978	0.035	0.001	1.54763798989209e-64	SYNPO	c17
4.88661103782452e-69	1.27534727777603	0.166	0.016	1.63887160986559e-64	CBWD3	c17
6.42680075177613e-69	3.07134034285799	0.052	0.002	2.15542043613068e-64	LDHD	c17
8.25116329614409e-69	0.965518261874124	0.205	0.023	2.76727514626081e-64	FKBP14	c17
8.60535970482199e-69	12.0231730752277	0.079	0.004	2.8860655378032e-64	IGHV3-21	c17
1.51920502529482e-68	2.33788501343992	0.079	0.004	5.09510981383376e-64	SLC16A14	c17
1.6210956060723e-68	1.32431410781655	0.127	0.01	5.4368304436453e-64	COL9A2	c17
2.04070353561866e-68	2.22652768926851	0.087	0.005	6.84411151775787e-64	FOXN3-AS1	c17
3.15717864875549e-68	1.16331175832699	0.991	0.62	1.05885457521962e-63	SPCS2	c17
5.54542146286099e-68	1.37682615961439	0.926	0.342	1.85982345021432e-63	SELENOS	c17
1.10390395624506e-67	0.58284465691511	0.537	0.115	3.70227308845468e-63	MAGED1	c17
1.56183342002882e-67	3.99532224918651	0.035	0.001	5.23807692409267e-63	NDST1	c17
1.62056937418408e-67	3.2473060479559	0.044	0.001	5.43506556713857e-63	MAFG-DT	c17
2.7309652537395e-67	0.730250917815277	0.297	0.045	9.15911126799155e-63	NAPA-AS1	c17
3.03181741047172e-67	1.4338371188314	0.144	0.012	1.01681092312401e-62	CARMIL1	c17
3.08330019670621e-67	0.724615012097527	0.31	0.048	1.03407721997133e-62	CTSF	c17
3.19312983903089e-67	1.70102107945361	0.127	0.01	1.07091188541418e-62	AC010226.1	c17
1.08928172387716e-66	0.419454115394211	0.533	0.114	3.6532330455392e-62	SPTSSA	c17
1.09170662927386e-66	1.56777317925681	0.965	0.43	3.66136569325868e-62	MYDGF	c17
1.19661036106968e-66	0.857763103668783	0.223	0.028	4.01319182895549e-62	MPZL1	c17
1.7942002757848e-66	4.30555680904521	0.031	0.001	6.01738888492705e-62	SERPINF2	c17
2.13957120510698e-66	4.94261163545189	0.017	0	7.17569390768778e-62	GRIN2D	c17
1.49418776211216e-65	0.607601361707154	0.258	0.036	5.01120691657176e-61	ZNF275	c17
2.14359568862649e-65	2.42810812319997	0.048	0.001	7.18919122051552e-61	CADM4	c17
4.3429114529642e-65	4.61551789636361	0.022	0	1.45652564309513e-60	C4B	c17
4.35176992149243e-65	1.35675543705822	0.14	0.012	1.45949659627013e-60	C6orf99	c17
4.36274127979926e-65	4.32183864458677	0.022	0	1.46317617041907e-60	GLIS1	c17
5.31823606236335e-65	1.63434364546596	0.93	0.431	1.78363001059542e-60	ITM2C	c17
8.87457776022009e-65	0.481567831213881	0.541	0.119	2.97635588922261e-60	YIPF2	c17
1.67689652886401e-64	0.829069681189804	0.271	0.04	5.6239755785041e-60	ADGRG5	c17
1.77228253444128e-64	16.2424423547317	0.013	0	5.94388116400917e-60	IGHV2-70D	c17
1.82602408708813e-64	5.53745741018672	0.013	0	6.12411958327617e-60	RAPGEF4	c17
3.28850340559535e-64	1.24178082853568	0.847	0.26	1.10289827216857e-59	TXNDC15	c17
5.11986499590647e-64	1.3664230885545	0.14	0.012	1.71710032232711e-59	SAMD12	c17
5.32314208369442e-64	4.00177406342813	0.039	0.001	1.78527539202943e-59	DGAT2	c17
8.81808459294448e-64	0.387639360473815	0.511	0.11	2.95740921078172e-59	CNPY2	c17
1.31763843815052e-63	1.49614676809168	0.166	0.017	4.41909579386923e-59	SLC43A2	c17
2.46756682825479e-63	0.501262308359603	0.515	0.112	8.2757256286009e-59	SEC24D	c17
2.72097856768776e-63	3.26032870220503	0.035	0.001	9.12561792031122e-59	RSPH1	c17
3.49711582198445e-63	1.89991825278805	0.109	0.008	1.17286270437714e-58	HOMER2	c17
3.49794872964793e-63	4.66436914743771	0.026	0	1.17314204494932e-58	LAMP5	c17
2.44236420516466e-62	1.4105471697551	0.114	0.009	8.19120107128123e-58	DMKN	c17
3.30929885917309e-62	0.583882605401044	0.227	0.03	1.10987265138947e-57	AC007388.1	c17
3.50655098753551e-62	0.618115775401643	0.703	0.18	1.17602707019966e-57	SEC14L1	c17
5.31460306274397e-62	13.669852098714	0.039	0.001	1.78241157518307e-57	IGLV3-21	c17
8.00833809037559e-62	4.66088402438295	0.022	0	2.68583642875016e-57	CST6	c17
8.14808344462702e-62	3.94937255086887	0.022	0	2.73270422565901e-57	AOC1	c17
8.87259559824794e-62	1.20295406703673	0.891	0.288	2.97569111174039e-57	NPC2	c17
1.03973289689056e-61	0.49679279480725	0.555	0.127	3.48705618959156e-57	COMMD3	c17
1.10208173726834e-61	0.392711204128454	0.537	0.121	3.69616173045057e-57	TMEM214	c17
1.36073050045939e-61	1.01058638828134	0.214	0.027	4.56361795244069e-57	AL627171.1	c17
1.9156309156923e-61	0.584819130329124	0.642	0.158	6.42464296504883e-57	SLC35B1	c17
3.54161868277545e-61	0.493514781287957	0.485	0.105	1.18778807382923e-56	GSTM2	c17
3.59708319624788e-61	2.98246767187557	0.061	0.003	1.20638976235761e-56	TPST1	c17
1.79419040775811e-60	0.490744685548861	0.672	0.169	6.01735578953914e-56	LAMP2	c17
2.22650367777712e-60	2.72002930606285	0.066	0.003	7.46724803452891e-56	LGALSL	c17
3.65240383161086e-60	0.708604770939899	0.266	0.041	1.22494319704565e-55	PLOD1	c17
4.41515051651606e-60	2.36096601477406	0.083	0.005	1.48075318022916e-55	IL12A	c17
5.68619642078675e-60	2.96848877852812	0.052	0.002	1.90703655560346e-55	CD276	c17
6.27788169280319e-60	0.545946522768149	0.472	0.102	2.10547596213233e-55	EIF2AK4	c17
1.63034706060681e-59	1.05278183747796	0.284	0.046	5.46785797186313e-55	ZNF296	c17
6.17265363380799e-59	2.77127803675753	0.039	0.001	2.07018457570652e-54	CCSER1	c17
1.7647272302776e-58	0.316646368122364	0.703	0.183	5.91854218490501e-54	FAM3C	c17
4.11417845739627e-58	0.482075507377304	0.611	0.151	1.37981317104156e-53	TM9SF1	c17
5.7261773960925e-58	0.470686532857017	0.319	0.056	1.9204453751015e-53	BTN2A2	c17
3.27520043442371e-57	2.87434735873829	0.048	0.002	1.09843672169702e-52	TTC28	c17
4.63455146280514e-57	0.596026500590936	0.205	0.027	1.55433586959559e-52	MACROD1	c17
6.0316825520585e-57	13.8091826459264	0.017	0	2.02290569430938e-52	IGKV2-24	c17
6.3538434747637e-57	4.8808923397473	0.017	0	2.13095202456625e-52	PLPP7	c17
6.3538434747637e-57	4.64810202777729	0.017	0	2.13095202456625e-52	COL13A1	c17
6.3538434747637e-57	4.58440492845691	0.017	0	2.13095202456625e-52	CNR1	c17
8.77417188429235e-57	2.79173083537948	0.052	0.002	2.94268176655397e-52	SHROOM1	c17
1.7988783294205e-56	5.12724329164718	0.013	0	6.03307814121047e-52	PLEKHG7	c17
2.3973248738129e-56	0.524150832985906	0.236	0.034	8.04014816179369e-52	RAB40B	c17
3.61426238199594e-56	0.583088694184338	0.533	0.127	1.2121513176738e-51	ISOC2	c17
3.63958810976209e-56	4.23973095367126	0.022	0	1.22064506025201e-51	TEX14	c17
6.27301888952887e-56	1.60794254948263	0.14	0.014	2.10384507517019e-51	HIST2H2AA3	c17
7.12933800838204e-56	1.85165232006791	0.092	0.006	2.39103738125117e-51	PAWR	c17
9.93285488967689e-56	0.540337247652139	0.581	0.145	3.33128087289983e-51	CALU	c17
1.87588911863969e-55	3.81795490761675	0.031	0.001	6.29135692609378e-51	SCIN	c17
1.89959287180893e-55	3.43480943545009	0.031	0.001	6.37085457347278e-51	GSTT2B	c17
2.04704285118461e-55	1.34214651825923	0.148	0.016	6.86537231430296e-51	QPCTL	c17
2.74531424134676e-55	1.111293728356	0.886	0.303	9.20723490262877e-51	HDLBP	c17
3.10166206728323e-55	1.24132631525937	0.153	0.016	1.04023542412545e-50	RWDD2A	c17
3.48808822634243e-55	3.54448257050109	0.035	0.001	1.16983502935072e-50	NBEA	c17
3.64291038083434e-55	4.2207098087708	0.026	0.001	1.22175928352422e-50	GAS2	c17
5.40732523575351e-55	1.42182172778907	0.083	0.005	1.81350873756701e-50	AEBP1	c17
5.91942330629901e-55	0.653202561188195	0.262	0.042	1.98525618846656e-50	SLC35F2	c17
7.41110708968805e-55	0.859639167904078	0.555	0.143	2.48553709573958e-50	RHOB	c17
7.51604264652314e-55	0.645477416031432	0.332	0.062	2.52073038279093e-50	PPCDC	c17
7.80440190449957e-55	0.371062528808282	0.345	0.066	2.61744031073107e-50	PINK1	c17
1.12920227566815e-54	3.68545029900543	0.044	0.001	3.78711859213584e-50	RRAD	c17
1.55446242255116e-54	0.378897588657967	0.332	0.062	5.21335607275208e-50	TCEAL3	c17
1.72272989634517e-54	0.334764663022716	0.515	0.122	5.77769152636243e-50	TMEM39A	c17
2.20080766984473e-54	3.41537086939973	0.048	0.002	7.38106876312525e-50	ISL2	c17
2.36215942316093e-54	2.72921293863899	0.048	0.002	7.92221027339712e-50	EPB41L4A	c17
2.98716252121047e-54	0.459757003096044	0.493	0.116	1.00183456636357e-49	FBXW7	c17
5.05873365524328e-54	0.288241838916985	0.524	0.125	1.69659809329549e-49	GMPPA	c17
6.68098052601264e-54	2.46616055895514	0.066	0.003	2.24066724881412e-49	ESR1	c17
9.56428808835971e-54	8.21179130552465	0.022	0	3.20767093907408e-49	IGLV2-18	c17
1.31595090548503e-53	0.490780577937269	0.319	0.059	4.4134361468157e-49	CFL2	c17
3.78040171699724e-53	5.55058752087535	0.017	0	1.26787112784653e-48	NPTX2	c17
3.92277959000888e-53	4.70053191972962	0.017	0	1.31562181889718e-48	CHIT1	c17
3.92277959000888e-53	4.41964055621748	0.017	0	1.31562181889718e-48	FA2H	c17
4.89152998718275e-53	0.995590015544729	0.144	0.015	1.64052132710135e-48	AC012368.1	c17
7.08816065907464e-53	13.5753069066795	0.044	0.002	2.37722732184045e-48	IGHV1-46	c17
1.03308605373531e-52	0.572701734405758	0.183	0.024	3.46476400701747e-48	CCDC112	c17
1.52718058275401e-52	0.992666315927548	0.21	0.03	5.12185823844039e-48	ARID3A	c17
3.62221918667666e-52	1.09150815466382	0.878	0.308	1.21481987082762e-47	ERLEC1	c17
5.85980666143958e-52	0.824276211964843	0.223	0.033	1.96526195811361e-47	MIR29B2CHG	c17
7.90365800044396e-52	0.249825451261172	0.406	0.088	2.6507288201889e-47	STRBP	c17
9.45229056875354e-52	1.97908698931247	0.031	0.001	3.17010921094856e-47	FRZB	c17
9.60078446409498e-52	0.424202481847996	0.275	0.048	3.21991109356817e-47	NUGGC	c17
1.28839777887379e-51	1.10832330102686	0.17	0.021	4.32102847078692e-47	BLK	c17
2.10973638060499e-51	0.232942898383772	0.476	0.111	7.07563387327301e-47	NME4	c17
2.39754017970808e-51	0.87815892251004	0.188	0.025	8.04087025470496e-47	LINC00467	c17
8.3094327309087e-51	0.815531791770681	0.803	0.248	2.78681754929216e-46	TMEM208	c17
1.54580692387381e-50	3.68396632181967	0.035	0.001	5.18432726128798e-46	AL359541.1	c17
2.51472480305281e-50	1.22362301595295	0.083	0.006	8.43388404447851e-46	CR2	c17
2.8505517647244e-50	14.6589197465633	0.013	0	9.5601805085327e-46	IGHV2-70	c17
2.88379859043912e-50	12.9853506246663	0.013	0	9.67168371261472e-46	IGHV2-26	c17
2.90056648540846e-50	8.35029731907166	0.013	0	9.7279198787629e-46	IGKV5-2	c17
2.92590049346592e-50	7.71700946201587	0.013	0	9.81288507498599e-46	IGHV7-4-1	c17
2.9772312569764e-50	5.71677088926025	0.013	0	9.98503818964745e-46	AP001056.2	c17
2.98587312215337e-50	5.5261628003988	0.013	0	1.0014021277078e-45	MYRIP	c17
2.98587312215337e-50	4.9548563795417	0.013	0	1.0014021277078e-45	PCDHGB7	c17
3.17347017751632e-50	1.26941518013908	0.118	0.011	1.06431842813542e-45	FKBP7	c17
7.86769820289638e-50	0.228242261939756	0.266	0.046	2.63866862328739e-45	ALG9	c17
8.13247916779753e-50	4.78284516955322	0.017	0	2.72747086329594e-45	AC107884.1	c17
1.01058735645278e-49	1.01915357801041	0.983	0.74	3.38930787607133e-45	SPCS1	c17
1.33161587328664e-49	0.573983311108601	0.214	0.032	4.46597331582875e-45	FAM27C	c17
1.4794072764652e-49	2.80460139415498	0.039	0.001	4.96163612380898e-45	HEY1	c17
2.08752869428311e-49	5.81010150249853	0.022	0	7.0011537348867e-45	AL360181.3	c17
2.3129898378324e-49	0.798591509343026	0.24	0.039	7.75730531812231e-45	Z93930.2	c17
3.2278005579316e-49	0.505543424623305	0.437	0.102	1.0825397511191e-44	HIST1H2BK	c17
4.092775978718e-49	0.656293959022897	0.55	0.146	1.37263520774244e-44	TMEM107	c17
6.75645642431466e-49	0.611767131765756	0.677	0.196	2.26598035558665e-44	SLC1A5	c17
6.99577215844259e-49	2.76625968859061	0.052	0.002	2.34624206649848e-44	IGLV3-9	c17
7.52006817925151e-49	0.544933461817361	0.197	0.028	2.52208046595737e-44	RILP	c17
8.92871056418274e-49	0.770517964071972	0.153	0.018	2.99451094901561e-44	ATP6V0A1	c17
1.20918066464903e-48	1.31596860325697	0.114	0.011	4.05535011309993e-44	SCRN1	c17
1.32904759753973e-48	1.17999574843629	0.127	0.013	4.45735983262874e-44	STBD1	c17
1.74951242408332e-48	1.30199819988094	0.179	0.024	5.86751476789065e-44	RHOQ	c17
2.53157265267573e-48	0.209240456006844	0.454	0.108	8.49038836254387e-44	KLHL6	c17
4.79129698586527e-48	1.50937972989294	0.048	0.002	1.60690518311949e-43	PAPSS2	c17
6.51552126896302e-48	0.429006925930292	0.769	0.23	2.18517552318482e-43	LMO4	c17
7.29599383774859e-48	2.20314750411205	0.061	0.003	2.44693041330412e-43	COPZ2	c17
9.624378349791e-48	0.681509836339361	0.262	0.047	3.22782401095291e-43	LMF1	c17
1.82608902635812e-47	3.69810659698743	0.022	0	6.12433737659988e-43	NRCAM	c17
3.1896630620856e-47	1.06128279831939	0.127	0.013	1.06974919776227e-42	CCDC163	c17
3.51669669743274e-47	0.669554225743893	0.236	0.039	1.17942973838499e-42	BEX5	c17
3.86354352735672e-47	0.549070307516772	0.563	0.152	1.2957552282049e-42	HYOU1	c17
4.12009489798026e-47	2.57706037780747	0.061	0.003	1.38179742688462e-42	B4GALT2	c17
4.6534136366597e-47	1.24478242428489	0.1	0.009	1.56066186546293e-42	SUOX	c17
4.67506768484191e-47	0.257098526139377	0.633	0.175	1.56792420014228e-42	ORAI2	c17
5.35573446412866e-47	1.44223457689935	0.681	0.227	1.79620622457947e-42	ANKRD37	c17
1.08861929832871e-46	2.41911070754227	0.052	0.003	3.65101140273483e-42	ABCG2	c17
1.45298372721979e-46	2.50422686367733	0.031	0.001	4.87301682434972e-42	PPP1R14A	c17
1.55115239273463e-46	0.25670897767505	0.681	0.195	5.20225489475339e-42	TAPBPL	c17
4.13135688532888e-46	0.595430714336325	0.354	0.077	1.3855744722016e-41	ASNS	c17
4.59996920827102e-46	0.587142828664355	0.476	0.122	1.54273767306994e-41	EDEM1	c17
4.96457080023002e-46	0.536513452714232	0.266	0.049	1.66501775498114e-41	TCF3	c17
5.16613542475849e-46	3.15848036356115	0.048	0.002	1.7326184987555e-41	PIP5KL1	c17
5.27368332832679e-46	1.32672674009958	0.183	0.026	1.76868791465424e-41	SETBP1	c17
6.35507196832997e-46	0.189252394656125	0.559	0.149	2.13136403673851e-41	MCUR1	c17
9.37675604662071e-46	2.16064915759688	0.044	0.002	3.14477644291565e-41	CDC42EP1	c17
1.05047298654446e-45	0.668411356135423	0.231	0.039	3.5230763022728e-41	IFI30	c17
1.23363351786892e-45	0.741737923441771	0.14	0.016	4.13736009222878e-41	AC064807.1	c17
1.30519666807649e-45	0.805574255822514	0.201	0.031	4.37736858539493e-41	SLC29A1	c17
1.91980127955324e-45	13.6871593606933	0.039	0.001	6.43862953136567e-41	IGLV3-25	c17
2.06756892271496e-45	0.382533442994658	0.655	0.188	6.93421265300143e-41	STT3A	c17
2.70745213108271e-45	1.22805268046675	0.135	0.016	9.08025295722519e-41	AC091729.3	c17
2.83339714203095e-45	5.36242172773301	0.013	0	9.5026473349434e-41	AL365181.3	c17
2.84079070093176e-45	5.60476782592484	0.013	0	9.52744385278495e-41	GRIK4	c17
2.84079070093176e-45	5.60428894790753	0.013	0	9.52744385278495e-41	ARSI	c17
2.84079070093176e-45	5.22671837111322	0.013	0	9.52744385278495e-41	AL121672.1	c17
2.84079070093176e-45	4.8816730989462	0.013	0	9.52744385278495e-41	TMEFF1	c17
3.74605653808564e-45	1.13066237642055	0.188	0.028	1.25635244174316e-40	AIFM2	c17
4.753582724358e-45	3.12361275020183	0.052	0.003	1.59425657409519e-40	LRRK2	c17
5.09066625631017e-45	2.75729822468893	0.061	0.004	1.70730764904131e-40	OSBPL10	c17
5.87495381385824e-45	1.04531428818082	0.921	0.351	1.97034201009178e-40	LMAN1	c17
6.86879746307745e-45	0.494916702890448	0.314	0.065	2.30365729316691e-40	TBL2	c17
7.97501113031259e-45	0.667281948221787	0.83	0.268	2.67465923288424e-40	DNAJC3	c17
9.39751189730878e-45	3.10866294294798	0.031	0.001	3.15173754011942e-40	PLD4	c17
1.53531482576703e-44	1.01039763139239	0.079	0.006	5.14913886265746e-40	MYL9	c17
2.07605467719356e-44	0.464139060687717	0.314	0.066	6.96267217637176e-40	G6PC3	c17
2.76991064373599e-44	4.41975481853013	0.017	0	9.28972631696175e-40	ARHGAP42	c17
3.62629934808497e-44	0.177192321997794	0.69	0.2	1.21618827536074e-39	MARS	c17
3.68660014891023e-44	11.9913589575482	0.044	0.002	1.23641195794151e-39	IGLV1-40	c17
3.94122762470426e-44	0.215021640103673	0.218	0.036	1.32180892077332e-39	FHIT	c17
4.24519010965418e-44	0.957524460215543	0.1	0.009	1.42375185897582e-39	RNASE4	c17
7.61848670008854e-44	1.09206627574759	0.135	0.016	2.55508806947569e-39	AL034549.1	c17
1.32654094884931e-43	0.122518860170996	0.297	0.06	4.44895303425081e-39	RIOX2	c17
1.74974765105869e-43	0.970050424536906	0.441	0.115	5.86830367212065e-39	HIST1H2AC	c17
1.88620762471762e-43	0.756389917741091	0.07	0.005	6.32596313177796e-39	CD302	c17
2.22191364707787e-43	0.118458854403469	0.686	0.199	7.45185398956976e-39	MRPL40	c17
2.22895872527323e-43	2.16348792386856	0.074	0.005	7.47548177282135e-39	KMO	c17
2.36228622497032e-43	0.321169253650321	0.367	0.084	7.92263554130546e-39	DENND6B	c17
2.71718310190002e-43	0.114298411863583	0.489	0.128	9.11288868715229e-39	ODF3B	c17
2.87228574819049e-43	0.947801274875328	0.24	0.044	9.63307194228127e-39	HIST1H2BC	c17
3.05773642701675e-43	1.20160784806619	0.1	0.009	1.02550364289288e-38	OLMALINC	c17
3.46308983296143e-43	3.5704632673228	0.035	0.001	1.1614510681786e-38	CYB5R2	c17
3.52650394779503e-43	3.14078551058845	0.035	0.001	1.1827188940115e-38	TMEM198	c17
7.06669814777431e-43	3.46578264595041	0.026	0.001	2.37002922480055e-38	AF127936.1	c17
9.25023269445016e-43	0.56530907064448	0.245	0.045	3.10234304106469e-38	COPRS	c17
1.15688152321407e-42	1.73043956181187	0.087	0.007	3.87994925255534e-38	TP53I3	c17
1.20781056223669e-42	1.10559155701894	0.135	0.016	4.05075506362941e-38	RAB3D	c17
1.46270847420027e-42	0.201411077423136	0.502	0.134	4.90563168077287e-38	FBH1	c17
1.94432833010609e-42	0.282818699258453	0.236	0.042	6.52088835350981e-38	LIN7B	c17
1.97351999869081e-42	0.282871940257333	0.384	0.091	6.61879137160925e-38	CLN6	c17
1.99733071439161e-42	0.200287917572501	0.376	0.088	6.6986477499266e-38	BMI1	c17
3.01816250762201e-42	1.40697540527003	0.096	0.009	1.01223134180627e-37	GLDC	c17
4.38027084755504e-42	1.29789234788785	0.563	0.168	1.46905523685301e-37	WARS	c17
7.77344549612869e-42	2.69577767137834	0.026	0.001	2.60705815049164e-37	JAM2	c17
1.00367157201003e-41	1.62615245160399	0.074	0.006	3.36611371820725e-37	ITGB4	c17
1.17442656324455e-41	2.61581923184452	0.048	0.002	3.93879180780958e-37	SPR	c17
1.18152120891516e-41	1.14631566554755	0.092	0.008	3.96258583045967e-37	C8orf88	c17
1.19472991676998e-41	2.11855081172665	0.052	0.003	4.00688519486317e-37	AC100793.2	c17
1.26772837853716e-41	0.592129232645352	0.183	0.028	4.25170743593791e-37	SLC39A14	c17
2.20182703252444e-41	0.502562086888159	0.162	0.023	7.38448750168048e-37	LTC4S	c17
2.71546943139352e-41	1.91741744428411	0.061	0.004	9.10714137900759e-37	CABLES1	c17
3.35310501054501e-41	5.1808409342248	0.013	0	1.12456435843659e-36	LINC00240	c17
3.36105070292643e-41	5.47989385364081	0.013	0	1.12722918474747e-36	DENND5B-AS1	c17
3.36901512109473e-41	4.95081141940634	0.013	0	1.12990029131275e-36	DSG2	c17
3.37699830893677e-41	4.08442614294075	0.013	0	1.13257769285121e-36	IGKV6-21	c17
3.58267589339114e-41	0.180849713568151	0.275	0.055	1.20155784112552e-36	HIPK2	c17
3.602268245596e-41	0.286297430205158	0.258	0.05	1.20812872420799e-36	LCORL	c17
7.41898539000375e-41	1.33978400537081	0.096	0.009	2.48817932009946e-36	NIPAL2	c17
1.13839599425635e-40	0.333691422469926	0.214	0.037	3.81795248553693e-36	MFSD3	c17
1.62707479573649e-40	0.613948819396108	0.205	0.035	5.45688344994105e-36	METTL1	c17
1.63810697046876e-40	0.292367563111767	0.192	0.031	5.49388315755813e-36	RAPGEF2	c17
2.98279778218828e-40	3.80554502966745	0.035	0.001	1.0003707201903e-35	SLC7A11	c17
3.79326592059194e-40	0.354310964969338	0.659	0.203	1.27218552444812e-35	ADA2	c17
4.47095901611247e-40	3.29219976689264	0.031	0.001	1.4994702348238e-35	U62317.2	c17
5.14987100253208e-40	1.10290581896382	0.052	0.003	1.72716373682921e-35	TNFAIP2	c17
7.40778953262057e-40	4.22054804980374	0.017	0	2.48442445345029e-35	LINC00707	c17
9.28059723802302e-40	1.29505241023044	0.157	0.023	3.11252670168816e-35	HIST1H2AE	c17
9.51561441505638e-40	3.93812354911596	0.022	0.001	3.19134676252161e-35	MYO5B	c17
1.75693101832157e-39	0.180563636082193	0.288	0.062	5.89239524924687e-35	ECI1	c17
2.53525297346684e-39	0.372271303654578	0.266	0.055	8.50273142241309e-35	SRD5A3	c17
2.91179934492541e-39	1.01061618854839	0.14	0.019	9.76559264301085e-35	B3GNT9	c17
3.81405958141129e-39	0.276461387750005	0.397	0.101	1.27915930241372e-34	HSCB	c17
4.59391836816838e-39	1.93305173094418	0.057	0.004	1.54070834231631e-34	LRP5	c17
6.04705661118423e-39	1.34380105893942	0.074	0.006	2.02806184625897e-34	CDNF	c17
6.15349802955791e-39	0.993296664959708	0.978	0.582	2.06376016915313e-34	PDIA6	c17
7.90315954900031e-39	0.168450160826246	0.651	0.198	2.65056164954372e-34	GLT8D1	c17
1.0190209535419e-38	2.86892835596677	0.031	0.001	3.41759247398882e-34	FAM149A	c17
2.46378408221177e-38	0.168021122289028	0.563	0.166	8.26303905492184e-34	GLCCI1	c17
3.34239057713034e-38	0.861327071054628	0.891	0.363	1.12097095175797e-33	DNAJB9	c17
4.73382796693604e-38	0.749015899587402	0.17	0.027	1.58763122355101e-33	PRDM15	c17
5.82955235528356e-38	4.54124895828153	0.017	0	1.955115268915e-33	APCDD1	c17
8.39686974684056e-38	4.64585763026793	0.013	0	2.81614217569539e-33	IGLV1-36	c17
8.43334802876254e-38	4.39946916501037	0.013	0	2.82837626188638e-33	DLL4	c17
9.20878790460969e-38	1.49066172355781	0.061	0.004	3.088443287448e-33	AL121985.1	c17
1.08686595472184e-37	0.26459257488919	0.262	0.055	3.64513103894611e-33	PARP2	c17
1.22558413700989e-37	0.152435318681718	0.677	0.21	4.11036407870376e-33	ARMCX3	c17
1.86489161491291e-37	0.923767948543764	0.162	0.025	6.2544734980949e-33	DHRS11	c17
1.95810139176899e-37	1.10091429290941	0.109	0.012	6.56708044771483e-33	TSHR	c17
2.09257321516541e-37	0.419608470231914	0.175	0.028	7.01807204902175e-33	SERPINI1	c17
2.15967567541538e-37	0.15489401187557	0.725	0.23	7.24312028020811e-33	SLC38A10	c17
2.55452458229437e-37	4.35410531842658	0.022	0.001	8.56736454409885e-33	CAMSAP3	c17
3.13230902614168e-37	0.265699919702631	0.62	0.192	1.0505138011874e-32	GNL3	c17
3.19129765366266e-37	3.54664965404808	0.052	0.003	1.07029740708538e-32	PARD6G-AS1	c17
4.6631073493181e-37	0.942007097910168	0.948	0.438	1.56391294281431e-32	SPCS3	c17
7.41497230790815e-37	0.563982843863035	0.166	0.026	2.48683341262623e-32	KRT18	c17
1.0722042697891e-36	3.09989623425335	0.035	0.001	3.59595868001869e-32	LINC02090	c17
1.19667420596171e-36	2.66470871313471	0.039	0.002	4.01340595195437e-32	SEPT10	c17
1.3518389692745e-36	0.163517583163609	0.284	0.063	4.53379753515282e-32	CPEB4	c17
1.5139926223657e-36	1.05856941174817	0.707	0.286	5.07762845689009e-32	TIMP1	c17
1.55925562941044e-36	0.960320236840325	0.939	0.413	5.22943152991674e-32	KDELR2	c17
1.65288969026051e-36	3.05486248199864	0.026	0.001	5.5434614431957e-32	RBP1	c17
1.65998742515431e-36	0.110551811408022	0.568	0.17	5.56726582648252e-32	MBNL2	c17
1.78539998019796e-36	0.280895867526631	0.742	0.241	5.98787445358792e-32	HEXB	c17
1.79820492669245e-36	0.119293764813919	0.367	0.093	6.03081968314113e-32	FAM117A	c17
1.91394538495457e-36	2.23582305188925	0.057	0.004	6.41899003206062e-32	NEDD4L	c17
2.40536062672632e-36	0.183064872283	0.555	0.166	8.06709846991472e-32	DUSP22	c17
2.80611791340214e-36	3.62474505365581	0.031	0.001	9.41115825796811e-32	PACSIN3	c17
3.09744143234141e-36	4.22064256472834	0.017	0	1.03881990757866e-31	AC126696.1	c17
4.04515970471612e-36	1.84727836307083	0.096	0.01	1.35666566176769e-31	CCDC189	c17
7.24513216271506e-36	0.260720925465671	0.773	0.255	2.42987242473138e-31	ATOX1	c17
1.07271281791741e-35	3.22616936506479	0.031	0.001	3.59766424873141e-31	TMEM150B	c17
1.18028484982925e-35	1.40075890004313	0.074	0.006	3.95843932935735e-31	AC040970.1	c17
1.67832950550233e-35	1.55425697425045	0.323	0.082	5.62878149555371e-31	ATF5	c17
3.72762413200546e-35	3.85564481322521	0.022	0.001	1.25017058139199e-30	LINC02334	c17
3.75966025043238e-35	3.20497667309589	0.022	0.001	1.26091485479001e-30	SNHG18	c17
3.77347132200034e-35	2.16561351269032	0.044	0.002	1.26554681197247e-30	AC008771.1	c17
6.32741279275889e-35	4.94203620168604	0.013	0	2.12208770243548e-30	JADE3	c17
6.34007216538256e-35	4.50878732493699	0.013	0	2.126333402826e-30	UNC79	c17
6.56902491608859e-35	1.02807585214911	0.148	0.023	2.20311957635779e-30	RPP25	c17
7.53156223360487e-35	1.1159338371966	0.074	0.007	2.5259353419064e-30	SLC46A1	c17
8.79440622480368e-35	0.208643185994211	0.651	0.208	2.94946795967466e-30	TOR3A	c17
9.39861422966984e-35	0.272639018036701	0.293	0.068	3.15210724034667e-30	TMEM184B	c17
1.17401611001849e-34	1.84999671684742	0.048	0.003	3.93741522978e-30	ETV5	c17
1.32011289641385e-34	0.480977894302987	0.188	0.034	4.42739463199277e-30	ZFAT	c17
1.56589645526036e-34	0.912441691103833	0.148	0.023	5.25170353165219e-30	ALCAM	c17
1.66649088328215e-34	2.9125466161734	0.07	0.006	5.58907712435168e-30	HIST1H2BB	c17
2.69939201713194e-34	0.120499137553051	0.258	0.056	9.0532209470571e-30	FAIM	c17
3.23553605440541e-34	1.09341100990198	0.114	0.014	1.08513408192649e-29	CHKA	c17
4.6072276529424e-34	0.20089786650929	0.284	0.066	1.54517201024382e-29	MGLL	c17
4.95585309476492e-34	0.603968512683868	0.319	0.08	1.66209401092226e-29	IFI27L1	c17
1.54596505571163e-33	0.473777092792368	0.847	0.302	5.18485760384566e-29	AKR1A1	c17
2.77958856793225e-33	1.86027544432825	0.079	0.008	9.32218413913118e-29	QPRT	c17
5.43065411519669e-33	3.85805266139233	0.026	0.001	1.82133277715467e-28	WDFY4	c17
6.30523952909545e-33	2.39317328160835	0.035	0.002	2.11465123326803e-28	WDR64	c17
1.16787638217126e-32	0.402045239943992	0.323	0.083	3.91682381052598e-28	NBPF14	c17
1.26546829067303e-32	0.570822352254384	0.127	0.018	4.24412755325922e-28	BFSP2	c17
1.63836704892846e-32	1.08361510253876	0.083	0.009	5.49475540869625e-28	MAP7	c17
1.6445485771589e-32	2.16820636942044	0.044	0.003	5.51548701807553e-28	JDP2	c17
1.81504978802807e-32	0.864282699315011	0.096	0.011	6.08731397908856e-28	AL035413.1	c17
1.85539714856247e-32	4.64023515150008	0.013	0	6.22263095684881e-28	ENPP7	c17
1.95579690478194e-32	0.199108973252594	0.188	0.035	6.55935165925767e-28	MYO1D	c17
7.0697067956792e-32	0.341104158671114	0.148	0.024	2.37103826513489e-27	SLC48A1	c17
7.72268841656158e-32	0.293250713377208	0.258	0.059	2.59003524114642e-27	MPV17L2	c17
7.78346068246894e-32	1.2276410444453	0.096	0.011	2.61041704368643e-27	TNS3	c17
8.32551868112364e-32	1.265855828791	0.192	0.038	2.79221245527525e-27	AC103591.3	c17
1.67975058707587e-31	3.16794857652921	0.022	0.001	5.63354751893506e-27	TLR10	c17
2.46493900362053e-31	1.09033391609404	0.061	0.005	8.26691243034252e-27	RHOBTB3	c17
3.27243616251832e-31	1.41061708111617	0.061	0.005	1.0975096401854e-26	AL449266.1	c17
3.69824585596022e-31	2.48452551548255	0.026	0.001	1.24031769517194e-26	CNTNAP1	c17
3.88805900195905e-31	0.825260221618424	0.93	0.471	1.30397722807703e-26	KDELR1	c17
3.96906139059067e-31	0.862173889302007	0.943	0.47	1.3311438091763e-26	HM13	c17
9.98481907057246e-31	1.42140654936772	0.074	0.007	3.34870861988859e-26	AC008915.2	c17
1.18161886611524e-30	4.40048901325735	0.017	0	3.96291335317729e-26	LINC02427	c17
1.18161886611524e-30	3.91422140694814	0.017	0	3.96291335317729e-26	NLRP11	c17
1.36061527077633e-30	0.438798553025214	0.878	0.323	4.56323149512966e-26	SEC61A1	c17
2.14911092606121e-30	0.4746816629242	0.148	0.025	7.20768822382407e-26	DRAM1	c17
2.54769736743922e-30	4.37677831774521	0.013	0	8.54446743091765e-26	LINC00882	c17
2.55210565248216e-30	4.28681453839395	0.013	0	8.55925193729468e-26	AC121338.2	c17
2.55210565248216e-30	4.21329661384695	0.013	0	8.55925193729468e-26	AC005759.1	c17
2.9514690844153e-30	0.661885437099713	0.153	0.026	9.89863701531202e-26	NUAK2	c17
3.10063259346235e-30	0.430292556205104	0.24	0.055	1.0398901591954e-25	HVCN1	c17
3.320869081366e-30	0.691137843874013	0.969	0.754	1.11375307250853e-25	SEC61B	c17
3.68953655143116e-30	0.231013882910052	0.205	0.043	1.23739676861898e-25	PNPLA4	c17
4.57167072482089e-30	3.4973058771762	0.026	0.001	1.53324692769043e-25	GPLD1	c17
4.83300546463587e-30	0.14930342842996	0.258	0.061	1.62089337272958e-25	RHBDD1	c17
5.08835529238669e-30	1.12667012016951	0.1	0.013	1.70653259796065e-25	MINDY1	c17
6.22428498639467e-30	1.75358677118671	0.048	0.003	2.08750069873705e-25	AL627422.2	c17
8.80241121107761e-30	2.25266331287679	0.048	0.003	2.95215267197121e-25	AC104971.3	c17
9.31213398676212e-30	0.294672834672721	0.153	0.027	3.12310349648028e-25	DNAJC25	c17
1.52712982779623e-29	0.818853029517893	0.956	0.556	5.12168801646301e-25	RPN1	c17
1.5555084941788e-29	3.12209130461688	0.026	0.001	5.21686438777687e-25	COL11A2	c17
3.0254170664864e-29	0.102390492742004	0.157	0.028	1.01466437575821e-24	HOOK1	c17
3.04573343185352e-29	2.2915318421828	0.035	0.002	1.02147807837503e-24	AL441883.1	c17
3.36120151787692e-29	0.646917538994917	0.188	0.038	1.12727976506556e-24	RGS16	c17
3.93279607697036e-29	2.03344855561792	0.039	0.002	1.31898114829432e-24	TRPV3	c17
6.51850671853973e-29	1.04256619369996	0.092	0.011	2.18617678326386e-24	TNFRSF13C	c17
6.68300593317819e-29	0.280443845732932	0.188	0.038	2.2413465298693e-24	TWSG1	c17
7.14427438639545e-29	1.0408768801965	0.105	0.014	2.39604674370931e-24	ANKRD16	c17
1.03010347835747e-28	0.122160337805394	0.62	0.209	3.45476104571527e-24	ARL1	c17
1.17735573096233e-28	2.77120591007082	0.035	0.002	3.94861565050146e-24	CDC42BPB	c17
1.42001894738842e-28	14.7231406193791	0.022	0.001	4.76245954575127e-24	IGLV4-69	c17
1.53817505897509e-28	3.03373535109245	0.026	0.001	5.15873151279066e-24	AL109761.1	c17
1.81533917164735e-28	3.333417428299	0.044	0.003	6.0882845138709e-24	DPEP3	c17
1.8359408946814e-28	4.41605812045884	0.017	0	6.15737857258249e-24	FBXO17	c17
1.89446257892747e-28	4.41954322073082	0.013	0	6.35364859720695e-24	AL133153.2	c17
1.90060742067316e-28	4.57353435256424	0.013	0	6.37425716745364e-24	INSC	c17
2.05064450841606e-28	0.427923046362942	0.157	0.029	6.87745155232579e-24	HIST1H4H	c17
2.74329278375773e-28	0.828581292134561	0.1	0.014	9.20045533816668e-24	RHOBTB2	c17
3.46759860807004e-28	0.216242402247989	0.201	0.043	1.16296322117453e-23	SLC39A11	c17
5.3490441777458e-28	0.254821277790689	0.777	0.282	1.79396243633239e-23	B4GALT3	c17
5.448852801078e-28	1.92991958524418	0.044	0.003	1.82743625242554e-23	TICAM2	c17
1.51329771765296e-27	1.07525898043592	0.074	0.008	5.07529788546449e-23	KISS1R	c17
1.76243348526184e-27	0.301312708649684	0.812	0.301	5.91084942287115e-23	CISD2	c17
2.26345627538591e-27	0.280921581797304	0.249	0.062	7.59117965638928e-23	HMBS	c17
2.40914661169879e-27	0.588289558998461	0.127	0.021	8.0797959063154e-23	LINC01006	c17
2.89798327286568e-27	0.364107809106505	0.179	0.037	9.71925630053692e-23	GOLIM4	c17
3.16538519952884e-27	0.16474274808269	0.245	0.06	1.06160688821798e-22	TM7SF2	c17
3.69527487743178e-27	3.02939951843205	0.026	0.001	1.23932128839307e-22	FZD7	c17
4.29745500113427e-27	0.179814097792038	0.537	0.184	1.44128045828041e-22	TIFA	c17
6.35757713834771e-27	0.771736017147317	0.118	0.019	2.13220422065906e-22	LINC00528	c17
8.2582886904097e-27	1.15266012269705	0.079	0.009	2.76966486098961e-22	SOWAHD	c17
8.52564979019665e-27	4.39181912198745	0.013	0	2.85933242663615e-22	TMEM108	c17
8.52564979019665e-27	4.00586927428192	0.013	0	2.85933242663615e-22	IL6	c17
8.53863916592904e-27	4.3653259266409	0.013	0	2.86368880346928e-22	BATF2	c17
9.98586935045143e-27	1.15081430717941	0.109	0.016	3.3490608627544e-22	HIST2H2BE	c17
1.11575039570917e-26	0.340660484646786	0.279	0.075	3.7420036771294e-22	SEC24A	c17
1.23178476108921e-26	3.08821589776043	0.022	0.001	4.13115973174098e-22	TMEM38A	c17
1.47226297726499e-26	0.716846807696877	0.114	0.018	4.93767557315133e-22	MESP1	c17
1.47366611423787e-26	3.0636610337571	0.017	0.001	4.94238141393098e-22	EBF1	c17
1.65747457161262e-26	0.681724901444063	0.197	0.044	5.55883821827441e-22	AC087623.3	c17
1.9141861595178e-26	0.192683894529466	0.716	0.262	6.4197975417908e-22	GLRX	c17
3.37526115875849e-26	12.3035826559932	0.031	0.002	1.13199508742442e-21	IGLV3-19	c17
6.52428718545169e-26	1.45620451186573	0.057	0.005	2.18811543625679e-21	TRIO	c17
6.75815740338165e-26	2.05574985971694	0.026	0.001	2.26655082994614e-21	PTHLH	c17
9.90041620610893e-26	0.43827544852256	0.1	0.015	3.32040158720481e-21	C1orf56	c17
1.05046650929739e-25	4.05031350067756	0.017	0.001	3.5230545788816e-21	UGT3A2	c17
1.0656401652038e-25	2.74664204322581	0.017	0.001	3.57394398606049e-21	CALCRL	c17
1.33472797997686e-25	0.142221756509181	0.655	0.236	4.47641069924639e-21	LRRC59	c17
1.89405382366498e-25	1.63383753220075	0.048	0.004	6.3522777138076e-21	AL022341.1	c17
2.28989392910064e-25	0.538066783988897	0.157	0.032	7.67984625941773e-21	NET1	c17
2.33140023331671e-25	0.146596837264716	0.825	0.309	7.81905010249759e-21	DNAJC4	c17
2.50642317411769e-25	4.22714206649094	0.013	0	8.40604204135591e-21	AP001267.2	c17
2.51002609359106e-25	4.23350627251392	0.013	0	8.4181255126857e-21	AF111167.2	c17
2.51002609359106e-25	2.41881621361989	0.013	0	8.4181255126857e-21	LGI4	c17
2.51363414547939e-25	4.37562422033777	0.013	0	8.43022619710878e-21	AC008551.1	c17
2.51363414547939e-25	3.69158458954941	0.013	0	8.43022619710878e-21	LINC02340	c17
3.46610509079794e-25	0.909140725955266	0.109	0.017	1.16246232535181e-20	IFNLR1	c17
3.87249547997623e-25	2.21635986406574	0.039	0.003	1.29875753407443e-20	PLBD1	c17
3.90747643475797e-25	2.30063100529913	0.039	0.003	1.31048944668913e-20	KIAA1217	c17
4.50816558267527e-25	2.03481882401706	0.035	0.002	1.51194857311763e-20	AC004803.1	c17
4.68879526628959e-25	0.33018799294388	0.118	0.02	1.5725281564082e-20	C16orf86	c17
5.66513191749926e-25	2.87680836150081	0.022	0.001	1.8999719424909e-20	DOCK6	c17
5.87035976051106e-25	2.63551953352008	0.031	0.002	1.9688012564802e-20	PALD1	c17
6.81245118554929e-25	3.37637706356351	0.017	0.001	2.28475987860952e-20	AC078883.3	c17
8.0598760957927e-25	0.369443652940114	0.188	0.043	2.70312124500696e-20	PRR34-AS1	c17
1.00470227129266e-24	1.23651309449529	0.114	0.019	3.36957047746133e-20	HIST2H2BF	c17
1.13702173442645e-24	2.24147802760757	0.031	0.002	3.81334349291943e-20	LRRC75B	c17
1.13843346958186e-24	2.2561509578522	0.031	0.002	3.81807817028365e-20	CCDC183	c17
1.60338750956612e-24	0.242596074052925	0.21	0.051	5.37744102958286e-20	SLC7A1	c17
2.38486292009467e-24	1.00406962734236	0.105	0.017	7.9983532614135e-20	SCARB1	c17
3.93053929049273e-24	0.596624699797268	0.087	0.012	1.31822426724545e-19	AC097103.2	c17
3.98062804802979e-24	0.91112044349548	0.074	0.009	1.33502303474823e-19	UFSP1	c17
4.09192609965735e-24	0.438699500659709	0.087	0.012	1.37235017530308e-19	FBXO10	c17
5.14092261849686e-24	4.81146508727524	0.013	0	1.72416262779148e-19	SLC2A10	c17
5.20421214326612e-24	4.08672543050971	0.013	0	1.74538866860859e-19	TSKU	c17
5.41964617508246e-24	0.271815447081396	0.69	0.263	1.81764093419916e-19	SHMT2	c17
7.12049441526027e-24	1.53703590693401	0.052	0.005	2.38807141698999e-19	BCAR3	c17
7.64603794680325e-24	1.71364498759015	0.083	0.011	2.56432820659887e-19	GRAMD1C	c17
1.01521377367031e-23	1.69541354462915	0.039	0.003	3.40482395413549e-19	CLIC2	c17
1.39994523922699e-23	1.89800073965462	0.035	0.002	4.69513634331947e-19	AC090587.1	c17
1.67308668762855e-23	2.7580064517411	0.022	0.001	5.61119813296862e-19	AMOTL1	c17
1.76450757147165e-23	0.677613711273429	0.93	0.475	5.91780549320161e-19	ERGIC3	c17
1.90424536742181e-23	0.875012566354492	0.148	0.03	6.38645811325927e-19	KNTC1	c17
1.9990244349563e-23	3.58198255618041	0.017	0.001	6.70432814995645e-19	OBSL1	c17
5.46857744050304e-23	0.952680061516778	0.079	0.01	1.83405150199591e-18	CTH	c17
7.9162418922375e-23	4.05609819679657	0.013	0	2.65494920581861e-18	ARHGEF37	c17
7.95720267358416e-23	4.12114473812589	0.013	0	2.66868663266665e-18	DNM3OS	c17
7.95720267358416e-23	2.86797788774152	0.013	0	2.66868663266665e-18	SCN9A	c17
1.24613187446005e-22	2.02799392129062	0.031	0.002	4.17927708056411e-18	CFAP53	c17
1.32894401666976e-22	1.29886447920073	0.052	0.005	4.45701244310704e-18	DDN-AS1	c17
1.40963281420675e-22	1.07335767493158	0.057	0.006	4.72762653228662e-18	PKIG	c17
1.75323643649063e-22	1.01238120673389	0.083	0.012	5.88000436070229e-18	NRAV	c17
2.06284385217001e-22	2.52509901871058	0.031	0.002	6.91836571140778e-18	CBLN3	c17
2.64843874140626e-22	0.1432641738496	0.913	0.421	8.88233385092832e-18	LGALS1	c17
3.04306021424337e-22	0.857275863389555	0.105	0.018	1.02058153465294e-17	OTUD1	c17
3.88897696100447e-22	4.86590932702245	0.017	0.001	1.30428509318168e-17	NPPC	c17
4.17634941802572e-22	0.340540537562556	0.096	0.015	1.40066406781747e-17	NADK2	c17
6.19959798087041e-22	0.546276936418113	0.1	0.017	2.07922117082432e-17	AC036176.1	c17
9.05390725506618e-22	5.36839130541002	0.013	0	3.0364994152041e-17	CFAP97D2	c17
9.39361207958106e-22	3.49834595259441	0.013	0	3.1504296192499e-17	RND2	c17
9.66076603395664e-22	0.21776940768016	0.127	0.025	3.24002771246838e-17	ZNF844	c17
1.29462734992879e-21	0.215747513601222	0.118	0.022	4.34192120619117e-17	RNF122	c17
1.74184819326888e-21	0.146352334470441	0.118	0.022	5.84181047058516e-17	ASPHD2	c17
2.07643649134067e-21	0.455482131175442	0.869	0.373	6.96395270465834e-17	SRM	c17
2.12339877878216e-21	3.02101245894002	0.022	0.001	7.12145482427959e-17	IQSEC2	c17
2.64705898389605e-21	0.325029544395334	0.096	0.016	8.87770642019057e-17	DTWD2	c17
2.87813908546919e-21	0.866032191941958	0.061	0.007	9.65270286484656e-17	LINC01136	c17
3.15567800321424e-21	1.19495024371137	0.048	0.005	1.05835128871799e-16	PLPPR2	c17
5.09255822276941e-21	2.59561953288294	0.022	0.001	1.70794217675241e-16	CPB2-AS1	c17
6.62527556094011e-21	1.21677242136593	0.061	0.007	2.22198491762809e-16	IRS1	c17
6.9498156906998e-21	1.14868483042393	0.057	0.006	2.3308291863469e-16	KCTD1	c17
8.82739766853981e-21	3.47210918740416	0.013	0	2.96053263007488e-16	PAX5	c17
8.86882857375297e-21	3.36754780303479	0.013	0	2.97442772706527e-16	RHBDF1	c17
8.86882857375297e-21	2.77754345938235	0.013	0	2.97442772706527e-16	FSCN2	c17
9.82340939221161e-21	2.79250559087477	0.026	0.001	3.29457504195993e-16	PPP1R26	c17
1.02581201760664e-20	0.654439385971333	0.096	0.016	3.44036834464917e-16	ARF4-AS1	c17
1.18577235086455e-20	2.39908588377331	0.022	0.001	3.97684331032954e-16	GPRC5C	c17
1.29371571020861e-20	0.311113790454951	0.817	0.349	4.33886374889765e-16	DNAJC1	c17
1.32535978292551e-20	0.754349168326079	0.092	0.015	4.44499163997556e-16	CCDC106	c17
1.33755501436002e-20	0.889681902389154	0.983	0.687	4.48589200716064e-16	HSPA5	c17
1.43785687790527e-20	0.844735812577106	0.083	0.013	4.82228439711869e-16	FGD2	c17
1.85853916639968e-20	1.21136136563675	0.061	0.007	6.23316865627124e-16	AC007032.1	c17
1.97783963469978e-20	0.215685592050188	0.114	0.021	6.63327856685612e-16	AGBL3	c17
2.00821321814489e-20	0.549632129364649	0.122	0.024	6.73514549101435e-16	SPAG1	c17
2.08027543277435e-20	3.07102415091494	0.017	0.001	6.97682774643861e-16	AIFM3	c17
2.89990196718899e-20	1.62459843638488	0.035	0.003	9.72569121755842e-16	AP003721.4	c17
3.45989297172066e-20	0.465594202705153	0.044	0.004	1.16037890485567e-15	CYBB	c17
4.26898481282041e-20	1.56258565055659	0.044	0.004	1.43173212652371e-15	MACC1	c17
5.82451904898812e-20	2.54744970547882	0.022	0.001	1.95342719864963e-15	IGHD	c17
6.29057048973838e-20	2.01062909376014	0.039	0.003	2.10973153084846e-15	HSF4	c17
6.48953473931182e-20	1.11605955732094	0.057	0.007	2.1764601608704e-15	MB21D2	c17
6.59266984726292e-20	12.3698609892427	0.013	0	2.21104961337504e-15	IGLV8-61	c17
6.89442588466875e-20	3.64781514891088	0.013	0	2.3122525532002e-15	ENAH	c17
6.89442588466875e-20	3.62555581256748	0.013	0	2.3122525532002e-15	CCDC39	c17
6.89442588466875e-20	3.33529685539009	0.013	0	2.3122525532002e-15	AC112236.2	c17
7.45083707932428e-20	1.57438855272119	0.061	0.008	2.49886173966378e-15	MFSD2A	c17
7.83642579635982e-20	0.308717395620436	0.869	0.373	2.62818048358316e-15	OS9	c17
7.99816732622963e-20	1.77117445723107	0.035	0.003	2.68242535787089e-15	TREML2	c17
8.0903393385862e-20	1.56301265673368	0.035	0.003	2.71333800737504e-15	CAND2	c17
8.20010733653072e-20	1.90379142605255	0.048	0.005	2.75015199852567e-15	AC132938.3	c17
9.63128696859849e-20	2.10759895830499	0.031	0.002	3.23014102352856e-15	ZBTB8A	c17
1.11689015651471e-19	1.51075673592387	0.035	0.003	3.74582620691904e-15	SPIB	c17
1.16350992229197e-19	0.876325271603636	0.07	0.01	3.90217957738282e-15	IER3-AS1	c17
1.29667013555255e-19	0.171765302065134	0.114	0.022	4.34877230061613e-15	IQCH-AS1	c17
3.55334788199064e-19	0.468023673505743	0.952	0.82	1.19172181266202e-14	JUN	c17
4.65117856410016e-19	0.226830385073049	0.061	0.008	1.55991226682791e-14	CKB	c17
4.77767373382664e-19	0.650305471926605	0.948	0.535	1.60233621685078e-14	RPN2	c17
5.32598079064435e-19	2.84110036498854	0.022	0.001	1.7862274375663e-14	AL031316.1	c17
6.01654125603468e-19	3.5497578506153	0.017	0.001	2.01782760644891e-14	AL391650.1	c17
6.08488536058165e-19	2.9847046200351	0.017	0.001	2.04074885223187e-14	HORMAD2-AS1	c17
6.0996299960327e-19	2.88232329565364	0.017	0.001	2.04569390806945e-14	PCGF2	c17
7.97208094248431e-19	0.824255100621913	0.07	0.01	2.67367650649039e-14	TEC	c17
9.87465127312302e-19	1.1524791755015	0.057	0.007	3.31176054398e-14	AC006942.1	c17
1.00711787844845e-18	1.10014729673115	0.074	0.011	3.37767194074041e-14	SMTN	c17
1.06766566477306e-18	2.46017864081092	0.022	0.001	3.58073710651589e-14	LAMB2	c17
1.16495587632661e-18	0.911555851596458	0.083	0.014	3.9070290180242e-14	AFMID	c17
1.25098841596359e-18	0.18429913722162	0.114	0.023	4.19556494945868e-14	HEXIM2	c17
1.30643030305011e-18	0.246577992735902	0.183	0.05	4.38150595036946e-14	HIST1H2AG	c17
1.37136525206991e-18	1.63893193983672	0.035	0.003	4.59928478239208e-14	TMCC1-AS1	c17
1.51398067526015e-18	0.799364791388586	0.083	0.014	5.07758838868749e-14	AL096865.1	c17
1.66124247458471e-18	0.951771666245786	0.07	0.01	5.57147501126222e-14	TIAM2	c17
2.34436484562513e-18	2.58992578904914	0.035	0.003	7.86253081925756e-14	BEND5	c17
2.5422476528386e-18	4.02831846399531	0.013	0	8.52619017809009e-14	LILRA2	c17
2.5422476528386e-18	3.70322982295291	0.013	0	8.52619017809009e-14	AL078639.1	c17
2.55271350622016e-18	3.5423681767922	0.013	0	8.56129055716118e-14	ARHGAP23	c17
2.75587533801785e-18	0.545517350963419	0.092	0.016	9.24265470864428e-14	TRIP10	c17
2.77396372800814e-18	0.252764080039921	0.738	0.339	9.30331955099369e-14	DUSP5	c17
3.05782572603797e-18	0.245279813963147	0.362	0.132	1.02553359199861e-13	DNAJB4	c17
3.29139135659126e-18	0.330368345307653	0.083	0.014	1.10386683317358e-13	MTUS1	c17
3.42765258729697e-18	1.50086480623707	0.026	0.002	1.14956612472766e-13	JUP	c17
3.88472540826859e-18	0.189790981554439	0.079	0.013	1.30285920742512e-13	NEIL1	c17
4.11021190638861e-18	1.12721258726886	0.052	0.006	1.37848286916461e-13	PM20D1	c17
4.1291767994679e-18	0.225108837513181	0.14	0.033	1.38484331500554e-13	MTFR1	c17
4.46175359343592e-18	3.08193470258963	0.017	0.001	1.49638292016654e-13	AL358113.1	c17
4.46518522404632e-18	3.35296432049534	0.017	0.001	1.49753382044066e-13	AC022784.3	c17
4.47205630369176e-18	3.82989255174304	0.017	0.001	1.49983824313214e-13	SEPT5	c17
5.32579294226075e-18	0.601435372184811	0.991	0.905	1.78616443697541e-13	PPIB	c17
6.5759869709224e-18	0.779524241596622	0.052	0.006	2.20545451030796e-13	AC073934.1	c17
7.33251376749248e-18	1.87644203778241	0.039	0.004	2.45917846734163e-13	VPS9D1-AS1	c17
9.02389362953869e-18	0.551966244385574	0.974	0.725	3.02643344547468e-13	TMEM258	c17
9.05230406364457e-18	0.275243322042889	0.131	0.03	3.03596173686512e-13	PYCR3	c17
1.20713340724564e-17	0.14194866846915	0.096	0.018	4.04848402122042e-13	NEK6	c17
1.20999096537475e-17	0.667403926793686	0.066	0.009	4.05806769967384e-13	CARNS1	c17
1.22108780230947e-17	0.794968870087861	0.074	0.012	4.09528427138548e-13	AMN	c17
1.24115035069213e-17	1.59303921619151	0.039	0.004	4.16257004615126e-13	G0S2	c17
1.26244160541505e-17	3.57285815452142	0.013	0	4.23397665624098e-13	AC010536.1	c17
1.29459479965271e-17	0.265843532624457	0.122	0.027	4.34181203907525e-13	TBCEL	c17
1.32641390583744e-17	2.1975917728793	0.026	0.002	4.44852695739761e-13	AL928654.1	c17
1.37772940054781e-17	0.170293899445256	0.105	0.021	4.62062886355724e-13	NEK8	c17
1.39668875702442e-17	2.07787537240949	0.022	0.001	4.68421475330849e-13	ALDH7A1	c17
1.82552623235117e-17	1.9108458863338	0.039	0.004	6.12244987805935e-13	APLP1	c17
1.8888719892819e-17	0.339862651171149	0.406	0.16	6.33489887765362e-13	GLA	c17
2.16914338164803e-17	0.120044870995886	0.502	0.206	7.27487307337116e-13	CDKN1A	c17
2.59458113991392e-17	0.472029335906869	0.904	0.504	8.7017062270433e-13	PIM2	c17
2.78787342811776e-17	2.78978622688305	0.017	0.001	9.34996990322133e-13	WNT11	c17
3.04946926986186e-17	0.561928577183471	0.926	0.471	1.02273100372627e-12	TMED9	c17
3.14086388443987e-17	2.20598440175429	0.026	0.002	1.05338292956344e-12	ADPRHL1	c17
3.52341833758942e-17	0.761392057020251	0.052	0.007	1.18168404206074e-12	RAPGEF5	c17
4.52259204107871e-17	2.17666862776042	0.022	0.001	1.51678691873698e-12	KCNH2	c17
4.52524829274564e-17	2.24565135336948	0.022	0.001	1.51767777242103e-12	FGF22	c17
4.56443597172331e-17	1.21723108706165	0.044	0.005	1.53082053619657e-12	CLDN12	c17
5.16244045107396e-17	1.19211847996316	0.048	0.006	1.73137927848118e-12	SH3D21	c17
5.53916014411785e-17	3.43107346342206	0.013	0	1.85772352913424e-12	AIF1L	c17
5.54441989074919e-17	3.41166652927104	0.013	0	1.85948754295946e-12	LARP6	c17
5.54968456337861e-17	3.24350435526582	0.013	0	1.86125320886592e-12	TJP1	c17
8.29695010514295e-17	1.04538920567357	0.039	0.004	2.78263112626284e-12	EFEMP2	c17
9.09741830662047e-17	0.221625508877678	0.144	0.036	3.05109215167437e-12	DENND3	c17
1.05216477420466e-16	1.5161984031359	0.105	0.022	3.52875021972759e-12	RASD1	c17
1.0746984285939e-16	1.14507939250249	0.044	0.005	3.60432358981823e-12	MELTF	c17
1.48163288747477e-16	2.86879158595128	0.017	0.001	4.9691003780129e-12	PHYHD1	c17
1.83675876921426e-16	0.901231432757024	0.039	0.004	6.16012156019077e-12	MERTK	c17
2.19003679101324e-16	3.69238337584303	0.013	0	7.3449453897002e-12	AC016745.2	c17
2.1920400831635e-16	3.48762561146892	0.013	0	7.35166403091375e-12	ZNF205	c17
2.24225917599679e-16	0.691295047835106	0.087	0.016	7.52008882445803e-12	AL080276.2	c17
2.37060370677095e-16	2.06916947014145	0.026	0.002	7.9505307117684e-12	PJVK	c17
3.18122109618915e-16	0.298741886423654	0.074	0.013	1.06691793123992e-11	ARMCX2	c17
3.24728323527219e-16	2.77015819904345	0.017	0.001	1.08907385144559e-11	AC084809.1	c17
3.26070392286731e-16	2.39837620581311	0.017	0.001	1.09357488165124e-11	AL158850.1	c17
4.33909579711669e-16	0.127505038013652	0.135	0.034	1.45524594843699e-11	RUFY3	c17
4.39133126222491e-16	0.451853908890366	0.061	0.009	1.47276467872499e-11	SENCR	c17
5.76685817118827e-16	0.515691988904535	0.07	0.011	1.93408889345312e-11	SPINT1-AS1	c17
6.50581362375131e-16	2.25205260238366	0.022	0.001	2.18191977313372e-11	AC000068.1	c17
6.92609007511959e-16	2.75326251533439	0.017	0.001	2.32287208939361e-11	ODF3L1	c17
6.93075333422092e-16	2.59192918783037	0.017	0.001	2.32443605323101e-11	RBFOX2	c17
7.90072992372436e-16	3.29623882030763	0.013	0.001	2.64974680181868e-11	ZBED3-AS1	c17
7.90770051668082e-16	3.29837001205946	0.013	0.001	2.65208459928441e-11	AC068051.1	c17
1.38545812937799e-15	1.25932614928742	0.044	0.005	4.6465494743079e-11	AL359504.2	c17
1.45272666789192e-15	2.3183470638819	0.035	0.003	4.87215469877592e-11	COCH	c17
1.45439783756837e-15	1.86802902309284	0.026	0.002	4.87775946763681e-11	P2RY6	c17
1.71829114026398e-15	2.36869443467064	0.022	0.001	5.76280482621735e-11	H1FX-AS1	c17
1.79154469455194e-15	0.29264199303014	0.052	0.007	6.0084825965883e-11	RGL1	c17
2.61236857174257e-15	1.89041542912552	0.031	0.003	8.76136171591023e-11	REM2	c17
2.61341837914939e-15	3.14027910483674	0.013	0.001	8.76488255999122e-11	LINC01562	c17
3.4450469798418e-15	1.68777348330409	0.031	0.003	1.15539985609934e-10	AC106782.2	c17
3.49010741359016e-15	0.457291877371098	0.031	0.003	1.17051222436987e-10	RGS5	c17
5.26190417037892e-15	0.952443172453532	0.044	0.005	1.76473742066168e-10	AC110769.2	c17
5.4679976492632e-15	2.67192303623953	0.031	0.003	1.83385705160989e-10	HMGA1P4	c17
6.56788325830761e-15	0.378893533660861	0.074	0.013	2.20273668717121e-10	DNAJC3-DT	c17
6.75861789495601e-15	0.272685011211815	0.1	0.022	2.26670526961035e-10	PSPH	c17
7.10969115201218e-15	0.914249403737058	0.052	0.007	2.38444821856184e-10	EHHADH	c17
7.20276842625921e-15	0.398303420184413	0.066	0.011	2.41566447479881e-10	IL5RA	c17
7.79220453546532e-15	1.61656607617878	0.026	0.002	2.61334955710436e-10	CFAP58-DT	c17
7.97997227510118e-15	3.47756075947375	0.013	0.001	2.67632310162343e-10	ZNF660	c17
8.00326961510752e-15	0.171322751800105	0.079	0.015	2.68413656351476e-10	NOXA1	c17
8.01289224613271e-15	3.10495426237697	0.013	0.001	2.68736380150799e-10	C1orf220	c17
9.0111022990027e-15	0.844076112007251	0.052	0.007	3.02214348903952e-10	RPS6KA2	c17
9.41606856438873e-15	2.07164876835835	0.044	0.005	3.15796107512469e-10	AL354920.1	c17
1.01236751504958e-14	0.198017220014924	0.188	0.058	3.3952781719733e-10	PDF	c17
1.03617245892176e-14	2.48701390401712	0.022	0.001	3.4751151927318e-10	ACSBG1	c17
1.04562264066749e-14	2.1267420361125	0.022	0.001	3.50680921227063e-10	AC093827.4	c17
1.48214108618456e-14	1.0973961367499	0.057	0.009	4.97080477484576e-10	UQCRHL	c17
1.5389899365931e-14	3.62269362250759	0.022	0.002	5.16146444934594e-10	TNNC2	c17
2.0033205697015e-14	0.879082172023067	0.039	0.005	6.71873652666488e-10	SERPINF1	c17
2.04929304380964e-14	0.362205139798061	0.148	0.042	6.87291901032877e-10	CHAC2	c17
2.21550879936526e-14	1.24972409821229	0.035	0.004	7.4303734113112e-10	FRMD6-AS1	c17
2.28980236560627e-14	2.05236069837805	0.013	0.001	7.67953917377031e-10	ITIH5	c17
2.39862375735999e-14	0.189388669404924	0.114	0.028	8.04450435743394e-10	TPCN2	c17
2.71134848752993e-14	0.201060795758293	0.07	0.012	9.09332055747789e-10	C20orf96	c17
2.95531493012318e-14	0.229410866446672	0.843	0.41	9.91153521264713e-10	NUCB2	c17
2.97979480732497e-14	0.341863465483313	0.079	0.015	9.99363582480649e-10	ZNF555	c17
3.07745716802198e-14	0.69839861852778	0.066	0.011	1.03211758501121e-09	RND1	c17
3.11081228640366e-14	1.33230256149862	0.031	0.003	1.04330422461406e-09	ALG1L	c17
3.15859258504222e-14	0.101939880874486	0.114	0.028	1.05932878117146e-09	AC244090.1	c17
3.88552020109375e-14	1.49008121386587	0.031	0.003	1.30312576504282e-09	KLF8	c17
6.11881998384192e-14	3.38541990258655	0.013	0.001	2.0521298461809e-09	PPP1R36	c17
6.49095592088366e-14	2.83267852280857	0.017	0.001	2.17693679674596e-09	NSUN7	c17
7.18712876282076e-14	0.479769866205158	0.974	0.634	2.41041924447482e-09	GSTP1	c17
7.24290224064384e-14	0.461994277636375	0.07	0.013	2.42912455346713e-09	VPS9D1	c17
7.94124272106984e-14	2.03350388243901	0.022	0.002	2.6633339837924e-09	TRAM2-AS1	c17
1.0353048512449e-13	0.113131746160724	0.1	0.023	3.47220541010514e-09	KCNQ1OT1	c17
1.12192246490205e-13	1.1265816533019	0.026	0.002	3.76270356278851e-09	SIRPA	c17
1.13467380417887e-13	2.34678192364416	0.017	0.001	3.80546900445509e-09	CYP46A1	c17
1.13467380458462e-13	2.60486961688527	0.017	0.001	3.80546900581589e-09	ILDR1	c17
1.45664753025031e-13	0.576823512782688	0.057	0.009	4.8853044869535e-09	AL033527.5	c17
1.47012230275568e-13	1.59352879173702	0.026	0.002	4.93049617898199e-09	ODAPH	c17
1.54959727014333e-13	3.41281990066872	0.013	0.001	5.19703932460671e-09	AC008494.3	c17
1.81130240568386e-13	0.65007634569602	0.052	0.008	6.07474600818254e-09	MISP3	c17
1.91958804217396e-13	1.21421962654331	0.026	0.002	6.43791437584302e-09	ADM	c17
2.13876721506422e-13	1.50796805216444	0.035	0.004	7.17299748588239e-09	BCL2L2	c17
3.25144405613099e-13	0.729403382814712	0.061	0.011	1.09046930754521e-08	AC004889.1	c17
4.63773492385331e-13	0.19476517293329	0.943	0.505	1.55540353876192e-08	CD63	c17
4.83989546225303e-13	1.06303097198227	0.035	0.004	1.62320414013042e-08	AC007262.2	c17
5.71775348705603e-13	1.14136697688302	0.035	0.004	1.91762016448885e-08	ZNF629	c17
6.13135529293139e-13	1.10435980693088	0.039	0.005	2.05633393814333e-08	AC106047.1	c17
6.88495106677377e-13	1.18171858496221	0.026	0.002	2.30907488877459e-08	CDK18	c17
7.04771904239263e-13	0.277453496616791	0.083	0.018	2.36366401243764e-08	TFEB	c17
7.36232325235849e-13	2.26019924533566	0.096	0.023	2.46917597237599e-08	MYBL2	c17
7.74451421553454e-13	0.179426482346098	0.087	0.02	2.59735517760597e-08	CFAP54	c17
8.5014905535422e-13	1.36796789139702	0.031	0.003	2.85122990184698e-08	AP001033.1	c17
8.55135785734989e-13	3.09319337596723	0.013	0.001	2.86795439819801e-08	GUCY2D	c17
9.60209376809167e-13	0.750408967771016	0.061	0.011	3.22035020794258e-08	CCDC144A	c17
1.00036584486945e-12	0.481221522061038	0.956	0.576	3.35502697052316e-08	LMAN2	c17
1.13735344531026e-12	0.302526287487148	0.07	0.014	3.81445598488154e-08	FUT8-AS1	c17
1.23985017842353e-12	0.251964347107926	0.1	0.025	4.15820952839682e-08	AC016876.1	c17
1.35967746170609e-12	1.67496348723346	0.035	0.004	4.56008627106989e-08	C2orf92	c17
1.42839232533496e-12	2.46458295174254	0.017	0.001	4.7905421807084e-08	AGAP2-AS1	c17
1.50526311080331e-12	0.803218525270266	0.039	0.005	5.04835142101214e-08	AC008957.1	c17
1.65794839577953e-12	1.01784145128749	0.048	0.007	5.56042732976538e-08	AC024575.1	c17
1.8683223272839e-12	1.32633144666262	0.035	0.004	6.26597942124475e-08	ZNF768	c17
1.87209354324476e-12	2.74900177557111	0.013	0.001	6.27862732533429e-08	ASCL1	c17
2.05466250459087e-12	0.134487667081408	0.734	0.502	6.89092710789688e-08	HSPA1A	c17
2.26373402544165e-12	2.32036060528314	0.017	0.001	7.59211117452622e-08	SHB	c17
2.36173558664151e-12	0.371928612943974	0.057	0.01	7.92078881047829e-08	AC020911.2	c17
2.51011726937851e-12	1.06849297971831	0.035	0.004	8.41843129804165e-08	MORN4	c17
3.37358724603885e-12	1.2938029746979	0.044	0.006	1.13143369057651e-07	HIST1H2BD	c17
3.5121687039702e-12	2.52234703650641	0.017	0.001	1.17791113993753e-07	RHPN2	c17
3.51755956099062e-12	2.49750756811606	0.017	0.001	1.17971912556504e-07	C9orf24	c17
3.5247599923758e-12	2.65395806708567	0.017	0.001	1.182134006243e-07	STXBP6	c17
3.93402388136727e-12	1.92635001975442	0.013	0.001	1.31939292933295e-07	HSPG2	c17
3.93402388136727e-12	1.82143299361579	0.013	0.001	1.31939292933295e-07	TUBB2B	c17
4.30425051694743e-12	1.82791918474501	0.026	0.003	1.44355953837383e-07	FNBP1L	c17
4.36508587958387e-12	0.694974895242448	0.044	0.006	1.46396250229484e-07	CCT6B	c17
5.42098283094809e-12	2.50598131102796	0.017	0.001	1.81808922184337e-07	RAB9B	c17
5.88114557233454e-12	1.9173302991817	0.022	0.002	1.97241860204956e-07	KCTD3	c17
5.94421222212419e-12	1.17418763327242	0.039	0.005	1.99356989505601e-07	AC026471.2	c17
6.13471293818132e-12	0.427544994295205	0.083	0.019	2.05746002520725e-07	C16orf95	c17
8.00680239444837e-12	0.407802347830407	0.061	0.012	2.68532138705009e-07	NEK3	c17
9.09640217475817e-12	0.217988459964017	0.083	0.019	3.0507513613704e-07	FXN	c17
9.90002260757118e-12	1.01383567373427	0.044	0.007	3.32026958212722e-07	MAGIX	c17
1.09769149592378e-11	0.191875973045582	0.948	0.518	3.68143773902917e-07	TENT5C	c17
1.29020784653412e-11	0.539792364665582	0.057	0.01	4.32709907570615e-07	SRC	c17
1.38265703669413e-11	0.449412550611943	0.978	0.786	4.63715516966479e-07	KRTCAP2	c17
1.63621558518189e-11	1.03120844267068	0.035	0.004	5.48753982958304e-07	IL17RC	c17
1.92098298299226e-11	0.258727222529637	0.891	0.457	6.44259272835943e-07	ARF4	c17
1.95285360708586e-11	0.507442047166222	0.057	0.011	6.54948042744456e-07	HMGN5	c17
2.22904112636231e-11	1.94699218133984	0.026	0.003	7.4757581295939e-07	ZDHHC23	c17
2.71066805855816e-11	2.36286837009643	0.017	0.001	9.09103853479236e-07	AC131011.1	c17
2.74658225784078e-11	1.32834655852452	0.026	0.003	9.2114875763464e-07	ITSN1	c17
2.94199951247568e-11	2.68794376562112	0.013	0.001	9.86687796494094e-07	DDR2	c17
2.98248268959903e-11	2.25088246214665	0.022	0.002	1.00026504443772e-06	GMPR	c17
3.03613747717607e-11	0.735299125645118	0.035	0.005	1.01825978709531e-06	AC022098.4	c17
3.22070973442847e-11	1.78731679577167	0.031	0.004	1.08016163073262e-06	AC005076.1	c17
3.67073992395937e-11	1.6190369960977	0.035	0.005	1.2310927556975e-06	MROH8	c17
3.70511322971230e-11	0.59640927948982	0.039	0.006	1.24262087498091e-06	LINC01715	c17
4.17452405803351e-11	0.121453044222564	0.052	0.009	1.40005187858328e-06	TTC8	c17
4.22200518579364e-11	0.141942863487733	0.087	0.022	1.41597609921147e-06	PFKM	c17
5.12176959289945e-11	1.62046167991116	0.031	0.004	1.71773908606662e-06	PPFIA3	c17
5.39008019270584e-11	2.62913301672213	0.013	0.001	1.80772509502969e-06	AC026250.1	c17
5.62243167087276e-11	2.33537475432925	0.017	0.001	1.88565113377731e-06	ARHGEF25	c17
6.90071144515484e-11	0.917901324708218	0.035	0.005	2.31436060447603e-06	TLR6	c17
6.96160852409113e-11	0.82048990428181	0.035	0.005	2.33478426680968e-06	AL512625.1	c17
7.05082875173386e-11	0.843875826874205	0.048	0.008	2.3647069467565e-06	CCDC24	c17
8.19412890150588e-11	1.61911888167249	0.022	0.002	2.74814695098704e-06	THNSL2	c17
8.28374924868163e-11	0.796152029458144	0.048	0.008	2.77820382302285e-06	CA13	c17
8.83043855832727e-11	0.332523162137083	0.066	0.014	2.9615524836918e-06	CACFD1	c17
9.51090821971232e-11	0.612261955370728	0.048	0.008	3.18976839872712e-06	ANKRD33B	c17
9.57505870018705e-11	3.17452438837625	0.013	0.001	3.21128318686873e-06	AC111006.1	c17
9.61445353133632e-11	2.82893683912021	0.013	0.001	3.22449542533958e-06	FAM151B	c17
1.08223971612708e-10	0.548316062377523	0.061	0.013	3.62961555994699e-06	MMACHC	c17
1.12689471253505e-10	2.27296393603858	0.017	0.001	3.77937948690003e-06	KCNMB3	c17
1.2783037839663e-10	0.193455491964289	0.258	0.107	4.28717523066617e-06	SPINK2	c17
1.28124314451677e-10	0.727253996173577	0.087	0.022	4.29703325808035e-06	FAM13A	c17
1.40360649594443e-10	1.30527495955797	0.026	0.003	4.70741546609843e-06	FERMT2	c17
1.51929925274575e-10	0.202108996979917	0.083	0.021	5.09542583385868e-06	RNLS	c17
1.56898919425124e-10	2.63330746044073	0.017	0.001	5.26207595967982e-06	ZBTB12	c17
1.63809510057283e-10	1.7841502310441	0.022	0.002	5.49384334830116e-06	RPS6KL1	c17
1.63926747547487e-10	1.65004749072935	0.022	0.002	5.49777525924761e-06	AL024507.2	c17
1.67917942193179e-10	0.883460311811906	0.035	0.005	5.63163194527484e-06	MAMDC4	c17
1.85682578982835e-10	0.631756407195327	0.057	0.011	6.22742233392633e-06	CDKL5	c17
2.05327372448659e-10	1.61071252006333	0.022	0.002	6.88626941718311e-06	AC008074.3	c17
2.48374531029595e-10	0.426265031957929	0.074	0.018	8.32998502167055e-06	AVEN	c17
2.55105064309284e-10	1.91170492050457	0.022	0.002	8.55571364680478e-06	AC061992.1	c17
2.81462075597841e-10	0.385968065739469	0.092	0.025	9.43967509140041e-06	HIST1H2BF	c17
2.8431305431772e-10	2.53982602611476	0.013	0.001	9.53529121570771e-06	EML1	c17
3.74460935225734e-10	1.40614350965764	0.026	0.003	1.25586708456007e-05	PFKFB2	c17
3.84191302832312e-10	1.0834345909263	0.031	0.004	1.28850079143901e-05	AC145285.2	c17
3.98705121338875e-10	3.11618880692574	0.017	0.001	1.33717723594632e-05	TP63	c17
4.69748275417001e-10	2.92349175846707	0.013	0.001	1.57544176609354e-05	AC079630.1	c17
5.33290214218525e-10	0.327092336264785	0.087	0.023	1.78854872044609e-05	CDC6	c17
5.78606692052506e-10	0.264790210906111	0.939	0.583	1.94053112380569e-05	PSAP	c17
7.40730478306891e-10	2.14752732646161	0.017	0.001	2.48426187814565e-05	AC009630.1	c17
7.62711980699908e-10	2.67439911029296	0.013	0.001	2.55798344087135e-05	NRTN	c17
7.65570781947199e-10	2.5712394239448	0.013	0.001	2.56757128849451e-05	SEPT4-AS1	c17
7.7847596018783e-10	0.576970163580544	0.044	0.008	2.61085267527794e-05	ZCCHC24	c17
7.91244775822711e-10	0.104600510762824	0.044	0.008	2.65367672915421e-05	SLC35G2	c17
8.09964785608453e-10	0.654781942453562	0.048	0.009	2.71645989797363e-05	AC093462.1	c17
9.76507441760855e-10	0.391679638931209	0.969	0.737	3.27501065817756e-05	TMEM59	c17
9.85909310462083e-10	2.38998150777995	0.017	0.001	3.30654264542773e-05	TTC23	c17
9.92313363648436e-10	1.95875082486748	0.017	0.001	3.32802055900412e-05	PRR36	c17
1.00804509960303e-09	0.372128318517803	0.943	0.564	3.38078165504863e-05	DDOST	c17
1.0691405562102e-09	0.198220562752234	0.048	0.009	3.58568359741778e-05	AP003068.2	c17
1.12924688930851e-09	0.142989086461434	0.066	0.015	3.78726821736287e-05	RMDN2	c17
1.19681869866855e-09	3.5189001324538	0.013	0.001	4.01389055159459e-05	SSTR2	c17
1.34317840186605e-09	0.105122842523803	0.074	0.019	4.50475172417836e-05	EPB41L2	c17
1.58684331126109e-09	1.51722490295319	0.022	0.002	5.32195509730746e-05	AC093827.5	c17
1.72255715767344e-09	0.265798860320433	0.969	0.587	5.77711219540517e-05	TRAM1	c17
1.75758174325854e-09	1.19074964001248	0.052	0.011	5.89457765054049e-05	HIST1H4B	c17
1.89774743029007e-09	2.60689059935909	0.013	0.001	6.36466533170683e-05	SH3RF1	c17
1.90066240346274e-09	2.31851975499966	0.013	0.001	6.37444156873333e-05	LHFPL1	c17
2.24529795625666e-09	2.24196890415746	0.017	0.002	7.53028028569359e-05	TLE6	c17
2.46953300792089e-09	0.872314327722269	0.039	0.007	8.28231980196508e-05	FP236383.2	c17
2.8699614371208e-09	3.21745364604849	0.013	0.001	9.62527666781573e-05	PCDHGB5	c17
2.90743467073799e-09	1.98326015553142	0.017	0.002	9.75095439872109e-05	LINC01301	c17
2.91342090867815e-09	2.63566948834317	0.013	0.001	9.77103104352478e-05	KCNIP2	c17
3.29760347948225e-09	1.63193162393207	0.022	0.002	0.000110595025494876	MOCS1	c17
3.59252468752734e-09	0.449982578564667	0.052	0.011	0.000120486092970292	SIAE	c17
3.6179113146592e-09	0.700915494620372	0.035	0.006	0.00012133750967104	LINC02391	c17
3.69208200338925e-09	0.88542699491785	0.031	0.004	0.000123825046229669	MORF4L2-AS1	c17
3.7695098610449e-09	1.72999176185263	0.017	0.002	0.000126421821719724	C10orf25	c17
3.93167791598996e-09	1.40972969516985	0.022	0.002	0.000131860613946471	AL590714.1	c17
4.18437969237135e-09	1.70358404520687	0.026	0.003	0.00014033572612275	TIGD3	c17
4.40309497806223e-09	2.29230197945901	0.013	0.001	0.000147670999374251	GSDME	c17
4.63309557388191e-09	0.713666946697034	0.044	0.008	0.000155384759356851	HIST1H4E	c17
6.08430533887119e-09	2.4365238259002	0.017	0.002	0.000204055432455062	TMEM81	c17
6.13861533580414e-09	1.80103787377033	0.017	0.002	0.000205876881132199	AC097662.1	c17
6.14543715237046e-09	1.83161810781097	0.017	0.002	0.0002061056712162	NPAS1	c17
6.22827473044385e-09	0.723894582588882	0.039	0.007	0.000208883877909626	FZD6	c17
6.54422040586826e-09	2.39847667359933	0.013	0.001	0.00021948006397201	RNF103-CHMP3	c17
7.42480609072018e-09	2.29198101028039	0.022	0.002	0.000249013146670573	STK33	c17
7.81269148513428e-09	1.70836520853083	0.017	0.002	0.000262022047028433	C21orf91-OT1	c17
8.72897491886066e-09	0.486709059726922	0.039	0.007	0.000292752360828749	HK2	c17
9.00297634247987e-09	1.86438587494726	0.022	0.002	0.00030194182057409	SORT1	c17
9.3426676956978e-09	3.65619454492654	0.013	0.001	0.000313334389178313	POF1B	c17
9.57894744953739e-09	1.96887283441104	0.013	0.001	0.000321258739562585	LINC02332	c17
1.00276648124485e-08	0.840835173747999	0.031	0.005	0.000336307822479899	LBX2	c17
1.02339410309947e-08	1.01555559350732	0.035	0.006	0.0003432259142975	MANEAL	c17
1.22231412803542e-08	0.360004430712848	0.052	0.011	0.000409939712260518	FP236383.3	c17
1.29320047661843e-08	0.22330337140846	0.066	0.016	0.00043371357584829	NAT14	c17
1.44385366977847e-08	1.63245321985832	0.022	0.003	0.000484239643770304	RIMKLA	c17
1.53855862276346e-08	1.67660606812154	0.017	0.002	0.00051600179090241	AP000442.2	c17
1.60752771607445e-08	1.40299814500311	0.026	0.004	0.000539132645417048	NME1-NME2	c17
1.77192247094865e-08	0.456523455774517	0.035	0.006	0.000594267358306758	CHODL	c17
1.7840490133927e-08	1.13893607544481	0.039	0.007	0.000598334358111644	AC040169.1	c17
1.95334956706946e-08	0.11233331227034	0.052	0.012	0.000655114377803757	AL162231.1	c17
2.33631596242375e-08	0.152085014676301	0.039	0.007	0.000783553647477677	KLHL32	c17
2.58774574619726e-08	0.163937755314168	0.061	0.015	0.000867878168359636	DMGDH	c17
2.59239601940622e-08	0.24124930898017	0.048	0.01	0.000869437776988459	PHETA2	c17
2.7656219183928e-08	2.08711335384852	0.013	0.001	0.000927534278990576	IL3RA	c17
2.76931242219609e-08	2.22413639817309	0.013	0.001	0.000928772000156126	LINC01252	c17
2.87428299903243e-08	0.281495016617878	0.939	0.589	0.000963977032215497	SEC62	c17
2.97571854694597e-08	0.344165168833804	0.978	0.819	0.00099799648627474	SERP1	c17
3.19281085721282e-08	0.58612265376655	0.044	0.009	0.00107080490529204	SLC49A3	c17
3.52698112664465e-08	1.22956034740082	0.022	0.003	0.00118287893025408	LNP1	c17
3.58083742690054e-08	1.75058477471062	0.017	0.002	0.0012009412562339	ZNF625	c17
4.81903124218535e-08	0.437044110162633	0.035	0.006	0.00161620669800412	OTUD7A	c17
5.05418154884697e-08	0.238277010570886	0.948	0.57	0.0016950714078523	TMED10	c17
5.85276540167822e-08	0.544735664040501	0.044	0.009	0.00196290046041484	NPIPB11	c17
6.71401859892579e-08	0.556387555061654	0.035	0.006	0.00225174755770773	NRG2	c17
7.17292725608156e-08	2.58127569371572	0.013	0.001	0.00240565634314464	SLC28A3	c17
7.19105393739672e-08	2.49138872076976	0.013	0.001	0.00241173566952411	AC006329.1	c17
7.19710601840258e-08	2.07053620868132	0.013	0.001	0.00241376541645186	LIN7A	c17
7.25934322738476e-08	0.28192974800448	0.917	0.526	0.0024346385316003	OSTC	c17
7.5503683506334e-08	0.659630851377237	0.044	0.009	0.00253224253743543	LINC01353	c17
8.55601051181768e-08	0.380185146262691	0.044	0.009	0.00286951480545341	ENKD1	c17
9.06776222616793e-08	2.49225267885112	0.017	0.002	0.0030411460954122	AC091153.3	c17
9.17920637852501e-08	0.685337639538179	0.035	0.006	0.00307852223522972	LOH12CR2	c17
1.03865478468775e-07	0.167553559147595	0.044	0.009	0.00348344041688576	RBM26-AS1	c17
1.28929880880454e-07	2.56972219763011	0.013	0.001	0.00432405034496866	LCN12	c17
1.31702673593514e-07	1.45007432364084	0.022	0.003	0.00441704426697928	CCDC153	c17
1.34810404193389e-07	0.380594772907021	0.039	0.008	0.0045212713358379	CCDC121	c17
1.353169018176e-07	0.228459364797688	0.07	0.02	0.00453825825315868	APOM	c17
1.4655975035917e-07	0.34582885840444	0.974	0.667	0.00491532090754583	RABAC1	c17
1.58266413974288e-07	1.91628591160321	0.017	0.002	0.00530793899186967	AC106707.1	c17
1.70546202790377e-07	2.06373507176671	0.013	0.001	0.00571977854918367	AL592164.1	c17
1.70750500078073e-07	1.69916263736053	0.013	0.001	0.00572663027161843	CHDH	c17
1.90043814189586e-07	1.38747287248445	0.022	0.003	0.00637368944029034	CAGE1	c17
2.22514372275564e-07	1.37956265019517	0.017	0.002	0.00746268701737786	ARHGAP24	c17
2.25508407077862e-07	0.409909796356461	0.039	0.008	0.00756310095657734	PDCD1LG2	c17
2.40219400477211e-07	0.139005726981959	0.039	0.008	0.0080564782532047	PHETA1	c17
2.40756148913733e-07	1.30746063863948	0.026	0.004	0.00807447972226876	RNFT2	c17
2.53557599576982e-07	2.4124399107119	0.039	0.008	0.00850381477461282	HIST1H3J	c17
2.78124435332306e-07	0.435038129059408	0.066	0.018	0.00932773731217488	TET1	c17
2.94610320642748e-07	0.588241123610816	0.026	0.004	0.00988064093371649	MST1	c17
3.07278249325229e-07	0.544322232389229	0.044	0.01	0.0103054979258695	ARHGEF5	c17
3.0757085562542e-07	1.85604442756417	0.017	0.002	0.0103153113559653	AC109322.1	c17
3.07650171052132e-07	1.43090322373461	0.031	0.005	0.0103179714367464	BDNF-AS	c17
3.08301322679762e-07	1.79012986271773	0.017	0.002	0.0103398097600339	ZBTB46	c17
3.14407680978779e-07	1.51909577365214	0.026	0.004	0.0105446048046663	KREMEN2	c17
3.24927883411363e-07	0.122857423552168	0.07	0.021	0.0108974313538503	TMEM268	c17
3.34842613103743e-07	0.25652792648446	0.083	0.027	0.0112299515582733	AC091271.1	c17
3.72928737220996e-07	2.26184084218881	0.013	0.001	0.0125072839889178	HLX	c17
3.74062685865738e-07	2.01042931092147	0.013	0.001	0.0125453143585651	DOK5	c17
4.24365746061866e-07	0.928027569087305	0.022	0.003	0.0142323783914229	CFAP70	c17
4.42768559068811e-07	0.847080531634046	0.031	0.005	0.0148495719340498	DIXDC1	c17
4.77604418168451e-07	2.12028202138879	0.013	0.001	0.0160178969765335	SLC44A5	c17
4.78496853169691e-07	1.86627736756073	0.013	0.001	0.0160478274616051	TTC36	c17
4.87878467829314e-07	0.374319392475195	0.039	0.008	0.0163624680540595	CYP27B1	c17
5.66611537822284e-07	1.16716504104853	0.026	0.004	0.0190030177554838	SMIM10	c17
6.06982994294548e-07	1.98499004954797	0.013	0.001	0.0203569956626505	AC023794.3	c17
6.10942052929027e-07	1.13461990640561	0.026	0.004	0.0204897745711337	SNX22	c17
6.26281748807181e-07	0.295456607167099	0.031	0.006	0.0210042372914952	NAV1	c17
6.38001950033378e-07	0.356934290077178	0.035	0.007	0.0213973094002194	PLEKHA4	c17
6.6413687722467e-07	1.59100085993187	0.017	0.002	0.022273822588361	SORBS1	c17
7.56137107800047e-07	0.539507328086545	0.031	0.006	0.025359326321398	MIR210HG	c17
7.64937797257534e-07	2.02982411119455	0.013	0.001	0.0256544838444232	KYNU	c17
7.65768152116079e-07	1.87898533891329	0.013	0.001	0.025682332285669	WDR11-AS1	c17
7.67427153009561e-07	1.31839703528814	0.017	0.002	0.0257379718576347	Z84485.1	c17
8.85793821483948e-07	1.24671901696625	0.017	0.002	0.0297077531849287	AC092490.1	c17
9.56603606046146e-07	2.17635584269161	0.013	0.001	0.0320825717395756	AC007365.1	c17
9.56944279058949e-07	2.18223372414476	0.013	0.001	0.032093997231079	FP565260.3	c17
9.56944279058949e-07	2.15431456014174	0.013	0.001	0.032093997231079	AP000880.1	c17
9.56944279058949e-07	2.066176423323	0.013	0.001	0.032093997231079	LINC02569	c17
9.5864939684856e-07	2.26186150155687	0.013	0.001	0.032151183471507	ZNF436-AS1	c17
9.58990771220391e-07	1.93238259998825	0.013	0.001	0.0321626324851895	ACHE	c17
1.11839657327721e-06	0.194537642940761	0.978	0.681	0.037508784274571	NME2	c17
1.13144051979861e-06	0.942044353798817	0.031	0.006	0.0379462521530057	PLXNB2	c17
1.17341278903392e-06	0.616200127417959	0.035	0.007	0.0393539181186195	VAV2	c17
1.27223249585688e-06	0.235881383016683	0.044	0.01	0.0426681334460481	TP73	c17
1.33890031762808e-06	0.81289187563055	0.017	0.002	0.0449040388526106	TMEM37	c17
