p_val	avg_log2FC	pct.1	pct.2	p_val_adj	gene	seurat_clusters
0	6.99201881542367	0.061	0.001	0	CCNJL	c4
0	6.86604738895216	0.051	0.001	0	KIR3DL3	c4
0	6.85162260809767	0.057	0.001	0	KRT81	c4
0	6.48092017544286	0.233	0.004	0	SH2D1B	c4
0	6.27452527560168	0.172	0.004	0	TRDV3	c4
0	6.20101612637284	0.043	0.001	0	AC007349.2	c4
0	5.91421129306752	0.059	0.002	0	NCR2	c4
0	5.83723459263621	0.139	0.003	0	KIR2DL3	c4
0	5.81770684071156	0.858	0.027	0	KIR2DL4	c4
0	5.72677166900757	0.129	0.004	0	B3GNT7	c4
0	5.05264555501045	0.142	0.005	0	KRT86	c4
0	5.02278167364434	0.18	0.006	0	SPRY2	c4
0	4.80464230009849	0.599	0.034	0	LAT2	c4
0	4.80101748200186	0.403	0.026	0	TRDV1	c4
0	4.7605224218582	0.281	0.013	0	NCR1	c4
0	4.73021508016889	0.792	0.053	0	KLRC2	c4
0	4.70872342464966	0.053	0.003	0	CDH17	c4
0	4.69684708260878	0.082	0.004	0	AC120193.1	c4
0	4.68656854004998	0.183	0.008	0	ADRB1	c4
0	4.65598878996267	0.116	0.006	0	DRAXIN	c4
0	4.62384984253693	0.575	0.035	0	AC068775.1	c4
0	4.53519774305486	0.527	0.024	0	TRDC	c4
0	4.52060119957562	0.826	0.063	0	KLRC3	c4
0	4.40803986156652	0.056	0.003	0	FGD4	c4
0	4.40394687506043	0.217	0.011	0	ADAM28	c4
0	4.38508073184346	0.479	0.05	0	TRGV4	c4
0	4.37635686742201	0.448	0.012	0	FCER1G	c4
0	4.34029804022917	0.491	0.036	0	ATP8B4	c4
0	4.1612952486718	0.37	0.03	0	CXXC5	c4
0	4.11991299605799	0.343	0.027	0	LYN	c4
0	4.11872391462876	0.062	0.005	0	AK4	c4
0	4.05455403475084	0.104	0.01	0	KLHL23	c4
0	4.04285665724158	0.112	0.008	0	TRDV2	c4
0	4.02410511889222	0.3	0.027	0	FES	c4
0	-3.89835765998611	0.062	0.423	0	CD28	c4
0	3.80955963968732	0.213	0.018	0	KIR3DL2	c4
0	3.7825714079313	0.118	0.008	0	PDGFD	c4
0	3.7390131918934	0.067	0.006	0	IFITM10	c4
0	-3.71768716840724	0.061	0.333	0	CTLA4	c4
0	-3.65944516555041	0.048	0.306	0	LINC00861	c4
0	3.63820573062077	0.17	0.019	0	CRACR2B	c4
0	3.63015623689075	0.376	0.016	0	TYROBP	c4
0	3.62894777953537	0.118	0.01	0	LILRB1	c4
0	3.62046628831998	0.31	0.031	0	MYO1E	c4
0	3.60604429232477	0.215	0.02	0	KIFC3	c4
0	-3.5433781511881	0.06	0.347	0	CD4	c4
0	3.47757863468319	0.143	0.014	0	PIK3R6	c4
0	3.39605225327705	0.091	0.012	0	MAPK12	c4
0	3.33978772077567	0.277	0.048	0	TRGV8	c4
0	-3.33826710969356	0.082	0.39	0	CD40LG	c4
0	3.23826146054001	0.375	0.046	0	ADGRG1	c4
0	-3.11083824541482	0.077	0.373	0	CD82	c4
0	-3.03359009309714	0.137	0.565	0	CD5	c4
0	-3.02716466054773	0.128	0.534	0	GPR183	c4
0	2.99551570676874	0.71	0.12	0	CD160	c4
0	2.97975749047107	0.1	0.014	0	CLNK	c4
0	2.94731688496644	0.091	0.012	0	CLDN7	c4
0	2.94386992432831	0.539	0.072	0	IKZF2	c4
0	2.93339277539289	0.12	0.015	0	MMP23B	c4
0	2.8791262379647	0.358	0.058	0	LAYN	c4
0	2.85879061639319	0.301	0.056	0	CCRL2	c4
0	-2.84427162172504	0.165	0.659	0	ITGB2	c4
0	-2.8105018161831	0.106	0.434	0	SLAMF1	c4
0	2.79936187566214	0.408	0.105	0	PLPP1	c4
0	2.77872810828457	0.184	0.043	0	KLRC1	c4
0	2.75737366868149	0.152	0.023	0	HMOX1	c4
0	2.74177700238564	0.243	0.068	0	TRGV9	c4
0	2.73843469634316	0.174	0.031	0	TRGC1	c4
0	2.6772552171035	0.152	0.029	0	TGFBR3L	c4
0	-2.67129839637883	0.094	0.362	0	TMEM173	c4
0	2.66666453709636	0.189	0.038	0	HES4	c4
0	2.66502316290866	0.285	0.056	0	NMUR1	c4
0	-2.65756007073967	0.22	0.711	0	CD6	c4
0	2.63015910906094	0.45	0.1	0	TRGC2	c4
0	2.62790255307387	0.126	0.019	0	SLC9A3R2	c4
0	2.59283152673706	0.321	0.068	0	DBN1	c4
0	2.57020062077143	0.306	0.108	0	TRGV2	c4
0	2.54245231422635	0.172	0.035	0	SLC25A15	c4
0	2.53332390821726	0.433	0.103	0	ID3	c4
0	2.45388231738137	0.311	0.077	0	GEM	c4
0	2.40551458923762	0.53	0.151	0	FAM3C	c4
0	2.40104960954438	0.174	0.033	0	CA10	c4
0	2.37781874824157	0.131	0.025	0	NPM2	c4
0	2.34999369278261	0.437	0.12	0	UBASH3B	c4
0	2.34865517760803	0.254	0.063	0	PLCG2	c4
0	2.34468545593932	0.166	0.036	0	AC103702.2	c4
0	2.34074494556882	0.792	0.468	0	GZMA	c4
0	-2.32706960122627	0.228	0.613	0	CD27	c4
0	-2.27174406323882	0.159	0.428	0	AQP3	c4
0	2.23277833478139	0.223	0.055	0	AKAP5	c4
0	2.22865124362961	0.679	0.209	0	TMIGD2	c4
0	2.21708390005954	0.56	0.161	0	RIN3	c4
0	-2.19354325250567	0.145	0.424	0	INPP4B	c4
0	2.1776387985012	0.725	0.266	0	LDLRAD4	c4
0	2.15988548165015	0.33	0.13	0	TRGV3	c4
0	2.15977929214471	0.596	0.163	0	XCL2	c4
0	2.12029021234571	0.229	0.061	0	PIK3AP1	c4
0	2.10502588997779	0.425	0.117	0	TXK	c4
0	-2.10324282172539	0.209	0.611	0	SIT1	c4
0	2.09103424835813	0.267	0.069	0	CHN2	c4
0	2.06317297804161	0.326	0.088	0	CAPN12	c4
0	2.0630809748464	0.334	0.096	0	ISYNA1	c4
0	2.05220260137669	0.959	0.436	0	HOPX	c4
0	-2.02714011916509	0.438	0.746	0	LTB	c4
0	-2.01890100315929	0.242	0.59	0	AHNAK	c4
0	2.0150555336699	0.881	0.261	0	KLRD1	c4
0	-2.01469579968693	0.185	0.479	0	LIME1	c4
0	1.9999409738174	0.28	0.078	0	GFOD1	c4
0	1.99787863597617	0.264	0.078	0	HAGHL	c4
0	1.95128584849385	0.422	0.155	0	SLC16A3	c4
0	1.94900376918603	0.809	0.335	0	ITGA1	c4
0	1.94832612655459	0.482	0.146	0	CD244	c4
0	1.94726586244883	0.266	0.079	0	CCDC50	c4
0	-1.92139745116844	0.37	0.754	0	SPOCK2	c4
0	1.910083913177	0.542	0.19	0	GNPTAB	c4
0	1.88974484332817	0.255	0.077	0	PDE4A	c4
0	-1.86825151641036	0.242	0.522	0	ICOS	c4
0	1.8655258844975	0.311	0.103	0	DGKD	c4
0	1.86194163471109	0.25	0.079	0	SSH1	c4
0	1.85728295410389	0.476	0.145	0	XCL1	c4
0	1.85186732065064	0.529	0.138	0	GNLY	c4
0	1.81331365536103	0.271	0.089	0	P2RY11	c4
0	1.8057313804268	0.77	0.333	0	RHOC	c4
0	-1.79504696944996	0.441	0.74	0	ANXA1	c4
0	1.79342957091732	0.293	0.095	0	SLC12A6	c4
0	1.76617583516285	0.294	0.101	0	KLRK1	c4
0	1.76269965951573	0.894	0.469	0	CD63	c4
0	1.74883943835545	0.525	0.199	0	CDIP1	c4
0	1.74767865842035	0.406	0.135	0	AUTS2	c4
0	1.72375977925577	0.643	0.254	0	FASLG	c4
0	1.72041802200194	0.431	0.172	0	RAB3GAP1	c4
0	1.70552334599298	0.641	0.209	0	SPRY1	c4
0	1.70448774950028	0.725	0.27	0	AOAH	c4
0	-1.63819476927017	0.312	0.57	0	PBXIP1	c4
0	1.61280957474085	0.516	0.224	0	TRG-AS1	c4
0	-1.60408171259431	0.461	0.779	0	GIMAP4	c4
0	1.55296003066481	0.443	0.157	0	ENTPD1	c4
0	-1.53212271849174	0.451	0.766	0	EMP3	c4
0	1.52967283703333	0.395	0.156	0	ABCB1	c4
0	1.52744069775047	0.736	0.383	0	MAP3K8	c4
0	1.51875908775896	0.999	0.873	0	CD7	c4
0	1.51334059001393	0.311	0.11	0	SKAP2	c4
0	1.51114497126899	0.485	0.198	0	PLA2G16	c4
0	1.50123803148126	0.494	0.205	0	BCAS4	c4
0	1.49359301799427	0.579	0.273	0	NEDD9	c4
0	1.49213319087767	0.697	0.308	0	MATK	c4
0	1.47719242859006	0.841	0.449	0	CTSW	c4
0	1.42583248652303	0.641	0.325	0	SLA2	c4
0	1.40787227250466	0.85	0.526	0	IL2RB	c4
0	-1.4007592736836	0.744	0.9	0	S100A4	c4
0	1.37352994829774	0.768	0.347	0	TIGIT	c4
0	1.36076826984808	0.781	0.393	0	ITGAE	c4
0	1.35255165467269	0.564	0.24	0	GPR15	c4
0	-1.31459945412332	0.596	0.816	0	LAT	c4
0	1.28427752849846	0.663	0.358	0	CCDC69	c4
0	1.2744410828411	0.496	0.237	0	GABARAPL1	c4
0	1.25968520326581	0.442	0.193	0	SLAMF7	c4
0	1.24224872402004	0.581	0.302	0	ACP5	c4
0	1.24039591062818	0.474	0.231	0	FOSL2	c4
0	1.22824471823572	0.952	0.72	0	CD96	c4
0	1.2094047615014	0.688	0.406	0	GPR65	c4
0	1.20178989636919	0.482	0.234	0	FAM173A	c4
0	1.20080387839101	0.819	0.499	0	PTPN22	c4
0	-1.18232028518739	0.802	0.936	0	CD2	c4
0	1.17630597815803	0.591	0.327	0	RASSF1	c4
0	-1.17461320817922	0.724	0.89	0	LDHB	c4
0	1.1626987638365	0.443	0.197	0	TNFRSF18	c4
0	1.14609655269329	0.432	0.185	0	TOX	c4
0	1.12458117273567	0.745	0.474	0	PIK3R1	c4
0	1.10428651868144	0.857	0.583	0	ARHGAP9	c4
0	1.08569650032374	0.667	0.372	0	CAPG	c4
0	1.06566686297429	0.998	0.737	0	CCL5	c4
0	1.04295956064173	0.59	0.313	0	PTGER2	c4
0	1.02611980734674	0.791	0.514	0	ABI3	c4
0	1.02229142776039	0.856	0.614	0	GSTP1	c4
0	1.01359092572735	0.836	0.596	0	TRAC	c4
0	0.940433403860213	0.8	0.58	0	PTPN6	c4
0	0.904769390848095	0.951	0.825	0	NR4A2	c4
0	-0.890402022760208	0.801	0.904	0	S100A6	c4
0	-0.867839145853761	0.805	0.902	0	FYB1	c4
0	0.85993650533838	0.799	0.504	0	LINC01871	c4
0	0.81252633244153	0.987	0.961	0	MT-ND4	c4
0	-0.803361036089888	0.996	0.995	0	TMSB10	c4
0	0.760401943378112	0.885	0.683	0	FYN	c4
0	0.736874751413968	0.993	0.925	0	ZFP36	c4
0	0.71463268777956	0.908	0.677	0	RGS1	c4
0	0.643505430656908	0.947	0.817	0	TPI1	c4
0	-0.639223176515119	0.887	0.935	0	HINT1	c4
0	0.612502206680815	0.939	0.517	0	NKG7	c4
0	0.583954654873265	0.985	0.962	0	MT-ND2	c4
0	0.551922942418227	0.999	0.984	0	FTL	c4
0	0.536256124809205	0.989	0.988	0	MT-ND5	c4
0	0.53295042403101	0.999	0.982	0	PABPC1	c4
0	0.530335012160988	0.979	0.912	0	LSP1	c4
0	0.527906734151498	0.993	0.998	0	MT-CYB	c4
0	0.485199951358265	0.994	0.999	0	MT-CO2	c4
0	0.482613938186756	0.995	0.999	0	MT-CO1	c4
0	0.476976854869461	0.994	0.998	0	MT-ND4L	c4
0	0.47091399656922	0.993	0.997	0	MT-ATP6	c4
0	0.42148485198948	0.576	0.234	0	GZMB	c4
0	0.390569427035866	0.994	0.998	0	MT-CO3	c4
0	-0.340982740607238	1	0.998	0	RPS15A	c4
0	0.337405794300157	1	0.999	0	TMSB4X	c4
0	-0.283556443922581	1	0.998	0	RPL28	c4
0	-0.279804143349666	1	1	0	B2M	c4
4.11364806176242e-307	1.2371542356558	0.516	0.269	1.37963528695388e-302	RBKS	c4
2.74826813804243e-305	0.735791780365533	0.758	0.474	9.21714168136669e-301	PRF1	c4
3.15927833517358e-302	3.97107523353609	0.057	0.004	1.05955876805052e-297	PTGIS	c4
8.68799801797642e-298	0.397668900858128	0.993	0.996	2.91378077526893e-293	MT-ATP8	c4
1.16769252056047e-297	0.479746740178884	0.982	0.9	3.91620717545571e-293	HCST	c4
1.39804380481566e-296	3.25229310461704	0.073	0.008	4.68875931259077e-292	METTL24	c4
2.87740658834744e-292	1.02185010553875	0.624	0.378	9.65024621599965e-288	PITPNC1	c4
6.45589065540293e-292	1.41363563007282	0.313	0.119	2.16517660800903e-287	SERPINB6	c4
1.43417661059755e-288	-0.344662168028755	0.998	0.996	4.80994151662208e-284	RPL14	c4
2.38854904529372e-288	-2.25331617672626	0.117	0.376	8.01071578810608e-284	PAG1	c4
1.67825807186645e-287	4.61929766411144	0.043	0.002	5.62854192142569e-283	FCRL1	c4
1.46549050898892e-286	-0.708982489591653	0.747	0.863	4.91496206904703e-282	GPSM3	c4
4.18079361896322e-286	1.92136887864958	0.193	0.055	1.40215456392789e-281	MGLL	c4
1.15075487093124e-285	2.31047137040255	0.156	0.038	3.85940168612921e-281	NUGGC	c4
1.55785683537086e-284	1.4624656715754	0.293	0.109	5.22474025446679e-280	SMIM3	c4
1.23086423513711e-281	1.18965636528566	0.425	0.199	4.12807247180283e-277	CLIC3	c4
1.50635211893996e-281	2.50484775427915	0.118	0.022	5.05200373650083e-277	NECTIN3	c4
7.76701848261747e-278	0.456202397928996	0.991	0.996	2.60490265870025e-273	MT-ND3	c4
1.25313413397092e-276	1.04511186407689	0.557	0.312	4.20276125851168e-272	PTPN4	c4
7.40409225932329e-276	1.45959041613285	0.324	0.134	2.48318446193185e-271	IL12RB2	c4
5.77651309942643e-274	1.07838108859599	0.51	0.273	1.93732696328564e-269	NR4A3	c4
5.82023326293366e-273	1.49206460390449	0.321	0.132	1.95198983172269e-268	YES1	c4
5.10819281576684e-272	-0.344010940653451	0.999	0.996	1.71318570655188e-267	RPS25	c4
5.87633721189388e-272	1.36888396599927	0.285	0.107	1.97080597412497e-267	TNIP3	c4
1.0840254142137e-269	0.651341631711792	0.886	0.74	3.6356044341899e-265	CKLF	c4
2.10450720451264e-269	2.53163260394539	0.1	0.017	7.0580962624945e-265	SLC7A4	c4
4.35634381242246e-268	0.854649947906101	0.734	0.526	1.46103058781024e-263	CHCHD10	c4
6.42294322339688e-268	0.398471864807607	0.99	0.948	2.15412669826285e-263	EVL	c4
2.07381607088917e-267	2.38699611684442	0.12	0.024	6.95516433854809e-263	SPECC1	c4
1.20091363326331e-266	-1.32043091010809	0.335	0.571	4.0276241432385e-262	RORA	c4
3.0024967539077e-266	1.38172506371131	0.343	0.148	1.00697736132556e-261	DZIP3	c4
4.64005563607219e-264	1.90306605119864	0.189	0.056	1.55618185922589e-259	IRF8	c4
7.305548408807e-264	1.47073102823096	0.325	0.137	2.45013482534569e-259	HIC1	c4
1.55823070474209e-263	4.53502816881719	0.04	0.002	5.22599413756401e-259	SEC14L6	c4
4.59510471960614e-262	0.874195827429157	0.714	0.487	1.54110622086151e-257	SYTL3	c4
7.4007588901988e-259	0.59918326302847	0.885	0.747	2.48206651659487e-254	JAK1	c4
1.03652758738375e-258	1.94795517056424	0.168	0.046	3.47630622256761e-254	FAM102B	c4
3.22063992353114e-257	1.42617473345481	0.36	0.166	1.08013821755387e-252	NDFIP2	c4
7.1597896214201e-257	3.90905633428503	0.049	0.004	2.40125024323187e-252	AC104958.1	c4
8.87765563860292e-257	0.798747861624333	0.711	0.47	2.97738814807465e-252	CBLB	c4
1.10158401087555e-255	0.490527922339449	0.417	0.188	3.69449245567444e-251	CCL4L2	c4
3.28566189921719e-255	0.693067206838024	0.927	0.817	1.10194528775946e-250	TRBC2	c4
3.33853186743153e-255	0.280606706435579	0.999	0.998	1.11967681769919e-250	PTMA	c4
2.16644158623676e-254	2.63031067433785	0.128	0.029	7.26581179192084e-250	SLCO4A1	c4
4.74927385536345e-253	1.27706428571151	0.386	0.184	1.59281146561179e-248	CD151	c4
6.22336031357003e-253	-1.69139223998999	0.289	0.513	2.08719058196512e-248	MT2A	c4
1.69371335082879e-251	-0.347394197820348	1	0.998	5.68037583600959e-247	RPS8	c4
2.93547586872604e-249	0.902904476942427	0.67	0.451	9.84499896853339e-245	ZNF331	c4
2.37224234455836e-248	0.692570399572184	0.809	0.61	7.95602637517983e-244	PRKCH	c4
7.49823484814061e-247	1.75475113861648	0.196	0.062	2.5147580033694e-242	ABHD15	c4
1.14322508289332e-246	-0.520757088307624	0.948	0.961	3.83414828300761e-242	LAPTM5	c4
8.85741558841899e-246	2.48495522110658	0.088	0.014	2.97060004004396e-241	NCAM1	c4
1.78311440857489e-245	0.870991838669914	0.665	0.439	5.98020910347845e-241	RUNX3	c4
7.51988703023034e-245	-1.99695180731785	0.161	0.395	2.52201971219865e-240	SH2D1A	c4
2.18715821176403e-243	4.84413780086341	0.038	0.002	7.33529121061421e-239	S1PR3	c4
2.90203328228703e-243	0.695251767681436	0.863	0.737	9.73283922213423e-239	CD247	c4
1.16408523604571e-242	-1.41021944139217	0.541	0.681	3.90410906465009e-238	IL7R	c4
2.04881263115135e-241	0.58283769584375	0.892	0.743	6.8713078023554e-237	PAXX	c4
5.32200928654309e-241	1.61272065986214	0.222	0.077	1.78489547452082e-236	TTC38	c4
6.08179645329319e-240	-0.398174057804224	0.999	0.995	2.03971289450547e-235	RPLP0	c4
1.02734827682644e-239	1.63980261191176	0.259	0.102	3.4455206508205e-235	PDLIM7	c4
1.43092371425268e-239	-1.28905298290159	0.302	0.533	4.79903195286064e-235	TC2N	c4
1.82229267818928e-239	1.23370709369211	0.402	0.201	6.11160518411122e-235	ECI2	c4
3.11749319291276e-239	2.39176872972539	0.101	0.019	1.04554486703908e-234	ADAMTS17	c4
3.42314247533016e-239	0.371324689132676	0.935	0.726	1.14805352337623e-234	CST7	c4
4.92164111523596e-238	1.35967002749367	0.254	0.096	1.65061999722784e-233	CD9	c4
9.14253556905821e-237	-3.07227165232852	0.054	0.269	3.06622357915074e-232	TNFRSF25	c4
2.24298377816173e-236	1.41167016890396	0.25	0.094	7.52251899519882e-232	FCRL6	c4
3.8960557711067e-236	1.60872172747342	0.228	0.081	1.30665918451377e-231	MAFF	c4
1.4733085748947e-235	-0.313832042510306	1	0.996	4.94118229848183e-231	RPL35A	c4
1.26441287356831e-233	1.5638506863342	0.249	0.095	4.2405878953734e-229	APOBR	c4
3.26649374902532e-233	1.18468570215584	0.233	0.085	1.09551667354811e-228	MZB1	c4
1.29605147492507e-232	-3.18564334681119	0.05	0.262	4.34669743660369e-228	PDCD1	c4
1.58264368341148e-230	0.554898117045319	0.904	0.764	5.3078703854254e-226	SEPT7	c4
2.20892343672881e-230	1.16498662725915	0.388	0.191	7.40828742210107e-226	ATP8A1	c4
1.02677956220081e-229	1.75495882422632	0.189	0.061	3.44361329570908e-225	WHRN	c4
4.83792913350824e-229	2.18592404085198	0.12	0.028	1.62254467279599e-224	SMPD3	c4
1.32803235667655e-228	0.834382259428717	0.664	0.454	4.45395491782183e-224	SSBP4	c4
3.66660743340908e-228	0.667883169079051	0.797	0.614	1.22970680101674e-223	PRDX5	c4
2.39090612640634e-227	0.544263299278105	0.868	0.683	8.01862096674159e-223	CLDND1	c4
5.12295582933775e-226	-0.28507111732296	1	0.998	1.71813692604329e-221	RPL11	c4
3.72853811609042e-225	2.77776102889691	0.085	0.014	1.25047711337441e-220	STYK1	c4
1.0232406697295e-224	-0.620448670014941	0.888	0.931	3.4317445581388e-220	FXYD5	c4
2.8583007281763e-224	-1.86551889693614	0.172	0.395	9.58616898215768e-220	CTSB	c4
9.76267555000167e-224	0.321171481109114	0.99	0.992	3.27420612595956e-219	MT-ND1	c4
1.81747245990048e-223	1.07976761775884	0.294	0.122	6.09543913601425e-219	CRTAM	c4
4.79484881447418e-223	1.33074806733281	0.346	0.166	1.60809639539835e-218	MPST	c4
8.27090781633995e-222	1.94107197969592	0.399	0.213	2.77389706344409e-217	AREG	c4
1.48114558628999e-220	-1.34952557526863	0.438	0.612	4.96746606729937e-216	KLRB1	c4
1.90316807311769e-220	0.836511314745834	0.543	0.313	6.38284508362209e-216	ASB2	c4
5.1027049299175e-218	-0.336009528662951	0.999	0.997	1.71134517939573e-213	RPL34	c4
8.43494054303009e-216	-1.30736887875007	0.864	0.899	2.82891035932143e-211	CD74	c4
7.05654980071197e-214	0.993164300827987	0.59	0.389	2.36662567216278e-209	PHYKPL	c4
2.5272412019582e-213	1.27507984675951	0.271	0.111	8.47586154312742e-209	CD101	c4
2.80800644924384e-213	-0.366077153535557	1	0.999	9.41749202947398e-209	HLA-B	c4
5.38880639807254e-213	2.81840335213928	0.078	0.013	1.80729788978557e-208	AL122035.1	c4
1.53652278857912e-212	0.695996312758893	0.732	0.524	5.15319012833666e-208	SIRPG	c4
3.60308768771437e-210	-0.302345558179399	0.999	0.997	1.20840354870565e-205	RPS28	c4
3.83268755929642e-210	-2.84989928952456	0.104	0.312	1.28540675363683e-205	KLF2	c4
5.58798102225513e-209	1.43807146253279	0.265	0.112	1.87409707524393e-204	AC022706.1	c4
1.31047618853655e-208	1.34496863459305	0.295	0.131	4.39507504111388e-204	EPS8L2	c4
3.50770441706477e-207	-0.773627952613755	0.689	0.805	1.17641390739518e-202	GIMAP7	c4
5.20815984334951e-207	-0.76883169622526	0.633	0.778	1.74671264826256e-202	CD44	c4
7.00424989572965e-207	0.527469585834426	0.866	0.713	2.34908533002981e-202	OSTF1	c4
1.32978077732303e-206	1.30057868817936	0.277	0.119	4.45981877098596e-202	DAPK2	c4
1.92404959163399e-206	2.81538292017627	0.064	0.009	6.45287752042209e-202	CLIP2	c4
2.89084750782558e-206	1.10305246032145	0.501	0.304	9.69532437174543e-202	PTP4A1	c4
3.59071280614454e-206	-0.790507923410181	0.945	0.952	1.20425326092475e-201	DUSP1	c4
2.34350872684892e-205	-0.384534062905802	0.998	0.998	7.85965956810592e-201	HLA-A	c4
4.17658724308834e-204	0.572116429121062	0.863	0.703	1.40074382958697e-199	PDCD4	c4
8.69928037592486e-204	2.04081831674628	0.124	0.032	2.91756465247768e-199	FBXO2	c4
1.52701980830888e-200	0.475528423728742	0.936	0.853	5.12131903310631e-196	CYTIP	c4
3.38763492379696e-200	0.780808057035463	0.703	0.515	1.13614500074303e-195	G3BP2	c4
1.08382577141315e-199	0.608938792204613	0.789	0.6	3.63493487216542e-195	SCML4	c4
1.83619598248572e-199	1.03565242804198	0.456	0.262	6.1582340860606e-195	MAD2L2	c4
3.03615931117264e-198	-1.034567136494	0.37	0.565	1.01826710978108e-193	SH3KBP1	c4
4.17078206442643e-197	3.15033546988662	0.057	0.007	1.39879688876734e-192	PRKAR2B	c4
2.66105190708191e-195	2.09674012439378	0.119	0.031	8.92463588597132e-191	MYO6	c4
1.87741817028528e-194	1.36923689094489	0.259	0.11	6.29648505950276e-190	CHPT1	c4
2.71067775463734e-194	-0.307457152756492	1	0.997	9.09107105350272e-190	RPS12	c4
1.53183505780242e-193	0.624049036527558	0.764	0.584	5.13746841685776e-189	DHRS7	c4
3.345254002812e-193	3.03645795988337	0.182	0.066	1.12193128746309e-188	TRGV5	c4
7.58132726475879e-193	0.336637407851682	0.984	0.941	2.5426255380548e-188	ARPC2	c4
1.71451567662284e-192	-0.262903538557477	1	0.999	5.75014267625767e-188	RPL10	c4
7.58570956485528e-192	1.14938264218714	0.353	0.177	2.54409527386116e-187	NBL1	c4
1.64062335540455e-191	-0.295529993044299	0.995	0.992	5.50232260935578e-187	RPL24	c4
2.11714276772323e-191	0.960782396199768	0.471	0.278	7.10047341439018e-187	ABHD17A	c4
3.97864033645819e-190	0.885907958570695	0.583	0.389	1.33435639604135e-185	CCND2	c4
5.33765666988094e-190	-0.967228507998052	0.426	0.608	1.79014329394467e-185	EML4	c4
1.39139523958131e-189	3.46642892541323	0.044	0.004	4.66646135450781e-185	LARGE2	c4
4.45203085336799e-189	1.34277062163079	0.301	0.144	1.49312210760256e-184	ATP6V0A2	c4
1.10220949270559e-188	-2.01081603599002	0.104	0.301	3.696590196636e-184	KCNA3	c4
2.76851596145427e-186	5.64658701890308	0.026	0.001	9.28504883152535e-182	KLRF2	c4
1.03988253637029e-185	1.46041221277097	0.165	0.055	3.48755805047868e-181	VAV3	c4
1.78342682943276e-185	1.53347685081621	0.166	0.055	5.98125690055158e-181	KLRC4	c4
4.07659904714775e-185	1.14341091876258	0.316	0.152	1.36720978843241e-180	GPR68	c4
4.6061209257499e-185	-2.81388076885183	0.059	0.239	1.544800836078e-180	SORL1	c4
1.05094833107767e-184	-0.297913581346493	0.999	0.996	3.52467051276828e-180	RPL39	c4
2.33611830760763e-184	-0.261838904875382	1	0.998	7.83487358005447e-180	RPL30	c4
3.78283244535787e-182	-0.298296961563069	1	0.997	1.26868634552412e-177	RPS14	c4
1.81046410282192e-181	0.74308345255458	0.657	0.457	6.07193450804415e-177	SOCS1	c4
4.9832672158503e-180	0.345103694839094	0.999	0.989	1.67128815885187e-175	GAPDH	c4
6.58064139281837e-180	-0.962202953902215	0.406	0.588	2.20701551032343e-175	FLT3LG	c4
7.42793926724658e-179	1.00138777571201	0.429	0.245	2.49118227144916e-174	DENND1B	c4
1.20432010255535e-178	0.976797139273584	0.42	0.234	4.03904875995013e-174	SYTL2	c4
2.46107271292603e-178	2.55587126336857	0.083	0.017	8.25394566461133e-174	NFIL3	c4
1.24784579969667e-177	-0.314727354319984	0.996	0.995	4.1850252430227e-173	RPL36	c4
5.29041025181287e-177	0.428042930841329	0.933	0.82	1.774297790253e-172	STK17A	c4
5.31566228327191e-177	1.68203088476514	0.17	0.06	1.78276681656373e-172	LIMK1	c4
5.93868112553885e-177	1.41944205816294	0.247	0.109	1.99171487588322e-172	ITPK1	c4
1.38528213653199e-176	1.08931601369665	0.389	0.217	4.64595922950098e-172	AP2A1	c4
8.77481637557662e-176	0.944247866689178	0.569	0.389	2.94289791604089e-171	RANBP2	c4
1.2864246581185e-175	-1.12228199365267	0.291	0.489	4.31441101839783e-171	MGAT4A	c4
1.79865937976029e-175	0.574128571019056	0.729	0.527	6.03234382784007e-171	NR4A1	c4
1.58705282535487e-174	0.693867836104528	0.467	0.265	5.32265776567517e-170	PTTG1	c4
7.40810824988495e-174	4.33272798135677	0.029	0.002	2.48453134484641e-169	PLXNA4	c4
2.55171621459524e-173	-3.32855150147578	0.062	0.235	8.55794584050952e-169	TNFRSF4	c4
4.25561294976902e-173	-0.232538121618753	1	0.998	1.42724747109353e-168	RPL19	c4
6.01839167282759e-168	0.6810927032021	0.692	0.52	2.01844819923292e-163	SURF4	c4
1.09045788439985e-167	0.517520587506718	0.509	0.291	3.65717765270021e-163	DUSP4	c4
3.0772004354648e-167	0.920124509239733	0.49	0.303	1.03203148204618e-162	GPR171	c4
3.12196954004638e-167	0.34071251173012	0.984	0.951	1.04704614434076e-162	PPDPF	c4
4.56056793601405e-167	1.1827077431669	0.303	0.15	1.52952327438039e-162	MSH3	c4
6.42130106141953e-167	4.86699053287685	0.024	0.001	2.15357594997888e-162	A4GALT	c4
8.44847219113216e-167	2.19931955149182	0.086	0.02	2.8334486034619e-162	SMOX	c4
2.7046500295071e-166	1.35663290944594	0.226	0.096	9.07085526896092e-162	NCALD	c4
2.88760259566788e-166	1.25496624386947	0.237	0.103	9.68444158535093e-162	NAALADL1	c4
2.58000353716017e-165	3.62763498049006	0.029	0.002	8.65281586292777e-161	KIR3DL1	c4
3.84113061719383e-165	1.16731314910202	0.287	0.139	1.28823838639447e-160	P2RX4	c4
4.65490789066983e-165	0.701480890631618	0.675	0.5	1.56116300837285e-160	VASP	c4
5.86261876206194e-165	-0.756400996193345	0.938	0.96	1.96620508042033e-160	JUNB	c4
6.47301440283834e-165	1.1748224593059	0.317	0.164	2.17091957042392e-160	GPR18	c4
3.25066977143587e-164	0.724805314291376	0.673	0.492	1.09020962794416e-159	TRBC1	c4
4.73200712734177e-164	-1.32430604536484	0.358	0.525	1.58702055036788e-159	STAT1	c4
4.59092766186869e-163	1.54006269277049	0.174	0.064	1.53970531923752e-158	HIP1	c4
7.47518207653218e-163	-0.243310728854512	1	0.997	2.50702656482736e-158	RPL18	c4
3.49545111744987e-162	6.30318090561065	0.019	0	1.17230439577034e-157	SIX4	c4
1.75192546975062e-161	-0.982356395973831	0.341	0.522	5.87560764044963e-157	MCUB	c4
4.0612310577394e-161	1.19222761919961	0.189	0.073	1.36205567214464e-156	FUCA1	c4
4.82200914007254e-161	-0.245101778130416	0.999	0.997	1.61720542539753e-156	RPS23	c4
7.77086081677733e-161	-0.49980865804483	0.803	0.862	2.60619130073078e-156	GMFG	c4
1.22777354111259e-160	0.582470701258219	0.735	0.537	4.11770690218342e-156	STOM	c4
9.24478272526397e-159	-0.280556908850055	1	0.997	3.10051523039903e-154	RPL32	c4
5.86272953743083e-158	0.740500084997775	0.638	0.443	1.96624223226355e-153	LITAF	c4
4.66297385597421e-157	-0.288342654076689	0.998	0.993	1.56386817181663e-152	RPSA	c4
1.18579795391675e-156	1.50726977198968	0.15	0.052	3.97692917784599e-152	IER5L	c4
1.64489972984312e-156	0.451830333845313	0.784	0.579	5.51666471394784e-152	ID2	c4
1.48064863550096e-155	0.941041986322201	0.222	0.092	4.96579939374311e-151	LINC00402	c4
4.69172549202803e-155	-0.906421102526695	0.414	0.576	1.57351089551636e-150	TNFRSF14	c4
5.53709378952023e-155	-2.41089878395793	0.045	0.204	1.85703051512929e-150	LEF1	c4
6.14173648759035e-155	0.715491671110705	0.604	0.422	2.05981558320805e-150	PRKACB	c4
3.22863787682243e-154	0.342275145846932	0.964	0.909	1.08282057112871e-149	YBX1	c4
4.03053352002835e-154	1.60114642029101	0.133	0.043	1.35176033194711e-149	MLF1	c4
8.29340282662929e-154	0.637056817928545	0.694	0.518	2.78144143999493e-149	REL	c4
4.56382486339422e-153	-3.17106352957873	0.077	0.238	1.53061558268516e-148	GZMK	c4
7.96486927243728e-153	1.98192776236616	0.125	0.04	2.67125785659002e-148	FSD1	c4
2.07792667270312e-152	-4.38372186048376	0.016	0.158	6.96895047491172e-148	SELL	c4
3.93621269905813e-152	-0.203191368118352	0.999	0.996	1.32012701501011e-147	RPL26	c4
4.32323365904494e-152	3.28917567170229	0.043	0.005	1.44992610457049e-147	FAM81A	c4
7.88752694859758e-151	1.1634652217075	0.274	0.134	2.64531878802066e-146	CMIP	c4
4.04310730377134e-150	2.19472939095589	0.075	0.016	1.35597732753883e-145	AC008035.1	c4
1.89907480585504e-149	-3.40230018209679	0.026	0.171	6.36911708387663e-145	RUNX2	c4
3.72927186748751e-149	-3.01061346109952	0.04	0.19	1.25072319891796e-144	ADAM19	c4
3.94754692787366e-149	1.6701360671707	0.143	0.05	1.32392828867027e-144	SRGAP3	c4
2.56650682334121e-148	0.616378583080946	0.461	0.272	8.60755058412174e-144	PTMS	c4
5.61583660040413e-148	4.93146680745523	0.026	0.002	1.88343927904354e-143	FAM57B	c4
7.61257453814969e-148	0.463343223567237	0.633	0.414	2.55310524860464e-143	ITM2C	c4
1.30200853275377e-147	1.13557702763579	0.278	0.138	4.36667621714961e-143	DDAH2	c4
1.49442627135454e-147	-3.84719575425301	0.028	0.172	5.01200682886887e-143	CCR7	c4
1.13445253580102e-146	1.51169902530858	0.184	0.076	3.80472691456947e-142	DENND6B	c4
1.68814812396647e-146	-1.19205779207288	0.403	0.532	5.66171117815874e-142	CYTOR	c4
5.0753367686869e-146	-0.19195988349878	1	0.997	1.70216644548221e-141	RPS15	c4
7.96966018085448e-146	1.18222512777807	0.241	0.111	2.67286463145498e-141	NUDT14	c4
8.89804602692745e-146	1.63902429951895	0.158	0.06	2.98422667651093e-141	GPR82	c4
1.45085638397682e-145	0.564124843017713	0.713	0.536	4.86588214058145e-141	MBP	c4
1.94919234284824e-145	-1.71143413168048	0.205	0.371	6.53720127944441e-141	BATF	c4
2.27784553383062e-145	4.02389753467741	0.028	0.002	7.63943835136113e-141	WASF1	c4
3.81910501904808e-145	-1.34257930347962	0.143	0.325	1.28085144128835e-140	FKBP5	c4
1.05575844990423e-144	2.21860991812593	0.075	0.017	3.5408026892888e-140	PITPNM2	c4
9.8183541802822e-144	1.11137504502432	0.246	0.115	3.29287962498304e-139	AC090152.1	c4
1.40584562578637e-143	2.61801514002648	0.052	0.008	4.71492505976234e-139	GPA33	c4
2.58700647746199e-143	1.46980961859682	0.224	0.104	8.67630232411201e-139	FAM126A	c4
1.66220911548794e-142	-2.89842907461882	0.047	0.194	5.57471693152346e-138	MAF	c4
3.98820100996271e-142	-0.229243878369758	0.999	0.997	1.3375628547213e-137	RPS2	c4
8.00363614414232e-142	0.845761548310847	0.409	0.242	2.68425949002245e-137	USP11	c4
2.50191483472104e-141	1.02379620141359	0.212	0.091	8.39092197268744e-137	RNF130	c4
3.90726889567361e-141	-1.5828071897564	0.167	0.336	1.31041984223102e-136	RIPOR2	c4
5.16619532753822e-141	1.78208081918202	0.118	0.038	1.73263858894977e-136	METRNL	c4
5.84453298867054e-141	-0.195773742106621	1	0.997	1.96013947374033e-136	RPS24	c4
2.3509969579552e-140	1.43835598926498	0.153	0.057	7.88477359759016e-136	TRBV28	c4
1.84056748258891e-139	-2.34401514117374	0.085	0.239	6.17289522310667e-135	CCR6	c4
1.89097267892071e-139	-0.241835862261136	1	0.998	6.34194417056429e-135	RPS27	c4
2.99614374127641e-139	0.761054433083855	0.506	0.333	1.00484668794928e-134	MAPK1	c4
3.84714554089744e-139	-1.06491604108311	0.27	0.44	1.29025567150618e-134	GRAP2	c4
1.57964490996627e-138	1.16013867598523	0.197	0.085	5.29781309904487e-134	NCR3	c4
2.21852152390058e-138	0.863682250724122	0.416	0.253	7.44047748685776e-134	ADD1	c4
3.75840743897147e-137	0.671013460145524	0.204	0.088	1.26049468688225e-132	CCL3L1	c4
3.91478650361686e-137	-2.42861359634826	0.072	0.222	1.31294109758302e-132	KLRG1	c4
8.8174957019254e-137	-2.11249161407814	0.07	0.223	2.95721170851174e-132	F2R	c4
3.12580732859947e-136	1.6339540131037	0.112	0.035	1.04833326186569e-131	LINC02132	c4
4.13492986560236e-136	1.04094246199583	0.255	0.122	1.38677277832572e-131	PLEKHA1	c4
5.69779239951426e-136	1.03016509958739	0.265	0.133	1.91092561494909e-131	ZEB2	c4
1.06468618800677e-135	-0.3150786397145	0.969	0.972	3.57074453733709e-131	RPL36AL	c4
1.7987692460619e-135	-1.40832350732708	0.159	0.328	6.0327122974424e-131	PCED1B	c4
3.78784393578135e-135	2.69973490638969	0.042	0.006	1.27036709918235e-130	DMKN	c4
7.85206133082929e-135	2.27376019820137	0.059	0.012	2.63342432913353e-130	SIGLEC10	c4
1.91797248346971e-134	1.69261037695258	0.114	0.037	6.43249611506073e-130	SYNGR3	c4
4.00062871963297e-134	-0.255280953764726	0.994	0.99	1.3417308599905e-129	RPS9	c4
4.64186553736422e-134	-1.20092691213694	0.283	0.444	1.55678886392121e-129	SOCS3	c4
6.11090485608026e-134	-2.88894511654648	0.054	0.197	2.0494752706322e-129	PASK	c4
2.13314164664278e-132	-0.220499424693324	0.999	0.995	7.15413045451056e-128	RPL23A	c4
8.93091000733479e-132	1.34681635730588	0.178	0.074	2.99524859825994e-127	TRGV7	c4
2.09100126998906e-131	1.34729691854564	0.165	0.066	7.0128000592893e-127	IL9R	c4
3.16326766885508e-131	-2.84521121758916	0.04	0.177	1.06089671078062e-126	P2RY8	c4
7.11484437533644e-131	4.14498079959696	0.026	0.002	2.38617650660034e-126	KREMEN2	c4
8.29306420526368e-131	1.85307820198462	0.096	0.028	2.78132787316133e-126	TRPM2	c4
1.10902226563887e-130	1.06709332944467	0.264	0.133	3.71943887449964e-126	RHOB	c4
6.33971980928848e-130	0.629816705835953	0.676	0.518	2.12621522963917e-125	NAP1L4	c4
6.9288037257709e-130	0.579268543109257	0.662	0.496	2.32378219354904e-125	ITGB7	c4
9.95541140083601e-130	-3.73394685340655	0.02	0.146	3.33884587561238e-125	ITGB2-AS1	c4
1.033791697685e-129	-0.573047008725383	0.683	0.758	3.46713059569595e-125	ANP32B	c4
4.48664636148976e-129	2.32519578983442	0.086	0.024	1.50473145671644e-124	WWTR1	c4
4.9038979657311e-129	3.28350791457085	0.034	0.004	1.6446692997469e-124	RAPGEF5	c4
8.6051513322315e-129	0.735990729863326	0.525	0.363	2.8859956538038e-124	SLC25A39	c4
2.0436357818038e-128	-0.775203073630567	0.454	0.606	6.85394568501358e-124	ARL4C	c4
2.4569909914249e-128	-0.20598840456133	1	0.996	8.24025638704082e-124	RPL29	c4
8.88199544445031e-128	-0.247496546729312	0.999	0.996	2.97884363215975e-123	RPS13	c4
1.90126155755792e-127	0.396843159900675	0.916	0.834	6.37645101173776e-123	PGK1	c4
2.14043857178675e-127	1.04895117743759	0.26	0.131	7.1786028820584e-123	IL18RAP	c4
5.87838002864021e-127	0.303233375764675	0.97	0.906	1.97149109400535e-122	CD99	c4
5.99580493848466e-127	-1.33076276750371	0.203	0.358	2.01087306026899e-122	ICAM2	c4
2.93389015114662e-126	-1.59254115721455	0.121	0.276	9.83968078891552e-122	CCDC167	c4
4.56107371469589e-125	0.63881723415321	0.665	0.509	1.52969290243471e-120	CREM	c4
5.19901627623418e-125	3.21910758554532	0.029	0.003	1.74364607872342e-120	ADGRG6	c4
1.31388804747011e-124	0.711361000367316	0.476	0.309	4.40651773360525e-120	ADAM8	c4
2.30345139117271e-124	2.10440554173559	0.077	0.02	7.72531527571503e-120	AC015912.3	c4
9.59425750414664e-124	2.23674909591742	0.089	0.026	3.2177220817407e-119	TRAV39	c4
2.11841237282326e-123	4.49431840139766	0.02	0.001	7.10473141597464e-119	BNC2	c4
9.75365167052933e-123	0.999296820131791	0.365	0.222	3.27117969726213e-118	STARD3NL	c4
1.08683082081146e-122	-3.57446943906168	0.025	0.148	3.64501320683747e-118	FBLN7	c4
2.53854407847715e-122	-1.05168051862944	0.63	0.716	8.51376913039665e-118	NFKBIA	c4
6.15355396164517e-122	2.48498332504723	0.068	0.016	2.06377892765656e-117	HES6	c4
2.14369734781646e-121	5.36419973693397	0.018	0.001	7.18953216510684e-117	SLC12A8	c4
2.15528241978492e-121	1.55980349499667	0.133	0.05	7.22838617947467e-117	GALE	c4
6.59234215393888e-121	0.66478783627596	0.585	0.43	2.21093971158802e-116	IVNS1ABP	c4
7.99285490762752e-120	2.41342122474591	0.048	0.009	2.68064367892012e-115	DPY19L2	c4
6.5408385023314e-119	0.331848242556846	0.961	0.919	2.1936664169119e-114	MIF	c4
1.13002929202665e-118	-0.33403704886374	0.968	0.967	3.78989223959898e-114	EEF1G	c4
2.45950495449327e-118	-0.454821530458678	0.969	0.971	8.24868771637955e-114	RPS26	c4
5.62195496507362e-118	2.01793374844648	0.07	0.018	1.88549125618639e-113	LINC00996	c4
5.68602114894434e-118	0.70235964345916	0.456	0.294	1.90697777293295e-113	PRMT9	c4
8.49576273346949e-118	1.2056088389299	0.199	0.093	2.849308905551e-113	MCTP2	c4
1.22633396991402e-117	1.24871296600261	0.147	0.058	4.11287886829763e-113	SLC25A43	c4
2.08483642372593e-117	0.591943576502548	0.582	0.417	6.99212439789202e-113	ACTN4	c4
2.69688752159067e-117	0.73368864058946	0.468	0.308	9.0448213699108e-113	MAGED2	c4
3.19118811073924e-117	1.58896512909089	0.104	0.034	1.07026066857973e-112	P2RX7	c4
6.22855832105826e-117	-0.614548085773221	0.648	0.729	2.08893388971652e-112	AES	c4
6.26275111594765e-117	0.689396684979177	0.495	0.334	2.10040146926652e-112	TCIRG1	c4
8.28232184273275e-117	0.920591387315023	0.281	0.15	2.77772509961571e-112	PRKCA	c4
3.74822426682568e-116	0.556879296538439	0.681	0.533	1.257079454608e-111	PRKAR1A	c4
6.58034023988869e-116	1.90986258384715	0.082	0.023	2.20691450965387e-111	METRN	c4
1.4215205013159e-115	1.2518061347602	0.187	0.085	4.76749545731327e-111	FAM117A	c4
3.06571017918012e-115	0.535592508812588	0.654	0.49	1.02817787989343e-110	DCXR	c4
1.94680215071354e-114	-3.15892774794219	0.027	0.145	6.52918505306306e-110	LGALS3BP	c4
2.09468599895045e-114	-2.42893458703906	0.059	0.188	7.02515790328002e-110	MAL	c4
6.25397756276273e-114	0.753097795154765	0.45	0.297	2.09745899499936e-109	VPS37B	c4
7.31143654044578e-114	-3.30576893628955	0.022	0.137	2.45210958693471e-109	KLF3	c4
9.65868698595098e-114	2.26828996356853	0.06	0.014	3.23933044134824e-109	SERPINE2	c4
1.09277108906352e-113	1.12243845516398	0.2	0.094	3.66493567850124e-109	CTNNA1	c4
1.25239936853047e-113	0.836638592885485	0.451	0.308	4.20029700217749e-109	NSMCE1	c4
2.16445487439252e-113	-2.00694593478811	0.08	0.215	7.25914875773762e-109	ZNF831	c4
2.54937415915903e-113	0.802506202319666	0.389	0.241	8.55009105498754e-109	RASGEF1B	c4
3.4771808312754e-113	-0.912155110515683	0.321	0.472	1.16617690719314e-108	SLA	c4
8.74653413453801e-113	1.37357577018688	0.171	0.076	2.93341261804136e-108	TOGARAM2	c4
8.7616264766252e-113	-1.00638100760569	0.77	0.825	2.93847428773056e-108	JUN	c4
1.02354443258494e-112	3.51345862881207	0.025	0.002	3.43276331800336e-108	AC012414.5	c4
2.94595324068344e-112	-0.634998367876578	0.703	0.758	9.88013797860414e-108	CNN2	c4
3.31167647718838e-112	5.08167231193525	0.015	0	1.11067005691944e-107	PROKR1	c4
3.44216720780452e-112	4.6164422737613	0.017	0.001	1.15443403815348e-107	CHSY3	c4
4.50275996577227e-112	0.450937323403646	0.781	0.639	1.5101356373207e-107	BUB3	c4
7.39249020328656e-112	-0.22180708682286	0.998	0.993	2.47929336437825e-107	NACA	c4
1.64158098342347e-111	-2.20315392643606	0.053	0.18	5.50553430220562e-107	LINC01550	c4
1.76392778719899e-111	-1.06860910761784	0.258	0.407	5.91586101270796e-107	DGKA	c4
3.29030688271068e-111	1.07724391876917	0.214	0.104	1.10350312232351e-106	CERS4	c4
4.05792684732116e-111	0.930613187731394	0.202	0.093	1.36094750605457e-106	PTGDR	c4
1.15983588697385e-110	0.882356928946806	0.312	0.179	3.8898575977329e-106	POLG	c4
1.50981642072808e-110	1.13427330845479	0.169	0.073	5.06362231183784e-106	BAIAP2	c4
1.67505266629512e-110	2.00022758632143	0.074	0.02	5.61779163222057e-106	RHOQ	c4
9.93086430910425e-110	0.693669427519044	0.476	0.326	3.33061327198738e-105	PTK2B	c4
1.25912827322475e-109	4.61291910694784	0.018	0.001	4.22286440274116e-105	FAM166B	c4
2.41581796093214e-109	3.08276756272169	0.039	0.006	8.10217027737422e-105	PAQR6	c4
3.97741709911282e-109	0.595958033970175	0.534	0.372	1.33394614670046e-104	ABLIM1	c4
7.23278895268441e-109	1.03606935581504	0.234	0.12	2.4257327589513e-104	CYSTM1	c4
2.06253318857729e-108	-0.259967976201728	0.997	0.994	6.9173238078505e-104	RPS21	c4
4.69467413109573e-108	-0.302253386473738	0.984	0.982	1.57449981008689e-103	PPIA	c4
7.5332038517192e-108	-3.07973819485959	0.032	0.146	2.52648590778959e-103	DPP4	c4
1.54660785709085e-107	1.00395027973235	0.253	0.135	5.18701343111131e-103	SLK	c4
1.54751655591962e-107	0.615939061201028	0.552	0.391	5.19006102524321e-103	HNRNPAB	c4
2.40739534443212e-107	0.800405203641072	0.396	0.251	8.07392250615643e-103	TIPARP	c4
7.42860405472826e-107	1.11244178248336	0.191	0.091	2.49140522787476e-102	ENG	c4
2.5285516508853e-106	-0.532505340109439	0.737	0.782	8.4802565267391e-102	LY6E	c4
3.53397027638095e-106	1.36263352481978	0.114	0.041	1.18522295129264e-101	ZBTB16	c4
4.00958148968703e-106	1.21986154780202	0.173	0.079	1.34473344001123e-101	PLCL2	c4
4.79731650297239e-106	0.450587896745331	0.758	0.634	1.60892400876688e-101	CCDC85B	c4
1.56880820236205e-105	-1.10198416229014	0.229	0.374	5.26146894908185e-101	GIMAP5	c4
2.30171073936463e-105	-3.00904428800392	0.031	0.143	7.71947747768109e-101	ARMH1	c4
7.11411915298743e-105	5.34921560359373	0.014	0	2.38593328152893e-100	DOK7	c4
9.77369019555384e-105	0.449126362807711	0.727	0.58	3.27790021778485e-100	NR3C1	c4
1.08506226673892e-104	-0.192549586435615	1	0.998	3.639081830189e-100	RPS27A	c4
1.5885023577396e-104	-0.610670986838631	0.758	0.823	5.32751920738709e-100	TAGAP	c4
2.09366066417145e-104	1.35024808989314	0.133	0.053	7.0217191354982e-100	HEG1	c4
2.69729727521692e-104	3.07717154963841	0.027	0.003	9.0461956016225e-100	DLL1	c4
2.76394601920471e-104	0.503142865324305	0.708	0.563	9.26972215920875e-100	GPI	c4
5.04347114344133e-104	0.927146326526176	0.279	0.157	1.69147935208735e-99	DUSP22	c4
5.23018678543083e-104	0.455622057740694	0.769	0.633	1.75410004409779e-99	GNAS	c4
1.33523912048809e-103	0.765563417112038	0.392	0.249	4.47812496229295e-99	ZBTB7A	c4
1.45479628436739e-103	0.466380033822925	0.713	0.572	4.87909577851136e-99	AKAP13	c4
2.03273499422486e-102	0.599860224821179	0.545	0.392	6.81738662363132e-98	DOCK10	c4
5.6651271909377e-102	0.172321579771653	1	0.998	1.89997035729669e-97	RPS19	c4
7.16407834457952e-102	-1.31082370807417	0.155	0.294	2.40268859520508e-97	CERK	c4
9.92673809427841e-102	-0.673688017882978	0.849	0.874	3.32922942205909e-97	COTL1	c4
1.1098008589973e-101	-3.9144925789347	0.016	0.117	3.72205012090515e-97	IL6R	c4
1.51336096296382e-101	0.60213161940291	0.56	0.411	5.07550999758807e-97	MAPRE2	c4
1.91103052333425e-101	-0.660225450096991	0.504	0.658	6.40921416915842e-97	RGCC	c4
2.27819746075823e-101	-0.18338893587543	1	0.999	7.64061864389094e-97	EEF1A1	c4
3.30074656109295e-101	1.29334566201624	0.18	0.087	1.10700438165935e-96	SCCPDH	c4
4.65555552825437e-101	-4.04981513038022	0.011	0.11	1.56138021306595e-96	MT1E	c4
6.61888813654738e-101	-0.193401355230116	1	0.996	2.21984270323526e-96	RPL37	c4
8.52599772133319e-101	0.726291608253403	0.441	0.299	2.85944911578072e-96	TTC1	c4
1.09299676732408e-100	0.789100263636356	0.334	0.201	3.66569255825148e-96	ANKRD28	c4
1.25719709247866e-100	-0.198075921082742	0.998	0.994	4.21638760875492e-96	RACK1	c4
1.35545539257118e-100	1.82228818464839	0.069	0.019	4.54592629560521e-96	TMCC3	c4
1.84627169220264e-100	0.887461721732266	0.288	0.164	6.19202600130921e-96	TGIF1	c4
3.50983895078603e-100	-1.17196942225456	0.372	0.488	1.17712978731462e-95	GBP5	c4
4.07221305342124e-100	2.12675307754221	0.065	0.017	1.36573881385642e-95	BEND4	c4
8.69038102894169e-100	-0.187389261027404	1	0.996	2.91457998948646e-95	RPL6	c4
1.76740272072074e-99	2.51280588925361	0.046	0.01	5.92751524475321e-95	AHRR	c4
3.44758273966709e-99	0.730776033825301	0.436	0.296	1.15625029922955e-94	NARF	c4
1.32896145595971e-98	0.563434567258035	0.605	0.462	4.45707093099767e-94	SEPT2	c4
1.35558193312298e-98	-2.97487389417287	0.024	0.127	4.54635068730786e-94	GPX7	c4
1.57242455223733e-98	0.720045689536544	0.412	0.27	5.27359746329357e-94	PSD4	c4
3.07019901105622e-98	0.555279408638254	0.563	0.409	1.02968334432803e-93	TSEN54	c4
9.81807585165033e-98	0.577616073370899	0.542	0.393	3.29278627912649e-93	HERPUD2	c4
1.23604092839351e-97	1.13025087129762	0.183	0.089	4.14543406564615e-93	ATP10D	c4
1.28866509326133e-97	1.78756863502632	0.084	0.027	4.32192498977983e-93	THBS1	c4
2.71222359053319e-97	-0.984375155859873	0.254	0.395	9.09625547793022e-93	CYTH1	c4
5.55461003648162e-97	-0.888293556101632	0.425	0.537	1.86290511403521e-92	NOSIP	c4
6.89555431364067e-97	-2.26288638564102	0.039	0.149	2.31263100570881e-92	PXN	c4
1.42237492694842e-96	0.435389980377932	0.789	0.676	4.77036102999963e-92	SAMSN1	c4
2.68995196782766e-96	1.56615318650088	0.112	0.043	9.02156090970041e-92	CHST2	c4
3.76682108728269e-96	0.473875625808265	0.712	0.563	1.26331645625287e-91	CDK2AP2	c4
4.67616413025045e-96	-0.159891234306808	0.999	0.997	1.5682919260034e-91	RPL7A	c4
6.846971329714e-96	-1.33139037793273	0.166	0.3	2.29633724455948e-91	GBP4	c4
7.12936227907247e-96	1.56538225201017	0.073	0.021	2.39104552115532e-91	MMP25	c4
7.46575843517788e-96	0.425829867427067	0.75	0.603	2.50386606398996e-91	GLIPR1	c4
1.01469334993819e-95	0.373184866251372	0.937	0.887	3.40307855702269e-91	ZFP36L1	c4
1.29360494449714e-95	0.706593322156713	0.424	0.284	4.33849226285452e-91	PPM1B	c4
1.52317851396504e-95	0.360284346063648	0.861	0.766	5.10843610013594e-91	STK17B	c4
2.53134032095209e-94	0.945968551646386	0.229	0.122	8.48960916840913e-90	GALNT6	c4
4.80514823258954e-94	-0.964284075244238	0.376	0.496	1.61155061424588e-89	CORO1B	c4
1.12094382003209e-93	4.65026229675774	0.014	0.001	3.75942138362364e-89	PNMA8C	c4
4.30337851876923e-93	-1.54208240538848	0.107	0.231	1.44326708762482e-88	THEM4	c4
8.69535137094809e-93	-2.37545698247978	0.042	0.15	2.91624694278857e-88	ZC3H12D	c4
3.51385787266694e-92	1.40712361397881	0.082	0.027	1.17847765333504e-87	FRMD4A	c4
5.52933438846764e-92	-1.25687843518005	0.159	0.291	1.85442816720428e-87	SATB1	c4
8.51420223531745e-92	1.07822259659085	0.162	0.075	2.85549314568077e-87	SMAD5	c4
9.52974002538791e-92	1.33163430980512	0.13	0.055	3.1960842097146e-87	MEX3C	c4
1.02195848090872e-91	0.871256848185317	0.278	0.163	3.42744435327166e-87	IL4R	c4
1.22162918273277e-91	-0.62788404896494	0.608	0.695	4.09709995304915e-87	KIAA1551	c4
1.53120590398418e-91	1.59366266920354	0.078	0.025	5.13535836078213e-87	CRIM1	c4
2.61321193676051e-91	0.216683287576646	0.986	0.96	8.76419019350741e-87	OAZ1	c4
3.72115302004976e-91	-1.0259593839247	0.22	0.356	1.24800029986429e-86	RILPL2	c4
3.93426964824332e-91	-0.633907420913158	0.747	0.815	1.31947535462784e-86	SLC2A3	c4
4.70214662207938e-91	0.920069777175649	0.276	0.163	1.57700593411298e-86	HENMT1	c4
7.91905777156641e-91	-0.163691497688697	0.999	0.997	2.65589359542794e-86	FAU	c4
9.11920451837686e-91	0.693699728645169	0.377	0.243	3.05839881137323e-86	CYTH4	c4
1.89325406406305e-90	0.74820054315819	0.406	0.275	6.34959548005466e-86	MAP4	c4
2.87089060813628e-90	-3.62843141163892	0.019	0.114	9.62839292156745e-86	TBC1D4	c4
6.86859665380013e-90	0.557172242041368	0.567	0.425	2.30358994575149e-85	RNF187	c4
8.99948098886199e-90	0.498800442581124	0.633	0.478	3.01824593404454e-85	LSM2	c4
2.22763467502419e-89	1.05069282483196	0.149	0.067	7.47104117309614e-85	SPRYD7	c4
2.65707183184771e-89	2.11174846312991	0.051	0.012	8.91128750965084e-85	KCNQ5	c4
1.54417806662155e-88	3.58850127098976	0.022	0.002	5.17886439983537e-84	BCL2L2	c4
2.4845678107012e-88	0.521353149697166	0.786	0.678	8.3327435235297e-84	HSPA5	c4
2.95470672300595e-88	1.47843171290007	0.09	0.032	9.90949540761736e-84	C1orf21	c4
3.2029746445872e-88	5.79114976962641	0.011	0	1.07421363630165e-83	VSTM2L	c4
4.24614402216383e-88	2.610258263074	0.035	0.006	1.42407178215331e-83	SLC49A3	c4
6.45072999131362e-88	0.698640131838276	0.43	0.295	2.16344582448676e-83	TSPYL2	c4
8.61352706085993e-88	0.888709212658568	0.222	0.119	2.8888047056712e-83	TGFBR1	c4
9.0787187714976e-88	1.42055567861511	0.121	0.051	3.04482070158487e-83	PLAGL1	c4
1.02743867396925e-87	0.935828931037775	0.25	0.144	3.44582382475806e-83	GALNT2	c4
2.22977116762678e-87	0.3099664525461	0.896	0.802	7.47820654198669e-83	GUK1	c4
2.3688847657e-87	0.508347909599066	0.605	0.466	7.94476572720467e-83	TLN1	c4
2.38003770293577e-87	0.442239028869232	0.707	0.567	7.98217044810598e-83	CAMK4	c4
2.49842799374604e-87	-0.354226919686982	0.81	0.848	8.37922780542548e-83	SSR2	c4
3.77272736422274e-87	0.196062159504831	0.993	0.972	1.26529730341302e-82	IL32	c4
4.22274287208091e-87	0.229473113072343	0.988	0.964	1.4162235044385e-82	ZFP36L2	c4
4.69779261694253e-87	-0.729127880019517	0.436	0.542	1.57554568787018e-82	TPM4	c4
9.94023023868645e-87	1.84167016215591	0.064	0.019	3.33375441745066e-82	SYNGR1	c4
1.84403704214271e-86	0.704917297299241	0.383	0.253	6.18453143193823e-82	CTNNB1	c4
2.20154411561654e-86	1.00908958391047	0.22	0.121	7.38353865495475e-82	GSTM4	c4
3.96739282222767e-86	-3.21397435204456	0.025	0.118	1.33058420471872e-81	CCR2	c4
4.94443543692376e-86	0.850380269719438	0.27	0.159	1.65826475683549e-81	MMP25-AS1	c4
8.1245473021025e-86	0.703322930684547	0.386	0.259	2.72481067417914e-81	ZBTB1	c4
1.12323262290946e-85	-1.66832878562025	0.076	0.189	3.76709757071375e-81	RUNX1	c4
1.15872453687895e-85	5.97839078726228	0.011	0	3.88613035178463e-81	FCRL4	c4
2.32134958576082e-85	0.70822534245393	0.338	0.213	7.78534224072462e-81	SLF1	c4
3.34914685801764e-85	1.38413951165202	0.129	0.057	1.12323687324195e-80	LINC00539	c4
3.49108115885522e-85	0.4890589190285	0.242	0.134	1.17083879905686e-80	HAVCR2	c4
4.39368911881115e-85	-2.2535996677068	0.046	0.147	1.47355545666689e-80	ELK3	c4
4.81082314217837e-85	0.638789416285622	0.461	0.328	1.61345386542378e-80	STIP1	c4
5.82254513970345e-85	-1.5798884573988	0.096	0.212	1.95276518895374e-80	SERINC5	c4
6.84299082425613e-85	-0.512497095016138	0.62	0.712	2.29500226263902e-80	HLA-F	c4
8.45563831792073e-85	0.427572977462735	0.721	0.59	2.83585197906425e-80	LPXN	c4
9.30287427580601e-85	-3.84759778942398	0.016	0.103	3.11999797461982e-80	LINC01943	c4
9.37406117940619e-85	4.29854374124554	0.014	0.001	3.14387263834925e-80	AL356276.1	c4
1.40982230054092e-84	1.94402296820628	0.053	0.014	4.72826203155414e-80	LINC00092	c4
1.87810822022063e-84	2.41666427153676	0.045	0.01	6.29879934897596e-80	AL445471.1	c4
2.92089441985183e-84	0.652150051031894	0.348	0.219	9.79609570529907e-80	TNFSF14	c4
4.56922440584134e-84	0.496428463135407	0.56	0.417	1.53242648123107e-79	LNPEP	c4
5.2216016277884e-84	4.67184990516247	0.014	0.001	1.75122075392767e-79	PTGER1	c4
8.12728268967209e-84	0.505893106055545	0.591	0.453	2.72572806846222e-79	UBAC2	c4
9.10143266680664e-84	-0.385834032961919	0.997	0.996	3.05243848779361e-79	FTH1	c4
1.07939406388567e-83	0.951235921521383	0.127	0.055	3.62007181145975e-79	TNFRSF9	c4
1.29968088205231e-83	0.479397996650055	0.624	0.486	4.35886974222702e-79	HSPA9	c4
1.30669863874675e-83	-0.625109054667477	0.458	0.56	4.38240589462883e-79	PPA1	c4
1.64287363304367e-83	0.376829181457804	0.839	0.758	5.50986959050185e-79	PDIA3	c4
3.27045053618674e-83	1.08110969902033	0.148	0.069	1.09684370082631e-78	HOTAIRM1	c4
3.55432827787162e-83	0.788499846108801	0.28	0.169	1.19205061783258e-78	ATF3	c4
5.44160251590036e-83	-0.855695926633933	0.321	0.445	1.82500465178266e-78	ITK	c4
7.57764238730809e-83	0.306188662380114	0.834	0.69	2.54138970385539e-78	CLEC2B	c4
1.53145831626166e-82	0.696110215952511	0.367	0.243	5.13620490107835e-78	PPP1R16B	c4
2.52954168608581e-82	0.535871613116857	0.555	0.415	8.48357690679458e-78	PSMD13	c4
3.07111534112706e-82	-0.294576192162168	0.973	0.973	1.02999066310719e-77	ITM2B	c4
8.03335418164118e-82	3.46877667984037	0.022	0.003	2.69422632543882e-77	TBX1	c4
1.01652340386813e-81	-3.01080810381667	0.029	0.119	3.40921619189294e-77	ANTXR2	c4
1.58687561172721e-81	1.00483868612543	0.178	0.09	5.32206342661072e-77	ENDOD1	c4
4.60921034270901e-81	-1.29904027264336	0.143	0.261	1.54583696473775e-76	RASGRP2	c4
6.048672986661e-81	2.25238255191814	0.049	0.012	2.02860394626637e-76	AC018797.2	c4
9.13196300923206e-81	3.90160867012794	0.018	0.002	3.06267775403625e-76	AC022126.1	c4
1.19294691843903e-80	0.751075468443849	0.297	0.185	4.00090537506082e-76	IL21R	c4
1.20130187771935e-80	0.425373290128893	0.583	0.432	4.02892623749515e-76	IKZF3	c4
1.32782151122958e-80	1.94028633415726	0.058	0.017	4.45324778436175e-76	P4HA2	c4
1.44768915196606e-80	0.690811607722388	0.351	0.228	4.85525987786378e-76	NLRC3	c4
1.59906511712643e-80	-0.465945464107221	0.662	0.734	5.36294458981862e-76	TRAF3IP3	c4
2.01477317809208e-80	0.889504024906985	0.246	0.144	6.75714628468521e-76	SNAPC2	c4
3.80576773383522e-80	0.512000430196075	0.557	0.421	1.27637838257366e-75	ST3GAL1	c4
3.9184545893424e-80	0.623800972082331	0.418	0.29	1.31417130017365e-75	SMIM29	c4
4.23901685169004e-80	1.02057909114568	0.254	0.15	1.4216814717198e-75	TRGV10	c4
1.05439629664753e-79	0.288943255562154	0.88	0.772	3.53623429969649e-75	SLC9A3R1	c4
2.14312896956983e-79	-5.55697147372742	0.007	0.084	7.18762593814331e-75	FOXP3	c4
2.38056732022873e-79	-0.381572522855887	0.764	0.808	7.9839466785831e-75	ABRACL	c4
2.52059575725552e-79	1.06560197072482	0.141	0.066	8.45357405068357e-75	ADARB1	c4
4.66699079844518e-79	0.524333357424063	0.473	0.334	1.56521537398254e-74	ARID5A	c4
4.74634119692757e-79	1.53642937630554	0.083	0.03	1.59182791062557e-74	PSEN2	c4
5.34596608326279e-79	0.676293088064681	0.361	0.238	1.79293010500468e-74	GFI1	c4
5.76451451265138e-79	0.498648004095659	0.568	0.427	1.93330287725302e-74	TMX4	c4
6.31587358621155e-79	-1.04381695769872	0.19	0.312	2.11821768334363e-74	ADA	c4
7.6848402957191e-79	-0.283013573518517	0.968	0.971	2.57734173837827e-74	RPL38	c4
1.05097296378155e-78	-0.352670807889405	0.831	0.871	3.52475312593055e-74	CD48	c4
1.42124935951709e-78	0.937533785915853	0.236	0.137	4.76658610194842e-74	FBXO6	c4
2.43469848672092e-78	0.375581079057561	0.792	0.679	8.16549178476462e-74	ARF6	c4
3.51054156583085e-78	1.08149886621925	0.159	0.079	1.17736543034835e-73	PGPEP1	c4
1.12292417647886e-77	-0.535400992180339	0.563	0.644	3.7660631030748e-73	PRDX1	c4
2.27027994313557e-77	0.651692047723007	0.393	0.269	7.61406487328807e-73	RAB24	c4
2.3213648333735e-77	-1.19075399230523	0.143	0.262	7.78539337816806e-73	TNFSF10	c4
2.84569796853595e-77	0.559112105231242	0.506	0.373	9.54390184687588e-73	RAB8B	c4
3.80383453692287e-77	-2.01824687871949	0.052	0.149	1.27573002699319e-72	FRMD4B	c4
4.58409763538332e-77	-1.26947969395295	0.121	0.236	1.53741466495486e-72	PRKCB	c4
4.91088197909965e-77	-0.890728699329336	0.246	0.37	1.64701159815044e-72	SYTL1	c4
9.15115351116282e-77	-0.212406789093292	0.997	0.994	3.06911386457379e-72	RPL5	c4
9.5866184613452e-77	-4.42078791645303	0.007	0.082	3.21516009956595e-72	CCR4	c4
1.09699079014842e-76	0.824122314334739	0.258	0.154	3.67908771199976e-72	MAP4K5	c4
1.16711373017563e-76	0.536130732378626	0.476	0.337	3.91426602826303e-72	STN1	c4
1.72735320344258e-76	-0.769689337523314	0.556	0.619	5.79319717370572e-72	UCP2	c4
1.80346133265183e-76	0.648869753595894	0.358	0.235	6.0484486174477e-72	RFTN1	c4
2.41759489214525e-76	-0.823759188724746	0.305	0.425	8.10812974927674e-72	PNP	c4
2.94241809584238e-76	-4.28958152870836	0.013	0.091	9.86828180983616e-72	AIF1	c4
3.338350890147e-76	1.85327071469388	0.086	0.033	1.1196161215375e-71	GOLIM4	c4
5.68950431212541e-76	1.1234131856093	0.137	0.065	1.90814595620062e-71	ABCA2	c4
6.87684698588226e-76	2.94356144621577	0.023	0.003	2.30635694212519e-71	AC068446.2	c4
8.25330975148447e-76	-0.206264016545706	1	0.997	2.76799502445286e-71	RPS3A	c4
1.32819999223343e-75	0.571739387943302	0.419	0.289	4.45451713395248e-71	C7orf50	c4
1.39225501373157e-75	0.294475243065803	0.892	0.806	4.66934486505294e-71	ACTR3	c4
1.39321681929374e-75	0.985191281375053	0.17	0.087	4.67257056854734e-71	SMURF2	c4
2.88148270372908e-75	-3.43620669845922	0.013	0.09	9.66391669176659e-71	AC119396.1	c4
3.10658027788245e-75	0.429656077210269	0.675	0.556	1.04188489359622e-70	EIF5	c4
3.41665149291539e-75	0.684869205043131	0.346	0.229	1.14587657769396e-70	VPS26A	c4
4.18586018362274e-75	-3.41800062494023	0.016	0.095	1.40385378838339e-70	S1PR1	c4
5.51061449860094e-75	1.21031995985702	0.103	0.042	1.84814989054078e-70	EPAS1	c4
8.79450476306054e-75	-1.39704266010034	0.095	0.204	2.94950100743524e-70	ST6GAL1	c4
9.58162724809418e-75	0.610871409593985	0.392	0.267	3.21348614646583e-70	COMMD7	c4
1.29476016656559e-74	0.486206349102036	0.53	0.389	4.34236664662767e-70	RAB27A	c4
2.3730600873073e-74	0.591563217770977	0.438	0.314	7.95876892081121e-70	PIK3CD	c4
3.53260268337583e-74	0.782785034018472	0.286	0.179	1.18476428795059e-69	MNAT1	c4
3.78830251199649e-74	1.54025431527622	0.095	0.039	1.27052089647338e-69	DOCK5	c4
5.99799551672051e-74	2.49248987678877	0.037	0.008	2.01160773639772e-69	TM6SF1	c4
7.29703093622268e-74	-2.4978732455983	0.022	0.106	2.44727823539036e-69	MICAL2	c4
7.46631597790657e-74	3.15308370337314	0.023	0.003	2.5040530526703e-69	BCAR3	c4
8.02866222004536e-74	3.32597505161502	0.018	0.002	2.69265273535881e-69	SERINC2	c4
8.99966752120314e-74	0.730095795844422	0.276	0.168	3.01830849326111e-69	PPP3CA	c4
1.21226567539437e-73	5.06788426079506	0.01	0	4.06569662213765e-69	TRDJ1	c4
1.36072952325999e-73	-1.10613304329425	0.169	0.286	4.56361467510936e-69	TNIK	c4
1.61129323249162e-73	1.52269402583663	0.065	0.021	5.40395524313038e-69	QPCT	c4
1.7781669018086e-73	-2.18013659827802	0.118	0.225	5.96361615528569e-69	HLA-DRA	c4
2.84600998272735e-73	-0.664415559035837	0.824	0.878	9.544948280071e-69	DNAJB1	c4
3.51783564235166e-73	0.620630680067369	0.425	0.306	1.1798117177319e-68	CSNK1D	c4
3.63996257993463e-73	2.74264809680991	0.029	0.005	1.22077065005848e-68	LANCL3	c4
3.71308366284617e-73	1.01393678191968	0.192	0.105	1.24529399884535e-68	GNGT2	c4
6.61756944197615e-73	1.69659498613172	0.068	0.023	2.21940043944996e-68	FKBP1B	c4
6.87699257618766e-73	3.33727913307973	0.02	0.003	2.30640577020182e-68	CABLES1	c4
7.71126823992699e-73	1.18659936477131	0.111	0.048	2.58620514230671e-68	JAKMIP2	c4
9.10495450500497e-73	0.642637964677642	0.346	0.23	3.05361964188857e-68	MYO9B	c4
1.02209949089009e-72	0.959148393931649	0.187	0.101	3.42791727254718e-68	MMD	c4
1.3529827282881e-72	0.443828850796907	0.63	0.501	4.53763347413263e-68	FGFR1OP2	c4
1.99613746908527e-72	2.45024697802692	0.043	0.011	6.69464584381819e-68	AMZ1	c4
2.30245755916997e-72	2.95635715160344	0.024	0.004	7.72198216194423e-68	TRIO	c4
2.33851521683695e-72	0.294368650479919	0.81	0.687	7.84291233422777e-68	ZYX	c4
2.57781647596961e-72	0.275030879106527	0.897	0.831	8.64548089710687e-68	NCL	c4
3.14264607462043e-72	4.28262555309429	0.011	0	1.0539806405062e-67	KIR2DL1	c4
3.29192195254122e-72	0.601446356935269	0.386	0.266	1.10404478444327e-67	PDE3B	c4
3.49024856770721e-72	-2.68083616780443	0.044	0.133	1.17055956463764e-67	TRAV8-2	c4
6.95077825792472e-72	-0.462745930001057	0.762	0.788	2.33115201214279e-67	PSME2	c4
7.37348769621982e-72	0.969915832798301	0.186	0.101	2.4729203035582e-67	SLC27A3	c4
7.90427160822584e-72	0.972686613024474	0.139	0.066	2.65093461196678e-67	PLXDC1	c4
9.59150198605915e-72	0.509702658751973	0.468	0.336	3.21679793608452e-67	NT5C	c4
1.09456494311165e-71	1.05905424863581	0.151	0.076	3.67095190620784e-67	WIPI1	c4
1.49350982094671e-71	1.56011379045046	0.072	0.025	5.00893323749108e-67	GALNT3	c4
1.77023672172564e-71	1.37917308764201	0.07	0.024	5.93701991732347e-67	DYNC2H1	c4
3.45768276971129e-71	0.513873738717167	0.561	0.436	1.15963764730577e-66	PNPLA2	c4
4.00698940771386e-71	-0.729025081601887	0.461	0.555	1.34386410755908e-66	TTC39C	c4
5.65518491985532e-71	-0.230136505635427	0.945	0.951	1.89663591842108e-66	COX7C	c4
8.91235460546008e-71	1.00328135251596	0.167	0.088	2.9890254875792e-66	PRKD3	c4
1.21856391277697e-70	0.423517899802933	0.649	0.512	4.0868196506714e-66	PRDX6	c4
1.43459463489445e-70	-0.218351228247716	0.992	0.993	4.81134348650901e-66	HLA-E	c4
1.60184260599324e-70	0.910783058850389	0.183	0.099	5.37225973198014e-66	PACSIN2	c4
1.73612035985147e-70	2.0371082561999	0.04	0.01	5.82260046286985e-66	YPEL4	c4
2.04171981392878e-70	1.47569355402115	0.091	0.037	6.84751991195434e-66	MXRA7	c4
2.1890235780142e-70	-0.197995628389299	0.997	0.991	7.34154727594401e-66	RPL10A	c4
2.20261983208279e-70	0.310184712793753	0.079	0.029	7.38714639283926e-66	CFD	c4
2.27690176587857e-70	-2.51362393068292	0.017	0.094	7.63627314240354e-66	MIR181A1HG	c4
2.38245419559377e-70	0.737495546528978	0.214	0.12	7.99027488118239e-66	TMEM273	c4
2.57182055784086e-70	0.716456145575869	0.333	0.224	8.62537178688669e-66	TRPT1	c4
3.18453069350442e-70	5.16420202986146	0.01	0	1.06802790398751e-65	NAALADL2	c4
4.70906217010848e-70	-1.33925312966498	0.133	0.241	1.57932527061098e-65	CDC25B	c4
4.85829325534743e-70	1.16592283607473	0.145	0.073	1.62937439197842e-65	CNBD2	c4
5.75076376591736e-70	-3.97539204787639	0.012	0.084	1.92869115181336e-65	FAAH2	c4
6.49379916494117e-70	1.39681129939768	0.083	0.032	2.17789036393797e-65	TSPAN4	c4
7.23061489682008e-70	0.644388261818854	0.356	0.241	2.42500362409552e-65	PPP5C	c4
1.21796914009624e-69	-2.78434051218699	0.02	0.097	4.08482490205477e-65	KCNN4	c4
1.38082519179221e-69	2.65517656634894	0.025	0.004	4.6310115282327e-65	HHEX	c4
1.63020526143623e-69	1.32509800030176	0.099	0.042	5.46738240580484e-65	ZNF296	c4
2.0561252740975e-69	-0.24168985521752	0.992	0.99	6.8958329442682e-65	SARAF	c4
2.32822407860314e-69	0.453715868347869	0.599	0.476	7.8083979148192e-65	CYFIP2	c4
6.3191858650801e-69	1.0919612969587	0.155	0.081	2.11932855543056e-64	WDR41	c4
1.04646895561357e-68	-1.26701621364576	0.116	0.222	3.5096475833368e-64	CD200R1	c4
1.2869063108515e-68	1.30150653990812	0.082	0.031	4.31602638533377e-64	AC044849.1	c4
1.65633727551047e-68	-0.809671745291133	0.254	0.372	5.55502395460701e-64	BCL11B	c4
2.04208795684195e-68	1.28622199700479	0.091	0.037	6.84875458965653e-64	LAPTM4B	c4
2.73465550734894e-68	0.796326743465904	0.238	0.142	9.17148764054689e-64	PLEKHO1	c4
2.84106291543254e-68	0.288613016327502	0.853	0.768	9.52835680577765e-64	SRSF5	c4
3.13090135327445e-68	0.949323437025163	0.149	0.075	1.05004169586119e-63	GCNT1	c4
3.56300984159348e-68	1.44952714605637	0.085	0.034	1.19496224067362e-63	PIK3R3	c4
4.13626412599523e-68	1.23466077538771	0.103	0.044	1.38722026257628e-63	RTL6	c4
5.27436321622883e-68	0.493005024171344	0.526	0.4	1.76891593545882e-63	ARHGEF3	c4
5.87113639474844e-68	-3.5618780611566	0.018	0.093	1.96906172407073e-63	CCL20	c4
1.84867377351914e-67	-0.681383145707858	0.395	0.497	6.20008210162851e-63	FKBP11	c4
2.06091450996769e-67	2.16815125855731	0.035	0.008	6.91189508352963e-63	SRC	c4
2.37616947877684e-67	0.936784342269631	0.131	0.062	7.96919719792177e-63	LINC00944	c4
2.49307963006579e-67	-2.6152388639119	0.022	0.098	8.36129046331463e-63	TGFBR3	c4
3.25067743702836e-67	1.04173030810206	0.158	0.083	1.09021219883057e-62	ZMIZ1	c4
3.28553195931433e-67	1.10748490955399	0.15	0.078	1.10190170851484e-62	ASL	c4
5.52647942674222e-67	0.278677602540589	0.649	0.516	1.85347067014081e-62	GADD45B	c4
5.80030891836898e-67	0.435198550231189	0.575	0.445	1.94530760504259e-62	STAT4	c4
5.80791694772829e-67	0.586308727388559	0.365	0.249	1.94785918592911e-62	DUSP23	c4
6.28896734610795e-67	-2.91638340511713	0.021	0.097	2.10919386853768e-62	APP	c4
9.40611469350205e-67	0.552348980808964	0.421	0.301	3.15462274590672e-62	DNAJC4	c4
1.008682202553e-66	1.37771604402509	0.082	0.032	3.38291837092224e-62	AJM1	c4
2.3578893715912e-66	-0.533021360324365	0.54	0.609	7.90788937444258e-62	NDUFV2	c4
2.49778377653543e-66	-3.38399988393849	0.015	0.086	8.37706722974451e-62	CTSH	c4
2.50737557594007e-66	-1.03003253014064	0.164	0.274	8.4092362065878e-62	IL12RB1	c4
2.61204486433716e-66	0.390966325792612	0.635	0.513	8.76027606601398e-62	SYNGR2	c4
3.12280241416903e-66	0.647551995030307	0.219	0.128	1.04732547366401e-61	GPR34	c4
3.238264696051e-66	0.164051879485168	0.277	0.169	1.08604921376159e-61	CEBPD	c4
3.50177507882421e-66	0.264300636401541	0.899	0.831	1.17442532593606e-61	HCLS1	c4
3.80671216441725e-66	-2.26371307560573	0.027	0.105	1.27669512570226e-61	NELL2	c4
4.1107042753351e-66	0.316974839553645	0.765	0.674	1.37864799986189e-61	SQSTM1	c4
4.7952567966414e-66	0.826625839162735	0.241	0.148	1.60823322445759e-61	OSBPL3	c4
6.90500619465658e-66	-1.36572418522472	0.095	0.195	2.31580097756392e-61	TIFA	c4
8.10960216366153e-66	-0.161237568872501	1	0.996	2.7197983736488e-61	RPL12	c4
8.45330141743623e-66	0.357395986419723	0.403	0.273	2.83506822937976e-61	H2AFX	c4
9.14469618042912e-66	-1.052801453796	0.226	0.331	3.06694820499232e-61	ERN1	c4
1.41685762991739e-65	0.281737492402706	0.823	0.715	4.75185711921693e-61	FKBP1A	c4
1.51404844363593e-65	-2.86690644557817	0.02	0.093	5.07781567026618e-61	EOMES	c4
1.57094550190108e-65	-1.13353292909389	0.2	0.305	5.26863702427584e-61	TCF7	c4
1.63657986015291e-65	0.528563556426489	0.448	0.323	5.48876153498083e-61	LYAR	c4
1.74017152130782e-65	-1.89570745520939	0.047	0.133	5.83618724816216e-61	TOX2	c4
2.01678448028228e-65	0.449737166250141	0.557	0.43	6.76389178997071e-61	GPR174	c4
2.27115791997902e-65	3.20160636955143	0.017	0.002	7.61700943202564e-61	LTF	c4
2.61514173750286e-65	0.410312525697902	0.652	0.53	8.77066235923711e-61	HMOX2	c4
3.61768848664017e-65	-3.22482866960609	0.011	0.079	1.21330036464938e-60	NPDC1	c4
4.02075087821029e-65	0.543010518204116	0.416	0.296	1.34847942953417e-60	RNF125	c4
9.04905783035999e-65	-0.523245866216494	0.515	0.604	3.03487301514613e-60	TNFAIP8	c4
1.15843231018709e-64	3.22752432064738	0.016	0.002	3.88515028190545e-60	PDGFRB	c4
2.1384486726757e-64	0.359718630345562	0.766	0.671	7.17192915841976e-60	SELENOH	c4
2.46924112352649e-64	0.961883604626055	0.163	0.088	8.28134088008313e-60	SLC37A1	c4
3.94396086181652e-64	-1.66633581139226	0.172	0.28	1.32272559383602e-59	TNF	c4
4.37728252695552e-64	-0.151069127607854	1	0.997	1.46805301389034e-59	RPL18A	c4
7.04329447834195e-64	0.598447484495175	0.32	0.21	2.36218010214632e-59	CCPG1	c4
7.17985967956043e-64	1.44935673568977	0.059	0.02	2.40798133933098e-59	BMF	c4
8.2559603928089e-64	1.18555673531081	0.124	0.061	2.76888399654025e-59	KIAA1671	c4
8.50513060633934e-64	0.288556137017819	0.829	0.729	2.85245070275409e-59	SKAP1	c4
9.87643976544254e-64	1.49109391878684	0.065	0.023	3.31236036853412e-59	REEP6	c4
1.48395004017761e-63	-0.147315127672171	1	0.997	4.97687164474768e-59	RPS3	c4
1.8564606009198e-63	1.02535613081519	0.14	0.071	6.22619756336482e-59	INPP5B	c4
2.37351461459069e-63	-1.25195017287378	0.253	0.343	7.96029331441425e-59	MIR4435-2HG	c4
2.64528006532825e-63	0.702447392846777	0.298	0.196	8.8717402830979e-59	ARHGEF7	c4
3.34395695980274e-63	1.2487523366507	0.107	0.049	1.12149628517864e-58	RAB34	c4
3.35172309694949e-63	0.316117956619784	0.55	0.41	1.12410089225492e-58	LGALS1	c4
3.48051768699845e-63	0.483483365329753	0.515	0.396	1.16729602186554e-58	MFSD10	c4
3.72858785106762e-63	2.12022148458629	0.028	0.006	1.25049379349106e-58	JAG2	c4
5.13974092749985e-63	2.42825385542398	0.029	0.006	1.7237663122649e-58	LBX2-AS1	c4
6.95784269549427e-63	0.367142257119547	0.722	0.608	2.33352128321487e-58	ECH1	c4
9.53692653956136e-63	-2.08322589033861	0.043	0.123	3.19849442283809e-58	SPART	c4
1.31703814634511e-62	0.577413373881498	0.324	0.217	4.41708253521224e-58	RAB11FIP1	c4
1.36826049704861e-62	0.460896197366775	0.621	0.497	4.58887205500164e-58	RAB5IF	c4
1.84858728508533e-62	-0.166401099037722	0.999	0.998	6.19979203671919e-58	EIF1	c4
1.89925709622171e-62	0.439511509327421	0.524	0.395	6.36972844930838e-58	HMGN3	c4
2.49481829520814e-62	0.503705629002793	0.363	0.243	8.36712159846907e-58	ZBTB20	c4
2.60347088867464e-62	0.275062931425627	0.79	0.672	8.73152066643702e-58	NME2	c4
2.75372048889984e-62	0.195782802399455	0.965	0.928	9.23542777567229e-58	MYL12B	c4
3.66647188238491e-62	0.553072844171115	0.405	0.291	1.22966133991425e-57	IDI1	c4
4.68446335456116e-62	0.383398477718379	0.689	0.572	1.57107531985272e-57	BAX	c4
1.72420412077628e-61	-1.65673022514165	0.142	0.239	5.78263578025949e-57	FABP5	c4
2.81623035914541e-61	0.451266218323232	0.618	0.506	9.44507337850186e-57	AC016831.7	c4
3.50723019796844e-61	1.37932884441474	0.078	0.031	1.17625486379465e-56	AFAP1L2	c4
3.61929665638169e-61	0.16661696653878	0.943	0.878	1.21383971261729e-56	RARRES3	c4
4.02723305472553e-61	0.335529706060874	0.851	0.803	1.35065342189385e-56	MT-ND6	c4
4.52961689816234e-61	1.7605283984754	0.044	0.012	1.51914291530569e-56	ADAMTS10	c4
6.02448706429298e-61	0.485139977308957	0.499	0.38	2.02049247162258e-56	ILK	c4
6.26153945654478e-61	-0.463006018483132	0.826	0.883	2.09999510293599e-56	TSC22D3	c4
7.73136823854627e-61	0.419972724481865	0.592	0.467	2.59294627984365e-56	SH3BP1	c4
1.61161635437821e-60	0.519365073943308	0.346	0.235	5.40503892931364e-56	ASAH1	c4
1.62325807011095e-60	-0.206763863373022	0.971	0.972	5.44408291553811e-56	RPL31	c4
1.83358502465006e-60	1.65726411188317	0.057	0.019	6.14947745567138e-56	KLRC4-KLRK1	c4
2.22356443680283e-60	-0.247519056110089	0.957	0.957	7.45739040814934e-56	TOMM7	c4
3.11674918399911e-60	0.413974849183094	0.572	0.452	1.04529534132962e-55	TRABD	c4
3.33267682513521e-60	-2.0489773902953	0.038	0.115	1.11771315361385e-55	CD79B	c4
5.33421570378987e-60	0.864010475783251	0.177	0.1	1.78898926273705e-55	C15orf39	c4
6.43014959647801e-60	-0.549586138646219	0.601	0.651	2.15654357166679e-55	H2AFV	c4
7.30138664752963e-60	2.41625454283124	0.039	0.01	2.44873905384849e-55	CD109	c4
1.04005131085594e-59	1.30438707334264	0.059	0.021	3.48812408634865e-55	MCC	c4
1.33575862322383e-59	-0.556544143685428	0.515	0.595	4.4798672705681e-55	RNASET2	c4
1.56370544350491e-59	-3.64689037509716	0.01	0.073	5.24435531642676e-55	IFNGR2	c4
1.89840075203322e-59	0.785033181737918	0.16	0.085	6.36685644216901e-55	LINC02256	c4
1.91746173045213e-59	-0.943978421737467	0.186	0.289	6.43078315159036e-55	TESPA1	c4
3.7831840840819e-59	-2.81530732507836	0.018	0.084	1.26880427811939e-54	PIP4P2	c4
6.95259941222239e-59	0.607084480039984	0.22	0.13	2.33176279087115e-54	LSR	c4
9.61271526405319e-59	1.36808519689858	0.061	0.022	3.22391244525816e-54	STARD9	c4
1.10812526493434e-58	0.442201246289741	0.513	0.393	3.71643051353677e-54	TMEM14C	c4
1.37319585839264e-58	-2.47864012890468	0.036	0.109	4.60542426987724e-54	PLCB1	c4
4.58486959687639e-58	0.303030008191325	0.784	0.676	1.5376735654004e-53	CELF2	c4
5.72024081551407e-58	0.563738020161244	0.386	0.278	1.91845436470711e-53	HACD4	c4
1.06693842457681e-57	0.970395814637078	0.151	0.082	3.57829808834569e-53	CHPF	c4
1.29507036253468e-57	-0.90331824485512	0.259	0.359	4.34340698186882e-53	GBP1	c4
1.47892848505128e-57	-1.51612575814924	0.076	0.163	4.96003035316499e-53	RASA3	c4
1.95341930469719e-57	-1.71102549105577	0.067	0.15	6.55137766409345e-53	TNFSF13B	c4
3.40048911583412e-57	0.729284609511391	0.261	0.17	1.14045603966845e-52	TBCD	c4
6.11852726269024e-57	0.571256979143498	0.356	0.252	2.05203167336105e-52	FPGS	c4
7.36423277969672e-57	0.771829091009462	0.195	0.115	2.46981638965469e-52	SFMBT2	c4
8.17252187883506e-57	1.69241079170488	0.045	0.014	2.7409003877237e-52	RXRA	c4
8.18300691739558e-57	-0.88788305771011	0.183	0.286	2.74441685995613e-52	ADI1	c4
1.51357815143144e-56	0.844198479893844	0.179	0.103	5.07623840427076e-52	VIM-AS1	c4
1.63655492642421e-56	1.03640456421277	0.116	0.057	5.48867791224153e-52	PLCXD2	c4
2.81715158539949e-56	0.375256503415752	0.644	0.539	9.44816298711282e-52	DOCK8	c4
2.85983453737348e-56	-0.796544960078739	0.246	0.348	9.59131307144316e-52	ADD3	c4
3.46701164421036e-56	-2.71781922714215	0.022	0.088	1.16276636523527e-51	IFI44	c4
4.11534180513038e-56	1.37946962642898	0.064	0.024	1.38020333460463e-51	METTL7A	c4
5.4657378864311e-56	-2.36932164737244	0.021	0.087	1.83309917235126e-51	DAPP1	c4
5.53265300200622e-56	-2.62966652186364	0.018	0.083	1.85554116381285e-51	YBX3	c4
5.81658357748961e-56	-2.82216176857793	0.018	0.081	1.95076580021847e-51	TRABD2A	c4
5.8541655865817e-56	0.582094551433867	0.324	0.223	1.96337005442777e-51	PFKFB3	c4
7.1931794688332e-56	-0.143388764808766	1	0.998	2.41244853025728e-51	RPL13	c4
1.01785767083055e-55	0.390255219641991	0.732	0.632	3.41369105643148e-51	RPS27L	c4
1.07464261089025e-55	0.706498981205345	0.239	0.151	3.60413638840371e-51	SNX14	c4
1.22658765826924e-55	-0.500124675930432	0.595	0.654	4.11372968830336e-51	LBH	c4
1.49577227271636e-55	0.445441367683044	0.443	0.331	5.01652104823612e-51	CEMIP2	c4
1.67102281498321e-55	-0.120513163828718	0.999	0.996	5.60427631689069e-51	RPS7	c4
2.20369388591143e-55	0.509146895160666	0.407	0.295	7.39074855456977e-51	CD58	c4
2.2165789493505e-55	0.834328589434421	0.197	0.117	7.43396248033172e-51	MZF1	c4
2.5290073726542e-55	0.480211919409428	0.492	0.385	8.48178492640765e-51	PPCS	c4
4.08866001881237e-55	-1.24886954214279	0.114	0.203	1.37125479710929e-50	LDLRAP1	c4
4.72161238240567e-55	0.618333489330367	0.323	0.225	1.58353436081121e-50	ASXL2	c4
4.96635077585167e-55	1.24893106225002	0.068	0.026	1.66561472320513e-50	AC243829.1	c4
5.38480797433355e-55	0.552244973974482	0.339	0.236	1.80595689843199e-50	RALGDS	c4
5.70731243657625e-55	3.95346737992521	0.013	0.001	1.91411844497894e-50	TRIM54	c4
6.05328901522394e-55	-0.240025937245438	0.894	0.907	2.0301520699258e-50	UQCRB	c4
6.10324829493733e-55	0.612235031968239	0.365	0.265	2.04690741315608e-50	TSTA3	c4
7.91399170031194e-55	-0.599811002156833	0.371	0.464	2.65419453645062e-50	VSIR	c4
8.4586815925077e-55	-1.80151764744321	0.048	0.123	2.83687263249523e-50	TNFRSF10A	c4
1.14307610695183e-54	1.20475937591745	0.088	0.039	3.83364864749505e-50	NPEPL1	c4
1.16985888534321e-54	-3.83825981035575	0.007	0.063	3.92347272966405e-50	ETV7	c4
1.93370645621754e-54	0.454474185831064	0.292	0.195	6.48526471286237e-50	ITGB1	c4
2.24619715708308e-54	0.538787487752507	0.361	0.255	7.53329602542523e-50	PCMTD1	c4
3.53994098410475e-54	-1.11487584731989	0.107	0.199	1.18722540724905e-49	LINC00649	c4
3.69758766930985e-54	-0.514832282162976	0.569	0.62	1.24009695253314e-49	TAP1	c4
4.91593596459073e-54	-0.114553929873713	0.559	0.399	1.64870660380444e-49	LAG3	c4
5.4656643637337e-54	-1.7101842176422	0.04	0.113	1.83307451430901e-49	BTLA	c4
8.56338373632147e-54	2.19130280251138	0.026	0.005	2.87198763748749e-49	CHRFAM7A	c4
8.59508932338283e-54	-2.26101579592156	0.032	0.099	2.88262105727613e-49	CYB561	c4
8.66265713892319e-54	-4.52705027782239	0.006	0.06	2.90528195125206e-49	CXCR5	c4
8.99832762732795e-54	1.43970431384693	0.05	0.017	3.01785911965325e-49	KANK3	c4
9.04170123532674e-54	-1.98225762797593	0.036	0.106	3.03240576030388e-49	LINC02273	c4
9.15179256188904e-54	1.26952830626141	0.101	0.049	3.06932818940635e-49	FANCL	c4
9.41023831918524e-54	0.616402862610869	0.249	0.158	3.15600572748834e-49	PRR7	c4
9.7320924142905e-54	0.699617234930111	0.259	0.172	3.26394915390475e-49	HSH2D	c4
1.32500884347714e-53	4.46575603982129	0.011	0.001	4.44381465925363e-49	ELFN1-AS1	c4
1.72363589272511e-53	-0.720665560304756	0.312	0.404	5.78073005702146e-49	HNRNPLL	c4
1.84563155875404e-53	-0.518055272130941	0.495	0.577	6.18987912174929e-49	GIMAP1	c4
1.92553322737738e-53	0.305069082319472	0.799	0.72	6.45785333797827e-49	POLR2L	c4
2.18255434373088e-53	0.689238218889867	0.194	0.115	7.31985075800462e-49	RAB11FIP4	c4
2.81926406284816e-53	-1.11263337417072	0.128	0.22	9.45524781398016e-49	UBXN11	c4
2.83867120153445e-53	-1.91754957522766	0.039	0.109	9.52033547570623e-49	CAMK1D	c4
7.18534828754758e-53	0.470357473100236	0.589	0.489	2.40982210867771e-48	PIM1	c4
7.81419274985558e-53	-2.44810100224648	0.028	0.093	2.62072396444656e-48	NSG1	c4
8.9388975536028e-53	-0.376368624312178	0.844	0.834	2.99792746152731e-48	PSMB9	c4
1.44812865570067e-52	1.6586457852919	0.064	0.025	4.85673388548891e-48	GLIDR	c4
1.45813934065205e-52	0.725084828812453	0.206	0.126	4.89030772067885e-48	FUOM	c4
1.52457090255825e-52	0.417046455741488	0.431	0.32	5.11310589299986e-48	SERTAD1	c4
1.82806729117994e-52	-4.26576123980923	0.005	0.058	6.13097208115928e-48	CHN1	c4
3.36548837614379e-52	1.269584073756	0.077	0.033	1.1287174915911e-47	TESK2	c4
3.36669893444787e-52	-2.21971724112328	0.022	0.084	1.12912348863513e-47	FAM50B	c4
3.90841760456162e-52	0.582850435574998	0.325	0.227	1.31080509621788e-47	PACS1	c4
4.51680892054818e-52	0.420866536596385	0.474	0.359	1.51484737577345e-47	FLOT1	c4
6.57769609693772e-52	0.888715072551739	0.153	0.086	2.20602771699097e-47	HIP1R	c4
7.09597987528752e-52	0.53183324536878	0.368	0.265	2.37984973057393e-47	LPIN1	c4
7.27766537653128e-52	0.571047092132403	0.386	0.285	2.44078341398106e-47	NUDT4	c4
7.68215720164844e-52	0.434964384431513	0.487	0.38	2.57644188228885e-47	PCM1	c4
8.91942773245467e-52	0.314716063081894	0.579	0.454	2.99139767291065e-47	LIMS1	c4
9.4425319772472e-52	1.75970612631217	0.038	0.011	3.16683637452917e-47	EPS8L1	c4
1.06199914016974e-51	0.736361608466564	0.174	0.101	3.56173271630128e-47	YPEL2	c4
1.06969970484371e-51	-0.32877197709782	0.697	0.729	3.58755887010482e-47	TMEM258	c4
1.2002038977894e-51	1.53231009180677	0.07	0.029	4.02524383240609e-47	MAPK11	c4
1.51329186671078e-51	-3.32719971059399	0.014	0.071	5.0752782625746e-47	TTC39C-AS1	c4
1.77559813926999e-51	0.334005595705838	0.827	0.761	5.9550010394837e-47	CALR	c4
1.97324035130419e-51	0.561094819057526	0.32	0.222	6.61785349020399e-47	KAT6B	c4
2.09962478213866e-51	-1.56918341261126	0.055	0.13	7.04172159433664e-47	METTL8	c4
2.46352488568872e-51	1.11147207290847	0.11	0.056	8.26216976162284e-47	FECH	c4
2.58425998083056e-51	-0.518684752596011	0.431	0.524	8.66709112370952e-47	THEMIS	c4
3.40112052468322e-51	0.979438773607363	0.145	0.081	1.14066780156826e-46	FBXL6	c4
3.49696382321773e-51	-0.15074815497055	0.998	0.994	1.17281172703076e-46	RPL17	c4
3.83071806267984e-51	0.281472044717399	0.785	0.685	1.28474622386157e-46	WDR83OS	c4
3.89735746756533e-51	1.40657405834687	0.063	0.025	1.30709574747206e-46	H2AFY2	c4
3.90358778375766e-51	0.861373649031355	0.131	0.07	1.30918527091664e-46	RIPK2	c4
4.74013729660003e-51	-3.52146560271958	0.018	0.077	1.58974724653372e-46	SLC40A1	c4
5.83319053660629e-51	-0.154291197500815	1	0.999	1.95633544216702e-46	RPLP1	c4
6.56986537615184e-51	0.985069022311423	0.105	0.051	2.2034014498538e-46	PRR5L	c4
7.88109468593539e-51	1.2656984356865	0.064	0.025	2.64316153576901e-46	AC108134.3	c4
8.72594942124335e-51	2.3388582984333	0.024	0.005	2.92650891689659e-46	PAWR	c4
1.10240834329357e-50	1.22698511906317	0.089	0.041	3.69725710173799e-46	GZF1	c4
1.16433319479933e-50	1.4889954405645	0.061	0.024	3.904940668718e-46	NLRP2	c4
1.19357817412104e-50	0.543123831632176	0.397	0.297	4.00302248036713e-46	HDLBP	c4
1.43871910360268e-50	-0.199180335965718	0.974	0.97	4.82517612966266e-46	RPL7	c4
1.62864437186917e-50	-1.20003188403549	0.087	0.169	5.46214749437483e-46	CD300A	c4
1.96312465546987e-50	-3.14170527267362	0.014	0.07	6.58392746951485e-46	PCLAF	c4
2.57345727388196e-50	0.56206572285707	0.29	0.197	8.63086100514531e-46	PIP4K2A	c4
5.36014735463769e-50	-0.19553708912273	0.954	0.943	1.79768621979839e-45	ATP5MG	c4
6.16226834623847e-50	3.71068105861334	0.014	0.002	2.06670155796146e-45	ATP2A1	c4
6.51308018867591e-50	-0.180061821224839	0.991	0.99	2.18435683367813e-45	RPS29	c4
7.89963936137364e-50	-0.660107627020638	0.291	0.388	2.64938104901749e-45	SMAP2	c4
1.20144031154781e-49	-0.305607661840369	0.865	0.865	4.02939051686904e-45	SUB1	c4
1.27642687777449e-49	3.28744435075892	0.013	0.001	4.28088046268008e-45	FOXD1	c4
1.29034497269543e-49	-0.903492488526441	0.18	0.272	4.32755896942593e-45	GLRX	c4
1.41343562096034e-49	1.25295709353405	0.079	0.035	4.74038038557679e-45	BMPR1A	c4
1.54556271727733e-49	-3.656856185024	0.011	0.064	5.18350824120471e-45	EDARADD	c4
1.5515455332476e-49	0.44401820870597	0.501	0.396	5.2035734094058e-45	MMP24OS	c4
2.00408245872265e-49	1.5198360987565	0.065	0.026	6.72129175006403e-45	ADCY3	c4
2.16420895300743e-49	-1.81853517672449	0.038	0.105	7.25832398659633e-45	TRPS1	c4
2.47129604260586e-49	-6.35675315478898	0.001	0.048	8.28823266769153e-45	AC017002.3	c4
2.97442558815269e-49	0.344279640048807	0.624	0.52	9.97562853754649e-45	IQGAP1	c4
3.08474161151996e-49	0.211535944223843	0.894	0.834	1.03456064167156e-44	CD3G	c4
4.00389778627885e-49	0.552961976273913	0.276	0.184	1.3428272395622e-44	SMC4	c4
4.02692063240917e-49	-0.151527743960702	0.994	0.99	1.35054864169739e-44	RPL37A	c4
5.02109550129782e-49	-0.269688735075246	0.961	0.952	1.68397500922526e-44	IFITM1	c4
8.25873600367834e-49	-0.1082159696848	0.577	0.378	2.76981488091364e-44	CD8B	c4
9.10921153068617e-49	0.328526663400175	0.683	0.57	3.05504736316153e-44	SET	c4
9.43653946143194e-49	1.58234191680835	0.056	0.021	3.16482660457504e-44	AC009779.2	c4
9.98330604549011e-49	0.620974808785812	0.285	0.197	3.34820118153647e-44	ZNF791	c4
1.20783333028323e-48	1.0469307940703	0.097	0.047	4.05083142310391e-44	SLC35D2	c4
1.21955982920516e-48	0.381033292849547	0.549	0.441	4.09015975518827e-44	LASP1	c4
1.22985563037406e-48	0.582643525337506	0.347	0.252	4.12468981314853e-44	COA1	c4
2.48884061548898e-48	0.362668001291659	0.478	0.364	8.34707365622694e-44	ZBTB38	c4
3.03753107368362e-48	-0.839241104210915	0.196	0.288	1.01872717149201e-43	CHD3	c4
4.75818408413727e-48	1.3333325339924	0.059	0.023	1.59579977813796e-43	ZSCAN9	c4
4.91967092367544e-48	0.654298736831588	0.197	0.121	1.64995923438227e-43	PREPL	c4
5.48207901914942e-48	0.333129688898918	0.63	0.518	1.83857966144233e-43	SEC11A	c4
6.72538044847241e-48	1.17013277901473	0.083	0.038	2.25555809480868e-43	UAP1L1	c4
7.09383482608475e-48	-3.78629457144716	0.006	0.055	2.3791303239723e-43	BEX3	c4
9.70307118351498e-48	-3.09496452684747	0.014	0.067	3.25421601352726e-43	IL23R	c4
1.05862081035253e-47	0.626800945913292	0.196	0.12	3.55040247376031e-43	AKAP7	c4
1.484315465411e-47	0.317371079884318	0.675	0.573	4.97809720789542e-43	TAX1BP1	c4
1.49404074839606e-47	-3.88018823730799	0.007	0.056	5.01071386197071e-43	GNA15	c4
1.59896678249088e-47	1.07460858961359	0.097	0.048	5.36261479511792e-43	AVPI1	c4
1.95093707064365e-47	0.915859848027928	0.094	0.045	6.54305274752467e-43	TPRG1	c4
1.96919892481159e-47	0.291386179506949	0.732	0.635	6.60429935403311e-43	ELF1	c4
2.12252747271029e-47	2.09890988164538	0.027	0.006	7.11853263797578e-43	LINGO3	c4
2.40529632117761e-47	-4.72921291901586	0.003	0.049	8.06688280196547e-43	LAIR2	c4
4.16953366632726e-47	0.449801642342467	0.292	0.199	1.39837820101284e-42	CDKN1A	c4
4.27183222595137e-47	0.796284949412869	0.141	0.079	1.43268709193957e-42	BAZ2B	c4
4.51243662658782e-47	0.865975876518163	0.158	0.093	1.51338099582502e-42	FUCA2	c4
4.57967627139604e-47	-0.193273613618377	0.996	0.991	1.5359318279008e-42	RPL9	c4
4.80639619694793e-47	0.606383032580992	0.268	0.182	1.6119691565324e-42	SEL1L3	c4
4.89449258284398e-47	0.672198823652334	0.209	0.132	1.64151492243421e-42	TMEM80	c4
5.05916130990443e-47	-3.51284232775786	0.008	0.058	1.69674152011575e-42	LY96	c4
5.23277398801192e-47	0.143757782951142	0.983	0.962	1.75496774009944e-42	H3F3A	c4
6.20792606585898e-47	0.733848457279116	0.233	0.155	2.08201424396779e-42	R3HDM1	c4
6.48699391029673e-47	0.543445249123602	0.23	0.148	2.17560801763532e-42	STAM	c4
6.64675117642371e-47	0.587859500262809	0.292	0.204	2.22918740954898e-42	FAM13B	c4
6.68274328216903e-47	0.136934538475965	0.983	0.965	2.24125844197385e-42	CYBA	c4
7.01206834424525e-47	0.43217107026209	0.431	0.327	2.35170748129297e-42	SMARCA2	c4
7.91153920405054e-47	0.840357551888972	0.176	0.107	2.65337201825447e-42	UAP1	c4
8.80868836395483e-47	0.701912531037103	0.215	0.138	2.95425790350317e-42	PGM1	c4
1.01958852897136e-46	-0.170184667898304	0.997	0.991	3.41949600846414e-42	RPL22	c4
1.03604580173189e-46	2.52142811616159	0.022	0.005	3.4746904098484e-42	VGF	c4
1.05409057985884e-46	2.05911778964533	0.062	0.026	3.53520898673057e-42	TRBV21-1	c4
1.18446768837481e-46	0.36098229900302	0.358	0.254	3.97246773327143e-42	CKS2	c4
1.1850762462311e-46	0.700738459575345	0.175	0.106	3.97450871460987e-42	ACTA2	c4
1.50034330595362e-46	1.06341821598339	0.117	0.063	5.03185137950725e-42	IDH1	c4
1.59819761828826e-46	1.15839017041915	0.076	0.034	5.36003517221518e-42	ARRB1	c4
1.61258941997675e-46	0.531562640959032	0.349	0.256	5.40830239671802e-42	PTPN18	c4
1.72602435671822e-46	-2.76707055434284	0.022	0.078	5.78874048756157e-42	IL4I1	c4
1.89536552036198e-46	0.594172480478511	0.261	0.175	6.35667688219002e-42	FBXO44	c4
2.47758136343308e-46	-3.30668391169459	0.011	0.062	8.30931237668188e-42	PIK3CB	c4
2.58997717952974e-46	-1.99570528954906	0.018	0.074	8.68626546470683e-42	PSAT1	c4
2.7871543747396e-46	-0.41906987031085	0.47	0.557	9.34755834200167e-42	TUBA4A	c4
2.79559457408433e-46	0.342668835247311	0.63	0.525	9.37586508256404e-42	TMEM230	c4
3.5208547725753e-46	1.10981297462895	0.075	0.033	1.1808242736263e-41	PMEPA1	c4
4.00438007170875e-46	0.303116234725084	0.632	0.519	1.34298898844968e-41	DOK2	c4
4.91752459030023e-46	-0.382735830504638	0.756	0.812	1.64923939709489e-41	PPP1R15A	c4
5.23092888568143e-46	0.566030735616406	0.274	0.187	1.75434892967984e-41	AGPAT2	c4
6.89571849456259e-46	-3.4481318595365	0.011	0.062	2.3126860687064e-41	RORC	c4
7.17543866655497e-46	-1.1112741044595	0.132	0.213	2.4064986199892e-41	PLAC8	c4
7.34970785392145e-46	-1.32964160980524	0.07	0.143	2.46494502004818e-41	RASSF3	c4
8.40462980652072e-46	1.33735254502964	0.052	0.019	2.81874474451092e-41	RNF122	c4
1.08466701085511e-45	0.316450831242519	0.69	0.595	3.63775622100587e-41	BZW1	c4
1.36027603845201e-45	3.36857889508906	0.013	0.002	4.56209377776034e-41	PEAK3	c4
1.40650411468968e-45	1.09048023732964	0.064	0.026	4.71713349984623e-41	P3H4	c4
2.13008559412187e-45	0.433665653698526	0.54	0.439	7.14388106556592e-41	EVI2A	c4
2.17527054283405e-45	0.732245197507989	0.229	0.152	7.29542234655685e-41	TCTN3	c4
2.3206580361388e-45	-2.23655263741148	0.023	0.08	7.78302292160231e-41	DTHD1	c4
2.56154239781545e-45	0.45236019898876	0.353	0.253	8.59090089379345e-41	RNF11	c4
2.916735881015e-45	-0.197289487557743	0.959	0.953	9.78214879774812e-41	ATP5MC2	c4
2.99364317719773e-45	0.958614398011984	0.147	0.086	1.00400804876857e-40	EIF5A2	c4
3.19496801705904e-45	0.201333209827933	0.928	0.865	1.07152837356126e-40	TPM3	c4
3.34565273149441e-45	0.476669479488586	0.346	0.25	1.1220650130886e-40	SLFN12L	c4
3.49812632240803e-45	-2.90219662132667	0.012	0.062	1.17320160600921e-40	RMND5B	c4
4.54196617872311e-45	0.32168566866463	0.53	0.417	1.52328461702016e-40	CHST12	c4
5.67395169284008e-45	2.54501820830321	0.024	0.006	1.9029299187447e-40	KIF7	c4
6.54870176911774e-45	1.51125332540285	0.045	0.016	2.19630359932671e-40	LATS2	c4
6.89347056762757e-45	1.59755437469919	0.041	0.014	2.31193215897094e-40	KCTD11	c4
7.2031487435403e-45	0.746642054083553	0.196	0.124	2.41579202560855e-40	AL390728.5	c4
1.04379013786789e-44	-1.48147165652112	0.061	0.13	3.50066336438135e-40	ZBTB7B	c4
1.17843693991372e-44	0.845923367595416	0.123	0.067	3.95224180908263e-40	MAP9	c4
1.17916859845773e-44	0.675007906858577	0.194	0.122	3.95469564550755e-40	PVT1	c4
1.20386821990604e-44	0.52823532426892	0.363	0.269	4.03753323592088e-40	MIF4GD	c4
1.21088976378686e-44	1.14328079051567	0.063	0.026	4.06108208978837e-40	PWWP2B	c4
1.29094490499735e-44	0.559529778854317	0.281	0.195	4.32957102238013e-40	AGO2	c4
1.37598596687712e-44	0.580800964484421	0.283	0.196	4.61478173571248e-40	SMIM27	c4
1.42824407226084e-44	1.53982486480118	0.04	0.013	4.79004496954841e-40	DLGAP3	c4
1.56794663818646e-44	0.493838606837628	0.366	0.271	5.25857943514975e-40	RPS6KA1	c4
1.85707250720335e-44	0.761975608751487	0.182	0.113	6.22824977465859e-40	PDZD8	c4
1.98031241121484e-44	-0.362714373185073	0.856	0.846	6.64157176473235e-40	LIMD2	c4
2.10716728171002e-44	0.839404128539326	0.147	0.086	7.06701762939907e-40	TSPAN3	c4
2.77633421542918e-44	0.415668479170729	0.439	0.336	9.31126969170638e-40	CHST11	c4
3.11505078832331e-44	0.409328808740682	0.456	0.354	1.04472573338787e-39	GLO1	c4
3.28860706379683e-44	0.465087155807686	0.402	0.305	1.10293303705618e-39	CCDC115	c4
3.55944831012034e-44	-1.22498315445659	0.073	0.146	1.19376777424816e-39	OASL	c4
3.66085762782812e-44	-1.15476054273506	0.081	0.157	1.22777843122099e-39	FUT8	c4
3.7616947960071e-44	-0.85396393042907	0.24	0.326	1.26159720068486e-39	ARID5B	c4
5.00442209266725e-44	-1.0119703943079	0.084	0.161	1.67838308143874e-39	ADORA2A	c4
5.13776719086461e-44	-1.07070880501095	0.12	0.201	1.72310436047217e-39	TESC	c4
6.19033179977906e-44	0.393550492560578	0.485	0.379	2.0761134790099e-39	DEGS1	c4
7.1939782343793e-44	0.762100442292035	0.161	0.096	2.41271642024613e-39	ITPRIP	c4
8.89012204344093e-44	0.764158727702313	0.099	0.05	2.98156913092922e-39	CALHM6	c4
9.04977641020221e-44	-0.683425313918418	0.231	0.321	3.03511401245362e-39	SQOR	c4
9.30367714777441e-44	0.363224893427765	0.561	0.465	3.12026724182058e-39	SEMA4D	c4
1.02137796765132e-43	-0.711076200356023	0.316	0.397	3.42549742790901e-39	FOXP1	c4
1.23797729434302e-43	-0.279652216755325	0.774	0.79	4.15192824976762e-39	EIF3H	c4
1.24737687210175e-43	-4.05781790896687	0.005	0.049	4.18345255365485e-39	TSHZ2	c4
1.33062139533113e-43	0.320140939568179	0.661	0.56	4.46263803566154e-39	CAPZA1	c4
1.36547766573286e-43	-0.23553723989965	0.855	0.866	4.57953899533487e-39	EIF3F	c4
1.36715427239533e-43	-0.802270963180195	0.169	0.256	4.58516199875946e-39	SNX20	c4
1.41965143371385e-43	-3.19697475791997	0.016	0.067	4.76122697838951e-39	MKI67	c4
1.58652436175392e-43	0.654384912960019	0.196	0.123	5.32088540445029e-39	P4HA1	c4
1.59910748963749e-43	1.22891808679075	0.059	0.024	5.36308669874623e-39	CCDC173	c4
1.77454285083405e-43	-1.86676592215612	0.037	0.097	5.95146181312725e-39	PTP4A3	c4
2.11354684128981e-43	0.475460625370298	0.327	0.234	7.08841339631777e-39	DCAF5	c4
3.39551118137643e-43	-6.35588579167543	0.001	0.042	1.13878654001003e-38	RRM2	c4
3.42763269224582e-43	1.07165425214771	0.07	0.031	1.1495594523254e-38	SLC27A1	c4
4.0777182264776e-43	0.333159463947488	0.62	0.509	1.36758513879606e-38	NDUFS8	c4
4.23353572899359e-43	0.622017144048459	0.197	0.125	1.41984321278987e-38	SUSD6	c4
5.68155514435301e-43	0.52417109521735	0.229	0.153	1.90547996431311e-38	IRF4	c4
7.22967260036904e-43	0.370509295106723	0.478	0.377	2.42468759671177e-38	DYNC1H1	c4
7.40421506992775e-43	-0.222940255375549	0.874	0.88	2.48322565015237e-38	SNRPD2	c4
9.58063559110185e-43	-2.89638729143418	0.02	0.072	3.21315356454374e-38	TRBV5-1	c4
9.59077256630472e-43	0.697125403692208	0.179	0.111	3.21655330328728e-38	ARHGEF9	c4
1.01221400296135e-42	0.303716355597338	0.674	0.571	3.39476332313179e-38	RNPS1	c4
1.08901986160719e-42	-0.704288588767549	0.297	0.379	3.65235481185818e-38	DNPH1	c4
1.11403272296046e-42	-0.549238248059533	0.334	0.424	3.73624294626478e-38	GIMAP2	c4
1.12077310678663e-42	0.503087908774162	0.315	0.225	3.758848845541e-38	PRKAR2A	c4
1.1917983266783e-42	1.21248637309012	0.061	0.025	3.99705322801368e-38	FBP1	c4
1.37288247254014e-42	-0.390461906678957	0.485	0.577	4.60437323640513e-38	RPS4Y1	c4
1.51595612789719e-42	2.00318508957533	0.029	0.008	5.0842136617416e-38	IQSEC3	c4
1.60968320537524e-42	0.68093390672864	0.219	0.145	5.39855553418748e-38	PARVB	c4
1.73755240893432e-42	-0.157754149759792	0.999	0.995	5.82740326908391e-38	RPL3	c4
1.82159972362598e-42	-0.405259212100866	0.538	0.607	6.10928115309683e-38	RNF149	c4
2.39333851270532e-42	0.427921914530758	0.523	0.431	8.02677870391109e-38	FAM177A1	c4
2.52051514372595e-42	-1.1993711331808	0.101	0.176	8.45330368902808e-38	TOB1	c4
2.57435057149467e-42	0.161580855020805	0.964	0.93	8.63385694667883e-38	UBB	c4
2.97369164371833e-42	0.91890422147724	0.117	0.064	9.97316703470255e-38	PAOX	c4
3.10271516787107e-42	0.389503259152654	0.497	0.396	1.0405886130006e-37	JAML	c4
3.70430406440244e-42	0.661445206120086	0.157	0.093	1.24234949711929e-37	AC093010.2	c4
4.22021675381747e-42	0.551598263680736	0.349	0.259	1.4153762948953e-37	SNHG15	c4
4.51390261143926e-42	1.84854712621727	0.038	0.013	1.5138726578245e-37	CHKA	c4
5.01577537050731e-42	-1.45043739205287	0.044	0.106	1.68219074376074e-37	LINC01184	c4
5.14159610080824e-42	0.333960439384428	0.614	0.509	1.72438850028907e-37	PARP8	c4
5.64277404423126e-42	1.21955232388107	0.068	0.03	1.89247355895428e-37	PTPN12	c4
6.81168354089227e-42	0.263649220533559	0.828	0.753	2.28450242594445e-37	MYH9	c4
8.36586254072528e-42	0.34552566587745	0.472	0.367	2.80574297890845e-37	APMAP	c4
1.0040548849808e-41	2.11915581744089	0.029	0.008	3.36739927324861e-37	ABTB2	c4
1.21913870660947e-41	0.540978972764787	0.277	0.194	4.08874739422683e-37	OTULINL	c4
1.28226172029809e-41	0.183416102183191	0.951	0.912	4.30044935753573e-37	PCBP2	c4
1.45620898605059e-41	0.4763049943241	0.4	0.307	4.88383369741648e-37	UBTF	c4
1.50857108791191e-41	0.706586446155318	0.18	0.113	5.05944571463897e-37	NME7	c4
2.17031814888159e-41	0.857752908762123	0.082	0.04	7.27881300771907e-37	FCRL3	c4
2.25759823588027e-41	-2.71612717732224	0.01	0.056	7.57153296349526e-37	AKAP2	c4
2.25963848417048e-41	0.824466997384909	0.149	0.089	7.57837554821097e-37	GSE1	c4
2.49844209113769e-41	0.700746825240025	0.15	0.087	8.37927508525758e-37	NLRP6	c4
2.50180722093021e-41	-0.524367028398979	0.382	0.466	8.39056105755575e-37	AAK1	c4
2.81964441691257e-41	0.726312494020537	0.182	0.115	9.45652344544136e-37	DNMT3A	c4
2.85410521030976e-41	-2.98065174486861	0.011	0.057	9.57209805433688e-37	ACTN1	c4
3.09897216581881e-41	2.66788457251683	0.015	0.003	1.03933328497231e-36	RTN4RL2	c4
3.2170313301819e-41	3.07813918700485	0.01	0.001	1.0789279675164e-36	TRGV11	c4
3.2572969516703e-41	0.282588891164094	0.599	0.493	1.09243225165118e-36	RBMS1	c4
3.62460214386934e-41	-4.87010935249934	0.004	0.045	1.2156190670109e-36	TOP2A	c4
3.74889769310027e-41	0.580155546283133	0.175	0.107	1.25730530831197e-36	ZNF600	c4
3.80055065366968e-41	0.470064384713865	0.341	0.248	1.27462867822774e-36	A1BG	c4
3.91922546985831e-41	-0.473924660510878	0.911	0.883	1.31442983808108e-36	TNFAIP3	c4
3.94819142661361e-41	-1.03909295611604	0.102	0.178	1.32414444065767e-36	SMCO4	c4
4.07080868325278e-41	3.34105789915754	0.011	0.001	1.36526781618932e-36	PCSK6	c4
4.17367082061923e-41	3.41117821101299	0.013	0.002	1.39976571981928e-36	P2RY1	c4
5.33461118541907e-41	0.455876120649648	0.402	0.31	1.78912189936585e-36	HPS1	c4
5.42619290592907e-41	1.02832848908746	0.08	0.039	1.81983657679049e-36	ELOVL6	c4
6.032802031513e-41	0.279438205229399	0.697	0.606	2.02328114532883e-36	CD164	c4
6.25557606000609e-41	0.198056012519046	0.884	0.817	2.09799509900484e-36	LCP2	c4
6.32336775014216e-41	0.196106853241401	0.869	0.78	2.12073107604268e-36	PPP1CA	c4
6.55820471373174e-41	0.650471097494125	0.156	0.093	2.19949069689135e-36	SNAI3	c4
6.9399818220202e-41	-4.39558100357998	0.004	0.046	2.32753110346913e-36	ZC2HC1A	c4
7.13463966127117e-41	0.52318988014743	0.292	0.208	2.39281544959713e-36	PRDM2	c4
8.57133608114256e-41	0.416853708534788	0.433	0.335	2.87465469489359e-36	MAP2K2	c4
8.63052063706294e-41	-0.483160800679808	0.496	0.561	2.89450401125817e-36	NDFIP1	c4
9.29888373265585e-41	-3.95579890784366	0.005	0.046	3.11865962625812e-36	CPA5	c4
1.49345417576632e-40	0.750977170500759	0.15	0.09	5.00874661468508e-36	TMEM168	c4
1.50987911160647e-40	0.448018594237881	0.376	0.282	5.06383256450577e-36	SERPINB9	c4
1.96658285025747e-40	0.388560184207162	0.486	0.39	6.5955255631935e-36	MGAT1	c4
2.14852962500433e-40	-0.387047348777055	0.562	0.619	7.20573865633952e-36	TECR	c4
2.26278558875252e-40	1.37138416831978	0.055	0.023	7.58893030755819e-36	DHX32	c4
2.57412500579116e-40	-2.93816087082486	0.021	0.072	8.63310044442241e-36	TRAV9-2	c4
3.05875953483202e-40	-1.11838133041652	0.11	0.184	1.02584677279196e-35	AP3M2	c4
3.1245414273119e-40	0.480652618755704	0.344	0.255	1.04790870389186e-35	C21orf91	c4
3.21963444530415e-40	-1.11167043158721	0.098	0.17	1.07980100026611e-35	TNFSF8	c4
3.33475026336924e-40	0.970162461348831	0.102	0.054	1.11840854332878e-35	KLHL2	c4
3.60021886060251e-40	2.67013540008772	0.019	0.004	1.20744140146887e-35	ARMC9	c4
3.67665863167592e-40	1.82735702841229	0.025	0.006	1.23307777189147e-35	CDKN2B	c4
3.96310055645675e-40	0.748428145162465	0.14	0.082	1.32914466462446e-35	WASL	c4
4.61465176946993e-40	0.252061118274979	0.787	0.708	1.54766191044483e-35	ANXA11	c4
4.78438283099705e-40	1.83697714899126	0.028	0.008	1.60458631385979e-35	CARNS1	c4
5.28113429965381e-40	0.359748010547597	0.43	0.332	1.77118682141789e-35	DUSP5	c4
5.38061649931293e-40	0.309452472296086	0.645	0.539	1.80455116153957e-35	SCAND1	c4
5.91760436595676e-40	0.44975861487004	0.405	0.315	1.98464615225458e-35	AMZ2	c4
5.96665112053278e-40	1.91523360502352	0.027	0.007	2.00109545280428e-35	SUOX	c4
6.28120174870446e-40	-1.11294528465289	0.108	0.18	2.1065894424805e-35	POU2F2	c4
8.8259570594945e-40	0.317751903647603	0.576	0.471	2.96004947861326e-35	ROCK1	c4
8.85418891798687e-40	0.379300558388629	0.415	0.319	2.96951787931444e-35	INPP5D	c4
1.04551160750519e-39	2.0527163693777	0.024	0.006	3.50643682925089e-35	ZCCHC24	c4
1.2414723833176e-39	0.370964159100161	0.481	0.38	4.16365007917055e-35	ARL2BP	c4
1.46907236624267e-39	0.76280153834139	0.133	0.077	4.92697490190465e-35	MYO9A	c4
1.62011822681668e-39	-0.147278197448672	0.987	0.976	5.43355250909777e-35	BTF3	c4
1.72967144824556e-39	0.401464300930732	0.399	0.303	5.80097210312597e-35	TNFRSF1A	c4
1.78029219960848e-39	1.35015888775828	0.058	0.025	5.97074397904691e-35	CHST10	c4
1.99105782816249e-39	0.444538198689748	0.28	0.194	6.67760974409135e-35	KLF12	c4
2.50126720061889e-39	-2.12190322762678	0.02	0.07	8.38874993743562e-35	ATXN7L1	c4
2.5673927832959e-39	0.259453452555059	0.748	0.661	8.61052191661779e-35	RABAC1	c4
3.26890963427371e-39	1.25563415531392	0.068	0.031	1.09632691314272e-34	SCUBE1	c4
3.45889439494669e-39	-4.29615333553246	0.003	0.041	1.16004400217722e-34	BIRC5	c4
3.85458696886591e-39	1.31138786481825	0.047	0.018	1.29275137761825e-34	TNFRSF12A	c4
4.71978675162199e-39	0.499894046189429	0.452	0.361	1.58292208075898e-34	SDF2L1	c4
5.22802623604026e-39	0.536565634151278	0.263	0.184	1.75337543904318e-34	UPP1	c4
6.16939261704498e-39	-0.263547375288949	0.71	0.733	2.06909089590455e-34	NDUFB11	c4
6.52940267818775e-39	0.861798568519917	0.048	0.018	2.18983107021061e-34	DKK3	c4
6.56546874378906e-39	0.330956763903254	0.378	0.279	2.20192690729197e-34	BCL2	c4
7.85417454946867e-39	-2.91059212078473	0.009	0.051	2.6341330604008e-34	ZWINT	c4
9.26357360981159e-39	-2.18321035125616	0.022	0.071	3.10681731725861e-34	CLU	c4
9.78219138357623e-39	1.33894420739004	0.039	0.014	3.2807513462238e-34	HIF1A-AS2	c4
9.8532743258661e-39	0.744016852340188	0.108	0.059	3.30459114340897e-34	GRK5	c4
1.05273648779851e-38	0.207820460115799	0.875	0.807	3.53066763277864e-34	PTGES3	c4
1.05560499682915e-38	0.452753795867847	0.383	0.294	3.54028803836562e-34	MPC1	c4
1.11871308987167e-38	0.873669321252958	0.1	0.053	3.75193996081162e-34	ZNF250	c4
1.20472748399236e-38	-2.83996985074585	0.006	0.046	4.04041503581359e-34	PHGDH	c4
1.33760567608623e-38	-1.13359442877905	0.041	0.1	4.48606191645801e-34	CDCA7	c4
1.41607056483709e-38	0.656823794281443	0.171	0.107	4.74921746035065e-34	ARFIP1	c4
1.52486175938327e-38	-2.1139018158032	0.019	0.068	5.1140813686196e-34	C15orf53	c4
1.56753172535978e-38	0.606906412115145	0.21	0.14	5.25718790051164e-34	PWWP2A	c4
2.10182990834961e-38	1.32187210564197	0.052	0.021	7.04911714662294e-34	CCDC122	c4
2.11583931294239e-38	1.07469351915946	0.088	0.045	7.09610188774619e-34	AC004817.3	c4
2.24371516715504e-38	-0.99739904220488	0.065	0.132	7.52497192760456e-34	MYL6B	c4
2.65227454523911e-38	-0.786897594952403	0.158	0.237	8.89519836982294e-34	CD226	c4
2.70147472405402e-38	2.19928615937705	0.02	0.004	9.06020592953237e-34	AGRN	c4
3.15045197114855e-38	2.58345057051649	0.013	0.002	1.0565985820838e-33	GATA6	c4
3.44920470402551e-38	-1.67711400650308	0.054	0.116	1.15679427363607e-33	GK	c4
3.70598776628566e-38	-1.9276692649403	0.03	0.083	1.24291417705689e-33	AC013264.1	c4
6.13387229392743e-38	0.253767629182959	0.815	0.737	2.05717808993738e-33	TXNIP	c4
6.16255320715582e-38	0.332224561510068	0.548	0.446	2.06679709461592e-33	MLF2	c4
6.30238316922884e-38	0.495664507530051	0.189	0.12	2.11369326729597e-33	RNF144A	c4
6.44368424427476e-38	0.976256773015461	0.099	0.053	2.16108282184487e-33	NECAB3	c4
6.71520545212436e-38	0.64120909337979	0.191	0.125	2.25214560453347e-33	SERTAD2	c4
7.47978400479967e-38	-0.444976625315578	0.549	0.607	2.50856995952971e-33	ARHGAP15	c4
7.54032924249957e-38	0.475046746735992	0.065	0.03	2.52887562134951e-33	HSPA6	c4
7.56433377390076e-38	-1.44634381051684	0.3	0.359	2.53692626109084e-33	HLA-DRB1	c4
7.68635138069632e-38	0.256885277895056	0.55	0.442	2.57784852605793e-33	GYG1	c4
9.35272514657933e-38	1.56724322958304	0.037	0.013	3.13671695965978e-33	PPM1L	c4
9.72474061570519e-38	1.59442400576899	0.033	0.011	3.26148350769521e-33	BAIAP3	c4
1.24237532561715e-37	-0.33985006842642	0.561	0.61	4.1666783670548e-33	TBCA	c4
1.56067990340209e-37	-1.22293452390027	0.06	0.123	5.23420826002992e-33	ZNRF1	c4
1.87711829152001e-37	2.35388514530745	0.017	0.003	6.29547932609983e-33	SLC22A15	c4
1.95772628506743e-37	0.355583381337927	0.448	0.351	6.56582241485916e-33	RASA2	c4
1.95781337597685e-37	1.16861623871159	0.085	0.044	6.56611450035115e-33	NUDT8	c4
2.14324688681111e-37	-1.87975516469844	0.043	0.098	7.1880214089871e-33	C1orf162	c4
2.69103639590727e-37	-2.3199030144124	0.016	0.061	9.02519786459381e-33	TRIB1	c4
2.75530624175891e-37	0.50216204720823	0.295	0.215	9.24074607361102e-33	PEX2	c4
2.88530453338208e-37	2.38289451922485	0.016	0.003	9.67673434405683e-33	PLPP2	c4
3.60452696628663e-37	-2.28281653304451	0.025	0.075	1.20888625395321e-32	TRAV13-2	c4
3.90218475401704e-37	-3.98807486674722	0.005	0.043	1.30871472280223e-32	IGFBP4	c4
4.08370515413488e-37	-2.50045251042312	0.016	0.061	1.36959303459376e-32	ICA1	c4
4.28187471574485e-37	-1.47159121148856	0.041	0.098	1.43605514216651e-32	E2F3	c4
5.22189595258057e-37	1.14255368431916	0.059	0.026	1.75131946457647e-32	CAMK2N1	c4
5.43635102860915e-37	1.69082370713862	0.03	0.009	1.82324340797494e-32	TRIM17	c4
5.43961153138203e-37	0.501051845498921	0.314	0.232	1.82433691539491e-32	ZNF217	c4
6.49958244438094e-37	-2.19399880062167	0.027	0.077	2.17982996019648e-32	LST1	c4
7.01229261284088e-37	0.386051051915342	0.425	0.334	2.35178269649457e-32	PPP1CB	c4
7.48403593493182e-37	0.790106349399009	0.104	0.057	2.50999597185743e-32	PHOSPHO2	c4
7.50491091328056e-37	1.75442223974528	0.025	0.007	2.51699702209603e-32	PAK6	c4
7.58197303062993e-37	1.01767542657221	0.064	0.029	2.54284211501267e-32	TJP3	c4
7.79052780141208e-37	-1.49637891603411	0.035	0.089	2.61278721403758e-32	THEMIS2	c4
7.88560861123235e-37	-1.0254404883381	0.097	0.166	2.6446754160351e-32	TMEM204	c4
8.11860959579204e-37	-1.34254764132385	0.115	0.186	2.72281928623673e-32	HLA-DQB1	c4
8.48748576679995e-37	0.43048635923242	0.392	0.306	2.84653297646937e-32	ZFAND6	c4
8.51138419416099e-37	0.801974534323196	0.113	0.064	2.85454803103771e-32	RRM2B	c4
8.99751317313242e-37	-2.07937672843256	0.035	0.088	3.01758596800515e-32	TRAV13-1	c4
9.18304807764626e-37	-0.560990715616359	0.304	0.384	3.079810664281e-32	SUSD3	c4
9.58030590666834e-37	-4.71400611757647	0.002	0.037	3.21304299497843e-32	CCNB2	c4
1.01159568364733e-36	-5.16019303401381	0.002	0.038	3.39268960381642e-32	CCNA2	c4
1.15602453804097e-36	0.510163932020535	0.293	0.214	3.8770750956818e-32	U2AF1L4	c4
1.47552429668801e-36	0.393670298107713	0.4	0.305	4.94861338623223e-32	PRNP	c4
1.66962781793157e-36	0.422084124977639	0.282	0.198	5.59959777577891e-32	RETREG1	c4
1.76495412636486e-36	0.8699387065935	0.106	0.059	5.91930314900246e-32	GCLC	c4
1.77801699393491e-36	0.882056278757665	0.101	0.055	5.96311339425891e-32	CCR9	c4
1.80531126976987e-36	0.721035001904744	0.186	0.123	6.05465293655419e-32	PHTF1	c4
1.84841977222203e-36	0.521121631618773	0.241	0.166	6.19923023207826e-32	VGLL4	c4
1.99987459570182e-36	1.10492666608486	0.062	0.028	6.70717941906475e-32	AL022328.4	c4
2.01619030652162e-36	-0.245801334713511	1	0.999	6.7618990500122e-32	MALAT1	c4
2.13319038110802e-36	0.308906557252047	0.508	0.402	7.15429390016006e-32	NUCB2	c4
2.19258531333131e-36	0.960822399654616	0.077	0.038	7.35349262385053e-32	AC243829.4	c4
2.39428516532081e-36	-0.364359397360428	0.608	0.643	8.02995358745292e-32	RHOG	c4
2.50915241154025e-36	-4.39682274106055	0.002	0.037	8.41519535782368e-32	UHRF1	c4
2.8510980470877e-36	0.405699892650774	0.449	0.357	9.56201263032271e-32	TMOD3	c4
3.16249835684566e-36	-6.47655161352403	0.002	0.037	1.0606386989189e-31	UBE2C	c4
3.21556403790607e-36	-2.26117271770173	0.019	0.065	1.07843586703294e-31	MSRB2	c4
3.47008663350558e-36	0.430303720468919	0.316	0.231	1.1637976551451e-31	TBX21	c4
3.6766278092582e-36	0.376337310860471	0.387	0.295	1.23306743466901e-31	MDFIC	c4
4.13793751507416e-36	0.539227198500091	0.255	0.18	1.38778148380557e-31	CBL	c4
4.57000656058812e-36	0.334789401293572	0.525	0.432	1.53268880029004e-31	PHF20	c4
4.61544186934094e-36	0.985544471967496	0.073	0.036	1.54792689413956e-31	RGS16	c4
4.73982261695255e-36	-5.20510135696824	0.002	0.037	1.58964170927355e-31	ADTRP	c4
4.91975085929601e-36	0.52233849788368	0.269	0.194	1.6499860431907e-31	SLC52A2	c4
5.72170901668679e-36	2.19370006556062	0.013	0.002	1.91894677001642e-31	HAP1	c4
5.97562204753264e-36	0.749621376074007	0.164	0.105	2.0041041223015e-31	RFC2	c4
7.49939433095768e-36	-0.26337280269497	0.84	0.868	2.51514687071659e-31	RPL36A	c4
9.47080449984767e-36	-0.494013619757178	0.308	0.39	3.17631841315891e-31	ABI1	c4
1.00862422196919e-35	-1.01755674639436	0.119	0.19	3.38272391564027e-31	NFATC1	c4
1.02788570840427e-35	-0.167849435266996	0.599	0.493	3.44732308884624e-31	HSPA1A	c4
1.26824311526477e-35	-0.975748158065743	0.166	0.241	4.25343375997498e-31	IL6ST	c4
1.37103036062648e-35	1.6361883359899	0.034	0.012	4.59816162346908e-31	RHOBTB2	c4
1.76202360402668e-35	-0.961053855791672	0.133	0.203	5.90947476318469e-31	KDSR	c4
1.84440960539053e-35	-0.846722290868625	0.122	0.194	6.18578093455876e-31	PIK3R5	c4
1.86951638211752e-35	0.718148682256912	0.139	0.085	6.26998404234575e-31	STRBP	c4
1.98897446973149e-35	-2.71974823134192	0.011	0.052	6.67062257658546e-31	CDT1	c4
2.0061118575983e-35	-2.31749601815724	0.024	0.072	6.72809794801319e-31	TRAV17	c4
2.39603338908567e-35	0.430482593545336	0.327	0.244	8.03581678031551e-31	B4GALT1	c4
2.48960147199157e-35	0.59110570069284	0.211	0.144	8.34962541676533e-31	LRMP	c4
2.50069003670021e-35	0.444362463759139	0.316	0.232	8.38681424508516e-31	TTC19	c4
2.53080425897925e-35	0.135464299500155	0.945	0.895	8.48781132376462e-31	LCK	c4
2.55547202089104e-35	-1.77265356827756	0.031	0.081	8.57054206366435e-31	ITGA6	c4
2.84342085399925e-35	1.04586745479104	0.079	0.04	9.53626486014269e-31	EFHC1	c4
2.92420015745886e-35	0.234757723934537	0.721	0.644	9.80718248808552e-31	REX1BD	c4
3.06200536347052e-35	0.425124740087387	0.36	0.277	1.02693535880074e-30	ST8SIA4	c4
3.3286021548676e-35	0.39904760187306	0.452	0.364	1.1163465906995e-30	RNF139	c4
3.33411655818102e-35	0.464523609157436	0.335	0.254	1.11819601128275e-30	MFSD14A	c4
3.4525653206941e-35	0.959821609560126	0.095	0.052	1.15792135725439e-30	HVCN1	c4
3.52704249269125e-35	-4.44712417951981	0.002	0.036	1.18289951119879e-30	CEP55	c4
3.57566580550794e-35	-1.21352004639187	0.099	0.162	1.19920679785125e-30	SSBP2	c4
3.66872849500794e-35	0.980728933251692	0.104	0.058	1.23041816265576e-30	FHL3	c4
3.71127932672705e-35	1.29774095803865	0.044	0.017	1.24468886059772e-30	PEX11A	c4
3.91819628440601e-35	1.35614531118257	0.068	0.033	1.31408466986409e-30	PIF1	c4
3.9675900587368e-35	-0.353439621923884	0.548	0.606	1.33065035389915e-30	RNF167	c4
4.33133113399232e-35	0.61727393947127	0.161	0.102	1.45264183571834e-30	JMY	c4
4.99840825561569e-35	-0.595708857141169	0.284	0.361	1.67636616076839e-30	TRADD	c4
5.2962004576115e-35	2.06472597194489	0.022	0.006	1.77623970947375e-30	LINC02086	c4
5.97893669139559e-35	-1.03457172712438	0.101	0.168	2.00521578756025e-30	HIVEP2	c4
6.61754203603382e-35	-0.470702700483317	0.62	0.65	2.21939124804502e-30	RNF213	c4
6.79795407831516e-35	0.387926863615311	0.333	0.25	2.27989783878534e-30	CTSD	c4
6.86281637894663e-35	0.659762675702715	0.186	0.124	2.30165135717112e-30	CARD19	c4
6.963561266693e-35	1.01745410624411	0.071	0.035	2.3354391776235e-30	PPARA	c4
7.34002508495049e-35	-0.142829280202991	0.998	0.998	2.4616976129907e-30	HLA-C	c4
7.55296556327396e-35	-0.851799235320203	0.121	0.192	2.53311359061082e-30	C16orf54	c4
7.80272991405343e-35	0.883990061703594	0.07	0.034	2.61687955857524e-30	IFIT2	c4
8.20773323658314e-35	-2.67787180061466	0.018	0.061	2.75270957288525e-30	NUSAP1	c4
9.22426069714717e-35	-2.44702063346761	0.02	0.064	3.09363255260922e-30	ANK3	c4
9.62243131852851e-35	0.97482420074352	0.069	0.033	3.22717101560809e-30	SSH3	c4
9.78904698587304e-35	-0.155453959666821	0.995	0.988	3.2830505781221e-30	ARHGDIB	c4
9.93860798833937e-35	-1.85375973534948	0.027	0.076	3.33321034712926e-30	AL365361.1	c4
1.03086163076983e-34	0.345712722777726	0.462	0.367	3.45730373727586e-30	SRM	c4
1.08544699220077e-34	0.272139349886248	0.667	0.566	3.64037212244293e-30	C9orf78	c4
1.11324027485646e-34	-4.52116193905	0.002	0.035	3.73358523381359e-30	AURKB	c4
1.17813194256513e-34	0.670781679807317	0.169	0.11	3.95121890897492e-30	SOS1	c4
1.21951388024574e-34	1.30060122409604	0.055	0.025	4.09000565156817e-30	LRRC2	c4
1.23762075030463e-34	0.66249252435822	0.181	0.119	4.15073247237167e-30	TIMM10B	c4
1.47278390781711e-34	0.363077538108116	0.316	0.231	4.93942267003701e-30	AHR	c4
1.48170691963883e-34	0.273967897163443	0.654	0.563	4.9693486670847e-30	LAMP1	c4
1.61388243399405e-34	-1.69602473988048	0.082	0.145	5.41263890712925e-30	HLA-DRB5	c4
1.64294499757748e-34	-0.560410881999854	0.444	0.494	5.51010893287536e-30	CXCR3	c4
2.16108922053531e-34	-4.30017221743681	0.003	0.037	7.24786102783132e-30	ASPM	c4
2.18478404794301e-34	-1.05075197478268	0.089	0.153	7.32732873999126e-30	SLC39A8	c4
2.18796507228646e-34	0.409486104948596	0.38	0.294	7.33799725943433e-30	SEPHS2	c4
2.4021473992704e-34	0.411797086458765	0.276	0.196	8.05632194767306e-30	AC007384.1	c4
2.56409236117923e-34	0.46142341907716	0.281	0.205	8.5994529609229e-30	AC004687.1	c4
2.80976720876378e-34	0.372623709212381	0.384	0.296	9.42339726475198e-30	NIN	c4
2.91328727455666e-34	0.804867228451318	0.072	0.036	9.77058286140812e-30	TSC22D1	c4
2.94753363298246e-34	-1.83666223131333	0.025	0.072	9.88543829829659e-30	FAM241A	c4
3.25983927082007e-34	-0.382648835818182	0.447	0.518	1.09328489464764e-29	FERMT3	c4
3.27198591944052e-34	-3.85860074091435	0.016	0.058	1.09735863766196e-29	TYMS	c4
3.32683445861322e-34	0.422235800363396	0.325	0.243	1.1157537407297e-29	HERC1	c4
3.36288578304884e-34	2.0129028295732	0.025	0.007	1.12784463391892e-29	KLHL4	c4
3.45849715321474e-34	-0.717098496310136	0.206	0.281	1.15991077524516e-29	PLK3	c4
3.54907678073547e-34	0.671659120439479	0.189	0.126	1.19028937072306e-29	CIDEB	c4
3.78235066417924e-34	0.867796434891702	0.131	0.08	1.26852476575244e-29	GALNT1	c4
4.15176395511619e-34	0.405610126599958	0.365	0.281	1.39241859526687e-29	BLOC1S4	c4
4.26129843899455e-34	-0.587529049004407	0.265	0.341	1.42915427046999e-29	MT1X	c4
4.99076210641383e-34	-0.501028895964978	0.315	0.393	1.67380179524907e-29	CNIH1	c4
5.44484316551466e-34	-1.3882886309055	0.038	0.089	1.82609150085031e-29	TNFAIP8L2	c4
5.44575131795293e-34	0.181048293476514	0.715	0.621	1.82639607701505e-29	CSRNP1	c4
6.04486397500112e-34	1.46217625486226	0.057	0.026	2.02732647993588e-29	AIFM2	c4
6.67483934922134e-34	-6.83543626094582	0	0.031	2.23860762094185e-29	DLGAP5	c4
6.70214782664311e-34	1.26640751974553	0.039	0.015	2.24776633809956e-29	DRAIC	c4
6.86764414000038e-34	0.454133415805153	0.263	0.187	2.30327049167333e-29	PRR5	c4
7.44933010378828e-34	0.266565105085314	0.64	0.548	2.49835633020851e-29	AUP1	c4
7.72818719893413e-34	0.330052619302112	0.554	0.458	2.59187942277853e-29	MOB1A	c4
8.4847723829174e-34	-0.44739052372049	0.427	0.493	2.84562296178284e-29	TSPO	c4
8.55601250254002e-34	0.582710474300908	0.269	0.198	2.86951547310187e-29	COMMD5	c4
9.05914719842319e-34	-2.12561604006635	0.012	0.052	3.03825678740717e-29	HMGB3	c4
1.01125969364349e-33	0.186301846908126	0.913	0.866	3.39156276054154e-29	ALDOA	c4
1.07102581521246e-33	0.602056216388855	0.182	0.12	3.59200637905955e-29	CLASP2	c4
1.13996115780354e-33	1.13334693955367	0.051	0.022	3.8232017310415e-29	CLCF1	c4
1.14055118781788e-33	0.625947083696081	0.18	0.119	3.8251805737036e-29	MANBA	c4
1.33911922009818e-33	0.281893707377276	0.322	0.235	4.49113804036527e-29	CISH	c4
1.48152060704761e-33	0.546446297198968	0.182	0.119	4.96872381191627e-29	LTBP3	c4
1.56053907665214e-33	-2.25361548251675	0.012	0.052	5.23373595527596e-29	MSC	c4
1.59047251819832e-33	0.279623047434375	0.602	0.51	5.33412673153351e-29	TAF7	c4
1.72290706873036e-33	0.124406617241674	0.969	0.919	5.77828572710788e-29	CLIC1	c4
1.85503775353079e-33	0.904743810384831	0.096	0.053	6.22142561779156e-29	MROH1	c4
2.15510420730255e-33	-1.42535033878765	0.097	0.16	7.22778849045128e-29	LMNA	c4
2.38805993201924e-33	-1.86586280339934	0.025	0.071	8.00907540000612e-29	AC006369.1	c4
2.48754133405526e-33	-3.43527789820846	0.005	0.04	8.34271612615454e-29	FAM184A	c4
2.50785442229637e-33	-0.95281280685324	0.151	0.221	8.41084216149756e-29	LYST	c4
2.50976921275102e-33	1.41458164122459	0.035	0.013	8.41726398572437e-29	AF117829.1	c4
2.79930245566138e-33	0.414510263151295	0.345	0.262	9.38830057579714e-29	FYTTD1	c4
2.90858551278755e-33	-1.692138320226	0.028	0.075	9.75481409278688e-29	P2RX5	c4
3.2473652620163e-33	0.391211631643464	0.388	0.303	1.08910136157503e-28	COMMD8	c4
3.29280910023862e-33	-0.765367540758479	0.145	0.217	1.10434231603803e-28	SLC2A4RG	c4
3.35870228981826e-33	-0.766999590043634	0.225	0.293	1.12644157395925e-28	IFNGR1	c4
3.84300639521139e-33	0.316858327016402	0.51	0.421	1.288867484826e-28	MACF1	c4
4.13479299802881e-33	1.82219383036938	0.022	0.006	1.3867268756789e-28	ZNF853	c4
4.58168813712193e-33	-1.78241220479041	0.065	0.123	1.53660656742795e-28	HLA-DQA1	c4
4.80973429210494e-33	-2.9047195494963	0.017	0.059	1.61308868688615e-28	TRAV8-4	c4
5.11384096541977e-33	0.301094507603414	0.526	0.433	1.71507998298248e-28	ISG15	c4
5.28040173326314e-33	2.16088525486924	0.024	0.007	1.77094113330179e-28	LINC01410	c4
6.24831560515981e-33	0.257424375988692	0.685	0.583	2.0955600876585e-28	ENSA	c4
6.43978365991533e-33	-1.95717114076737	0.051	0.103	2.1597746438624e-28	TRBV20-1	c4
6.46435731746084e-33	0.516271788478016	0.194	0.13	2.16801615713002e-28	BLVRB	c4
6.62291358873232e-33	0.695893685795824	0.119	0.07	2.22119275938905e-28	GPR35	c4
6.72537350557185e-33	0.470980583950762	0.303	0.226	2.25555576629869e-28	AGTRAP	c4
6.96657668120058e-33	0.598854593919798	0.207	0.143	2.33645048734105e-28	ST6GALNAC4	c4
7.54962296619145e-33	-5.74687580298784	0.001	0.031	2.53199255040129e-28	CDCA2	c4
7.86733199110957e-33	-3.37046768491289	0.006	0.042	2.63854580317833e-28	SYNE3	c4
8.25014909301458e-33	-0.915804332956132	0.13	0.197	2.76693500281523e-28	MX2	c4
8.44755552548345e-33	0.769770596188521	0.12	0.071	2.83314117213664e-28	SCPEP1	c4
8.96925476724142e-33	1.36355896801852	0.046	0.019	3.00810866383743e-28	TRGV5P	c4
9.90071547558374e-33	1.39320417689517	0.036	0.014	3.32050195620127e-28	ZNF35	c4
1.05563409016004e-32	0.554870642956342	0.181	0.119	3.54038561157875e-28	REPIN1	c4
1.15149067441426e-32	2.95957662701338	0.01	0.001	3.86186942385054e-28	MPIG6B	c4
1.16580872840609e-32	-1.30920234147747	0.048	0.102	3.90988931332834e-28	NINJ2	c4
1.22008707416758e-32	0.442972535567002	0.264	0.191	4.09192802934323e-28	ARHGAP18	c4
1.22647461317101e-32	2.97812810500031	0.01	0.001	4.11335055765294e-28	HOXB6	c4
1.40004441750546e-32	0.538952467467265	0.212	0.145	4.69546896742982e-28	FBXO34	c4
1.536633511827e-32	0.512374264272235	0.204	0.138	5.1535614719654e-28	PNMA1	c4
1.54157368603179e-32	0.268917097955622	0.03	0.01	5.17012982821343e-28	IGHM	c4
1.61831912637865e-32	2.25053679077879	0.015	0.003	5.42751868604872e-28	TRO	c4
1.63122771083329e-32	-3.70366861043707	0.004	0.037	5.47081149659269e-28	AC004585.1	c4
1.76241335578004e-32	0.350904468807427	0.512	0.426	5.91078191261509e-28	EIF1AX	c4
1.82663492862538e-32	0.920818298891344	0.064	0.031	6.12616822362379e-28	ANKRD42	c4
1.96602539824884e-32	0.798853530349097	0.11	0.064	6.59365598064695e-28	TSPOAP1	c4
2.36061777554378e-32	2.90168172435657	0.014	0.003	7.91703989561871e-28	LRRC43	c4
2.3760588127098e-32	-0.258062423248419	0.752	0.755	7.96882604606611e-28	SEC61B	c4
2.43862568585123e-32	0.803911007453536	0.158	0.104	8.17866282520784e-28	UBE2F	c4
3.31329519354452e-32	-1.93236193844212	0.021	0.064	1.11121294201096e-27	ARHGAP10	c4
3.32112977368776e-32	0.977234109314537	0.095	0.054	1.1138405034994e-27	FAIM	c4
3.52416072917537e-32	0.349077008036567	0.379	0.291	1.18193302535084e-27	OFD1	c4
4.01773849411887e-32	0.379516113510258	0.428	0.344	1.34746913615759e-27	DAXX	c4
4.04198854518859e-32	0.20683098759291	0.807	0.753	1.35560211828535e-27	CIB1	c4
4.78488115077444e-32	0.287103199816716	0.6	0.507	1.60475344034673e-27	METTL9	c4
5.06869100387738e-32	0.358741827672331	0.474	0.382	1.6999375888804e-27	AC243960.1	c4
5.30205205236026e-32	-0.745462885087819	0.14	0.212	1.77820221732059e-27	NLRC5	c4
5.43843749126153e-32	0.704243191294276	0.139	0.087	1.82394316581929e-27	ZNF322	c4
5.83250045104732e-32	-4.72233717717808	0.002	0.033	1.95610400127225e-27	GTSE1	c4
6.0513938171009e-32	1.08528579428972	0.066	0.032	2.0295164583793e-27	CHSY1	c4
6.24619854392511e-32	0.230618425341488	0.752	0.666	2.0948500676616e-27	EID1	c4
6.36347852743592e-32	0.341011343267982	0.328	0.243	2.13418342853146e-27	PERP	c4
6.86651365685334e-32	0.968551027066356	0.087	0.048	2.30289135023547e-27	CASP9	c4
7.06144330172479e-32	-4.49457038177421	0.002	0.033	2.36826685453246e-27	SGPP2	c4
7.82471697278382e-32	0.514384216509334	0.224	0.156	2.62425357833224e-27	TMEM216	c4
9.44324928635295e-32	0.389256777739711	0.317	0.238	3.16707694565705e-27	PREX1	c4
9.51106842632954e-32	-3.11945604161524	0.013	0.051	3.1898221288224e-27	ADAM23	c4
1.07176794222111e-31	0.5596594960551	0.186	0.125	3.59449532462117e-27	GPR89B	c4
1.1169523214088e-31	-4.23324804209943	0.002	0.033	3.74603469554083e-27	CADM1	c4
1.30542843450455e-31	0.60653860256066	0.192	0.13	4.37814588364136e-27	MCRIP2	c4
1.4881247510398e-31	0.515491356110037	0.269	0.198	4.99087279003728e-27	COMTD1	c4
1.57807301547089e-31	-3.11295922166301	0.009	0.045	5.29254127928627e-27	CDK1	c4
1.62091261572534e-31	-4.97285673089134	0.001	0.03	5.43621673061966e-27	KIF2C	c4
1.62957135932526e-31	0.815812497731979	0.105	0.061	5.46525642490507e-27	GATAD1	c4
1.79596146230508e-31	-1.49288348786314	0.028	0.074	6.02329555227879e-27	HELLS	c4
1.8764870198155e-31	-0.134912785121365	0.97	0.967	6.29336216705722e-27	COX4I1	c4
1.88397251837091e-31	1.41474960916625	0.033	0.012	6.31846703211236e-27	CACFD1	c4
1.88654530533088e-31	-1.83897562853622	0.015	0.054	6.32709564501871e-27	CENPU	c4
1.89040027232102e-31	0.504903078954674	0.246	0.177	6.34002443331023e-27	FEZ2	c4
2.06339190207393e-31	-2.13828448450958	0.016	0.055	6.92020376117554e-27	PIAS2	c4
2.18428518837087e-31	0.862503083762122	0.116	0.07	7.32565566475824e-27	IDNK	c4
2.31852191055696e-31	1.02032473118964	0.056	0.026	7.77585878362594e-27	ZNF595	c4
2.53302932469158e-31	0.277851858461864	0.545	0.457	8.49527374915062e-27	YPEL3	c4
2.55838602463697e-31	-0.176193613626785	0.899	0.903	8.58031504942745e-27	EIF3K	c4
2.68837350895498e-31	1.31067592954725	0.046	0.02	9.01626707433323e-27	SLC2A6	c4
2.85495278194728e-31	0.504208816411118	0.223	0.157	9.57494064009478e-27	MBD5	c4
3.333044468095e-31	0.796233921638487	0.097	0.055	1.1178364537097e-26	ZNF827	c4
3.33413654811022e-31	1.19326338503082	0.049	0.022	1.11820271550521e-26	SYCP2	c4
3.55170524891016e-31	-1.43144029042459	0.051	0.102	1.19117090637949e-26	NBPF15	c4
3.64158072709266e-31	-0.196056857923921	0.945	0.932	1.22131334425234e-26	PSME1	c4
3.93871665512809e-31	-3.14535935947733	0.003	0.033	1.32096679179686e-26	TROAP	c4
4.16462832748811e-31	-2.5220809751945	0.01	0.046	1.39673304847296e-26	GINS2	c4
4.18204327720779e-31	1.06146563455764	0.063	0.031	1.40257367430995e-26	MGST2	c4
4.1921708853093e-31	1.85799171616928	0.022	0.006	1.40597027151503e-26	ASIC1	c4
4.2852631961957e-31	0.436144272802501	0.282	0.208	1.43719157074011e-26	NDUFAF4	c4
4.46262217730213e-31	0.482976185930528	0.298	0.224	1.49667422582359e-26	PRKX	c4
4.78105664067236e-31	0.367074290503518	0.379	0.297	1.60347077614869e-26	CNOT6L	c4
4.90340579472438e-31	-0.714955547111556	0.158	0.228	1.64450423543466e-26	ARNTL	c4
5.16959339314951e-31	0.338339756665884	0.399	0.314	1.73377823219448e-26	PTPRA	c4
5.19714192847523e-31	0.440948787370052	0.161	0.103	1.74301745997202e-26	SPINK2	c4
5.31426412488404e-31	-3.92508767993257	0.003	0.033	1.78229790220361e-26	PKMYT1	c4
5.41442366805181e-31	0.381925281192954	0.374	0.292	1.81588940979122e-26	MAZ	c4
5.84871831503011e-31	0.290634423208932	0.601	0.521	1.9615431484948e-26	CAST	c4
6.81876525826361e-31	0.230316055863786	0.731	0.632	2.28687749231645e-26	PRELID1	c4
6.95052988370449e-31	0.269836893126166	0.61	0.52	2.33106871239681e-26	STUB1	c4
6.97237657081719e-31	-0.172961653907864	0.997	0.994	2.33839565432067e-26	H3F3B	c4
7.82321969219783e-31	0.242540923221525	0.715	0.642	2.62375142036931e-26	EMD	c4
7.97635010688696e-31	0.335799471007432	0.411	0.326	2.67510829884775e-26	SNHG12	c4
8.61085836313432e-31	0.494234424639632	0.238	0.17	2.88790967782799e-26	ITCH	c4
9.14216554817592e-31	0.528927351898721	0.236	0.171	3.06609948154724e-26	LYRM1	c4
1.01080012646352e-30	0.217991292403849	0.791	0.723	3.39002146413334e-26	HSPE1	c4
1.06680973516872e-30	0.452754965520624	0.284	0.211	3.57786648980887e-26	IFRD1	c4
1.19390127817062e-30	1.14890589418785	0.04	0.016	4.00410610672863e-26	TSHZ3	c4
1.21350261825522e-30	-2.17137278256777	0.009	0.045	4.06984508110436e-26	CDCA7L	c4
1.26273950417548e-30	-1.68673125410394	0.021	0.063	4.23497574910372e-26	FAR2	c4
1.36673443520051e-30	-0.404048625817408	0.469	0.53	4.58375394877548e-26	CD47	c4
1.369402043686e-30	0.711490839265651	0.128	0.079	4.59270057411412e-26	SPAG16	c4
1.4151758519999e-30	-1.41359268262073	0.034	0.081	4.74621677243728e-26	TRAF3IP2	c4
1.45741742684273e-30	0.210967415152845	0.75	0.649	4.88788656614514e-26	DBI	c4
1.47502940002761e-30	0.589083809030682	0.135	0.084	4.94695360181259e-26	SIK1	c4
1.6739728608986e-30	0.585475680544749	0.144	0.091	5.61417018088173e-26	CORO2A	c4
1.7225655971267e-30	-1.48959564573631	0.031	0.077	5.77714049964353e-26	SPSB1	c4
1.92271564822203e-30	0.395499685085666	0.389	0.309	6.44840374100706e-26	UHMK1	c4
1.92990369793156e-30	-2.52088161982457	0.013	0.05	6.47251102212288e-26	ST8SIA1	c4
2.03965905274751e-30	0.370559098787767	0.386	0.305	6.84060853110459e-26	UBE2J1	c4
2.44597587913537e-30	0.569437392446594	0.167	0.11	8.2033139034442e-26	HDAC5	c4
2.69518832909262e-30	2.96936594535879	0.015	0.003	9.03912261811084e-26	SMIM10	c4
2.77202258764101e-30	-0.683024464783173	0.182	0.251	9.29680935443042e-26	TACC3	c4
2.98184828568859e-30	0.591534829001265	0.187	0.128	1.00005227805424e-25	BLZF1	c4
3.20218902315592e-30	1.34049417212607	0.04	0.017	1.07395015458603e-25	HRASLS2	c4
3.44196394784168e-30	-4.73458991356558	0.001	0.03	1.15436586882714e-25	CENPA	c4
3.71991288177678e-30	-1.62138838015423	0.015	0.054	1.2475843822903e-25	CENPW	c4
3.77088196242629e-30	-1.03480853825325	0.141	0.203	1.26467839255853e-25	SAMD3	c4
3.83647687840044e-30	-0.901152630439739	0.089	0.15	1.28667761547794e-25	BLVRA	c4
4.02237396987758e-30	0.957153743432577	0.061	0.03	1.34902378201754e-25	BMPR2	c4
4.60217994561509e-30	-1.19169464173962	0.057	0.11	1.54347911016039e-25	CENPM	c4
4.61137167748889e-30	-1.69125116733229	0.035	0.08	1.54656183319622e-25	APBA2	c4
4.65446744043564e-30	0.335096864531363	0.428	0.345	1.5610152901733e-25	RCN2	c4
5.2044885870394e-30	0.40597408209109	0.3	0.223	1.74548138232127e-25	TPD52	c4
5.50659479701835e-30	-1.07226566508066	0.081	0.138	1.84680176302401e-25	SHISAL2A	c4
5.85648424624615e-30	-1.90028030968875	0.017	0.056	1.96414768650603e-25	AC109826.1	c4
6.43689973727738e-30	0.307946595387559	0.507	0.422	2.15880743388809e-25	MAF1	c4
7.06381822384313e-30	0.844667032244229	0.143	0.093	2.36906335591251e-25	POMC	c4
7.19122281314765e-30	0.607328956952315	0.153	0.1	2.41179230707346e-25	TBC1D25	c4
7.78500359304594e-30	0.231519994767172	0.72	0.628	2.61093450503575e-25	SH2D2A	c4
8.10921121890398e-30	-0.370255251094542	0.769	0.769	2.71966725859602e-25	S100A11	c4
8.30731340368014e-30	0.456957855318889	0.283	0.212	2.78610676932624e-25	TRAF5	c4
8.50493533304227e-30	-0.466561035014871	0.392	0.452	2.85238521199572e-25	FAM107B	c4
8.82332618581927e-30	0.449641363946356	0.316	0.242	2.95916713620007e-25	SLC25A1	c4
8.93225937234777e-30	-0.211884327887494	0.998	0.996	2.99570114829799e-25	PFN1	c4
9.03043080766043e-30	-0.558660346245131	0.368	0.43	3.02862588427315e-25	RNF19A	c4
1.01609450305603e-29	-0.691587612838773	0.182	0.251	3.40777774434932e-25	ELMO1	c4
1.0301291397254e-29	0.521669312671699	0.115	0.069	3.45484710881105e-25	CTSZ	c4
1.12188216488787e-29	0.335065472026866	0.447	0.362	3.76256840460094e-25	HSF1	c4
1.26404990736017e-29	0.14749372199504	0.273	0.191	4.23937057930456e-25	MYBL1	c4
1.26513513290907e-29	-5.30134196659627	0.002	0.03	4.24301020875044e-25	PLK1	c4
1.34225860939049e-29	-0.192376614777895	0.915	0.926	4.50166692417382e-25	CD37	c4
1.75939824376177e-29	-0.322918469767395	0.716	0.708	5.90066982992823e-25	PSMB8	c4
1.83935083809339e-29	0.170544176283992	0.91	0.86	6.1688148407976e-25	LCP1	c4
1.85267577166122e-29	-3.5298876026644	0.008	0.041	6.21350400299742e-25	CTSL	c4
1.86875232177488e-29	0.328819663684327	0.439	0.352	6.26742153676858e-25	CDC26	c4
1.95780229363342e-29	-0.720586267141302	0.14	0.208	6.56607733238775e-25	UXS1	c4
2.20227447151122e-29	-1.78480509316403	0.02	0.06	7.38598812255433e-25	PLXNC1	c4
2.36691779591265e-29	-3.45235420104464	0.001	0.029	7.93816890393186e-25	FOXM1	c4
2.39993534742683e-29	0.566236919657903	0.162	0.106	8.04890316820012e-25	MAP2K6	c4
2.45973646983119e-29	0.600357458576345	0.146	0.093	8.24946417251986e-25	EPOR	c4
2.5576945091389e-29	-2.78159650748846	0.018	0.057	8.57799584475005e-25	TRBV7-2	c4
2.60309339854012e-29	-1.12720642118139	0.07	0.124	8.73025464002386e-25	RERE	c4
2.64746479175071e-29	-4.76637592901683	0.001	0.029	8.87906741857352e-25	MND1	c4
2.6609118761884e-29	-4.8568321939046	0.001	0.029	8.92416625036066e-25	POU2AF1	c4
2.87489152343176e-29	1.02137565294005	0.059	0.029	9.64181119128542e-25	SLFN12	c4
2.91345265917951e-29	0.621865436925686	0.18	0.123	9.77113752835623e-25	KCTD5	c4
3.0113142546469e-29	0.33500546171094	0.429	0.347	1.00993457472348e-24	ADSS	c4
3.04180424301861e-29	0.676553141519638	0.153	0.1	1.02016030702358e-24	PRKAB1	c4
3.10244423303287e-29	0.298101390790786	0.515	0.43	1.04049774687456e-24	TMEM9B	c4
3.26771038817607e-29	1.21809929872372	0.056	0.027	1.09592470998649e-24	SLFN13	c4
3.66037845805701e-29	-1.08790284687103	0.077	0.133	1.22761772726316e-24	SLC9A9	c4
3.81253502663498e-29	-0.762959437465894	0.142	0.207	1.27864799723284e-24	MAP4K2	c4
4.36720421909456e-29	2.05061168777676	0.018	0.005	1.46467295099993e-24	CHODL	c4
4.52105378731262e-29	0.74361037156996	0.128	0.08	1.51627101918891e-24	C8orf82	c4
4.7792199828706e-29	1.08718745164745	0.047	0.021	1.60285479785514e-24	SWAP70	c4
4.78213740920254e-29	-1.75744630023918	0.027	0.069	1.60383324429835e-24	TIAM1	c4
4.87606127658115e-29	-2.93000909018003	0.01	0.043	1.63533343093978e-24	IFI44L	c4
4.93455695280099e-29	0.389233485596621	0.327	0.251	1.65495171083039e-24	TP53I13	c4
5.01650494834681e-29	-0.666394690434547	0.268	0.332	1.68243542957655e-24	S1PR4	c4
5.47350837032163e-29	0.527120967742437	0.171	0.114	1.83570523723847e-24	DLGAP4	c4
5.47498045140182e-29	-2.78509259766961	0.007	0.04	1.83619894379114e-24	KIFC1	c4
5.72281784678436e-29	0.374726225269429	0.367	0.289	1.91931864945454e-24	SIPA1	c4
5.87095535912503e-29	0.70255406838041	0.121	0.075	1.96900100834335e-24	ALDH3A2	c4
5.94487359717648e-29	2.32930078135466	0.015	0.004	1.99379170702105e-24	LBX2	c4
5.98276662602204e-29	0.918698155874304	0.07	0.037	2.00650027103527e-24	ARHGEF12	c4
6.72314858092862e-29	0.824539113437087	0.061	0.03	2.25480957107184e-24	ZNF540	c4
7.09351914624906e-29	0.319989663772579	0.444	0.36	2.37902445126901e-24	TTC3	c4
7.27438641280449e-29	-0.83180678998645	0.125	0.188	2.43968371512637e-24	CRY1	c4
7.50067996625615e-29	0.521420611100118	0.327	0.257	2.51557804708299e-24	INSIG1	c4
7.81337107571367e-29	-2.79787232491663	0.016	0.053	2.62044839137285e-24	TRAV27	c4
9.16862423794253e-29	0.547968143945938	0.175	0.118	3.07497319692117e-24	FMNL3	c4
9.33043533301115e-29	0.531004201074137	0.231	0.168	3.12924140198528e-24	TRIAP1	c4
9.47176229106859e-29	0.44439407878201	0.222	0.157	3.17663963717858e-24	ELMSAN1	c4
9.48707986776886e-29	-6.01042125881608	0.001	0.029	3.18177684605232e-24	LGMN	c4
9.66332544347601e-29	0.975545788366311	0.053	0.025	3.24088608723298e-24	TENT5A	c4
1.31246081776983e-28	0.97478202101047	0.064	0.033	4.40173109063646e-24	C2CD2	c4
1.36445585753995e-28	-5.2346026479474	0	0.027	4.57611205501748e-24	SPC25	c4
1.40141816911693e-28	0.378939192169789	0.382	0.305	4.70007625558435e-24	PEF1	c4
1.44205437967002e-28	0.419159616771735	0.306	0.234	4.83636197853732e-24	C19orf25	c4
1.44839126518918e-28	-2.42398024400833	0.023	0.062	4.85761462519148e-24	TRAV16	c4
1.50613109671174e-28	0.833149673768123	0.071	0.037	5.05126247215184e-24	MAN1C1	c4
1.51618694263799e-28	0.652550232319009	0.138	0.089	5.08498776821929e-24	AC012615.1	c4
1.58293612262692e-28	2.90587467102349	0.01	0.001	5.30885116806616e-24	PROX2	c4
1.67266603998267e-28	0.85870613046574	0.117	0.073	5.6097873648939e-24	KCTD9	c4
1.76448813043169e-28	-1.63084289291242	0.077	0.131	5.9177402918418e-24	MIR155HG	c4
1.76786707830678e-28	-6.99454124412868	0	0.026	5.92907260722528e-24	MYBL2	c4
1.76825054814026e-28	-0.483614024006755	0.341	0.41	5.93035868835279e-24	ARAP2	c4
1.79712602590052e-28	-2.43385356087572	0.009	0.042	6.02720126566518e-24	SGCB	c4
2.1151488370828e-28	0.658451750363225	0.166	0.112	7.0937861698083e-24	DTNB	c4
2.11754809184973e-28	-2.98209566756433	0.008	0.04	7.10183279044563e-24	BTBD11	c4
2.44429642173928e-28	-2.13029012951332	0.016	0.052	8.19768133922921e-24	CDKN3	c4
2.53761597110339e-28	0.691432038198585	0.08	0.043	8.51065644388654e-24	AFAP1	c4
2.57580599244552e-28	0.698306000537434	0.109	0.065	8.63873813746379e-24	GPD1L	c4
2.58997691919362e-28	0.567570825326579	0.182	0.125	8.68626459159156e-24	TCTA	c4
2.68830399197495e-28	-1.6026839448667	0.022	0.062	9.0160339282856e-24	MTA3	c4
2.73375822299488e-28	-4.72192367974475	0.001	0.028	9.16847832828022e-24	CDC45	c4
2.77567259850229e-28	-0.525433644368624	0.279	0.347	9.30905076085698e-24	ATP6V0E2	c4
2.78569158924301e-28	0.49703565759857	0.211	0.15	9.3426524520032e-24	STAMBPL1	c4
3.75058197812756e-28	1.2137305023636	0.04	0.017	1.25787018382442e-23	HHAT	c4
3.90567485046619e-28	1.44374770166263	0.032	0.012	1.30988523134935e-23	SMIM1	c4
4.12418599198802e-28	0.287404766140928	0.504	0.418	1.38316949799294e-23	DHX36	c4
4.15758917018188e-28	-3.09650265605363	0.013	0.048	1.3943722558956e-23	TRBV2	c4
4.21030765615843e-28	0.301232361673706	0.617	0.539	1.41205298172241e-23	SDCBP	c4
4.44037584799161e-28	-3.57794329900128	0.003	0.031	1.48921325189943e-23	HMMR	c4
4.61790348908301e-28	-1.74492323614069	0.013	0.047	1.54875247216866e-23	C3orf14	c4
4.68354323557639e-28	2.76156218111836	0.012	0.003	1.57076673034761e-23	ILDR2	c4
4.73119255276833e-28	0.318427285184648	0.468	0.381	1.58674735834744e-23	TADA3	c4
4.84732442586308e-28	0.678441435539277	0.163	0.111	1.62569566594596e-23	SPTSSA	c4
4.95500554029571e-28	0.213825843062124	0.737	0.652	1.66180975810437e-23	UBE2I	c4
5.0143282639423e-28	0.167535308577388	0.959	0.923	1.68170541316097e-23	SRP14	c4
5.31343294877849e-28	0.763238620524814	0.089	0.051	1.78201914236133e-23	MARCH8	c4
5.31630237137195e-28	-0.219195027396109	0.798	0.821	1.78298148931073e-23	SERP1	c4
5.34856182202021e-28	0.294660653683146	0.527	0.443	1.79380066386914e-23	CTDSP1	c4
5.57126134248418e-28	0.335542450198173	0.421	0.338	1.86848962904234e-23	LYPLA1	c4
5.92018863205792e-28	-1.96923194154517	0.156	0.207	1.98551286341959e-23	GZMH	c4
6.23949438473055e-28	0.822312579732239	0.115	0.072	2.09260162675093e-23	SLC43A1	c4
6.6297606566592e-28	-4.05822084975691	0.002	0.029	2.22348912903036e-23	CD200	c4
6.90848779509048e-28	-1.8322810175262	0.025	0.065	2.31696863671745e-23	DPEP2	c4
7.04937023657166e-28	-2.29123729373531	0.015	0.05	2.3642177899414e-23	CYSLTR1	c4
7.08030971164799e-28	0.21099514872126	0.786	0.716	2.3745942710925e-23	CDC42	c4
7.2910139625228e-28	0.783170243520795	0.07	0.036	2.4452602627509e-23	NBPF1	c4
8.2527407610808e-28	-3.51800307841606	0.002	0.029	2.76780419645128e-23	CKAP2L	c4
8.46757091430704e-28	2.82549002195358	0.01	0.002	2.8398539332403e-23	ANO7	c4
9.56583912283712e-28	0.982393206486351	0.065	0.034	3.20819112501711e-23	GPD2	c4
9.66504177304816e-28	-2.64410787490141	0.017	0.054	3.24146170984489e-23	TRAV12-2	c4
9.78437106570754e-28	-4.61022342469835	0.002	0.029	3.281482368017e-23	UBXN10-AS1	c4
1.07191844304397e-27	0.592564048604627	0.166	0.112	3.59500007428088e-23	RNF139-AS1	c4
1.09278654778462e-27	0.188548470220451	0.822	0.75	3.66498752396007e-23	APBB1IP	c4
1.10282475588989e-27	0.344788020788659	0.376	0.297	3.69865366630351e-23	B3GAT3	c4
1.10392146273634e-27	0.912985878727787	0.084	0.047	3.70233180172513e-23	ACOT4	c4
1.45699045607659e-27	0.508922622522245	0.238	0.177	4.88645459158967e-23	SEC14L1	c4
1.56428710031411e-27	1.15364241401554	0.047	0.021	5.24630607703345e-23	SLC4A8	c4
1.658755337664e-27	0.376546554469622	0.348	0.273	5.56313365145752e-23	RPS6KA3	c4
1.72395965347412e-27	-3.40851825561266	0.005	0.035	5.78181588582149e-23	COL5A3	c4
1.92808417720693e-27	-0.468702165173049	0.455	0.51	6.46640871351659e-23	XBP1	c4
1.98046220013714e-27	-3.29696561051361	0.016	0.051	6.64207412681993e-23	TRAV3	c4
2.02741333456402e-27	0.353542846469089	0.381	0.304	6.7995388414608e-23	ZFAND2B	c4
2.04355028467421e-27	0.458365173679105	0.277	0.21	6.85365894474037e-23	UNC50	c4
2.07540788211301e-27	-0.758285475075791	0.134	0.197	6.9605029550306e-23	SPTBN1	c4
2.12671117416012e-27	0.668011242445978	0.136	0.088	7.13256393589822e-23	CRACR2A	c4
2.15516078883856e-27	0.873252174182238	0.07	0.037	7.22797825360676e-23	PPP1R3D	c4
2.24046329660354e-27	-2.12657818805328	0.022	0.06	7.51406580414896e-23	TRAV26-1	c4
2.64178381631098e-27	0.646038244998676	0.156	0.105	8.86001456314375e-23	KLHL6	c4
2.73174379238045e-27	0.241242850197899	0.615	0.539	9.16172233088555e-23	TSTD1	c4
2.78320262888347e-27	0.310462898608718	0.468	0.387	9.3343049767494e-23	CPNE1	c4
2.88008617365985e-27	0.340525643111954	0.379	0.298	9.65923300922042e-23	TMEM50B	c4
3.00330931302252e-27	-0.21115346790191	0.769	0.792	1.00724987740149e-22	EIF3G	c4
3.03951952260781e-27	0.346053045100325	0.396	0.32	1.01939405749221e-22	AP3S1	c4
3.15364536400778e-27	0.295621759876963	0.403	0.32	1.05766958218093e-22	APOBEC3C	c4
3.16196204969029e-27	-1.26944591953142	0.046	0.094	1.06045883222513e-22	REC8	c4
3.2801385586939e-27	-2.02981989878009	0.015	0.05	1.10009286981476e-22	CLSPN	c4
3.49029457315517e-27	2.17548843339497	0.014	0.003	1.17057499394478e-22	ZNF768	c4
3.71229917568156e-27	0.990042490651819	0.078	0.043	1.24503089754008e-22	YPEL1	c4
3.76683301444785e-27	-1.67445902790432	0.033	0.074	1.26332045638552e-22	ADRB2	c4
4.20664178057028e-27	0.858139512931612	0.055	0.027	1.41082352036766e-22	DCBLD1	c4
4.36530613383456e-27	-1.62416577337218	0.03	0.072	1.46403637116544e-22	CACNA2D4	c4
5.22675700300739e-27	0.620836005277014	0.167	0.114	1.75294976366862e-22	ARNT	c4
5.24959632115869e-27	0.584836535093741	0.08	0.044	1.7606096141902e-22	TTN	c4
5.55133348326183e-27	-0.448662856236573	0.361	0.423	1.86180622361635e-22	MVP	c4
5.97318831267132e-27	1.43146806679527	0.028	0.01	2.00328789630371e-22	JAM3	c4
7.36442730043543e-27	1.47325922834338	0.03	0.011	2.46988162802003e-22	LRRC27	c4
7.60580985390931e-27	-5.81750906015568	0.001	0.027	2.55083650880411e-22	F5	c4
8.54469563920233e-27	0.771253357523582	0.11	0.068	2.86572002347568e-22	CHST14	c4
8.74670400853339e-27	-0.25842400230451	0.78	0.797	2.93346959038193e-22	SF1	c4
9.30437671206308e-27	0.716958148592652	0.094	0.055	3.12050186169172e-22	SOS2	c4
9.31863850474306e-27	-0.289534727614491	0.619	0.659	3.12528498172073e-22	ISCU	c4
9.78608347250921e-27	0.317208890727138	0.443	0.365	3.28205667501014e-22	ZNF800	c4
1.0109469054275e-26	0.889648423476918	0.063	0.033	3.39051373142275e-22	PON2	c4
1.02165676689183e-26	0.161099447293275	0.696	0.595	3.42643246480183e-22	DEK	c4
1.05026585694668e-26	0.382385161647369	0.231	0.166	3.52238163102776e-22	LRRN3	c4
1.09242875467962e-26	-5.10929476415962	0	0.025	3.6637875574445e-22	HJURP	c4
1.1804060745069e-26	-2.53245139219979	0.006	0.035	3.95884589268125e-22	NCAPG	c4
1.22920990574952e-26	-3.34378624982021	0.002	0.028	4.12252418190274e-22	KIF15	c4
1.29670086913331e-26	1.05674713930751	0.053	0.026	4.34887537489929e-22	ERRFI1	c4
1.37039288091226e-26	0.692005092613377	0.11	0.068	4.59602364400352e-22	ARL4D	c4
1.37673390680625e-26	-1.55974881976818	0.086	0.138	4.61729017664681e-22	IL2	c4
1.40237512252342e-26	-2.82092400784568	0.005	0.033	4.70328568591904e-22	CDCA5	c4
1.43373562922244e-26	0.369903696310562	0.361	0.287	4.80846255328623e-22	GTF2I	c4
1.54892876496416e-26	0.390544351319548	0.342	0.272	5.1947972919368e-22	SMIM12	c4
1.59826721826935e-26	-0.848202132164816	0.126	0.185	5.36026859663174e-22	HIST1H1D	c4
1.67124419062834e-26	-3.63806281409482	0.002	0.028	5.60501876652931e-22	DTL	c4
1.73847315698639e-26	0.889374374816005	0.082	0.047	5.83049127390097e-22	UGDH	c4
1.82632878370255e-26	0.168288449857505	0.811	0.736	6.1251414747816e-22	MSN	c4
1.84225017821897e-26	0.608484535650105	0.119	0.074	6.17853864771078e-22	CCDC92	c4
1.88707118988704e-26	-0.887455333815259	0.095	0.151	6.32885935664315e-22	ETV6	c4
1.8883442359996e-26	3.14695815920229	0.011	0.002	6.33312889869547e-22	COL9A3	c4
1.92508413308646e-26	0.516685378189669	0.209	0.15	6.45634716554537e-22	TP53RK	c4
1.9427022716588e-26	0.267152887242283	0.563	0.475	6.51543487868928e-22	VDAC1	c4
2.12560170347938e-26	-2.82709425242945	0.003	0.029	7.12884299312916e-22	MELK	c4
2.45877617569011e-26	-3.21233675398324	0.003	0.029	8.24624353802951e-22	CDCA3	c4
2.64780727713201e-26	-5.32583400304376	0	0.024	8.88021604604534e-22	KIF14	c4
2.78458226514006e-26	0.599546106099435	0.145	0.096	9.33893200082672e-22	MUM1	c4
3.18129003873315e-26	0.49166860135129	0.262	0.198	1.06694105319032e-21	FAM53C	c4
3.21537109287524e-26	0.941279133712591	0.066	0.035	1.0783711571285e-21	ERICH6-AS1	c4
3.26780187767656e-26	0.484930026120405	0.248	0.187	1.09595539373517e-21	FAM136A	c4
3.27038877799742e-26	0.79989344827227	0.076	0.042	1.09682298836477e-21	AZIN2	c4
3.51371196004026e-26	0.250128823442781	0.436	0.354	1.1784287171583e-21	UGP2	c4
3.55490481157873e-26	-0.465965762043967	0.354	0.417	1.19224397570727e-21	NFATC2	c4
4.00548528670719e-26	0.363870476620686	0.337	0.264	1.34335965545586e-21	DNAJC3	c4
4.1466958419413e-26	0.434834055360454	0.264	0.198	1.39071885147027e-21	UTP18	c4
4.25120474225925e-26	0.471738973610263	0.234	0.173	1.42576904645891e-21	IKBIP	c4
4.39366659214877e-26	0.481152709649113	0.213	0.154	1.47354790167485e-21	MAN1B1	c4
4.99036707126804e-26	0.474441126042149	0.225	0.165	1.67366930836188e-21	PDXK	c4
5.22330488658032e-26	-4.44939926595284	0.005	0.032	1.75179199286131e-21	IL10	c4
5.23231945613297e-26	0.449484119702663	0.303	0.237	1.75481529919788e-21	DLST	c4
5.30632975408686e-26	0.405150275713754	0.327	0.258	1.77963687292565e-21	ZNF394	c4
5.57455664553986e-26	1.92663758582998	0.014	0.004	1.86959480778116e-21	MMP11	c4
5.72270141384634e-26	1.04364133913063	0.045	0.021	1.91927960017579e-21	FAM13A	c4
5.94763072751115e-26	0.585518041164564	0.135	0.088	1.99471639339269e-21	ERGIC1	c4
6.17294034188825e-26	0.535386849459465	0.208	0.15	2.07028073186248e-21	GTF2IRD2B	c4
7.17482386863612e-26	-1.36832517048604	0.026	0.064	2.40629242906318e-21	PKIA	c4
8.66169765849597e-26	0.393150097037358	0.253	0.187	2.90496016070638e-21	RPS6KA5	c4
8.84708057906109e-26	0.37861391092601	0.303	0.235	2.96713388460551e-21	UBN1	c4
8.95991079283822e-26	0.44282041447391	0.266	0.202	3.00497488170208e-21	CEBPZOS	c4
9.65523859222745e-26	0.566693835653135	0.177	0.124	3.23817391906124e-21	STAU2	c4
9.78843336907995e-26	0.972249631547439	0.052	0.025	3.28284478332203e-21	GTF2IRD2	c4
1.0084699444579e-25	-0.853948398835005	0.086	0.14	3.3822064997229e-21	IFT57	c4
1.02778763465087e-25	0.522462975124143	0.211	0.153	3.44699416909209e-21	ZMYND11	c4
1.10562582978954e-25	0.269771713293925	0.436	0.354	3.70804790794818e-21	PLEKHF1	c4
1.11475764920283e-25	0.385645602627486	0.3	0.231	3.73867420389646e-21	KPNA4	c4
1.14347385758001e-25	0.377259713902945	0.242	0.177	3.83498262355185e-21	MGAT5	c4
1.15713349719103e-25	0.98040234102154	0.056	0.028	3.88079432287929e-21	CRYBG2	c4
1.1948917125877e-25	-1.29060885863873	0.055	0.101	4.00742782567661e-21	TMEM63A	c4
1.21936477713375e-25	0.623053425489013	0.13	0.084	4.08950558955118e-21	SAMD8	c4
1.23343536905829e-25	0.251620592570865	0.534	0.447	4.13669554074768e-21	NAA10	c4
1.24826539948964e-25	0.205656867416114	0.742	0.664	4.18643249680836e-21	RBM8A	c4
1.25721734402402e-25	0.544625228792492	0.123	0.077	4.21645552838774e-21	CROCC	c4
1.38549368014537e-25	0.317333886686338	0.399	0.321	4.64666870447155e-21	CISD3	c4
1.38653875525688e-25	0.97913374978556	0.057	0.029	4.65017367738054e-21	MBTD1	c4
1.6081100530361e-25	-2.18077424242527	0.006	0.035	5.39327949587247e-21	NET1	c4
1.62530841076509e-25	0.583178823204666	0.18	0.127	5.45095934802397e-21	SH3BP2	c4
1.65799762933675e-25	1.19552284002347	0.037	0.016	5.56059244926958e-21	PLEKHN1	c4
1.69092907401111e-25	-2.2573425069975	0.015	0.048	5.67103792841847e-21	LINC02084	c4
1.69802040521582e-25	-0.123050270550879	0.993	0.989	5.69482083501282e-21	RPL13A	c4
1.70336623415762e-25	0.5082998769145	0.202	0.146	5.71274967611783e-21	BORCS6	c4
1.9757091783469e-25	-0.191503667795506	0.989	0.976	6.62613344233984e-21	EEF1B2	c4
2.03095781837638e-25	0.429274039894985	0.298	0.233	6.81142633127071e-21	ME2	c4
2.10154186067132e-25	0.862999550042962	0.059	0.03	7.04815109231948e-21	CACNB1	c4
2.11813106510232e-25	0.339509831585841	0.275	0.207	7.10378796614016e-21	SNX9	c4
2.24209409456529e-25	0.648814024697104	0.107	0.066	7.51953517435308e-21	ZSCAN26	c4
2.30760964226935e-25	0.995142952064981	0.056	0.028	7.73926121824294e-21	SLC25A30	c4
2.42643123869333e-25	0.395227384546698	0.282	0.215	8.13776508832968e-21	COMMD2	c4
2.51852408762275e-25	0.494168913249282	0.191	0.135	8.44662608506918e-21	ACSL3	c4
2.63900651529213e-25	0.288651337490053	0.457	0.377	8.85070005098675e-21	DERL1	c4
2.66064987949109e-25	0.442908322108658	0.281	0.217	8.92328756583723e-21	USB1	c4
2.7523410338314e-25	0.421942929802386	0.319	0.252	9.23080135926374e-21	ELP5	c4
2.81882337240114e-25	-3.6454279925085	0.005	0.032	9.45376982635894e-21	CDC20	c4
2.83476186269308e-25	0.34953626419571	0.395	0.321	9.50722433510004e-21	SMARCB1	c4
3.0232632616013e-25	-1.73718817636824	0.032	0.071	1.01394203267584e-20	ITGA5	c4
3.18430472275345e-25	0.197155369652017	0.767	0.701	1.06795211791705e-20	PRRC2C	c4
3.27746389558426e-25	-0.384858087241274	0.512	0.546	1.09919584130105e-20	YWHAH	c4
3.29842572273711e-25	0.407767707320535	0.29	0.225	1.10622601889157e-20	PPP6R1	c4
3.43992705097231e-25	-5.42446986544545	0	0.023	1.15368273435509e-20	KIF4A	c4
3.50519451439499e-25	0.76567622427101	0.096	0.058	1.17557213623779e-20	MIB1	c4
3.51641230479248e-25	0.499584023993533	0.177	0.122	1.1793343587813e-20	AAED1	c4
3.59332627172028e-25	0.429732467847449	0.221	0.16	1.20512976500955e-20	STK26	c4
3.59335030958002e-25	0.478759498144732	0.183	0.128	1.20513782682695e-20	SRFBP1	c4
3.77897752465015e-25	-0.219268592707408	0.791	0.708	1.26739348221717e-20	HIST1H4C	c4
3.7814799928745e-25	1.11189572945428	0.046	0.022	1.26823276001025e-20	AC005332.7	c4
3.86717583074111e-25	1.49487535683367	0.022	0.007	1.29697343011395e-20	KISS1R	c4
3.95279062691536e-25	-3.26623902179413	0.004	0.031	1.32568692045487e-20	CPNE2	c4
4.49239465657725e-25	-3.38386545180918	0.007	0.035	1.50665931992288e-20	IL17RE	c4
4.50157280330784e-25	0.426972570341953	0.265	0.202	1.50973748677338e-20	PDHA1	c4
4.85835135072453e-25	0.583395292816577	0.128	0.083	1.62939387600599e-20	PCED1A	c4
4.94262129700872e-25	-0.832171338338324	0.082	0.134	1.65765633059078e-20	BAG3	c4
5.22191086574456e-25	0.594161066693446	0.131	0.085	1.75132446615341e-20	ZNF609	c4
5.25691426083453e-25	-3.23161089679002	0.01	0.04	1.76306390479869e-20	TRBV6-1	c4
5.39254489089825e-25	0.941881014670308	0.056	0.029	1.80855170550946e-20	ZDHHC14	c4
5.48910885712511e-25	0.294478986239735	0.44	0.361	1.84093732850262e-20	ODF2L	c4
5.76561477458046e-25	-3.57101998020976	0.006	0.034	1.93367188309879e-20	LINC01891	c4
5.89196193967559e-25	0.75505811932904	0.108	0.068	1.9760461953284e-20	CENPV	c4
6.39873071535836e-25	0.512683968530693	0.191	0.136	2.14600630731689e-20	HPS3	c4
7.49289789614341e-25	0.223400666959713	0.627	0.546	2.51296809640858e-20	BIN1	c4
8.00556113990704e-25	-1.25124679420581	0.037	0.078	2.68490509510202e-20	LDOC1	c4
8.04098977224712e-25	0.556176890179587	0.147	0.099	2.69678714981624e-20	MLXIP	c4
9.09267916380396e-25	0.360272366610606	0.29	0.222	3.04950273795657e-20	AKTIP	c4
9.28781815578839e-25	0.397731186256157	0.304	0.238	3.11494845308831e-20	DCTD	c4
9.4149938459448e-25	-1.72535217301932	0.029	0.067	3.15760063605297e-20	TBXAS1	c4
1.02664078226437e-24	0.49651602742923	0.15	0.101	3.44314785555824e-20	DGKE	c4
1.07599825965093e-24	0.485849202549867	0.274	0.21	3.60868296321727e-20	UBALD2	c4
1.10415850972718e-24	0.285660580722751	0.412	0.335	3.70312680992303e-20	PITHD1	c4
1.14583103068605e-24	0.291536676025842	0.432	0.354	3.84288811071487e-20	TMED5	c4
1.15338593353031e-24	-2.88900565477824	0.008	0.037	3.86822574387396e-20	SCML1	c4
1.16912952837488e-24	-2.53700870260031	0.002	0.027	3.92102661226367e-20	SHCBP1	c4
1.23551694059106e-24	0.250333337511713	0.568	0.489	4.14367671535428e-20	SCAMP2	c4
1.23945931850587e-24	-2.73928492778748	0.006	0.033	4.15689866240498e-20	LIMS2	c4
1.33054349365733e-24	0.228487200985978	0.659	0.576	4.46237676902794e-20	PDIA6	c4
1.35215761979576e-24	0.490302435022655	0.185	0.131	4.53486622527101e-20	KIF13B	c4
1.39814922553793e-24	1.04424875131513	0.04	0.018	4.68911287260911e-20	CACNA1C-AS1	c4
1.42932758121984e-24	0.237341110329873	0.559	0.479	4.79367884189509e-20	TGFB1	c4
1.44450853672719e-24	-4.45380398896639	0	0.023	4.84459273047565e-20	MCM10	c4
1.47277328241349e-24	1.55208951112514	0.023	0.008	4.93938703455836e-20	SGMS1-AS1	c4
1.53633853291041e-24	1.52915455574054	0.03	0.012	5.15257217167492e-20	ITPRIPL2	c4
1.54132433978162e-24	-0.211878149654502	0.874	0.888	5.16929357075959e-20	IFITM2	c4
1.59235201908997e-24	0.397957933455296	0.281	0.217	5.34043020162393e-20	AK3	c4
1.59805968166549e-24	-1.91089194421991	0.009	0.039	5.35957256036973e-20	CXorf21	c4
1.71125594874168e-24	0.2220887947987	0.597	0.512	5.73921020088986e-20	PTPN7	c4
1.81831788036166e-24	0.415650763316519	0.245	0.181	6.09827450715695e-20	OAT	c4
1.83445315522279e-24	-0.742966134648017	0.153	0.214	6.15238899198621e-20	MYC	c4
1.87835936693545e-24	0.407419902709042	0.318	0.252	6.29964164482812e-20	CDK6	c4
1.87879550572736e-24	0.212537292374348	0.743	0.677	6.30110436710841e-20	VPS28	c4
1.90435228513902e-24	-0.919284150494492	0.086	0.137	6.38681669389925e-20	BEX2	c4
1.91420044936457e-24	-0.534102040935924	0.289	0.351	6.41984546707888e-20	ATM	c4
1.96026857722603e-24	0.304457055865459	0.425	0.347	6.57434875430067e-20	OGFR	c4
2.09026928393211e-24	0.533148895209661	0.162	0.111	7.0103451244515e-20	POC1B	c4
2.21128174001815e-24	0.314465115411565	0.425	0.348	7.41619669967289e-20	CD55	c4
2.25879512900441e-24	0.614818692192159	0.192	0.14	7.57554710365498e-20	RRAS2	c4
2.31297484152907e-24	0.729585455133426	0.084	0.049	7.75725502352018e-20	ZNF627	c4
2.42842420461019e-24	-1.17566184180445	0.036	0.076	8.14444909742166e-20	GGT1	c4
2.45112758273577e-24	0.234687725665349	0.643	0.566	8.22059168697922e-20	TMED2	c4
2.72463700257923e-24	-1.62214035066659	0.02	0.054	9.13788757925024e-20	MAGEF1	c4
2.73089812714563e-24	1.94372183294669	0.012	0.003	9.15888613882102e-20	GALNT8	c4
2.75131663285218e-24	-1.58605774633783	0.044	0.086	9.22736572325964e-20	GPR25	c4
2.8626176991493e-24	0.482473616312746	0.159	0.108	9.60064723940694e-20	AC245297.3	c4
2.9367995658778e-24	-6.57045110894753	0	0.022	9.84943838404097e-20	DIAPH3	c4
2.94767324975482e-24	0.30873869731411	0.416	0.343	9.88590654502773e-20	DNM2	c4
3.09027802965137e-24	0.481217459866378	0.195	0.14	1.03641744558448e-19	ATL3	c4
3.17962620679657e-24	0.45526694712619	0.232	0.173	1.06638303723543e-19	GNB5	c4
3.20837263481691e-24	0.365812407597282	0.171	0.117	1.0760240142649e-19	PILRB	c4
3.67683555384422e-24	0.314792723915167	0.393	0.319	1.23313710804827e-19	PDCD6IP	c4
3.78442854189756e-24	0.342594383410339	0.295	0.225	1.2692216443816e-19	SLC16A7	c4
3.83282647699183e-24	0.362326410910099	0.319	0.253	1.28545334385352e-19	HECTD1	c4
4.04958626841486e-24	-2.61659866944987	0.004	0.03	1.35815024270098e-19	DEPDC1B	c4
4.07369512239464e-24	-0.630668929784079	0.199	0.261	1.36623587014871e-19	PDE7A	c4
4.24393349501287e-24	-2.64356243533426	0.009	0.038	1.42333041555742e-19	AMPD3	c4
4.72730033202793e-24	0.549105557084364	0.177	0.125	1.58544198535553e-19	ZBTB2	c4
4.81677303564404e-24	0.41352103413906	0.24	0.179	1.6154493406943e-19	DCTPP1	c4
4.9463227499407e-24	2.23717199948647	0.011	0.002	1.65889772387511e-19	ISM1	c4
5.38132915259859e-24	0.210344279523155	0.693	0.603	1.80479017119852e-19	PA2G4	c4
5.51896522919247e-24	0.621259512844752	0.112	0.071	1.85095055856657e-19	ZNF124	c4
5.52477636889257e-24	-3.00225483397841	0.011	0.04	1.85289949859919e-19	TRAV23DV6	c4
5.73899433348221e-24	1.9957259487572	0.016	0.004	1.92474391956326e-19	VSIG10L	c4
6.25250424872999e-24	0.259890992641508	0.561	0.476	2.09696487493906e-19	LAMTOR1	c4
6.34136458013344e-24	1.90036879634616	0.012	0.003	2.12676685288515e-19	PLXNB1	c4
6.6346802884311e-24	-0.284730273917551	0.648	0.678	2.22513907513402e-19	CCND3	c4
6.95971923686697e-24	0.744154716039407	0.092	0.056	2.33415063766044e-19	ARHGEF19	c4
7.17925402795297e-24	-1.63543153152617	0.03	0.067	2.40777821589487e-19	NR1D1	c4
7.36560595167546e-24	0.298448526794901	0.444	0.37	2.47027692407292e-19	PRPF4B	c4
7.36765054846968e-24	-3.17683778893337	0.007	0.035	2.47096264094576e-19	CFH	c4
7.50681882176888e-24	1.70565109267739	0.023	0.008	2.51763689644485e-19	N4BP3	c4
8.42976682636439e-24	0.464438908113306	0.162	0.112	2.82717519822609e-19	ICAM1	c4
8.73242065792669e-24	1.01906728297074	0.06	0.032	2.92867924025545e-19	ZNF496	c4
1.10052316407917e-23	1.11553940686503	0.068	0.038	3.69093458768873e-19	MFGE8	c4
1.11971684240389e-23	0.214876826204078	0.665	0.585	3.75530634605418e-19	ACTR2	c4
1.15679046242999e-23	0.397970900268416	0.295	0.23	3.87964385289771e-19	PBDC1	c4
1.16105914719942e-23	0.381822186452781	0.262	0.199	3.89396016787743e-19	ECHDC2	c4
1.17683670408627e-23	-0.877004811991688	0.071	0.12	3.94687493816453e-19	KIAA0391	c4
1.54297717050861e-23	-1.39398362015316	0.035	0.074	5.17483683445178e-19	HSBP1L1	c4
1.81375077161456e-23	-3.62667595522692	0.004	0.028	6.08295733784091e-19	IL21	c4
2.01901483037755e-23	-3.2423366084748	0.008	0.036	6.77137193812022e-19	HIST1H1B	c4
2.2045827646917e-23	0.366302613760394	0.311	0.243	7.39372967622303e-19	PPID	c4
2.20661661507554e-23	0.14334948758125	0.773	0.685	7.40055080364033e-19	C9orf16	c4
2.27245464597398e-23	-0.312508890313441	0.571	0.611	7.62135839166753e-19	IKZF1	c4
2.30335505565928e-23	0.408775807392509	0.287	0.223	7.7249921856701e-19	IRF2BP2	c4
2.31318680664975e-23	0.394582803795299	0.28	0.217	7.75796591214194e-19	NDRG3	c4
2.42780622331307e-23	-3.82618085595663	0.001	0.022	8.14237651174737e-19	SPC24	c4
2.42913359724122e-23	0.262687484618391	0.547	0.47	8.1468282584276e-19	SNX17	c4
2.48865577317586e-23	0.427034496520818	0.234	0.175	8.34645373207718e-19	ZKSCAN1	c4
2.53534842096542e-23	-3.74019361331055	0.004	0.028	8.50305153423382e-19	IL26	c4
2.69624048054325e-23	-1.34672736226906	0.027	0.063	9.04265132364596e-19	INF2	c4
2.72438032650266e-23	0.262541142090178	0.452	0.37	9.13702673902463e-19	HSD17B11	c4
2.77376657354405e-23	0.43790284432241	0.261	0.201	9.30265833435203e-19	PRPSAP1	c4
2.82996187462624e-23	0.530727595974368	0.167	0.117	9.49112613512149e-19	FHOD1	c4
2.9047479749791e-23	0.34001529779406	0.305	0.238	9.74194375848492e-19	PPP2R5E	c4
3.09392533110754e-23	-1.00243142114492	0.254	0.313	1.03764067754685e-18	IFNG	c4
3.13871450348877e-23	-0.338575971901252	0.59	0.604	1.05266207018006e-18	UBE2L6	c4
3.37854695505843e-23	-0.557330559589607	0.281	0.339	1.1330970777875e-18	TLK1	c4
3.42301676521697e-23	0.407944093927487	0.223	0.165	1.14801136271847e-18	SPG11	c4
3.50859016475671e-23	0.520105543869115	0.184	0.133	1.17671096945611e-18	DUSP12	c4
3.58298681689252e-23	-0.531585610112178	0.205	0.269	1.20166211864941e-18	PLIN2	c4
3.64291784224566e-23	-0.927477143296421	0.061	0.107	1.22176178593235e-18	NAB1	c4
3.89314237640816e-23	-0.11849873399597	0.981	0.976	1.30568209019977e-18	HNRNPA1	c4
4.01906260842527e-23	-1.47885033734175	0.038	0.076	1.34791321761367e-18	FHL1	c4
4.16408235410158e-23	-2.21335403159034	0.013	0.043	1.39654993991859e-18	BEX5	c4
4.40378472543374e-23	0.446220250044786	0.267	0.208	1.47694132121597e-18	TPP2	c4
4.99464617747195e-23	0.690207362555702	0.126	0.083	1.67510443500054e-18	CYP51A1	c4
5.32683085967173e-23	0.353845820266831	0.301	0.235	1.7865125337167e-18	ACD	c4
5.37129308387714e-23	-2.57401950724209	0.002	0.024	1.80142427447071e-18	SKA3	c4
5.66850298139584e-23	0.398315597265456	0.288	0.226	1.90110252990054e-18	SACM1L	c4
6.29574658844691e-23	0.497571120480195	0.219	0.164	2.11146749083332e-18	PLEKHA2	c4
6.36833091186144e-23	0.671888372686997	0.108	0.069	2.13581082122009e-18	CAMKK2	c4
6.57329988032777e-23	1.11603754415848	0.037	0.017	2.20455331386433e-18	TMEM30B	c4
6.89137811757774e-23	0.305603102413656	0.418	0.345	2.31123039307322e-18	RELA	c4
7.23854065824554e-23	-4.41988902725995	0.001	0.022	2.42766176596239e-18	ANLN	c4
7.48995873670155e-23	-5.23028722860823	0.001	0.023	2.51198236111497e-18	CSGALNACT1	c4
7.55852376421079e-23	1.46912240492711	0.024	0.009	2.53497770004101e-18	SNX33	c4
7.62564323614466e-23	-2.88285955830319	0.003	0.026	2.5574882285382e-18	ESCO2	c4
8.43883193029283e-23	1.82632732797745	0.017	0.005	2.83021545278161e-18	LINC02081	c4
8.52083024832247e-23	-5.082888348787	0	0.021	2.85771604868239e-18	PBK	c4
9.66198571768198e-23	0.27371199549715	0.467	0.394	3.24043676999618e-18	ZRANB2	c4
9.85488680481334e-23	-2.66613729385142	0.006	0.031	3.3051319365983e-18	VCL	c4
9.90035297081996e-23	0.614934523647652	0.153	0.107	3.3203803793536e-18	TATDN3	c4
1.05429243326549e-22	-0.628334650412968	0.148	0.206	3.5358859626858e-18	GCH1	c4
1.0797799709666e-22	0.493348682538464	0.184	0.133	3.62136606662779e-18	FAM160B1	c4
1.10077739554989e-22	-2.11892619537818	0.018	0.049	3.69178722919523e-18	TRAV1-2	c4
1.12066182120835e-22	0.386836456175111	0.292	0.229	3.75847561596856e-18	POLR2B	c4
1.18799295139058e-22	-1.80395083213331	0.02	0.053	3.98429076037373e-18	TRAV12-1	c4
1.21855073543294e-22	-1.27087525523813	0.014	0.045	4.086775456495e-18	NCAPG2	c4
1.21968723214907e-22	0.830849511114256	0.048	0.024	4.09058703918156e-18	ZNF395	c4
1.22054671896447e-22	1.48215146920171	0.021	0.007	4.09346958606303e-18	NAGS	c4
1.26740090460965e-22	0.462472097456645	0.171	0.12	4.25060915387984e-18	QSOX1	c4
1.36373718285546e-22	0.405111734647664	0.253	0.194	4.57370176386066e-18	CREBZF	c4
1.37018769091377e-22	-4.01107304434824	0.002	0.023	4.59533547778662e-18	LMCD1	c4
1.37045996222734e-22	0.717353691453261	0.063	0.035	4.59624862131807e-18	ZNF329	c4
1.46647447747739e-22	0.532885285425936	0.157	0.11	4.91826210256366e-18	CARNMT1	c4
1.60059834676813e-22	-0.506671450489871	0.286	0.345	5.36808673539095e-18	RELB	c4
1.62683123676842e-22	0.74325307110955	0.056	0.029	5.45606660187394e-18	ZNF571	c4
1.71987284216154e-22	-0.210607152485053	0.776	0.785	5.76810953804137e-18	EIF3E	c4
1.73058957599056e-22	-3.81068873559979	0.004	0.028	5.80405131995714e-18	IFNG-AS1	c4
1.73465113827231e-22	1.81306898364307	0.018	0.006	5.81767298753767e-18	HOXC4	c4
1.8385102311408e-22	0.269931822053322	0.474	0.397	6.16599561320002e-18	CYB5R3	c4
1.86595688111411e-22	0.452414513958559	0.116	0.075	6.25804618788049e-18	MZF1-AS1	c4
1.90402022909526e-22	0.599362867389802	0.128	0.086	6.38570304433968e-18	PISD	c4
1.9489163268327e-22	1.14783509413511	0.062	0.035	6.53627557693151e-18	CENPJ	c4
2.00616683669473e-22	0.69032270510376	0.064	0.035	6.72828233690678e-18	C20orf194	c4
2.04523339640585e-22	-0.52394702547967	0.171	0.231	6.85930376486593e-18	ANAPC15	c4
2.13086476852731e-22	0.43718569852323	0.142	0.095	7.14649426068688e-18	BBC3	c4
2.14568710302866e-22	0.599084473047953	0.089	0.054	7.19620540613751e-18	RYK	c4
2.21353498082633e-22	0.58365244967885	0.147	0.102	7.42375361869535e-18	SLC39A4	c4
2.2317476268373e-22	-0.386797690617323	0.43	0.48	7.48483519088695e-18	OPTN	c4
2.30435116508336e-22	-0.297814803817188	0.643	0.68	7.72833293745657e-18	PPP1R2	c4
2.33901533285205e-22	0.22379498220319	0.545	0.467	7.84458962331919e-18	PNRC2	c4
2.38984538314926e-22	0.261815185851802	0.44	0.365	8.01506344600597e-18	PTBP3	c4
2.63238200290394e-22	0.550590414954274	0.167	0.119	8.82848276133923e-18	SIPA1L1	c4
2.76719183647575e-22	0.335337906008295	0.341	0.275	9.28060798117236e-18	TTC14	c4
2.81338067001238e-22	0.29561833034501	0.426	0.354	9.43551609108753e-18	FDX1	c4
2.85438793186077e-22	0.284443066709709	0.447	0.373	9.57304624587464e-18	NR1H2	c4
2.88821318918993e-22	0.159770413796591	0.678	0.603	9.68648939390518e-18	IDS	c4
3.01795300262549e-22	0.469614885796219	0.21	0.156	1.01216107802054e-17	ZNF580	c4
3.03973673133175e-22	-1.79838221335833	0.014	0.043	1.01946690495404e-17	CENPE	c4
3.17633195067919e-22	-3.35288675841474	0.006	0.03	1.06527820961879e-17	PTPN13	c4
3.19968761154474e-22	0.506009088983845	0.171	0.121	1.07311123115987e-17	ORAI3	c4
3.2029991815558e-22	-1.28659015312985	0.045	0.085	1.07422186551019e-17	SGK1	c4
3.2324069539196e-22	1.24455612292141	0.031	0.013	1.08408464420556e-17	FSD1L	c4
3.24951063251515e-22	-2.67634468578564	0.01	0.037	1.08982087593293e-17	CD79A	c4
3.33963174251754e-22	0.670356175731241	0.102	0.064	1.12004569380553e-17	PPAN	c4
3.50721173691628e-22	0.224520562807705	0.555	0.48	1.17624867232698e-17	CANX	c4
3.5358815364809e-22	0.468590315625319	0.231	0.176	1.18586394970496e-17	CDK9	c4
3.66602184735088e-22	-0.113020499277757	0.995	0.99	1.22951040716454e-17	RPL35	c4
3.79339940825264e-22	-0.682424631359016	0.239	0.296	1.27223029353977e-17	NPC2	c4
3.80660824705439e-22	0.235100796666654	0.565	0.489	1.2766602738971e-17	METTL26	c4
4.06763249074706e-22	-4.26559666513423	0.002	0.023	1.36420258474675e-17	ENC1	c4
4.10154005587892e-22	-0.243599176984442	0.817	0.83	1.37557450394067e-17	C12orf57	c4
4.12275737341339e-22	0.562468346488109	0.181	0.132	1.38269036789538e-17	DFFA	c4
4.25799306024912e-22	1.77810654392296	0.016	0.005	1.42804571254635e-17	MIR210HG	c4
4.28268042935489e-22	0.35939623178657	0.29	0.227	1.43632536239704e-17	MED29	c4
4.29710464947959e-22	-0.260131192650693	0.573	0.605	1.44116295734246e-17	MINOS1	c4
4.63123953949838e-22	0.73438412175107	0.111	0.072	1.55322511675697e-17	CDKN2C	c4
4.792510170395e-22	0.319127870288284	0.407	0.337	1.60731206094708e-17	FIBP	c4
4.89110852839037e-22	0.354335983502754	0.229	0.17	1.64037997825156e-17	LEPROT	c4
4.96294200846548e-22	0.325203627752096	0.38	0.312	1.66447149079915e-17	INPP4A	c4
5.06527616613743e-22	-0.729691197489968	0.111	0.162	1.69879232059917e-17	GNPDA1	c4
5.3427811928908e-22	0.367497847659471	0.24	0.18	1.79186195647172e-17	SLC25A36	c4
5.41630368674775e-22	0.218965215480902	0.52	0.437	1.81651993046146e-17	TMEM160	c4
5.4640772299029e-22	0.702524139338013	0.113	0.074	1.83254222136483e-17	BLM	c4
5.4958881697582e-22	-2.92664094584	0.008	0.034	1.8432109743735e-17	KCNQ1	c4
5.77517013155129e-22	-0.525091301937429	0.38	0.432	1.93687655871967e-17	LGALS3	c4
5.79324013620214e-22	0.364642258251423	0.221	0.164	1.94293687687948e-17	LPP	c4
6.48135673774165e-22	0.467293210477155	0.154	0.108	2.17371742270379e-17	FURIN	c4
6.48547387753712e-22	-0.384269768963903	0.372	0.426	2.1750982290484e-17	CLPP	c4
6.9046728346461e-22	0.451888569606729	0.229	0.174	2.31568917528361e-17	SUCO	c4
7.01228807206784e-22	0.818000004718558	0.049	0.025	2.35178117361011e-17	CR381653.1	c4
7.0839315231979e-22	0.800739869419395	0.08	0.048	2.37580895425011e-17	LCORL	c4
7.46290374141188e-22	1.29429955380175	0.055	0.03	2.50290865679472e-17	TST	c4
7.5158342754509e-22	0.310469626038613	0.371	0.301	2.52066049930072e-17	ARRDC1	c4
8.04731396685789e-22	0.670707135177984	0.087	0.053	2.6989081582048e-17	TSHZ1	c4
8.17372561921749e-22	-0.996434632791274	0.319	0.353	2.74130409817316e-17	HLA-DPB1	c4
8.41467876292693e-22	0.300192230942103	0.382	0.311	2.82211496351043e-17	RBBP7	c4
9.12815149088873e-22	-0.921884034249616	0.07	0.115	3.06139944701426e-17	NCK2	c4
9.20333049136124e-22	0.216965421320709	0.584	0.505	3.08661298019273e-17	OCIAD1	c4
9.74990544562756e-22	0.505188969006332	0.148	0.102	3.26992328835457e-17	LACTB2	c4
1.00048801205398e-21	-1.6796308130529	0.008	0.034	3.35543669482663e-17	KIF11	c4
1.00486365693255e-21	-6.65835558189439	0	0.019	3.37011173262038e-17	DEPDC1	c4
1.02436079363075e-21	0.428629776133288	0.228	0.173	3.43550122967881e-17	CPD	c4
1.03193818861125e-21	-2.1003823706909	0.016	0.046	3.46091429696441e-17	PLAUR	c4
1.05785303798821e-21	-5.60193591122248	0.001	0.021	3.54782751880486e-17	FGFBP2	c4
1.12997531983414e-21	-1.62874614333176	0.01	0.037	3.78971122765973e-17	ORC6	c4
1.13762291642528e-21	-0.264624017316595	0.594	0.634	3.81535973710712e-17	TOMM20	c4
1.16190969488031e-21	0.19509828317778	0.659	0.586	3.89681273468957e-17	STAT3	c4
1.19121862801664e-21	1.04724264464613	0.032	0.014	3.9951090346422e-17	AC010616.1	c4
1.19854399014863e-21	-1.69315135171084	0.014	0.043	4.01967683416047e-17	TRAV5	c4
1.26536957223779e-21	0.378732691397719	0.29	0.229	4.24379647137111e-17	FAM120AOS	c4
1.32268032076767e-21	-0.305987443585913	0.535	0.568	4.43600525979061e-17	ZNF706	c4
1.43011303500296e-21	-3.98293605628005	0.002	0.024	4.79631309679293e-17	HIST1H3B	c4
1.52321595884375e-21	-2.48970100300713	0.003	0.026	5.10856168277016e-17	CDC6	c4
1.55346144648825e-21	1.58315543292418	0.03	0.013	5.20999899923228e-17	SPHK1	c4
1.71696295571328e-21	0.77709974661453	0.084	0.051	5.75835036087119e-17	ZNF254	c4
1.82309840708568e-21	0.275063797831032	0.47	0.399	6.11430743768394e-17	ZFAND5	c4
1.87379814062301e-21	0.304745828123077	0.348	0.282	6.28434420402144e-17	SENP6	c4
1.96378460176485e-21	0.41428648947213	0.257	0.198	6.58614079739897e-17	SUPT3H	c4
2.01835966559101e-21	0.408374225421539	0.254	0.196	6.76917464645914e-17	GAK	c4
2.11078236763406e-21	-1.21371953544892	0.088	0.054	7.0791419045711e-17	IGHV1-3	c4
2.11433343441383e-21	0.767761677551506	0.069	0.04	7.09105147233712e-17	ADARB2	c4
2.11933272426487e-21	-5.29344487367033	0	0.02	7.10781809063952e-17	FAM111B	c4
2.16862161479191e-21	-0.338065017158574	0.405	0.464	7.27312317168912e-17	ARHGAP4	c4
2.2010742676722e-21	-0.198780729028175	0.753	0.768	7.38196287891902e-17	ERP29	c4
2.23651902819861e-21	0.465694948469002	0.193	0.142	7.50083751677249e-17	WDFY1	c4
2.25979461394834e-21	0.376612277805071	0.308	0.246	7.57889917625995e-17	RAMMET	c4
2.28249189015356e-21	0.48985712223171	0.164	0.116	7.655021301197e-17	MVB12B	c4
2.37965916207967e-21	0.354077759911126	0.314	0.25	7.98090089778281e-17	PIGC	c4
2.39058146715935e-21	0.420057307858418	0.223	0.167	8.01753212455903e-17	GMEB1	c4
2.52348641969633e-21	-4.12520190259374	0.005	0.028	8.46326875437754e-17	TRAV20	c4
2.52858557450527e-21	0.251146227292709	0.421	0.351	8.48037029977578e-17	TRA2A	c4
2.59724419456438e-21	-1.18829191285509	0.094	0.14	8.71063757973002e-17	PLEK	c4
2.7553190679174e-21	0.444854401266289	0.121	0.079	9.24078908998138e-17	TP53I11	c4
2.77199440583942e-21	0.845454559001458	0.076	0.045	9.29671483830423e-17	PCTP	c4
2.79044880618703e-21	0.461208459566579	0.196	0.144	9.35860720619007e-17	CSTF2T	c4
2.89152516013658e-21	-1.78097398488042	0.013	0.041	9.69759708206606e-17	AGMAT	c4
2.92625889644279e-21	-1.18896273244439	0.054	0.095	9.81408708688983e-17	LPAR6	c4
3.07832938590549e-21	0.187665703540061	0.665	0.586	1.03241010944498e-16	NCOR1	c4
3.1145997306618e-21	0.41123922941379	0.23	0.175	1.04457445766935e-16	PPP1R21	c4
3.184904926049e-21	0.571288419326056	0.16	0.114	1.06815341409831e-16	GTDC1	c4
3.25029930436124e-21	-0.206462980282797	0.849	0.863	1.09008538069667e-16	NOP53	c4
3.33464561938206e-21	-1.54508316774251	0.008	0.033	1.11837344782836e-16	RAD51AP1	c4
3.33962449258652e-21	-0.329981464797373	0.421	0.475	1.12004326232367e-16	NDUFC1	c4
3.42826485077295e-21	-1.74544380447389	0.022	0.053	1.14977146565223e-16	PSTPIP2	c4
3.58765962487039e-21	2.48328148806943	0.01	0.002	1.20322928498903e-16	OPLAH	c4
3.6325440556937e-21	0.562094052793956	0.117	0.077	1.21828262539855e-16	AC073332.1	c4
3.77908077532543e-21	-1.45962868515026	0.008	0.034	1.26742811042864e-16	SPAG5	c4
3.9568992356653e-21	-0.643115066194877	0.141	0.196	1.32706486565743e-16	MSL3	c4
3.97240668320478e-21	0.253086883750169	0.486	0.41	1.33226575341322e-16	TCP1	c4
4.0764081602898e-21	0.419968675078844	0.228	0.174	1.36714576879799e-16	TMEM223	c4
4.54852394932141e-21	-2.94129945773834	0.004	0.027	1.52548396212342e-16	PTPRK	c4
4.64910107299474e-21	0.28994010145679	0.387	0.317	1.55921551786098e-16	TMEM147	c4
4.65330337866086e-21	0.160740494766791	0.731	0.668	1.56062488713528e-16	DDX24	c4
4.88018609910718e-21	0.183530385613047	0.534	0.442	1.63671681391857e-16	RGL4	c4
5.1165492615021e-21	0.43234938589626	0.205	0.152	1.71598829132257e-16	FAM172A	c4
5.12877979146567e-21	-0.582207950994496	0.206	0.263	1.72009016646176e-16	NFKB2	c4
5.21656570984261e-21	-0.556432471397788	0.18	0.238	1.74953180776701e-16	ADK	c4
5.2170986438315e-21	-2.18310112990805	0.003	0.025	1.74971054316821e-16	TRIP13	c4
5.48673938962076e-21	0.116596387506035	0.82	0.732	1.84014265649101e-16	GYPC	c4
5.57163174304796e-21	0.369516872385615	0.297	0.236	1.86861385398343e-16	LYRM2	c4
5.59685875021553e-21	0.378271276086101	0.195	0.141	1.87707448764728e-16	PLEKHF2	c4
5.66841704415769e-21	0.404666200369761	0.226	0.171	1.90107370826961e-16	CDK13	c4
6.01659251617418e-21	0.863117881771065	0.063	0.036	2.01784479807449e-16	IL15	c4
6.10783865547596e-21	-0.224877660721171	0.881	0.884	2.04844692827353e-16	TAGLN2	c4
6.11668889933418e-21	-2.65914183674533	0.003	0.025	2.0514151230587e-16	NEIL3	c4
6.23611975557091e-21	0.228226038767784	0.55	0.472	2.09146984362337e-16	NDUFV1	c4
6.39449367216735e-21	0.248900487742114	0.498	0.425	2.14458528777149e-16	CCT2	c4
6.61216521833089e-21	0.313087243892812	0.373	0.308	2.21758797092381e-16	CEBPZ	c4
6.83932808738176e-21	0.375560344170335	0.273	0.213	2.29377385394609e-16	RGS3	c4
7.00833036401011e-21	0.41118278324726	0.244	0.188	2.35045383748171e-16	ATP11B	c4
7.78574878839962e-21	-0.235760842467423	0.614	0.64	2.61118442865346e-16	ATP5PB	c4
7.86356046665105e-21	-3.03138362125452	0.007	0.031	2.63728090930543e-16	PTPRM	c4
7.97879246563927e-21	0.857437105781268	0.061	0.034	2.6759274171261e-16	SYCE1L	c4
7.9947361109648e-21	-0.492165404297145	0.331	0.387	2.68127459689538e-16	JAK3	c4
8.11318023005696e-21	0.665544880056137	0.096	0.06	2.7209983855565e-16	SLC2A11	c4
8.17875856217832e-21	-4.15159965377894	0.002	0.022	2.74299204658336e-16	MYO7A	c4
8.34353015781498e-21	0.852515971941714	0.052	0.028	2.79825314432799e-16	KANTR	c4
8.38664296925361e-21	0.572664163130644	0.135	0.093	2.81271231902828e-16	GALC	c4
8.57962323383462e-21	-1.64348492477578	0.013	0.04	2.87743404016345e-16	KNL1	c4
8.88441043454036e-21	0.208445244417644	0.549	0.476	2.97965357153615e-16	AKNA	c4
8.92976862998901e-21	0.859408561428024	0.066	0.038	2.99486580312572e-16	AACS	c4
9.39627411318276e-21	0.223943166357578	0.575	0.505	3.15132241207923e-16	SCAF11	c4
1.00596094989257e-20	-5.40639822004507	0	0.019	3.37379183374969e-16	E2F8	c4
1.00802651919783e-20	-3.0235187361014	0.006	0.029	3.38071934008569e-16	AFF3	c4
1.01400373584302e-20	-0.45926310303349	0.453	0.484	3.4007657292703e-16	GBP2	c4
1.08326595095501e-20	0.292003496158377	0.308	0.242	3.6330573463129e-16	USP20	c4
1.10795702621833e-20	0.206116413431768	0.594	0.521	3.71586627453103e-16	KTN1	c4
1.123917256449e-20	-0.738586321071627	0.104	0.153	3.76939369467867e-16	PHF19	c4
1.13110778487736e-20	0.728575518075789	0.072	0.042	3.79350928892168e-16	LINC01588	c4
1.16363493309521e-20	0.416881352602393	0.245	0.19	3.9025988386147e-16	PAFAH1B3	c4
1.16994406453445e-20	0.322047452459535	0.383	0.316	3.92375840363563e-16	PQLC3	c4
1.20132502405987e-20	0.451155064688006	0.241	0.187	4.029003865692e-16	TM7SF3	c4
1.20318064070455e-20	0.321973410093672	0.346	0.281	4.03522723279491e-16	ABTB1	c4
1.25429154082112e-20	-0.363489998223269	0.413	0.466	4.20664296960588e-16	CYLD	c4
1.39344521165797e-20	0.329026611808969	0.282	0.22	4.67333655085851e-16	STX16	c4
1.48814535350445e-20	-1.26606950434401	0.043	0.08	4.99094188658324e-16	LRIG1	c4
1.59988560390927e-20	0.225223394091677	0.544	0.47	5.36569633839089e-16	R3HDM4	c4
1.60119967741136e-20	0.246288802989416	0.54	0.465	5.37010347810223e-16	HM13	c4
1.67136381537709e-20	0.349815259516898	0.277	0.217	5.60541996401168e-16	ATXN7L3B	c4
1.78008752034596e-20	0.44032518291642	0.197	0.146	5.9700575257363e-16	KIF21A	c4
1.79465260728689e-20	-3.69434558142673	0.006	0.029	6.01890591431877e-16	IL22	c4
1.82102497074644e-20	0.304366450723056	0.392	0.324	6.10735354688941e-16	VPS36	c4
1.84265924521336e-20	-3.94715451926815	0.001	0.02	6.17991057659657e-16	E2F2	c4
1.88369078205654e-20	0.174098509416744	0.734	0.654	6.31752214486122e-16	GNG2	c4
2.02334509539204e-20	0.425729515815211	0.243	0.188	6.78589478092581e-16	SPEN	c4
2.03927396249196e-20	0.46021201652426	0.155	0.109	6.83931701540555e-16	SNTB2	c4
2.08926201847342e-20	-0.201367002615656	0.782	0.792	7.00696695755617e-16	SEPT9	c4
2.10923104272909e-20	-3.23060115533888	0.005	0.028	7.07393907110482e-16	CFP	c4
2.3201380009424e-20	0.230317945978803	0.417	0.346	7.78127882756062e-16	HSPH1	c4
2.33100545746274e-20	0.766615389055945	0.051	0.027	7.81772610323854e-16	MATN1-AS1	c4
2.38928166509084e-20	-0.71149809430636	0.096	0.145	8.01317284838165e-16	STX11	c4
2.40238885817226e-20	0.15948545179716	0.732	0.661	8.05713175253814e-16	KMT2E	c4
2.4217061711334e-20	0.498763536438017	0.187	0.139	8.12191815674721e-16	VRK2	c4
2.55616643837668e-20	0.663854389662371	0.09	0.056	8.57287100102771e-16	ZNF701	c4
2.61926051784019e-20	-1.41141493305286	0.03	0.063	8.78447592473243e-16	NT5E	c4
2.64609617562347e-20	0.475949171793957	0.211	0.16	8.87447735380601e-16	U2AF1	c4
2.69965890058205e-20	0.877486405474344	0.051	0.027	9.05411602077206e-16	LINC00265	c4
2.77364106303496e-20	0.251572688235851	0.437	0.366	9.30223739720664e-16	DENND1C	c4
2.85768300079443e-20	0.468278751983481	0.167	0.121	9.58409724806437e-16	SELENOO	c4
3.09293205162885e-20	-2.43380883297433	0.008	0.032	1.03730755147528e-15	HIST1H2AJ	c4
3.17682320177846e-20	0.443762840068776	0.193	0.143	1.06544296541246e-15	CCDC88B	c4
3.18284262677396e-20	0.14167984092136	0.86	0.813	1.06746176016745e-15	MBNL1	c4
3.24547078451842e-20	0.306508066289242	0.388	0.321	1.08846599171179e-15	COX20	c4
3.61248474348272e-20	0.685144378504599	0.091	0.058	1.21155513326923e-15	RUNDC1	c4
3.63655221288733e-20	-0.512811744176185	0.218	0.274	1.21962688115815e-15	TRIM69	c4
3.77411196378186e-20	0.294597040020109	0.363	0.295	1.26576167041316e-15	CENPC	c4
3.88612600381908e-20	0.360389166010403	0.259	0.202	1.30332893916084e-15	EML2	c4
3.91292391814816e-20	0.322779715928698	0.366	0.302	1.31231642366853e-15	BLOC1S2	c4
4.0476760486674e-20	0.327504753144281	0.33	0.267	1.35750959320207e-15	CDC40	c4
4.42041212703698e-20	-3.06661764346278	0.004	0.026	1.48251781916566e-15	EEPD1	c4
5.2298607675032e-20	0.530040380119571	0.13	0.088	1.75399070420522e-15	KBTBD3	c4
5.62735296544351e-20	0.494864271144692	0.205	0.155	1.88730163755045e-15	RAB33A	c4
5.76416107408107e-20	1.80839836508785	0.014	0.004	1.93318434102531e-15	BEST4	c4
5.77365780226191e-20	-0.896822602772242	0.055	0.096	1.9363693537226e-15	EZH2	c4
5.86657928062613e-20	0.660843319786598	0.088	0.055	1.96753335913639e-15	A1BG-AS1	c4
5.90393623953364e-20	0.466801212506509	0.183	0.135	1.98006213601479e-15	ZDHHC20	c4
6.09564025401313e-20	0.606940378086364	0.133	0.092	2.04435582839092e-15	PIAS3	c4
6.28842044647229e-20	0.511793323728986	0.147	0.103	2.10901044933788e-15	AC100810.1	c4
6.49369733680679e-20	-0.733047697324891	0.137	0.189	2.17785621281826e-15	CD59	c4
6.6041260861306e-20	0.843317902803027	0.074	0.045	2.21489180676648e-15	CDYL	c4
6.60529497067091e-20	-1.07001388256233	0.032	0.066	2.21528382726361e-15	NDC80	c4
6.69242330817876e-20	0.291415011877666	0.346	0.282	2.24450492909699e-15	SPPL2A	c4
6.73842738233952e-20	0.237445593549571	0.537	0.466	2.25993377548903e-15	IRF2	c4
6.7529418081395e-20	0.359808066257603	0.278	0.22	2.26480162361382e-15	SURF2	c4
6.91844698371409e-20	0.372754980060549	0.249	0.192	2.32030874939803e-15	MLLT10	c4
7.88358597665059e-20	1.18853477357849	0.041	0.02	2.64399706484908e-15	TLE1	c4
8.06993887498591e-20	-1.39752036060381	0.039	0.074	2.70649609989277e-15	ARHGAP5	c4
8.77928004740037e-20	0.185836930862041	0.614	0.526	2.94439494229714e-15	BANF1	c4
9.58142810517045e-20	-1.11501431252289	0.015	0.043	3.21341935791207e-15	RMI2	c4
9.68640285982867e-20	0.282200095517436	0.382	0.315	3.24862579112934e-15	DNTTIP2	c4
1.01612422653067e-19	0.208959443589666	0.592	0.511	3.40787743093858e-15	SF3A2	c4
1.05553711373375e-19	-0.55253409601569	0.11	0.162	3.54006037204027e-15	C16orf87	c4
1.08659401530564e-19	0.785864996751221	0.07	0.042	3.64421900853206e-15	F8	c4
1.13573397195561e-19	0.337042937691478	0.297	0.235	3.80902459514474e-15	RNF220	c4
1.15154908581917e-19	0.629504811398893	0.097	0.063	3.86206532402033e-15	ZNF669	c4
1.15907071334523e-19	0.570623884077816	0.184	0.135	3.88729135841723e-15	CSF1	c4
1.22990633189361e-19	0.276920443707778	0.425	0.355	4.12485985590479e-15	AHSA1	c4
1.27121062452933e-19	0.477288611315418	0.144	0.101	4.26338619254648e-15	TMEM116	c4
1.29760062026508e-19	0.659810722643459	0.073	0.044	4.35189296024501e-15	VEGFB	c4
1.33363331025283e-19	0.659596313305683	0.123	0.085	4.47273939592593e-15	THG1L	c4
1.39033718096873e-19	0.676945921048199	0.088	0.055	4.66291283753294e-15	ST3GAL2	c4
1.47886116438121e-19	1.42419175064723	0.019	0.006	4.95980457310169e-15	AC005332.1	c4
1.52546724177281e-19	-0.569052228572044	0.214	0.266	5.11611203545764e-15	USP36	c4
1.55657405934157e-19	0.551626273648871	0.151	0.108	5.22043808021975e-15	RBM4B	c4
1.59629074156585e-19	-4.57470633621297	0.001	0.019	5.35363988906354e-15	BCAT1	c4
1.64544168287772e-19	-3.28669037298873	0.006	0.029	5.5184823160353e-15	TRBV12-3	c4
1.66436196390815e-19	-0.92746546038934	0.11	0.154	5.58193715455515e-15	SPINT2	c4
1.67845834800972e-19	0.226311928215432	0.47	0.397	5.62921360755501e-15	OSBPL8	c4
1.72860410905886e-19	0.371616720145788	0.263	0.207	5.7973924609616e-15	THUMPD3-AS1	c4
1.73285508977203e-19	0.3403734918472	0.296	0.236	5.81164940007745e-15	MAN1A2	c4
1.83349391337316e-19	-2.47490202520095	0.011	0.036	6.1491718866709e-15	LRP12	c4
1.86547984399226e-19	0.46156568124928	0.185	0.137	6.25644630078125e-15	CHMP6	c4
1.86748449303055e-19	0.357267555240823	0.264	0.207	6.26316949272587e-15	NFAT5	c4
1.87349723830943e-19	0.284411167611461	0.347	0.282	6.28333503784216e-15	AFF4	c4
2.0282806309135e-19	0.134539220977104	0.816	0.743	6.80244757995771e-15	DRAP1	c4
2.08314465925037e-19	-0.301796571457391	0.611	0.615	6.98645055819389e-15	YWHAQ	c4
2.12645854774584e-19	-0.423916945888073	0.433	0.463	7.13171667743001e-15	HMGA1	c4
2.21655269242923e-19	-1.13716898550846	0.043	0.08	7.43387441986914e-15	EHD4	c4
2.22121986231656e-19	0.171751862544525	0.393	0.319	7.44952717423729e-15	PRDM1	c4
2.22814830411102e-19	0.186318498797167	0.686	0.615	7.47276378232755e-15	UBXN4	c4
2.24420424117774e-19	0.468063117681496	0.193	0.145	7.52661218406191e-15	DUSP10	c4
2.24841468895788e-19	-1.75592377243969	0.013	0.039	7.54073318382694e-15	CDCA8	c4
2.34149026495507e-19	-0.52721305196804	0.218	0.274	7.85289005060632e-15	BCL3	c4
2.36434572772077e-19	-0.112541035706644	0.996	0.993	7.92954270162992e-15	RPL41	c4
2.45875455789573e-19	-2.77012539482919	0.008	0.031	8.24617103627071e-15	TRBV4-1	c4
2.46857448603665e-19	-0.244751116879984	0.565	0.591	8.27910511126973e-15	ATP5PD	c4
2.51816311519959e-19	0.491546609094164	0.185	0.138	8.44541545575638e-15	DPP9	c4
2.6657255149202e-19	0.535887654685073	0.111	0.074	8.94031023193938e-15	TRIM65	c4
2.83892491618627e-19	1.02452637430113	0.032	0.015	9.52118638390552e-15	ANKRD34A	c4
3.01972062282972e-19	0.489551973224001	0.129	0.088	1.01275390248463e-14	ZNF141	c4
3.06607657783894e-19	2.2864628130694	0.01	0.002	1.02830076267562e-14	FAM30A	c4
3.21259834695156e-19	0.364627063822542	0.238	0.183	1.07744123360061e-14	CRTC3	c4
3.26606503830695e-19	0.293842110470128	0.357	0.294	1.09537289254739e-14	CD2BP2	c4
3.32676551410394e-19	0.620378920780274	0.113	0.076	1.11573061812018e-14	TRIB3	c4
3.42298142963726e-19	0.370960010970985	0.226	0.173	1.14799951187174e-14	TM9SF3	c4
3.4248561778015e-19	0.260311540423493	0.477	0.407	1.14862826491107e-14	RAB14	c4
3.46108731025012e-19	-0.409921990384652	0.336	0.385	1.16077946211169e-14	CDC42EP3	c4
3.469452799355e-19	0.757998258795823	0.06	0.034	1.16358507984768e-14	FRAT1	c4
4.15534517771715e-19	0.251142178568893	0.435	0.367	1.39361966570278e-14	RAB6A	c4
4.16308925859569e-19	0.487099620178615	0.17	0.125	1.39621687554782e-14	FO393401.1	c4
4.1968939098295e-19	0.218622602614009	0.503	0.423	1.40755427947862e-14	NUDC	c4
4.26147852855266e-19	-0.868141312221227	0.377	0.284	1.42921466890599e-14	EGR1	c4
5.00518868486447e-19	0.522821725368324	0.126	0.086	1.67864018112985e-14	NF1	c4
5.03257659199641e-19	0.185239457430766	0.647	0.568	1.68782553742375e-14	SRI	c4
5.07687693385503e-19	-6.43852394436714	0	0.017	1.7026829860763e-14	KIF20A	c4
5.40252366514236e-19	-2.69830177874612	0.008	0.03	1.81189838681544e-14	TRBV11-2	c4
5.42334207083392e-19	-0.169205697585144	0.995	0.987	1.81888046371628e-14	HSPA8	c4
5.4888040419058e-19	0.629457935960799	0.112	0.075	1.84083509957437e-14	ASNS	c4
5.64911610940001e-19	-1.2338156497841	0.011	0.035	1.89460056077057e-14	CHEK1	c4
5.7847655352015e-19	0.565275174067062	0.162	0.119	1.94009466519588e-14	EIF4EBP1	c4
5.83524560982935e-19	-6.61058717313167	0	0.017	1.95702467262457e-14	CLEC7A	c4
6.14586057856288e-19	1.3921045186266	0.022	0.008	2.06119872083842e-14	TRBV25-1	c4
6.30182487350993e-19	0.44702044323339	0.167	0.121	2.11350602607776e-14	TYSND1	c4
6.51351946006706e-19	0.145091318698832	0.758	0.697	2.18450415651729e-14	VAMP8	c4
7.03989171046193e-19	0.420753601875379	0.226	0.175	2.36103888185472e-14	SLC25A20	c4
7.20532575246318e-19	0.164345997152701	0.591	0.513	2.4165221508611e-14	TENT5C	c4
7.23296239979429e-19	0.283157069834234	0.355	0.289	2.42579092964301e-14	FBXL5	c4
7.39858499314886e-19	0.690418922316778	0.07	0.042	2.48133743500227e-14	ATN1	c4
7.74240016500867e-19	0.333333495100212	0.26	0.202	2.59664616734061e-14	UBL3	c4
7.98332833471713e-19	0.322321092624283	0.151	0.105	2.67744865689743e-14	ZNF10	c4
8.06567993380004e-19	0.737353108222491	0.079	0.049	2.70506773619786e-14	FNDC3B	c4
8.13450365189173e-19	2.33338591299699	0.011	0.003	2.72814983477145e-14	COPZ2	c4
8.34380732443557e-19	0.279061379158683	0.358	0.293	2.7983461004692e-14	NBDY	c4
8.41313505199959e-19	-1.07237922640384	0.081	0.123	2.82159723373962e-14	LTA	c4
8.59018986136622e-19	0.802347371439548	0.05	0.027	2.880977875705e-14	FADS3	c4
9.3778768506752e-19	0.291720779149155	0.367	0.303	3.14515233817945e-14	BBX	c4
9.57320652190454e-19	0.31743449282683	0.197	0.145	3.21066200331634e-14	CSKMT	c4
1.00006199372906e-18	0.33534559891126	0.299	0.242	3.35400791456853e-14	PLEKHB2	c4
1.02219184187496e-18	0.26399279544074	0.37	0.304	3.42822699928023e-14	HELZ	c4
1.02953644200777e-18	-2.97132297738301	0.007	0.028	3.45285931920567e-14	MDS2	c4
1.04740986361539e-18	0.29099739712821	0.335	0.27	3.5128032005933e-14	CALHM2	c4
1.09670164575315e-18	0.383401224350296	0.235	0.183	3.67811797952691e-14	HDAC10	c4
1.11374018883578e-18	2.08514636447772	0.012	0.003	3.73526184531743e-14	SLC16A14	c4
1.11405954677671e-18	0.348194606381182	0.282	0.223	3.73633290797974e-14	ANKRD37	c4
1.17743642863395e-18	0.343355965900152	0.344	0.286	3.94888629435253e-14	UBL7	c4
1.20462831330229e-18	0.414022114825068	0.148	0.104	4.04008243715322e-14	ZNF493	c4
1.23812317204067e-18	0.269646822253946	0.368	0.304	4.15241749438999e-14	LSM10	c4
1.24209946142404e-18	0.511200783633139	0.101	0.067	4.16575317372394e-14	TPM1	c4
1.25870606556131e-18	-0.962733738990476	0.075	0.117	4.22144840267952e-14	CD83	c4
1.26293560347886e-18	0.370674999990783	0.257	0.203	4.23563342694741e-14	EHMT1	c4
1.27600248995152e-18	0.820930312994987	0.042	0.021	4.2794571507994e-14	FER	c4
1.28268843853536e-18	0.205795195174032	0.579	0.509	4.3018804851599e-14	SCP2	c4
1.39823533212093e-18	1.42081834987791	0.022	0.009	4.68940165686718e-14	PIGZ	c4
1.42794211937105e-18	0.273718446896359	0.362	0.298	4.78903227994662e-14	CISD2	c4
1.43371091556941e-18	0.471833715326683	0.095	0.061	4.80837966863668e-14	RALGAPA2	c4
1.44969024789133e-18	-1.19046847826026	0.011	0.036	4.86197115337793e-14	SGO1	c4
1.50129917898422e-18	0.785173758839608	0.081	0.051	5.03505718647729e-14	SLC2A8	c4
1.52987543307284e-18	0.731240816100717	0.056	0.031	5.1308962274397e-14	ANO10	c4
1.60401111870358e-18	1.01925747487635	0.039	0.02	5.37953248990807e-14	NPL	c4
1.65374237253022e-18	0.588116482933522	0.11	0.074	5.54632116899187e-14	AC008124.1	c4
1.79916522097955e-18	0.637306536310866	0.104	0.07	6.03404031812121e-14	CDPF1	c4
1.80179533051273e-18	-0.952245631223452	0.037	0.071	6.0428611794736e-14	FAM69A	c4
1.81576509907593e-18	1.28300507193101	0.029	0.013	6.08971298928085e-14	WDR63	c4
1.82059028777527e-18	0.348408485365939	0.307	0.25	6.10589570714071e-14	ACADM	c4
1.83246013297521e-18	-3.03089124981387	0.007	0.029	6.14570479397227e-14	TRAV6	c4
1.90475180377241e-18	0.355124449975102	0.173	0.126	6.38815659949192e-14	ZNF160	c4
1.92031513822867e-18	0.3600417975737	0.275	0.22	6.4403529105913e-14	NCOA7	c4
1.96087032379629e-18	0.309354686674077	0.318	0.257	6.57636689194801e-14	IMP4	c4
2.01012875459101e-18	0.422649902265071	0.205	0.156	6.74156981714732e-14	MAP3K2	c4
2.06764093795535e-18	0.858628280485047	0.038	0.019	6.93445417771465e-14	LRFN1	c4
2.10789904350205e-18	0.384425176164334	0.249	0.196	7.06947181209716e-14	NCBP2-AS2	c4
2.14564468328971e-18	0.168373952459094	0.757	0.676	7.19606313881701e-14	DYNLL1	c4
2.38784632608545e-18	-3.71415819893539	0.003	0.022	8.00835900842538e-14	AC139720.1	c4
2.3892001070583e-18	-0.312085462634239	0.512	0.549	8.01289931905211e-14	PRMT2	c4
2.44842634147728e-18	0.322802127040035	0.285	0.228	8.2115322640465e-14	BIRC2	c4
2.65565985387756e-18	0.213394801702212	0.427	0.349	8.90655201793456e-14	PHF1	c4
2.73140519555992e-18	0.442097216461114	0.172	0.126	9.16058674486886e-14	FAM217B	c4
2.79495842279023e-18	0.266363343758652	0.397	0.333	9.37373155835387e-14	DCAF7	c4
2.82144212919299e-18	0.832314997394526	0.062	0.036	9.46255261288746e-14	MARS2	c4
2.87930651940096e-18	0.265619371758011	0.431	0.364	9.65661820476695e-14	EIF6	c4
2.88916544000001e-18	-1.1228864245977	0.036	0.069	9.68968305267203e-14	LY75	c4
2.8989332567216e-18	0.354565455910033	0.263	0.207	9.7224423563929e-14	USP33	c4
2.97016781233487e-18	0.289402369030893	0.368	0.305	9.96134880900868e-14	STARD7	c4
3.07660714140243e-18	-1.05615020957618	0.013	0.039	1.03183250308355e-13	CIP2A	c4
3.21301353725604e-18	0.730884160262853	0.11	0.075	1.07758048012493e-13	RRNAD1	c4
3.4834418800171e-18	0.439070082276909	0.209	0.161	1.16827673772014e-13	TBK1	c4
3.6490894293712e-18	-0.411395781908993	0.364	0.41	1.22383161282251e-13	CMTM7	c4
3.81707786698738e-18	2.2110045938663	0.01	0.003	1.28017157503023e-13	AL031056.1	c4
3.93276874945405e-18	-1.02749158679806	0.034	0.066	1.3189719831919e-13	CAMK1	c4
4.22151182761966e-18	0.344424056916306	0.308	0.252	1.41581063674708e-13	PIGT	c4
4.25669747709798e-18	0.213013985915133	0.563	0.491	1.42761119986912e-13	PPP1R12A	c4
4.36308673746886e-18	0.236768940551866	0.45	0.381	1.4632920300123e-13	UFM1	c4
4.38450446227751e-18	1.2418533743601	0.019	0.007	1.47047510655863e-13	PHETA1	c4
4.39183686718881e-18	0.390288753978869	0.208	0.159	1.47293424851778e-13	SGMS1	c4
4.39999074608936e-18	0.929233036724152	0.063	0.037	1.47566889642345e-13	NETO2	c4
4.48679073365837e-18	0.360413176803987	0.253	0.199	1.50477987625434e-13	DALRD3	c4
4.49920797510833e-18	-1.67409305453565	0.016	0.041	1.50894437069183e-13	SEC14L2	c4
4.50893274913683e-18	0.318494819979554	0.306	0.248	1.51220586540551e-13	USP47	c4
4.89620624268127e-18	0.87564983573918	0.037	0.018	1.64208964967045e-13	ARAP3	c4
4.9092060228825e-18	-3.23467087136288	0.011	0.035	1.64644951595433e-13	TRAV25	c4
4.96224821549541e-18	-3.63709001034129	0.002	0.021	1.66423880651285e-13	TRAV1-1	c4
5.05786789304868e-18	-0.195133149999229	0.765	0.767	1.69630773397067e-13	HIGD2A	c4
5.16029864202907e-18	0.701034736952686	0.072	0.044	1.73066095856371e-13	STX2	c4
5.2203189628793e-18	0.793824188531138	0.053	0.03	1.75079057377046e-13	GDF11	c4
5.29190549699832e-18	0.574136912093569	0.116	0.08	1.7747992655833e-13	MED14	c4
5.34437722713533e-18	-1.23658497217535	0.015	0.041	1.79239723443665e-13	NUF2	c4
5.89379414055875e-18	-3.36240535440751	0.002	0.02	1.97666067886059e-13	ADAM12	c4
5.89709875595366e-18	0.457657121573726	0.186	0.14	1.97776898077174e-13	LTV1	c4
6.00670744119924e-18	0.394068533653066	0.199	0.15	2.0145295416294e-13	RNF146	c4
6.27427720413476e-18	0.212928490097186	0.526	0.451	2.10426708872272e-13	CCT6A	c4
6.32972555604225e-18	-2.70312911947196	0.005	0.025	2.12286335698545e-13	LINC01215	c4
6.35218791292398e-18	-2.87834495668031	0.006	0.027	2.13039678223645e-13	FAM84B	c4
6.36434284534026e-18	0.462354612682378	0.16	0.117	2.13447330347022e-13	NUDT3	c4
6.41873718654078e-18	0.238213290297049	0.484	0.418	2.15271607762205e-13	PSMB8-AS1	c4
6.57886020165783e-18	1.4611680667823	0.028	0.012	2.206418134432e-13	SPIN4	c4
6.73387965425039e-18	1.66090031191831	0.016	0.006	2.2584085584425e-13	CELSR3	c4
6.88678480148518e-18	-3.1473666261726	0.001	0.018	2.3096898867221e-13	RAD54L	c4
7.05253296702836e-18	0.360499277620059	0.257	0.205	2.36527850648197e-13	NIPA2	c4
7.25780485951342e-18	-0.48485080762015	0.196	0.249	2.43412259378361e-13	SKA2	c4
7.28609931197862e-18	0.484930921068585	0.175	0.131	2.44361198725139e-13	CSNK1G3	c4
7.99950019143299e-18	1.21791507081391	0.026	0.011	2.6828723742028e-13	ARMCX2	c4
8.10748728997062e-18	1.25138834262919	0.03	0.014	2.71908908731035e-13	C1orf56	c4
8.37427026199646e-18	0.183358542757429	0.589	0.515	2.80856276046837e-13	TRIM22	c4
8.74363904887909e-18	-0.307733002483006	0.426	0.469	2.93244166421307e-13	SSR3	c4
8.77575353269375e-18	0.630291683176927	0.085	0.054	2.94321221979483e-13	TRMT12	c4
8.90663364514625e-18	-3.73103265278003	0.003	0.021	2.98710679190915e-13	ADGRE1	c4
9.33360902175088e-18	0.548507948773596	0.1	0.067	3.13030579371481e-13	ZNF260	c4
9.33767381886233e-18	0.18399444911573	0.73	0.687	3.13166904537005e-13	YPEL5	c4
9.54175377010708e-18	0.33620965373022	0.327	0.271	3.20011337941851e-13	NXT1	c4
9.63502487479117e-18	0.337738579313579	0.199	0.15	3.23139464250746e-13	PARP15	c4
9.82857959830023e-18	-0.835507987163971	0.035	0.067	3.29630902567793e-13	TRAV8-6	c4
9.8379868286947e-18	0.30925253077561	0.273	0.216	3.29946402260763e-13	TMX2	c4
1.02019761949095e-17	0.39397314051038	0.247	0.196	3.42153877624874e-13	NIT2	c4
1.02353646837056e-17	0.448643559312066	0.148	0.106	3.43273660762119e-13	DHRS1	c4
1.11395902523622e-17	0.207242817355077	0.254	0.198	3.73599577883725e-13	HIST1H1E	c4
1.15270638177387e-17	0.33302484095478	0.334	0.276	3.8659466631932e-13	RANGRF	c4
1.29807431399866e-17	-5.51592018295004	0.001	0.017	4.35348163428872e-13	EBI3	c4
1.37127458335201e-17	0.315989802868338	0.255	0.201	4.59898069764597e-13	DIDO1	c4
1.37186131960187e-17	0.346960121550869	0.242	0.188	4.60094849368075e-13	MAP2K4	c4
1.37495716751698e-17	0.355945814680117	0.274	0.22	4.61133134841845e-13	NARS	c4
1.41476891765095e-17	-2.53148194246856	0.008	0.029	4.74485199601776e-13	STAP1	c4
1.42764117573999e-17	0.508063794843488	0.168	0.125	4.78802297519676e-13	APEX2	c4
1.44378079973452e-17	0.255895600532857	0.408	0.344	4.84215204614964e-13	NAXE	c4
1.49510425112802e-17	0.430773654630091	0.196	0.149	5.01428063743317e-13	MCPH1	c4
1.55531169289823e-17	0.467356560357281	0.091	0.059	5.2162043556421e-13	HPGD	c4
1.56544815490417e-17	-4.16818916379659	0.002	0.018	5.2502000219176e-13	SMAD1	c4
1.62177701555118e-17	0.367395812734591	0.15	0.107	5.43911575475556e-13	SLC39A10	c4
1.69105925960988e-17	0.318266873971025	0.309	0.252	5.67147454487962e-13	APPL1	c4
1.69534952675288e-17	-0.540036049529342	0.167	0.218	5.68586324282382e-13	BTN3A3	c4
1.71198993473734e-17	0.301963058080279	0.33	0.27	5.7416718431221e-13	ERICH1	c4
1.75226862948668e-17	-2.02738579012226	0.03	0.06	5.87675852957241e-13	CSF2	c4
1.77230617759276e-17	1.30274985476248	0.037	0.019	5.94396045841061e-13	ANKRD9	c4
1.82150436880968e-17	1.06411975568421	0.031	0.014	6.10896135211391e-13	FOXP4	c4
1.85262088278701e-17	-3.50027340334679	0.002	0.02	6.21331991669106e-13	RAP1GAP2	c4
1.94969633928827e-17	0.374404837582779	0.205	0.156	6.53889158270498e-13	TMEM203	c4
1.95282149896409e-17	0.413525358919686	0.16	0.116	6.54937274322576e-13	ZNF880	c4
1.95663331272744e-17	1.30781320759136	0.023	0.009	6.56215680422529e-13	UBR5-AS1	c4
2.15229021869553e-17	0.181685983673551	0.515	0.448	7.21835093546107e-13	CMTM6	c4
2.16074823858241e-17	0.402267259080634	0.218	0.169	7.24671744255768e-13	UBE2Q2	c4
2.16727422346539e-17	0.331347357875449	0.213	0.164	7.26860429065821e-13	IGF2R	c4
2.22001559157555e-17	0.35477294810723	0.229	0.179	7.44548829102609e-13	DYM	c4
2.31648469073145e-17	0.269648335671068	0.407	0.344	7.76902635577514e-13	C19orf24	c4
2.34386955639352e-17	-0.723074924135254	0.225	0.275	7.86086971823259e-13	CMC1	c4
2.42697502491567e-17	0.223949900321136	0.301	0.24	8.13958883856218e-13	TRIB2	c4
2.43400054454155e-17	-0.202505010204454	0.719	0.727	8.16315102628345e-13	UBXN1	c4
2.452689991654e-17	1.26730982091593	0.037	0.019	8.22583169400917e-13	ARHGAP21	c4
2.50556674170004e-17	0.467223697635001	0.104	0.069	8.4031697383136e-13	SIK1B	c4
2.58736213234183e-17	-0.454187576141693	0.272	0.321	8.67749511944804e-13	ORAI1	c4
2.69120059942877e-17	-5.80846544183427	0	0.015	9.02574857036422e-13	KIF18B	c4
2.7140039366552e-17	0.629228383850865	0.102	0.069	9.1022264027542e-13	ZNF100	c4
3.06089431758048e-17	0.354071554714508	0.242	0.189	1.02656273623014e-12	WDR46	c4
3.0909746380798e-17	-2.024245001554	0.01	0.032	1.0366510741192e-12	ARHGAP31	c4
3.22364110667412e-17	0.489326656136343	0.147	0.107	1.08114475435636e-12	PXK	c4
3.27687273427488e-17	0.451444475166232	0.14	0.1	1.09899757762111e-12	SURF6	c4
3.30967986573379e-17	-1.32684352222665	0.016	0.042	1.1100004333698e-12	TRAV2	c4
3.31920563222658e-17	0.407619777166724	0.095	0.062	1.11319518493615e-12	SPON1	c4
3.41564056925697e-17	0.353123114410406	0.275	0.221	1.1455375341174e-12	TMEM14A	c4
3.42766543798462e-17	0.371214034671143	0.23	0.179	1.14957043459128e-12	FAM89B	c4
3.44757579897459e-17	-1.79630375776182	0.017	0.042	1.1562479714601e-12	TRBV6-5	c4
3.53402619659271e-17	-0.796753234835129	0.059	0.097	1.18524170581326e-12	SREBF1	c4
3.56366069832449e-17	-0.275940254305391	0.469	0.507	1.19518052500407e-12	SNRPF	c4
3.70111575895882e-17	0.271660770306426	0.395	0.332	1.24128020323961e-12	NGRN	c4
3.74626929415138e-17	-0.37593438717395	0.399	0.443	1.25642379587249e-12	RABGAP1L	c4
3.77814855954043e-17	-3.88652962595553	0.002	0.019	1.26711546389867e-12	LINC00891	c4
3.81301166655321e-17	1.19840717680396	0.024	0.01	1.27880785272862e-12	ABCA3	c4
3.82478660517602e-17	0.477430187098263	0.177	0.134	1.28275693164393e-12	PIGX	c4
3.88222661588957e-17	0.521421188391933	0.138	0.099	1.30202116243704e-12	BACH1	c4
3.88678972032282e-17	-0.11035691334271	0.998	0.991	1.30355153640187e-12	RPS5	c4
3.95247848855029e-17	-1.84024162708913	0.032	0.062	1.32558223549e-12	CENPF	c4
4.00018633118404e-17	0.787463840821449	0.045	0.025	1.3415824917525e-12	RRAS	c4
4.00724315771015e-17	0.272161059598462	0.362	0.3	1.34394921023283e-12	LAGE3	c4
4.11365635768356e-17	0.497234531513708	0.152	0.111	1.37963806923991e-12	DAPK3	c4
4.14415186736883e-17	0.374337406472879	0.197	0.149	1.38986565327816e-12	DLGAP1-AS1	c4
4.19191520259116e-17	-2.55296469796145	0.007	0.028	1.40588452064502e-12	PLXND1	c4
4.41698780614989e-17	-0.963095439355557	0.019	0.046	1.48136937042655e-12	ARHGAP11A	c4
4.57758815389739e-17	-0.172764564574045	0.855	0.837	1.53523151505411e-12	CAPZB	c4
4.62802472968467e-17	1.26613883608457	0.017	0.006	1.55214693384164e-12	ADCY9	c4
4.74616217613252e-17	-1.3846276272025	0.029	0.058	1.59176787063132e-12	IL23A	c4
4.77981655203991e-17	0.170067423095667	0.494	0.422	1.60305487522314e-12	CDK17	c4
4.83260312293811e-17	0.357044060773231	0.203	0.155	1.62075843537098e-12	AGO3	c4
4.85135668096404e-17	-1.07167557210451	0.038	0.07	1.62704800366172e-12	CPNE7	c4
4.85494956658588e-17	-0.664994143844163	0.113	0.158	1.62825298564157e-12	ATF7IP2	c4
4.90665415767118e-17	-1.09744347364534	0.008	0.03	1.64559367139976e-12	OIP5	c4
5.01354916423792e-17	0.320319260069473	0.233	0.18	1.68144411870211e-12	ZNF32	c4
5.0999629052987e-17	0.357470804516271	0.184	0.137	1.71042555917908e-12	VAT1	c4
5.22630022405482e-17	0.188529524756793	0.399	0.331	1.75279656914351e-12	PDE4D	c4
5.25193671542377e-17	0.193679163730132	0.544	0.476	1.76139453561883e-12	STRAP	c4
5.27430091975476e-17	-2.01526634739835	0.017	0.043	1.76889504246735e-12	FGL2	c4
5.31329075310314e-17	1.84091447508365	0.01	0.002	1.78197145277573e-12	ELN-AS1	c4
5.62953397173068e-17	-0.466142180701858	0.28	0.323	1.88803310343903e-12	RPA3	c4
5.69856949062085e-17	-6.69786011127085	0	0.015	1.91118623576442e-12	CCR8	c4
5.70047616087435e-17	0.270874161124542	0.318	0.259	1.91182569483404e-12	SLC25A38	c4
5.85687160952108e-17	0.699367610131632	0.082	0.053	1.96427760040118e-12	WDSUB1	c4
5.8690331051049e-17	0.242523358225392	0.368	0.305	1.96835632279008e-12	SRSF8	c4
6.16756278906733e-17	0.252395750317601	0.413	0.351	2.0684772081974e-12	BPTF	c4
6.49233670076718e-17	0.69532936193343	0.098	0.066	2.1773998827033e-12	CHRNB1	c4
6.57083270944543e-17	0.230479026594726	0.5	0.435	2.20372587409381e-12	NSMCE3	c4
6.59965064059632e-17	0.202809633093917	0.599	0.532	2.21339083184319e-12	MEAF6	c4
6.60748622067128e-17	-0.285554627832812	0.54	0.568	2.21601872868873e-12	M6PR	c4
6.65902800017322e-17	0.852664801936064	0.077	0.049	2.23330481069809e-12	PAQR4	c4
6.81859157121694e-17	0.315810569578736	0.199	0.151	2.28681924115474e-12	ZNF91	c4
6.89487183184317e-17	0.229744200576117	0.405	0.341	2.31240211496356e-12	PRRC2B	c4
6.99413648179234e-17	0.155363617967923	0.772	0.719	2.34569349326352e-12	SUN2	c4
7.05348865604549e-17	1.20491319228172	0.023	0.01	2.36559902546454e-12	KIAA1958	c4
7.39122922596219e-17	-0.465908773379049	0.293	0.336	2.4788704578032e-12	ANP32E	c4
7.43542368057634e-17	-0.233711816107212	0.614	0.643	2.49369239399169e-12	SMDT1	c4
8.05322347232921e-17	0.329147519322304	0.292	0.239	2.70089008814977e-12	MRPL36	c4
8.22902214776431e-17	1.05565817268756	0.02	0.008	2.75984944791719e-12	CNN3	c4
8.39643288738996e-17	-0.835674812214514	0.043	0.076	2.81599566177285e-12	TRAV19	c4
9.05030577917718e-17	1.44505809025889	0.021	0.009	3.03529155222044e-12	ATL1	c4
9.06477159493318e-17	-3.90062062248033	0.002	0.019	3.04014309750869e-12	MS4A1	c4
9.25706749047584e-17	0.394336552655777	0.218	0.17	3.10463529495579e-12	ING4	c4
9.26183678650684e-17	0.579495651896996	0.081	0.051	3.10623482145867e-12	PGBD2	c4
9.29422235707378e-17	0.790258528313461	0.048	0.027	3.11709629411541e-12	TUBB4A	c4
9.48822542499415e-17	0.358351170803188	0.203	0.155	3.18216104303454e-12	ZNF585A	c4
9.55018106081019e-17	-1.01884388087775	0.036	0.067	3.20293972417452e-12	IDE	c4
9.74392121497285e-17	-2.17900891641892	0.002	0.018	3.2679162970776e-12	POLQ	c4
9.92877948699523e-17	-0.718493921139067	0.053	0.089	3.32991406434846e-12	CPPED1	c4
9.92896641628897e-17	0.535326173967514	0.103	0.069	3.32997675669499e-12	CCDC159	c4
9.94140278494686e-17	0.713929266506301	0.072	0.045	3.33414766601548e-12	MAP3K14-AS1	c4
1.00122155180632e-16	-4.08233671174005	0.002	0.018	3.35789684044802e-12	IL1R2	c4
1.02247042258449e-16	-0.569415384563299	0.242	0.288	3.42916130326387e-12	PHTF2	c4
1.05029028598954e-16	-1.55046205567072	0.005	0.024	3.52246356115173e-12	STIL	c4
1.05148230401773e-16	0.115099223457507	0.805	0.73	3.52646135121466e-12	WIPF1	c4
1.0785751167991e-16	0.497565505750959	0.143	0.104	3.61732522672082e-12	AUH	c4
1.08850695671359e-16	0.663265845969653	0.086	0.056	3.65063463142604e-12	SLAMF8	c4
1.12597973865237e-16	0.553710038023545	0.148	0.109	3.77631084749233e-12	HMGCS1	c4
1.12684329961742e-16	0.315434242358728	0.248	0.195	3.77920705825689e-12	JADE1	c4
1.13249149780563e-16	0.323718882608403	0.207	0.159	3.79814998534053e-12	DNAJB2	c4
1.13354092565791e-16	0.554291448451088	0.057	0.033	3.80166955647149e-12	NPIPB4	c4
1.14247591054515e-16	0.194601582382968	0.549	0.482	3.83163570878634e-12	SRRM2	c4
1.17192765186869e-16	0.340402646706091	0.176	0.13	3.9304109588372e-12	CRELD1	c4
1.1819083377028e-16	0.369894196485089	0.197	0.15	3.96388418298765e-12	OCEL1	c4
1.20402749409721e-16	0.728251582605811	0.038	0.019	4.03806740970323e-12	LINC01480	c4
1.21868633719919e-16	-0.297066044799714	0.435	0.48	4.08723023769866e-12	NDUFB1	c4
1.22187717242444e-16	0.363982236780966	0.195	0.148	4.0979316608771e-12	BAG5	c4
1.23603453166026e-16	0.360254481120963	0.269	0.217	4.14541261228219e-12	PANK2	c4
1.23843046492599e-16	-2.96769988806429	0.008	0.028	4.15344809326878e-12	IL17A	c4
1.2923232115108e-16	0.503359826172944	0.119	0.083	4.33419358676491e-12	C11orf24	c4
1.32166509600985e-16	0.79259049808586	0.048	0.026	4.43260039899782e-12	TMEM150A	c4
1.36407416380643e-16	-2.72371422615025	0.006	0.025	4.57483193057399e-12	HRH2	c4
1.37844571027231e-16	-1.37128547235077	0.022	0.048	4.62303122311126e-12	LINC00239	c4
1.40883532778546e-16	0.378598157623962	0.21	0.163	4.72495192232688e-12	MARK2	c4
1.54748775721242e-16	0.686032095329826	0.065	0.04	5.189964440139e-12	ABHD6	c4
1.56830635475435e-16	0.780333347655619	0.045	0.025	5.25978585257514e-12	ZNF528	c4
1.59130405674761e-16	0.697673305241786	0.048	0.027	5.33691554552013e-12	SERPINI1	c4
1.60392330659953e-16	0.612948990719422	0.077	0.048	5.37923798567349e-12	GNAQ	c4
1.63265360036054e-16	0.180124213744171	0.526	0.456	5.47559364488917e-12	PNN	c4
1.72732652110915e-16	0.420377385419241	0.199	0.155	5.79310768649586e-12	BTBD1	c4
1.7409176268686e-16	-0.395533750793962	0.337	0.384	5.8386895369919e-12	HIF1A	c4
1.74971444362833e-16	0.450054348661903	0.145	0.106	5.8681923010407e-12	FBXL12	c4
1.75559331951054e-16	0.21156975614935	0.601	0.531	5.88790887497443e-12	ROMO1	c4
1.85242065932951e-16	-4.00551332670803	0.002	0.019	6.2126484072593e-12	CDHR3	c4
1.93927187993844e-16	-2.83965134370061	0.004	0.021	6.50393003093754e-12	RAB38	c4
1.98787084363828e-16	-3.36351063159614	0.005	0.024	6.66692123539407e-12	TGFBI	c4
2.00061446565407e-16	0.200114476884575	0.533	0.463	6.70966079491061e-12	EIF3A	c4
2.02441718311744e-16	-1.22347179023919	0.01	0.032	6.78949034873929e-12	ECT2	c4
2.03496264140235e-16	-2.61087024627391	0.01	0.03	6.8248577067352e-12	SLC4A10	c4
2.14831076234866e-16	-2.79842339028353	0.005	0.024	7.20500463476492e-12	AC133644.2	c4
2.19153748876703e-16	-2.68277303047889	0.006	0.024	7.34997842982686e-12	CEACAM1	c4
2.2614419436939e-16	0.435935114407404	0.156	0.115	7.5844239907606e-12	KBTBD2	c4
2.26540614440007e-16	-3.25573261271726	0.003	0.02	7.59771912708895e-12	MPZL2	c4
2.38134206083726e-16	-4.15875006733605	0.001	0.017	7.986545003636e-12	MEOX1	c4
2.41156630038312e-16	-0.457487753216186	0.266	0.312	8.08791105822492e-12	GALM	c4
2.44358135461501e-16	-0.490058802318249	0.171	0.221	8.19528314710783e-12	APOL3	c4
2.57896598399214e-16	0.847878809608173	0.065	0.04	8.64933611711284e-12	SLC2A13	c4
2.62395457580528e-16	0.307514355056495	0.275	0.221	8.80021885633576e-12	NGLY1	c4
2.66902534533323e-16	-0.371688736577425	0.378	0.422	8.95137720317859e-12	SEC11C	c4
2.70331203789405e-16	0.725832924068877	0.062	0.038	9.06636791268905e-12	SLCO3A1	c4
2.71146601207167e-16	0.404996246756125	0.171	0.129	9.09371471128598e-12	C6orf47	c4
3.03589899675933e-16	0.378045974751362	0.183	0.138	1.01817980553315e-11	GRWD1	c4
3.1591342299552e-16	-5.52928885951128	0	0.015	1.05951043804238e-11	HIST1H3G	c4
3.20198188641984e-16	0.292811550004368	0.295	0.241	1.07388068506749e-11	TRIM27	c4
3.36262465798959e-16	0.262156899965013	0.362	0.302	1.12775705779655e-11	RPL7L1	c4
3.37800456008462e-16	0.841778028194307	0.041	0.022	1.13291516936118e-11	PER2	c4
3.43034459561124e-16	0.189636487705161	0.504	0.434	1.1504689704761e-11	C4orf48	c4
3.49247645036369e-16	0.502868869511437	0.119	0.084	1.17130675192297e-11	TBL1X	c4
3.49344207730146e-16	0.367320987102919	0.234	0.186	1.17163060388536e-11	PPP6R2	c4
3.66746570597775e-16	0.614497470132795	0.082	0.053	1.22999464847082e-11	STK32C	c4
3.74107678537427e-16	-0.573381643704818	0.148	0.195	1.25468233227882e-11	TMEM263	c4
3.85869994435738e-16	0.216962655868136	0.445	0.38	1.29413078733858e-11	RPP21	c4
3.86341100340169e-16	-2.8882352138099	0.003	0.019	1.29571078232086e-11	RGS9	c4
3.9231679406991e-16	-0.446766223061491	0.207	0.258	1.31575206395166e-11	NDE1	c4
3.96568802146285e-16	0.185424587523907	0.541	0.469	1.33001244863821e-11	POLR3GL	c4
4.006456364708e-16	-1.06705807169191	0.02	0.046	1.34368533559577e-11	NCAPH	c4
4.24166339010301e-16	0.130701508168577	0.829	0.765	1.42256906777275e-11	ATP5F1D	c4
4.3118309405624e-16	0.326752956880088	0.283	0.231	1.44610186084582e-11	UCHL5	c4
4.36912603439963e-16	0.414734634356407	0.132	0.094	1.46531748941695e-11	VWA8	c4
4.42701559209701e-16	-2.70650369749218	0.011	0.032	1.48473248927749e-11	COLQ	c4
4.58108125166848e-16	-0.103111884713454	0.999	0.996	1.53640303018457e-11	RPS6	c4
4.64637329241834e-16	-0.998853449934702	0.039	0.07	1.55830067481126e-11	OAS3	c4
4.65270119772313e-16	-2.31144613899159	0.007	0.027	1.56042292769238e-11	IKZF4	c4
4.8743421617886e-16	0.191766917515918	0.497	0.427	1.63475687422066e-11	DSTN	c4
4.9365811404983e-16	0.367586020438217	0.248	0.198	1.65563058290032e-11	NT5DC1	c4
5.16251052265568e-16	-0.582267290479154	0.142	0.187	1.73140277908826e-11	PTTG1IP	c4
5.38063786479945e-16	0.782387185284885	0.051	0.029	1.80455832709644e-11	TOR4A	c4
5.56156112031075e-16	-1.62440987388257	0.025	0.052	1.86523636852982e-11	TPX2	c4
5.62444285428256e-16	0.249947402259746	0.386	0.327	1.88632564446928e-11	NDUFAF8	c4
5.83851373618748e-16	-0.295936963918118	0.545	0.571	1.95812073684256e-11	TMEM123	c4
5.86526827438623e-16	-0.359758553715112	0.483	0.51	1.96709367386365e-11	PLP2	c4
5.97012554192357e-16	0.342804498767868	0.216	0.168	2.00226070425033e-11	RLF	c4
6.18070871825403e-16	0.428576406127263	0.145	0.106	2.07288608992804e-11	UNK	c4
6.48716913909582e-16	0.833937016142477	0.072	0.046	2.17566678586995e-11	AC016065.1	c4
6.84632490546918e-16	0.866411406853005	0.032	0.015	2.29612044679625e-11	BMP1	c4
7.18157037429455e-16	0.293200518866557	0.271	0.218	2.40855507213091e-11	RC3H1	c4
7.21281327907894e-16	-4.15240916484338	0.002	0.017	2.4190333175375e-11	AC012368.1	c4
7.21512928875053e-16	1.38351051878607	0.024	0.011	2.41981006086115e-11	REEP2	c4
7.69324820219155e-16	-0.325697444909646	0.188	0.139	2.580161582051e-11	CCL3	c4
7.98743002458976e-16	0.393754644387713	0.131	0.093	2.67882428164691e-11	ZBTB4	c4
8.50519400760557e-16	-2.22943629782795	0.007	0.026	2.85247196627076e-11	FXYD2	c4
8.5970271768308e-16	-2.69653447193066	0.002	0.017	2.88327097456551e-11	NEK2	c4
8.95152413244538e-16	0.621608185572095	0.064	0.039	3.00216216353953e-11	ZDHHC2	c4
8.97991979288916e-16	0.573706965940147	0.092	0.061	3.01168550013917e-11	SEMA7A	c4
9.75622060902464e-16	-1.41018160884475	0.027	0.054	3.27204126785469e-11	LINC00243	c4
1.04923975360838e-15	1.26655782381551	0.032	0.016	3.51894028565179e-11	PPARGC1B	c4
1.10858597691188e-15	0.264044862460222	0.347	0.289	3.71797564936706e-11	GOPC	c4
1.11317670268558e-15	0.914969364806161	0.03	0.015	3.73337202546691e-11	DTWD2	c4
1.11770436838623e-15	0.195016877434301	0.556	0.493	3.74855691069375e-11	PAPOLA	c4
1.1389518528986e-15	-1.14571274166366	0.005	0.023	3.81981672425132e-11	SKA1	c4
1.15046980057555e-15	0.176707043995628	0.498	0.429	3.85844561717029e-11	RTN4	c4
1.20130302587616e-15	1.84532322169014	0.01	0.003	4.02893008818346e-11	TSPAN33	c4
1.23973903214763e-15	-1.81539091496852	0.006	0.025	4.15783676601672e-11	SOX4	c4
1.24317522677462e-15	0.197647859788164	0.494	0.423	4.16936107555672e-11	MIEN1	c4
1.27989016598862e-15	0.830241691941485	0.081	0.053	4.29249563869262e-11	STARD4	c4
1.29277458542861e-15	0.920491926189929	0.024	0.011	4.33570740461046e-11	CALY	c4
1.33188967983875e-15	0.597461064824247	0.099	0.068	4.4668916082432e-11	SLC35F5	c4
1.36057839283333e-15	-3.18766229068935	0.006	0.024	4.56310781388443e-11	TRAV10	c4
1.37956472214401e-15	0.317607599060245	0.198	0.152	4.62678416512659e-11	FOXO3	c4
1.38397590600536e-15	0.216718806827153	0.522	0.451	4.64157839356079e-11	POLR2G	c4
1.38788588584272e-15	0.240339595615991	0.417	0.358	4.6546916839393e-11	TINF2	c4
1.40351646010361e-15	0.251896288292341	0.391	0.331	4.7071135038955e-11	EPS15	c4
1.40932943560082e-15	-3.43336664245053	0.004	0.02	4.72660906111804e-11	HLF	c4
1.4361756611767e-15	-1.59224688959805	0.011	0.031	4.81664593245442e-11	MXD3	c4
1.43691148053358e-15	0.533858140520749	0.064	0.039	4.81911372341353e-11	SPEF2	c4
1.44310207156962e-15	0.332952164725605	0.237	0.189	4.83987572763019e-11	KRI1	c4
1.49440660095279e-15	0.634513449878006	0.047	0.027	5.01194085827546e-11	CCDC141	c4
1.51182207663816e-15	0.599439209406714	0.065	0.04	5.07034888062905e-11	ZNF626	c4
1.55822951313924e-15	0.283675420410783	0.278	0.224	5.22599014116637e-11	C15orf61	c4
1.58152097814906e-15	0.19407435634385	0.474	0.402	5.30410505651632e-11	C11orf98	c4
1.62385222916956e-15	-2.96769117904142	0.003	0.019	5.44607560618889e-11	LINC02384	c4
1.63083592388253e-15	-0.671184787729616	0.11	0.152	5.46949752151723e-11	PDE4DIP	c4
1.72342475429597e-15	-1.00156305557809	0.024	0.05	5.78002194095783e-11	TRAV12-3	c4
1.80769666032905e-15	0.94512078470229	0.037	0.019	6.06265305941155e-11	DPY19L1	c4
1.80799008161186e-15	0.240343609110436	0.3	0.242	6.06363713570986e-11	TMEM43	c4
1.86159174908531e-15	0.376083497154897	0.142	0.102	6.24340640808232e-11	LPAR5	c4
1.86426788465624e-15	-0.669741168402875	0.071	0.108	6.2523816315601e-11	MOV10	c4
1.91524668687605e-15	0.590898886901982	0.071	0.045	6.4233543384449e-11	FN3K	c4
1.95104426351325e-15	0.916491358204192	0.026	0.012	6.54341225097075e-11	FGD2	c4
1.96680447704253e-15	0.237380386855018	0.396	0.333	6.59626885510523e-11	AKR1B1	c4
2.06623855378837e-15	-4.55305379706362	0.001	0.016	6.92975086169545e-11	RNASE6	c4
2.087384823198e-15	0.24245534215974	0.384	0.326	7.00067122004144e-11	WAPL	c4
2.17260746430809e-15	-0.28341115632323	0.491	0.522	7.28649091379647e-11	HNRNPUL1	c4
2.17658519908986e-15	-4.82808568018025	0.001	0.015	7.29983144070757e-11	LINC01281	c4
2.2244293685825e-15	-2.12001545338336	0.009	0.029	7.46029121635199e-11	NUAK2	c4
2.25165174172713e-15	0.334345827298209	0.198	0.153	7.55158961140444e-11	MTR	c4
2.28193683452664e-15	1.37089655762537	0.023	0.01	7.65315975563543e-11	AQP11	c4
2.32774597132609e-15	-0.346128766464716	0.351	0.395	7.80679443863345e-11	SUPT4H1	c4
2.52326307289216e-15	0.902695282441377	0.036	0.019	8.46251969386572e-11	FCRLB	c4
2.53497821373938e-15	-3.61945071146525	0.002	0.017	8.50180993323913e-11	ASCL2	c4
2.56067526242482e-15	0.333225355342323	0.185	0.14	8.58799269512037e-11	DENND4A	c4
2.56213790926032e-15	0.207862575665447	0.472	0.407	8.59289812007725e-11	NRBP1	c4
2.58696343575941e-15	0.298648339079133	0.337	0.284	8.6761579708499e-11	RECQL	c4
2.64285240804327e-15	0.502303866118007	0.098	0.066	8.86359840609552e-11	CDK8	c4
2.6604307139374e-15	-0.66961536119639	0.08	0.118	8.92255252840324e-11	NPC1	c4
2.66112107825798e-15	-0.968471605617089	0.04	0.071	8.92486787226161e-11	IQSEC1	c4
2.66772613199323e-15	0.204362739688197	0.446	0.382	8.94701990147888e-11	MAT2A	c4
2.83697004971198e-15	0.421542119169768	0.16	0.12	9.51463015272404e-11	OXR1	c4
2.83977397102407e-15	0.181940828432715	0.359	0.294	9.52403394402053e-11	GOLGA8B	c4
3.088040475194e-15	-1.31862047141527	0.01	0.03	1.03566701457056e-10	HIST1H2BH	c4
3.17359076640036e-15	0.979414637072693	0.039	0.021	1.06435887123535e-10	IQCH-AS1	c4
3.28695977739465e-15	1.25872813156301	0.019	0.007	1.10238057014262e-10	CA13	c4
3.36516662615246e-15	-0.937026244662401	0.038	0.068	1.12860958307901e-10	GRPEL2	c4
3.39190919831835e-15	0.359585047767963	0.251	0.204	1.13757850693201e-10	ETF1	c4
3.46425185720695e-15	-2.53800153107307	0.007	0.026	1.16184078787007e-10	CCDC112	c4
3.55623372700857e-15	-0.464092430552835	0.174	0.22	1.19268966736414e-10	KIAA0040	c4
3.5830690087811e-15	-0.100564968605157	0.987	0.979	1.20168968416501e-10	EEF2	c4
3.74792234720343e-15	0.369746090930262	0.287	0.238	1.25697819680509e-10	DNAJB11	c4
3.75112870454778e-15	0.277903364362962	0.307	0.254	1.25805354493123e-10	RNF13	c4
3.75444370052375e-15	0.330527909023992	0.209	0.164	1.25916532828166e-10	DTX2	c4
3.89075080759039e-15	0.414691066157887	0.169	0.129	1.30488000584966e-10	SLC43A3	c4
3.92806689632337e-15	-0.644631636407913	0.133	0.174	1.31739507568893e-10	STMN3	c4
3.98482330516123e-15	-0.401060226694542	0.756	0.763	1.33643004008497e-10	DUSP2	c4
4.33636697202041e-15	-2.73044947011903	0.003	0.02	1.4543307550762e-10	TSPAN2	c4
4.34231608471524e-15	0.407315009360548	0.188	0.147	1.4563259684918e-10	DNAJC21	c4
4.35456306790038e-15	0.340486024788635	0.165	0.123	1.46043336171243e-10	CRYZ	c4
4.46502413458015e-15	-0.646646961317129	0.065	0.102	1.49747979425549e-10	NSD2	c4
4.47283760881125e-15	-0.836540909669937	0.045	0.077	1.50010027724312e-10	GATD3A	c4
4.70688154889731e-15	-0.230039094713617	0.578	0.607	1.57859393386918e-10	NSA2	c4
4.98996245335971e-15	-0.935078178746053	0.046	0.077	1.67353360760778e-10	TCAF2	c4
5.14419894500788e-15	-1.99609218563306	0.013	0.034	1.72526144217674e-10	AC005842.1	c4
5.1760525814812e-15	0.364418539736723	0.235	0.188	1.73594451477717e-10	TSR3	c4
5.21714543920362e-15	1.6268528550393	0.014	0.005	1.74972623740011e-10	MANEAL	c4
5.22079230008527e-15	-1.83612439478908	0.005	0.023	1.7509493216026e-10	HIST1H2AL	c4
5.291244224601e-15	1.50556893559299	0.016	0.006	1.77457748804668e-10	FMO5	c4
5.53621094706756e-15	-0.318368508391832	0.448	0.489	1.85673442742752e-10	TMC8	c4
5.57253214404596e-15	-4.47222174779606	0.001	0.014	1.86891583047013e-10	IL7	c4
5.63345110602122e-15	0.916016983897218	0.04	0.022	1.8893468319374e-10	AC106791.1	c4
5.80241197631911e-15	0.115516797912165	0.761	0.705	1.9460129286179e-10	STK4	c4
5.8060770365237e-15	0.180441438589112	0.542	0.475	1.94724211650932e-10	CSNK1A1	c4
5.95178674640481e-15	-3.20252571704594	0.007	0.025	1.99611023900924e-10	TRBV29-1	c4
5.97361332655092e-15	0.521040167365077	0.147	0.111	2.00343043745865e-10	UBE2M	c4
6.06291596522502e-15	0.361589182084585	0.158	0.118	2.03338075641717e-10	ZMAT3	c4
6.19998857230301e-15	0.357277296376119	0.203	0.159	2.07935216737898e-10	GOLGA2	c4
6.20142479243681e-15	0.415298515118041	0.151	0.112	2.07983384688746e-10	ADNP	c4
6.55525693461102e-15	-0.465904736166755	0.173	0.22	2.19850207072984e-10	MAD1L1	c4
6.56724540169792e-15	0.912407979088954	0.027	0.013	2.20252276282145e-10	SLC16A11	c4
6.77228220477025e-15	1.66451982330629	0.012	0.004	2.27128800583585e-10	MMP15	c4
7.05745688652372e-15	-4.08923057277939	0.002	0.016	2.36692989060232e-10	IL1R1	c4
7.35958552535411e-15	-0.833844506376114	0.069	0.104	2.46825779349326e-10	PAM	c4
7.78571014873232e-15	0.391113238842026	0.116	0.082	2.61117146968185e-10	PRKAG2	c4
7.80606540401768e-15	0.491766453750811	0.12	0.086	2.61799821519945e-10	IPO8	c4
7.81046700105055e-15	0.895615438079667	0.064	0.04	2.61947442281233e-10	SLC31A1	c4
7.95402050001383e-15	-0.444050225899186	0.242	0.288	2.66761939529464e-10	PMVK	c4
8.02291471652941e-15	0.64787241766798	0.059	0.036	2.69072513762963e-10	SOCS5	c4
8.07492979491781e-15	-0.347848732757415	0.368	0.411	2.70816995461954e-10	MYCBP2	c4
8.20913020122064e-15	-1.10794747470172	0.006	0.024	2.75317808688538e-10	DSCC1	c4
8.21942781516422e-15	0.274601226661073	0.305	0.251	2.75663170064978e-10	EML3	c4
8.36503764169002e-15	-4.17546722714677	0.001	0.014	2.80546632427e-10	GNG4	c4
8.38957787987214e-15	0.773295850796013	0.047	0.027	2.81369662935152e-10	ANKEF1	c4
8.62716127736536e-15	0.165525351343557	0.602	0.544	2.89337734920279e-10	CMTM3	c4
8.63130984391044e-15	0.359166625261051	0.18	0.138	2.89476869545068e-10	ITPR2	c4
8.81275491843296e-15	-2.81806508214861	0.004	0.02	2.95562174454405e-10	PLEKHG3	c4
8.95320861232787e-15	0.45627292379253	0.163	0.124	3.00272710440252e-10	SLC39A6	c4
9.0142990882116e-15	-0.886525731950159	0.02	0.044	3.0232156282044e-10	SPDL1	c4
9.24986803889803e-15	0.417781523289558	0.203	0.162	3.10222074288562e-10	MPHOSPH9	c4
9.75364920747078e-15	0.335646771720932	0.226	0.18	3.27117887120155e-10	AGAP2	c4
1.02237479751878e-14	0.2501664534965	0.416	0.36	3.42884059591847e-10	ACADVL	c4
1.03772413647204e-14	-3.45655016505097	0.002	0.016	3.48031920889992e-10	XXYLT1-AS2	c4
1.05221999988266e-14	0.254316724882728	0.387	0.331	3.52893543560647e-10	TMF1	c4
1.05894578159351e-14	0.232787691209473	0.397	0.336	3.5514923623083e-10	RAD23B	c4
1.08649589198188e-14	-0.781230568415459	0.121	0.16	3.64388992252884e-10	CMTM8	c4
1.09248794570098e-14	0.454010716971482	0.11	0.077	3.66398607229195e-10	GPHN	c4
1.10096919255686e-14	0.172982863168352	0.515	0.441	3.69243047799719e-10	ADRM1	c4
1.10565324211377e-14	1.65233319327151	0.012	0.004	3.70813984340117e-10	DYSF	c4
1.14468033929441e-14	-2.72817469591899	0.003	0.019	3.8390289219256e-10	HIST1H3C	c4
1.16498731065908e-14	-0.311124713505965	0.371	0.417	3.90713444248842e-10	KIF2A	c4
1.16776680409523e-14	0.252658400735533	0.36	0.306	3.91645630757458e-10	MOB3A	c4
1.18114264311743e-14	0.204982446269281	0.446	0.382	3.96131619648724e-10	ATP5MC1	c4
1.18303425812816e-14	0.274587434702301	0.331	0.277	3.96766029491022e-10	BAG1	c4
1.20885974292738e-14	-1.066438737456	0.016	0.039	4.05427380582984e-10	ZBTB32	c4
1.22359938264864e-14	0.487599799480408	0.154	0.117	4.10370760952701e-10	IVD	c4
1.24258022095308e-14	0.556365578598771	0.097	0.067	4.16736554503244e-10	GHDC	c4
1.24819490333698e-14	0.278020781668561	0.336	0.283	4.18619606681157e-10	NUDT22	c4
1.24955141885665e-14	0.559890918000125	0.102	0.072	4.19074554856143e-10	ZNF490	c4
1.26308923526697e-14	0.249180621578336	0.383	0.326	4.23614867723835e-10	TROVE2	c4
1.28073940950941e-14	-2.52570428853205	0.006	0.023	4.29534383161268e-10	PRDM8	c4
1.29124096293442e-14	0.62448951147423	0.065	0.041	4.33056394148946e-10	TCEAL1	c4
1.29361518525077e-14	0.806735761748962	0.068	0.044	4.33852660829402e-10	DVL3	c4
1.31463218534118e-14	-0.412840572116901	0.247	0.293	4.40901342319725e-10	MTERF4	c4
1.3416132599115e-14	0.59033400484665	0.084	0.056	4.49950255109119e-10	ZNF354A	c4
1.34315811696371e-14	-0.63705131689197	0.138	0.179	4.5046836926729e-10	LMNB1	c4
1.37518287551251e-14	0.41937445260647	0.191	0.151	4.61208832789387e-10	VPS16	c4
1.38726885864054e-14	0.276677759630254	0.259	0.21	4.65262229810865e-10	MIDN	c4
1.41272281962332e-14	-1.87730618794626	0.002	0.016	4.7379897924527e-10	FAM72B	c4
1.41798259644451e-14	0.839185097841661	0.037	0.02	4.75563003195561e-10	AC020928.1	c4
1.43404063583384e-14	0.395551211256086	0.152	0.114	4.80948548445954e-10	NR2C2	c4
1.5728341514337e-14	0.888163356543197	0.034	0.018	5.27497117707834e-10	LACC1	c4
1.60744260932272e-14	0.294664393711574	0.338	0.286	5.39104102314653e-10	KRCC1	c4
1.61154419544131e-14	0.8573488759895	0.031	0.016	5.40479692267106e-10	ITGA3	c4
1.62484531147575e-14	0.42304022484442	0.141	0.104	5.44940620562736e-10	ARID3B	c4
1.64989520677991e-14	-0.627937745718567	0.091	0.129	5.53341854449846e-10	RASSF2	c4
1.65869655439508e-14	0.432008217132173	0.158	0.12	5.56293650413023e-10	ANKRD27	c4
1.686580297906e-14	-2.25938492221658	0.002	0.016	5.65645300311715e-10	APOBEC3B	c4
1.68804029749828e-14	-0.229738068115249	0.682	0.689	5.66134954974973e-10	EZR	c4
1.72908416749067e-14	-0.393139995938844	0.201	0.249	5.79900248093019e-10	COA6	c4
1.73438529966848e-14	-3.48557371345574	0.001	0.015	5.81678141802814e-10	ANKS1B	c4
1.74946028655879e-14	0.783173603089975	0.041	0.022	5.86733990906088e-10	CPEB3	c4
1.75019959820355e-14	0.377335400342829	0.17	0.13	5.86981941245507e-10	VPS41	c4
1.76012413647088e-14	1.25101977111106	0.019	0.008	5.90310432889603e-10	TFR2	c4
1.77048111994202e-14	0.22690912606831	0.449	0.391	5.93783958006155e-10	SHKBP1	c4
1.77095207209846e-14	0.346053421300447	0.175	0.134	5.93941905940383e-10	MAN1A1	c4
1.78265063887278e-14	0.472378434636823	0.106	0.075	5.97865371265154e-10	NOTCH1	c4
1.78668339932565e-14	-0.248314842065671	0.334	0.257	5.99217878465836e-10	CD38	c4
1.79018592306031e-14	0.373672500571737	0.206	0.163	6.00392554875966e-10	TMEM138	c4
1.79841679631576e-14	-3.15280022996964	0.005	0.021	6.0315302514838e-10	TRBV6-6	c4
1.8079980700999e-14	1.76385972866373	0.016	0.006	6.06366392750105e-10	TMEM44	c4
1.89254238983637e-14	0.178274645698877	0.573	0.507	6.3472086670332e-10	PDCD6	c4
1.92878959589164e-14	0.715252248502741	0.089	0.061	6.46877454670137e-10	PPCDC	c4
1.93247227742057e-14	-1.68170908243179	0.022	0.046	6.4811255240131e-10	TRBV6-2	c4
1.9771985068113e-14	-0.398731351283783	0.32	0.367	6.63112835214372e-10	BIRC3	c4
2.02913012269077e-14	0.206068607896979	0.465	0.399	6.8052966054803e-10	NDUFB6	c4
2.03674357432606e-14	-0.69464923926845	0.038	0.067	6.83083059957474e-10	CENPN	c4
2.07546486412339e-14	0.232691817513143	0.304	0.251	6.96069406129701e-10	CHD4	c4
2.10679710450532e-14	0.603794332610359	0.077	0.05	7.06577612908993e-10	MYO1C	c4
2.17251490742385e-14	0.236814396255785	0.426	0.371	7.28618049651809e-10	CNOT2	c4
2.27354524278989e-14	-0.279656779931605	0.448	0.474	7.62501603526872e-10	NDUFA2	c4
2.3483937889287e-14	-0.50555303143566	0.671	0.671	7.87604308930907e-10	SAT1	c4
2.36406202897718e-14	0.544494685351882	0.082	0.055	7.92859123278365e-10	LLGL2	c4
2.48494600739239e-14	0.214816546853195	0.327	0.27	8.3340119195926e-10	MAPKAPK3	c4
2.52719225661342e-14	-0.688538726959641	0.068	0.103	8.47569739023008e-10	CARD8-AS1	c4
2.55102168502835e-14	0.315836708320031	0.194	0.15	8.55561652724808e-10	SPTLC2	c4
2.56210604484751e-14	0.360945527698943	0.211	0.168	8.59279125320959e-10	AP3M1	c4
2.5745779824778e-14	0.327083694707727	0.226	0.181	8.63461963763405e-10	MPPE1	c4
2.58278885270755e-14	-1.18083165003553	0.031	0.058	8.66215725421059e-10	CHST7	c4
2.61010079523296e-14	0.922467661704782	0.025	0.012	8.75375604705231e-10	MUC12	c4
2.68341344569019e-14	1.10394854055782	0.018	0.008	8.99963201415577e-10	FCGBP	c4
2.69078927822945e-14	0.655563312054658	0.054	0.033	9.02436908132593e-10	AK9	c4
2.7447964659346e-14	0.315674689997138	0.157	0.118	9.20549838745148e-10	ZNF84	c4
2.77629158388526e-14	0.191852441689258	0.411	0.347	9.31112671403438e-10	FAM162A	c4
2.82405890358804e-14	0.753280460246805	0.071	0.046	9.47132875085356e-10	ACSL1	c4
2.88446243696732e-14	-0.110201739637568	0.921	0.917	9.67391012110101e-10	OST4	c4
2.89445459308152e-14	-4.85958083265249	0.001	0.014	9.70742181427681e-10	TSHR	c4
3.11587788122339e-14	0.301038765747921	0.204	0.159	1.0450031238047e-09	ZNF431	c4
3.19766536922205e-14	0.641761220741413	0.071	0.046	1.07243301152969e-09	IRS2	c4
3.20477615438828e-14	1.09663313375757	0.022	0.01	1.07481782665874e-09	CHRNE	c4
3.26011291973153e-14	0.44337406292642	0.183	0.144	1.09337667101956e-09	MRPL1	c4
3.28204887385485e-14	0.225254160430648	0.085	0.057	1.10073355131344e-09	GLUL	c4
3.36772760991078e-14	-2.12922570075517	0.011	0.03	1.12946848581188e-09	FXYD1	c4
3.3841685284058e-14	0.816359083991085	0.033	0.017	1.13498244105674e-09	NEK6	c4
3.38733896951732e-14	1.42791792388483	0.015	0.006	1.13604574359672e-09	DSCR9	c4
3.4438220724761e-14	0.432716466082251	0.135	0.1	1.15498904666703e-09	NT5C2	c4
3.45226220974121e-14	-1.44599620086315	0.012	0.032	1.15781969990301e-09	TRIP6	c4
3.45653870853059e-14	0.385645363154555	0.178	0.138	1.15925395206699e-09	LCOR	c4
3.52763757173051e-14	-2.30670033443601	0.006	0.024	1.18309908880698e-09	EGLN3	c4
3.57476434644345e-14	-0.606602062786874	0.181	0.221	1.1989044665102e-09	NABP1	c4
3.59313864444693e-14	0.234999576031786	0.379	0.322	1.20506683857461e-09	CDC123	c4
3.65578256772e-14	-0.696482255530514	0.011	0.03	1.22607635756193e-09	POC1A	c4
3.71100764297554e-14	-2.59636039734746	0.006	0.023	1.24459774330114e-09	PCSK5	c4
3.84084458652082e-14	0.380168979549566	0.205	0.163	1.28814245742735e-09	SMC6	c4
3.85106602048852e-14	0.569949172889056	0.086	0.058	1.29157052195144e-09	MANBAL	c4
3.90836162699542e-14	-2.91717271135575	0.003	0.018	1.31078632246172e-09	PROK2	c4
3.94649631732913e-14	-0.36077008835872	0.213	0.263	1.32357593490584e-09	PTRHD1	c4
4.0739813458177e-14	-0.903135006159858	0.061	0.093	1.36633186376034e-09	RIC3	c4
4.16369869448227e-14	1.44416158985177	0.032	0.017	1.39642126815546e-09	MESP1	c4
4.17640795716576e-14	0.350129343131127	0.211	0.167	1.40068370067425e-09	KLF10	c4
4.1775505546993e-14	0.304390207638528	0.167	0.127	1.40106690503505e-09	BCL2L11	c4
4.26789117376395e-14	-0.101670486450222	0.973	0.963	1.43136534185695e-09	NPM1	c4
4.36442236712796e-14	0.673037635075485	0.056	0.034	1.46373997348737e-09	ZNF34	c4
4.38285133984501e-14	-0.40467045628105	0.564	0.573	1.46992068235722e-09	FCMR	c4
4.40653653255858e-14	-0.213453128656639	0.643	0.657	1.4778642222895e-09	SEC61G	c4
4.45281374469387e-14	0.445445608608424	0.153	0.116	1.49338467369543e-09	IFNAR2	c4
4.62701580636027e-14	0.257716747912112	0.238	0.191	1.55180856113711e-09	TRIM56	c4
4.65784501524044e-14	0.36424288838659	0.232	0.188	1.56214806121134e-09	AP1S1	c4
4.70000185626531e-14	0.265376971791498	0.303	0.253	1.57628662255426e-09	FARSA	c4
4.78102256547806e-14	0.332165596189393	0.217	0.172	1.60345934801003e-09	C5orf24	c4
4.86374294728302e-14	0.630113639104816	0.053	0.032	1.63120210965978e-09	PLCB3	c4
4.86462612829463e-14	-0.475448797318643	0.205	0.249	1.63149831090745e-09	BTN3A1	c4
4.96730794752934e-14	0.364709590757541	0.188	0.147	1.66593573944239e-09	KDM2B	c4
4.99580016578204e-14	0.284737624979289	0.205	0.162	1.67549145959998e-09	FAM118A	c4
5.01397070719652e-14	0.329542170802629	0.15	0.112	1.68158549577957e-09	ZNF224	c4
5.02082914055694e-14	0.788743186972243	0.036	0.019	1.68388567715998e-09	PRKCE	c4
5.05972688580443e-14	-0.277616067153841	0.458	0.501	1.69693120296109e-09	GATA3	c4
5.34102755375644e-14	0.240449559292013	0.396	0.338	1.79127382097884e-09	ARIH2	c4
5.58839701056644e-14	-0.170755941670668	0.824	0.823	1.87423658940377e-09	SOD1	c4
5.95037084171948e-14	0.204515132156804	0.449	0.39	1.99563537289588e-09	FAM50A	c4
6.03316299129344e-14	0.552153860049561	0.063	0.04	2.02340220401999e-09	ZNF816	c4
6.11175799166575e-14	-3.9569308443508	0.002	0.017	2.04976139524486e-09	ANKRD55	c4
6.17193187192361e-14	0.152156727476895	0.562	0.5	2.06994251120574e-09	RBBP6	c4
6.20433769917834e-14	0.247447664085938	0.376	0.322	2.08081077755043e-09	SYS1	c4
6.24556645636414e-14	0.309505795666557	0.235	0.189	2.09463807813541e-09	DDHD1	c4
6.5950986366994e-14	0.449122443480761	0.114	0.082	2.21186418077625e-09	ZNF512	c4
6.71372519806285e-14	0.311877484819066	0.25	0.204	2.25164915692632e-09	PSMA3-AS1	c4
6.74991355871436e-14	0.632455770365209	0.097	0.068	2.26378600932162e-09	RNF135	c4
6.8535012463196e-14	0.692932836550928	0.069	0.045	2.29852724799067e-09	SLC10A7	c4
6.8792078321659e-14	0.360748510328407	0.199	0.156	2.3071487227518e-09	KIFAP3	c4
6.92797477569381e-14	0.263411820868573	0.357	0.305	2.32350418027219e-09	TMEM165	c4
6.95108878680349e-14	0.282390936749527	0.313	0.262	2.33125615731815e-09	VPS26B	c4
7.08121058694897e-14	0.350771495156061	0.151	0.113	2.37489640665095e-09	DCAF16	c4
7.09437666499115e-14	0.389010494708625	0.142	0.106	2.37931204590473e-09	RELL1	c4
7.14487387087548e-14	0.346504727591205	0.201	0.159	2.39624779881422e-09	PPIP5K2	c4
7.50023961307329e-14	-4.96125912533222	0	0.012	2.51543036143252e-09	TNFRSF13B	c4
7.74330110968993e-14	0.474465604723026	0.099	0.069	2.59694832616781e-09	TMEM38B	c4
7.84575463918013e-14	0.271636859434388	0.164	0.124	2.63130919088823e-09	APLP2	c4
7.8552091391203e-14	-0.602507711176315	0.297	0.325	2.63448004107817e-09	C12orf75	c4
7.85959436799501e-14	-3.16688142967793	0.002	0.016	2.63595075913817e-09	MYB	c4
8.06381129519739e-14	0.298161880225279	0.23	0.183	2.7044410321833e-09	PRKAA1	c4
8.1469749556472e-14	0.386343780997174	0.214	0.172	2.73233246062496e-09	AFG3L2	c4
8.15071158798507e-14	0.785846034836845	0.047	0.027	2.73358565237843e-09	RAI1	c4
8.22200525006383e-14	0.36606456368817	0.165	0.126	2.75749612076641e-09	STK40	c4
8.74963584192098e-14	0.805804387306226	0.056	0.035	2.93445286866346e-09	EID2B	c4
8.76629252892658e-14	0.12694546623232	0.727	0.663	2.9400391883514e-09	SRSF2	c4
8.76925179509618e-14	0.279747122910336	0.322	0.271	2.94103166703936e-09	HCFC1R1	c4
8.93973848620659e-14	0.483180398315752	0.073	0.048	2.99820949350397e-09	ENTR1	c4
9.17402718666407e-14	0.39952133079194	0.15	0.113	3.0767852378634e-09	PHRF1	c4
9.2065465896543e-14	-0.30903988262653	0.324	0.37	3.08769159523826e-09	PSMB4	c4
9.31076121809577e-14	0.243222192458918	0.358	0.306	3.12264309732496e-09	ATP6V0D1	c4
9.86371484338044e-14	-1.47918757489356	0.018	0.039	3.30809268417293e-09	FHIT	c4
9.87632361737638e-14	0.381116304486462	0.248	0.204	3.31232141479569e-09	OSER1	c4
9.97707768822667e-14	0.588781095830764	0.059	0.037	3.34611231507746e-09	GSAP	c4
1.0059594390077e-13	-0.465248617522477	0.118	0.16	3.37378676654404e-09	CBX1	c4
1.02453768773085e-13	-0.931285936509133	0.053	0.084	3.43609449711172e-09	DHFR	c4
1.03145270936528e-13	0.25106011414973	0.332	0.28	3.45928609666927e-09	SNAP23	c4
1.03213412825816e-13	0.255572616740032	0.302	0.252	3.46157143935222e-09	SIRT7	c4
1.03851344233947e-13	0.299682900840565	0.23	0.184	3.48296638291811e-09	MGRN1	c4
1.03861379889477e-13	0.303544492085665	0.216	0.171	3.48330295873327e-09	TARSL2	c4
1.05717210999591e-13	0.417080198627357	0.166	0.128	3.54554382250428e-09	B3GALT4	c4
1.1039148983844e-13	0.139629309969502	0.718	0.639	3.70230978620158e-09	RALY	c4
1.10640721029696e-13	0.329415558406076	0.206	0.162	3.71066850189393e-09	RSAD1	c4
1.12522673097317e-13	0.194525208245452	0.511	0.452	3.77378541033782e-09	MRPL33	c4
1.13081742846583e-13	-0.382862213143701	0.275	0.319	3.79253549158868e-09	SFXN1	c4
1.16937107557642e-13	0.255765694858534	0.228	0.18	3.92183671326821e-09	ENO2	c4
1.1960980268456e-13	0.317106045451961	0.254	0.209	4.01147356243476e-09	DLD	c4
1.2241778082809e-13	-0.750912057853899	0.082	0.116	4.10564753341247e-09	NME4	c4
1.22810543387948e-13	0.50377865072121	0.083	0.056	4.11882000414499e-09	LINC002481	c4
1.23507052803081e-13	0.317632752023882	0.189	0.148	4.14217953690974e-09	ZFAND2A	c4
1.24314846079252e-13	0.662541608103793	0.082	0.056	4.16927130780594e-09	NPM3	c4
1.2575566326169e-13	-0.190494647029212	0.688	0.7	4.21759343447056e-09	MZT2B	c4
1.27160127948667e-13	-0.289289789306637	0.381	0.424	4.26469637114239e-09	IGBP1	c4
1.27231673341984e-13	0.320743609930077	0.191	0.149	4.26709586054345e-09	ZNF770	c4
1.27415345116644e-13	0.361070261495305	0.17	0.131	4.273255844522e-09	PDLIM5	c4
1.28099383672105e-13	-0.819148074337866	0.014	0.034	4.29619712959507e-09	FAM83D	c4
1.29070593383409e-13	0.143708052447264	0.689	0.624	4.32876956089276e-09	BSG	c4
1.30012227217732e-13	0.381051000641984	0.121	0.087	4.3603500764283e-09	KDM4B	c4
1.33775710690315e-13	0.188621928944241	0.419	0.359	4.48656978513177e-09	TNRC6B	c4
1.3500848254442e-13	0.297125603228332	0.258	0.211	4.52791448757476e-09	N4BP2L1	c4
1.36619388185507e-13	0.25814687363306	0.305	0.254	4.58194104096554e-09	RIOK3	c4
1.37708129695184e-13	0.198657428190025	0.537	0.473	4.61845525371708e-09	DYNLT1	c4
1.38271627719353e-13	-0.545752898841055	0.093	0.131	4.63735385045166e-09	SNRNP25	c4
1.4009482116992e-13	0.278007762020533	0.3	0.251	4.69850011239678e-09	TSSC4	c4
1.46374648374665e-13	-0.812829000801699	0.044	0.073	4.90911295718953e-09	STK39	c4
1.50420287053074e-13	1.10913685163417	0.02	0.009	5.04479558718601e-09	ZNF703	c4
1.50622751207323e-13	-0.552183515089605	0.139	0.18	5.0515858299912e-09	NPAT	c4
1.55217465196466e-13	-1.76912032907345	0.01	0.027	5.20568334775909e-09	H1F0	c4
1.62122355190061e-13	0.396235607192564	0.162	0.124	5.43725954836427e-09	FAM122A	c4
1.63822974911557e-13	0.350790884779981	0.217	0.173	5.49429493258379e-09	PLEKHA3	c4
1.68302259073837e-13	0.508917388740871	0.132	0.099	5.64452116481836e-09	PELO	c4
1.68521074264184e-13	-1.1246106987184	0.027	0.052	5.65185978867221e-09	LRRC8B	c4
1.6923250603074e-13	0.456241507024419	0.151	0.115	5.67571978725897e-09	TPMT	c4
1.73654946206596e-13	-3.27273819091753	0.006	0.021	5.82403958587682e-09	TRBV30	c4
1.97113049557792e-13	0.607738009393768	0.107	0.077	6.61077745606922e-09	NTHL1	c4
1.98113203830642e-13	-0.879452705453931	0.02	0.042	6.64432063007208e-09	PRC1	c4
2.08579940198644e-13	-0.154832836901585	0.803	0.812	6.99535403438213e-09	APRT	c4
2.10155239380594e-13	0.754533065717389	0.032	0.017	7.04818641834638e-09	AC025259.3	c4
2.15078401282805e-13	0.463050313748505	0.141	0.106	7.2132994222227e-09	NHLRC3	c4
2.16354996704948e-13	-1.76073452322761	0.009	0.026	7.25611387949053e-09	SERPINB8	c4
2.20088754785294e-13	0.263225492085766	0.312	0.262	7.3813366579892e-09	AASDHPPT	c4
2.24010487065934e-13	-0.504660536562232	0.65	0.656	7.51286371521731e-09	CITED2	c4
2.25014821087752e-13	-0.598342885437284	0.118	0.156	7.54654706964104e-09	NDRG1	c4
2.25759486333473e-13	-0.547109501187355	0.09	0.127	7.57152165265202e-09	LRRC8C	c4
2.26525186850962e-13	0.249589158083152	0.355	0.302	7.59720171660757e-09	ACAA1	c4
2.26530088976774e-13	0.234445134788569	0.373	0.318	7.59736612410306e-09	ZFR	c4
2.2770218635692e-13	-0.438153207926472	0.275	0.316	7.63667592603837e-09	TRAF1	c4
2.29955757035433e-13	0.488579457785411	0.131	0.098	7.71225617945434e-09	FAM210A	c4
2.40370531325345e-13	-0.358073575706372	0.202	0.249	8.06154687958941e-09	COMMD1	c4
2.40545096966259e-13	0.297382203935066	0.101	0.07	8.0674014620544e-09	USP53	c4
2.42537334810747e-13	0.277033349278328	0.255	0.208	8.13421713488285e-09	RTL8C	c4
2.43354509332964e-13	0.228560127104546	0.383	0.331	8.16162353400893e-09	METTL5	c4
2.43911648130632e-13	0.539840015653755	0.049	0.029	8.18030885500513e-09	STX3	c4
2.45066595417764e-13	-3.30142496663772	0.005	0.021	8.21904347712098e-09	TRBV5-6	c4
2.49274155965221e-13	0.203736217523602	0.442	0.385	8.36015664276159e-09	MOB4	c4
2.5073227198427e-13	0.320843710521029	0.239	0.195	8.40905893780844e-09	GATAD2A	c4
2.52047654980245e-13	0.445805657938687	0.121	0.089	8.45317425272744e-09	HMGCR	c4
2.54559790911343e-13	0.24046336069457	0.344	0.292	8.53742626758462e-09	ANXA2R	c4
2.55722111095989e-13	0.14635136038323	0.516	0.448	8.57640816193728e-09	CALCOCO2	c4
2.59362006829305e-13	0.629891853144095	0.085	0.058	8.69848298504122e-09	TOP3A	c4
2.59592907376072e-13	-1.47805060019661	0.003	0.018	8.70622692757871e-09	CIT	c4
2.6036611594305e-13	1.13457526956734	0.019	0.008	8.73215879649801e-09	AP003068.2	c4
2.60737701578227e-13	-0.435738567695741	0.132	0.174	8.74462103553058e-09	ACAT1	c4
2.6230959687943e-13	-0.658339882019131	0.038	0.066	8.79733926014232e-09	TEDC1	c4
2.6335444334437e-13	0.446869502330402	0.12	0.088	8.83238132088349e-09	DMXL1	c4
2.64762602829312e-13	0.127652109071786	0.718	0.644	8.87960817368946e-09	SNRPB	c4
2.69185909824924e-13	0.469487445774064	0.088	0.061	9.02795704370829e-09	RDH13	c4
2.70399212413404e-13	0.308170287935828	0.256	0.21	9.06864878592074e-09	GANAB	c4
2.72708329861501e-13	0.257766315168995	0.305	0.254	9.14609196689502e-09	PDCD7	c4
2.74352745034756e-13	0.140576180677778	0.741	0.679	9.20124236297565e-09	HNRNPU	c4
2.83926476472489e-13	0.854498009439296	0.037	0.02	9.52232616793434e-09	MAGEE1	c4
2.85619488755989e-13	0.309640334157464	0.213	0.17	9.57910641389836e-09	ANKRD13D	c4
2.86387006840988e-13	-1.42775379781336	0.009	0.026	9.60484743543304e-09	VCAM1	c4
2.92611421624864e-13	-1.70098758869638	0.015	0.035	9.81360185845468e-09	PLEKHG1	c4
2.95757592774738e-13	0.381982305998185	0.196	0.156	9.91911814647915e-09	CCNT2	c4
2.96872618217061e-13	0.436186533711738	0.138	0.103	9.95651386976379e-09	MRGBP	c4
2.99749975879803e-13	0.478046097544377	0.096	0.067	1.00530146910568e-08	OSBPL7	c4
3.04099159286369e-13	2.08662522942379	0.01	0.003	1.01988776041462e-08	APLP1	c4
3.06781667190881e-13	-0.479792547283365	0.18	0.223	1.02888435542478e-08	OGDH	c4
3.07281049693458e-13	-2.68978112451683	0.025	0.048	1.03055918446192e-08	TRBV18	c4
3.07899311915356e-13	-2.28185781125861	0.003	0.017	1.03263271230172e-08	AC017002.1	c4
3.14838177489247e-13	0.176572842081633	0.528	0.46	1.05590427966344e-08	PIN1	c4
3.17053514499229e-13	0.246337389059653	0.3	0.249	1.06333407692751e-08	IRAK4	c4
3.19867482136858e-13	0.344644517774202	0.241	0.198	1.07277156159059e-08	MRPL40	c4
3.22704920959147e-13	0.277946025239237	0.285	0.238	1.08228776391279e-08	TAF10	c4
3.24083000716554e-13	0.489455120417012	0.184	0.145	1.08690956780318e-08	OTUD5	c4
3.27152774824187e-13	-5.34121825158106	0.001	0.013	1.09720497620536e-08	IGKV3OR2-268	c4
3.28689666475674e-13	-1.57543042460631	0.003	0.017	1.10235940342612e-08	ORC1	c4
3.31274904463982e-13	0.97582734868474	0.029	0.015	1.1110297745913e-08	RPH3AL	c4
3.34669715924429e-13	0.214217368597674	0.369	0.316	1.12241529326735e-08	ECHS1	c4
3.36785615210491e-13	0.503236643721865	0.095	0.067	1.12951159629295e-08	ZNF121	c4
3.38321273141945e-13	0.361086392099052	0.204	0.163	1.13466188586346e-08	TMEM242	c4
3.5051229120774e-13	0.203409096335366	0.433	0.376	1.17554812225252e-08	PHPT1	c4
3.52214260469532e-13	-2.01722144196067	0.008	0.025	1.18125618676271e-08	CKAP4	c4
3.58283907893351e-13	0.346281101715738	0.192	0.152	1.20161257029272e-08	TRPM7	c4
3.59500182147393e-13	0.341318341420001	0.217	0.175	1.20569171088593e-08	TSEN34	c4
3.61407406864431e-13	1.12286730264709	0.031	0.016	1.21208816114193e-08	EVA1B	c4
3.63367168371634e-13	0.602014314100319	0.067	0.043	1.21866080928479e-08	PCCA	c4
3.65236655477266e-13	0.407045569055697	0.132	0.098	1.22493069513965e-08	SLC2A1	c4
3.67339752945768e-13	-1.00604582476539	0.022	0.045	1.23198406342952e-08	HIST1H2AM	c4
3.7545625121379e-13	0.767336226827376	0.032	0.017	1.25920517532081e-08	ACVR1B	c4
3.82211467491516e-13	-1.48473566508926	0.005	0.021	1.28186081967305e-08	CCNE1	c4
4.08247161505862e-13	0.209972433576545	0.462	0.402	1.36917933025836e-08	CHIC2	c4
4.08347738060054e-13	0.164189998797172	0.592	0.514	1.36951664390581e-08	UQCRFS1	c4
4.2242241089533e-13	-4.76757655115534	0.001	0.013	1.41672028166076e-08	TIMD4	c4
4.31772626963594e-13	0.869186680076984	0.035	0.019	1.4480790363105e-08	CERNA1	c4
4.3230866267555e-13	-0.733929123301285	0.018	0.039	1.44987679288126e-08	BRCA1	c4
4.39186440047182e-13	-0.350760830949125	0.276	0.321	1.47294348263024e-08	COMT	c4
4.40322620927913e-13	0.423376277113654	0.11	0.079	1.47675400606804e-08	C20orf204	c4
4.43356913918771e-13	-4.7712858000326	0.001	0.013	1.48693041790077e-08	LINC02195	c4
4.50718943662534e-13	0.882242566439599	0.037	0.02	1.51162119325541e-08	AGBL3	c4
4.58621193168292e-13	0.351127302357527	0.153	0.117	1.53812375764782e-08	APC	c4
4.63013252290126e-13	0.373805619491808	0.181	0.142	1.55285384553063e-08	SH3GL1	c4
4.6901697417123e-13	0.600909683439124	0.053	0.033	1.57298912797547e-08	EPN2	c4
4.85797492105784e-13	0.293911788875699	0.207	0.165	1.62926762902438e-08	MED19	c4
4.97704608919975e-13	-1.53943205596292	0.012	0.03	1.66920171739581e-08	AGPAT4	c4
4.98893253597871e-13	0.351748697724047	0.146	0.111	1.67318819391654e-08	TBC1D2B	c4
5.04991312229059e-13	-0.134390436447207	0.904	0.898	1.69363986295382e-08	YWHAB	c4
5.12231762809493e-13	-0.825691628102367	0.032	0.058	1.71792288611048e-08	SSBP3	c4
5.19034469640575e-13	0.206097277192482	0.496	0.437	1.74073780428056e-08	DGUOK	c4
5.19655593618138e-13	1.30750203376026	0.016	0.006	1.74282092987651e-08	CTIF	c4
5.29042008689537e-13	-1.494681160107	0.022	0.045	1.77430108874297e-08	HIST1H2AI	c4
5.29861315099749e-13	-3.86995749285575	0.001	0.013	1.77704887858154e-08	NEK3	c4
5.72474386102619e-13	0.29826065376535	0.17	0.131	1.91996459611096e-08	USP25	c4
5.74595300137979e-13	0.199811679597615	0.423	0.368	1.92707771760275e-08	PTDSS1	c4
5.79302626244577e-13	0.396290314815331	0.134	0.1	1.94286514789906e-08	BICD2	c4
5.85679962054582e-13	0.241159255958351	0.282	0.232	1.96425345673866e-08	MICAL1	c4
5.88433737192504e-13	0.338810571128512	0.138	0.102	1.97348906779622e-08	PRKCZ	c4
5.9011234981568e-13	1.45930532663817	0.014	0.005	1.97911879881183e-08	Z82188.2	c4
5.92726009033505e-13	0.417064500381437	0.159	0.124	1.98788448909657e-08	CEP250	c4
5.9287649566336e-13	0.292439676956912	0.169	0.13	1.98838919115578e-08	MTM1	c4
6.11005450541001e-13	0.136320166027093	0.424	0.361	2.04919008002441e-08	TPST2	c4
6.33455235031512e-13	-0.325275465619059	0.355	0.396	2.12448216724869e-08	TANK	c4
6.33536515163578e-13	-3.92179423595494	0	0.012	2.12475476455561e-08	ESPL1	c4
6.41258682252764e-13	0.355549644748794	0.201	0.161	2.15065336853932e-08	ELAC2	c4
6.53751725026232e-13	-0.549766239567683	0.087	0.123	2.19255253539298e-08	N4BP2	c4
6.56984881753927e-13	1.23904073845241	0.014	0.006	2.20339589642632e-08	OTUD7A	c4
6.59955573486721e-13	-1.89573869668688	0.002	0.014	2.21335900235976e-08	EXO1	c4
6.63331087305231e-13	0.251535862252373	0.272	0.224	2.22467980060428e-08	OSTM1	c4
6.73300724011047e-13	0.277920140030186	0.32	0.272	2.25811596818825e-08	MRPS18B	c4
6.77741305846621e-13	0.521035043302687	0.112	0.081	2.2730087915484e-08	CXorf40A	c4
6.87268900135184e-13	0.26817723114707	0.279	0.232	2.30496243727338e-08	AP3D1	c4
6.88884734184942e-13	-6.10772922710239	0	0.011	2.31038162150946e-08	AL359834.1	c4
6.89052271936343e-13	0.5688938875016	0.065	0.042	2.31094350962011e-08	HLCS	c4
6.99052638164634e-13	-0.250081453023298	0.441	0.469	2.34448273787655e-08	NDUFB3	c4
7.10498153938757e-13	1.78130567811802	0.01	0.003	2.3828687086798e-08	AL359736.1	c4
7.25828830192842e-13	-0.296746589455247	0.372	0.413	2.43428473070076e-08	CAPN2	c4
7.36935262179631e-13	0.954654589075775	0.043	0.026	2.47153348229805e-08	LINC01358	c4
7.5362043049892e-13	0.792897788446543	0.046	0.028	2.52749219980728e-08	LINC01684	c4
7.58586217661697e-13	0.879967855262247	0.027	0.013	2.5441464567938e-08	AC005332.6	c4
7.69976909719153e-13	-1.52730076686967	0.01	0.027	2.5823485598161e-08	MORN3	c4
7.72995427251546e-13	0.164443227313028	0.545	0.484	2.59247206391623e-08	EIF1B	c4
7.77787974212659e-13	-2.51203208514339	0.006	0.022	2.60854530791442e-08	PCAT1	c4
7.81265767501365e-13	-1.34162063065986	0.028	0.052	2.62020913104608e-08	TK1	c4
7.98345766680062e-13	1.30434037746735	0.013	0.005	2.67749203229159e-08	S100A13	c4
8.03700306841823e-13	-0.27552941858097	0.425	0.452	2.6954500890861e-08	AP2S1	c4
8.22080135415799e-13	1.00293176253632	0.026	0.013	2.75709235815751e-08	FAM43A	c4
8.28497890371653e-13	0.935351437442758	0.029	0.015	2.77861622472845e-08	ZNF81	c4
8.30905136077567e-13	-0.364316725075084	0.253	0.296	2.78668964537695e-08	EGLN2	c4
8.34666825943813e-13	-0.794332766776276	0.008	0.024	2.79930560085036e-08	BUB1B	c4
8.40468012741842e-13	-0.663811440602175	0.03	0.055	2.81876162113359e-08	FANCI	c4
8.43496518713026e-13	-0.780274332585867	0.009	0.026	2.82891862445975e-08	PLK4	c4
8.4443016564606e-13	-2.92530512131537	0.003	0.016	2.83204988954376e-08	OR4D1	c4
8.50722951712418e-13	0.189726801564832	0.498	0.441	2.85315463545311e-08	RAB2A	c4
8.51375197225914e-13	0.273146119629079	0.282	0.235	2.85534213645627e-08	SAMM50	c4
8.5392782914428e-13	0.53982575977184	0.085	0.058	2.86390315338408e-08	ADO	c4
8.55093394636774e-13	0.378386769110685	0.158	0.122	2.86781222693281e-08	PTPN9	c4
8.76195375345015e-13	-1.69992512017652	0.004	0.018	2.93858404983211e-08	RECQL4	c4
8.77255100523034e-13	0.402416011605641	0.196	0.158	2.94213815613415e-08	SLC50A1	c4
8.96876849305785e-13	0.483486777881247	0.098	0.069	3.00794557720174e-08	MLYCD	c4
9.08103890545056e-13	-2.43647698340693	0.005	0.02	3.04559882811001e-08	ACSS2	c4
9.255775779143e-13	0.270414391001958	0.288	0.24	3.10420208080898e-08	SLC10A3	c4
9.37399607671599e-13	0.15730226211078	0.61	0.546	3.14385080420901e-08	RAB1B	c4
9.49076175234602e-13	0.167590900664232	0.513	0.454	3.18301167650181e-08	ACAP2	c4
9.6267718961447e-13	1.15919690704933	0.014	0.006	3.22862675852901e-08	FAIM2	c4
9.68232717843882e-13	-1.6123444119089	0.005	0.019	3.24725888910481e-08	ARHGEF39	c4
9.73552887525687e-13	0.42148032491414	0.134	0.101	3.26510167418365e-08	SETDB1	c4
9.73710303823256e-13	-3.827152455024	0.001	0.013	3.26562961696244e-08	C16orf45	c4
9.92567680943857e-13	0.269813126967333	0.27	0.223	3.32887348834951e-08	MRPS30	c4
1.00835189934237e-12	-0.794080803591808	0.01	0.027	3.38181060001443e-08	CENPS-CORT	c4
1.03210228845953e-12	1.93066470581469	0.011	0.004	3.46146465503557e-08	CU633906.1	c4
1.04407068486823e-12	0.596327107841792	0.055	0.035	3.50160426291107e-08	KIFC2	c4
1.0810377105754e-12	0.237697766799133	0.321	0.269	3.62558427372778e-08	PRKD2	c4
1.08470120113194e-12	1.28136832155684	0.018	0.008	3.63787088835631e-08	AC074044.1	c4
1.08604576390231e-12	-1.00943047319132	0.018	0.039	3.64238028297557e-08	USP18	c4
1.08842027215109e-12	0.279047769951734	0.254	0.209	3.65034390874032e-08	PEPD	c4
1.12228893140444e-12	0.289892461225373	0.205	0.164	3.7639326181442e-08	SLC7A5	c4
1.12384100495006e-12	0.465523337141138	0.145	0.111	3.76913796240152e-08	GLRX2	c4
1.12478622312828e-12	0.329555960085071	0.22	0.179	3.77230803512764e-08	SEPT11	c4
1.14022029887268e-12	0.258019820528733	0.237	0.191	3.8240708383592e-08	HCG18	c4
1.14293122041043e-12	-2.94155087048503	0.003	0.016	3.83316272701249e-08	SVIL	c4
1.17098300722058e-12	0.66723083844547	0.038	0.021	3.92724280961639e-08	EPB41L5	c4
1.21601463048299e-12	0.390769214441832	0.13	0.097	4.07826986771385e-08	CEP290	c4
1.22064002147627e-12	0.25418440679087	0.327	0.28	4.0937825040271e-08	RALBP1	c4
1.22714052387867e-12	-1.6368167662274	0.023	0.045	4.11558388898429e-08	CCNB1	c4
1.22728794851994e-12	0.294955049158018	0.276	0.231	4.11607832174617e-08	DCUN1D5	c4
1.23267419834722e-12	1.62746629242392	0.011	0.004	4.1341427264169e-08	ZSCAN31	c4
1.27115817070367e-12	0.267907483775242	0.27	0.224	4.26321027290596e-08	TRIM8	c4
1.28914934111523e-12	-1.21917216236426	0.011	0.029	4.32354906023225e-08	MSC-AS1	c4
1.29908551083222e-12	0.151153041524961	0.479	0.419	4.35687298622911e-08	CHD2	c4
1.31231417041477e-12	-0.786717436847488	0.015	0.035	4.40123926473705e-08	SUV39H2	c4
1.32494222546291e-12	0.279123878353539	0.214	0.171	4.4435912357575e-08	XIAP	c4
1.3617779071248e-12	-0.710469971159566	0.108	0.144	4.56713074491515e-08	SESN3	c4
1.37607983245379e-12	-0.571814103596842	0.078	0.111	4.61509654208353e-08	CASP6	c4
1.38534704995001e-12	0.218722897814306	0.345	0.293	4.64617693612235e-08	CCSER2	c4
1.3886623192803e-12	0.433189409473173	0.134	0.1	4.65729568640227e-08	NT5C3B	c4
1.40477360842008e-12	0.45121966465807	0.148	0.114	4.71132972791926e-08	FBXW7	c4
1.44445988648182e-12	0.301028954664195	0.121	0.088	4.84442956728271e-08	SLC44A1	c4
1.45461956618879e-12	-1.4535623643465	0.004	0.018	4.87850310108398e-08	TTK	c4
1.45551482556501e-12	0.582303199133816	0.072	0.048	4.88150562197993e-08	AC022916.1	c4
1.47768395637441e-12	1.54040990757776	0.011	0.004	4.95585645288849e-08	SCX	c4
1.4982931821063e-12	0.248485264798953	0.292	0.245	5.02497567414812e-08	USO1	c4
1.50110983371368e-12	-2.61930969897596	0.006	0.021	5.03442216030895e-08	LTK	c4
1.520176166428e-12	0.863410356102747	0.025	0.012	5.09836682696622e-08	TANC2	c4
1.52747463623802e-12	0.347717637836425	0.207	0.168	5.12284443501506e-08	EIF4EBP2	c4
1.54538746005486e-12	-1.96205255160881	0.003	0.017	5.18292046353199e-08	BRIP1	c4
1.55931036505335e-12	0.840808800922012	0.025	0.013	5.22961510231594e-08	ADGRL1	c4
1.56764502172469e-12	0.273826163989734	0.282	0.236	5.25756787386026e-08	BABAM2	c4
1.59324150207178e-12	0.456697570422043	0.112	0.081	5.34341334964833e-08	KCTD17	c4
1.59744320218479e-12	0.347078287359378	0.167	0.13	5.35750501148736e-08	ACSS1	c4
1.68242633125266e-12	-1.03244370642293	0.03	0.054	5.64252142975517e-08	ASF1B	c4
1.72416823652576e-12	0.306973279624497	0.246	0.202	5.78251543166008e-08	SH2D3C	c4
1.72450967819113e-12	-2.8715750894051	0.003	0.016	5.7836605587174e-08	FAM169A	c4
1.7248233230642e-12	0.280221790716524	0.282	0.236	5.78471246089272e-08	VPS26C	c4
1.72780818992436e-12	0.296700909133852	0.234	0.191	5.79472310736833e-08	BLOC1S6	c4
1.72995538295704e-12	-3.72122496146806	0.001	0.013	5.80192436336131e-08	TNS3	c4
1.74796474369581e-12	0.244405578005052	0.291	0.243	5.86232415740701e-08	TRIP11	c4
1.80913364209816e-12	-3.23638121625569	0.002	0.015	6.0674724088688e-08	AL096865.1	c4
1.90204825605771e-12	-2.3805770331709	0.007	0.023	6.37908944116636e-08	NEO1	c4
2.00100957051124e-12	0.222775431736865	0.272	0.224	6.71098589758059e-08	ERCC5	c4
2.05797157866299e-12	-1.923873358086	0.011	0.028	6.90202508051992e-08	PLAG1	c4
2.06332042040035e-12	0.270017015838862	0.304	0.257	6.91996402593868e-08	RTCA	c4
2.07011675578348e-12	0.208649750088026	0.354	0.303	6.94275757554663e-08	NEMF	c4
2.0987028251355e-12	0.29262392717368	0.279	0.234	7.03862953493945e-08	C22orf39	c4
2.10628985941465e-12	0.230139117680569	0.355	0.305	7.06407493050484e-08	BDP1	c4
2.11409988481712e-12	-1.34626854525006	0.018	0.038	7.09026819369964e-08	FLNB	c4
2.11432221827996e-12	-0.427126287565247	0.325	0.363	7.09101385566732e-08	PIM3	c4
2.12742879739837e-12	0.471343853085597	0.124	0.092	7.13497070071466e-08	PYGB	c4
2.17157856940231e-12	0.452991966895433	0.082	0.056	7.28304020606146e-08	ZNF568	c4
2.23864397095519e-12	0.399260181733399	0.107	0.078	7.50796414978952e-08	PEX1	c4
2.294242736873e-12	0.242273275522189	0.284	0.237	7.69443129092468e-08	USP8	c4
2.33960524904941e-12	0.322056794496355	0.168	0.13	7.8465680842619e-08	AGL	c4
2.36802264000511e-12	0.980059714129691	0.016	0.007	7.94187433004915e-08	TRBV23-1	c4
2.3890832114893e-12	-0.303622866577137	0.326	0.371	8.01250727469282e-08	KCNAB2	c4
2.42242648320056e-12	1.15147683207294	0.019	0.009	8.12433393935804e-08	CCDC78	c4
2.42764500978573e-12	0.22892934400608	0.293	0.244	8.14183583381938e-08	URI1	c4
2.45510411087671e-12	0.424251861079837	0.095	0.067	8.23392816705832e-08	ENPP4	c4
2.47708707256195e-12	0.271397842992211	0.22	0.177	8.30765462395828e-08	RNF168	c4
2.49710742259998e-12	0.252624854989858	0.321	0.274	8.37479887391582e-08	HK1	c4
2.57325156511308e-12	-0.841228038126675	0.03	0.054	8.63017109907624e-08	SLC7A1	c4
2.57739543323329e-12	0.171077538508554	0.498	0.437	8.64406880397782e-08	SF3B4	c4
2.59202915641448e-12	-1.09411521176163	0.025	0.047	8.69314738478288e-08	MTERF2	c4
2.60861554307484e-12	0.340953769541394	0.203	0.163	8.74877480836438e-08	ARMCX6	c4
2.66677682134536e-12	0.47912242498272	0.091	0.064	8.94383610342808e-08	PCBP4	c4
2.66741936388261e-12	0.235208115373461	0.326	0.276	8.94599106258949e-08	NIFK	c4
2.68192223587372e-12	0.997913781104311	0.036	0.021	8.99463079467328e-08	ZNF724	c4
2.68807909463821e-12	-1.17053441747583	0.011	0.029	9.01527966759764e-08	E2F1	c4
2.84008357812193e-12	-0.886424085206927	0.046	0.073	9.52507230430534e-08	SGSH	c4
2.85695588644547e-12	1.27048672577313	0.011	0.004	9.58165865196083e-08	L1CAM	c4
2.90114829794751e-12	-1.50286891660562	0.02	0.04	9.72987116165636e-08	TRAV38-2DV8	c4
2.983190014627e-12	0.24522134006944	0.357	0.309	1.0005022671056e-07	SLC25A11	c4
2.99536451076516e-12	0.256341440277036	0.232	0.188	1.00458534962042e-07	RNF216	c4
3.04299171857034e-12	0.826544528449841	0.044	0.026	1.02055856257412e-07	AC021028.1	c4
3.10005111346416e-12	-4.64327827495413	0.001	0.013	1.03969514243361e-07	CX3CR1	c4
3.12643945550133e-12	-0.968720024097549	0.014	0.033	1.04854526458603e-07	VDR	c4
3.19406497433353e-12	0.324391977461477	0.166	0.129	1.07122551109198e-07	TMEM205	c4
3.29326247258098e-12	0.432085479032371	0.112	0.081	1.10449436805421e-07	LINC00476	c4
3.30440579570972e-12	0.199827395027548	0.41	0.356	1.10823161576513e-07	RNF166	c4
3.34290869159315e-12	0.44335865381437	0.075	0.051	1.12114471698651e-07	WDR47	c4
3.37202973157725e-12	-0.359958950650298	0.241	0.284	1.13091133137638e-07	BOLA3	c4
3.38039471955743e-12	-2.70435674340141	0.001	0.012	1.13371678104517e-07	PIMREG	c4
3.39188629955479e-12	0.22376417488451	0.268	0.222	1.13757082714469e-07	SLAMF6	c4
3.4007004080326e-12	0.234911856587028	0.292	0.244	1.14052690284597e-07	TBC1D5	c4
3.47315435443889e-12	1.05561431236804	0.032	0.018	1.16482650739172e-07	SPAG4	c4
3.47321313248916e-12	0.234193519686108	0.261	0.214	1.16484622037421e-07	KDM4C	c4
3.54916568842692e-12	0.416834963142244	0.14	0.106	1.19031918858462e-07	CTDP1	c4
3.56747563348294e-12	0.31566156154459	0.162	0.125	1.19645997795751e-07	ZNF652	c4
3.61087861258834e-12	0.478956605105926	0.123	0.092	1.21101646908988e-07	TBC1D31	c4
3.62249684114372e-12	0.394827786457881	0.079	0.054	1.21491299058278e-07	ABCA5	c4
3.65303797900802e-12	0.406406120173289	0.11	0.081	1.22515587739971e-07	C1orf216	c4
3.69116732347156e-12	0.970064568266245	0.03	0.016	1.23794369694589e-07	EXTL2	c4
3.71234404858486e-12	0.368218777922216	0.127	0.095	1.24504594701439e-07	RAB3IP	c4
3.73163213586504e-12	0.650387479207857	0.083	0.058	1.25151478572642e-07	POLR1A	c4
3.75367848314568e-12	-0.133714371075469	0.842	0.839	1.2589086896774e-07	SEPT1	c4
3.82137968098665e-12	0.238376624874144	0.312	0.263	1.2816143174093e-07	ISCA1	c4
3.87631907499714e-12	0.25724667226518	0.227	0.184	1.30003989137254e-07	KLHL24	c4
3.87925214428697e-12	-0.976615125232408	0.022	0.043	1.30102358415097e-07	DNAJC18	c4
3.90393915927725e-12	-0.578202476787793	0.121	0.157	1.3093031152384e-07	LIMA1	c4
3.99886058055577e-12	1.21865446059148	0.014	0.006	1.34113786150679e-07	GOLGA8N	c4
4.08247246078321e-12	-2.76925111110878	0.005	0.019	1.36917961389747e-07	CA2	c4
4.22153601522294e-12	0.578234246910827	0.057	0.036	1.41581874878547e-07	ACTR3B	c4
4.24375782035156e-12	-0.355392215175812	0.522	0.544	1.42327149778951e-07	ARL6IP1	c4
4.25991733812094e-12	-0.936403563716088	0.011	0.028	1.428691076859e-07	MAP3K20	c4
4.27783040041262e-12	0.19392012861706	0.418	0.363	1.43469875969039e-07	COQ10B	c4
4.30232270523315e-12	0.316475655881883	0.187	0.148	1.44291298888109e-07	EGLN1	c4
4.33294230326037e-12	1.20119322485508	0.017	0.008	1.45318218966746e-07	CCDC24	c4
4.33828761598816e-12	0.810962313889378	0.038	0.022	1.45497490065011e-07	AC090517.4	c4
4.35395171511319e-12	0.324535327152616	0.156	0.12	1.46022832621466e-07	SCAMP1	c4
4.41832672970963e-12	0.281439431808878	0.273	0.23	1.48181841861002e-07	UROS	c4
4.51419937561686e-12	-2.98784310935393	0.004	0.017	1.51397218659438e-07	PLAT	c4
4.54000461122747e-12	0.189737723854487	0.428	0.372	1.52262674651347e-07	JMJD1C	c4
4.62841373952157e-12	0.271709048562284	0.285	0.24	1.55227739996074e-07	PFDN6	c4
4.73743517581347e-12	0.916506438017142	0.02	0.009	1.58884100926432e-07	TEC	c4
4.80551968718546e-12	0.274917090108437	0.259	0.216	1.61167519268826e-07	FAM129A	c4
4.8391184935124e-12	-1.080807697753	0.023	0.044	1.62294356035419e-07	CARD17	c4
4.89188796947586e-12	0.625203625554458	0.081	0.057	1.64064138720281e-07	AC009779.3	c4
4.90072328899415e-12	0.310317761152535	0.224	0.185	1.64360457666286e-07	GMDS	c4
4.90699136585784e-12	-0.474320917680022	0.112	0.149	1.6457067642814e-07	GTPBP8	c4
4.92851072894041e-12	0.228881083169046	0.312	0.264	1.65292392827203e-07	SUCLG2	c4
4.9677425964322e-12	0.396565170159582	0.141	0.108	1.66608151199143e-07	TMEM131	c4
5.00454307616462e-12	0.177249651896899	0.397	0.339	1.67842365688409e-07	HSPB11	c4
5.00556734551039e-12	0.204148063937666	0.437	0.379	1.67876717633727e-07	CEBPB	c4
5.01529070253334e-12	0.242361901514735	0.391	0.342	1.68202819581563e-07	CCDC59	c4
5.09358961125856e-12	0.554348284104084	0.13	0.099	1.7082880838239e-07	HSCB	c4
5.10353613683414e-12	0.309528580280011	0.202	0.162	1.71162394957143e-07	RBM26	c4
5.121833572164e-12	0.275215823077006	0.289	0.244	1.71776054343236e-07	YDJC	c4
5.21705990273721e-12	0.299178356038184	0.236	0.193	1.74969755018001e-07	TRIM11	c4
5.22566966589139e-12	-0.735438791882065	0.01	0.026	1.75258509254666e-07	MTFR2	c4
5.2726286050907e-12	0.22712576465582	0.173	0.135	1.76833418157532e-07	SPON2	c4
5.28308202281263e-12	0.241596306633966	0.296	0.249	1.7718400488109e-07	RNF113A	c4
5.31940746688329e-12	0.113265720571508	0.711	0.645	1.78402287624332e-07	SELENOW	c4
5.34072350530621e-12	-1.13455503897646	0.021	0.042	1.7911718492096e-07	IFI30	c4
5.38308781356934e-12	0.348078798972714	0.182	0.145	1.80537999091488e-07	DCAF15	c4
5.39099784339681e-12	0.262664287315733	0.192	0.152	1.80803285671842e-07	PCNX4	c4
5.41779651432771e-12	-0.421321630507803	0.223	0.263	1.81702059497523e-07	MAN2B1	c4
5.44488066100857e-12	0.209898894719971	0.315	0.265	1.82610407608905e-07	RASSF7	c4
5.45017494799384e-12	0.166274256214495	0.546	0.489	1.82787967405817e-07	WTAP	c4
5.46152631229693e-12	-1.79773919248357	0.012	0.03	1.83168669461814e-07	B3GALT2	c4
5.51876748503471e-12	0.384929191975109	0.111	0.081	1.85088423913094e-07	ZNF564	c4
5.55646473829797e-12	0.192660674225476	0.421	0.363	1.86352714393037e-07	MRPS36	c4
5.71937092636297e-12	0.368446623009986	0.152	0.118	1.91816262128361e-07	FAM219B	c4
5.72865904620023e-12	0.367191537867391	0.191	0.154	1.92127767091463e-07	PGD	c4
5.86737718338112e-12	0.16179617818979	0.488	0.43	1.96780095976236e-07	DDX46	c4
5.91401461262889e-12	0.817210845058179	0.025	0.012	1.98344222078348e-07	KLHL3	c4
6.04062736089347e-12	0.252876697348575	0.355	0.306	2.02590560429645e-07	CYB5B	c4
6.12578599824445e-12	-0.156568219355127	0.808	0.809	2.05446610809122e-07	RPS10	c4
6.14553445721292e-12	0.459192268370668	0.086	0.06	2.06108934626007e-07	ZNF623	c4
6.15445617315409e-12	-3.08967413180053	0.001	0.012	2.06408151135242e-07	XRCC2	c4
6.18952476928606e-12	0.509525171488038	0.079	0.054	2.07584281712316e-07	FIG4	c4
6.22235822546465e-12	0.501902065537899	0.071	0.048	2.08685450165633e-07	TUBG2	c4
6.29933571493987e-12	0.439307219176653	0.117	0.087	2.11267121207653e-07	TMEM184C	c4
6.33850178525049e-12	0.572439346424435	0.104	0.077	2.12580672873731e-07	AKT1	c4
6.34023954232971e-12	-2.77635196405489	0.005	0.019	2.12638953770654e-07	AP002884.1	c4
6.3873576244798e-12	0.228966269841797	0.301	0.254	2.14219200009804e-07	CNOT4	c4
6.43639936454757e-12	0.214279293457253	0.244	0.198	2.15863961888197e-07	TRAPPC2B	c4
6.60753450289921e-12	0.272160227791108	0.293	0.247	2.21603492158234e-07	PCGF5	c4
6.82989435486286e-12	0.679377913017202	0.056	0.036	2.29060996873391e-07	C7orf31	c4
6.8501654890236e-12	0.359895336622832	0.09	0.063	2.29740850170874e-07	NRIP1	c4
6.89376833188047e-12	0.344906696763389	0.138	0.104	2.31203202314607e-07	TMEM159	c4
6.92689602420734e-12	0.344633798113745	0.118	0.087	2.32314238859866e-07	SNTB1	c4
6.9719220004839e-12	0.182863558924397	0.388	0.333	2.33824320052229e-07	RALGAPA1	c4
7.08331060818545e-12	0.221620161473998	0.301	0.252	2.37560071177324e-07	DNAAF2	c4
7.09042317825209e-12	0.383973310835289	0.125	0.094	2.37798612552219e-07	VPS45	c4
7.09840231595459e-12	0.264061415533514	0.323	0.276	2.38066216872485e-07	MICU2	c4
7.10041086585067e-12	1.01676166819984	0.027	0.014	2.381335796189e-07	MBLAC1	c4
7.15911056924017e-12	0.499527516690887	0.119	0.089	2.40102250271177e-07	MTMR2	c4
7.18538910735159e-12	0.282977224738778	0.153	0.117	2.40983579882358e-07	ZNF766	c4
7.28607977078798e-12	0.320289397905318	0.187	0.148	2.44360543352687e-07	CACUL1	c4
7.35347552555031e-12	-0.212197753050849	0.735	0.716	2.46620862175906e-07	CALM3	c4
7.36577271130896e-12	-0.558585617392198	0.067	0.099	2.4703328519188e-07	SRGAP2	c4
7.44371661121829e-12	-1.26745667326755	0.058	0.086	2.49647367707039e-07	IL2RA	c4
7.67297474668707e-12	-0.980629067977	0.036	0.061	2.57336227054391e-07	ERC1	c4
7.69004724492126e-12	0.69512359054705	0.055	0.035	2.57908804500169e-07	BIK	c4
7.71236671306418e-12	-0.221759885253709	0.697	0.72	2.58657354822746e-07	ANKRD12	c4
7.73805264122336e-12	-1.83810463096657	0.002	0.014	2.59518809481349e-07	WDR62	c4
8.03225369417768e-12	0.320795158323327	0.208	0.168	2.69385724395331e-07	LRRC47	c4
8.05156481828521e-12	0.260496968393429	0.25	0.205	2.70033380875649e-07	MFSD1	c4
8.17932882949845e-12	0.334136569068528	0.223	0.184	2.74318330283719e-07	GPN1	c4
8.39739268261764e-12	0.412299616226595	0.115	0.085	2.8163175578963e-07	TMEM185A	c4
8.47738202014787e-12	0.103279563457734	0.758	0.71	2.84314438191719e-07	TBC1D10C	c4
8.55932153096248e-12	0.852506862800313	0.02	0.009	2.8706252550542e-07	SIRPB1	c4
8.67217625892554e-12	0.236629310712633	0.321	0.274	2.90847447371845e-07	AKR7A2	c4
8.69105007345464e-12	0.579058802468152	0.067	0.044	2.91480437363522e-07	SNN	c4
8.79080823404878e-12	0.561956426510279	0.073	0.05	2.94826126553528e-07	IPMK	c4
8.84026720093398e-12	0.370092149810963	0.116	0.086	2.96484881384924e-07	SLC22A18	c4
8.86576731254947e-12	0.254370139550458	0.222	0.179	2.97340104128284e-07	CLSTN3	c4
8.92053748140552e-12	0.147342797446439	0.651	0.586	2.99176986051378e-07	DYNLRB1	c4
8.92394925426557e-12	-0.55571556812678	0.093	0.127	2.99291410089559e-07	TFRC	c4
9.45597596856955e-12	-1.48709809392699	0.005	0.019	3.17134522033886e-07	DNA2	c4
9.48513758327066e-12	-2.13733436256607	0.006	0.02	3.18112544267731e-07	ATP6V0A1	c4
9.76428623564908e-12	0.327750979817073	0.205	0.166	3.27474631771199e-07	ATG4D	c4
9.83485690953048e-12	-0.338913400988766	0.252	0.294	3.29841431031833e-07	MRPL14	c4
9.83622332077148e-12	-0.442316116136996	0.123	0.161	3.29887257732034e-07	RUVBL1	c4
9.84006588164707e-12	0.295671588170932	0.236	0.195	3.30016129538679e-07	ACLY	c4
9.89264470840522e-12	0.250733741651567	0.251	0.207	3.31779518230494e-07	CEP85L	c4
9.96805815069183e-12	0.451947785551737	0.099	0.071	3.34308734257902e-07	FAM220A	c4
1.03057682277649e-11	0.175540386288304	0.117	0.085	3.45634854822778e-07	ZSCAN18	c4
1.04445029840264e-11	0.472295783540708	0.093	0.067	3.50287741078277e-07	DDX47	c4
1.06067838138125e-11	0.736901107400257	0.024	0.012	3.55730315547644e-07	NEIL1	c4
1.07304257627849e-11	0.142020601259879	0.526	0.468	3.5987701923228e-07	RSF1	c4
1.12287865277026e-11	0.621386495486134	0.051	0.032	3.76591042566091e-07	RUFY3	c4
1.1256072817549e-11	0.433767230131403	0.173	0.138	3.77506170154959e-07	MSMO1	c4
1.14111582989139e-11	0.261779329566647	0.251	0.206	3.82707427028975e-07	STX4	c4
1.16764809777774e-11	0.498500876878031	0.085	0.06	3.91605819032699e-07	ELL2	c4
1.16921478834307e-11	-0.286746086701607	0.351	0.39	3.92131255714497e-07	AMD1	c4
1.17140544235067e-11	0.471042526964512	0.069	0.046	3.92865957255568e-07	SGSM2	c4
1.17970261257996e-11	-0.539747167513467	0.061	0.091	3.95648662207065e-07	DLEU2	c4
1.18978462611925e-11	1.11169480237369	0.02	0.009	3.99029967907874e-07	AC116366.2	c4
1.20622842202522e-11	-0.494110263053633	0.101	0.136	4.04544888178819e-07	TRNT1	c4
1.21211954472698e-11	0.280411278313937	0.259	0.216	4.06520652910533e-07	SMIM10L1	c4
1.21914725672677e-11	0.184330116103151	0.4	0.347	4.08877606961024e-07	CHMP4A	c4
1.2233299161816e-11	-3.43971007637717	0.002	0.013	4.10280387288984e-07	SEMA4A	c4
1.24989189964293e-11	-0.757057808640655	0.012	0.029	4.19188745302247e-07	PRR11	c4
1.26623560281621e-11	-0.749609902453731	0.041	0.067	4.246700964725e-07	RACGAP1	c4
1.28440316761183e-11	0.283785176753941	0.221	0.18	4.30763134353657e-07	ABCC1	c4
1.29702423356433e-11	0.379524469529716	0.106	0.077	4.34995987452806e-07	ZNF808	c4
1.32834131824627e-11	0.354747853908907	0.167	0.132	4.45499111313433e-07	RCC1L	c4
1.33306976762997e-11	0.468922149760029	0.112	0.083	4.4708493866774e-07	SMPD2	c4
1.37131639324638e-11	-0.170369996932521	0.627	0.63	4.5991209196697e-07	NDUFB4	c4
1.4212761969751e-11	-0.310255112063222	0.312	0.352	4.76667610941508e-07	NECAP2	c4
1.42205496463638e-11	-0.2021125832468	0.568	0.59	4.76928794039748e-07	PRDX2	c4
1.42370873898732e-11	0.303913583163223	0.249	0.207	4.77483436881568e-07	TSN	c4
1.42705160588927e-11	-0.975688301984821	0.027	0.049	4.78604567583142e-07	TRAV8-3	c4
1.42782056632414e-11	0.234894208830014	0.37	0.324	4.78862461533791e-07	COPB2	c4
1.43398138753616e-11	-1.07162517935298	0.026	0.047	4.80928677751877e-07	STAG3	c4
1.44019518696619e-11	0.945160894380687	0.041	0.024	4.83012661804722e-07	ZRANB3	c4
1.47671755390686e-11	0.14006265136876	0.644	0.575	4.95261533229284e-07	ATP6V1F	c4
1.48083383073976e-11	0.666981693641527	0.049	0.031	4.96642050153502e-07	AC019163.1	c4
1.51629587469803e-11	0.536900161136913	0.07	0.048	5.08535310456225e-07	OSGEPL1	c4
1.5203695007054e-11	0.190447693597264	0.32	0.27	5.09901523146578e-07	BAZ2A	c4
1.53622080299305e-11	0.92139327420491	0.029	0.016	5.15217732907808e-07	ULK2	c4
1.54890295098474e-11	0.220578764456285	0.327	0.279	5.19471071701263e-07	CSRP1	c4
1.57400942797339e-11	0.835583561260108	0.03	0.017	5.27891281953717e-07	C17orf107	c4
1.60869121281792e-11	0.799381085829256	0.029	0.016	5.39522858954874e-07	PPM1N	c4
1.6180276996307e-11	0.445946295179218	0.096	0.069	5.42654129902142e-07	EIF3J-DT	c4
1.61814867740995e-11	0.550402504072284	0.075	0.052	5.42694703429747e-07	AL392172.1	c4
1.66621436805366e-11	0.5930172319553	0.068	0.046	5.58814974757838e-07	MFSD9	c4
1.6684207702381e-11	0.743054565114261	0.026	0.014	5.59554957922454e-07	FCHO2	c4
1.66865846356826e-11	0.209543353587656	0.41	0.36	5.59634675511522e-07	PTPN1	c4
1.69705446001098e-11	0.64470925001193	0.038	0.023	5.69158124798482e-07	LRRC1	c4
1.70755385503058e-11	-2.68581805488939	0.006	0.02	5.72679411900156e-07	TSPAN15	c4
1.71971468502699e-11	-0.11466696948558	0.962	0.947	5.76757911064353e-07	RPL27A	c4
1.73903271118867e-11	0.157850087538147	0.575	0.51	5.83236790678457e-07	EIF4H	c4
1.74897551605851e-11	-0.488067059744642	0.039	0.064	5.86571408575702e-07	CCDC34	c4
1.7900113877803e-11	-1.98411300555083	0.006	0.02	6.00334019233757e-07	NOD2	c4
1.80939741083797e-11	0.26240839453446	0.18	0.142	6.06835703646838e-07	EXOSC6	c4
1.81301377858973e-11	0.252498883989966	0.25	0.207	6.08048561063424e-07	FTSJ1	c4
1.81620206404069e-11	0.158105899100667	0.541	0.48	6.09117848237967e-07	ZC3H15	c4
1.82723715368030e-11	0.318475135276343	0.229	0.19	6.12818796601301e-07	NFU1	c4
1.86431493779523e-11	0.233692086570711	0.332	0.286	6.25253943837763e-07	APEH	c4
1.89929000861307e-11	0.590830676659453	0.076	0.053	6.3698388308865e-07	DENND1A	c4
1.90345151945606e-11	0.235403568906659	0.361	0.313	6.38379570595174e-07	BLOC1S1	c4
1.91456774560737e-11	0.226648693043072	0.291	0.244	6.42107730521798e-07	C12orf65	c4
1.91688196709265e-11	0.348386446914432	0.172	0.137	6.42883874123531e-07	CCDC14	c4
1.95273353508347e-11	0.341926195621497	0.185	0.149	6.54907772996295e-07	TAOK1	c4
1.96300071126532e-11	-0.569120833633601	0.106	0.14	6.58351178544164e-07	MYO5A	c4
1.97377986807677e-11	-0.581543766171225	0.022	0.043	6.61966292155585e-07	GGH	c4
1.98849486206334e-11	0.262922605411738	0.324	0.279	6.66901406838803e-07	RIC8A	c4
2.02798734080456e-11	0.120664004126652	0.659	0.593	6.80146394359032e-07	POLD4	c4
2.04810255846219e-11	-0.709218231958888	0.068	0.098	6.86892636057049e-07	PCYOX1L	c4
2.08554865572683e-11	-0.380535868591001	0.211	0.25	6.99451308157664e-07	PRPF19	c4
2.09358487372305e-11	0.255005023382522	0.2	0.16	7.02146494949235e-07	PURA	c4
2.18948581476422e-11	0.352586418548376	0.171	0.135	7.34309752555624e-07	CEACAM21	c4
2.23190095943026e-11	0.239635727648494	0.312	0.265	7.48534943773719e-07	PPP4R3A	c4
2.23406027713859e-11	0.646792752985195	0.051	0.032	7.49259135746741e-07	ZNF432	c4
2.23641107754117e-11	-0.290499661314214	0.389	0.422	7.50047547185758e-07	BAZ1A	c4
2.24228116173448e-11	0.337187610749935	0.215	0.178	7.5201625602251e-07	NUPL2	c4
2.25650321575886e-11	-0.668220805057328	0.063	0.091	7.56786048501207e-07	AC093512.2	c4
2.26736130673061e-11	0.308456062413842	0.147	0.113	7.60427635051314e-07	MARCH2	c4
2.27373698249067e-11	-2.78492640985185	0.003	0.014	7.62565909187722e-07	SLC9A7	c4
2.2923960868857e-11	0.177033257562143	0.479	0.426	7.68823799619726e-07	LUC7L3	c4
2.30920191741944e-11	0.128289281959218	0.559	0.496	7.74460139064133e-07	SDF4	c4
2.31371757295574e-11	0.704981855143019	0.099	0.073	7.75974599617897e-07	RBBP8	c4
2.31799154209869e-11	0.890990073856864	0.035	0.02	7.7740800338906e-07	NCEH1	c4
2.32168109445377e-11	0.292928536382545	0.248	0.207	7.78645405457906e-07	TOR3A	c4
2.33821861771785e-11	-0.774317296665561	0.023	0.044	7.84191760010211e-07	KNSTRN	c4
2.3392822318054e-11	0.284758145676879	0.243	0.203	7.84548474902894e-07	GPS2	c4
2.34936786411776e-11	1.67262076125528	0.015	0.007	7.87930994267813e-07	CHRNA5	c4
2.34961302091358e-11	-0.11667726329496	0.856	0.859	7.88013214953996e-07	UQCR11	c4
2.3666001811783e-11	0.224593024300164	0.29	0.245	7.93710368763577e-07	TBL1XR1	c4
2.44787901784815e-11	-0.273379294457034	0.581	0.584	8.20969665005913e-07	TXN	c4
2.46381638307839e-11	0.12055218070316	0.792	0.721	8.26314738556832e-07	TRAPPC1	c4
2.46815018747458e-11	0.212190120282698	0.364	0.316	8.27768209875225e-07	DNAJC7	c4
2.48353794805596e-11	0.723269586675209	0.055	0.036	8.32928957019009e-07	HEATR5A	c4
2.51942741420518e-11	0.246943027884413	0.33	0.283	8.44965566176133e-07	RBM22	c4
2.54943147460835e-11	0.2625292838009	0.199	0.16	8.55028327954148e-07	CDC14A	c4
2.5819713573979e-11	-0.808408279985741	0.052	0.078	8.65941553844108e-07	NFE2L3	c4
2.5927761822267e-11	0.250735340969997	0.309	0.264	8.69565275995189e-07	RRP1B	c4
2.63236029150592e-11	-0.118601052092804	0.849	0.849	8.82840994565255e-07	COX6C	c4
2.64769480684917e-11	0.277728304531003	0.154	0.119	8.87983884321075e-07	ZNF274	c4
2.6581039058068e-11	0.352903205404014	0.116	0.087	8.91474887929486e-07	TULP4	c4
2.70066360485947e-11	0.101894178072877	0.514	0.447	9.05748559797769e-07	TRAT1	c4
2.75172854724481e-11	-1.00206972305873	0.012	0.029	9.22874720174964e-07	AC091057.6	c4
2.77345817639083e-11	0.145601035879583	0.573	0.514	9.30162403197958e-07	OXNAD1	c4
2.80612031539079e-11	0.523081651645497	0.07	0.047	9.41116631375764e-07	ANKS3	c4
2.81899029784466e-11	0.687301118430631	0.042	0.026	9.45432966091141e-07	AL390728.6	c4
2.82394104753262e-11	0.25517321920622	0.288	0.244	9.4709334852149e-07	VMA21	c4
2.83306388301175e-11	0.157469860170737	0.51	0.453	9.50152965084479e-07	EIF4A1	c4
2.84111832285959e-11	0.250922043615185	0.238	0.196	9.52854263120649e-07	HAT1	c4
2.88217012730743e-11	0.233926904072571	0.298	0.254	9.66622217296367e-07	FAM208A	c4
2.89136309696596e-11	-1.44878275123504	0.002	0.014	9.69705355460444e-07	TEDC2	c4
2.97477340921688e-11	-2.70397942329842	0.003	0.015	9.97679505983157e-07	SYNM	c4
3.02745481824572e-11	0.319048068894236	0.204	0.166	1.01534779694325e-06	GSKIP	c4
3.07744574328708e-11	0.251597340834479	0.255	0.212	1.03211375338362e-06	NMRAL1	c4
3.19083740949984e-11	0.266778577188483	0.245	0.204	1.07014305039806e-06	FKBP4	c4
3.19304085459743e-11	0.455608545041879	0.092	0.066	1.07088204181489e-06	TMEM192	c4
3.2296842635124e-11	2.04632808657995	0.012	0.004	1.08317150829679e-06	FOXN3-AS1	c4
3.2524658840999e-11	0.326251671000189	0.208	0.17	1.09081200820943e-06	C3orf38	c4
3.26462157934844e-11	0.450617798388548	0.086	0.061	1.09488878528188e-06	ARMC2	c4
3.30084572739652e-11	0.328805485129512	0.197	0.16	1.10703764005424e-06	MUC20-OT1	c4
3.31863901445845e-11	0.924471079545714	0.035	0.02	1.11300515266908e-06	GRK4	c4
3.40104393736505e-11	0.14325546620672	0.607	0.541	1.14064211571349e-06	AP2M1	c4
3.58058792844693e-11	0.352357174313869	0.151	0.117	1.20085757944253e-06	SMYD3	c4
3.67384241278389e-11	-8.10109425762101	0	0.01	1.23213326839946e-06	CXCL13	c4
3.75408931540715e-11	0.368769863732132	0.141	0.109	1.25904647460125e-06	COG2	c4
3.76230431601006e-11	-1.32403540925593	0.027	0.047	1.26180162150345e-06	LYPD3	c4
3.78482659614653e-11	-0.995984847869484	0.009	0.024	1.26935514381562e-06	FHL2	c4
3.83589428406574e-11	-0.693754857730297	0.021	0.04	1.28648222498997e-06	RFC3	c4
3.90861016753255e-11	0.280628654456766	0.246	0.206	1.31086967798707e-06	DPH3	c4
3.91393946692107e-11	-1.52390963081625	0.003	0.016	1.31265701841599e-06	GINS1	c4
3.934420263537e-11	0.162525055334214	0.461	0.407	1.31952586798504e-06	MRFAP1	c4
3.95120807354499e-11	1.02536318926606	0.021	0.01	1.32515616370552e-06	CAPS2	c4
3.99341391391214e-11	-0.813732415197262	0.062	0.09	1.33931115844785e-06	FBLN5	c4
4.05344363016956e-11	-0.920546784624703	0.03	0.052	1.35944392468627e-06	HIST1H2AG	c4
4.11962995861734e-11	-4.32980671932931	0.001	0.011	1.38164149552108e-06	CPM	c4
4.1488577776805e-11	-5.01906817814382	0.001	0.011	1.39144392147849e-06	FANK1	c4
4.19637160704763e-11	-0.790061400650192	0.064	0.092	1.40737910957163e-06	ATP8B2	c4
4.34939422086068e-11	1.19752658947925	0.021	0.01	1.45869983379225e-06	NRSN2-AS1	c4
4.57875054835497e-11	-3.19874595563814	0.001	0.011	1.53562135890729e-06	P2RY14	c4
4.58087498541378e-11	0.392580120148524	0.162	0.129	1.53633385260807e-06	SEC23IP	c4
4.6270813202292e-11	-3.32335206322215	0	0.01	1.55183053317847e-06	CDC25A	c4
4.65414724665092e-11	-5.16420193526705	0	0.01	1.56090790358179e-06	COL6A3	c4
4.68278251991468e-11	0.326004456801931	0.103	0.075	1.57051160152899e-06	PCYOX1	c4
4.74058086515193e-11	-2.00800919798247	0.004	0.017	1.58989601055465e-06	HLA-DOA	c4
4.74412418344655e-11	0.215149479849601	0.371	0.324	1.5910843686443e-06	EPRS	c4
4.85735235153739e-11	0.127853800130396	0.635	0.57	1.62905883165861e-06	PAK2	c4
4.88168339399214e-11	0.203963802941136	0.343	0.294	1.63721897667709e-06	GLOD4	c4
5.00707431004806e-11	-0.467878065971518	0.141	0.177	1.67927258210392e-06	PPIF	c4
5.03775189481435e-11	0.312208038086562	0.214	0.176	1.68956123048284e-06	CAPNS1	c4
5.1588041418434e-11	0.100932707765407	0.828	0.786	1.73015973309144e-06	PRR13	c4
5.17960419233765e-11	-4.78374835620844	0	0.01	1.7371356540262e-06	HIST1H1A	c4
5.18776770212111e-11	0.518417895150125	0.057	0.037	1.73987353193738e-06	ZNF549	c4
5.20932220202107e-11	0.67656254400047	0.048	0.031	1.74710248011383e-06	SLC16A6	c4
5.22707703900437e-11	-3.61807817053603	0.002	0.013	1.75305709734128e-06	RTP5	c4
5.24815083670139e-11	0.10803341509666	0.324	0.273	1.76012482761291e-06	PLD3	c4
5.27047001733614e-11	0.317506183594126	0.198	0.161	1.76761023441419e-06	PMS1	c4
5.44154653577553e-11	0.400487769340957	0.145	0.114	1.8249858771684e-06	SEC16A	c4
5.48753231534283e-11	1.35312977742041	0.01	0.004	1.84040858791968e-06	AP006284.1	c4
5.50957589264207e-11	0.21817525969255	0.306	0.259	1.8478015628743e-06	ZNF22	c4
5.56294834585982e-11	-3.10069864708899	0.002	0.013	1.86570161623447e-06	TNS4	c4
5.57173432994912e-11	0.738670639204327	0.038	0.023	1.86864825957834e-06	RALGPS1	c4
5.65030479849535e-11	0.266754202381842	0.104	0.076	1.89499922331937e-06	TMEM65	c4
5.67327463756718e-11	-0.459889864603283	0.136	0.172	1.90270284794728e-06	REEP3	c4
5.80040365872729e-11	0.40296591012459	0.163	0.13	1.94533937906396e-06	ZFPL1	c4
5.87801327604921e-11	-0.451928772467255	0.206	0.24	1.97136809252138e-06	NUDT1	c4
6.05612403847058e-11	0.290134503274159	0.079	0.054	2.03110288002226e-06	BX284668.5	c4
6.06892858679341e-11	0.483075914066561	0.094	0.068	2.03539726943877e-06	CTU2	c4
6.06917570783301e-11	-2.37125707313433	0.002	0.012	2.03548014889303e-06	C17orf53	c4
6.2630924599245e-11	-2.33151677281443	0.005	0.018	2.10051594920948e-06	FGFR1	c4
6.28029552852107e-11	-2.88597207148083	0.003	0.014	2.1062855143554e-06	MINDY1	c4
6.30228549122627e-11	0.138195733682228	0.612	0.558	2.11366050804747e-06	MATR3.1	c4
6.35899101714039e-11	0.493278081087436	0.058	0.038	2.13267840732855e-06	ZNF552	c4
6.39054635702475e-11	0.899791307499776	0.045	0.028	2.14326143721896e-06	B4GALT5	c4
6.40696089744862e-11	0.491199702120806	0.101	0.075	2.14876654578632e-06	PRIMPOL	c4
6.56886619727635e-11	-1.20283645847398	0.014	0.031	2.20306634524254e-06	SMAGP	c4
6.58020470571664e-11	0.313041897541378	0.115	0.085	2.20686905420325e-06	ZNF14	c4
6.62316578263634e-11	0.267987771441246	0.219	0.178	2.22127734018058e-06	HNRNPH2	c4
6.62965464614429e-11	0.413073973009541	0.152	0.12	2.22345357522387e-06	CHD1L	c4
6.72267648433004e-11	0.346375228163078	0.138	0.106	2.25465123931461e-06	FEM1A	c4
6.84775343198176e-11	-2.32630549675988	0.004	0.016	2.29659954601804e-06	AL139352.1	c4
6.94944707865462e-11	-2.05728470485531	0.014	0.03	2.33070556123918e-06	TRAV8-1	c4
6.96308510247901e-11	-2.92758688264529	0.004	0.017	2.33527948166941e-06	EMP1	c4
7.08037482643546e-11	-3.37545545992517	0.001	0.011	2.37461610928992e-06	HIST1H3F	c4
7.12744772692155e-11	-1.44816997525836	0.018	0.036	2.39040341865495e-06	LFNG	c4
7.17047657431115e-11	0.364761187578656	0.096	0.07	2.40483443349247e-06	TUBGCP6	c4
7.22502725184026e-11	1.60831094512684	0.017	0.008	2.42312963972219e-06	PXDN	c4
7.23882379484511e-11	0.64859887247567	0.04	0.024	2.42775672431515e-06	IFIT3	c4
7.31400940834811e-11	-0.386929082137208	0.55	0.477	2.45297247537179e-06	HSPA1B	c4
7.34465614293968e-11	0.21257708822851	0.355	0.308	2.46325077721911e-06	AK2	c4
7.40320404945019e-11	0.216771313741361	0.31	0.264	2.4828865741046e-06	RPIA	c4
7.53463065780615e-11	0.240729542087198	0.246	0.204	2.52696443001503e-06	FAF1	c4
7.55332942168182e-11	0.58700407655808	0.06	0.04	2.53323562144365e-06	AP000787.1	c4
7.55580480503766e-11	0.76617105838764	0.03	0.016	2.53406581551353e-06	LINC00665	c4
7.57719605440492e-11	-0.223681613237131	0.488	0.518	2.54124001272632e-06	MAX	c4
7.58629006559452e-11	0.105756291960928	0.206	0.164	2.54428996219909e-06	MCM5	c4
7.5957760387177e-11	0.407290313457399	0.185	0.151	2.54747136786514e-06	STYXL1	c4
7.61130241321284e-11	-2.40520657810946	0.005	0.017	2.55267860334332e-06	KLF5	c4
7.65452006943195e-11	-0.236865339115048	0.453	0.481	2.56717294088609e-06	OXA1L	c4
7.71798224157045e-11	0.635333514969761	0.046	0.029	2.5884568841779e-06	TMEM117	c4
7.80318951698642e-11	-0.815717452209817	0.019	0.038	2.61703370020691e-06	AURKA	c4
7.90393659402368e-11	0.164148243631665	0.381	0.328	2.65082225490366e-06	COPS5	c4
8.04328812322952e-11	0.229249949315626	0.299	0.254	2.69755797076872e-06	ACSL5	c4
8.1849978340423e-11	0.142644352441662	0.576	0.527	2.7450845735811e-06	MPHOSPH8	c4
8.23658561977062e-11	0.360499135306204	0.155	0.122	2.76238608515867e-06	POLR3C	c4
8.33533397418157e-11	-0.159833532006395	0.94	0.919	2.79550430826102e-06	ARPC1B	c4
8.78692104967542e-11	-1.88051471933827	0.002	0.013	2.94695758164014e-06	PYCR1	c4
8.83362888755509e-11	0.288122942618813	0.194	0.157	2.96262245630823e-06	TLE3	c4
8.96285098087293e-11	-3.03924777850958	0.002	0.013	3.00596096196516e-06	CES4A	c4
9.05062581618765e-11	0.351256858536351	0.156	0.123	3.03539888623301e-06	HDHD5	c4
9.06256931392705e-11	0.261542233590333	0.299	0.255	3.03940449650485e-06	PCID2	c4
9.10549827528156e-11	0.278901847971476	0.224	0.185	3.05380201156393e-06	GTPBP4	c4
9.25585237870539e-11	0.223427612851747	0.287	0.242	3.10422777077021e-06	LARS	c4
9.63661437354053e-11	0.248596036114435	0.26	0.217	3.23192772859802e-06	DCTN4	c4
9.80180148155466e-11	0.348279081258239	0.178	0.144	3.2873281808838e-06	WDR48	c4
9.82921983369752e-11	-1.10636513400384	0.025	0.045	3.29652374782548e-06	MKL2	c4
9.84209545638493e-11	-2.23862193813188	0.005	0.017	3.30084197416238e-06	SECTM1	c4
9.8736129976669e-11	0.492943792366652	0.073	0.05	3.31141232715752e-06	HSDL1	c4
1.00803816097261e-10	0.283129740439889	0.195	0.158	3.38075838426993e-06	NOP14	c4
1.0080820703931e-10	0.262701799275874	0.235	0.195	3.38090564768439e-06	PTPN11	c4
1.0132479500899e-10	0.503073178218319	0.053	0.034	3.39823097501149e-06	AC025171.3	c4
1.01469306166413e-10	-3.00699759851944	0.003	0.014	3.40307759020916e-06	SLC22A17	c4
1.01593519393788e-10	0.737607442945237	0.035	0.02	3.40724345342885e-06	PPP1R13L	c4
1.01704239790475e-10	0.319640638197486	0.146	0.114	3.41095679409297e-06	ZNF92	c4
1.02615172825771e-10	0.338155631258653	0.208	0.171	3.44150766623071e-06	TDP2	c4
1.03655192675129e-10	0.29299173222839	0.221	0.181	3.47638785193849e-06	TMEM87B	c4
1.05899383472526e-10	-0.28129559891142	0.439	0.469	3.55165352290159e-06	CFLAR	c4
1.06267770739736e-10	0.27035645221273	0.249	0.21	3.56400849506925e-06	RPAP2	c4
1.06421283412776e-10	0.293675810712753	0.184	0.148	3.56915700309769e-06	HSD17B12	c4
1.11126843753238e-10	0.21469727617602	0.26	0.217	3.72697208579609e-06	VHL	c4
1.11775282858218e-10	0.579230062012373	0.062	0.042	3.74871943649891e-06	ATP10A	c4
1.12729900789033e-10	-3.80838108097954	0.002	0.012	3.7807354126626e-06	ME1	c4
1.1344795220177e-10	0.36779565459794	0.134	0.104	3.80481742094297e-06	FEM1B	c4
1.14067661748202e-10	-0.703324580791153	0.059	0.086	3.82560123971119e-06	NCDN	c4
1.1574473398182e-10	-0.201587521529831	0.964	0.934	3.88184688828228e-06	VIM	c4
1.17606014728227e-10	0.275734875053418	0.168	0.133	3.94427052195527e-06	TTC37	c4
1.18233125291888e-10	0.230808025845749	0.311	0.266	3.96530255603935e-06	SP3	c4
1.19154611910295e-10	1.37657752902527	0.011	0.004	3.99620737424748e-06	LRP11	c4
1.19170622630883e-10	0.143757731334692	0.468	0.414	3.99674434179455e-06	ITSN2	c4
1.20659330097654e-10	0.461764841132785	0.116	0.088	4.04667261281511e-06	CCDC126	c4
1.21554165714053e-10	-0.468364944412623	0.104	0.137	4.0766836097179e-06	TGIF2	c4
1.21994284334604e-10	-1.9908858350575	0.006	0.019	4.09144430801396e-06	FAM174B	c4
1.22456861381504e-10	0.627183911227738	0.055	0.036	4.10695821701286e-06	FBF1	c4
1.23717366903888e-10	0.550320731101991	0.086	0.062	4.14923305122261e-06	ANKMY2	c4
1.27270622724328e-10	0.225787333001651	0.306	0.263	4.2684021449285e-06	UBE2E3	c4
1.27365301835789e-10	0.462235472337643	0.073	0.051	4.2715774929687e-06	CCL28	c4
1.27408059621791e-10	0.648189704278067	0.058	0.039	4.27301150359561e-06	AP5B1	c4
1.27612638537476e-10	0.215368345953499	0.317	0.272	4.27987267126986e-06	NAA50	c4
1.28336657446296e-10	0.229296286176143	0.307	0.262	4.30415481743387e-06	MRPS26	c4
1.31942996695611e-10	0.118069892203403	0.534	0.472	4.42510422317741e-06	IMP3	c4
1.34777976589751e-10	0.411162902099273	0.076	0.053	4.52018377886707e-06	BBS9	c4
1.37185143634609e-10	0.142401481644128	0.576	0.514	4.60091534721753e-06	RNF7	c4
1.39417562243667e-10	-0.728120713424395	0.045	0.07	4.67578620252812e-06	SLC36A4	c4
1.41570231958052e-10	1.16204238295593	0.013	0.005	4.74798243940913e-06	GATM	c4
1.42103306970905e-10	0.197872998401485	0.352	0.305	4.76586070919021e-06	POP5	c4
1.4265569275757e-10	0.213222900333853	0.315	0.27	4.78438662370337e-06	SMIM19	c4
1.46453380141521e-10	-0.242417166054249	0.41	0.444	4.91175346318634e-06	CLNS1A	c4
1.47624614056016e-10	0.392194894229252	0.072	0.049	4.95103430621065e-06	ABCC5	c4
1.51342851108308e-10	0.156221438066379	0.561	0.503	5.07573654047045e-06	SDHD	c4
1.51989527042309e-10	0.309785396431943	0.173	0.139	5.09742475794496e-06	ESYT2	c4
1.52193243872564e-10	0.198909268327196	0.424	0.375	5.10425701299806e-06	PDCD2	c4
1.52671974432908e-10	0.445877587955855	0.095	0.069	5.12031267853086e-06	TCAF1	c4
1.60505584278611e-10	0.155258261000901	0.474	0.42	5.38303628553607e-06	GNAI2	c4
1.66810212840468e-10	0.22991614830473	0.214	0.175	5.59448091824362e-06	ARFGEF1	c4
1.70892785909405e-10	0.309106653642369	0.166	0.133	5.73140225382962e-06	HACL1	c4
1.71247221940329e-10	0.356505256786131	0.102	0.075	5.74328932943476e-06	HEMK1	c4
1.75433744050027e-10	0.156980023599832	0.49	0.438	5.88369690794981e-06	CGGBP1	c4
1.76596517111956e-10	0.210732615269319	0.335	0.289	5.92269399090078e-06	NGDN	c4
1.82388493990169e-10	-0.317793779958396	0.673	0.658	6.11694531144229e-06	ISG20	c4
1.82519375425078e-10	1.29123921700575	0.013	0.005	6.12133481300626e-06	AC024909.2	c4
1.839747512351e-10	0.221255844805233	0.352	0.304	6.1701452069228e-06	MANF	c4
1.87356641175126e-10	1.33897387297171	0.011	0.004	6.28356703173137e-06	FAM131B	c4
1.87659503843892e-10	-0.62659007163274	0.065	0.092	6.29372443991644e-06	TAF9B	c4
1.88248190277663e-10	0.2666197332767	0.296	0.254	6.31346780553226e-06	SMIM15	c4
1.897174955606e-10	-0.730463473382477	0.015	0.032	6.36274536611139e-06	C1orf112	c4
1.91399491505862e-10	0.259521162930412	0.231	0.193	6.41915614612361e-06	TMEM120A	c4
1.94919502572885e-10	0.211027831090738	0.291	0.247	6.53721027728943e-06	CABIN1	c4
1.96399257766462e-10	0.137007743002703	0.605	0.544	6.58683830697162e-06	RAD23A	c4
1.97716510567298e-10	0.367754886725991	0.188	0.154	6.63101633140605e-06	MDM2	c4
2.04134708037439e-10	0.188592561404514	0.343	0.295	6.84626983815963e-06	DUSP11	c4
2.09273959830781e-10	-4.08991279207345	0.001	0.011	7.01863006480473e-06	TTC16	c4
2.11697050495966e-10	0.429752166405022	0.074	0.052	7.0998956795337e-06	ZNF71	c4
2.12522251892915e-10	0.321141842536844	0.171	0.137	7.12757128398457e-06	YTHDF3	c4
2.13614889508902e-10	0.69045979763164	0.044	0.027	7.16421616434956e-06	AL592295.4	c4
2.14432504244256e-10	0.339061679470404	0.081	0.058	7.19163732734386e-06	CTSO	c4
2.17012129625661e-10	1.07644698392262	0.017	0.008	7.27815280338543e-06	LINC00685	c4
2.19405093271644e-10	1.17789913136806	0.014	0.006	7.35840801814439e-06	SNX21	c4
2.22178586601988e-10	1.7517396267956	0.01	0.003	7.45142543745748e-06	SOGA1	c4
2.22338109691616e-10	0.329092485531686	0.22	0.183	7.45677552283742e-06	SMARCD1	c4
2.26362842721601e-10	-0.163064587487729	0.667	0.683	7.59175701919705e-06	ANXA6	c4
2.27366571006165e-10	0.132395229533567	0.556	0.492	7.62542005840475e-06	MRPL41	c4
2.27939189529592e-10	0.374268228400112	0.15	0.118	7.64462453844346e-06	RALB	c4
2.31414808613951e-10	-0.424400329653579	0.182	0.219	7.76118985129468e-06	PARP9	c4
2.36106499342605e-10	0.137927103117827	0.46	0.404	7.91853977495228e-06	GIMAP6	c4
2.37102888158402e-10	0.444768082436541	0.049	0.032	7.9519566630565e-06	DISC1	c4
2.39431041218695e-10	0.714715528739823	0.058	0.039	8.03003826039259e-06	KCNK5	c4
2.41902460622249e-10	0.210804909957952	0.141	0.108	8.11292472434897e-06	AL139246.5	c4
2.44475578025489e-10	-2.31622797709979	0.005	0.017	8.19922193581884e-06	VIPR1	c4
2.4645545082521e-10	0.362215193403362	0.154	0.122	8.26562290977589e-06	RAD9A	c4
2.50331873768954e-10	-0.570001603598254	0.134	0.165	8.39563038246318e-06	SH3YL1	c4
2.51008975519038e-10	0.308198659420292	0.105	0.077	8.41833902095751e-06	ZNF737	c4
2.53101775838342e-10	0.272242809769045	0.205	0.168	8.48852735806632e-06	ANKRD49	c4
2.53629636680566e-10	0.182717353661478	0.361	0.312	8.50623075499283e-06	ELOVL1	c4
2.60492518923105e-10	0.391304683955845	0.129	0.099	8.73639809964308e-06	PDP1	c4
2.60525959856732e-10	0.205484693069904	0.261	0.219	8.73751964167509e-06	GRK2	c4
2.63358906389478e-10	-0.315649067330649	0.207	0.247	8.83253100249033e-06	GTF2H5	c4
2.63777425192303e-10	0.236291739894716	0.234	0.194	8.84656728609945e-06	TCF12	c4
2.65619940536956e-10	0.320001369334022	0.207	0.171	8.90836156572842e-06	RDH14	c4
2.66163878506373e-10	-0.601591584391124	0.021	0.04	8.92660415734672e-06	CTNNAL1	c4
2.66705306666861e-10	1.04143899426008	0.016	0.007	8.94476257499318e-06	MISP3	c4
2.71288104145901e-10	0.658257032198441	0.072	0.051	9.09846043684523e-06	INAFM1	c4
2.74239358958151e-10	0.857285758880412	0.031	0.018	9.19743962073847e-06	ZFPM1	c4
2.81637705699388e-10	0.375177683875519	0.099	0.073	9.44556537374606e-06	HKR1	c4
2.8222193250813e-10	-0.428063252456771	0.241	0.277	9.46515917245767e-06	EPSTI1	c4
2.83140517177294e-10	0.343571026844575	0.122	0.093	9.49596666509207e-06	ZDHHC5	c4
2.97043391318477e-10	0.326396107451893	0.145	0.113	9.96224125803909e-06	ZBTB43	c4
3.00760188483175e-10	1.15842110457335	0.018	0.009	1.00868952013487e-05	ATAD3C	c4
3.13961502616581e-10	0.564638235854732	0.027	0.015	1.05296408747549e-05	PPP1R2C	c4
3.15610892218101e-10	0.189567120822771	0.397	0.347	1.05849581032107e-05	RBM42	c4
3.19585271485221e-10	0.283016514202812	0.206	0.17	1.07182508350714e-05	UBE4A	c4
3.24646841805837e-10	-1.29366745302567	0.015	0.031	1.08880057804841e-05	ZNF563	c4
3.30455119300957e-10	0.273128299501294	0.188	0.152	1.10828037911155e-05	KMT5B	c4
3.34673964121952e-10	-0.170893795826591	0.804	0.781	1.1224295408722e-05	COX8A	c4
3.35513986985457e-10	0.502189246203237	0.078	0.056	1.12524680955183e-05	AC005332.5	c4
3.37176650153254e-10	-0.528895780593869	0.106	0.137	1.13082304928398e-05	MAP3K5	c4
3.40285153860967e-10	0.38039763998687	0.077	0.054	1.14124834901891e-05	ADHFE1	c4
3.44505288045798e-10	0.243592046877571	0.234	0.195	1.155401835048e-05	HOOK3	c4
3.45551379560233e-10	0.193126443478734	0.279	0.234	1.15891021676911e-05	EBLN3P	c4
3.45892957009568e-10	0.742492160205168	0.037	0.022	1.16005579921869e-05	ZNF319	c4
3.49559693429758e-10	0.216430484960942	0.323	0.28	1.17235329982472e-05	GPAA1	c4
3.5288434518988e-10	-2.2784212163305	0.005	0.017	1.18350351689782e-05	SUSD4	c4
3.56187273926849e-10	-2.20083826249178	0.004	0.015	1.19458087929586e-05	GNG7	c4
3.63575271231725e-10	0.403643597181093	0.156	0.125	1.21935874465696e-05	RUSC1	c4
3.66196066431864e-10	0.250477069326563	0.283	0.243	1.22814836759919e-05	PABPN1	c4
3.6829475379496e-10	-0.481129340791535	0.093	0.124	1.23518694527754e-05	TP53INP1	c4
3.69326995743351e-10	0.307441862249496	0.201	0.165	1.23864887832405e-05	MYNN	c4
3.72992320482653e-10	-0.498938235913156	0.152	0.186	1.25094164443472e-05	MID1IP1	c4
3.81030981287256e-10	0.123285600031903	0.391	0.339	1.2779017050412e-05	P2RY10	c4
3.85136808113623e-10	0.214441063142133	0.296	0.253	1.29167182705147e-05	CLTC	c4
3.85734912047206e-10	0.527656685193732	0.074	0.052	1.29367774802392e-05	ZNF12	c4
3.92226268722211e-10	0.314909422849056	0.217	0.18	1.31544846004055e-05	EMG1	c4
3.99247714986578e-10	0.27629685165692	0.184	0.149	1.33899698652198e-05	TBC1D9B	c4
4.04039374738997e-10	-1.01032177319182	0.003	0.015	1.35506725499965e-05	CDC25C	c4
4.04237065879576e-10	0.630813074982302	0.045	0.029	1.35573027154692e-05	EXTL3	c4
4.09632851935026e-10	0.99775948385994	0.034	0.02	1.37382665881969e-05	PIGW	c4
4.11197422802714e-10	-0.317437661913544	0.337	0.367	1.37907391659574e-05	TMEM109	c4
4.13275648953291e-10	-3.77099981029473	0.001	0.01	1.38604387145955e-05	GLDC	c4
4.25545311859715e-10	-0.741328595090551	0.02	0.039	1.42719386691511e-05	CDC7	c4
4.35048013747155e-10	-0.40105250160689	0.032	0.053	1.45906402850521e-05	GSTZ1	c4
4.4761316935e-10	-0.735245252758554	0.077	0.105	1.50120504736603e-05	TUBB2A	c4
4.49407332396256e-10	0.355102765725167	0.11	0.083	1.50722231139056e-05	TRIM52	c4
4.53482010313127e-10	0.165917911331594	0.451	0.394	1.52088796618816e-05	FDFT1	c4
4.56748603589757e-10	0.533963562728592	0.079	0.057	1.53184346671933e-05	KLHL8	c4
4.64329321097166e-10	0.253350605250649	0.205	0.168	1.55726767709568e-05	EP300	c4
4.64835769946316e-10	0.407315164069888	0.117	0.09	1.55896620524595e-05	PHYH	c4
4.74309292590866e-10	0.318144971657694	0.182	0.149	1.59073850549125e-05	ADIPOR2	c4
4.89688009966692e-10	0.247909359518417	0.242	0.204	1.64231564782629e-05	NADSYN1	c4
5.00620062280405e-10	0.282436760122492	0.188	0.152	1.67897956487602e-05	GPR155	c4
5.05691732148454e-10	0.662454342949621	0.056	0.038	1.69598893127949e-05	MANEA-DT	c4
5.16659707671147e-10	-1.67323693359529	0.01	0.024	1.73277332758749e-05	VSIG1	c4
5.17054209089064e-10	0.110206593233565	0.733	0.685	1.7340964064429e-05	HSP90B1	c4
5.17103630120425e-10	0.247110557710616	0.196	0.16	1.73426215469788e-05	RNF6	c4
5.41972240685849e-10	0.269018243172557	0.195	0.158	1.8176665008122e-05	SPTLC1	c4
5.61313536048618e-10	0.982053735613992	0.024	0.013	1.88253333719985e-05	ZNF630	c4
5.61405358265656e-10	0.289934537029752	0.116	0.087	1.88284129055136e-05	ALDOC	c4
5.73704128542875e-10	0.102181699599074	0.789	0.725	1.9240889063071e-05	SERBP1	c4
5.76498126989392e-10	0.557038421469231	0.09	0.066	1.93345941829702e-05	SIAH1	c4
5.94200706008192e-10	0.380500248911438	0.09	0.066	1.99283032781027e-05	ERCC6	c4
5.99317247559875e-10	0.142692726978609	0.49	0.437	2.00999018486631e-05	CYBC1	c4
6.02109243378663e-10	1.36975426202272	0.012	0.005	2.01935398044336e-05	RGPD5	c4
6.18107434832352e-10	0.226293990570502	0.296	0.254	2.07300871494074e-05	ERCC1	c4
6.24322939862483e-10	0.337753474487607	0.175	0.142	2.09385427571079e-05	LINC00847	c4
6.32808033670586e-10	0.546830617689713	0.062	0.042	2.12231158332441e-05	PRICKLE3	c4
6.39590504309189e-10	0.584002920488674	0.049	0.032	2.14505863335216e-05	FAM27C	c4
6.41607560284651e-10	0.941082089652821	0.043	0.027	2.15182343568266e-05	C17orf58	c4
6.65788195191774e-10	-0.440330268464241	0.12	0.154	2.23292044903417e-05	FAM53B	c4
6.66207466895599e-10	-0.646488314855743	0.083	0.111	2.23432660247446e-05	TTC39B	c4
6.71286171955328e-10	0.6643653290397	0.033	0.019	2.25135956350378e-05	FGR	c4
6.71440218963859e-10	0.106059747969578	0.36	0.307	2.25187620636099e-05	BCL2A1	c4
6.77809931835246e-10	0.361820941117593	0.115	0.087	2.27323894938905e-05	ZNF264	c4
6.95524934796922e-10	-0.291644135519567	0.271	0.31	2.33265152632192e-05	PPT1	c4
6.99520734198738e-10	0.550000408360172	0.062	0.043	2.34605263835573e-05	ZKSCAN8	c4
7.01349975357362e-10	-2.12046265147138	0.003	0.014	2.35218754735352e-05	KLF7	c4
7.02941598560204e-10	0.540161636434342	0.027	0.015	2.35752553325121e-05	ZFP28	c4
7.1052836178876e-10	0.322589095561157	0.213	0.179	2.38297001976714e-05	PTPA	c4
7.1158248540306e-10	-0.406333418074578	0.574	0.587	2.38650533954478e-05	DDIT4	c4
7.13077901428023e-10	0.360542017415376	0.141	0.111	2.3915206658093e-05	PNO1	c4
7.1563424234166e-10	-0.104630205131533	0.853	0.848	2.40009412196546e-05	COX6B1	c4
7.26952363394939e-10	-2.94536255990829	0.002	0.012	2.43805283635395e-05	IFI27	c4
7.27635652008207e-10	0.321496102958338	0.194	0.161	2.44034444970512e-05	ZNF593	c4
7.50111764202541e-10	0.582287992600663	0.074	0.053	2.51572483478248e-05	AP4M1	c4
7.67195028226074e-10	0.201472448054983	0.277	0.234	2.57301868566461e-05	XPC	c4
7.81561901062238e-10	1.35204118588112	0.01	0.004	2.62120230378253e-05	PHLDB1	c4
7.97824635533258e-10	0.348716147405649	0.147	0.116	2.67574426265144e-05	RNF2	c4
8.04487590824875e-10	0.357026918585788	0.112	0.085	2.69809048210847e-05	AEN	c4
8.16524864930445e-10	0.308656665019108	0.197	0.163	2.73846109200372e-05	MFSD5	c4
8.3143809474497e-10	-0.423480185297986	0.054	0.081	2.78847708215568e-05	AL441992.1	c4
8.36075083680156e-10	0.166915802146869	0.734	0.702	2.80402861564651e-05	SELENOK	c4
8.4520188027145e-10	0.212956338453025	0.311	0.269	2.83463806605439e-05	YIF1A	c4
8.45439404876901e-10	-3.36781971863891	0.002	0.011	2.83543467607615e-05	RHOU	c4
8.52086271358832e-10	-1.09698241198958	0.026	0.045	2.85772693688325e-05	ZYG11B	c4
8.52334024934478e-10	1.04125534275651	0.016	0.008	2.85855785282525e-05	GIPR	c4
8.58706417670537e-10	-0.699786793824006	0.007	0.019	2.87992958358345e-05	TRAIP	c4
8.61953036126737e-10	0.250463773916305	0.274	0.235	2.89081809256185e-05	NPEPPS	c4
8.63999948279002e-10	0.35326515014519	0.179	0.147	2.89768302653812e-05	GLE1	c4
8.65555367137002e-10	0.283390490115081	0.154	0.122	2.90289959030408e-05	ZNF480	c4
8.67105750694221e-10	-2.24390540266548	0.006	0.019	2.90809926667828e-05	F2RL1	c4
8.71278313470668e-10	-1.75200131866729	0.01	0.023	2.92209320771793e-05	KLF4	c4
8.75035140299448e-10	0.291315090018107	0.207	0.171	2.93469285353629e-05	PREP	c4
8.80599738999534e-10	-0.1617426064033	0.502	0.42	2.95335540465664e-05	CXCR6	c4
8.94162765517318e-10	1.48345787315392	0.011	0.005	2.99884308299198e-05	AC022075.1	c4
8.95284337795135e-10	0.158553896247734	0.375	0.327	3.00260461209732e-05	ARHGAP25	c4
8.9548075767008e-10	0.174448049854374	0.353	0.305	3.00326336507391e-05	RRP7A	c4
8.96701342314288e-10	0.234588186660465	0.24	0.2	3.00735696185366e-05	DTD1	c4
8.98366512002542e-10	0.423522008673008	0.06	0.041	3.01294160795412e-05	HABP4	c4
9.12431150220346e-10	0.213395078200546	0.228	0.188	3.060111591609e-05	AGFG2	c4
9.19886154902926e-10	-3.54489775198313	0.002	0.012	3.08511418631343e-05	MATN2	c4
9.30288065877321e-10	-0.235385108817942	0.435	0.467	3.12000011533936e-05	CCDC107	c4
9.30960048456137e-10	1.33449745844587	0.011	0.004	3.12225381051219e-05	AC011476.3	c4
9.38732131036206e-10	0.22530107838993	0.3	0.258	3.14831982106923e-05	ELOF1	c4
9.45381604138976e-10	0.302492446003743	0.185	0.152	3.1706208239613e-05	PES1	c4
9.67073827454903e-10	0.312786191157876	0.196	0.161	3.24337220251825e-05	GALK1	c4
9.80643341754288e-10	-0.509730613205095	0.021	0.039	3.28888163957553e-05	CCNF	c4
9.86574383839583e-10	-0.240554056204745	0.565	0.585	3.30877316852119e-05	RBL2	c4
9.86727400174216e-10	1.14795953340554	0.016	0.007	3.30928635470428e-05	RBMS2	c4
9.91686743460556e-10	0.332654565156785	0.131	0.102	3.32591900021801e-05	OSBPL2	c4
1.00891854631512e-09	0.152786609400266	0.463	0.413	3.38371102063166e-05	SLTM	c4
1.01294802406587e-09	0.691473419023581	0.04	0.025	3.39722508311212e-05	ZNF529-AS1	c4
1.01773556679548e-09	-0.533999511002277	0.133	0.164	3.41328154391867e-05	RRM1	c4
1.03050182812513e-09	-0.639025068301608	0.015	0.031	3.45609703116608e-05	CENPO	c4
1.04074610299536e-09	0.406633799082652	0.087	0.064	3.49045428022583e-05	BBS4	c4
1.05193790372861e-09	0.361423442984778	0.096	0.071	3.527989341525e-05	CASK	c4
1.07357599630428e-09	0.670927302875565	0.035	0.021	3.60055917640529e-05	HCG11	c4
1.0850442759409e-09	0.483141570881367	0.048	0.031	3.6390214926506e-05	ZNF441	c4
1.08904079258906e-09	-6.05987994563885	0.003	0.014	3.65242501018518e-05	CST3	c4
1.09106747647009e-09	0.23297112263802	0.201	0.164	3.65922210258539e-05	NUDCD3	c4
1.09635002087107e-09	-2.40535109558939	0.002	0.012	3.6769386999974e-05	OSBPL1A	c4
1.09923457238195e-09	-1.15302374436181	0.007	0.02	3.68661290885457e-05	TMEM237	c4
1.10074834317457e-09	0.984524582191942	0.015	0.007	3.69168979333887e-05	ZNF358	c4
1.10257249648237e-09	-0.368047982458532	0.241	0.276	3.69780763870257e-05	CRTAP	c4
1.11232342156733e-09	-0.79047561023311	0.071	0.096	3.73051029125252e-05	IL18BP	c4
1.1477836187821e-09	0.327460008727135	0.186	0.153	3.84943670067142e-05	TOP2B	c4
1.16471243486843e-09	-0.82305385791877	0.059	0.084	3.90621256406173e-05	SH3TC1	c4
1.17237314171876e-09	-0.427553201941825	0.084	0.114	3.93190504269636e-05	AARS	c4
1.19962472102104e-09	-0.136932147951519	0.746	0.739	4.02330138936037e-05	UQCR10	c4
1.20016588679395e-09	0.622492519219124	0.049	0.033	4.02511635112954e-05	TVP23C	c4
1.20748491706469e-09	0.18994274505164	0.357	0.313	4.04966291485155e-05	SNRNP200	c4
1.21475407306132e-09	0.176609631278358	0.363	0.318	4.07404221023305e-05	AAMP	c4
1.24427515865629e-09	0.306883336462311	0.207	0.173	4.17305002710146e-05	FBXO9	c4
1.25828234417777e-09	-0.805449564229411	0.035	0.056	4.22002732590341e-05	MCM2	c4
1.25894414655539e-09	0.285572889623468	0.186	0.152	4.22224687871747e-05	MAN2B2	c4
1.27425317627802e-09	0.173093248224201	0.394	0.346	4.27359030260121e-05	RNASEH2C	c4
1.27733946164732e-09	0.126129591000237	0.659	0.595	4.28394108647277e-05	GHITM	c4
1.27788761526623e-09	1.22064476066353	0.01	0.004	4.28577948407987e-05	USP2	c4
1.27795149061248e-09	0.169081673901492	0.457	0.405	4.28599370921613e-05	ZNF428	c4
1.27945761589419e-09	-0.565717008930573	0.031	0.051	4.29104495218595e-05	ATAD5	c4
1.28822551203837e-09	0.262929245184713	0.172	0.138	4.32045072227428e-05	LEMD3	c4
1.30391773449348e-09	-0.146728942483619	0.719	0.735	4.37307929794424e-05	ICAM3	c4
1.33221778245144e-09	0.331856923229939	0.135	0.106	4.46799199878564e-05	KHDC4	c4
1.33467903056595e-09	-1.88750801492208	0.005	0.017	4.47624653271207e-05	SBK1	c4
1.3419248685345e-09	-2.3080145092377	0.006	0.019	4.500547624091e-05	CRIP2	c4
1.34429995935035e-09	-0.511448624330011	0.151	0.184	4.5085132036692e-05	MX1	c4
1.35960554595345e-09	0.414146883155334	0.087	0.064	4.55984508001866e-05	SH2B3	c4
1.36807618770614e-09	-0.43544786285836	0.172	0.205	4.58825391832886e-05	SENP7	c4
1.39799657431963e-09	-0.358127530246493	0.237	0.273	4.68860091095317e-05	MALT1	c4
1.39869516522178e-09	1.10812569020103	0.011	0.005	4.69094384512081e-05	CLCN2	c4
1.40060629219164e-09	-1.39054489525604	0.008	0.022	4.69735338275233e-05	ZNF80	c4
1.40607207331249e-09	0.164539268603014	0.332	0.286	4.71568451947542e-05	ARID4A	c4
1.4133913957487e-09	0.130018297534058	0.551	0.492	4.74023206306198e-05	CCT3	c4
1.42997303026257e-09	0.95282147509164	0.019	0.009	4.7958435488946e-05	TBC1D16	c4
1.44010123966917e-09	-1.42259543014155	0.003	0.014	4.82981153760247e-05	ASRGL1	c4
1.47871404939736e-09	-1.12309008660112	0.022	0.04	4.95931117886886e-05	SLC31A2	c4
1.54133548964344e-09	-1.43016207689304	0.016	0.032	5.16933096516618e-05	WDR86	c4
1.55313960433623e-09	0.384012844180294	0.088	0.065	5.20891960502284e-05	FRAT2	c4
1.59384679043793e-09	0.541113248313724	0.068	0.048	5.34544336577074e-05	ANKRD35	c4
1.59477774551395e-09	-0.648309499646797	0.073	0.1	5.34856560290467e-05	BCL9L	c4
1.61086579258255e-09	0.611321798781301	0.035	0.021	5.40252169516337e-05	ZNF619	c4
1.6230664770065e-09	0.525020997591478	0.055	0.037	5.44344035058441e-05	ZNF234	c4
1.64344996877161e-09	-0.167198480062369	0.667	0.666	5.51180250526622e-05	GABARAPL2	c4
1.6733432160251e-09	0.133441908260748	0.519	0.473	5.612058477905e-05	GCC2	c4
1.68535725845916e-09	0.140038863252739	0.552	0.494	5.65235117342034e-05	POLR2E	c4
1.69044583335822e-09	0.214102265963858	0.283	0.242	5.6694172359168e-05	ZPR1	c4
1.70949976497418e-09	0.246324067404092	0.255	0.217	5.73332031177039e-05	PAGR1	c4
1.7195354247066e-09	0.361913866007197	0.129	0.101	5.766977907381e-05	SETDB2	c4
1.79300199651312e-09	0.750741034164952	0.042	0.027	6.01337009590571e-05	SCD5	c4
1.80814195515419e-09	0.398735011856416	0.077	0.056	6.06414648919612e-05	CLN8	c4
1.8441286617956e-09	-1.52958306020712	0.012	0.027	6.18483870593009e-05	TRBV4-2	c4
1.93458185514271e-09	-4.36912683878715	0.002	0.011	6.48820062577761e-05	TRBV10-2	c4
1.94750957482348e-09	0.185407513861009	0.417	0.372	6.53155761204298e-05	SH3GLB1	c4
1.95824703014577e-09	0.312570040940169	0.16	0.129	6.56756888970287e-05	NEK1	c4
1.9606216880431e-09	0.205098450359804	0.296	0.254	6.57553301735894e-05	MORF4L2	c4
1.96775388837959e-09	0.230157700515306	0.3	0.26	6.59945299084747e-05	RALA	c4
1.97000490132832e-09	0.244589686028226	0.242	0.204	6.60700243807491e-05	HGS	c4
1.97611683313622e-09	0.229307830652988	0.244	0.206	6.62750063497226e-05	CKAP2	c4
1.99575960096895e-09	0.479540875744467	0.073	0.052	6.69337854972967e-05	SCAMP1-AS1	c4
2.02434707372778e-09	-0.307906213866985	0.519	0.518	6.78925521586821e-05	JPT1	c4
2.02670337152724e-09	0.167103589292812	0.374	0.327	6.79715776742806e-05	NUB1	c4
2.0323154650387e-09	0.949990145508099	0.019	0.009	6.81597960664678e-05	KIF27	c4
2.06648076260994e-09	-0.951478846690398	0.047	0.069	6.9305631816412e-05	GGT7	c4
2.07751910194768e-09	-3.00924327513415	0.002	0.011	6.96758356411213e-05	HSF5	c4
2.08501897211534e-09	0.267624721039395	0.129	0.1	6.99273662868043e-05	SUMF1	c4
2.09346351995157e-09	0.258633273318716	0.181	0.148	7.02105795321357e-05	RAP2C	c4
2.11287346982948e-09	0.222797153850382	0.165	0.131	7.08615504311411e-05	SIDT1	c4
2.1160776226596e-09	0.286718472473781	0.184	0.151	7.09690113087575e-05	CUL3	c4
2.15237458389718e-09	0.413648794918955	0.107	0.082	7.21863387947436e-05	GXYLT1	c4
2.1697339838737e-09	0.207392721651919	0.315	0.273	7.27685383511561e-05	MRPS12	c4
2.18165668977906e-09	1.30705846931259	0.015	0.007	7.31684020618102e-05	IRS1	c4
2.19376344408868e-09	0.424910025937481	0.091	0.068	7.35744383878461e-05	TMEM161B-AS1	c4
2.20290845295128e-09	0.279889650825816	0.155	0.124	7.388114369508e-05	ADCY7	c4
2.20427118362864e-09	1.19387202733142	0.021	0.011	7.39268469565374e-05	AC022182.1	c4
2.21479682041469e-09	0.269580925182087	0.084	0.061	7.42798557630679e-05	ATP1B1	c4
2.22661659399661e-09	0.22459075694044	0.284	0.244	7.46762673294583e-05	ZNF721	c4
2.22801268518335e-09	-0.566999314696246	0.065	0.091	7.47230894356792e-05	NRROS	c4
2.23817349081758e-09	-0.740963258132663	0.034	0.055	7.506386253504e-05	NAPEPLD	c4
2.26586752619429e-09	-0.707933379369269	0.007	0.02	7.59926650935039e-05	POLE2	c4
2.28638402045987e-09	0.259384094215492	0.233	0.195	7.66807472781832e-05	ARHGAP17	c4
2.32148161407466e-09	-1.08631987767039	0.017	0.033	7.78578503728359e-05	MYEF2	c4
2.32662811588988e-09	-2.39373973399979	0.002	0.012	7.80304537507148e-05	AC004889.1	c4
2.33041901306245e-09	0.296114057131774	0.158	0.126	7.81575928600883e-05	POLM	c4
2.34501089132157e-09	0.256137658987857	0.252	0.215	7.86469752731428e-05	CCDC186	c4
2.34749167549934e-09	0.320143737605858	0.133	0.104	7.87301758128968e-05	NAA30	c4
2.37921551102064e-09	0.47094024671354	0.107	0.082	7.97941298086101e-05	ARSG	c4
2.38956209942089e-09	0.217219368575438	0.211	0.174	8.01411336903779e-05	CALCOCO1	c4
2.4589889414299e-09	-1.0733404608972	0.021	0.038	8.2469571117676e-05	ASPH	c4
2.46083823320174e-09	0.902062922338117	0.03	0.018	8.253159266512e-05	PKN3	c4
2.48573480156932e-09	-1.14000286150553	0.016	0.031	8.33665737750319e-05	QSER1	c4
2.51037636479988e-09	0.31778934569445	0.186	0.154	8.41930025226582e-05	MUS81	c4
2.53585656692464e-09	0.511256676863982	0.034	0.02	8.50475575415185e-05	CD40	c4
2.54130845677501e-09	0.130673924685505	0.563	0.509	8.52304030233203e-05	GRK6	c4
2.54627918355973e-09	-0.836885001489782	0.009	0.023	8.53971112582261e-05	C21orf58	c4
2.57770186870833e-09	0.382082673926511	0.098	0.074	8.64509652727399e-05	FAM199X	c4
2.57776754952748e-09	-1.82808891669074	0.005	0.016	8.64531680760527e-05	UBE2E2	c4
2.58998284365524e-09	-3.01662923055473	0.002	0.011	8.68628446105095e-05	GAS6	c4
2.60220266811467e-09	0.126583415271032	0.55	0.494	8.72726730832297e-05	TBRG1	c4
2.60509416774410e-09	0.225353221719739	0.236	0.198	8.73696481978015e-05	POM121C	c4
2.61022547156088e-09	-0.873348712725682	0.052	0.075	8.75417418652089e-05	PLEKHB1	c4
2.62964102197446e-09	0.392891101789127	0.122	0.095	8.81929005949795e-05	DYRK1A	c4
2.65168685267648e-09	-0.405090295415828	0.281	0.31	8.89322736650639e-05	RBPJ	c4
2.71303732873093e-09	0.657426471231136	0.046	0.03	9.09898459309778e-05	CCDC71L	c4
2.72781108386766e-09	0.87590713260346	0.037	0.023	9.14853281307537e-05	SFXN5	c4
2.75225404688278e-09	0.287155206098251	0.176	0.143	9.23050962243546e-05	OMA1	c4
2.755352226095e-09	0.303512585824515	0.164	0.133	9.2409002958774e-05	PNPLA6	c4
2.78835345167342e-09	-1.03831837461925	0.007	0.019	9.35157980622232e-05	CEND1	c4
2.81643775223739e-09	-1.91432452816588	0.007	0.019	9.44576893345377e-05	B3GNT8	c4
2.84942980380155e-09	0.813129363499041	0.03	0.018	9.55641767598963e-05	ACTL10	c4
2.90790076277172e-09	0.290837565279002	0.196	0.162	9.75251757818378e-05	TRMT2A	c4
2.92652674160731e-09	0.167102515960512	0.333	0.286	9.81498538600258e-05	OTUD6B-AS1	c4
2.93710467157025e-09	0.191635880017402	0.318	0.275	9.85046164751231e-05	UBLCP1	c4
2.93945860618442e-09	0.36664556594291	0.173	0.143	9.85835627342129e-05	FAM45A	c4
3.03486855849363e-09	1.04430860152474	0.025	0.014	0.000101783421714759	BRSK1	c4
3.04968916179059e-09	0.410678615624563	0.122	0.095	0.000102280475108133	TXLNA	c4
3.06145165430368e-09	-2.29656184253662	0.004	0.015	0.000102674965582037	FRY	c4
3.07729441275114e-09	0.36035583934392	0.108	0.083	0.000103206300014848	KANSL3	c4
3.07971944582748e-09	0.232525616018793	0.254	0.215	0.000103287630774162	AGGF1	c4
3.0835173316276e-09	-1.53900514088814	0.017	0.032	0.000103415004268127	FXYD7	c4
3.08551509767353e-09	-1.43648071545761	0.002	0.012	0.000103482005345775	PRRG4	c4
3.08862781253683e-09	0.170104300898034	0.422	0.374	0.00010358639957686	ZNF24	c4
3.10290460765694e-09	0.707327757280181	0.051	0.034	0.000104065214731598	SEPT8	c4
3.21786450272893e-09	-0.44043671430737	0.059	0.085	0.000107920739692523	AIM2	c4
3.23862781605567e-09	0.316779628658686	0.164	0.133	0.000108617099694875	PCYT2	c4
3.25116855482726e-09	-1.41552702385092	0.006	0.017	0.000109037690991797	GCAT	c4
3.2854489255824e-09	-0.611901565058742	0.059	0.083	0.000110187386066183	SFMBT1	c4
3.31478237194969e-09	0.818591446093434	0.02	0.01	0.000111171171190449	PRDM11	c4
3.35101645675512e-09	0.232314983021486	0.271	0.232	0.000112386389926653	CHMP2B	c4
3.35976008329629e-09	0.152333736175216	0.402	0.356	0.000112679633673591	KDM5A	c4
3.42532320267612e-09	0.326890640760902	0.174	0.142	0.000114878489571352	UBXN2A	c4
3.43729262645647e-09	0.303609856726592	0.196	0.163	0.000115279920106097	PPIL3	c4
3.45665246939431e-09	-0.455159810558496	0.068	0.095	0.000115929210518546	TCTEX1D2	c4
3.46244214945328e-09	0.156579303102105	0.44	0.394	0.000116123384808364	STXBP2	c4
3.52262514737957e-09	0.4934489497778	0.075	0.054	0.000118141802192816	PICK1	c4
3.60408929513935e-09	-0.639963162316537	0.017	0.033	0.000120873946780384	MASTL	c4
3.64888973051654e-09	-2.04141724113294	0.014	0.029	0.000122376463782064	TRBV12-4	c4
3.66005372050266e-09	0.633213098258469	0.055	0.038	0.000122750881678218	AXIN1	c4
3.73986416736235e-09	0.145602248263992	0.443	0.39	0.000125427564444998	RHEB	c4
3.7523280062051e-09	0.333906385558158	0.098	0.074	0.000125845576672106	ZNF3	c4
3.75448466853044e-09	-0.243093447459686	0.375	0.408	0.000125917906813174	DAP3	c4
3.80033865450197e-09	0.272921442289166	0.259	0.223	0.000127455757794687	GUSB	c4
3.80465983835644e-09	0.343063563821301	0.103	0.078	0.000127600681658798	TRIM39	c4
3.82546415438025e-09	0.173111142481688	0.391	0.343	0.000128298416809605	ITGB1BP1	c4
3.83582172899255e-09	0.251853860500912	0.209	0.175	0.000128645789146952	WDR18	c4
3.88500758920036e-09	0.17767086673341	0.337	0.294	0.000130295384526602	COA3	c4
3.95619581464621e-09	-3.35829093580653	0.002	0.01	0.000132682895231605	NIPAL2	c4
4.01174410793034e-09	0.201082199214978	0.311	0.27	0.000134545873891768	UBA3	c4
4.01378012534435e-09	-2.92028906037065	0.002	0.011	0.000134614157843799	ARHGEF5	c4
4.03326234071035e-09	0.155651947771964	0.416	0.368	0.000135267552382744	SMARCA5	c4
4.04510439891443e-09	0.117800414322676	0.409	0.355	0.000135664711330792	EIF4A3	c4
4.05362477164323e-09	0.125974008067288	0.597	0.553	0.000135950467591371	TSC22D4	c4
4.08223784326234e-09	-0.563197353083072	0.165	0.195	0.000136910092787332	CD81	c4
4.13535921785238e-09	-1.61031289371835	0.01	0.023	0.000138691677448333	IL1RAP	c4
4.1365047615037e-09	0.210593882540331	0.282	0.242	0.000138730096691311	C1orf52	c4
4.14516466236201e-09	0.416980319407661	0.091	0.067	0.000139020532446297	DNLZ	c4
4.17407856141465e-09	0.466785070808504	0.09	0.067	0.000139990246792725	VPS18	c4
4.21885067874185e-09	1.01762139245009	0.018	0.009	0.000141491814063644	CIB2	c4
4.23448020656509e-09	0.502526249030442	0.068	0.049	0.00014201599716778	RPGR	c4
4.2500642598786e-09	0.190845227797328	0.301	0.259	0.000142538655147809	PSMD14	c4
4.29496877694346e-09	0.279046241432188	0.211	0.177	0.00014404466284113	NINJ1	c4
4.30740025283077e-09	0.377909107595881	0.093	0.069	0.000144461589679438	ZNF680	c4
4.3653875245236e-09	0.721801432026289	0.022	0.012	0.000146406366797473	MYO15B	c4
4.42037883125134e-09	0.496663698257231	0.046	0.03	0.000148250665242507	ACO1	c4
4.5363402075454e-09	0.543462062935824	0.053	0.036	0.000152139777880658	DHX34	c4
4.54538085169465e-09	-0.155601763450301	0.053	0.077	0.000152442983004135	TRAV4	c4
4.5468398626154e-09	0.210415832055556	0.272	0.231	0.000152491915312395	ZNF146	c4
4.58658934743277e-09	-0.328209245092663	0.017	0.033	0.0001538250335342	CENPP	c4
4.63181337357366e-09	0.213085273257716	0.256	0.218	0.000155341756922914	DNAJC2	c4
4.66557137080321e-09	0.132399163611421	0.571	0.516	0.000156473932633998	ODC1	c4
4.7997927608093e-09	-0.15377840938268	0.703	0.702	0.000160975449612022	NDUFB2	c4
4.85020367066471e-09	-1.13602670171352	0.009	0.021	0.000162666130706753	HIST1H2AH	c4
4.86403557642241e-09	0.286264177641504	0.18	0.148	0.000163130025162055	LMBR1	c4
4.89742523229755e-09	-7.09061591138133	0.008	0.02	0.000164249847440795	IGLV2-14	c4
4.97905264791121e-09	0.283520150201054	0.141	0.112	0.000166987467705646	POGLUT1	c4
4.99553898322164e-09	0.994042002830956	0.017	0.008	0.000167540386419287	HSD17B14	c4
5.03173841756637e-09	0.307554340926332	0.185	0.152	0.000168754443048341	HIST3H2A	c4
5.05782968107781e-09	-1.63487330072839	0.011	0.025	0.000169629491843988	LINC01678	c4
5.07717091683925e-09	0.174176679489636	0.357	0.313	0.000170278158208955	SDF2	c4
5.10314628277153e-09	0.229272899209014	0.313	0.274	0.000171149320031592	SMARCC1	c4
5.24268176243081e-09	0.220645972486505	0.254	0.216	0.000175829060948404	KPNA3	c4
5.31840924447641e-09	0.205313294434424	0.296	0.256	0.00017836880924125	PUM2	c4
5.34076248506964e-09	0.314618732590519	0.131	0.103	0.000179118492224266	RIOX1	c4
5.37982850581195e-09	-0.338604666185917	0.193	0.228	0.000180428688427921	NUP50	c4
5.38913513961512e-09	0.844898105290858	0.02	0.01	0.000180740814312412	CNKSR2	c4
5.45639272791001e-09	0.240058928181868	0.223	0.188	0.000182996499308646	C15orf40	c4
5.45726915374741e-09	0.225004212236162	0.328	0.286	0.000183025892878381	HDAC2	c4
5.46829459550362e-09	0.873194862935214	0.028	0.017	0.000183395664144	SLC25A29	c4
5.48920019295425e-09	-2.66006907314264	0.002	0.01	0.0001840967960713	GNB4	c4
5.56987469367951e-09	0.69735364890091	0.039	0.025	0.000186802457476623	ABL1	c4
5.57843675142967e-09	0.190762463869544	0.279	0.239	0.000187089611769448	MARK3	c4
5.59668347929692e-09	0.147767417266528	0.579	0.522	0.00018770157052866	NONO	c4
5.64010102229531e-09	0.194396684116685	0.277	0.236	0.00018915770808574	MOSPD3	c4
5.64682823504354e-09	0.212647160888656	0.283	0.245	0.00018938332534689	CCNK	c4
5.64688628992764e-09	-0.604377218150127	0.063	0.087	0.000189385272391593	PATL2	c4
5.68244535873658e-09	0.430754228961604	0.098	0.075	0.000190577852441307	DPH2	c4
5.68497089668282e-09	0.809789114837009	0.024	0.013	0.000190662553932948	PYROXD2	c4
5.76033881730534e-09	0.358272709466037	0.117	0.091	0.000193190243254786	CLASP1	c4
5.81464236718281e-09	0.382872525427834	0.122	0.096	0.000195011475710577	AHCYL1	c4
5.86052648062517e-09	0.303474817661485	0.199	0.167	0.000196550337107207	SLC35B2	c4
5.89179445076012e-09	-1.29298779024921	0.018	0.034	0.000197599002289593	SLC26A11	c4
5.90425675644502e-09	0.125009452103558	0.398	0.343	0.000198016963097653	FAM102A	c4
5.97883907057529e-09	0.317758370077148	0.219	0.186	0.000200518304748954	DCTN6	c4
6.0738420910978e-09	0.248008805843172	0.214	0.18	0.000203704516051238	IMPDH1	c4
6.15261879625132e-09	0.236673949895628	0.271	0.235	0.000206346529188677	PREB	c4
6.27744753427098e-09	-0.283364565105268	0.228	0.264	0.00021053303540438	TIMM17A	c4
6.37105348277783e-09	0.137443329860749	0.529	0.478	0.000213672391705403	ATP6AP2	c4
6.49059254964067e-09	-1.08061878754452	0.019	0.035	0.000217681492929849	TRAV26-2	c4
6.64932088321917e-09	0.251909222692794	0.259	0.223	0.000223004923781405	ATG101	c4
6.81764134873056e-09	0.512134030458649	0.054	0.037	0.000228650055553725	SLC29A3	c4
6.82014690108305e-09	0.206288302397638	0.314	0.274	0.000228734086768523	TAF9	c4
6.83893835866601e-09	0.287448830746189	0.139	0.11	0.000229364314672941	MYSM1	c4
6.86870053474287e-09	0.250155714734583	0.281	0.244	0.000230362478534206	GNL1	c4
6.92772773141868e-09	0.113939225484025	0.659	0.595	0.00023234213265632	MDH2	c4
6.9311556699046e-09	-0.648202502398498	0.064	0.088	0.00023245709885726	MAN2C1	c4
7.07646979585177e-09	0.180246056153882	0.471	0.425	0.000237330644013277	PCNP	c4
7.271123504686e-09	0.390309225081344	0.098	0.075	0.000243858940100159	SPATA2L	c4
7.32696657441021e-09	0.442094806885926	0.11	0.086	0.00024573180497257	NRM	c4
7.34669603283041e-09	0.420969696954096	0.051	0.034	0.000246393491549066	MYO1D	c4
7.35338925811322e-09	0.327777272761953	0.161	0.131	0.000246617968938601	OPA1	c4
7.55358897709346e-09	0.552589695565762	0.049	0.033	0.00025333226711376	RGPD2	c4
7.6626951081694e-09	0.366932008938687	0.142	0.114	0.000256991468537786	MAGED1	c4
7.67647348566465e-09	0.404358254351211	0.117	0.091	0.000257453567762221	FANCF	c4
7.69219668454684e-09	1.30899274463172	0.011	0.004	0.000257980892406332	LMNTD2	c4
7.71703175601871e-09	0.258920089064452	0.284	0.248	0.000258813811033355	ZCRB1	c4
7.74643269431058e-09	-0.363092121972771	0.267	0.299	0.000259799859701788	EFHD2	c4
7.9035258935614e-09	0.550270355942624	0.106	0.083	0.000265068451418262	SLC1A4	c4
7.96815723156574e-09	-3.01273337187219	0.003	0.013	0.000267236057232252	THY1	c4
8.01831363525704e-09	0.171578132516063	0.355	0.309	0.00026891820269925	ARL6IP6	c4
8.02745782207032e-09	0.141768223918921	0.421	0.375	0.000269224880436594	SLC44A2	c4
8.16440249179161e-09	0.428516520092519	0.114	0.089	0.000273817730769707	C2orf74	c4
8.20068027958366e-09	0.283947235757437	0.162	0.131	0.000275034415216677	KIZ	c4
8.22263957202134e-09	0.387653461210926	0.086	0.064	0.000275770885966452	TMEM94	c4
8.24059551158522e-09	0.343957559516439	0.096	0.072	0.000276373092267545	ETS2	c4
8.25218727591161e-09	-0.354708441824473	0.032	0.052	0.000276761856859524	TIMELESS	c4
8.26999276780767e-09	0.353800094733443	0.1	0.076	0.000277359017446734	GNPDA2	c4
8.3087741804743e-09	-0.362795098976623	0.111	0.142	0.000278659668464747	GLMP	c4
8.34459655073571e-09	0.260262505015566	0.188	0.155	0.000279861079118574	POLR2D	c4
8.35329194460848e-09	0.349069201731719	0.104	0.08	0.000280152705238279	NSUN3	c4
8.37243908956446e-09	-2.99545497856918	0.001	0.01	0.000280794862185813	MAP7	c4
8.39731670739437e-09	-0.124786815777852	0.798	0.791	0.000281629207732593	RPS17	c4
8.49404987018126e-09	0.245577859761604	0.204	0.17	0.000284873444546139	FBXL15	c4
8.55634886672025e-09	-0.339154779021522	0.789	0.757	0.000286962828292064	CXCR4	c4
8.56529807575483e-09	0.280782635202069	0.18	0.148	0.000287262966864665	MACO1	c4
8.5928612619087e-09	0.147085878429653	0.335	0.293	0.000288187381001894	B3GNT2	c4
8.60133934100358e-09	0.548726732704437	0.061	0.043	0.000288471718818578	AP002748.3	c4
8.6051458293955e-09	-1.59238530696767	0.005	0.016	0.000288599380826266	PDIA5	c4
8.67726065542873e-09	0.271327295716373	0.163	0.131	0.000291017967861769	KIF3A	c4
8.71287264243719e-09	0.403748905656878	0.133	0.106	0.000292212322682058	LRRC61	c4
8.92765186889207e-09	0.367427395656999	0.075	0.054	0.000299415588378902	ZNF468	c4
9.01681681538237e-09	0.234544624705983	0.232	0.195	0.000302406002354294	CUTC	c4
9.01861225578054e-09	0.356146963907913	0.135	0.108	0.000302466217834368	PPFIA1	c4
9.07931779320633e-09	-4.31333646255247	0.003	0.013	0.000304502160148554	TRBV5-5	c4
9.2097066223583e-09	-0.573244735423186	0.077	0.102	0.000308875140700653	AC073111.5	c4
9.36637919511372e-09	0.202059346445617	0.305	0.264	0.000314129625445724	TMEM106B	c4
9.41681781699655e-09	0.149624735963661	0.414	0.365	0.00031582123594643	IAH1	c4
9.48991590591998e-09	-0.243516371155424	0.52	0.53	0.000318272799652744	PPP1CC	c4
9.49599443927646e-09	0.592301196216758	0.048	0.032	0.000318476661504454	LONRF1	c4
9.76476433318011e-09	0.535859781313933	0.051	0.035	0.000327490666206195	ZNF790	c4
9.89122272334085e-09	0.399810675188324	0.058	0.04	0.000331731827695405	ZNF773	c4
9.99689741130102e-09	0.148792721352241	0.451	0.403	0.000335275945380214	PAFAH1B1	c4
1.00772139090251e-08	0.312792898396327	0.144	0.115	0.000337969600080885	RNF38	c4
1.01187374749311e-08	0.566005948378892	0.047	0.031	0.000339362217434238	FAM83G	c4
1.02540612312031e-08	-0.569309129916256	0.059	0.083	0.000343900705572089	UBE2T	c4
1.04295940459906e-08	0.443309229928027	0.077	0.056	0.000349787725114432	ZNF184	c4
1.04750357632038e-08	0.276484547152288	0.219	0.186	0.000351311749426328	PRKAG1	c4
1.04823994351291e-08	0.488283538331104	0.051	0.035	0.000351558712255359	ALS2	c4
1.0534927923253e-08	1.75472708284846	0.013	0.006	0.000353320412690058	INAVA	c4
1.05545740812963e-08	0.271986048896505	0.16	0.13	0.000353979305538514	DDX60L	c4
1.06109666497375e-08	0.509782838412735	0.04	0.025	0.000355870599498895	GPAT3	c4
1.07260969708133e-08	-1.15823131440797	0.033	0.051	0.000359731840207136	TRAV14DV4	c4
1.07855798244373e-08	0.336059781652295	0.166	0.136	0.000361726776151979	BOP1	c4
1.08544492711565e-08	-1.39439600772324	0.015	0.03	0.000364036519656047	RAB27B	c4
1.09478340142697e-08	0.19720848763778	0.222	0.186	0.000367168457170576	TBC1D20	c4
1.1128422436962e-08	0.244151078296938	0.172	0.14	0.00037322503169083	LYSMD3	c4
1.12271813955882e-08	0.534757496460916	0.053	0.037	0.000376537209645237	MFSD3	c4
1.16836304111653e-08	0.206396601299271	0.208	0.172	0.00039184559672966	SMYD2	c4
1.17596359385531e-08	-0.831928158834069	0.027	0.045	0.000394394670107195	MTSS1	c4
1.19832283542467e-08	0.122284227118722	0.51	0.46	0.000401893512544726	C19orf70	c4
1.21303167195377e-08	-0.909990479429813	0.022	0.039	0.000406826562139855	HLA-G	c4
1.21675040475177e-08	0.29954400651288	0.124	0.097	0.000408073750745648	ARRDC3	c4
1.22034685093982e-08	0.173497449762848	0.306	0.265	0.000409279926868198	ZC3H13	c4
1.23421840640236e-08	-1.03390180353338	0.018	0.033	0.000413932169139224	RFESD	c4
1.2976066360337e-08	-0.573232893636015	0.107	0.135	0.000435191313592983	DUSP16	c4
1.30789461705067e-08	0.239464673045353	0.159	0.128	0.000438641696666452	FASTKD2	c4
1.30789663028356e-08	0.147163808644266	0.493	0.446	0.000438642371864502	TMEM179B	c4
1.33695271841742e-08	1.44903159565901	0.012	0.005	0.000448387202702833	AC011043.1	c4
1.33998886249538e-08	0.188716663818846	0.269	0.232	0.000449405464703699	EIF2B1	c4
1.34117506405181e-08	0.449487572325805	0.055	0.038	0.000449803292981696	DUSP3	c4
1.34280925641789e-08	0.262607076533887	0.14	0.111	0.00045035136841743	PIP4K2C	c4
1.35287362309323e-08	0.23945600899575	0.223	0.189	0.000453726755713007	PHKG2	c4
1.38769159607927e-08	0.30831526560768	0.118	0.092	0.000465404007493065	BMT2	c4
1.39193492182056e-08	0.208210520687488	0.268	0.232	0.000466827134080179	TUBGCP2	c4
1.39374433641678e-08	0.229977823296284	0.232	0.197	0.000467433975547459	GLT8D1	c4
1.39701575747604e-08	0.275869689607281	0.13	0.102	0.000468531144742316	SERTAD3	c4
1.40574099316401e-08	0.757655606580934	0.022	0.012	0.000471457414287344	AGAP3	c4
1.40696955892279e-08	0.204649537571327	0.208	0.172	0.000471869450671527	COG5	c4
1.42325628095284e-08	0.331559276453273	0.12	0.095	0.000477331691505963	WRB	c4
1.4459378732087e-08	0.630349969461887	0.039	0.025	0.000484938643916733	DYNC2LI1	c4
1.46783013126095e-08	0.153807659031983	0.361	0.314	0.000492280869422299	PRKDC	c4
1.47391844469284e-08	0.23090570556517	0.237	0.202	0.000494322767981085	SNAPC5	c4
1.48342808205992e-08	0.166229735556811	0.346	0.304	0.000497512110161257	PTOV1	c4
1.49596999946275e-08	0.887967729631311	0.016	0.008	0.000501718418419818	VWA7	c4
1.50385144071104e-08	-0.338651375565507	0.102	0.132	0.000504361696185669	COMMD3	c4
1.50677875676927e-08	0.51204867943903	0.06	0.042	0.000505343459445277	SETD6	c4
1.51705307658345e-08	0.389512637822611	0.101	0.078	0.000508789260824559	TARS2	c4
1.51980792366829e-08	0.305325884861571	0.206	0.175	0.000509713181439873	AL365205.1	c4
1.52707963468561e-08	-0.637956728933431	0.034	0.053	0.000512151967880862	MCM4	c4
1.53159577190619e-08	-1.56227576770812	0.011	0.024	0.000513666589981898	GDPD5	c4
1.53310381279668e-08	0.137548257090214	0.541	0.487	0.000514172356735751	RAB11B	c4
1.57955815044604e-08	1.35195056515179	0.011	0.005	0.000529752212496594	SPRED2	c4
1.58208167258295e-08	-0.283412474962434	0.018	0.034	0.00053059855135087	PARPBP	c4
1.60340425748089e-08	-0.193009116014582	0.578	0.585	0.000537749719873942	MZT2A	c4
1.62149491321891e-08	0.738841529673384	0.026	0.015	0.000543816963995359	AL512625.3	c4
1.6257121223582e-08	0.259195295809359	0.188	0.156	0.000545231331596493	COL4A3BP	c4
1.63593700393733e-08	0.344501304650467	0.14	0.113	0.000548660552380501	EIF3B	c4
1.646988132414e-08	1.3130053790115	0.019	0.01	0.000552366879849008	HOXB7	c4
1.64879565747225e-08	0.127241240120882	0.601	0.547	0.000552973087603043	VDAC2	c4
1.67557636999127e-08	-0.579821324165771	0.016	0.031	0.000561954802967671	ZNF367	c4
1.67762150586085e-08	0.182223376150322	0.328	0.287	0.000562640700635611	IST1	c4
1.72628433759202e-08	0.372962608540762	0.064	0.045	0.000578961241141611	CAPRIN2	c4
1.72830384518237e-08	-0.948028086044173	0.012	0.026	0.000579638543597264	HIST1H2BJ	c4
1.74651048772046e-08	0.542503347023562	0.055	0.038	0.000585744687371687	TMED7	c4
1.77790626376544e-08	0.27911670990044	0.205	0.172	0.000596274202741653	MAP2K7	c4
1.78918392999413e-08	0.244311479330559	0.129	0.101	0.00060005650644143	EZH1	c4
1.79727747484233e-08	0.351882065581847	0.14	0.113	0.000602770919512619	SNX18	c4
1.80869963453674e-08	0.254540376597346	0.156	0.126	0.000606601683430932	VCPIP1	c4
1.81395039600021e-08	0.453496877892811	0.092	0.07	0.00060836268381055	EEF2KMT	c4
1.81753439502138e-08	0.144985401299231	0.459	0.413	0.000609564685402271	DDX6	c4
1.82177300152225e-08	0.568963139700538	0.043	0.028	0.000610986229250533	MIEF2	c4
1.82671164547138e-08	0.311271787538978	0.174	0.144	0.000612642551658191	SCRN2	c4
1.82826513896837e-08	0.29705577884858	0.134	0.107	0.000613163562307212	CLIC5	c4
1.83363100817587e-08	0.205070872672825	0.141	0.112	0.000614963167522024	RGL2	c4
1.83505334364708e-08	0.335634533744221	0.122	0.096	0.000615440190392359	COQ10A	c4
1.84778118856845e-08	-0.608139765601995	0.062	0.085	0.000619708855022088	ATF5	c4
1.85089277785906e-08	0.380697882797364	0.173	0.144	0.000620752419838371	RNASEH1	c4
1.85462584659011e-08	-2.10170220859515	0.003	0.012	0.000622004416429392	AC009237.14	c4
1.87793301714124e-08	0.136748258280974	0.511	0.456	0.000629821175288828	SSNA1	c4
1.89705657023606e-08	0.600647223807584	0.035	0.022	0.000636234832525771	THAP7-AS1	c4
1.90945473213439e-08	0.288665105570455	0.149	0.121	0.000640392928063232	WDR26	c4
1.9130491802429e-08	0.259119035183078	0.156	0.127	0.000641598434069863	RNPC3	c4
1.91677442939511e-08	0.148222968722774	0.474	0.426	0.000642847808130531	ENY2	c4
1.93481707500824e-08	0.367888192072801	0.145	0.118	0.000648898950616265	FAM168B	c4
1.93780675353228e-08	0.308883616953009	0.142	0.114	0.000649901628999655	MOB2	c4
1.94552621402178e-08	0.298644299353751	0.135	0.108	0.000652490581658624	KLC2	c4
1.95567231488735e-08	-0.735479886384021	0.078	0.102	0.000655893380966918	IGFBP3	c4
1.95955831157746e-08	-1.41911097308543	0.007	0.018	0.000657196666536848	SCD	c4
1.97392248092445e-08	0.615466637662418	0.039	0.025	0.000662014121652443	FAM161B	c4
1.99884048856142e-08	0.120218726814503	0.589	0.532	0.000670371123053728	NDUFS7	c4
2.00781179107084e-08	0.260365450012749	0.213	0.178	0.00067337991848934	ARL5B	c4
2.0466583769463e-08	0.160465242437387	0.391	0.346	0.00068640828646025	LYPLA2	c4
2.07473351545854e-08	-1.31633682946919	0.028	0.045	0.000695824126414484	NLRP3	c4
2.10726675412215e-08	0.272887383498641	0.203	0.171	0.000706735123997487	MRPL49	c4
2.11612229758511e-08	0.325900940740936	0.168	0.138	0.000709705096164095	PPM1D	c4
2.12195584521677e-08	0.14041808970115	0.499	0.45	0.0007116615513688	PPP2CA	c4
2.14597468677761e-08	0.858829362104459	0.016	0.008	0.000719716990451476	DZANK1	c4
2.14986624533022e-08	0.323728099616377	0.095	0.072	0.000721022141358849	TBC1D13	c4
2.16143464335215e-08	-0.165993640289104	0.59	0.597	0.000724901950687445	UFC1	c4
2.16701095171776e-08	0.363852857649291	0.105	0.081	0.000726772132987101	ZNF574	c4
2.18757581367505e-08	0.221659776497661	0.24	0.204	0.000733669176390338	CTBP1	c4
2.20571873537821e-08	0.243471982864749	0.244	0.21	0.000739753949471145	NIPSNAP1	c4
2.20805286444537e-08	0.236571426341089	0.174	0.143	0.000740536769677689	ZFP90	c4
2.22957769246499e-08	-1.70729662907915	0.003	0.013	0.00074775576649891	CLIP3	c4
2.23302099966607e-08	0.22260647826821	0.254	0.217	0.000748910582868005	JKAMP	c4
2.26947939035207e-08	-2.95378612590669	0.003	0.012	0.000761137997936276	NHSL2	c4
2.28482440093378e-08	0.603113316135663	0.03	0.018	0.000766284407585172	KLHL15	c4
2.3204725082484e-08	0.191814298063314	0.368	0.328	0.000778240069816347	ATG12	c4
2.33011056597853e-08	0.269075064333303	0.172	0.142	0.000781472481617879	PLIN3	c4
2.34327204138088e-08	0.181444208201906	0.307	0.266	0.000785886577238321	PJA2	c4
2.34473018949396e-08	0.410233666435619	0.073	0.054	0.000786375610952485	ZNF700	c4
2.35709375911269e-08	-0.249721371449706	0.9	0.83	0.000790522104931214	HMGN2	c4
2.35796944141084e-08	0.748377654195203	0.028	0.016	0.000790815791260368	SLC30A4	c4
2.37603077500086e-08	-0.156527705001831	0.857	0.859	0.000796873201319788	SSR4	c4
2.37771125417333e-08	0.48033320890714	0.086	0.064	0.000797436800424651	NAB2	c4
2.39459037094675e-08	-2.6372695151467	0.005	0.015	0.000803097718608121	TRBV15	c4
2.43918337916187e-08	0.229019285202777	0.217	0.183	0.000818053321703309	ECD	c4
2.47327578391741e-08	0.173954581365095	0.262	0.223	0.000829487232410222	CCDC174	c4
2.48947566420463e-08	0.32350704374177	0.125	0.099	0.000834920348260948	PTPRN2	c4
2.49922841364578e-08	0.344233766848186	0.094	0.072	0.000838191225368522	ERV3-1	c4
2.5155075797534e-08	0.513250295466832	0.068	0.049	0.000843650932097695	INPPL1	c4
2.51944923536777e-08	0.149181607598743	0.45	0.403	0.000844972884557643	U2SURP	c4
2.54779445457387e-08	-0.294655277171747	0.245	0.278	0.000854479304174984	PPM1M	c4
2.61620400851517e-08	0.10267105152718	0.648	0.595	0.000877422500375818	MAP1LC3B	c4
2.62271976902634e-08	0.252766516707087	0.188	0.157	0.000879607756136055	EHMT2	c4
2.63690105390597e-08	-1.00087916721039	0.023	0.039	0.000884363875458985	AP005019.1	c4
2.67550696298673e-08	0.25293709524924	0.216	0.183	0.000897311525246491	PLAA	c4
2.68294512007877e-08	0.945499972089258	0.01	0.004	0.000899806134372017	SPNS2	c4
2.68425723868805e-08	0.171293866470836	0.352	0.312	0.000900246192711197	SMG1	c4
2.68479240154581e-08	0.204224451802164	0.257	0.221	0.000900425675630434	SLC4A7	c4
2.70672798956767e-08	0.193545677631853	0.28	0.241	0.000907782433141206	TVP23B	c4
2.71459573458832e-08	0.209474208193303	0.22	0.185	0.000910421117466231	FBXW11	c4
2.73318075400369e-08	0.283165589052322	0.075	0.055	0.000916654161277756	RIPOR1	c4
2.73469092728438e-08	0.306111653845861	0.136	0.109	0.000917160643192637	TGDS	c4
2.75853153392631e-08	0.160215500758426	0.354	0.312	0.000925156305848206	CDK5RAP3	c4
2.76198607322861e-08	0.162146417757182	0.345	0.303	0.000926314889239411	CPNE3	c4
2.77568156005967e-08	0.424292361038846	0.045	0.03	0.000930908081612813	SEMA4F	c4
2.78591474357362e-08	0.48156493537219	0.041	0.027	0.00093434008669972	ZFP30	c4
2.80064170337529e-08	0.28375882054245	0.165	0.136	0.000939279214478005	MON1B	c4
2.80514329704926e-08	-0.33438593387697	0.061	0.085	0.000940788958964382	BAG2	c4
2.8242165689207e-08	0.145950391470088	0.432	0.387	0.000947185752884625	PRPF6	c4
2.83459832498834e-08	0.455957400471481	0.065	0.046	0.000950667586234591	MFAP3	c4
2.84052985257373e-08	0.45654285635188	0.066	0.047	0.000952656901956178	SAMD10	c4
2.85886329922877e-08	0.391075881705951	0.065	0.046	0.000958805573295345	TIRAP	c4
2.91610635692432e-08	-0.223346256621426	0.442	0.466	0.000978003749985278	PARP1	c4
2.95346504298826e-08	0.210231201521031	0.303	0.267	0.000990533106117402	CDV3	c4
2.96711331716999e-08	0.340059049879894	0.1	0.076	0.000995110464312472	KCTD7	c4
2.97197312112231e-08	-0.731104722430142	0.065	0.088	0.000996740345361999	EPHX2	c4
2.98810751737541e-08	0.20777986661765	0.25	0.214	0.00100215149917737	HMCES	c4
3.023521451925e-08	0.472021653329147	0.061	0.043	0.00101402862454661	ITGAV	c4
3.05171404624331e-08	0.187681278263525	0.161	0.13	0.00102348385682908	DNAJB4	c4
3.0517211656601e-08	0.42146430721717	0.038	0.024	0.00102348624453909	NACC2	c4
3.05357809938122e-08	0.906909111737215	0.022	0.012	0.00102410902297047	RNF227	c4
3.18534320853144e-08	0.767910654814145	0.022	0.012	0.00106830040527728	GALNT12	c4
3.18979566247488e-08	0.501259055347131	0.064	0.046	0.00106979366928083	CASTOR1	c4
3.21411444215252e-08	0.367337653664253	0.067	0.048	0.00107794970160911	MAP3K6	c4
3.23580368348147e-08	0.294488102308149	0.167	0.138	0.00108522383936601	MIS12	c4
3.25598322615076e-08	0.132941410215404	0.41	0.363	0.00109199165438644	CNPPD1	c4
3.29813642352056e-08	0.167635054986155	0.356	0.313	0.00110612899372033	MARCH7	c4
3.37309951450248e-08	0.14479794316971	0.509	0.462	0.00113127011517384	DDT	c4
3.42559567327699e-08	0.749707446438716	0.027	0.016	0.00114887627690364	BOLA3-AS1	c4
3.47451214395675e-08	0.220081810396203	0.206	0.173	0.00116528188284022	KIAA1109	c4
3.48322873775932e-08	0.244243555690239	0.176	0.146	0.00116820525406972	C7orf26	c4
3.55419515431338e-08	0.786471545104765	0.027	0.016	0.00119200597085362	ZNF222	c4
3.67580999802843e-08	-1.54909904519667	0.01	0.022	0.00123279315713877	REG4	c4
3.68774818995847e-08	-2.03107520058654	0.007	0.018	0.00123679698794827	TRBV10-3	c4
3.71479735411308e-08	0.642785894086477	0.062	0.045	0.00124586873662244	C4orf33	c4
3.71897175631523e-08	0.264495765523957	0.171	0.14	0.001247268747633	EEA1	c4
3.73252373308018e-08	0.286888733245234	0.052	0.036	0.00125181380960043	ZNF606	c4
3.73686858847899e-08	-0.349652422130442	0.175	0.206	0.00125327098720408	LINS1	c4
3.81063806582819e-08	0.336123254679783	0.099	0.076	0.00127801179451746	ZNF43	c4
3.83134119968802e-08	-1.91141009745521	0.004	0.013	0.00128495521155137	GCNT2	c4
3.84076574358354e-08	-0.169703210639733	0.547	0.557	0.00128811601508305	UBE2V1	c4
3.8742086177011e-08	0.229128585108792	0.226	0.192	0.00129933208620459	NPRL2	c4
3.8847576642688e-08	-0.451058375561247	0.07	0.095	0.00130287002544247	SYNJ2	c4
3.8860019705854e-08	-0.135279711675851	0.66	0.664	0.00130328734089493	COPE	c4
3.94822881202281e-08	0.198573927485874	0.258	0.222	0.00132415697897621	SEC63	c4
3.99485379787784e-08	0.280878732704954	0.162	0.134	0.00133979406673227	DHX38	c4
4.00845431843892e-08	0.739396619519432	0.025	0.015	0.00134435540931805	ZNF555	c4
4.05532117531988e-08	1.269044014662	0.018	0.009	0.00136007361577878	GPC1	c4
4.0797488502068e-08	0.806801593935775	0.029	0.018	0.00136826616938236	FBXL19	c4
4.10617190469611e-08	0.180631651745524	0.361	0.32	0.00137712793339698	CYB561D2	c4
4.17302576445587e-08	0.748395860040786	0.038	0.025	0.00139954938088321	AL355001.2	c4
4.22933995113507e-08	-0.480876685107223	0.056	0.079	0.00141843603281168	PAK1	c4
4.24865341846702e-08	0.237903775897424	0.244	0.21	0.00142491338348547	RAB35	c4
4.29290207973757e-08	0.22815829826307	0.213	0.18	0.00143975349950238	MPHOSPH10	c4
4.39828493452515e-08	0.398007802071429	0.044	0.029	0.00147509680134105	AC147067.1	c4
4.39882560690977e-08	1.21430684215055	0.011	0.005	0.0014752781320454	U91328.1	c4
4.43712652774578e-08	-1.06322522985854	0.017	0.031	0.00148812349487538	ALPK1	c4
4.44187440006808e-08	-1.89368733134698	0.003	0.011	0.00148971583629483	LINC02539	c4
4.4822727196382e-08	0.277371251045485	0.208	0.177	0.00150326462471226	SLAIN2	c4
4.49935257378895e-08	0.450703377044351	0.113	0.09	0.00150899286619734	ILVBL	c4
4.50130288035661e-08	0.290772793140168	0.123	0.097	0.001509646960014	WBP1L	c4
4.51537228380278e-08	0.176456916018788	0.18	0.147	0.00151436555654178	ZNF506	c4
4.5773054285943e-08	0.155937868190362	0.382	0.339	0.00153513669464196	BNIP2	c4
4.64637344341288e-08	-0.564045934134445	0.081	0.106	0.00155830072545181	FBXO32	c4
4.66736481710193e-08	0.166142236337598	0.326	0.284	0.00156534081235964	RRAGA	c4
4.68223390076816e-08	0.270171382436126	0.18	0.15	0.00157032760563963	ZMPSTE24	c4
4.74280204030197e-08	-3.0827535254276	0.002	0.01	0.00159064094827647	PDGFB	c4
4.76075563952694e-08	0.425212971203664	0.07	0.052	0.00159666222638454	PAN2	c4
4.79165328149215e-08	0.156475900374775	0.322	0.281	0.00160702467754684	KMT2C	c4
4.84723115282512e-08	0.384488720450834	0.089	0.068	0.00162566438403449	RBM34	c4
5.03546784284027e-08	0.227168483174749	0.189	0.157	0.00168879520513177	RCE1	c4
5.04461295254552e-08	0.408099916386769	0.045	0.03	0.00169186229202472	C3orf18	c4
5.07543483117819e-08	0.272246778576304	0.2	0.169	0.00170219933368054	DCAF13	c4
5.14837454672458e-08	0.388826237802056	0.076	0.056	0.00172666185548049	CNNM2	c4
5.20773506671652e-08	0.406642914062986	0.064	0.046	0.00174657018667539	C17orf67	c4
5.24005247402584e-08	-2.76768901333745	0.003	0.011	0.00175740879873879	FSBP	c4
5.2498850234853e-08	-0.666239718847081	0.062	0.085	0.0017607064391765	MHENCR	c4
5.28270861329148e-08	0.358354075421701	0.102	0.079	0.0017717148147257	ZNF484	c4
5.36919766574313e-08	-2.17108293174876	0.004	0.014	0.00180072151313693	ZFYVE9	c4
5.44649661484497e-08	0.613479852415863	0.038	0.024	0.00182664603468671	ZSWIM3	c4
5.45813596951036e-08	0.741500576785635	0.034	0.022	0.00183054964145439	AP1S3	c4
5.47872030526091e-08	-2.37159775108855	0.004	0.013	0.00183745321597841	LZTS1	c4
5.5844583722975e-08	0.330001158011271	0.137	0.111	0.00187291564890113	ZNF335	c4
5.641816297684e-08	0.403853292990699	0.063	0.045	0.00189215234991726	GORASP1	c4
5.65367879793321e-08	0.189259509905967	0.278	0.241	0.00189613079525084	HTATIP2	c4
5.70764352134921e-08	-0.493499267763566	0.046	0.067	0.0019142294841901	SPATS2L	c4
5.71104020830375e-08	0.404177357528944	0.115	0.091	0.00191536866506091	PDHX	c4
5.71404896126952e-08	-0.33112168851731	0.299	0.329	0.00191637774063057	ERAP2	c4
5.71686283994556e-08	0.129186534135206	0.476	0.427	0.00191732145926094	GADD45GIP1	c4
5.80240872423637e-08	0.413958294118768	0.077	0.057	0.00194601183793439	KIF9	c4
5.80965748794912e-08	0.256245063576227	0.134	0.107	0.00194844292830838	ASTE1	c4
5.85574432558462e-08	0.252039319943475	0.225	0.193	0.00196389953191457	CASP3	c4
5.86026785292735e-08	-7.00947039092599	0.012	0.025	0.00196541663251477	JCHAIN	c4
5.86394776991802e-08	0.421117257937419	0.103	0.08	0.00196665080307511	MOSPD2	c4
5.89806416101751e-08	0.399039414963519	0.08	0.06	0.00197809275832205	AL359220.1	c4
5.9248100161738e-08	0.359530762270518	0.102	0.079	0.00198706278322437	ZDHHC21	c4
5.92682689171859e-08	-0.178955568999595	0.547	0.55	0.00198773920294458	UBE2N	c4
6.02863188539503e-08	0.439609723947314	0.035	0.022	0.00202188256172378	ZNF554	c4
6.05670405115483e-08	0.285137211162009	0.161	0.133	0.00203129740467631	AP5M1	c4
6.14501491501305e-08	-0.560599716325365	0.016	0.008	0.00206091510219708	PLTP	c4
6.16182912910907e-08	0.349364232418055	0.104	0.081	0.0020665542533206	NAA35	c4
6.16794738888208e-08	0.561531834555085	0.064	0.046	0.00206860619528327	CLP1	c4
6.17626704061367e-08	0.353019636186058	0.091	0.069	0.00207139644008101	ZNF324	c4
6.21287291375923e-08	0.139222065393765	0.36	0.316	0.00208367331781657	TOR1AIP1	c4
6.24517034469145e-08	0.206186551628597	0.314	0.278	0.00209450523020262	RNF115	c4
6.25280230237959e-08	-0.469816935509341	0.076	0.1	0.00209706483617207	DEAF1	c4
6.28587117448175e-08	0.387317436482523	0.086	0.065	0.00210815547449769	TMEM234	c4
6.31748086899708e-08	0.232908372995356	0.223	0.19	0.00211875673384424	C20orf27	c4
6.33796279130561e-08	0.272187875658681	0.202	0.171	0.00212562596094808	ODF2	c4
6.38367972221408e-08	0.252547923513962	0.254	0.221	0.00214095850523616	ZNF511	c4
6.41687069367475e-08	0.155951013679449	0.384	0.341	0.00215209009324464	SELENOS	c4
6.64308151070326e-08	-2.15310570283323	0.005	0.014	0.00222795667705966	CCND1	c4
6.65335080805502e-08	0.738216152395386	0.032	0.02	0.00223140079400549	ZNF20	c4
6.67217184423117e-08	0.237188052846019	0.139	0.111	0.00223771299311825	NR2C2AP	c4
6.68031014101172e-08	0.156782724912041	0.271	0.233	0.00224044241509251	SMC5	c4
6.84477326742732e-08	0.472190174287621	0.047	0.032	0.00229560005842977	FAM227B	c4
6.98979747053035e-08	0.143740355525028	0.308	0.268	0.00234423827566647	SECISBP2	c4
7.00631829198288e-08	0.104637140758893	0.474	0.425	0.00234977902876522	PDE4B	c4
7.08753286025724e-08	0.338530780728988	0.104	0.081	0.00237701677067307	SLC25A53	c4
7.09884460694286e-08	0.516638329345169	0.027	0.016	0.0023808105042765	ZNF665	c4
7.24383899313837e-08	-0.259179449531892	0.414	0.436	0.00242943872151875	PSTPIP1	c4
7.29606052085161e-08	0.314152696099629	0.102	0.078	0.00244695277748321	MPP1	c4
7.32521860659429e-08	-0.617518628309565	0.014	0.028	0.00245673181627959	ZGRF1	c4
7.37798872136854e-08	-0.413568879590098	0.149	0.177	0.00247442985737258	EIF1AY	c4
7.39256452416308e-08	0.814413393738739	0.029	0.017	0.00247931829011381	NLK	c4
7.44032191305704e-08	0.165168903314704	0.326	0.284	0.00249533516320107	DAZAP1	c4
7.60323397025656e-08	0.191363705153133	0.252	0.216	0.00254997260894464	XAB2	c4
7.61676859773383e-08	-1.90989743493007	0.007	0.017	0.00255451185230797	PIANP	c4
7.62021294412539e-08	0.360483888498908	0.092	0.07	0.00255566701720077	H6PD	c4
7.64283072113044e-08	0.845292158623447	0.021	0.012	0.00256325256725273	AC097103.2	c4
7.71531582349574e-08	-0.366608923950557	0.126	0.155	0.002587562620884	MSI2	c4
7.83534341997005e-08	0.374498699128587	0.083	0.063	0.00262781747618956	ZNF718	c4
7.97769103701845e-08	0.550351554109806	0.045	0.03	0.00267555801999525	AC098484.3	c4
8.04130741036834e-08	-1.03631735401365	0.014	0.027	0.00269689367928933	SLAIN1	c4
8.08358234066588e-08	0.182503316984102	0.365	0.327	0.00271107184541252	FAM32A	c4
8.16460850370427e-08	0.169706585970004	0.365	0.324	0.00273824639997234	BAZ1B	c4
8.16557506664143e-08	-0.420730895553175	0.076	0.101	0.0027385705658502	GMNN	c4
8.17312494610391e-08	0.345776892255404	0.147	0.121	0.00274110264442433	FBXO22	c4
8.17684466003388e-08	0.209595096216578	0.048	0.033	0.00274235016208216	CDK5R1	c4
8.27890802596568e-08	0.437643982545111	0.079	0.06	0.00277658017374837	RP2	c4
8.35868552065327e-08	0.127095318356293	0.492	0.445	0.00280333594991669	MED10	c4
8.45211579204172e-08	0.270111177941151	0.155	0.127	0.00283467059433495	UTP3	c4
8.47260409251459e-08	0.134194550534704	0.408	0.363	0.00284154196054754	EMC10	c4
8.67179456321487e-08	0.169638522747933	0.392	0.351	0.002908346460611	PDCL3	c4
8.82105502655422e-08	0.146922242884991	0.418	0.376	0.00295840543480575	COPB1	c4
8.82372736339428e-08	0.512021967462066	0.074	0.055	0.00295930168313517	LETM2	c4
9.11691459662844e-08	0.296996737498636	0.143	0.116	0.00305763081741725	REXO4	c4
9.1312389691111e-08	0.124176728821599	0.307	0.267	0.00306243492546048	TSPAN5	c4
9.29099933758265e-08	1.09935947868756	0.013	0.006	0.00311601535783847	AL512625.2	c4
9.31820330961908e-08	0.205863353477093	0.266	0.232	0.00312513902598005	RNMT	c4
9.43822877200764e-08	0.337070439694496	0.162	0.134	0.00316539316555592	CIZ1	c4
9.46205023027044e-08	0.296946739255809	0.067	0.049	0.0031733824062281	ZNF786	c4
9.48286020737583e-08	0.633188424138295	0.019	0.011	0.00318036165634971	TXLNB	c4
9.49380037769331e-08	0.374333161595878	0.07	0.051	0.00318403077067078	PPARD	c4
9.64421361601968e-08	-0.487218099969874	0.11	0.137	0.00323447636254068	KIAA0319L	c4
9.6568906318872e-08	0.119293577209616	0.524	0.472	0.00323872798012233	ZNF207	c4
9.71603131128482e-08	0.364828802578544	0.079	0.059	0.0032585625811787	DOPEY1	c4
9.76947123562832e-08	0.270741920506241	0.154	0.126	0.00327648526300503	TMEM127	c4
9.92647956014279e-08	0.580523449170744	0.049	0.034	0.00332914271488069	ABCC4	c4
9.96000460387257e-08	0.302009739740995	0.178	0.151	0.00334038634404678	MVD	c4
9.97665844597466e-08	0.252689320079364	0.186	0.157	0.00334597170961098	AP4B1	c4
9.99601259983619e-08	0.935441222875329	0.017	0.009	0.00335246270573306	AL353759.1	c4
1.00857341085291e-07	0.456958979674031	0.069	0.051	0.0033825535053185	SLC25A13	c4
1.0087397329752e-07	-0.142038297787374	0.742	0.722	0.00338311131645224	ATP5IF1	c4
1.00993463803136e-07	-1.23851545982153	0.014	0.027	0.00338711878902959	ZNF439	c4
1.01356707349072e-07	0.717036120397304	0.037	0.025	0.00339930125107318	DRAM1	c4
1.01484783141947e-07	0.213674318925924	0.164	0.134	0.0034035966570146	MINK1	c4
1.01823350773345e-07	1.00498522775357	0.013	0.006	0.00341495153823646	AL034397.3	c4
1.02749260120805e-07	-0.148083260299216	0.567	0.593	0.00344600468593157	SEC62	c4
1.03050659269628e-07	0.153895544721333	0.378	0.334	0.00345611301058479	KXD1	c4
1.03302479697447e-07	0.282108452606453	0.14	0.113	0.00346455856409299	TMEM129	c4
1.04278902844707e-07	-2.84751098916527	0.002	0.01	0.00349730584360577	RNASE4	c4
1.04447204202384e-07	0.311003321600179	0.152	0.125	0.00350295033453955	GPATCH4	c4
1.05041525919732e-07	0.544238101005625	0.159	0.134	0.00352288269629597	CHI3L2	c4
1.06238500800443e-07	-0.754293300648181	0.17	0.193	0.00356302683984525	AC020571.1	c4
1.06324618858154e-07	-0.277068394090745	0.358	0.384	0.00356591506726477	VOPP1	c4
1.06942486023099e-07	-0.374784638085197	0.224	0.253	0.00358663709624269	CHMP7	c4
1.0767255571487e-07	0.280238285728272	0.171	0.142	0.00361112217356532	KIF21B	c4
1.08402024107991e-07	0.542796703398171	0.029	0.017	0.00363558708453381	POC1B-AS1	c4
1.08460953276714e-07	0.298631705844073	0.132	0.107	0.00363756345099443	AHI1	c4
1.08780136890898e-07	-2.20762961650855	0.004	0.013	0.00364826823104693	RTN4R	c4
1.08957298710869e-07	0.353540831937858	0.117	0.093	0.00365420988416512	FAM174A	c4
1.08996683309168e-07	0.332014806841621	0.132	0.107	0.00365553076482289	ARV1	c4
1.09447926651169e-07	0.197235628249413	0.309	0.273	0.00367066456402691	ECHDC1	c4
1.09570448640649e-07	0.675589845370847	0.044	0.03	0.00367477370651009	CDYL2	c4
1.10013008648817e-07	0.419785123617902	0.128	0.104	0.00368961628406402	DERA	c4
1.11694557774677e-07	0.413378542182786	0.097	0.076	0.00374601207864711	PPP4R1	c4
1.11797555258669e-07	0.323385116461782	0.105	0.082	0.00374946640826526	ZNF567	c4
1.12023748766773e-07	0.194130173258492	0.112	0.087	0.00375705248614005	ZFP14	c4
1.12676999577209e-07	0.316194586815921	0.117	0.093	0.00377896121182044	SHQ1	c4
1.1344295616956e-07	0.152228180281691	0.432	0.387	0.00380464986401472	DGCR6L	c4
1.13903998583092e-07	0.178571953877441	0.306	0.269	0.00382011230447974	CCDC90B	c4
1.14500605022818e-07	0.153836501343665	0.274	0.235	0.00384012129125529	CFAP97	c4
1.15455000531174e-07	0.283672705153201	0.182	0.153	0.00387212980781451	BSCL2	c4
1.15774350739183e-07	0.224378770340619	0.117	0.092	0.00388284017509073	PJA1	c4
1.15972842872272e-07	-0.497796378973865	0.062	0.085	0.00388949720425025	TMED8	c4
1.16333533380284e-07	0.678772550376137	0.034	0.022	0.00390159404250795	KLF16	c4
1.17682748109509e-07	0.30907384590821	0.179	0.151	0.00394684400609673	PGM2	c4
1.18885037246919e-07	-0.285736667074681	0.143	0.174	0.00398716637918716	RPL26L1	c4
1.18892261489423e-07	0.21102802984007	0.149	0.12	0.00398740866583227	ZNF83	c4
1.19784063809853e-07	0.20694857988264	0.233	0.199	0.00401731793205485	TRIM28	c4
1.21023531869656e-07	-2.04449139829299	0.005	0.014	0.00405888721184453	ZNF208	c4
1.21675701792068e-07	0.20584962343064	0.161	0.132	0.00408075968670238	TRIM13	c4
1.2470136522278e-07	0.417664908546385	0.101	0.079	0.00418223438684159	HGH1	c4
1.26111579185695e-07	0.144712113005884	0.34	0.299	0.00422953014272984	HSBP1	c4
1.27306524910421e-07	0.661228924431686	0.029	0.018	0.00426960623244569	DMTN	c4
1.28200931738546e-07	0.430813762825498	0.09	0.069	0.00429960284864735	RNF170	c4
1.30177593380138e-07	-1.73901471526364	0.007	0.017	0.00436589612678307	TNFRSF10D	c4
1.30530913366823e-07	0.458979301247508	0.046	0.031	0.00437774577249651	PLEKHO2	c4
1.3157779947431e-07	0.330171017629365	0.054	0.038	0.0044128562387694	ZNF25	c4
1.32426027262765e-07	-0.392745005137092	0.089	0.115	0.00444130410233862	ARMT1	c4
1.33872380357064e-07	-1.50543038704088	0.015	0.028	0.00448981189241522	TRAV38-1	c4
1.3437902263688e-07	0.513728625668367	0.069	0.051	0.00450680366119569	FUZ	c4
1.37089474796256e-07	0.318033781175246	0.104	0.081	0.00459770680571685	SIRT3	c4
1.37495638952123e-07	0.404041829586509	0.114	0.092	0.00461132873917629	MTRF1L	c4
1.3815116450747e-07	0.176444029680631	0.393	0.353	0.00463331375525153	EIF4E	c4
1.39303379168654e-07	0.373661299087244	0.052	0.036	0.00467195673055832	ZNF585B	c4
1.40382262606352e-07	0.764495575119454	0.04	0.027	0.00470814032329183	MACROD1	c4
1.43051313977651e-07	0.381611527110477	0.099	0.077	0.00479765496818247	ACOX1	c4
1.44944090813865e-07	-0.459125389723095	0.042	0.062	0.0048611349177154	TCF19	c4
1.44967943468796e-07	0.13954990936773	0.425	0.382	0.00486193488805647	PRPF8	c4
1.45796978513604e-07	0.130874855839112	0.467	0.422	0.00488973906538925	HMGN4	c4
1.46050339926275e-07	0.215037437424819	0.126	0.1	0.00489823630044741	MED23	c4
1.46523772422475e-07	0.522352438027343	0.051	0.036	0.00491411427950498	AP001816.1	c4
1.46644706663209e-07	0.295833668193562	0.168	0.141	0.00491817017207072	TWF1	c4
1.46729962335787e-07	-0.238094978732649	0.435	0.458	0.00492102947681761	USP15	c4
1.47696006783805e-07	0.154362636128351	0.411	0.369	0.00495342867551525	MPG	c4
1.53971535537581e-07	-0.401443459079136	0.102	0.128	0.00516389735885938	IL15RA	c4
1.55452323562624e-07	0.364500120178577	0.098	0.076	0.00521356002764329	ZNF134	c4
1.55810898173354e-07	0.108799539040258	0.366	0.316	0.00522558590293796	HPRT1	c4
1.56281542081157e-07	1.18303459245302	0.014	0.007	0.00524137035831783	VAV2	c4
1.56423191006721e-07	0.173940408832197	0.315	0.278	0.00524612097998339	ATG5	c4
1.57534648523405e-07	-0.393485025994851	0.144	0.172	0.00528339704217796	AGA	c4
1.5758617042781e-07	0.328298091037692	0.147	0.121	0.00528512498380788	CREB3	c4
1.59477096313301e-07	0.271574815136782	0.053	0.037	0.00534854285615548	AC103591.3	c4
1.59912433192852e-07	0.549775933459846	0.04	0.027	0.00536314318442186	CXCL16	c4
1.60863824559434e-07	-0.325071116757556	0.204	0.235	0.00539505094807431	CAB39	c4
1.63023393700665e-07	0.105115092180975	0.663	0.611	0.0054674785779329	TCEA1	c4
1.63673411850559e-07	0.267317052453842	0.181	0.152	0.00548927888664406	WDR45B	c4
1.65042064518907e-07	-1.81620729661633	0.007	0.017	0.00553518075983509	PPFIBP1	c4
1.65208269359614e-07	0.315057548072069	0.112	0.089	0.00554075493778274	KCTD18	c4
1.67806556250647e-07	-0.462775836135314	0.14	0.166	0.0056278962835342	IL18R1	c4
1.68133770468758e-07	0.332434941905198	0.14	0.115	0.0056388703939812	SENP5	c4
1.68174724096965e-07	-1.33569849422366	0.005	0.014	0.005640243896764	LAMP3	c4
1.68631856476318e-07	0.210776161165078	0.241	0.208	0.00565557520250275	KATNBL1	c4
1.69593066928549e-07	0.401903535252906	0.068	0.05	0.00568781227864967	CCNY	c4
1.69983947172557e-07	-2.79821059036659	0.002	0.01	0.00570092162027323	MAGI3	c4
1.70141041134294e-07	0.146763358062807	0.352	0.313	0.00570619023756195	MED4	c4
1.70655942066135e-07	0.554302195136481	0.047	0.033	0.00572345898501404	TIGD7	c4
1.71022745710002e-07	0.618615566215646	0.015	0.008	0.00573576084562203	NKILA	c4
1.76613147448971e-07	-0.435276222075663	0.338	0.356	0.00592325173914357	BHLHE40	c4
1.82535851090715e-07	0.362833243831005	0.14	0.115	0.00612188737388038	FAR1	c4
1.83169864672306e-07	0.229048157665175	0.126	0.101	0.00614315092137982	HEATR1	c4
1.85085426244945e-07	0.15019883499037	0.518	0.476	0.00620739502540298	CCNDBP1	c4
1.85214944037366e-07	0.681313782088012	0.031	0.02	0.00621173879312517	AC008014.1	c4
1.86269464976541e-07	-2.08873800328155	0.004	0.013	0.00624710531638323	FBXO10	c4
1.87837296666988e-07	0.376374374649346	0.081	0.061	0.00629968725561746	PPP2R5B	c4
1.87842429388337e-07	0.847995768378318	0.016	0.008	0.00629985939682606	AL357033.4	c4
1.90694405535738e-07	0.367017815022921	0.095	0.074	0.00639550897285757	PTPN23	c4
1.93318670295898e-07	-0.295375651464345	0.128	0.157	0.00648352156438383	MRPL45	c4
1.93822713876512e-07	0.768487326413688	0.017	0.009	0.00650042617799047	ADSSL1	c4
1.94851012632634e-07	-0.633451444802084	0.067	0.088	0.00653491326167328	HYI	c4
1.97018590930986e-07	0.212239282925244	0.195	0.164	0.00660760950264342	POR	c4
1.97757171600008e-07	1.66530648092384	0.012	0.006	0.00663238002112105	DLL3	c4
1.98076255359565e-07	0.128722481178134	0.562	0.517	0.0066430814522491	PPIG	c4
1.99199757610748e-07	-0.585435428108478	0.017	0.031	0.00668076147074927	FADS2	c4
1.99324092083368e-07	0.535639912636895	0.053	0.037	0.00668493140029198	AC007383.2	c4
1.99870485604693e-07	0.160407258121395	0.355	0.314	0.0067032563462102	SMARCC2	c4
2.00546617778757e-07	-1.16749643617449	0.015	0.028	0.00672593246706397	AGER	c4
2.02730722997657e-07	-0.344595552718287	0.181	0.211	0.00679918298789544	ZC3H7A	c4
2.03322820721212e-07	0.460038066647645	0.07	0.052	0.00681904076134799	ZNRF2	c4
2.03326389932578e-07	0.370647180634873	0.107	0.084	0.0068191604655588	MMAB	c4
2.04426288787444e-07	0.131433080722232	0.38	0.338	0.0068560488733533	EIF5B	c4
2.05459440011338e-07	0.536778965922961	0.051	0.036	0.00689069869910024	DCAF4	c4
2.0703371460643e-07	0.272945829706473	0.17	0.143	0.00694349672047044	ADPRHL2	c4
2.0734579987592e-07	-0.307251137288197	0.172	0.202	0.00695396343623862	ACAT2	c4
2.07422709976737e-07	0.2629012624597	0.159	0.132	0.0069565428471998	RPS6KA4	c4
2.089411104315e-07	0.359599554436092	0.124	0.101	0.00700746696165164	SPIN1	c4
2.0947217235146e-07	0.33822576309483	0.065	0.047	0.00702527771632325	ZNF736	c4
2.10122374501465e-07	0.205555557399205	0.168	0.139	0.00704708419603012	UNG	c4
2.10356060359277e-07	0.789525903892362	0.024	0.014	0.00705492155232944	AC131971.1	c4
2.11499113359803e-07	0.205342468935389	0.211	0.18	0.00709325726386108	ESCO1	c4
2.14916726533865e-07	0.297032440599612	0.108	0.085	0.00720787717449275	FAM160B2	c4
2.14920381073795e-07	0.265034831859975	0.236	0.206	0.00720799974045292	NABP2	c4
2.17658450971065e-07	0.238873615600012	0.134	0.108	0.00729982912866758	TRAPPC8	c4
2.18514566634069e-07	0.130309140762904	0.199	0.166	0.00732854153577342	LPAR2	c4
2.21144871132094e-07	0.119846948519292	0.52	0.472	0.00741675668802818	SS18L2	c4
2.21440674914766e-07	-1.43181604175397	0.012	0.024	0.00742667735529143	COLGALT2	c4
2.222871380488e-07	0.153274776981565	0.27	0.233	0.00745506603588066	MLLT3	c4
2.23055638994223e-07	-0.381383418124228	0.142	0.17	0.00748084002058824	TOB2	c4
2.24247945452595e-07	-1.82150678956886	0.005	0.013	0.00752082759458912	AP003716.1	c4
2.25686436127861e-07	0.486432973377887	0.047	0.032	0.00756907169485621	DIRC2	c4
2.26496079819762e-07	0.407910965787468	0.075	0.056	0.00759622552499519	TRUB1	c4
2.26699187749763e-07	0.211652783162974	0.214	0.181	0.00760303735875156	FGD5-AS1	c4
2.28266227828642e-07	-0.474916278167393	0.01	0.022	0.00765559274891699	GINS3	c4
2.29420916078903e-07	0.261717573581935	0.147	0.121	0.00769431868345425	RTL8A	c4
2.29482317054049e-07	0.220310344433362	0.22	0.188	0.0076963779493587	RIF1	c4
2.2965866131655e-07	0.157102667814222	0.353	0.313	0.00770229218323444	BNIP3L	c4
2.29790525789635e-07	0.625507259108697	0.044	0.03	0.00770671465393278	PUS7	c4
2.30328267013546e-07	0.255744761444759	0.171	0.143	0.00772474941910029	CRCP	c4
2.31586587575948e-07	-0.238293652232187	0.292	0.325	0.00776695097412214	MLX	c4
2.31827406949682e-07	0.122868510610936	0.391	0.349	0.00777502757427844	SLC38A2	c4
2.34821027336489e-07	0.16622478828765	0.219	0.185	0.00787542761481116	JADE2	c4
2.35146056060303e-07	0.360714497440509	0.093	0.073	0.00788632842815045	PTER	c4
2.36580727555768e-07	0.441009824274958	0.042	0.028	0.00793444444076533	ZNF461	c4
2.36919056605652e-07	0.269574786711787	0.093	0.071	0.00794579132044037	PPP1R3E	c4
2.40430221241721e-07	0.51113148672276	0.051	0.036	0.00806354876000483	SFT2D3	c4
2.41956937645527e-07	0.430890209304397	0.074	0.056	0.00811475177475568	ROCK2	c4
2.42420988133829e-07	0.117217833000016	0.63	0.578	0.00813031510003237	CCT4	c4
2.42984909961231e-07	-2.04255321741046	0.003	0.011	0.00814922791027976	FLVCR2	c4
2.43123870705859e-07	0.281815307756969	0.074	0.056	0.00815388837573308	ZNF235	c4
2.43354396605038e-07	0.282171256935055	0.142	0.116	0.00816161975333975	TBC1D23	c4
2.44669100484837e-07	-1.21787528801647	0.006	0.016	0.00820571229206045	HIST1H2AB	c4
2.45474141420878e-07	0.157465690868478	0.37	0.332	0.00823271175497341	INO80E	c4
2.46779624820618e-07	0.531948450422652	0.037	0.024	0.0082764950572339	PPP1R3B	c4
2.47545673436558e-07	1.48002183793865	0.01	0.004	0.00830218679571527	FAM57A	c4
2.49768771484545e-07	0.163701387728208	0.257	0.222	0.00837674505804867	HUWE1	c4
2.50954163947288e-07	-1.7044449265711	0.008	0.019	0.00841650075046414	MID2	c4
2.54044331226742e-07	0.217771590168808	0.161	0.133	0.00852013878068248	ATAD2B	c4
2.5537730660113e-07	-0.147475010561697	0.775	0.755	0.00856484410878871	RGS10	c4
2.5595308784685e-07	0.425412954257291	0.054	0.038	0.00858415466020767	ZNF230	c4
2.56031995853498e-07	0.397466242508031	0.118	0.096	0.00858680107693461	CWF19L1	c4
2.58551876745798e-07	0.131511980371214	0.408	0.363	0.00867131284230057	MRFAP1L1	c4
2.60120287863755e-07	0.226850464702345	0.148	0.12	0.00872391421437463	ELMO2	c4
2.60788604434121e-07	0.301869207213322	0.15	0.124	0.00874632821551156	KBTBD4	c4
2.64571231823862e-07	0.176552093970769	0.218	0.184	0.00887318997290869	MIB2	c4
2.64712543208974e-07	0.231246913298195	0.127	0.102	0.00887792927414256	C3orf58	c4
2.65337174973761e-07	0.159671033576654	0.236	0.201	0.00889887817427001	SPRYD3	c4
2.66627240583344e-07	0.256245583113379	0.201	0.172	0.00894214439468419	DESI2	c4
2.6828219738963e-07	0.257468695165823	0.048	0.033	0.00899764833605343	GFPT2	c4
2.72700364863723e-07	0.283340862650836	0.123	0.099	0.00914582483679954	TMEM185B	c4
2.74083947221406e-07	0.236503321192637	0.189	0.16	0.0091922274219115	KPNA1	c4
2.79811167360373e-07	-0.878224299763327	0.03	0.046	0.00938430693093218	GLCE	c4
2.82460443876234e-07	0.314590082672888	0.105	0.083	0.00947315836672112	COG6	c4
2.84683243162055e-07	0.122548460083572	0.477	0.432	0.00954770660916901	COPS6	c4
2.85129710921603e-07	0.137750829516732	0.455	0.41	0.00956268024488871	RAB8A	c4
2.86883693968911e-07	-1.19825835358941	0.009	0.02	0.00962150532832935	BFSP2	c4
3.00545031931748e-07	0.125664477957399	0.452	0.404	0.010079679280927	MEA1	c4
3.03283759004517e-07	0.313258124840917	0.168	0.142	0.0101715307094935	ATP5S	c4
3.07791472414739e-07	0.175467478323252	0.321	0.284	0.0103227104018455	CFAP298	c4
3.08729833352563e-07	0.463533339159663	0.056	0.04	0.0103541811509782	SPATC1L	c4
3.1516533946888e-07	0.191971966941297	0.115	0.091	0.0105700151551073	TCEAL4	c4
3.16422685274773e-07	0.323882630730725	0.085	0.065	0.0106121840187453	TMEM267	c4
3.19618131012711e-07	0.269139083307342	0.094	0.072	0.0107193528779043	ZNF420	c4
3.21283110126884e-07	-0.20686259844568	0.477	0.499	0.0107751929474354	ATRX	c4
3.23828166936836e-07	-0.252564969993546	0.309	0.339	0.0108605490627276	NDUFC2	c4
3.25115901232336e-07	0.167656934635096	0.358	0.321	0.0109037370955301	GID8	c4
3.35258203729585e-07	0.212472552723939	0.224	0.193	0.0112438896366828	ASCC3	c4
3.363883408047e-07	-0.16731826121546	0.621	0.614	0.011281792173908	NAP1L1	c4
3.37349853278617e-07	0.308144246856628	0.061	0.044	0.0113140393792583	PRAG1	c4
3.38316476753105e-07	-0.456872529212452	0.071	0.093	0.0113464579973456	WDFY2	c4
3.4010821805973e-07	0.206546271358757	0.127	0.102	0.0114065494172872	HEXIM1	c4
3.4284840261375e-07	0.189817556683542	0.086	0.065	0.0114984497268599	PGLYRP2	c4
3.4379280502555e-07	0.238481617797068	0.228	0.196	0.0115301230949469	MRPS25	c4
3.45680648542374e-07	0.193775181698817	0.268	0.234	0.0115934375908141	PDXDC1	c4
3.48341953901536e-07	0.466288147308123	0.05	0.035	0.0116826924499497	SPOPL	c4
3.53126603995062e-07	0.375332061569686	0.103	0.082	0.0118431600447864	HPS6	c4
3.58486170314804e-07	0.30787134682229	0.139	0.114	0.0120229091800179	TRAPPC2	c4
3.61598059874536e-07	-0.282490750710522	0.302	0.33	0.0121272757320722	NMRK1	c4
3.63138335667494e-07	0.137386344944759	0.304	0.267	0.0121789335016164	NBR1	c4
3.64972892270748e-07	0.163205093893803	0.232	0.198	0.0122404608609763	CAPN7	c4
3.65870010586178e-07	-0.435541392994596	0.092	0.116	0.0122705484150393	TRDMT1	c4
3.67722996405885e-07	0.248676284901921	0.159	0.133	0.0123326938534606	NCLN	c4
3.70663521088916e-07	-1.65493122030135	0.006	0.016	0.0124313131702801	NBPF9	c4
3.71101412326049e-07	-0.231998491263557	0.923	0.916	0.012445999166591	KLF6	c4
3.72787078420546e-07	0.450898295488125	0.053	0.037	0.0125025330360683	PSTK	c4
3.74220782795294e-07	0.582543930910265	0.073	0.055	0.0125506166133886	IFT22	c4
3.76571642717496e-07	0.228485217370984	0.105	0.082	0.0126294597534594	UNC93B1	c4
3.78430853449736e-07	0.286252461869558	0.105	0.083	0.0126918139629973	MYBBP1A	c4
3.8202510839934e-07	0.228914561831307	0.195	0.167	0.0128123580854971	WARS	c4
3.95241114040943e-07	-0.95637976818291	0.009	0.019	0.0132555964827052	RASGRP3	c4
3.9841911167777e-07	0.213598577978451	0.114	0.09	0.0133621801674491	C1RL	c4
4.03600574831596e-07	0.14830067352542	0.271	0.235	0.0135359560787021	THAP7	c4
4.12727114686115e-07	-0.256968658694114	0.271	0.3	0.0138420419723429	TUT4	c4
4.1511862267163e-07	0.313985974123746	0.113	0.091	0.0139222483671611	SLC39A9	c4
4.19002848846196e-07	0.329188920479728	0.13	0.107	0.0140525175446037	MUL1	c4
4.2303017842805e-07	0.454926849850841	0.112	0.09	0.01418758612412	UBE2R2	c4
4.25049082421465e-07	0.355568857636868	0.078	0.059	0.0142552961262511	SLC26A2	c4
4.32659293920821e-07	0.279511095136085	0.134	0.109	0.0145105273995165	FBXO28	c4
4.41951147642096e-07	0.187620903399104	0.197	0.167	0.0148221575896206	MOAP1	c4
4.42717388940311e-07	0.735546725837398	0.02	0.011	0.0148478557902802	ZSCAN22	c4
4.44625204610946e-07	0.213186547904688	0.163	0.135	0.0149118401122419	ANGEL2	c4
4.50221771126219e-07	0.177525389228721	0.35	0.313	0.0150995377600311	ALDH9A1	c4
4.5231915835784e-07	0.416722529266931	0.036	0.024	0.0151698799330052	CYP4F22	c4
4.53095633028865e-07	-0.304846569427419	0.136	0.165	0.0151959213405221	SNAP47	c4
4.55810967819101e-07	0.300111063864288	0.107	0.085	0.015286988238717	HIPK3	c4
4.56272180181883e-07	0.134959230917154	0.443	0.401	0.01530245637894	WDR33	c4
4.57105505903956e-07	0.484682240908673	0.046	0.032	0.0153304044570069	FAM20B	c4
4.5863169641068e-07	0.448719110702322	0.039	0.026	0.0153815898342214	TMEM191B	c4
4.61253210451389e-07	0.24772278119499	0.157	0.13	0.0154695101721187	VPS39	c4
4.62653983268254e-07	0.155459568837352	0.417	0.38	0.0155164892908507	FNTA	c4
4.63772398014321e-07	0.71056023629522	0.034	0.023	0.0155539986846043	ETV2	c4
4.64038587875013e-07	0.764616594522809	0.026	0.016	0.0155629261601522	TRIP10	c4
4.64501151248016e-07	0.337850537539385	0.108	0.086	0.015578439610556	USP12	c4
4.68115375366191e-07	-0.388775312823209	0.037	0.055	0.0156996534590313	CORO1C	c4
4.69086932687581e-07	0.20630483969771	0.192	0.163	0.0157322375484761	DGLUCY	c4
4.73335419185943e-07	0.225810009849408	0.155	0.128	0.0158747232886581	ULK3	c4
4.79049976319737e-07	0.259332759810801	0.161	0.135	0.0160663781058113	BTBD10	c4
4.80512492450214e-07	0.202869686389751	0.297	0.263	0.0161154279717953	WAC	c4
4.81144576947672e-07	0.396049406099428	0.117	0.095	0.016136626821671	ATP2A2	c4
4.82613301131873e-07	0.346920191574491	0.086	0.066	0.0161858848933607	AC027097.1	c4
4.83672977275733e-07	-0.123874561081896	0.832	0.826	0.0162214243118735	LEPROTL1	c4
4.87374403908018e-07	-0.312851933477143	0.257	0.283	0.0163455627582671	UBASH3A	c4
4.91978393120713e-07	-0.407239513596088	0.052	0.072	0.0164999713484825	WDR76	c4
4.92831173546333e-07	-1.77656917611828	0.004	0.012	0.0165285718983969	TNFRSF13C	c4
4.94648196611587e-07	0.179947744686333	0.348	0.311	0.0165895112179594	MCRIP1	c4
4.96150403729985e-07	1.15582428349829	0.01	0.004	0.0166398922402962	AMDHD1	c4
4.96395809408677e-07	0.145000611197137	0.374	0.335	0.0166481226559482	UBE3A	c4
5.01451351101577e-07	0.292793950160949	0.13	0.106	0.0168176754132447	ABI2	c4
5.04824103770733e-07	0.287439776198644	0.179	0.152	0.0169307907922628	TFIP11	c4
5.09370048430607e-07	-0.541060972511216	0.063	0.084	0.0170832526842657	IFIH1	c4
5.15258839665532e-07	0.225140816249378	0.139	0.114	0.0172807509647026	CUX1	c4
5.20072710207931e-07	0.15231016183054	0.364	0.326	0.0174421985549536	ASF1A	c4
5.2082019364222e-07	0.229486206812332	0.108	0.085	0.0174672676543728	PATJ	c4
5.2363278935981e-07	-1.18059119721803	0.005	0.013	0.0175615964895493	GPR19	c4
5.27144930070351e-07	0.537355656838322	0.042	0.029	0.0176793866646994	ABHD17B	c4
5.31819416451588e-07	-0.304282469805378	0.236	0.265	0.0178361595889533	CHMP3	c4
5.34754821653945e-07	-0.106416671939598	0.781	0.788	0.01793460720863	KRTCAP2	c4
5.35631081749907e-07	0.126496102876455	0.386	0.345	0.0179639952197284	SMIM7	c4
5.36638771732649e-07	0.53660716601869	0.039	0.026	0.0179977911263696	SLC19A2	c4
5.37969538679619e-07	0.136094388412594	0.385	0.345	0.0180424223882371	DNAJB14	c4
5.38041775504643e-07	-0.27282530204541	0.204	0.234	0.0180448450668747	IL10RB	c4
5.4125350003719e-07	0.281376595413334	0.176	0.149	0.0181525598842473	IFT27	c4
5.41507556966689e-07	0.404208087552379	0.056	0.04	0.0181610804455488	OTUD7B	c4
5.43344840218826e-07	0.237056406906245	0.146	0.12	0.018222699251259	FAM120B	c4
5.45766512181805e-07	0.159797114421922	0.356	0.318	0.0183039172855534	TM2D3	c4
5.47543684758602e-07	0.225359354822947	0.221	0.191	0.018363520099434	CUL5	c4
5.49892113482791e-07	0.314503995114334	0.168	0.142	0.0184422817019858	GLMN	c4
5.50789050307377e-07	0.510141466275716	0.061	0.045	0.0184723631692088	MOB1B	c4
5.57432185961588e-07	0.51580056479269	0.048	0.034	0.0186951606527797	MTMR10	c4
5.63502589638975e-07	0.241243024065322	0.079	0.06	0.0188987498513119	AHCYL2	c4
5.65505722264842e-07	-0.718805062062185	0.043	0.06	0.0189659309133183	FAM241B	c4
5.66485018771092e-07	0.189070295369765	0.184	0.155	0.0189987745595449	RMDN3	c4
5.67412807585834e-07	0.191033350190469	0.208	0.178	0.0190298907408137	ARIH1	c4
5.6750287309393e-07	0.281061439613504	0.152	0.126	0.0190329113578242	ZNF195	c4
5.69091091278349e-07	0.2000417127571	0.257	0.225	0.0190861770192933	LLPH	c4
5.7008329459683e-07	0.362339780653412	0.088	0.068	0.0191194535341885	PIP5K1C	c4
5.79193587886693e-07	0.77877412275774	0.016	0.009	0.0194249945505439	DNMBP	c4
5.79327662992843e-07	0.298211151209912	0.14	0.116	0.019429491161454	SUPV3L1	c4
5.79499170200296e-07	0.264127013814762	0.147	0.122	0.0194352431701775	FCHSD1	c4
5.80616087712329e-07	0.397047504212785	0.032	0.02	0.0194727023496961	AL138895.1	c4
5.82408316000202e-07	0.18242581568765	0.284	0.25	0.0195328101020148	PEX16	c4
5.83000023381206e-07	0.362772124820364	0.1	0.08	0.0195526547841589	TDRD3	c4
5.84370243737804e-07	0.240131201454074	0.175	0.148	0.0195986092344785	DICER1	c4
5.89986036713458e-07	0.166903512164332	0.252	0.217	0.019786951699296	NPTN	c4
5.9073007289654e-07	0.250993075217828	0.142	0.117	0.0198119051848041	CLN3	c4
6.02281640310815e-07	0.166791224820275	0.333	0.297	0.0201993216527441	CAPN1	c4
6.05167938133911e-07	0.954651309166622	0.01	0.005	0.0202961223091351	AL162586.1	c4
6.10143764570224e-07	-0.153445618642548	0.752	0.748	0.0204630015761562	SEPT6	c4
6.14886800028212e-07	0.337241090527935	0.126	0.103	0.0206220734993462	RXYLT1	c4
6.24467350657863e-07	1.13158869671094	0.012	0.006	0.0209433860063634	AC091180.2	c4
6.25843662940515e-07	0.373242723290029	0.075	0.057	0.020989544767699	ZSCAN16	c4
6.56351308018909e-07	0.142537089579685	0.185	0.155	0.0220127101683382	NCOA2	c4
6.61485716407953e-07	-1.51054450108495	0.004	0.012	0.0221849079568899	CLEC11A	c4
6.61739165935413e-07	0.18201015643961	0.27	0.236	0.0221934081471419	ENOPH1	c4
6.61851088677667e-07	0.550181383938344	0.026	0.016	0.0221971618120716	ADAMTSL5	c4
6.62492449483322e-07	0.177677451428545	0.23	0.199	0.0222186717707717	PTGES2	c4
6.64122269723257e-07	-0.61110822049314	0.053	0.072	0.0222733326819786	FAM8A1	c4
6.65509755705697e-07	0.356123651291795	0.09	0.07	0.0223198661868577	CRADD	c4
6.70657507996047e-07	0.111498464671794	0.533	0.486	0.0224925115031714	LRP10	c4
6.79882158751525e-07	0.405573735846062	0.078	0.06	0.0228018878402087	MCM9	c4
6.86097768343945e-07	0.116215296984652	0.498	0.454	0.0230103469547192	COX14	c4
6.86454949824174e-07	0.58507093237385	0.045	0.031	0.0230223261072031	KIAA0930	c4
6.8704782803304e-07	0.258613238747944	0.14	0.115	0.0230422100565721	COG1	c4
6.88474655752535e-07	-0.43867412580592	0.028	0.043	0.0230900630046285	NEMP1	c4
7.0047346728226e-07	-0.278281505871237	0.397	0.413	0.0234924791457124	TMEM243	c4
7.10608702250073e-07	0.214425027375381	0.218	0.188	0.023832394656063	GATAD2B	c4
7.25208249938007e-07	0.340765037155269	0.153	0.129	0.0243220342864209	CENPK	c4
7.26689097802896e-07	0.142923761053082	0.41	0.371	0.0243716989621135	GSPT1	c4
7.2853085062681e-07	-0.332455007877774	0.027	0.043	0.024433467668322	BRCA2	c4
7.30066470369915e-07	0.602443837037235	0.052	0.037	0.0244849692832662	BIVM	c4
7.32303515763199e-07	-0.300046619281791	0.183	0.213	0.0245599953116662	PLSCR1	c4
7.40592425212485e-07	0.330144551069506	0.106	0.085	0.0248379887567763	EDC3	c4
7.408770086448e-07	0.830411653511644	0.035	0.024	0.0248475331159293	SPAG1	c4
7.50681975788057e-07	0.262640833366811	0.091	0.07	0.0251763721039799	ZNF383	c4
7.52557728380596e-07	0.304771037709802	0.147	0.123	0.0252392810944284	SDHAF1	c4
7.54240358151225e-07	0.835688509433445	0.036	0.024	0.0252957131316758	CREB3L4	c4
7.56353080236779e-07	0.244660546366473	0.212	0.184	0.0253665696049811	WRAP73	c4
7.58869544444081e-07	0.262223810685514	0.133	0.109	0.0254509667815656	TAF1	c4
7.63887011170652e-07	0.345559904343341	0.082	0.063	0.0256192425806413	GOLGA1	c4
7.64784934194028e-07	0.376091743176024	0.072	0.055	0.0256493571229993	C5orf63	c4
7.70927364664078e-07	-0.242063351338955	0.283	0.314	0.0258553619561039	ARF3	c4
7.72739964941119e-07	0.29610489197965	0.112	0.09	0.0259161529441953	SLF2	c4
7.73038539682996e-07	0.214529543004066	0.176	0.149	0.0259261665438883	PPM1A	c4
7.77836749228369e-07	-0.271679168239475	0.174	0.204	0.026087088895621	SVBP	c4
7.82619701740634e-07	0.408633162701981	0.047	0.033	0.0262474995569774	MIR222HG	c4
7.87821285774898e-07	0.355649200503501	0.129	0.107	0.0264219502823185	SHMT1	c4
7.94092246484625e-07	0.374183504503117	0.109	0.088	0.0266322657626014	FAM91A1	c4
7.97506127318626e-07	0.347123563165361	0.094	0.074	0.0267467604980121	ING1	c4
7.97816355240324e-07	0.134018030609756	0.287	0.251	0.02675716492205	BCL2L1	c4
8.08802255116675e-07	0.19405307769206	0.21	0.18	0.027125610032103	RRN3	c4
8.19853518384299e-07	0.128808723330382	0.276	0.24	0.0274962472995726	SNRK	c4
8.20104546410131e-07	0.134987244503747	0.36	0.32	0.027504666277503	RNF5	c4
8.20887656596762e-07	0.173346960911211	0.233	0.201	0.0275309302269422	NBN	c4
8.21515662465714e-07	0.104082265891728	0.694	0.649	0.0275519922877751	SF3B2	c4
8.22654916236285e-07	0.195072452661273	0.225	0.194	0.0275902005807325	OSBPL9	c4
8.24418037018415e-07	1.102776199552	0.012	0.006	0.0276493321255236	ICAM4	c4
8.24972833256666e-07	0.751906375874571	0.013	0.007	0.0276679388817621	WWC2	c4
8.25737029252946e-07	0.239342759809745	0.132	0.107	0.0276935684870853	ZNF226	c4
8.26091378700874e-07	0.106937990138835	0.418	0.372	0.0277054526588699	UBE2A	c4
8.3839539466225e-07	-2.02504108752956	0.003	0.011	0.0281181047461825	HBEGF	c4
8.40058642154959e-07	0.224742066661065	0.094	0.073	0.028173886740593	HERC5	c4
8.44515673906481e-07	0.220811777188648	0.128	0.104	0.0283233666714756	SFXN3	c4
8.45661756921892e-07	0.183943783988511	0.268	0.236	0.0283618040036464	GRHPR	c4
8.45931266972476e-07	1.0214811898808	0.012	0.006	0.0283708428317229	NRG2	c4
8.54993341596857e-07	0.147437185666983	0.392	0.356	0.0286747666904754	METTL23	c4
8.59681484729948e-07	0.247805100683565	0.098	0.077	0.028831997634873	PIGM	c4
8.69710863665354e-07	-1.03325784840544	0.006	0.015	0.0291683629456087	HIST1H4D	c4
8.78024848719236e-07	-1.96726441245453	0.004	0.012	0.0294471973763457	SCRN1	c4
8.78564068352625e-07	0.58017925560037	0.056	0.041	0.0294652817244103	SLC25A35	c4
8.81188107237512e-07	0.443775013447207	0.073	0.056	0.0295532867405317	POLR1B	c4
8.83433624787671e-07	0.177771944289884	0.271	0.237	0.0296285969081289	COQ4	c4
8.84668373046884e-07	0.844655084207655	0.017	0.01	0.0296700078952464	RORA-AS1	c4
8.86431897588879e-07	-0.661911699443718	0.009	0.019	0.0297291529813358	LINC01572	c4
8.92981682653069e-07	-0.30519801099867	0.179	0.207	0.0299488196728186	MEI1	c4
9.02943718355531e-07	0.226858663883592	0.2	0.172	0.0302829264262078	SNX10	c4
9.07432786239514e-07	0.657665799464126	0.043	0.03	0.0304334807849008	DPYSL2	c4
9.104706605001e-07	0.478567944173531	0.05	0.036	0.0305353650118523	ENDOG	c4
9.11319727088924e-07	-0.430402265648827	0.097	0.121	0.0305638410071083	TICAM1	c4
9.14179904582453e-07	0.211801916872563	0.163	0.136	0.0306597656398863	PIK3CG	c4
9.1486871215507e-07	0.597927530179857	0.033	0.021	0.0306828668682568	PKD2L2	c4
9.42760314056262e-07	0.176143881279103	0.263	0.23	0.0316182954128189	HMG20B	c4
9.43104674280924e-07	0.112592905755324	0.589	0.539	0.0316298445660336	TMEM14B	c4
9.43524857448903e-07	0.21878659153418	0.199	0.171	0.0316439366691213	YTHDC2	c4
9.46817600766967e-07	0.49645091393585	0.09	0.071	0.0317543686945225	SLC25A33	c4
9.50632611291181e-07	0.773718016013589	0.027	0.017	0.0318823165174836	ZNF337-AS1	c4
9.52030861609038e-07	0.242813235278864	0.188	0.161	0.0319292110366439	RBM10	c4
9.62220173784392e-07	0.991098427538939	0.012	0.006	0.0322709401883809	TIGD5	c4
9.68386578636366e-07	0.963271554583017	0.019	0.011	0.0324777490743064	PROB1	c4
9.70765057539342e-07	-0.302808438046026	0.173	0.201	0.0325575184997544	LRCH4	c4
9.73570222779238e-07	-0.537604563854986	0.04	0.058	0.0326515981315701	CEP128	c4
9.74841974607411e-07	0.150317421986819	0.316	0.278	0.0326942501443834	CAT	c4
9.76298511029604e-07	0.229519126760538	0.187	0.158	0.0327430994629109	CDC16	c4
9.80936973850431e-07	-1.06689876683786	0.014	0.025	0.0328986642289958	MPP5	c4
9.9113953860441e-07	0.34627053523915	0.11	0.088	0.0332408378457147	HINT3	c4
9.94125814531481e-07	-1.38889128339198	0.007	0.016	0.0333409915677568	RAB11FIP5	c4
1.00521657214065e-06	0.460219246573144	0.04	0.027	0.0337129533964531	ZNF558	c4
1.00843351642256e-06	0.21473483227	0.171	0.143	0.0338208432737799	MSL2	c4
1.01067748337895e-06	0.110983977243889	0.469	0.426	0.0338961014375633	KIF5B	c4
1.01284408127183e-06	0.226187949011154	0.146	0.12	0.0339687647976946	B3GALT6	c4
1.015264021527e-06	0.492278821309316	0.036	0.024	0.0340499247539724	STX1A	c4
1.01789539226249e-06	0.223489546443896	0.185	0.157	0.0341381756656994	C1orf174	c4
1.02279436771436e-06	0.337486031560269	0.111	0.089	0.0343024775044043	ATG7	c4
1.02324915428059e-06	0.260889629850807	0.183	0.156	0.0343177301362623	TBP	c4
1.02762117698646e-06	-0.809260845258754	0.027	0.042	0.034464359033772	Z93930.2	c4
1.03834081437459e-06	0.303132007776668	0.163	0.138	0.0348238742324949	POLR2M	c4
1.0428813666889e-06	0.45852537053498	0.056	0.041	0.0349761552760125	CCDC125	c4
1.05130814511891e-06	-0.499552447266174	0.073	0.095	0.0352587725709979	CD70	c4
1.05173353751611e-06	0.385906941898075	0.076	0.058	0.0352730393812155	TUBGCP4	c4
1.05463074890482e-06	0.112773105422501	0.344	0.305	0.0353702060567699	BIRC6	c4
1.05719415770173e-06	0.203916277456974	0.195	0.167	0.0354561776610007	PARP4	c4
1.065190288214e-06	0.156822414798116	0.288	0.253	0.0357243518861212	USF2	c4
1.07695012081601e-06	0.274364892377256	0.079	0.06	0.0361187531519275	HSPBAP1	c4
1.0779880681249e-06	-0.300195540685443	0.233	0.26	0.036153563828773	SP140L	c4
1.07928629969445e-06	-0.14283006999455	0.642	0.644	0.0361971039191525	LAMTOR4	c4
1.08092117462473e-06	0.242842447841304	0.156	0.129	0.0362519343545641	METTL15	c4
1.08442189176154e-06	0.953288975057065	0.011	0.005	0.0363693414058984	AC008393.1	c4
1.0864026038063e-06	0.23756898203743	0.116	0.093	0.0364357705264556	MIGA1	c4
1.08804198307623e-06	0.151527845963979	0.295	0.261	0.0364907520284105	EFCAB14	c4
1.08831300435866e-06	0.328691727176177	0.158	0.134	0.0364998415401808	MBD2	c4
1.09839301964675e-06	0.544385868895557	0.069	0.053	0.0368379050929129	TRIOBP	c4
1.09846692741429e-06	0.356307574693663	0.109	0.087	0.0368403838116203	TFB2M	c4
1.10347953481956e-06	0.531521615744219	0.026	0.016	0.0370084966387784	OVCH1-AS1	c4
1.10556808676816e-06	-0.43761765634736	0.12	0.144	0.0370785424940307	SMAD3	c4
1.11072894142635e-06	0.569550273416954	0.012	0.006	0.0372516272375568	ZNF578	c4
1.11994080175687e-06	0.385524334028545	0.055	0.04	0.0375605746093218	CCR1	c4
1.12495528994009e-06	0.683507551016874	0.018	0.01	0.0377287505140109	IRGM	c4
1.13942079909718e-06	0.265481591768632	0.1	0.079	0.0382138947601212	TSPYL4	c4
1.14753714861324e-06	0.269377800065357	0.189	0.163	0.0384861008901907	ASPSCR1	c4
1.15036916034132e-06	0.227567096394228	0.217	0.188	0.0385810808995272	CTNNBL1	c4
1.17925729775582e-06	-0.834561953765551	0.019	0.032	0.0395499312521346	AC016831.1	c4
1.18639030555003e-06	-0.467222334104882	0.105	0.128	0.0397891580675369	RHBDF2	c4
1.19393806991458e-06	0.186883596555572	0.271	0.239	0.0400422949887953	RABIF	c4
1.19687417805539e-06	-0.419358819605706	0.131	0.156	0.0401407661836218	ING5	c4
1.19824210994309e-06	-1.32819544131841	0.006	0.015	0.0401866438832713	NOS3	c4
1.20657383793412e-06	0.131217053538822	0.416	0.373	0.0404660733766346	CD46	c4
1.21560185037828e-06	0.27660479908514	0.106	0.085	0.0407688548579868	ATP7A	c4
1.22022897468947e-06	0.153142006749193	0.278	0.244	0.0409240393531354	HEXA	c4
1.22085386009094e-06	0.272990216895928	0.11	0.088	0.0409449967597299	UBE2W	c4
1.23264549665982e-06	-0.438536982330077	0.025	0.04	0.041340464666977	HIST1H3H	c4
1.23460227549946e-06	-0.297283343321567	0.171	0.199	0.041406091115701	ARHGEF2	c4
1.23856991139496e-06	0.161732303509703	0.24	0.208	0.041539157688364	CUL4A	c4
1.25105631999338e-06	0.289366909272892	0.142	0.118	0.0419579268599381	C11orf49	c4
1.25976682402928e-06	-0.519124809334021	0.026	0.041	0.0422500597442939	DCLRE1B	c4
1.27492705569236e-06	0.204006636129273	0.085	0.065	0.0427585035938103	BTBD9	c4
1.27520261826767e-06	-0.942904870213342	0.031	0.046	0.0427677454114613	SBF2	c4
1.29579716486797e-06	0.167928196465371	0.379	0.341	0.0434584453153421	ABT1	c4
1.29827719142573e-06	0.245130493448416	0.146	0.121	0.043541620446036	ZNF664	c4
1.30394411790629e-06	0.596787152601536	0.023	0.014	0.043731677826341	ZNF283	c4
1.31381171740996e-06	-0.76579140799208	0.036	0.052	0.0440626173784952	TPCN1	c4
1.32240147658687e-06	-0.24614808059857	0.382	0.399	0.0443507007217705	PYCARD	c4
1.32849837427266e-06	0.339388809900589	0.117	0.096	0.0445551784763564	HOXB4	c4
1.32950072278887e-06	-0.444480448553948	0.053	0.072	0.0445887952408932	SLC16A1	c4
1.32979706541477e-06	0.283232552324876	0.127	0.104	0.0445987339798804	HEXDC	c4
1.34545572530678e-06	0.437467109323537	0.074	0.056	0.0451238941153386	ENDOV	c4
1.35112740741542e-06	0.209314857930903	0.212	0.183	0.0453141109898982	EBNA1BP2	c4
1.36650290154189e-06	0.102540388641838	0.539	0.492	0.045829774311912	FBL	c4
1.36843792331418e-06	-1.28822121080973	0.017	0.029	0.045894671072111	AC103724.3	c4
1.37985077927461e-06	-0.250045721756251	0.318	0.343	0.0462774354353118	DECR1	c4
1.39690147827585e-06	1.34581388391711	0.01	0.004	0.0468492817784155	ERMN	c4
1.42841198085412e-06	0.478533193903038	0.07	0.053	0.0479060810138856	PCGF3	c4
1.45733878789148e-06	0.145231549971199	0.267	0.232	0.0488762282683044	NOLC1	c4
1.46562810471631e-06	-0.668422624820322	0.01	0.02	0.0491542353759757	C16orf95	c4
1.47269221007365e-06	0.353143068484626	0.053	0.038	0.0493911513414502	MTRNR2L12	c4
1.47499319557546e-06	0.357751377490705	0.069	0.052	0.0494683217932097	TRBV27	c4
1.47955536201653e-06	0.133037507870738	0.396	0.357	0.0496213277313105	ATXN2L	c4
1.49933741923308e-06	0.160396745531176	0.316	0.28	0.050284778366239	TNKS2	c4
1.49957202653606e-06	0.138781560190567	0.487	0.447	0.0502926466259664	ATRAID	c4
1.50394722115375e-06	0.313728946988152	0.086	0.067	0.0504393819030546	PRDM4	c4
1.51248635880079e-06	0.315555355861649	0.121	0.1	0.0507257675014609	RBM12	c4
1.51714620162955e-06	0.241699592504531	0.17	0.144	0.0508820493102519	NME6	c4
1.59200411019058e-06	0.338869641666617	0.075	0.057	0.0533926338475715	IPP	c4
1.59643996405425e-06	-1.35645860929089	0.004	0.012	0.0535414035144516	GRAMD1C	c4
1.59695116175313e-06	0.411164887711404	0.067	0.05	0.0535585480628764	ZNF614	c4
1.60849428964777e-06	0.341060819541406	0.083	0.064	0.053945681486207	ZFYVE16	c4
1.6383834206586e-06	0.304228220838497	0.123	0.101	0.0549481031620481	DDX10	c4
1.64032654360461e-06	-0.417216314948061	0.147	0.172	0.0550132716194115	LAX1	c4
1.65168328546074e-06	0.372099864767487	0.077	0.06	0.0553941540277822	TM7SF2	c4
1.66274680856055e-06	-0.318471836699619	0.154	0.181	0.0557652024655038	TRAF3	c4
1.66341967075075e-06	0.173570281557113	0.208	0.179	0.0557877689176387	VTI1A	c4
1.67566498558007e-06	-0.279543767735631	0.156	0.184	0.0561984522863845	FAM207A	c4
1.6889727083926e-06	0.27170845813117	0.201	0.174	0.056644766694071	HTRA2	c4
1.70946045936539e-06	0.147970245471102	0.295	0.259	0.0573318848861965	SMU1	c4
1.71577948815509e-06	-0.157648222834109	0.516	0.529	0.0575438124737453	OSTC	c4
1.73005178084513e-06	0.100919138004359	0.211	0.178	0.0580224766259839	PPP2R2B	c4
1.73094846990184e-06	0.155650944293901	0.239	0.207	0.0580525497835679	SUPT6H	c4
1.74067958740023e-06	0.312453380739075	0.128	0.106	0.0583789120022291	RAB21	c4
1.74148696350313e-06	-1.06347673717258	0.006	0.014	0.0584059897819679	KCNK12	c4
1.74474223309955e-06	0.23997735042086	0.204	0.177	0.0585151650136927	MAPKAP1	c4
1.77316557727222e-06	-0.163659093553169	0.62	0.629	0.0594684271305558	ETS1	c4
1.78545427731715e-06	-0.344252051484953	0.217	0.244	0.0598805655526625	ATP2B1	c4
1.81703994409577e-06	0.181015547100093	0.268	0.236	0.0609398856450838	GLTP	c4
1.81783703297994e-06	0.604154218389866	0.016	0.009	0.0609666184120811	VASH1	c4
1.83564145510149e-06	0.156155738946143	0.327	0.292	0.0615637431211937	TMEM134	c4
1.84778007965122e-06	-0.252311830660533	0.319	0.342	0.0619708483113428	ACAA2	c4
1.87057270398919e-06	0.148007814032687	0.354	0.317	0.0627352673463894	SNF8	c4
1.87796069105849e-06	0.209647311984713	0.211	0.183	0.0629830456567198	EI24	c4
1.88206811235631e-06	0.166068706432348	0.289	0.255	0.0631208003522061	CTR9	c4
1.89071202616369e-06	0.54703430620727	0.021	0.012	0.0634106999334778	ZNF607	c4
1.90455360807219e-06	0.192148043300418	0.281	0.25	0.0638749189075251	RAB1A	c4
1.91753660950536e-06	0.203633706272651	0.214	0.186	0.0643103428095907	SEC22C	c4
1.92081670609138e-06	0.228980768274171	0.237	0.208	0.0644203506888927	TIMM23	c4
1.94587033254028e-06	-2.69280839537605	0.003	0.01	0.0652605992127358	S100B	c4
1.95680294789751e-06	0.724186368486331	0.036	0.024	0.0656272572665867	DHRS11	c4
1.9647673472369e-06	0.19245518316502	0.195	0.166	0.0658943672916311	BEX4	c4
1.96527686428307e-06	0.284251350645274	0.126	0.104	0.0659114554743257	TRMU	c4
1.97868343982827e-06	-0.236650404696694	0.315	0.34	0.0663610852049606	ESD	c4
1.98076321137116e-06	0.119771927398365	0.351	0.313	0.0664308365829661	NFATC3	c4
1.99960163405167e-06	0.10291313569971	0.416	0.375	0.0670626396028248	PHF3	c4
2.00399971766432e-06	0.143851782981229	0.38	0.343	0.0672101425310258	RNF4	c4
2.00518341533729e-06	0.142088484288426	0.37	0.332	0.0672498413835822	THYN1	c4
2.00610319043236e-06	0.195445750562938	0.228	0.198	0.0672806888007205	MED21	c4
2.01439201071403e-06	0.167699080615663	0.271	0.24	0.067558679255327	SS18	c4
2.04632835115316e-06	0.558824591063783	0.033	0.022	0.0686297602409748	ZCCHC18	c4
2.06020446280637e-06	0.337920541511818	0.11	0.09	0.0690951372736001	ZFP91	c4
2.0671057783727e-06	0.268117763483238	0.131	0.108	0.0693265935950637	GABPA	c4
2.09831726121302e-06	0.427198340642831	0.104	0.084	0.0703733643065623	PRADC1	c4
2.12323464207341e-06	-1.23329400140204	0.003	0.01	0.0712090434258579	SOWAHD	c4
2.1449164559262e-06	0.35835598024802	0.07	0.054	0.071936208098853	INVS	c4
2.1550434661773e-06	0.507857018386666	0.043	0.031	0.0722758477686543	HNRNPUL2-BSCL2	c4
2.16811248709829e-06	0.304642950617687	0.119	0.098	0.0727141565923024	TTC32	c4
2.17462198058244e-06	-0.855054749820336	0.008	0.017	0.0729324719847737	FADS1	c4
2.18362328385627e-06	-0.357103200121941	0.069	0.09	0.0732343576939715	LRR1	c4
2.18605249196864e-06	0.157646773054864	0.291	0.258	0.0733158284756442	DNPEP	c4
2.20587986372703e-06	0.440387577457676	0.088	0.07	0.073980798869677	TRIM25	c4
2.20811354942088e-06	0.1929770969266	0.186	0.158	0.0740557122204776	ERO1A	c4
2.21528538790786e-06	0.103335895870635	0.375	0.336	0.0742962413396537	KMT2A	c4
2.21556426544873e-06	-1.15167363717001	0.018	0.03	0.0743055943346195	HOOK1	c4
2.23876102109841e-06	-0.391558494699235	0.013	0.024	0.0750835671255985	HIST1H2AE	c4
2.25084679764002e-06	-0.445630392900954	0.05	0.068	0.0754888998992508	RABL3	c4
2.25303233138659e-06	0.240852418888654	0.15	0.125	0.0755621983300435	EIF4G3	c4
2.28952223503467e-06	-0.906991093433025	0.015	0.026	0.0767859967185928	RYR1	c4
2.30040965620007e-06	0.248508231959293	0.145	0.121	0.0771511390496379	SCYL2	c4
2.30968128539303e-06	0.300391431576186	0.131	0.108	0.0774620909495114	INTS12	c4
2.33836292104843e-06	0.244794016425015	0.104	0.083	0.0784240156461222	POGK	c4
2.34622645402375e-06	0.212792729106611	0.148	0.124	0.0786877428150487	SCAF8	c4
2.36336578840514e-06	0.164354156374656	0.277	0.245	0.0792625618115316	KLF13	c4
2.3680387619215e-06	-0.307028547685163	0.189	0.216	0.0794192839973234	CBX5	c4
2.38154291445469e-06	-0.266472367094105	0.152	0.179	0.0798721862649815	CISD1	c4
2.40151109285506e-06	0.124091795634096	0.382	0.346	0.0805418790321729	SUMF2	c4
2.4089399452154e-06	0.331608868994437	0.081	0.063	0.0807910278826342	TTLL1	c4
2.43848121383058e-06	0.159674089879197	0.312	0.28	0.0817817829494501	HSPA4	c4
2.43862785435273e-06	0.137953415888953	0.407	0.37	0.0817867009792817	MFNG	c4
2.44232146606591e-06	1.04775586651429	0.024	0.015	0.0819105773289186	AP002990.1	c4
2.44912859738882e-06	0.195027273408589	0.256	0.226	0.0821388748992261	KEAP1	c4
2.45930479086418e-06	-0.742651757433974	0.017	0.029	0.0824801640760029	AC093157.1	c4
2.49887528559639e-06	0.391222955112066	0.076	0.059	0.0838072793283317	TIMM23B	c4
2.51190912704403e-06	-0.409497399809254	0.131	0.156	0.0842444083028026	MAN2A1	c4
2.51476969073402e-06	0.536638711374382	0.025	0.016	0.0843403458878374	FNIP2	c4
2.5373942534364e-06	-1.88480435941046	0.004	0.012	0.0850991284717501	AL139384.1	c4
2.53824216602003e-06	0.275356468629779	0.157	0.133	0.0851275657639798	ABHD5	c4
2.55159360780556e-06	0.167343025468276	0.25	0.218	0.085575346418583	ZCCHC7	c4
2.55294339431293e-06	0.746651423739702	0.015	0.008	0.085620615558467	TRIM7	c4
2.56287328689314e-06	0.311808406018092	0.122	0.101	0.0859536442958223	PSME4	c4
2.56995325827431e-06	0.197734456454877	0.255	0.225	0.0861910923760038	GMPS	c4
2.57655583031568e-06	0.342666535998872	0.103	0.083	0.0864125294371273	DNAL4	c4
2.58976739069464e-06	0.423377163062349	0.05	0.036	0.0868556187491169	ATRN	c4
2.59152683819812e-06	0.673433974295639	0.02	0.012	0.0869146270994886	MEGF8	c4
2.61421284372406e-06	-1.6631973702811	0.003	0.01	0.0876754703528176	PRSS16	c4
2.61557927255379e-06	-0.918143339540974	0.01	0.02	0.087721297642909	HIST1H4F	c4
2.70001369772057e-06	0.528161846092702	0.029	0.019	0.0905530593941525	LENG9	c4
2.72899399945471e-06	-0.181846904832111	0.391	0.416	0.0915250007537121	C18orf32	c4
2.75807075287396e-06	0.840279181003377	0.011	0.005	0.0925001769098867	NIPSNAP3B	c4
2.76354117200478e-06	0.199555247655292	0.223	0.195	0.0926836438266963	CWC22	c4
2.78466710187695e-06	0.693525046717727	0.013	0.007	0.093392165262749	PWAR6	c4
2.80126325705593e-06	-0.476742860796783	0.097	0.118	0.0939487671151419	SGTB	c4
2.8104178948571e-06	0.160654592599701	0.239	0.208	0.0942557953577175	ARL16	c4
2.83677496516971e-06	0.271519511323271	0.142	0.119	0.0951397587818616	HMGXB3	c4
2.86676977663982e-06	0.159310696520084	0.267	0.236	0.0961457247689463	NAA60	c4
2.89898278018511e-06	-0.426630435862389	0.079	0.1	0.0972260844818484	NOTCH2	c4
2.92628302084748e-06	0.207936986800801	0.172	0.146	0.0981416799531827	RNF111	c4
2.93885411724832e-06	0.317806736554683	0.065	0.049	0.098563289384274	CHCHD6	c4
2.94203683552543e-06	0.136640515630388	0.295	0.262	0.0986700313898517	SYAP1	c4
2.9420520141795e-06	0.151022484402415	0.323	0.289	0.0986705404515521	EHD1	c4
2.97482612811007e-06	0.26986169560764	0.055	0.04	0.0997697186845557	ENGASE	c4
2.98404622530872e-06	1.06677583524216	0.017	0.01	0.100078942304404	LRRC34	c4
2.99793725385909e-06	0.344302660718024	0.011	0.006	0.100544819619926	MYL9	c4
3.0066423547039e-06	0.610560549269048	0.031	0.021	0.100836771292059	IFT172	c4
3.01198199901648e-06	-0.168260423879692	0.688	0.675	0.101015852283015	IL2RG	c4
3.02081374800818e-06	0.325485648870705	0.092	0.073	0.101312051480698	BCKDHB	c4
3.02618360344413e-06	0.115531620456438	0.407	0.367	0.101492145692309	NUDT5	c4
3.03119912924758e-06	-0.690906216824815	0.067	0.086	0.101660356396705	CD248	c4
3.04963849399444e-06	-0.121790408927365	0.775	0.774	0.102278775811585	EIF4B	c4
3.05794461734282e-06	0.227759249666755	0.153	0.129	0.102557346576443	N4BP1	c4
3.11671187092287e-06	-0.478110595128765	0.029	0.044	0.104528282727011	SFXN2	c4
3.14798153815513e-06	0.101509718956027	0.479	0.432	0.105577004826647	DBNL	c4
3.15587780122911e-06	0.15842001720207	0.21	0.18	0.105841829697622	RINL	c4
3.17109755909131e-06	0.103892755937239	0.478	0.432	0.106352269936804	WASF2	c4
3.17950542486111e-06	0.337060048136209	0.103	0.084	0.106634252938992	ELF4	c4
3.21381739073927e-06	-0.123072513442833	0.639	0.626	0.107785007650614	RTRAF	c4
3.24276037677796e-06	-0.527068136763612	0.064	0.083	0.108755697516379	D2HGDH	c4
3.24550283061008e-06	-0.515692340785949	0.037	0.053	0.108847673933001	TDRKH	c4
3.25202971269401e-06	0.201018409706185	0.18	0.153	0.109066572504332	MMGT1	c4
3.26527051150742e-06	0.232579649463725	0.091	0.072	0.109510642414936	BTBD7	c4
3.2830485546997e-06	0.181468795910669	0.217	0.188	0.110106882427519	KIAA1191	c4
3.30818668146058e-06	0.475026455989846	0.068	0.052	0.110949964922825	PITPNA	c4
3.30966325266207e-06	0.217905942941766	0.209	0.182	0.110999486167781	TMEM70	c4
3.3146019440268e-06	0.143095924567247	0.317	0.283	0.111165119998771	DGKZ	c4
3.34526977369769e-06	-0.412281562249074	0.021	0.034	0.112193657670273	VANGL1	c4
3.35201286434001e-06	0.278213526333983	0.104	0.083	0.112419807444235	ZNF780A	c4
3.37488262024463e-06	0.452630509712357	0.046	0.033	0.113186813317765	FBXW8	c4
3.38163096657942e-06	0.196283437812961	0.213	0.185	0.113413139357141	XRCC1	c4
3.39582689599564e-06	0.23895742058814	0.203	0.176	0.113889242437902	RAE1	c4
3.44911762763358e-06	0.201136564655285	0.183	0.157	0.115676506995575	RNF40	c4
3.46080935935728e-06	0.153088271960907	0.292	0.258	0.116068624294124	PWP1	c4
3.5069355409938e-06	1.34118941668538	0.015	0.008	0.11761560417385	CERCAM	c4
3.51112153802804e-06	0.922819827161361	0.011	0.006	0.117755994142384	TRBJ2-2	c4
3.51650185353568e-06	-0.239890399059243	0.442	0.453	0.11793643916388	IFI16	c4
3.52496168210115e-06	0.121289132951187	0.44	0.396	0.118220164894308	NUTF2	c4
3.54669532179759e-06	0.173379350983893	0.169	0.142	0.118949067702447	DNAJC10	c4
3.56837183418099e-06	0.148472845287905	0.306	0.272	0.119676054574762	KRR1	c4
3.57453178307561e-06	0.292475734344611	0.088	0.069	0.11988264694079	PORCN	c4
3.61095540774934e-06	0.168255785197827	0.254	0.223	0.121104222465097	MBD4	c4
3.61864506891297e-06	0.498857513952282	0.024	0.015	0.121362118321203	RIN1	c4
3.64695769187949e-06	-0.781574072355546	0.004	0.011	0.122311667070254	FAM92A	c4
3.65414432760286e-06	0.182830961956201	0.192	0.164	0.122552692459145	SCOC	c4
3.6575476282184e-06	0.40614406899728	0.06	0.045	0.122666832355189	PDLIM1	c4
3.66514060823014e-06	0.229257227258856	0.153	0.128	0.122921485718822	WAC-AS1	c4
3.66695640422412e-06	0.173397122744954	0.193	0.167	0.122982383884868	LGALS9	c4
3.66899197172845e-06	-0.189240186941299	0.517	0.53	0.123050652747829	SLC38A1	c4
3.67269415974533e-06	0.257286434230937	0.147	0.123	0.123174816729539	COG3	c4
3.70633365929311e-06	-0.2219285026908	0.232	0.26	0.124303018265372	MRPS33	c4
3.71184648480246e-06	0.249001766839228	0.154	0.13	0.124487907407305	AGPAT5	c4
3.72248913794982e-06	0.334716230265814	0.051	0.037	0.124844840708561	ZNF583	c4
3.76530196982498e-06	0.212204009696655	0.239	0.212	0.12628069746399	G6PD	c4
3.77509261975673e-06	-0.669099373887645	0.03	0.044	0.126609056281401	PRR34-AS1	c4
3.80836595315272e-06	0.422204544370025	0.08	0.063	0.127724977336836	EIF3C	c4
3.8128474499465e-06	0.2569433656953	0.096	0.077	0.127875277776306	DDX20	c4
3.83771943940891e-06	0.101370077488168	0.36	0.318	0.128709434558896	SNRPA1	c4
3.85367464460301e-06	0.293105517345698	0.062	0.047	0.129244540230696	SIRT1	c4
3.86832989266887e-06	0.207251614960431	0.171	0.145	0.129736047940328	CRKL	c4
3.87029016091493e-06	0.268855575748464	0.137	0.115	0.129801791416765	USP7	c4
3.89305624243953e-06	0.524413876763846	0.027	0.017	0.130565320258937	AC116407.2	c4
3.89675641669628e-06	-2.0935330643654	0.005	0.012	0.13068941670316	C11orf74	c4
3.93883437141829e-06	-1.39659804562015	0.007	0.016	0.132100627148627	CEBPA	c4
3.96788228695134e-06	0.185063161147153	0.272	0.241	0.133074836139774	MYCBP	c4
3.97594294510245e-06	0.240393040722448	0.102	0.082	0.133345174492846	FUT11	c4
3.99057358478409e-06	0.627669701078394	0.019	0.011	0.133835856886489	CATSPERG	c4
4.00554107585634e-06	0.147220928635504	0.259	0.226	0.13433783660207	PUM1	c4
4.01080491021794e-06	0.105435871286608	0.42	0.377	0.134514375078889	ETFB	c4
4.04379348684116e-06	0.153760973447003	0.26	0.229	0.135620745961679	CDK12	c4
4.04691955785338e-06	0.224081712188147	0.156	0.132	0.135725588131287	MEF2A	c4
4.06229186216305e-06	0.54126664146234	0.044	0.032	0.136241144473224	F8A3	c4
4.09506243105113e-06	0.107915843195724	0.239	0.205	0.137340203812593	LINC00623	c4
4.11157522361775e-06	0.683723532002834	0.03	0.02	0.137894009849692	AC027290.1	c4
4.12751053272171e-06	-0.432639691354443	0.042	0.059	0.138428448246421	FBXO5	c4
4.14409026268417e-06	0.185183202503584	0.264	0.235	0.138984499229902	PDS5A	c4
4.18850251432608e-06	-0.51097598564955	0.02	0.033	0.140473997325468	ANKDD1A	c4
4.19317849499513e-06	0.12410744017465	0.365	0.329	0.140630820365147	ACIN1	c4
4.23085294287102e-06	1.033055643667	0.032	0.022	0.141894345998008	EFCAB11	c4
4.24470913843292e-06	-1.40701716190186	0.006	0.015	0.142359055084763	RASGEF1A	c4
4.26724268941608e-06	0.284407521052623	0.13	0.108	0.143114785317636	MADD	c4
4.27481113832722e-06	0.380186422152637	0.067	0.051	0.143368615957218	SLC35A3	c4
4.28290119756232e-06	-1.09435562963463	0.011	0.02	0.143639940363845	ATP11A	c4
4.30780886586917e-06	0.713854576786329	0.022	0.014	0.14447529374352	AC010618.3	c4
4.31328086884101e-06	0.168720186983426	0.277	0.245	0.14465881377919	ARL2	c4
4.31895582519099e-06	0.124275984852531	0.334	0.299	0.144849140465256	CNIH4	c4
4.32164175377369e-06	0.227320549561944	0.132	0.109	0.144939221138062	TNKS	c4
4.33294909411646e-06	0.477055647741736	0.03	0.02	0.145318446718478	MAP4K3	c4
4.33513084860014e-06	-0.513304619759875	0.012	0.022	0.145391618400352	LINC01006	c4
4.35384706353406e-06	0.204508310009278	0.108	0.087	0.146019322816805	ZNF136	c4
4.38216917704454e-06	-0.387286520815703	0.208	0.23	0.14696918985972	NCF4	c4
4.39168965402575e-06	0.27497523630174	0.111	0.09	0.147288487616716	ZNF350	c4
4.39383610675944e-06	0.151691334012249	0.314	0.28	0.147360475348498	RBM38	c4
4.43135479746572e-06	0.234463435479131	0.164	0.14	0.148618777197405	ALG12	c4
4.46791120790957e-06	-0.371954133626863	0.073	0.094	0.149844806090871	GPR137	c4
4.5029005587006e-06	0.202725301430539	0.127	0.105	0.151018278937701	RGP1	c4
4.50332311626325e-06	-0.581039002136196	0.051	0.068	0.151032450673237	ZNF821	c4
4.51462958054088e-06	0.378835384712416	0.081	0.064	0.15141164687218	TSTD2	c4
4.52285917548219e-06	-0.583485618162602	0.007	0.015	0.151687651027322	RDM1	c4
4.5387476964133e-06	0.777827784837172	0.03	0.02	0.152220520242309	SLC35E4	c4
4.56219427646947e-06	0.296183378165217	0.145	0.123	0.153006871644233	UBALD1	c4
4.56685508649805e-06	0.408540433556527	0.037	0.026	0.153163185890972	ZNF416	c4
4.63579068109532e-06	0.23887684181662	0.148	0.124	0.155475147862575	MR1	c4
4.65815609354555e-06	0.471945385811853	0.088	0.071	0.156225239065331	HAUS8	c4
4.66920443467588e-06	0.222158173113273	0.181	0.155	0.15659577833016	ZC3H11A	c4
4.69118212978778e-06	0.183844145385695	0.22	0.192	0.157332866268823	BRIX1	c4
4.70782194378715e-06	0.291034750663308	0.06	0.045	0.157890932350733	ERLIN2	c4
4.78905273318708e-06	0.648299461694098	0.027	0.018	0.160615250565628	EPB41L2	c4
4.79889262027543e-06	0.179256462425026	0.256	0.226	0.160945260698797	AP3B1	c4
4.8107934056489e-06	0.262732688488331	0.071	0.054	0.161344389238653	RUFY2	c4
4.83385402991645e-06	-0.442610112017802	0.041	0.058	0.162117796455338	APOLD1	c4
4.85207990391026e-06	0.125673174504169	0.365	0.327	0.162729055817342	HNRNPD	c4
4.89574069676635e-06	0.481212206222875	0.031	0.021	0.16419335148815	ZNF582	c4
4.90124205606279e-06	0.238516532908778	0.155	0.131	0.164377856076234	BMS1	c4
4.9110077426437e-06	0.192968875124998	0.18	0.153	0.164705377672785	GFM1	c4
4.94708574385431e-06	0.378741655666065	0.042	0.03	0.165915361677386	PHLDA3	c4
4.96355176299028e-06	0.121155497220801	0.365	0.328	0.166467599027168	URM1	c4
5.00711211769947e-06	0.389963668106173	0.088	0.07	0.167928526203405	NNT-AS1	c4
5.06290868549677e-06	-0.275433721768994	0.205	0.231	0.169799831494191	PYM1	c4
5.09928244242686e-06	0.269303661288612	0.154	0.13	0.171019734554112	NUS1	c4
5.12278242980015e-06	0.405877257722101	0.084	0.067	0.171807877130637	ATG4A	c4
5.14220734291868e-06	0.195883629278827	0.175	0.149	0.172459349866807	VPS37A	c4
5.16174001668955e-06	0.323773938200336	0.053	0.039	0.173114436679734	DDX31	c4
5.16346954456549e-06	0.162347855913265	0.253	0.222	0.173172441585637	BLCAP	c4
5.17117722113096e-06	0.322841876036189	0.128	0.107	0.17343094164229	HAUS6	c4
5.24621825200282e-06	-2.20015022010077	0.003	0.01	0.175947667735671	AXIN2	c4
5.28012677657375e-06	0.469941891880381	0.062	0.047	0.17708489183273	IFT80	c4
5.3537523221984e-06	-0.330683945809703	0.083	0.104	0.17955414538189	RTP4	c4
5.38444465803765e-06	-0.454063957075902	0.083	0.103	0.180583504941267	PIEZO1	c4
5.40518059588323e-06	0.252515377591969	0.121	0.1	0.181278946824732	ALOX12-AS1	c4
5.47610849252068e-06	0.371717902511474	0.085	0.068	0.183657726622159	KTI12	c4
5.56047850131552e-06	0.100298375168901	0.43	0.385	0.18648732797712	CMC2	c4
5.58022777554664e-06	1.00262649550667	0.013	0.007	0.187149679136283	LINC01366	c4
5.64291526472875e-06	0.2817411411436	0.128	0.107	0.189252092148473	SCAMP4	c4
5.6659132131607e-06	0.126598965762783	0.205	0.177	0.190023397342984	KDM5B	c4
5.66826371255152e-06	0.196349515940499	0.148	0.124	0.190102228391553	CREB3L2	c4
5.69176293589372e-06	0.190222799881056	0.289	0.259	0.190890345344004	CNDP2	c4
5.6978214556062e-06	-0.532660738653517	0.06	0.078	0.191093535978121	DPH6	c4
5.70263522016098e-06	0.133115009312533	0.273	0.239	0.191254980013759	NORAD	c4
5.73380473646085e-06	0.447540178741075	0.033	0.023	0.192300343251424	TRIM3	c4
5.74488377757468e-06	0.186273939990929	0.174	0.148	0.192671912132299	RAB3GAP2	c4
5.77982385534801e-06	-0.294007583554154	0.215	0.24	0.193843732460661	USP3	c4
5.84078784903219e-06	-0.507143995590622	0.037	0.053	0.195888342880841	ABHD8	c4
5.86319966198186e-06	-1.06006290472805	0.01	0.02	0.196639990263548	LRRC8C-DT	c4
5.90904060731935e-06	0.350991379680853	0.094	0.075	0.198177403888276	ACBD3	c4
5.92899769062563e-06	0.38713045448059	0.046	0.033	0.198846724548202	STXBP5	c4
5.97579074785502e-06	-0.197689717012361	0.372	0.391	0.200416070101562	GTF3C6	c4
5.98449930881086e-06	-0.233870745039719	0.192	0.22	0.200708137818899	PLGRKT	c4
6.10439755991022e-06	-0.570942276740587	0.009	0.018	0.204729285364269	PSRC1	c4
6.10507435462379e-06	0.147333034659681	0.163	0.137	0.204751983705373	LPCAT1	c4
6.10618119375792e-06	-0.326299739611252	0.132	0.156	0.204789104876253	ST6GALNAC6	c4
6.11000214556156e-06	0.127566388591528	0.273	0.24	0.204917251957844	PHC3	c4
6.20662838531129e-06	0.115858984437787	0.475	0.434	0.20815790278657	STMP1	c4
6.21072200978315e-06	-0.21512948390009	0.402	0.423	0.208295194764107	SP110	c4
6.22195478208685e-06	0.174242673012021	0.083	0.065	0.208671919481629	ARHGAP12	c4
6.27139547290824e-06	0.265389693415063	0.14	0.118	0.210330061370397	PSEN1	c4
6.35268246537223e-06	0.788679171574844	0.012	0.006	0.213056264523654	DNAJC6	c4
6.35391632446926e-06	-1.01107372462096	0.029	0.043	0.21309764569005	RTKN2	c4
6.35408931003871e-06	-1.33148895238575	0.012	0.022	0.213103447280078	TCEA3	c4
6.35928039545341e-06	0.300127724288302	0.112	0.092	0.213277545902717	TRIM5	c4
6.36924357309008e-06	-0.370510183923118	0.072	0.091	0.213611690954295	ZDHHC13	c4
6.38683359093978e-06	0.298121191092514	0.136	0.115	0.214201624972938	ACADS	c4
6.43126518609352e-06	-1.42026445128897	0.006	0.014	0.215691771811205	KIAA1211L	c4
6.4668905044332e-06	0.17190537858925	0.228	0.201	0.216886573737681	SEL1L	c4
6.47173742105731e-06	0.249135446027841	0.147	0.124	0.21704912962742	EDC4	c4
6.50362936937659e-06	-0.816171778869649	0.013	0.024	0.218118721790152	PKD2	c4
6.58550266123372e-06	-0.21861906251103	0.539	0.549	0.220864588252456	SYNE2	c4
6.59715295990336e-06	0.15103909378419	0.313	0.281	0.221255315969239	PDHB	c4
6.60082137294685e-06	0.269990930944751	0.111	0.091	0.221378347205891	RIPK3	c4
6.65359222766416e-06	0.37888218833233	0.088	0.07	0.223148176131401	C2orf76	c4
6.66811920802276e-06	0.438736325346349	0.053	0.039	0.223635381998667	MTX3	c4
6.75155861764634e-06	0.698732992094022	0.02	0.012	0.226433772918623	ZNF324B	c4
6.78724373373609e-06	0.190029158719095	0.257	0.229	0.227630580342041	STX5	c4
6.8141409952191e-06	0.349576122438677	0.108	0.088	0.228532660697658	BRPF1	c4
6.83906382834937e-06	0.104131514702711	0.284	0.249	0.229368522675181	IL17RA	c4
6.91686900272887e-06	0.146074385107509	0.187	0.16	0.231977952613521	KIDINS220	c4
6.95660987538068e-06	-0.268718361076247	0.252	0.278	0.233310782000517	CREB1	c4
7.0052476222342e-06	0.126878916778889	0.335	0.302	0.23494199475449	PSENEN	c4
7.13151224686979e-06	0.161266584088933	0.239	0.21	0.239176657735519	SGF29	c4
7.13260144174232e-06	0.115664738015072	0.391	0.353	0.239213187153154	GNAI3	c4
7.18656988778791e-06	0.439859661223041	0.04	0.029	0.241023180896631	ZNF16	c4
7.19304675729463e-06	0.154319493440902	0.272	0.241	0.241240402146147	TM2D1	c4
7.24411590674715e-06	0.191127012667022	0.178	0.153	0.242953159280486	IREB2	c4
7.27511618866542e-06	0.443987278952066	0.044	0.032	0.243992846735461	BAHD1	c4
7.28888006095522e-06	0.329062649046959	0.112	0.092	0.244454459484316	UHRF1BP1L	c4
7.29065735760834e-06	0.206539029407298	0.183	0.158	0.244514066459468	LRIF1	c4
7.30481889115632e-06	-1.36773247279523	0.006	0.014	0.244989015971601	TTYH2	c4
7.32331989243133e-06	0.188357825388987	0.177	0.152	0.245609502552362	PIGH	c4
7.37193922185663e-06	-0.28001663885824	0.137	0.162	0.247240097622628	WDR77	c4
7.47381572705267e-06	0.18449139379511	0.184	0.158	0.250656831853893	VAMP3	c4
7.58275647378357e-06	0.753747885002235	0.025	0.016	0.254310486617753	DPY19L3	c4
7.63123883971368e-06	-1.25747449904164	0.011	0.021	0.255936488206318	ATG9B	c4
7.63205609344506e-06	0.117491075458856	0.238	0.207	0.25596389726196	STAT6	c4
7.67094698637233e-06	0.291979254622808	0.129	0.108	0.257268220028955	SAYSD1	c4
7.79840254048748e-06	0.192521550695766	0.153	0.131	0.261542824402869	PTPRJ	c4
7.83401603298882e-06	0.468450257073231	0.082	0.065	0.262737229714379	G6PC3	c4
7.83717097980242e-06	0.26451520817401	0.026	0.017	0.262843040320613	ID1	c4
7.94010719235587e-06	0.123264521755216	0.238	0.207	0.266295315017231	XPA	c4
8.03804469539881e-06	0.675842688416327	0.014	0.007	0.269579942994285	CCDC121	c4
8.04611491939729e-06	-0.183579519614578	0.375	0.395	0.269850602166746	GRSF1	c4
8.08508492477192e-06	0.870217666717571	0.018	0.011	0.271157578207001	AC007448.3	c4
8.08609628753292e-06	0.429726707340312	0.068	0.053	0.271191497291279	ZNHIT2	c4
8.09268156287798e-06	0.163687093326524	0.264	0.233	0.271412354255802	DPF2	c4
8.12883194367381e-06	0.584116538884051	0.021	0.013	0.272624765726932	HSD11B1L	c4
8.14498066056066e-06	0.48139799256691	0.077	0.061	0.273166361393883	DLG3	c4
8.1933098334505e-06	0.11493902968991	0.368	0.332	0.274787225194263	ERGIC2	c4
8.23181448695604e-06	0.512735457412135	0.042	0.03	0.276078594263532	CARD6	c4
8.24459708958217e-06	0.346972958541957	0.082	0.065	0.276507297190407	BRD3OS	c4
8.30838108199138e-06	0.297428063929656	0.102	0.083	0.278646484727827	PPP1R14B	c4
8.31088230753286e-06	-0.607197757581122	0.014	0.024	0.278730370830037	AL445524.1	c4
8.31200437088715e-06	-0.222709668506351	0.289	0.316	0.278768002590813	TRAPPC5	c4
8.37228856209349e-06	1.28416465213493	0.011	0.006	0.280789813795491	AL354707.1	c4
8.37273607421987e-06	0.155741101197439	0.289	0.258	0.280804822457186	SLU7	c4
8.41585529923802e-06	0.199292482448296	0.102	0.082	0.282250955025845	SKI	c4
8.49473231615368e-06	0.191804970095812	0.191	0.165	0.284896332419162	SPNS3	c4
8.51610654290789e-06	0.47163747124412	0.032	0.022	0.285613181236045	TMEM182	c4
8.5932858486729e-06	0.259249924058195	0.114	0.094	0.288201620792792	ZNF675	c4
8.60174242453787e-06	-0.170105363984407	0.53	0.537	0.288485237434151	RPN2	c4
8.6069914207899e-06	0.222125130994167	0.182	0.157	0.288661278270452	EXOC5	c4
8.61021811985745e-06	-0.255039411923672	0.277	0.301	0.288769495303779	PRKCQ	c4
8.64821396099291e-06	0.573246020023791	0.029	0.02	0.29004379982378	ZNF155	c4
8.71718294424333e-06	0.254660074176947	0.148	0.126	0.292356881584033	WIPF2	c4
8.75921633822692e-06	0.657714034243741	0.021	0.013	0.293766597551454	STBD1	c4
8.83687959103943e-06	0.228375274173279	0.214	0.188	0.29637126772428	GFER	c4
8.87413559603649e-06	0.150525966957906	0.276	0.246	0.297620759619872	VTA1	c4
8.90862048814076e-06	-1.22094744514667	0.011	0.02	0.298777313931265	EEF1AKMT3	c4
8.92106887740454e-06	0.178420462422989	0.281	0.252	0.299194808010394	EIF2AK1	c4
8.93342651285477e-06	1.02233802668982	0.01	0.005	0.299609258388123	C9orf66	c4
8.96734188616198e-06	0.460726270687617	0.022	0.014	0.300746712178101	FGFRL1	c4
8.98118335094238e-06	-0.244252051862693	0.103	0.126	0.301210927223905	GEMIN7	c4
9.04063313736613e-06	0.516414784001364	0.033	0.023	0.303204754160985	ZNF74	c4
9.04712476653708e-06	0.400369356668515	0.059	0.045	0.303422470420121	PBX3	c4
9.12948250422247e-06	0.190244239999334	0.156	0.133	0.306184584226613	COIL	c4
9.14280977421906e-06	0.131386115265745	0.279	0.246	0.306631554207759	SECISBP2L	c4
9.15625217356777e-06	0.191319597712113	0.218	0.191	0.307082385397116	MED11	c4
9.19717605707724e-06	0.338930394278663	0.097	0.079	0.308454890602257	LINC02001	c4
9.22158350808292e-06	0.588259339466475	0.018	0.011	0.309273467694085	C17orf100	c4
9.26049394761213e-06	0.364264694807486	0.063	0.048	0.310578446015016	YAE1D1	c4
9.29373650994554e-06	0.309934334360271	0.164	0.142	0.311693335070554	ING3	c4
9.30096631737764e-06	-0.309229047924349	0.043	0.059	0.311935808352211	CEP41	c4
9.3025529977009e-06	0.258962509367823	0.114	0.094	0.311989022436893	NDUFAF7	c4
9.31101994206289e-06	-0.382725408985615	0.077	0.097	0.312272986816905	DDX19B	c4
9.36249437404638e-06	0.202589343601286	0.171	0.146	0.313999336316768	ATE1	c4
9.4110979044218e-06	0.159558547514599	0.232	0.204	0.315629401518498	KAT7	c4
9.42570002207535e-06	-0.232702465304865	0.109	0.088	0.316119127340363	FCGRT	c4
9.5244272794177e-06	-0.371410592446477	0.106	0.127	0.319430242097111	TBC1D14	c4
9.55681040286613e-06	0.837794201794649	0.027	0.018	0.320516307291324	LINC00528	c4
9.58186571789539e-06	0.212874295294066	0.144	0.121	0.321356612446776	KIAA0232	c4
9.59189704777894e-06	-2.15127685382603	0.004	0.011	0.32169304318841	AC020911.2	c4
9.62167458381156e-06	0.310657627068268	0.09	0.072	0.322691722191872	GPR55	c4
9.62257048427092e-06	0.224979529410752	0.141	0.119	0.322721768901478	MRE11	c4
9.62631155162806e-06	0.124540249501171	0.381	0.347	0.322847236818502	YTHDC1	c4
9.62995717396649e-06	0.407085119837	0.078	0.061	0.322969503700488	YTHDF1	c4
9.65785388250682e-06	0.17546844914115	0.23	0.202	0.323905103511514	DBF4	c4
9.83201215321325e-06	0.252152765509927	0.111	0.091	0.329746023594466	PEMT	c4
1.00006854162342e-05	-0.259181672247877	0.204	0.23	0.335402987489663	CTDSP2	c4
1.00236550635155e-05	0.190644148089647	0.249	0.221	0.336173343520184	INPP5K	c4
1.00699830898412e-05	0.335041063839537	0.101	0.082	0.337727092867094	CCDC61	c4
1.03576934476602e-05	0.356554157937918	0.046	0.033	0.347376322847628	SLC22A5	c4
1.04901325759127e-05	0.436718909714326	0.059	0.045	0.35181806633096	PABPC1L	c4
1.04984525083635e-05	-0.440571298253697	0.034	0.049	0.352097100225495	MMS22L	c4
1.06004508787465e-05	0.225085701379834	0.127	0.106	0.355517921571399	SACS	c4
1.06397794850941e-05	-0.828820089068664	0.027	0.04	0.356836924371086	PCBP3	c4
1.06845963441522e-05	0.18488519424729	0.204	0.177	0.358339992190176	MBD1	c4
1.07652900413737e-05	0.193566132288665	0.212	0.185	0.361046297407591	CCAR2	c4
1.08159639837198e-05	0.543378598070996	0.029	0.019	0.362745800085996	TTYH3	c4
1.08509063588845e-05	-0.94704868279918	0.013	0.023	0.36391769746427	CCDC65	c4
1.10600554604129e-05	0.144648392771194	0.206	0.178	0.370932140031328	LATS1	c4
1.11530489667758e-05	-0.301989778495417	0.128	0.151	0.374050956247726	STAT5B	c4
1.11597612623179e-05	-0.372394215251632	0.026	0.017	0.374276073215619	DERL3	c4
1.15248698520004e-05	0.139910053966762	0.301	0.27	0.386521085096389	SUPT16H	c4
1.15348337959124e-05	0.264893624570428	0.08	0.063	0.38685525584731	KAT2A	c4
1.15734552154989e-05	0.401865926075795	0.074	0.058	0.388150541017403	C2orf42	c4
1.16688882079622e-05	0.142655393470304	0.291	0.259	0.391351172718636	TBPL1	c4
1.17535641626305e-05	0.328133446432961	0.095	0.077	0.394191034886303	ACAD8	c4
1.17646428197553e-05	0.136197959206372	0.234	0.204	0.394562590888954	CYTH2	c4
1.17941719487139e-05	0.295078723135281	0.101	0.082	0.395552938815968	EIF1AD	c4
1.18444328437992e-05	0.218564979454632	0.14	0.118	0.397238588715337	XPO6	c4
1.18696368479842e-05	0.199590321026148	0.2	0.175	0.398083880607695	YWHAG	c4
1.18944085718235e-05	0.119940846952791	0.411	0.372	0.398914674681816	BCL7B	c4
1.20362910393963e-05	0.197966714073852	0.21	0.184	0.403673128879274	CCDC97	c4
1.2149126317124e-05	0.305805463913301	0.093	0.075	0.407457398423704	RAB2B	c4
1.2274211853157e-05	0.179224426539346	0.262	0.233	0.411652517131179	ATF1	c4
1.23418135356104e-05	0.282240761332131	0.148	0.126	0.413919742357301	TM2D2	c4
1.23631015492033e-05	-0.649079705196804	0.027	0.04	0.414633699757181	C11orf21	c4
1.23917652111595e-05	-0.267237580105646	0.292	0.315	0.415595021651866	PPP1R10	c4
1.24457692631728e-05	0.234372326704757	0.125	0.104	0.417406209548288	PARP11	c4
1.24461307651415e-05	0.375395368806701	0.037	0.026	0.417418333601317	ARL6	c4
1.25330422028544e-05	-0.902091103804404	0.006	0.013	0.420333169399329	AC108047.1	c4
1.25551155239252e-05	0.276109502762937	0.143	0.121	0.421073464441402	HAUS2	c4
1.25778653177956e-05	0.3349589171293	0.131	0.111	0.42183644702823	BCAT2	c4
1.26042080001053e-05	1.10165493272192	0.01	0.005	0.422719927907532	AC023908.3	c4
1.26150622937489e-05	0.221147801100533	0.158	0.134	0.42308395920775	RBM48	c4
1.26620304491551e-05	0.113716189958442	0.332	0.298	0.424659177203764	STX10	c4
1.2694261612159e-05	0.202862068662285	0.254	0.227	0.425740145948588	SAR1A	c4
1.27725794509422e-05	0.473233901351721	0.05	0.037	0.4283667696257	CASP10	c4
1.28016582794064e-05	0.21464480857577	0.199	0.174	0.429342015374733	THOC6	c4
1.28713829428963e-05	-0.226510876786555	0.076	0.097	0.431680441138855	MRPL12	c4
1.2910867490899e-05	-1.3992646730805	0.009	0.018	0.43300467390977	RALGPS2	c4
1.29766701994862e-05	0.106638964431853	0.423	0.385	0.435211565150368	NFE2L2	c4
1.29852978625427e-05	-0.600489417806293	0.032	0.046	0.435500919713956	TMEM104	c4
1.32171439187218e-05	0.4665804010952	0.046	0.034	0.443276572746091	PPIP5K1	c4
1.32898318856865e-05	0.290478037312706	0.11	0.091	0.445714381782155	CMTR2	c4
1.34406839468836e-05	0.409762373275866	0.06	0.046	0.450773658210582	ABHD4	c4
1.36186887646811e-05	-0.336857165349512	0.191	0.215	0.456743583789874	CNST	c4
1.37153681013101e-05	0.366513443483849	0.077	0.061	0.459986015381738	TMCO3	c4
1.37269133023644e-05	-0.149706807353764	0.467	0.481	0.460373218334699	MRPL54	c4
1.37473350349773e-05	0.695287984474217	0.022	0.014	0.461058122403068	PHLDB2	c4
1.37594649491944e-05	0.192319534844827	0.211	0.185	0.461464935466081	EXOSC10	c4
1.37818790339144e-05	0.125575039250051	0.302	0.269	0.462216659039421	BRWD1	c4
1.3817056214553e-05	0.260071253218984	0.097	0.079	0.463396431323678	IKZF5	c4
1.38629012443992e-05	0.18063983329152	0.181	0.155	0.46493398193466	DDX59	c4
1.38879206903812e-05	0.246575820705894	0.178	0.155	0.465773084114004	RAVER1	c4
1.41055348937025e-05	0.201288583279874	0.177	0.152	0.473071429264993	IMPA1	c4
1.41544028673607e-05	0.228252314468008	0.118	0.098	0.474710363365543	SPPL3	c4
1.41916859316759e-05	0.340838149845672	0.041	0.03	0.475960762776545	AC007388.1	c4
1.42193328488237e-05	0.27942810758868	0.09	0.073	0.476887985083848	OTUD6B	c4
1.43336395103268e-05	0.2507041950847	0.083	0.066	0.480721601897341	ZNF746	c4
1.43565367226783e-05	0.211051042333295	0.139	0.117	0.481489528605184	OGFOD1	c4
1.4392082890132e-05	0.107715508560022	0.432	0.393	0.482681675969247	YY1	c4
1.43993434680872e-05	0.247805278476224	0.155	0.133	0.482925181232707	MED25	c4
1.4577036339968e-05	-0.578491281323164	0.065	0.083	0.488884644769848	AC087239.1	c4
1.45926698067198e-05	0.26790953619897	0.138	0.117	0.489408959977768	ZDHHC4	c4
1.46271586569966e-05	0.177065513868317	0.166	0.141	0.490565647038353	DXO	c4
1.4715996368144e-05	0.188067422259603	0.219	0.191	0.493545086194812	UTP23	c4
1.47346208582788e-05	0.101943839724551	0.516	0.477	0.494169714344956	ABHD14B	c4
1.47908634889725e-05	0.247978263687479	0.101	0.082	0.496055979693159	WDR44	c4
1.4812732431198e-05	0.271986483205668	0.178	0.155	0.496789420277518	GABPB1	c4
1.48251908864047e-05	0.14588803876719	0.251	0.221	0.497207251948242	ARCN1	c4
1.486871850883e-05	0.186374122216299	0.198	0.173	0.49866708134914	SPAG9	c4
1.48958790911289e-05	0.79569908694256	0.027	0.018	0.49957799295828	EXOC3-AS1	c4
1.49779252612901e-05	0.183877199628575	0.172	0.147	0.502329657413148	GSTM1	c4
1.50588606877961e-05	0.283166456445255	0.081	0.064	0.505044069747305	GIGYF1	c4
1.52321770738496e-05	0.168071197424478	0.142	0.119	0.510856754702766	TYW1	c4
1.53178467912261e-05	-0.332007507670854	0.161	0.184	0.51372994568414	TRANK1	c4
1.53393055573443e-05	0.257461563519973	0.106	0.087	0.514449629782213	NDUFAF6	c4
1.53779095168722e-05	0.300991258567145	0.101	0.083	0.515744329376859	CARS2	c4
1.5396296353254e-05	0.243289890451404	0.148	0.126	0.516360987095433	DPH7	c4
1.55149539898399e-05	0.148006922260142	0.33	0.299	0.520340526911249	YIPF4	c4
1.55852397377013e-05	0.167310985988579	0.22	0.193	0.522697770323026	GGA1	c4
1.56168508565319e-05	0.140047547364305	0.131	0.11	0.523757944026368	XIST	c4
1.56213512035574e-05	0.163251175382351	0.273	0.244	0.523908876664907	GTPBP6	c4
1.56692954561475e-05	-0.418878864361733	0.027	0.04	0.525516831008275	DUS2	c4
1.57240588134e-05	0.177080782695093	0.205	0.178	0.527353484483808	ZNF33A	c4
1.57457418077773e-05	0.391695111077101	0.064	0.049	0.528080688749235	ARMC5	c4
1.57576381782977e-05	0.11279329103394	0.368	0.334	0.528479669223748	FIP1L1	c4
1.5966812586149e-05	0.311016888045942	0.055	0.042	0.535494960514267	WDR35	c4
1.59920877554518e-05	0.159377646261831	0.288	0.259	0.536342639142344	DDX54	c4
1.60793902010718e-05	-1.24317014450538	0.006	0.013	0.539270588563546	MEST	c4
1.61590858525951e-05	0.308127313777989	0.076	0.06	0.541943421324336	ZNF429	c4
1.63238387618984e-05	0.328070780494409	0.1	0.082	0.547468904396547	NUDT16	c4
1.63828843659812e-05	0.501547646624268	0.033	0.023	0.549449175866277	ZSWIM6	c4
1.64211703040125e-05	0.1915893063827	0.143	0.12	0.550733209655972	HMG20A	c4
1.65561853593174e-05	0.215841666404799	0.204	0.18	0.555261344580787	TMEM222	c4
1.65812579565514e-05	0.308071610683928	0.098	0.08	0.556102229346822	METTL18	c4
1.66948164704173e-05	0.258882341637525	0.145	0.123	0.559910754784854	CEP104	c4
1.69073890818048e-05	0.845287634877296	0.019	0.011	0.567040015025569	PINLYP	c4
1.69285229412787e-05	0.284624279616534	0.089	0.072	0.567748802404605	TMLHE	c4
1.6945514142284e-05	-0.319209377902401	0.06	0.078	0.568318653303921	RCN1	c4
1.70270618654068e-05	0.140800328933633	0.203	0.176	0.571053600842014	RAPGEF6	c4
1.71518551990633e-05	0.197244085323746	0.206	0.181	0.575238919666187	TAF6	c4
1.72197248797831e-05	0.181715933689904	0.245	0.218	0.577515133018167	NAE1	c4
1.7260839398251e-05	0.356396755838953	0.069	0.053	0.578894031738542	B3GLCT	c4
1.75363677817622e-05	-0.275562311531092	0.023	0.035	0.588134702664742	TMEM97	c4
1.77324187077509e-05	-1.15319499644134	0.018	0.028	0.594709858620551	TPBG	c4
1.77739734686233e-05	0.107117942943438	0.284	0.253	0.596103522190687	HDAC7	c4
1.79063534381757e-05	-0.101960113480849	0.985	0.977	0.600543281609538	CORO1A	c4
1.7970709033354e-05	0.193101775462257	0.206	0.181	0.602701639560625	PMPCA	c4
1.80132573482655e-05	0.264266581520455	0.126	0.105	0.604128624946129	BDH2	c4
1.80308531488099e-05	0.163527601735854	0.193	0.167	0.604718752904787	KLC1	c4
1.81799083460209e-05	-0.138201392845693	0.641	0.625	0.609717766108849	PSMB3	c4
1.82037772421609e-05	0.155373178056529	0.238	0.21	0.610518281147591	LONP2	c4
1.82204335711242e-05	-0.471737933644176	0.021	0.032	0.611076901108364	KIF23	c4
1.8238883827094e-05	0.297450966016873	0.061	0.047	0.61169568579308	NEIL2	c4
1.82483308222452e-05	0.214607222891455	0.091	0.073	0.61201251911646	SARM1	c4
1.83135432868248e-05	0.616257264258832	0.019	0.011	0.614199614753532	TEPP	c4
1.83647552451866e-05	-1.20248443127055	0.004	0.011	0.615917161413069	TIAM2	c4
1.84435216804141e-05	0.221527849300494	0.135	0.113	0.618558830117729	CDR2	c4
1.84917835863156e-05	0.159490260438753	0.188	0.162	0.620177437917851	ZC3H8	c4
1.84959724713451e-05	0.170568301507575	0.177	0.153	0.620317924743972	TMEM140	c4
1.85134160428842e-05	0.163466975530624	0.257	0.228	0.62090294724625	DCTN1	c4
1.85778267062917e-05	0.161870485178019	0.218	0.191	0.623063152075612	SLC25A32	c4
1.8632542975356e-05	0.292933348249496	0.125	0.106	0.62489822630749	ACOT2	c4
1.87946438159524e-05	0.481746285841961	0.045	0.033	0.630334764299411	ELOA-AS1	c4
1.88769722164329e-05	-0.233276374372206	0.057	0.075	0.633095894194726	SEPHS1	c4
1.89497202660247e-05	0.23514063437215	0.106	0.087	0.635535718281937	ZNF841	c4
1.89681750636342e-05	0.151223784385394	0.232	0.203	0.636154655284165	TNPO1	c4
1.91257760695896e-05	0.211514712762325	0.142	0.12	0.641440277821896	POLRMT	c4
1.93223356389345e-05	-0.455264345609223	0.104	0.125	0.648032492658586	MIAT	c4
1.93822989079727e-05	0.192506667468163	0.171	0.146	0.650043540775588	NEK9	c4
1.95154744460901e-05	0.219403503009099	0.112	0.092	0.654509981972971	ZNF654	c4
1.95581059992571e-05	0.108077465874567	0.541	0.496	0.655939759003086	PSMF1	c4
1.95662038449578e-05	0.281544935858525	0.089	0.072	0.656211344552196	SLC35E3	c4
1.9682071946746e-05	-0.436453437374697	0.071	0.089	0.660097328949968	DCP1B	c4
1.97248071817462e-05	0.109943697249161	0.336	0.302	0.661530583261405	PNKD	c4
1.9803455445894e-05	0.844980702939361	0.011	0.006	0.664168288744392	OSBPL5	c4
1.98312943968443e-05	0.444453674401703	0.039	0.028	0.665101951481365	WDR27	c4
2.01033015842862e-05	0.302052888812863	0.038	0.027	0.674224528533789	LRRC37B	c4
2.01475687188148e-05	0.131550155841904	0.381	0.349	0.675709159691612	RNF10	c4
2.02917175745417e-05	0.104492228942599	0.448	0.412	0.680543624014981	CNOT7	c4
2.05533036023824e-05	0.28752891927607	0.118	0.099	0.689316696216703	ZNF37A	c4
2.06912751511565e-05	0.18728668222341	0.062	0.048	0.693943986019486	GSTM3	c4
2.07558351120377e-05	0.256216840041781	0.089	0.072	0.696109197987519	ZNHIT6	c4
2.10505415430867e-05	-0.312410617827114	0.12	0.142	0.70599306227204	TP53TG1	c4
2.11211559279834e-05	0.243245843324393	0.188	0.166	0.708361327512706	RWDD4	c4
2.1239916277239e-05	0.374968567245106	0.047	0.034	0.712344312106042	SIPA1L3	c4
2.14052583823501e-05	0.165298504198272	0.175	0.15	0.717889555627256	NOP2	c4
2.14787272645602e-05	0.459224085843106	0.065	0.051	0.72035355499882	ZNF738	c4
2.15004660956051e-05	0.143679961742891	0.345	0.314	0.721082631914405	NDUFA10	c4
2.15312861433238e-05	0.1988024118181	0.157	0.135	0.722116274674795	CEP95	c4
2.15395462154051e-05	-0.286355323017543	0.138	0.162	0.722393300972255	IKBKE	c4
2.19650497578214e-05	0.140906862883749	0.311	0.281	0.736663838777814	COPS2	c4
2.20463567418155e-05	0.237074767570767	0.134	0.113	0.739390712407008	RPP38	c4
2.21284257174595e-05	0.446398594277695	0.035	0.024	0.742143141712155	MICAL3	c4
2.22312371763784e-05	0.194973694750741	0.235	0.21	0.74559123242138	SCYL1	c4
2.22668661890308e-05	0.296495215202329	0.041	0.029	0.746786158247716	PLCH2	c4
2.22903302101633e-05	0.547408861557255	0.062	0.048	0.747573094588458	MED20	c4
2.23036049715015e-05	0.391254340612174	0.043	0.031	0.748018303534219	GAREM2	c4
2.24080911357348e-05	0.393410464356698	0.032	0.022	0.751522560510273	GDPD1	c4
2.24754062599842e-05	0.146650834986666	0.157	0.133	0.753780175147349	ITPKB	c4
2.24815244914159e-05	0.169264849853026	0.228	0.201	0.753985368393105	FMC1	c4
2.25255628485344e-05	0.12448220873546	0.268	0.237	0.755462326814148	RAB5B	c4
2.27582472805691e-05	0.367813041553555	0.048	0.036	0.763266097295726	CCDC142	c4
2.28206897361932e-05	-1.20940992745287	0.011	0.02	0.765360292372448	B3GNT9	c4
2.29276396960505e-05	0.100582881074236	0.349	0.315	0.768947180126143	SRSF1	c4
2.32721605013421e-05	0.266862998193467	0.131	0.111	0.78050171889401	SCO1	c4
2.35955886244746e-05	0.185728869590892	0.174	0.15	0.79134885128763	CUL2	c4
2.36764614893302e-05	0.206660531491448	0.125	0.104	0.794061165429156	TRAF6	c4
2.37744935948892e-05	0.580509861500836	0.025	0.017	0.797348966185395	LRRIQ3	c4
2.39194635144759e-05	0.244916582307594	0.127	0.107	0.802210967348494	GDAP2	c4
2.39476205010682e-05	0.81663965270901	0.014	0.008	0.803155296364827	IFT81	c4
2.40483951940154e-05	0.410813252843997	0.096	0.079	0.806535078016889	CHP1	c4
2.40573794629415e-05	0.140508357390718	0.262	0.232	0.806836392428134	EFR3A	c4
2.40589269245028e-05	0.254378588663128	0.12	0.1	0.806888291193973	UTP4	c4
2.41736476817864e-05	0.349347507124711	0.082	0.066	0.810735795951751	TEPSIN	c4
2.41873446980892e-05	0.162460496110949	0.273	0.245	0.811195166484515	PPIE	c4
2.42961458832346e-05	0.256638528069598	0.159	0.138	0.81484414063192	SPOUT1	c4
2.4415501987318e-05	0.250505669054963	0.079	0.063	0.818847105650671	TTBK2	c4
2.44369804758921e-05	-0.273730192193821	0.188	0.212	0.81956745120047	MARCKSL1	c4
2.46858116525979e-05	-0.380672483479086	0.152	0.173	0.82791275120483	OLFM2	c4
2.48238832150105e-05	0.209872924718826	0.181	0.158	0.832543395265023	TMEM156	c4
2.49002453304619e-05	0.182402585005741	0.2	0.175	0.835104427893031	DNASE2	c4
2.49085326970287e-05	0.352549721631006	0.087	0.07	0.835382369592949	SLC25A16	c4
2.54306355892271e-05	0.222211553029487	0.108	0.089	0.8528926563915	HGSNAT	c4
2.54412291826839e-05	0.35571763610837	0.062	0.048	0.853247944328851	THAP8	c4
2.55188712084629e-05	0.532387159521885	0.035	0.024	0.855851902589429	LRP5L	c4
2.56865368692389e-05	-0.186537137349717	0.354	0.373	0.861475073520535	GSTO1	c4
2.59119753003221e-05	0.248991724264479	0.125	0.105	0.869035827622203	GTF2A1	c4
2.60165546755776e-05	-0.875421123150058	0.019	0.029	0.872543210709521	IFNL1	c4
2.61471065399179e-05	0.103641748042391	0.364	0.327	0.876921659135767	MRPL4	c4
2.63632428349778e-05	0.236990923788345	0.077	0.061	0.884170438199485	SRCAP	c4
2.64837358638322e-05	0.133931103051434	0.302	0.273	0.888211533401203	SAFB2	c4
2.6528557594632e-05	0.939349130668222	0.01	0.005	0.889714764608769	AC129492.1	c4
2.68433863693608e-05	0.138150455618493	0.334	0.302	0.900273492055624	MRPS18C	c4
2.69369204284538e-05	-0.432688958346836	0.118	0.137	0.903410437329485	DBNDD2	c4
2.70341065067714e-05	0.299533664002105	0.056	0.043	0.9066698640241	LSS	c4
2.71144946035514e-05	-0.321613008948214	0.045	0.06	0.909365920013907	PDF	c4
2.71147788724617e-05	0.502180560024615	0.016	0.01	0.909375453824619	AL590705.1	c4
2.71398957184047e-05	-0.50288925821719	0.038	0.052	0.910217822603857	CEP97	c4
2.72254207343597e-05	0.304420248572826	0.138	0.118	0.913086160588956	UTP11	c4
2.72439568756758e-05	-0.1815741453115	0.032	0.046	0.913707825696415	WDHD1	c4
2.74022646026834e-05	0.629958794304605	0.019	0.012	0.919017150244796	ZNF284	c4
2.77996306373104e-05	-0.101780756670087	0.618	0.621	0.932344012314116	EIF3M	c4
2.78617037191386e-05	0.216589520572878	0.168	0.145	0.934425819332471	FADD	c4
2.78733444273325e-05	-0.198313134410802	0.328	0.351	0.934816225403877	CCM2	c4
2.82371337313096e-05	0.381237670321085	0.062	0.048	0.947016991080662	CTSF	c4
2.83574883929226e-05	0.268180528830163	0.083	0.067	0.95105344572184	UBE2O	c4
2.83609368414095e-05	-1.4794322444193	0.007	0.015	0.95116909978719	SLC4A4	c4
2.84477771160984e-05	0.142107656103416	0.22	0.193	0.95408154891971	UBAP2L	c4
2.85642271697862e-05	0.199111407943661	0.214	0.188	0.95798705082029	THAP1	c4
2.88293202698518e-05	0.522715898593104	0.026	0.017	0.96687774321029	AL139089.1	c4
2.90621086471765e-05	0.100533389837743	0.268	0.237	0.974684999809005	RBM5	c4
2.90962108464072e-05	0.827207754273207	0.013	0.007	0.975828719366803	AC092835.1	c4
2.91099454948859e-05	0.646233870590412	0.043	0.031	0.976289352007485	DCLRE1A	c4
2.92948744592555e-05	0.273878163445523	0.123	0.103	0.98249149961451	KDM1A	c4
2.93525355406769e-05	0.175012789965207	0.201	0.176	0.984425336963222	CBR1	c4
2.95172960169538e-05	-0.114845063918687	0.587	0.598	0.989951073816597	SELENOF	c4
2.9596532843111e-05	0.455641799550315	0.029	0.02	0.992608518492256	ACSM3	c4
2.96080669730877e-05	0.262009255280728	0.062	0.048	0.992995350143416	ZNF566	c4
2.968261251339e-05	-0.645032098836365	0.013	0.023	0.995495458474073	KIAA1841	c4
0.00172273512284193	-7.57362235690738	0.005	0.01	1	IGKV3-20	c4
0.027449097076125	-5.988636246716	0.006	0.01	1	IGHA1	c4
8.75447407805468e-05	-2.49396642533953	0.005	0.011	1	TRBV6-4	c4
0.000249640078279197	2.44959199229277	0.022	0.015	1	TRBV7-4	c4
0.149368314261092	-2.21675235463007	0.014	0.017	1	TRBV24-1	c4
0.0236897088088422	-1.88997137527854	0.012	0.016	1	TRBV11-3	c4
0.000125386729770855	-1.82988798502266	0.007	0.013	1	TRBV13	c4
0.00271928549678881	-1.67528706169407	0.03	0.039	1	TRAV22	c4
0.000305135917193802	-1.66141838224801	0.194	0.202	1	STMN1	c4
0.188156821823002	-1.57546848447237	0.015	0.018	1	TRAV30	c4
0.0019537783125739	-1.5620428329679	0.012	0.018	1	TRBV14	c4
0.623958821765226	-1.52658461081577	0.009	0.01	1	TRBV10-1	c4
0.0892641915275147	-1.50650311347392	0.012	0.015	1	TRBV7-7	c4
5.97176380139285e-05	-1.49726064352079	0.004	0.01	1	TBC1D8	c4
0.000394931002558166	-1.47238312800337	0.026	0.036	1	TRAV36DV7	c4
0.000325665168161821	-1.45023100916236	0.007	0.013	1	TRIQK	c4
0.0758697986650175	-1.38815717438993	0.036	0.041	1	TRBV3-1	c4
5.67314365886442e-05	1.37391548285007	0.01	0.005	1	HPN	c4
5.43296401277707e-05	-1.37166184309973	0.007	0.015	1	CPLX1	c4
0.0225269849448131	-1.33443867237624	0.006	0.01	1	TPM2	c4
0.00118248163724835	1.32464732960576	0.011	0.006	1	ITGAX	c4
0.000166135157126203	-1.32029912947213	0.008	0.015	1	RAB6B	c4
9.33708550919074e-05	-1.31604653912363	0.006	0.012	1	SNED1	c4
0.000100650464903785	-1.31141809430607	0.01	0.017	1	AL606807.1	c4
7.08539949422299e-05	-1.30138090630064	0.005	0.012	1	FTCDNL1	c4
0.000317514701592731	-1.29382217758292	0.006	0.011	1	LINC02265	c4
0.000132142536200263	-1.29012331781598	0.007	0.014	1	TRPC1	c4
0.00012631537795233	-1.27804298474927	0.015	0.024	1	GPRASP1	c4
0.464983651466488	1.27169141074867	0.01	0.009	1	NT5DC2	c4
0.00707664973497677	-1.22171870187988	0.009	0.013	1	KIT	c4
0.00012044381246234	-1.22110516909543	0.006	0.012	1	PDE1B	c4
0.00193903436644671	-1.1786117488335	0.005	0.01	1	PFN2	c4
8.29679086580235e-05	-1.15762553557146	0.006	0.013	1	C6orf99	c4
0.000452784261842045	-1.15681504612561	0.005	0.011	1	COL9A2	c4
0.000575892022809887	1.15548926576689	0.015	0.009	1	SLC17A9	c4
0.00150832696020683	-1.13079209661975	0.008	0.014	1	CARMIL1	c4
5.37688956720001e-05	1.1283696165573	0.018	0.012	1	DPF3	c4
0.060516487670332	-1.12108877683694	0.01	0.013	1	COL6A1	c4
4.01546522012713e-05	-1.11697496535574	0.008	0.015	1	IFIT1	c4
0.0154256439392706	-1.11034876666928	0.008	0.011	1	IL5RA	c4
0.000445269527120508	-1.07095281918579	0.007	0.013	1	PNPLA7	c4
0.00201463135152965	-1.06920313471022	0.005	0.01	1	LINC00987	c4
4.01554478054019e-05	-1.05322834511262	0.007	0.014	1	NEURL1	c4
0.00395434141972755	1.04584734588283	0.015	0.01	1	CCDC189	c4
0.0182460306514463	-1.03124681675377	0.008	0.012	1	AL451085.1	c4
0.000238863475684579	1.01638148322382	0.01	0.006	1	SERPINB9P1	c4
0.00465668743315275	-1.00369765171077	0.008	0.013	1	DARS-AS1	c4
0.00236980885185579	-1.00161243241411	0.009	0.015	1	SEMA4C	c4
0.00673326988309216	-0.996875387218497	0.009	0.014	1	SDR42E2	c4
4.41623953485268e-05	0.99601217414395	0.01	0.005	1	RBM14-RBM4	c4
0.000326491371218114	0.994264633897982	0.01	0.006	1	PLXNB2	c4
6.23375318154445e-05	0.980723679814358	0.01	0.005	1	AC092112.1	c4
7.71079615413104e-05	-0.97873149523474	0.013	0.022	1	PAIP2B	c4
0.000639854623442554	-0.97314901878497	0.01	0.017	1	BHLHE40-AS1	c4
0.00538192542778003	-0.965275198435528	0.007	0.011	1	SHISA4	c4
0.000104352372407653	-0.964200546023778	0.025	0.017	1	CD68	c4
6.37780980827299e-05	0.957731472014788	0.011	0.006	1	SLC46A1	c4
0.012420580691027	0.955977301542601	0.014	0.01	1	ICA1L	c4
8.46517778678678e-05	-0.955138369679254	0.007	0.014	1	ADAMTS6	c4
0.00123295035596306	0.951635720473434	0.012	0.007	1	TP53I3	c4
0.000389127785187822	0.950792794562795	0.011	0.007	1	KANK1	c4
0.00297018439700475	0.944071364306732	0.016	0.012	1	AL355338.1	c4
0.00881133181612377	0.940682671717915	0.012	0.008	1	AC098487.1	c4
0.000246964408224876	-0.938251763275701	0.007	0.013	1	ZNF280B	c4
0.000134585843761755	-0.931617853594112	0.434	0.4	1	HLA-DPA1	c4
0.000151657683265797	0.929564008978516	0.012	0.007	1	PANO1	c4
0.000106309160105501	-0.926827973046153	0.018	0.027	1	AC020659.1	c4
0.000362765400363735	-0.922176657372265	0.009	0.016	1	SAV1	c4
0.000299984999628785	-0.919577246599184	0.045	0.056	1	EPHB6	c4
0.000395378916209697	0.918044435334852	0.017	0.011	1	ZC3HAV1L	c4
3.56015132699968e-05	-0.916406449772653	0.011	0.02	1	HIST2H2BF	c4
0.00117427374900998	-0.905936264889163	0.006	0.012	1	SPA17	c4
4.52720571466622e-05	0.901451987550427	0.029	0.02	1	KHDC1	c4
0.0573503606432733	-0.890102315077106	0.014	0.018	1	ACVR1C	c4
0.0247677032518225	-0.888836232172945	0.025	0.031	1	COL6A2	c4
0.000401261546072889	0.884597292811773	0.01	0.006	1	AC092295.2	c4
5.75268164103294e-05	-0.882421916490213	0.015	0.024	1	ALCAM	c4
0.0113200717008764	-0.882411295536966	0.008	0.012	1	ZFP69	c4
0.00254801057058323	-0.87945415985498	0.01	0.016	1	NAP1L2	c4
0.000187316992732854	-0.875259549546152	0.061	0.075	1	IER3	c4
0.000396303223964485	-0.875107574258369	0.005	0.01	1	TMEM244	c4
6.70620619223693e-05	-0.872787326106524	0.01	0.018	1	RAB3D	c4
0.00665491633815106	-0.870728866163565	0.038	0.03	1	TRBV5-4	c4
0.00159900589180938	-0.865775015687354	0.01	0.016	1	ADAMTS4	c4
0.000124274346932252	-0.860724157685807	0.012	0.02	1	FAM135A	c4
0.00020634654247658	-0.859170918549511	0.005	0.011	1	HIST1H3I	c4
0.897678885460269	0.858841773740579	0.033	0.034	1	TRAV35	c4
4.27235837041602e-05	0.855507633058743	0.013	0.007	1	TCFL5	c4
0.000616248855603508	-0.85384792097064	0.006	0.012	1	AL109955.1	c4
0.00345055764928448	-0.851719657718546	0.01	0.015	1	CAMKK1	c4
0.000633502970129142	0.850160214248628	0.01	0.006	1	ST6GALNAC3	c4
0.00409191499320183	-0.847708925067354	0.01	0.016	1	SMKR1	c4
0.00160897392825685	-0.847232158540862	0.007	0.012	1	C8orf44	c4
0.000465407190995816	0.846528092308773	0.011	0.006	1	FAM167B	c4
7.45453378959097e-05	0.845569605032131	0.029	0.021	1	IMPA2	c4
0.000914398808478316	-0.844827084883868	0.006	0.012	1	FAM49A	c4
5.09730375753686e-05	0.835811462585164	0.01	0.005	1	ULBP3	c4
0.000507544641499818	0.832329846023781	0.01	0.005	1	SH3D21	c4
6.36639501339784e-05	-0.826304304010473	0.018	0.028	1	CSAD	c4
0.00234784016084733	-0.825174550700156	0.005	0.01	1	GPR160	c4
0.000553991562298397	0.819995725389746	0.017	0.011	1	CREB3L3	c4
0.0234321351577079	-0.815210409964235	0.014	0.019	1	DENND5A	c4
0.0110504821336569	-0.811160568957155	0.013	0.019	1	FSCN1	c4
0.00153182697438698	-0.810283707942483	0.01	0.015	1	ASB13	c4
0.00246146495412822	0.798712064279153	0.014	0.01	1	C17orf97	c4
0.000204215007338355	0.796179885441078	0.01	0.006	1	AC017083.1	c4
0.000798739704801975	0.792471946791122	0.017	0.012	1	BCL7A	c4
0.000149920983793711	0.792383499854548	0.014	0.009	1	NPIPB11	c4
0.0297170263631617	-0.789375251064347	0.025	0.031	1	PLCL1	c4
0.00014636118436265	0.786422359453505	0.01	0.005	1	POT1-AS1	c4
0.000219748258600673	0.783497519644646	0.01	0.005	1	STAM-AS1	c4
0.00573930379058162	0.783229554241072	0.01	0.006	1	AC108488.1	c4
0.0170673591268124	-0.781728311872852	0.009	0.013	1	SAMD12	c4
0.0473594986279558	-0.780961117283749	0.012	0.016	1	AL445686.2	c4
5.78160921878188e-05	-0.778537615180102	0.012	0.02	1	AC245595.1	c4
0.00011778318410025	0.777643664647403	0.013	0.008	1	AL117336.3	c4
0.00987002575297736	-0.777103674299473	0.007	0.011	1	CYSLTR2	c4
0.0326173442617118	0.775933516913494	0.014	0.01	1	DGUOK-AS1	c4
0.00013675411482918	-0.774066164120666	0.031	0.042	1	NMB	c4
0.00534647918216523	0.770591720525556	0.012	0.008	1	FSIP1	c4
0.0209828821943527	-0.765091180845772	0.056	0.063	1	AC004832.6	c4
3.07589153453652e-05	0.764735209742414	0.015	0.009	1	AC093462.1	c4
0.000204084755756822	0.760654282640214	0.018	0.012	1	SRXN1	c4
0.000351051708187771	0.760575943303567	0.01	0.006	1	SHF	c4
0.00119861746971942	-0.760170318049143	0.013	0.02	1	ZNF219	c4
0.00210808264238116	-0.758031187989989	0.009	0.014	1	AC005944.1	c4
0.0258576619713654	0.75517993462485	0.01	0.007	1	PLEKHA4	c4
0.00289488102464429	0.753615388471142	0.01	0.006	1	JSRP1	c4
0.00362052834355959	-0.753094047950394	0.016	0.023	1	AC092683.1	c4
0.00048742183245956	0.751801084662809	0.01	0.006	1	ZNF793-AS1	c4
0.0225800232730965	-0.750473271063784	0.009	0.013	1	PAGE5	c4
0.00333950120892306	0.750044083017753	0.014	0.009	1	CCNT2-AS1	c4
0.0018859546857861	0.747794779385051	0.023	0.017	1	RFX2	c4
5.9308828388171e-05	0.746898049472766	0.012	0.007	1	AL158071.4	c4
3.72578528566904e-05	-0.746279157372603	0.032	0.045	1	ZMAT1	c4
0.000523253318482158	-0.746240764856174	0.014	0.021	1	CCNI2	c4
0.0830244057219697	-0.744159817123776	0.009	0.012	1	CEP126	c4
0.00547408619557357	-0.743040633281332	0.01	0.015	1	SLC9B1	c4
0.000450042223470926	-0.740331838718411	0.056	0.068	1	CCDC184	c4
0.000168602040622794	0.736629530813896	0.013	0.008	1	AL136987.1	c4
0.0554768617085191	-0.73588141669676	0.009	0.012	1	AC010624.3	c4
7.95333922356728e-05	-0.735249076357081	0.016	0.025	1	MORC2	c4
0.0806145752428036	-0.733817571296863	0.041	0.046	1	ABCA1	c4
0.0155949059284077	-0.730173359182986	0.007	0.011	1	OAF	c4
0.039870392506506	0.729150106353596	0.015	0.012	1	NRAV	c4
0.0110124204485886	0.728008977285854	0.011	0.007	1	MRC2	c4
0.000610015316608364	-0.72792388850147	0.01	0.017	1	TMPRSS3	c4
0.014554610453148	-0.727559574811618	0.018	0.023	1	OBSCN	c4
0.0199738193549226	-0.726465740734297	0.008	0.012	1	ATP6V0E2-AS1	c4
0.00106586823461196	0.726345383559604	0.012	0.008	1	AL354696.2	c4
0.000279554947248678	-0.718812125792624	0.026	0.036	1	TMEM25	c4
0.00944978805643621	0.714917533545912	0.01	0.007	1	LMTK3	c4
4.95647700436777e-05	-0.714883309161279	0.022	0.033	1	TRIM16	c4
0.000101903502005443	-0.712993769203861	0.006	0.013	1	CBR3	c4
0.000147399188020427	-0.712549917494337	0.103	0.119	1	MAGEH1	c4
0.459497239430772	0.705485854716343	0.012	0.011	1	XYLB	c4
0.000200318364063029	0.703703131289378	0.021	0.014	1	TRAF3IP1	c4
0.0344683881489032	-0.700903125374079	0.028	0.033	1	PLEKHA5	c4
0.00413254638467963	0.699001503819164	0.01	0.006	1	AC092755.2	c4
0.00465064835555251	-0.694151395768755	0.006	0.011	1	HLA-DQB2	c4
0.00614811636676304	-0.692188257063436	0.015	0.021	1	BRPF3	c4
0.00222945321452876	-0.691635617609178	0.015	0.022	1	CXorf57	c4
0.000106600562680989	-0.691294655938109	0.006	0.013	1	AL391069.3	c4
0.000440158947695572	0.690425108039638	0.04	0.031	1	SLC29A1	c4
0.00164641898310623	0.688582764727363	0.016	0.011	1	AL589765.4	c4
4.58179824958587e-05	-0.688539872908711	0.007	0.015	1	ERI2	c4
0.416867373734422	-0.687096898950623	0.012	0.011	1	TRAV34	c4
0.00672166915216451	-0.684319138712335	0.02	0.026	1	C12orf42	c4
0.00431943258519903	0.681752227687754	0.012	0.008	1	PCAT6	c4
0.0130029685248805	0.680775499596007	0.011	0.007	1	APOA1	c4
0.00238824046824758	-0.679845824721975	0.01	0.015	1	KIAA0895L	c4
0.000271824275102678	-0.677880124908217	0.014	0.023	1	PFKM	c4
0.0144038612088896	-0.67767301721647	0.023	0.029	1	FAM117B	c4
0.000180257581583849	0.676289741775882	0.021	0.014	1	CKLF-CMTM1	c4
0.119847774656544	0.674945551216885	0.012	0.015	1	SAPCD2	c4
0.020437507313201	0.67444242335679	0.019	0.015	1	THSD8	c4
0.00652098979451062	-0.671212724748233	0.04	0.048	1	RASGRF2	c4
7.59600279482582e-05	-0.666391530865019	0.024	0.035	1	LYL1	c4
0.000724658166574557	-0.665328705505837	0.024	0.033	1	ABL2	c4
0.00368616663568809	0.664625590142702	0.012	0.008	1	ZNF777	c4
0.000193438207484083	0.663864646069187	0.016	0.01	1	TMEM147-AS1	c4
0.00127770387733761	-0.662657916638196	0.009	0.014	1	FUT8-AS1	c4
0.000583479735871273	-0.662441965097968	0.028	0.037	1	SAP25	c4
6.32109951351577e-05	-0.662376658212924	0.053	0.067	1	MFHAS1	c4
0.000879163482239076	0.659525295584221	0.022	0.016	1	ENTPD7	c4
0.000212477820792532	0.659446213901933	0.014	0.009	1	AC009113.1	c4
0.0490679412395707	-0.658643238055812	0.008	0.011	1	TMEM136	c4
0.0358926333966659	0.658086711615181	0.015	0.011	1	AL590399.1	c4
6.56344798554325e-05	0.657835364923095	0.031	0.022	1	FANCC	c4
3.18997829695598e-05	0.657072435861934	0.024	0.016	1	AC068338.2	c4
0.00132376288862062	0.656750480685258	0.011	0.007	1	AC048382.5	c4
0.030136628723589	-0.654930642275639	0.012	0.017	1	C1orf54	c4
0.0013595014756756	-0.654357945792692	0.016	0.024	1	CD274	c4
0.00640675181156514	-0.653250903026631	0.007	0.011	1	HIST1H4B	c4
0.00773513313568262	0.653007413921707	0.015	0.011	1	CCDC171	c4
0.0176589254850799	0.65152152165487	0.012	0.008	1	AL669831.5	c4
3.48540116855602e-05	0.651451040851211	0.024	0.016	1	CBWD3	c4
9.71748084125537e-05	-0.650811676042852	0.014	0.023	1	RTEL1	c4
0.00472520333069894	0.6507729000546	0.01	0.006	1	GSTO2	c4
0.00121433569465966	-0.650747846084252	0.018	0.026	1	AL669918.1	c4
0.239010581673792	0.648918192232983	0.016	0.014	1	AFMID	c4
0.00504505961685418	-0.6483213106742	0.012	0.017	1	AC036176.1	c4
0.132538212749591	-0.647970849190073	0.011	0.014	1	NHLRC4	c4
0.000104780987661801	0.646977959768958	0.021	0.014	1	ARRDC3-AS1	c4
0.0310972951136245	0.646904140760469	0.022	0.018	1	AC016773.1	c4
0.0259968261258606	-0.645639387673584	0.011	0.016	1	CCDC106	c4
0.0036696644356918	0.643635156001064	0.012	0.008	1	C7orf25	c4
0.000157539779674597	-0.643514493053717	0.011	0.019	1	STAP2	c4
0.00158323791653257	-0.642927432822781	0.008	0.013	1	AL158835.1	c4
0.00337181284907862	0.641193062878977	0.01	0.007	1	AC012313.1	c4
0.000929552474883446	0.638614041037277	0.024	0.017	1	CMC4	c4
0.000469279584188727	0.636435657177286	0.027	0.019	1	AL359513.1	c4
0.00223749790937689	-0.634612577674845	0.101	0.114	1	MCM7	c4
0.000221375114962455	0.633788331857577	0.017	0.011	1	ZHX3	c4
0.000204552707158793	-0.633120704823276	0.025	0.035	1	MIR29B2CHG	c4
0.00624681498074453	0.632584866915363	0.011	0.007	1	AC006252.1	c4
0.00172078612149232	-0.631691628229805	0.022	0.031	1	WNT10A	c4
4.17464960792038e-05	0.629644236035721	0.031	0.022	1	DMWD	c4
0.0129575407319369	-0.626659014712186	0.014	0.019	1	TFEB	c4
0.000906405442957787	0.623427981999549	0.018	0.012	1	AC090825.1	c4
0.00170100324021883	-0.623417593070822	0.016	0.023	1	RASA4B	c4
0.0149483294330518	-0.621099467864576	0.007	0.011	1	AC092368.3	c4
0.0254623364806188	0.620143978715306	0.015	0.011	1	FKBP7	c4
0.00135596459283562	-0.619519626004881	0.021	0.029	1	SWT1	c4
0.0672556675642573	-0.618703827332645	0.01	0.014	1	CEP112	c4
0.0043665045543079	0.616642903859387	0.013	0.009	1	ENKD1	c4
0.00474849968789962	0.616107932816786	0.01	0.006	1	AL158071.3	c4
0.0114918353452523	0.615923432673219	0.011	0.008	1	AC022211.2	c4
0.00720609176896603	0.615863598099728	0.043	0.035	1	GINS4	c4
0.00383074025665184	0.612069148761309	0.014	0.01	1	STK36	c4
0.0420110728850418	-0.611262737121341	0.01	0.013	1	CYB5D1	c4
0.021419830820898	0.611190011882639	0.023	0.018	1	AL162258.2	c4
0.197210222022596	-0.610361493836586	0.069	0.063	1	TRBV7-9	c4
0.00254678816363359	0.610360052139114	0.054	0.045	1	COPRS	c4
0.566545242145599	-0.607804090977411	0.723	0.677	1	TUBA1B	c4
0.00141535289324917	-0.606818969149613	0.049	0.06	1	MXI1	c4
0.000231520748020165	0.606282907137754	0.016	0.01	1	AL163973.2	c4
0.136765651597755	-0.605595042411394	0.011	0.014	1	RNF212	c4
6.90636434584478e-05	-0.604123148009495	0.043	0.056	1	ERMP1	c4
0.000386678905379081	0.602353627457314	0.033	0.025	1	TTLL4	c4
0.0159431405530417	-0.602037134984232	0.008	0.011	1	AC007541.1	c4
0.000675637338078362	0.597344083772104	0.029	0.021	1	FAM213A	c4
0.00341811356564691	0.597281010238454	0.015	0.01	1	ZNF653	c4
0.00130225490518474	-0.596138288346634	0.037	0.048	1	CUL9	c4
0.0169047083860771	0.594912720609376	0.01	0.006	1	AP001462.1	c4
0.00103546762248025	-0.593931541664093	0.017	0.025	1	LINC00342	c4
0.00988551647839059	0.589990860769577	0.01	0.007	1	BORCS8-MEF2B	c4
0.000826578437450207	0.589900102307716	0.011	0.007	1	S100Z	c4
3.81115851423813e-05	-0.589771974994131	0.013	0.022	1	KPTN	c4
0.0396663930424225	0.589553175524856	0.011	0.008	1	ATP13A4	c4
0.00198968103549661	0.589486785100139	0.016	0.011	1	C19orf73	c4
0.164173357641317	-0.588834097991863	0.008	0.01	1	GDPD3	c4
0.0778918865458416	-0.588284644641531	0.016	0.019	1	AC136475.1	c4
0.00823389693052052	0.58750497977475	0.01	0.007	1	AC069185.1	c4
0.0591716335550411	0.585918093076913	0.01	0.007	1	TTC30A	c4
0.362018735087088	-0.585401619981322	0.009	0.01	1	ZSWIM5	c4
0.0216545989406142	-0.584010258578385	0.01	0.014	1	GAB2	c4
0.0168370945132682	0.583878616317858	0.022	0.017	1	AVEN	c4
4.55274678016258e-05	-0.580859033746561	0.05	0.064	1	TCEAL3	c4
0.000103009375065729	0.580158292299211	0.028	0.019	1	C16orf86	c4
0.0256634093715977	-0.580117803391323	0.008	0.012	1	SNHG25	c4
6.06811164407633e-05	-0.578828536945638	0.01	0.018	1	DBF4B	c4
0.116288643941189	-0.578459866996614	0.019	0.023	1	NR3C2	c4
0.0369536628178449	-0.577601496738065	0.026	0.031	1	XYLT1	c4
0.000469981509170616	0.576953134574802	0.014	0.009	1	ZNF470	c4
0.0213990699658533	0.576541666200231	0.011	0.007	1	SLC35G2	c4
0.000340579218626913	-0.576463731136302	0.026	0.019	1	GSN	c4
0.0269721363906189	-0.576055890895574	0.011	0.015	1	MCF2L2	c4
0.119352537696795	0.575397518622403	0.021	0.017	1	KDELC1	c4
0.0174712494716531	-0.573932768507128	0.007	0.011	1	ZBTB34	c4
0.0520297190076118	0.57200112949746	0.014	0.011	1	NT5M	c4
0.00017837379610488	-0.571805362787945	0.022	0.032	1	AC058791.1	c4
9.95653255641757e-05	-0.570979730761107	0.013	0.022	1	HIST2H2AB	c4
0.0100431035603006	-0.569368703142947	0.023	0.03	1	PLD6	c4
0.00222591866891069	0.568448864279831	0.013	0.008	1	XKR9	c4
0.000561268122191481	0.568182048394739	0.023	0.016	1	AC018647.2	c4
0.00520268176137693	0.567701103311062	0.019	0.014	1	ZNF816-ZNF321P	c4
0.000391976951928976	0.567668558484878	0.021	0.015	1	RMDN2	c4
0.54684994459569	-0.566934300023245	0.01	0.011	1	AC087741.1	c4
0.000955234535524008	0.566186980457691	0.016	0.011	1	AL356481.1	c4
0.000232495484373436	0.566177101031082	0.051	0.041	1	PLOD1	c4
0.00279563951212471	0.565720821266422	0.01	0.006	1	AC004982.2	c4
0.00336489609083664	-0.5649486475943	0.026	0.034	1	AL162377.1	c4
0.000784532770428122	0.563911856424996	0.035	0.026	1	SETBP1	c4
0.0336770668827279	-0.562995899456102	0.036	0.042	1	PDE9A	c4
0.035641862827182	-0.561154500417608	0.02	0.025	1	TCAF2C	c4
0.010317448195068	0.56066831067161	0.012	0.009	1	TCTN2	c4
6.97565677380452e-05	-0.56004317307658	0.051	0.065	1	EFCAB2	c4
0.0136857207478521	0.559362113135557	0.013	0.009	1	AC104532.1	c4
0.0487478855779973	-0.55894305161827	0.008	0.011	1	SIAE	c4
0.00969941855689788	-0.558783757645089	0.012	0.017	1	VSIG10	c4
0.000220251565966423	0.557819101743699	0.038	0.028	1	ZNF778	c4
0.00608293195955622	0.556757290918074	0.013	0.009	1	STXBP1	c4
0.000338550554465325	-0.556425213644897	0.005	0.011	1	TP73	c4
0.0012707991390579	-0.555339217114815	0.032	0.042	1	SLC12A7	c4
0.00335872571579735	0.555070182485964	0.024	0.018	1	TET1	c4
0.00285627024257577	-0.554466636859649	0.006	0.01	1	ASMT	c4
0.079367132086297	-0.553122964694725	0.011	0.014	1	AC023157.3	c4
0.00223398406535768	0.552176825740093	0.018	0.012	1	MAP3K10	c4
0.000388536386093528	-0.551746758005938	0.011	0.018	1	RDH10	c4
0.00328580492838113	0.55148932240766	0.029	0.022	1	COA7	c4
0.00253142267012884	-0.550733809476856	0.008	0.014	1	RBM15-AS1	c4
0.399244815269739	-0.550626999474759	0.01	0.012	1	KIAA1324L	c4
0.0961403391171134	-0.549557751069465	0.011	0.014	1	CDK20	c4
0.321677462973039	-0.547919950501488	0.027	0.029	1	TRAV41	c4
0.00444301532302941	-0.546040716728562	0.048	0.058	1	NDUFV2-AS1	c4
0.0358610576769225	-0.545890904068875	0.014	0.018	1	KRTCAP3	c4
0.000386959794858158	0.545218636800105	0.023	0.016	1	MBNL1-AS1	c4
0.00882427905727485	-0.544787766418396	0.006	0.01	1	ABCB9	c4
0.00028271825563248	-0.544526120449905	0.014	0.022	1	CEP72	c4
0.824292838669369	-0.544114515722812	0.052	0.051	1	TRAV21	c4
0.181075338439295	-0.543543485914567	0.017	0.02	1	LTB4R	c4
0.0299678232172289	0.541641162210954	0.011	0.008	1	AL133338.1	c4
0.000949172901589183	0.541594432407015	0.011	0.007	1	LRRC63	c4
5.35987985340138e-05	-0.541549673490828	0.014	0.023	1	OTUB2	c4
0.000169642708678536	0.540265609392032	0.021	0.014	1	ZKSCAN7	c4
9.49313564963813e-05	-0.539465179080077	0.045	0.059	1	TPK1	c4
0.00400864069023644	0.536461431237675	0.017	0.012	1	AL513550.1	c4
0.000432016682794976	0.536240183957938	0.031	0.023	1	HSPA2	c4
3.67352744076389e-05	0.535510654720303	0.012	0.007	1	AC006942.1	c4
0.044831212324542	-0.535486849330108	0.011	0.014	1	CDKL2	c4
0.751580330917643	-0.535444284164072	0.01	0.011	1	PRKN	c4
0.0102655933489693	0.535397577710332	0.026	0.02	1	MPND	c4
0.000173285050966815	-0.534960905898145	0.036	0.048	1	NUDT7	c4
0.0625071455854762	-0.53332311118816	0.015	0.018	1	ROBO3	c4
0.0006195939529522	0.533232912068568	0.023	0.016	1	AL445472.1	c4
0.0842497988373714	-0.532765288947069	0.022	0.026	1	ZC4H2	c4
0.304795004840342	-0.531084030646337	0.009	0.01	1	TRBJ2-7	c4
0.0361511943017944	-0.530894046208962	0.061	0.068	1	AC012645.3	c4
0.00033926944953937	0.530606604590804	0.018	0.011	1	AMN	c4
0.000946078754331409	-0.530112725888212	0.027	0.037	1	STARD10	c4
0.0500807382685992	0.528313437902347	0.027	0.023	1	RPP25	c4
0.000193396587710727	-0.528095301753834	0.056	0.069	1	LTB4R2	c4
0.000139278403021883	0.527701148089788	0.042	0.031	1	ADAL	c4
0.0238842143653655	0.527357291562335	0.011	0.008	1	TMPPE	c4
0.03700241413587	-0.527160430094932	0.008	0.011	1	UBTD1	c4
0.0283195783769892	-0.5271355863916	0.016	0.02	1	ZNF154	c4
0.0136059018670691	0.527060927684637	0.012	0.008	1	ZFP69B	c4
0.0131290215014761	-0.525808672134488	0.006	0.01	1	NEFH	c4
0.00466613063672938	-0.525587536643672	0.032	0.041	1	BCL6	c4
0.00190303037189952	-0.525143042613593	0.015	0.022	1	NSMF	c4
3.84441395691684e-05	0.525135576527632	0.022	0.014	1	LEKR1	c4
0.000809694850623335	-0.523993934821419	0.025	0.035	1	PQLC1	c4
0.00537310598097417	0.52373233279116	0.022	0.016	1	AC242426.2	c4
5.63321300312407e-05	-0.521632560117545	0.015	0.024	1	CIITA	c4
0.000588530627809775	0.520724938414086	0.018	0.012	1	ZNF579	c4
0.676677917474981	-0.52021398045067	0.009	0.01	1	ZCCHC14	c4
0.00303138804107263	0.52020813986985	0.011	0.007	1	ZNF497	c4
0.238380925586533	0.519006999636479	0.021	0.018	1	ZNF726	c4
0.00154838927243001	0.518591035110231	0.015	0.01	1	CTH	c4
0.0194036124513812	0.516422639395807	0.015	0.011	1	AL162231.1	c4
0.00210673617866833	0.516157896984986	0.019	0.014	1	SLC30A1	c4
0.0896477648159768	-0.513049759112516	0.009	0.012	1	USP51	c4
0.000294738305709474	0.51149673074139	0.032	0.023	1	ALDH1B1	c4
0.00107641152497765	0.5103700372966	0.023	0.017	1	ZBTB26	c4
0.135535456551537	0.51012500105302	0.035	0.031	1	SAP30	c4
0.00178096467847917	0.509721514452375	0.017	0.012	1	MOK	c4
0.00997608919443595	0.509281292703924	0.015	0.011	1	ZNF425	c4
0.0662179590352071	0.508658419152049	0.026	0.022	1	MREG	c4
0.00855660909406629	0.508532733392745	0.034	0.028	1	EID2	c4
0.000273700288268084	-0.508306304101312	0.015	0.024	1	CCSAP	c4
0.000207264479568361	-0.506986973932634	0.049	0.062	1	GCA	c4
0.00081182706472371	-0.506704795959803	0.041	0.052	1	DOCK9	c4
0.755223282950693	0.506699870723269	0.019	0.019	1	HDGFL3	c4
0.00549428665929816	-0.506683782526714	0.028	0.036	1	TLR1	c4
0.000714774745978253	0.50534438555124	0.037	0.028	1	KLC4	c4
0.0781001357202901	0.505242905336451	0.011	0.009	1	NT5DC3	c4
0.00522293050306288	-0.504599541481698	0.009	0.014	1	ZNF710	c4
0.246775275981722	0.504297011316523	0.026	0.023	1	GPSM2	c4
0.355155782342957	0.503982972772771	0.014	0.012	1	AC007952.4	c4
0.00390533686829026	-0.503482612667752	0.027	0.035	1	SELENON	c4
0.00019855409957034	0.502802081866855	0.036	0.027	1	SNHG21	c4
0.000320116421974214	0.501903102293249	0.053	0.042	1	RAP2A	c4
0.000289098119547413	0.499258086218673	0.025	0.017	1	ZNF787	c4
0.0112134587255186	0.499225705857812	0.02	0.015	1	NATD1	c4
0.000199699188127732	-0.498964324861252	0.038	0.05	1	ZBED5-AS1	c4
0.000462719388796761	0.497811996414271	0.031	0.023	1	SLC33A1	c4
0.0182098696903233	0.497796884063492	0.01	0.007	1	CATSPER2	c4
0.000645100212172136	-0.497551247180065	0.044	0.056	1	FAM234A	c4
0.370123703143539	0.497098944057878	0.01	0.009	1	AL163051.1	c4
0.000188273135838559	0.494361126614105	0.035	0.025	1	CLCN6	c4
0.00309353195126675	0.49417221501339	0.029	0.022	1	MIR9-3HG	c4
0.0674456705748048	-0.493802981923206	0.033	0.039	1	EPS8	c4
0.000370038746574767	0.492740721725226	0.029	0.021	1	LINC00526	c4
0.000254309040280684	0.491612317693272	0.012	0.007	1	AC008763.1	c4
6.89654911538541e-05	-0.490841603491371	0.056	0.071	1	MAST3	c4
0.000144305157803963	-0.488538790072653	0.046	0.059	1	CROT	c4
0.0090610393872117	-0.488370836004895	0.103	0.114	1	CKS1B	c4
0.0292566368294507	0.486683784376658	0.013	0.01	1	IER3-AS1	c4
0.0016947367406152	0.485031719521019	0.027	0.02	1	NRL	c4
0.000136869775946038	0.48490800369161	0.043	0.033	1	PPP1R16A	c4
0.192776811500696	-0.484354997442497	0.009	0.011	1	P3H3	c4
3.93139141658536e-05	-0.482748369024246	0.121	0.14	1	ATP2B1-AS1	c4
0.042600880644013	-0.482281290140224	0.019	0.024	1	EXD2	c4
0.46102996823774	-0.481465689870669	0.025	0.027	1	KRT18	c4
0.000144256034151731	0.48122245519686	0.062	0.05	1	ACY1	c4
3.70974087672144e-05	-0.480127495254132	0.946	0.884	1	FOS	c4
0.083345895776969	-0.480082262990377	0.012	0.015	1	ZDHHC9	c4
0.00108776712211265	-0.479192824982126	0.04	0.051	1	SLC38A6	c4
0.287311709977294	-0.479028673676995	0.012	0.014	1	GGPS1	c4
0.374320965340887	0.478155962031663	0.01	0.009	1	AP001157.1	c4
0.000183785895333307	0.477114310974577	0.024	0.016	1	AC009831.1	c4
0.00275172416500502	-0.47632908251243	0.056	0.067	1	BBS2	c4
0.10429304352176	-0.475689157855262	0.012	0.015	1	AC010654.1	c4
0.0518173050158042	-0.474665582002693	0.02	0.024	1	FKBP14	c4
0.000147961939403146	-0.473402741600309	0.027	0.038	1	SNHG10	c4
7.94662522756327e-05	0.473184129757715	0.033	0.024	1	LNX2	c4
0.0271401822060589	-0.473030018258559	0.014	0.019	1	AC018816.1	c4
0.0100249068824126	-0.471655141084286	0.53	0.48	1	HMGB2	c4
0.000912099923830812	-0.471556529954853	0.045	0.056	1	RBM43	c4
0.810049695230294	-0.470958466028741	0.02	0.021	1	RAB20	c4
0.000237992572437054	0.470638644921949	0.028	0.02	1	TCTE3	c4
0.0103599754087425	0.470489849459855	0.021	0.016	1	AP003774.4	c4
0.0115824907558149	-0.470460070061574	0.021	0.027	1	CLN5	c4
0.00222436047700755	0.469895019967757	0.029	0.022	1	BBS12	c4
0.0076945890783096	-0.469763855000505	0.01	0.015	1	MTUS1	c4
7.97613156439586e-05	0.469677498678774	0.046	0.035	1	SWSAP1	c4
0.00610091685231173	0.469307859184222	0.013	0.009	1	ACVR2B	c4
0.0329351016837912	0.469153344098009	0.033	0.028	1	AC244090.1	c4
0.00103666601720287	-0.468562808761149	0.056	0.068	1	TSPAN32	c4
0.0749470443488924	0.468509017825258	0.012	0.009	1	LSM11	c4
0.0542156598041796	-0.468443471427531	0.038	0.044	1	RARG	c4
0.14777155415814	-0.46803938032107	0.023	0.027	1	C4orf47	c4
0.18302993038026	0.467557409677283	0.01	0.008	1	C1orf74	c4
0.00145808361044082	0.466521946132429	0.023	0.016	1	AC064807.1	c4
0.0306514107269285	-0.465800973387895	0.131	0.141	1	GRN	c4
3.46846609166887e-05	0.465195756348912	0.035	0.025	1	AC002310.1	c4
0.00335011869862431	-0.464532630638481	0.019	0.026	1	TRAF3IP2-AS1	c4
0.00456917667291102	0.46404361809647	0.01	0.007	1	ZFR2	c4
0.233393732019974	-0.463387664785933	0.009	0.01	1	ZNF502	c4
0.0551316956082651	-0.463101985372703	0.008	0.011	1	AC010226.1	c4
0.0396297112058978	-0.462970445572807	0.007	0.01	1	RIBC2	c4
0.00458491413610697	0.462944477098178	0.034	0.027	1	DNAJC25	c4
0.145351525043504	0.461214120485629	0.015	0.013	1	TMEM241	c4
9.93985511506211e-05	-0.46088365105526	0.039	0.052	1	HDAC4	c4
0.0123183557909788	-0.460712708456803	0.016	0.022	1	SPACA9	c4
0.00213335582099697	0.460162911609947	0.035	0.028	1	AC012360.3	c4
0.0125267765978463	-0.458868138702409	0.011	0.015	1	TDRKH-AS1	c4
0.000419345071917035	-0.45790030102108	0.038	0.049	1	PLA2G6	c4
0.254374043606849	0.457838750830314	0.016	0.014	1	HECTD2	c4
0.0001314452119953	0.457531086243677	0.04	0.03	1	UHRF1BP1	c4
0.0269553310588029	-0.455889364529666	0.007	0.01	1	SCO2.1	c4
0.0428986673710861	-0.455594775460426	0.035	0.041	1	EIF4EBP3	c4
0.000451329321694978	0.454832492442647	0.016	0.011	1	AC005037.1	c4
0.12727117792917	-0.454730021803933	0.009	0.011	1	ESPN	c4
0.000702004608915478	-0.453413132959989	0.019	0.028	1	AP005482.1	c4
0.00954137643328893	0.452528250900778	0.033	0.027	1	CD72	c4
0.00955066364102266	0.452344621016417	0.012	0.008	1	AC092580.2	c4
0.273204946760995	-0.451963977431056	0.021	0.023	1	DTX1	c4
0.0287579415304861	0.451204377376101	0.014	0.01	1	LINC00910	c4
0.000352475362342342	0.448889538375097	0.011	0.006	1	ZNF781	c4
0.000406053104369227	-0.447615683575088	0.058	0.071	1	GRAP	c4
0.0263969680491894	0.447451923361649	0.018	0.014	1	UBTD2	c4
0.000273991408876997	0.447168559132451	0.028	0.02	1	AC034236.2	c4
0.000171636692883488	0.446909955328637	0.064	0.051	1	RPUSD2	c4
0.146411335375182	-0.446388817455364	0.008	0.01	1	CDC37L1-DT	c4
0.000180825220788634	0.446107511118494	0.06	0.048	1	DNASE1L1	c4
4.52089165081674e-05	-0.445963470588433	0.045	0.059	1	AC008105.3	c4
0.0114167495118395	-0.445925601238834	0.013	0.018	1	ZNF658	c4
0.00619900646674492	-0.445596562389145	0.022	0.029	1	AC111182.1	c4
0.0873679019664356	-0.444846704700346	0.007	0.01	1	BX255925.3	c4
0.00047683737055726	0.444434800390989	0.057	0.046	1	ZNF85	c4
0.00762523926832362	0.444293055668767	0.015	0.011	1	BBOF1	c4
0.0109603525167184	0.444268480035845	0.015	0.011	1	FAM66C	c4
8.71903490688274e-05	0.444029168654314	0.04	0.03	1	TESK1	c4
0.0182295433924351	0.443948499659504	0.013	0.009	1	PAX8	c4
0.009494482280526	0.443734518567076	0.019	0.015	1	TBC1D24	c4
0.103675953290988	0.443489601696493	0.012	0.01	1	AL450326.1	c4
0.931118464896479	0.443488107875431	0.017	0.017	1	SCARB1	c4
0.0155348114056566	-0.442102908007481	0.04	0.048	1	TAF4B	c4
0.0222681103152137	0.441301459803101	0.018	0.014	1	ZNF57	c4
0.0121530220858688	0.441294208007542	0.012	0.008	1	CFAP44	c4
0.272231164627351	-0.4412475762254	0.01	0.012	1	RNF144B	c4
0.00211574855660373	-0.440435604539868	0.012	0.018	1	DIABLO	c4
3.66592549280448e-05	-0.440210884680448	0.012	0.021	1	TMPO-AS1	c4
0.0616865051282005	-0.439994895317061	0.021	0.026	1	HIST1H2BF	c4
0.0097215975532622	0.439624898352153	0.01	0.006	1	AL357033.3	c4
0.0351761792419389	-0.439579091313964	0.01	0.014	1	MAP10	c4
0.0220339458920164	-0.439147099885609	0.051	0.059	1	BEST1	c4
0.00555070355007651	0.43896358786068	0.037	0.03	1	MYL5	c4
0.000108604983787758	0.438773411406839	0.04	0.029	1	ALG10	c4
9.81124807752209e-05	-0.437525966977001	0.006	0.012	1	SMTN	c4
0.000282226905058866	0.437419166812134	0.036	0.027	1	VPS33B	c4
0.00728943284495298	-0.437117544450262	0.025	0.033	1	SSX2IP	c4
0.0333177684891834	0.436683266264604	0.011	0.008	1	LIF	c4
8.72951537858886e-05	0.436576597411445	0.031	0.022	1	MAMSTR	c4
0.0402094054252176	0.436060214980815	0.02	0.016	1	NUDT17	c4
0.000430621378730426	0.435123614951334	0.079	0.066	1	GCSH	c4
0.0102086693533181	0.435093589417878	0.017	0.013	1	MORN1	c4
0.440442684235246	0.434316455968076	0.011	0.01	1	PHETA2	c4
4.19234733893649e-05	0.434099114645991	0.076	0.061	1	PANK3	c4
0.000160677076862228	0.434097999785587	0.017	0.011	1	RAB19	c4
5.45038722043825e-05	0.433944281951578	0.051	0.039	1	AC078883.1	c4
0.000189672851204305	0.433797225824338	0.032	0.023	1	CDC14B	c4
0.00260092191290831	0.433598004897213	0.031	0.024	1	ZNF440	c4
0.000310189720644283	-0.433252224524486	0.073	0.087	1	KDM5D	c4
0.0402857942575424	-0.432888528811916	0.033	0.039	1	NEDD4	c4
0.000853321153912859	0.432804289407513	0.035	0.027	1	NAPB	c4
0.0183511847264634	-0.432566451346332	0.01	0.014	1	PPP2R3B	c4
0.000318634097256913	0.431832048163899	0.045	0.035	1	ZSCAN2	c4
0.0383270509466921	-0.431228163118092	0.038	0.044	1	KIAA1324	c4
0.20575744770728	-0.430913235821253	0.022	0.025	1	HOXB-AS1	c4
0.00175380634876976	-0.430856423677507	0.057	0.069	1	RFX3	c4
0.182202872026486	-0.430737360533437	0.017	0.02	1	ZNF347	c4
0.00111239370731519	0.430366896354501	0.04	0.031	1	MIPEP	c4
0.0604926644550305	-0.430310911487065	0.018	0.022	1	ZNF512B	c4
0.0074883100235677	-0.429739924839867	0.054	0.063	1	RFLNB	c4
0.00136534027349069	0.429046041326547	0.019	0.013	1	ZNF888	c4
0.00881829774994204	0.429003828638937	0.019	0.015	1	CTPS2	c4
3.15802602458066e-05	0.428713594304008	0.048	0.036	1	USP45	c4
0.00134749824295246	0.428473422140055	0.036	0.028	1	OGFRL1	c4
0.811948914892469	-0.428214719116676	0.01	0.01	1	FOXJ1	c4
0.00189833834392022	-0.427444925236899	0.058	0.069	1	EPG5	c4
0.486252869870597	-0.427189765437249	0.009	0.01	1	RIMS3	c4
0.194974616066772	-0.427174852380528	0.014	0.016	1	NKD1	c4
3.67776083538373e-05	-0.426730230508067	0.043	0.058	1	WSB2	c4
0.000271558537957761	-0.426362123162129	0.077	0.093	1	PDCD4-AS1	c4
0.000940383504411746	0.426231955183651	0.031	0.024	1	SLC15A4	c4
0.00262316933115742	0.425818735928392	0.017	0.012	1	UST	c4
0.564814905228275	-0.424751445658901	0.029	0.03	1	AC136475.3	c4
0.001220432408824	0.424136559495797	0.035	0.027	1	PRDM15	c4
0.0207309992223277	-0.423905315334603	0.754	0.729	1	TUBB	c4
0.000175919275028819	0.423579459089259	0.039	0.029	1	FPGT	c4
0.000260702794391063	0.423120803767129	0.027	0.019	1	CCDC136	c4
8.6902051358329e-05	0.422844506948711	0.019	0.012	1	CNNM4	c4
0.132520649952836	0.422321211103121	0.013	0.011	1	AC069544.1	c4
0.03125506420209	0.422059539353558	0.021	0.017	1	TWNK	c4
9.88343547687582e-05	0.421490588678381	0.037	0.027	1	LBHD1	c4
0.346343120830981	-0.42129447851486	0.01	0.012	1	MIR4458HG	c4
8.61070040206358e-05	-0.421112159704637	0.024	0.035	1	ALG14	c4
0.131155427463134	0.420939063571618	0.01	0.008	1	AL358472.2	c4
0.00124088618598953	0.420551305117175	0.053	0.043	1	SLC39A11	c4
0.0352692730670328	-0.419777872405875	0.008	0.011	1	AC006333.2	c4
0.0017251550250477	-0.419669149938693	0.046	0.057	1	HIPK2	c4
0.00666557072384817	0.419209884036906	0.072	0.063	1	UCK2	c4
0.0499856048786343	0.419002911868957	0.011	0.008	1	SYNGAP1-AS1	c4
0.0493526495591091	0.418610496729526	0.013	0.01	1	LINC00294	c4
0.000982873590640527	0.41831706237953	0.029	0.022	1	LCMT2	c4
0.213219034841437	-0.417868738466573	0.01	0.012	1	FLCN	c4
0.00305870994023915	-0.41776683654835	0.073	0.085	1	PRKCI	c4
0.0304452315324904	0.417749785907011	0.03	0.025	1	ACSF2	c4
0.173829954682435	0.417390560698648	0.022	0.019	1	HAUS7	c4
4.77920589132297e-05	-0.417314264328721	0.022	0.034	1	PDSS1	c4
0.000133391548015358	0.417140389743335	0.037	0.027	1	TMEM67	c4
0.0222261955498876	0.416718635764283	0.021	0.017	1	NAGLU	c4
7.46920448093447e-05	0.416364698311253	0.055	0.043	1	TULP3	c4
0.000523420179006364	0.416252260364224	0.041	0.031	1	AHDC1	c4
0.00144863273295413	-0.416233597824992	0.056	0.067	1	ADPRM	c4
0.0659497005928205	0.415909215757814	0.031	0.026	1	RHEBL1	c4
0.0347309594586953	-0.415543784609887	0.01	0.007	1	SERPINE1	c4
0.108000124114821	0.414926130030678	0.022	0.019	1	GPAT2	c4
0.000118286865944081	-0.414820963229172	0.073	0.089	1	TUBD1	c4
0.210454413397188	-0.414669981412662	0.022	0.024	1	LINC00921	c4
0.00665281030124906	0.414404980597176	0.036	0.029	1	TBC1D2	c4
0.00377164985897463	0.414164224000969	0.023	0.017	1	LENG8-AS1	c4
0.21029604872098	-0.413941480090235	0.017	0.019	1	ZNF784	c4
0.0373056718812353	-0.413808195561509	0.018	0.023	1	AF213884.3	c4
0.000495393443842501	-0.413531418811517	0.101	0.118	1	OAS1	c4
0.000172703349185377	-0.413465825415063	0.097	0.113	1	PLOD3	c4
0.486580279737818	-0.413233251461193	0.038	0.04	1	PHLDA2	c4
0.0135263421611771	-0.413181201352674	0.047	0.056	1	ARHGAP26	c4
0.0455949114312996	0.413030904452747	0.029	0.025	1	AC016876.1	c4
0.000923009053194007	-0.413023410300174	0.055	0.067	1	ERF	c4
0.000310872338398459	-0.412622563183889	0.057	0.071	1	ZNF764	c4
0.405148914485674	0.412591115725164	0.03	0.028	1	MORN2	c4
0.000266120347708616	0.412338179160599	0.018	0.012	1	GPR157	c4
0.0500666196585044	0.412079780858925	0.017	0.014	1	CDAN1	c4
0.00127905720843961	0.411509054298273	0.028	0.021	1	ZNF23	c4
0.105156240670957	-0.411080298428474	0.013	0.016	1	TTLL11	c4
0.0449967542535525	0.410984937246431	0.016	0.021	1	TRBV7-3	c4
0.0582383903841404	0.409994234997807	0.011	0.008	1	AC245140.2	c4
9.75390819546327e-05	-0.409718698020261	0.044	0.058	1	BTN2A2	c4
0.000275784512734664	-0.408900873784068	0.01	0.018	1	ARHGAP11B	c4
0.0171151498718819	0.408887151462282	0.039	0.033	1	FXR2	c4
0.00141717098280985	-0.408168468242204	0.045	0.056	1	SCARB2	c4
0.000981843061331843	0.408162687116356	0.032	0.024	1	SUCLG2-AS1	c4
0.000745586888779716	0.408109317550233	0.023	0.016	1	AC026471.1	c4
0.000179806512935156	0.407861084521427	0.049	0.038	1	TWSG1	c4
7.02919444485582e-05	-0.407768739814019	0.069	0.085	1	NBPF14	c4
0.00250311367364093	0.40754198859312	0.033	0.026	1	ZNF823	c4
4.76996432200981e-05	-0.407406996309255	0.045	0.059	1	GTSF1	c4
0.00682781950948701	-0.406618075958511	0.039	0.047	1	RTL10	c4
0.00378911174626357	0.406601291866472	0.071	0.061	1	APOPT1	c4
0.00222942552056479	0.406315608314929	0.024	0.018	1	HECW2	c4
0.0299553864094775	0.40566974737303	0.019	0.015	1	KIF3C	c4
0.000149103315401846	0.404951669938379	0.037	0.027	1	ZNF707	c4
0.000657652105257058	-0.404790245923915	0.139	0.152	1	SORBS3	c4
0.000119215394401149	0.404315546577059	0.035	0.025	1	ZNF624	c4
0.000627345335782773	0.403307245326662	0.023	0.016	1	GALNT4	c4
0.103098289083543	-0.402459139982468	0.018	0.021	1	TRAV24	c4
0.0524502142753815	-0.402353721516043	0.033	0.039	1	USP13	c4
5.79731766379576e-05	0.40201844254365	0.019	0.012	1	LINC01679	c4
0.000830662219736887	-0.401973132202365	0.025	0.034	1	TMEM53	c4
0.0032491357290832	0.401448251447398	0.05	0.041	1	SRRD	c4
0.0466939681391304	0.401348497086	0.013	0.01	1	THAP9	c4
3.67598850154411e-05	0.400745167010452	0.043	0.032	1	ZCCHC3	c4
0.0466113931683305	-0.400687271327666	0.16	0.166	1	PCNA	c4
0.00261860333803868	0.400255527691097	0.055	0.046	1	C9orf64	c4
0.000129207441303385	0.400164216893234	0.069	0.056	1	SLC27A5	c4
0.00468325806343467	-0.399785835692245	0.099	0.111	1	DYRK2	c4
0.00106050864693554	-0.399635943774014	0.077	0.091	1	FEN1	c4
0.00291614899937552	0.398980927670162	0.035	0.027	1	CUL7	c4
0.00642180737189773	0.398251247864759	0.045	0.037	1	ZNF236-DT	c4
0.115667239830841	0.397100475299245	0.037	0.032	1	MLLT11	c4
0.0675115198121389	0.396479123446377	0.028	0.023	1	URB2	c4
0.0193748658450963	0.395483285698126	0.036	0.03	1	AC004812.2	c4
0.979124818909055	-0.395174206886273	0.02	0.019	1	DNAH1	c4
0.0128250422744122	0.395110253161493	0.029	0.023	1	ZNF674-AS1	c4
0.000845433981555699	0.394597270952069	0.035	0.027	1	BLOC1S3	c4
0.00383562280997918	0.394475373461414	0.034	0.027	1	APTR	c4
0.00432798657788159	-0.394348953913337	0.018	0.025	1	ARL17A	c4
0.000168424933145227	0.394208845068953	0.024	0.016	1	AC239800.3	c4
6.75421406590656e-05	0.39404316534087	0.02	0.013	1	RAB11FIP3	c4
0.000684490593696126	0.393380124742249	0.03	0.022	1	RASD1	c4
0.000612100201777223	-0.392534342453205	0.049	0.061	1	CFL2	c4
0.0016791926384638	0.392209556485474	0.015	0.01	1	AC073389.1	c4
0.00341559474095158	0.391892902118343	0.028	0.021	1	KRBA2	c4
8.12949257078958e-05	0.391891299870568	0.053	0.041	1	KIAA0513	c4
0.00396191498550286	-0.39148772084635	0.042	0.052	1	NOTCH2NL	c4
0.0332907645992994	0.391406663616925	0.011	0.008	1	IGIP	c4
0.000371380345329471	-0.390813575935342	0.054	0.068	1	RELL2	c4
0.0084392531352004	0.390234897092457	0.029	0.023	1	AC135457.1	c4
0.000649884348144036	0.389958857739704	0.054	0.044	1	ERMARD	c4
0.000772249893963181	0.389430137116666	0.018	0.012	1	AC006299.1	c4
0.000277653625772669	0.389330523368799	0.031	0.022	1	FBXL18	c4
0.158512520505879	-0.389046163197543	0.008	0.011	1	ZNF90	c4
0.0015888172082584	0.388983208912308	0.03	0.023	1	KCNQ1OT1	c4
0.0922942977038611	0.388443244556584	0.021	0.018	1	ATP8B3	c4
0.000445035250852776	0.388284538203429	0.058	0.047	1	NLRX1	c4
0.00170422450569803	0.388026963067792	0.048	0.039	1	EARS2	c4
0.000108121550446088	0.387665925503606	0.04	0.03	1	TMTC4	c4
0.0382756700522277	0.387471593144106	0.033	0.027	1	TPCN2	c4
0.538248307340032	-0.387462185655345	0.011	0.012	1	SPINT1-AS1	c4
0.343478474834489	-0.387196533011589	0.047	0.049	1	SERPINH1	c4
0.0971991547110081	0.387061662402719	0.035	0.03	1	SUSD1	c4
4.33312958494561e-05	0.38705027088364	0.043	0.032	1	C14orf28	c4
0.00886662438041434	0.386877076395915	0.017	0.013	1	RNFT1-DT	c4
9.99769806610308e-05	-0.386715731612387	0.095	0.113	1	MAD2L1	c4
0.00430317520085851	-0.386705045584424	0.017	0.023	1	PCSK1N	c4
0.00012233805690209	-0.386398878316247	0.073	0.09	1	MAP4K4	c4
0.0381713959159882	-0.386255700001738	0.04	0.047	1	KCTD6	c4
0.0451877339543948	0.385761562676257	0.014	0.011	1	RND1	c4
0.0349325823770409	-0.385599906493717	0.732	0.712	1	FOSB	c4
0.0262693948037193	0.385527722754906	0.014	0.011	1	AL117332.1	c4
0.000101846414335388	0.385368168197512	0.049	0.037	1	C1RL-AS1	c4
0.0667513665170257	0.384854663905378	0.01	0.008	1	SENP8	c4
0.00304263693453633	0.384676348829746	0.039	0.031	1	PPP2CB	c4
0.00133990246446773	0.38434462642587	0.037	0.029	1	JRK	c4
0.0234209540659327	0.384213323082093	0.011	0.008	1	DDR1	c4
0.00379426991090179	0.384190076731733	0.046	0.038	1	HIST4H4	c4
0.00115284781053577	0.383716121940578	0.037	0.028	1	EIF3CL	c4
0.000395449907687879	0.383635120192288	0.034	0.026	1	RLN2	c4
0.00137870774375327	0.383625428546389	0.049	0.04	1	ZNF45	c4
0.71705849119299	0.382886628565806	0.017	0.016	1	AC009948.1	c4
0.327728972680038	-0.382037936627588	0.01	0.012	1	FP236383.3	c4
0.0193445324329987	0.38193708655447	0.019	0.014	1	CPLANE2	c4
7.78095127454455e-05	0.381909416387271	0.038	0.028	1	TSNARE1	c4
0.00755676634988141	0.381681212734223	0.014	0.01	1	PELI2	c4
0.000551653734151109	0.38150370869073	0.037	0.028	1	SLC39A14	c4
0.00283001681004343	-0.381048592917609	0.064	0.076	1	ZNF518B	c4
0.000765965454485041	0.380668653157703	0.033	0.025	1	HYAL2	c4
0.0407148662368059	0.380481048625604	0.041	0.035	1	FGGY	c4
0.134892877554748	-0.379975017681212	0.009	0.012	1	AL035413.1	c4
0.000306926611585853	0.379965623202975	0.088	0.074	1	SQLE	c4
0.0139330014262584	-0.379720457306251	0.055	0.064	1	CD8B2	c4
0.0617635759232927	0.378990570192116	0.015	0.012	1	CASTOR3	c4
0.0325037632194596	-0.378731915944116	0.027	0.032	1	USP9Y	c4
7.57155864966962e-05	0.378700137068102	0.048	0.037	1	FCGR3A	c4
0.601459073934904	0.377773802472918	0.045	0.044	1	LRRCC1	c4
0.0141522170338856	-0.376990826935789	0.013	0.018	1	KCTD2	c4
0.132811988478731	0.376487439975967	0.036	0.032	1	FLVCR1-DT	c4
0.0272271851177067	-0.376385866373072	0.03	0.036	1	GSDMB	c4
0.0180473392516419	-0.376360049968914	0.029	0.036	1	VWA5A	c4
0.016800673136588	-0.376274798134941	0.047	0.055	1	CTBP1-DT	c4
0.00022094425316615	0.376121666806644	0.031	0.022	1	ZCWPW1	c4
5.44790043482311e-05	0.376062385894679	0.042	0.031	1	AC019205.1	c4
0.0786216158007226	0.375974859963603	0.012	0.009	1	SPAG8	c4
0.000238573881463763	-0.375811533476922	0.119	0.136	1	LUZP1	c4
0.0441724606618463	-0.375719463780739	0.026	0.031	1	LINC02325	c4
5.32391253647775e-05	0.375681008339796	0.072	0.057	1	AL450998.2	c4
0.279263454985375	-0.375490437796657	0.01	0.012	1	SMARCA5-AS1	c4
0.647029970584683	-0.375351466331082	0.01	0.011	1	SNX30	c4
0.000283063237622319	0.375346093298553	0.054	0.043	1	TK2	c4
0.000151173184712202	-0.375184682147066	0.057	0.071	1	NCK1-DT	c4
4.43314962744817e-05	-0.375160174769274	0.094	0.114	1	HAPLN3	c4
2.99904490775311e-05	0.375055790692774	0.06	0.046	1	ZNF544	c4
0.028093799759981	0.375051246694879	0.011	0.008	1	AL158163.2	c4
4.18017388068373e-05	0.374898889176619	0.033	0.023	1	AL136962.1	c4
0.0915887790570599	0.374266865285178	0.016	0.013	1	CALCB	c4
0.00295233713937315	0.374126099366747	0.017	0.012	1	RTCA-AS1	c4
4.14980943651774e-05	0.37403081329647	0.115	0.098	1	MRM2	c4
0.00143562463486269	-0.373547597598523	0.059	0.071	1	AGPAT3	c4
0.00163474863828967	-0.373268206991493	0.02	0.028	1	CARM1	c4
0.000502041279327141	0.37301618268139	0.044	0.034	1	NOL6	c4
6.52925646437691e-05	0.37283347579297	0.068	0.054	1	ACER3	c4
0.0196304929730246	-0.372619220903597	0.009	0.013	1	AC005229.4	c4
0.000376097784197468	0.372456888065119	0.057	0.045	1	CDKL1	c4
0.0731471301675873	-0.371606699341316	0.007	0.01	1	SPATA6L	c4
0.0430720725808744	-0.371513091428821	0.014	0.019	1	AC009133.3	c4
0.061807897463728	0.371226235686593	0.014	0.011	1	MED14OS	c4
0.0542945329980227	-0.370482285289295	0.024	0.029	1	KSR1	c4
0.690230350221919	-0.370363854921056	0.233	0.221	1	LINC02446	c4
0.0123567523524273	-0.370203326791031	0.051	0.06	1	HIVEP1	c4
0.0410075706684324	0.370175640714336	0.02	0.016	1	LINC02100	c4
0.00456917556591398	-0.369556872381693	0.032	0.041	1	IZUMO4	c4
0.945049669546418	0.369379811346549	0.031	0.031	1	NQO1	c4
0.00986498795533444	0.369179259075671	0.019	0.015	1	DCUN1D2	c4
0.0297686788890269	-0.369171195588679	0.026	0.031	1	ZNF446	c4
0.00040038015718068	0.369121398180552	0.039	0.03	1	MOCS3	c4
4.31752114750527e-05	0.36876716224627	0.075	0.06	1	MED9	c4
9.09932378514111e-05	0.368667960031527	0.05	0.038	1	C11orf68	c4
0.0446509863942126	-0.368544425330082	0.033	0.039	1	SDC4	c4
0.130044816484769	0.368315771571664	0.014	0.011	1	ARMH4	c4
0.180805904909774	-0.368248039357653	0.01	0.013	1	AL357054.4	c4
0.000155850688997491	-0.367040396973659	0.018	0.027	1	RAD54B	c4
0.00237378758556356	0.36630471649955	0.011	0.007	1	AC246785.3	c4
0.373306378426463	-0.365754759799982	0.018	0.02	1	IFT140	c4
0.000244269234086785	-0.365447304353546	0.041	0.054	1	IRAK1	c4
0.0001075434061655	0.364427609857246	0.078	0.064	1	PXMP4	c4
0.0361092448575824	-0.364212603736922	0.056	0.063	1	PGAP3	c4
0.00480041076499463	0.364211327914675	0.058	0.049	1	C15orf41	c4
0.000155891704108519	0.363080279173318	0.065	0.053	1	CCDC86	c4
0.140870348812472	-0.36280110813249	0.008	0.01	1	AC239868.2	c4
0.0823937148953154	-0.362249961952936	0.018	0.021	1	RNLS	c4
0.541022807483505	-0.361956568821157	0.039	0.041	1	TRBV9	c4
0.191466986413112	-0.361803609914603	0.032	0.035	1	LINC02328	c4
0.000113086428489208	0.361418270303624	0.037	0.027	1	ZNF513	c4
0.00577385489986096	0.361382802156065	0.017	0.012	1	MAML3	c4
0.00032872879225557	0.360811971834047	0.059	0.048	1	CPLANE1	c4
0.00416716376261671	0.360801910038179	0.049	0.04	1	ZNF408	c4
0.189835747553968	-0.360759543748954	0.013	0.015	1	FAM19A2	c4
0.0243795061822443	0.360555701406908	0.018	0.014	1	WDR19	c4
0.00173139870716417	-0.360183657323167	0.011	0.017	1	AC091729.3	c4
0.0114691215731754	0.359503750604092	0.036	0.029	1	ZNF182	c4
0.0755249889271586	-0.359034561114125	0.021	0.025	1	TPTEP2-CSNK1E	c4
0.02163735288015	0.358589370106264	0.045	0.039	1	BYSL	c4
0.0354663893664258	0.358498710566861	0.01	0.007	1	LRRC75A	c4
0.0152057397831897	0.35812645295638	0.041	0.034	1	NOP9	c4
6.40721964906383e-05	0.35799490099595	0.022	0.014	1	LINC01970	c4
0.0808427000721168	0.35785986191306	0.012	0.009	1	AL080250.1	c4
0.746019697024643	-0.357282425816459	0.023	0.024	1	LTC4S	c4
0.000130745339259644	0.35720261593665	0.083	0.069	1	SMARCD2	c4
0.401979977248337	0.357133168670751	0.009	0.01	1	WDR90	c4
0.0151572955239861	0.356837008431795	0.023	0.018	1	CBWD6	c4
0.173101827612694	-0.356765318789065	0.016	0.018	1	OTUD1	c4
7.08884103486151e-05	-0.356723535573939	0.066	0.082	1	SMYD4	c4
3.83687022103424e-05	-0.3566112535316	0.126	0.146	1	DTYMK	c4
0.0321119627873185	-0.356327780380169	0.032	0.038	1	CLCC1	c4
0.000177916596098522	0.356170351556584	0.087	0.072	1	RAD51D	c4
0.00791924637832177	0.356001957839494	0.029	0.023	1	DDX51	c4
0.205407282549653	0.355743856591539	0.011	0.009	1	SPDYA	c4
0.0108494145055843	0.35529381628149	0.03	0.024	1	FBXO41	c4
0.000413534362718647	0.354640278488152	0.114	0.1	1	CDK5	c4
0.0025884896201997	-0.354626625191356	0.081	0.093	1	MAP3K14	c4
5.27696484397689e-05	-0.354327591307477	0.136	0.157	1	SGSM3	c4
0.276765554973907	-0.354253673689968	0.016	0.018	1	FITM2	c4
4.51373702959505e-05	0.35421330347239	0.079	0.063	1	TMEM62	c4
0.00839512535517909	0.354146776434773	0.022	0.016	1	FAM149B1	c4
0.00207088128902302	0.353557294249311	0.028	0.021	1	C8orf58	c4
0.000501803959610548	0.353510455654151	0.064	0.052	1	SRD5A1	c4
0.00237591190153759	0.353465774727346	0.045	0.036	1	FAM214B	c4
7.87898987071131e-05	0.353443376192736	0.05	0.038	1	RBBP9	c4
0.000475884449208637	0.353073100007993	0.053	0.042	1	CEP162	c4
0.269344999392169	-0.352763801915414	0.009	0.011	1	SMN2	c4
0.000324306878080408	0.352415604613834	0.039	0.03	1	ZNF573	c4
0.000970862250768882	0.352198801699863	0.04	0.031	1	ZKSCAN4	c4
0.000130206197276109	0.352117152264693	0.038	0.028	1	ZNF696	c4
0.000888134365179779	0.351781086344065	0.025	0.018	1	FGFBP3	c4
0.00449405650288593	0.351670468496331	0.057	0.048	1	KDM1B	c4
0.12420346912566	0.350342588646452	0.011	0.009	1	DICER1-AS1	c4
0.000740963449137344	0.350157806140115	0.1	0.087	1	SFXN4	c4
0.000134044983543945	0.350153858714738	0.058	0.046	1	TAF13	c4
0.0696084605718298	0.350103980601591	0.045	0.04	1	ST20-MTHFS	c4
0.0913665048937433	-0.349943946639848	0.208	0.215	1	HLA-DMA	c4
0.090102073238718	0.349822289814895	0.018	0.015	1	GSTA4	c4
0.00419637848576884	-0.349806735915181	0.116	0.129	1	WWP1	c4
4.55284531977544e-05	0.349750883383896	0.049	0.037	1	AC006504.5	c4
0.0445603524359765	0.349219530325596	0.016	0.013	1	C1orf198	c4
0.0132362463595503	0.348923763624364	0.028	0.022	1	LIPE-AS1	c4
0.196033946010653	-0.348668536863701	0.012	0.015	1	FAM215B	c4
0.0010650941818908	0.348101618678253	0.031	0.023	1	FUT10	c4
0.0117806907854546	0.348012353281506	0.02	0.015	1	RCAN1	c4
0.00350624456412265	0.346942326377055	0.045	0.036	1	ZNF846	c4
0.0489653644299111	-0.34563695864421	0.013	0.017	1	ITGA2	c4
0.0567265875710205	0.3446759004875	0.022	0.018	1	NOCT	c4
0.235606444214324	-0.344275436300606	0.014	0.016	1	TMEM256-PLSCR3	c4
0.000748626920037411	0.343753854003577	0.065	0.054	1	PDE6B	c4
0.0877725321472786	-0.343683417507139	0.009	0.012	1	FAM66B	c4
0.0854642695795034	0.343673128296639	0.017	0.014	1	GCC2-AS1	c4
0.0119668233171664	0.343521433897962	0.026	0.02	1	LINC01534	c4
0.692663058949966	0.343432004345692	0.014	0.013	1	C1R	c4
8.50196375020407e-05	0.343286647126235	0.12	0.103	1	HDAC8	c4
9.69729469111673e-05	-0.342683638669877	0.11	0.129	1	AP2A2	c4
0.00117174317134796	-0.342370665768984	0.085	0.1	1	PCMTD2	c4
0.00211144814675456	-0.341645389622623	0.032	0.041	1	ADGRG5	c4
0.00260128846907934	0.341320399238461	0.029	0.022	1	ZNF597	c4
9.06841390124463e-05	-0.341021337554189	0.052	0.067	1	NEMP2	c4
0.252189746739254	-0.340793425371487	0.016	0.018	1	AMIGO1	c4
0.576775478857271	-0.340572880071617	0.009	0.01	1	DNHD1	c4
0.243029367826005	-0.340137820508637	0.026	0.029	1	HDAC9	c4
0.000340053518286367	0.339509150746479	0.065	0.052	1	UTP15	c4
0.000768904499299152	-0.339360729812317	0.088	0.103	1	SNX29	c4
0.0223411972208765	0.338619041510184	0.01	0.007	1	RBAK-RBAKDN	c4
0.111828598644125	0.33837446202429	0.011	0.013	1	SLC25A10	c4
0.000517015768091412	-0.338242336028594	0.008	0.015	1	TONSL	c4
0.00689312925802182	0.337874769585109	0.03	0.024	1	TCTN1	c4
0.0200201465022762	-0.337762376010414	0.07	0.079	1	NFRKB	c4
0.00234564268872615	0.3377234552898	0.037	0.029	1	NPHP3	c4
0.0153694802032747	0.33741318004589	0.053	0.046	1	FAM168A	c4
0.113585642471885	-0.337004890192469	0.027	0.031	1	TMEM91	c4
0.0150748461461254	-0.337000764847419	0.045	0.053	1	RRAGB	c4
0.184802292765343	0.336484705149362	0.013	0.011	1	ADAM22	c4
0.00723542764836073	0.335947397056956	0.095	0.085	1	MSRB1	c4
0.000213121029222268	0.33526423192016	0.062	0.05	1	NBPF11	c4
0.0195838665935564	-0.33509871766467	0.062	0.071	1	RENBP	c4
0.0229320914901851	-0.334744084954885	0.054	0.063	1	HERC6	c4
0.0457500332088086	-0.334622015061481	0.022	0.027	1	VPS37C	c4
0.000874801661893525	0.3341721675962	0.07	0.058	1	BTBD6	c4
3.63390889443892e-05	-0.33405902184913	0.024	0.035	1	LIN9	c4
0.0128836426804992	0.333911331542291	0.04	0.033	1	AC008267.5	c4
0.00331214861725441	0.333736624136218	0.017	0.012	1	LRRC56	c4
0.000266008202875725	0.333699237395817	0.03	0.021	1	BCORL1	c4
0.0125215137549759	0.333541006814481	0.056	0.048	1	LIMD1	c4
0.00012255070302257	-0.332949209413404	0.064	0.08	1	AC008555.5	c4
0.00232903867111271	-0.332558776574595	0.045	0.056	1	ZNF48	c4
0.000316902779262612	0.332448602942343	0.031	0.022	1	ZNF485	c4
0.099583095258084	-0.332211049319365	0.01	0.013	1	NAPSA	c4
0.000134251158904381	0.332115725601562	0.057	0.045	1	ZMYM3	c4
0.0167864896141562	0.331633234231514	0.019	0.015	1	AC097534.2	c4
0.15414612202108	0.331568824932338	0.026	0.023	1	GTPBP2	c4
0.123383236881029	0.331271800153309	0.01	0.007	1	HIST2H4B	c4
0.0262660451949021	-0.331024554375068	0.047	0.054	1	CORO7	c4
0.116781362012691	-0.330800956794095	0.011	0.014	1	AC002091.2	c4
0.693055592589611	0.330326475242266	0.024	0.025	1	FANCB	c4
0.0306351349708202	0.330037068029356	0.019	0.015	1	LINC01004	c4
4.12817274613734e-05	0.330014245401971	0.064	0.05	1	C1orf109	c4
0.0940114217732294	0.329979702580371	0.027	0.023	1	CCDC134	c4
0.407317371934547	0.329880427303966	0.01	0.008	1	DPCD	c4
0.579073554243008	-0.329824308170243	0.015	0.016	1	BCL9	c4
0.0015825304905376	-0.329741397932607	0.116	0.131	1	NSUN6	c4
0.000193004853452202	0.329575185514327	0.04	0.03	1	KIAA0825	c4
0.290480808890566	-0.329012850405564	0.017	0.019	1	ZNF483	c4
0.722716268763443	0.328961433977775	0.01	0.01	1	AC025423.4	c4
0.265128423736636	0.32895675355407	0.027	0.024	1	NAIF1	c4
0.000596016214397467	0.328785146591915	0.027	0.02	1	AC010522.1	c4
0.189656966927709	-0.32862727025493	0.087	0.092	1	GADD45G	c4
0.000586538094595329	0.32851158423029	0.091	0.077	1	JMJD4	c4
0.000119578817645759	0.328353328268306	0.032	0.023	1	USP35	c4
0.000283540297366873	0.328267635394323	0.076	0.063	1	WDR60	c4
0.0025278193533148	0.327980769262219	0.115	0.103	1	PDRG1	c4
0.000128945201931709	-0.327964494422331	0.127	0.146	1	SH3BP5	c4
0.403771068933028	-0.327934735493524	0.01	0.011	1	AL035530.2	c4
0.00124572165714314	0.327570559556134	0.067	0.055	1	FASN	c4
3.03181262622255e-05	0.327377096381652	0.047	0.035	1	NBPF3	c4
0.000973322390193795	0.327325867767343	0.035	0.026	1	TMEM106A	c4
0.00200245503941252	-0.327319902918673	0.071	0.084	1	SLC25A37	c4
0.166629876530115	-0.327289151134596	0.448	0.43	1	PHLDA1	c4
0.000954508560707038	0.327052504245618	0.063	0.052	1	MAPK9	c4
0.0742804178480009	0.326892640701295	0.012	0.009	1	SIRT4	c4
0.000239359593290209	0.326815298545145	0.08	0.066	1	SSFA2	c4
4.37911769334881e-05	0.326309925231885	0.128	0.11	1	NIPSNAP3A	c4
0.000774400099447383	0.326146312318304	0.043	0.034	1	ZBTB37	c4
0.00295365376192169	-0.32605971090304	0.097	0.11	1	WDR37	c4
0.00034782460501198	0.325673854602459	0.023	0.016	1	FAM229B	c4
0.0244868214316681	0.325210043962049	0.039	0.033	1	ATAT1	c4
0.0237841286608758	-0.324959851749743	0.02	0.025	1	AP002495.2	c4
0.0189846800349422	0.324679941133724	0.016	0.012	1	TIGD6	c4
0.029588880624908	-0.324504293432043	0.045	0.052	1	MAFG	c4
0.308351784455486	0.32448806232397	0.023	0.021	1	YOD1	c4
0.0104681947720344	0.32387474053569	0.044	0.037	1	SLC16A13	c4
0.000308085556669582	0.32386534992971	0.062	0.05	1	DHX37	c4
0.0170381141877771	-0.323726613686869	0.048	0.056	1	PWP2	c4
0.222600270569619	-0.32343190769857	0.009	0.011	1	AC084018.2	c4
0.0232274968355207	0.323195679451763	0.052	0.045	1	CLPB	c4
3.27817313026563e-05	0.323014017088465	0.076	0.061	1	FAM200A	c4
0.000103827569639251	0.322872531021174	0.067	0.053	1	HEATR6	c4
0.000207697723286167	0.322784706584669	0.072	0.059	1	CETN2	c4
0.00308492862472209	0.322783023197588	0.043	0.035	1	TAF5L	c4
0.000477074400424892	0.322649092571552	0.065	0.053	1	MAPK7	c4
0.000539398657947226	0.322618986285153	0.054	0.043	1	MGAT4B	c4
0.0154588668748685	-0.322512266464508	0.042	0.05	1	EFCAB7	c4
0.504897009951827	0.322356632548772	0.011	0.01	1	AC103736.1	c4
0.0222992215024878	-0.322313681713856	0.016	0.021	1	INTS6-AS1	c4
0.00134677651716089	0.321599126958886	0.037	0.029	1	C1orf61	c4
0.165769336032142	-0.321402927275249	0.015	0.018	1	AC007114.1	c4
0.0136676336331355	0.32132022960358	0.024	0.018	1	MTMR8	c4
0.0527963616387124	-0.321028615033733	0.053	0.06	1	TMEM64	c4
0.00572516460393812	0.320797846436101	0.026	0.02	1	F12	c4
0.000962683933678231	0.320712078580702	0.065	0.054	1	NDOR1	c4
0.108000565734955	0.320595650136492	0.01	0.007	1	SAXO2	c4
0.400091401156681	-0.320458671464253	0.031	0.033	1	EMILIN2	c4
0.303283174945571	-0.320134464414629	0.01	0.011	1	AGBL2	c4
0.00149160026622238	0.3200357258653	0.077	0.065	1	SPATA20	c4
0.00396541467307687	0.31998971277112	0.026	0.019	1	EPHA4	c4
0.00162186762228683	-0.319378146006201	0.12	0.135	1	UGCG	c4
0.235380341046619	-0.31892844232801	0.013	0.015	1	SBF2-AS1	c4
0.686386315524371	-0.318898699273099	0.015	0.016	1	PLEKHG4	c4
0.23774020917072	0.318590386429941	0.011	0.009	1	AL451085.2	c4
0.000319787056239641	0.318579554369181	0.062	0.05	1	TNRC18	c4
0.00863856924585903	-0.318460014922713	0.106	0.117	1	IRF2BPL	c4
4.3211199306947e-05	-0.318279704839957	0.119	0.14	1	CDK5RAP1	c4
0.0075837730197898	0.318187655156542	0.035	0.028	1	MPZL1	c4
0.00226222033071586	0.318048351825539	0.085	0.073	1	SPHK2	c4
0.00418882383668937	0.31778919112455	0.043	0.035	1	DBT	c4
0.462150295065778	0.317682975641958	0.047	0.045	1	CEP152	c4
0.405683078384334	-0.317499584373699	0.01	0.011	1	HMGN5	c4
0.0175661598512088	0.317478664319242	0.036	0.03	1	PYCR3	c4
0.849188661180773	-0.317282072310742	0.022	0.023	1	IGSF22	c4
0.0298351996464251	0.316750653174959	0.051	0.044	1	SAMD1	c4
0.537153326068852	0.316547487195471	0.011	0.01	1	AC009309.1	c4
0.00204145974692952	0.316540676580406	0.087	0.075	1	SMUG1	c4
0.00158977699011603	-0.316289690303337	0.029	0.039	1	POLE	c4
0.0505258927943736	0.316115892396437	0.017	0.014	1	AC114271.1	c4
0.00114188042055087	0.315950499030507	0.041	0.032	1	ZNF473	c4
0.00181023576845742	-0.315874168230425	0.095	0.11	1	PAICS	c4
0.000214190900875917	0.315843625604572	0.072	0.058	1	IMPAD1	c4
0.0243229855280405	-0.31573284161889	0.055	0.063	1	TMEM187	c4
0.000150242562163207	0.315549785126001	0.042	0.031	1	ZNF584	c4
0.00453724119885783	-0.315335716312031	0.048	0.058	1	POFUT1	c4
0.0566410155310794	-0.315330802593488	0.008	0.012	1	AC093249.6	c4
0.12189424656339	0.315232086934126	0.011	0.009	1	POMT2	c4
0.000320585886549746	0.315106319856736	0.054	0.042	1	AP4E1	c4
0.263631889539079	-0.315078220710308	0.016	0.019	1	HACD1	c4
0.00128593352571748	0.314968507423216	0.067	0.055	1	LONP1	c4
4.91917777776639e-05	0.314957747951704	0.133	0.115	1	NKAPD1	c4
0.00838926377615137	0.314903581084813	0.029	0.023	1	TBC1D32	c4
0.0361497858340623	0.314082197386321	0.07	0.063	1	FDXR	c4
0.000301695873518803	0.313800423350662	0.031	0.022	1	ZNF852	c4
0.000721537363953984	0.313513793380045	0.068	0.056	1	POT1	c4
9.29782969200813e-05	0.312829494094829	0.114	0.097	1	C17orf75	c4
7.97166527364734e-05	0.312704577081206	0.042	0.031	1	ZNF589	c4
0.0188822146274798	0.31247202151946	0.074	0.066	1	WDYHV1	c4
0.00794739796871569	0.31204291052086	0.021	0.016	1	AC106739.1	c4
0.000278915671667506	0.312030863637969	0.088	0.073	1	ZNF668	c4
0.00034688853430498	0.31195738658216	0.039	0.03	1	FBXO30	c4
0.0219976642120868	-0.311948803063758	0.042	0.05	1	BRD1	c4
0.0014475419662944	0.311942630913554	0.079	0.067	1	TMEM19	c4
0.04537049634789	0.311702885795885	0.026	0.022	1	SLX4	c4
0.098460191848225	0.311634798019445	0.021	0.017	1	HARBI1	c4
0.0185838831086718	0.311210198915318	0.039	0.033	1	MTFR1	c4
0.0213315296920102	0.311194775490823	0.017	0.013	1	AC074032.1	c4
0.43884463520271	-0.310233752552478	0.051	0.053	1	RHPN1	c4
9.02851472496521e-05	-0.310229525881914	0.156	0.177	1	POLR1E	c4
0.00125373012004705	0.30989311272513	0.038	0.029	1	ZNF845	c4
0.000142138688763866	0.309576250912057	0.091	0.075	1	PROSER1	c4
0.00341767972622314	0.309401917303823	0.081	0.07	1	MYO19	c4
0.000158566257179725	0.308953168752554	0.087	0.072	1	WRNIP1	c4
0.0502764891756459	0.308941778304812	0.038	0.033	1	ZNF681	c4
0.924617959560829	0.308924111225766	0.01	0.01	1	AC092803.2	c4
0.00160165859017474	-0.308409510001846	0.068	0.081	1	TET2	c4
0.0501613205082148	0.308117439753302	0.014	0.011	1	GRASP	c4
0.000230023801696023	-0.307803333662775	0.069	0.084	1	NUP205	c4
0.290407460490106	0.307474551645977	0.026	0.023	1	HEXIM2	c4
0.000516490086685262	0.307036522834937	0.035	0.027	1	ZNF525	c4
0.00157195131191703	-0.306990397736441	0.037	0.047	1	NAPA-AS1	c4
0.0491703981804756	-0.30679643336726	0.029	0.035	1	DPY19L4	c4
3.01163073450045e-05	-0.30645906765113	0.137	0.159	1	UBIAD1	c4
4.410744428348e-05	0.306229361807167	0.1	0.083	1	PMS2	c4
0.656472536600746	-0.306099380737008	0.077	0.078	1	OSM	c4
0.00165716054608475	0.305909634462632	0.06	0.05	1	TFCP2	c4
0.00562564968166568	-0.305880676647205	0.014	0.02	1	AC104986.2	c4
0.00232583603905469	-0.305717885090235	0.064	0.076	1	GOLPH3L	c4
0.0120039875676358	-0.305320871237317	0.098	0.109	1	TMEM181	c4
0.000625116636014715	0.305234672504061	0.061	0.049	1	CCDC85C	c4
0.00767914209054355	0.304190066380426	0.054	0.046	1	KHK	c4
0.0769070439097795	0.304179019993295	0.018	0.015	1	AC007728.2	c4
0.461848771291234	-0.304072082238221	0.018	0.019	1	LINC01011	c4
0.101510331740065	0.304058446062325	0.069	0.064	1	CDK2	c4
0.000104238280978995	0.303946585768956	0.08	0.065	1	NOP14-AS1	c4
0.133096584986741	-0.3039446469868	0.008	0.01	1	AC243960.3	c4
0.250057604848555	-0.303832697140442	0.01	0.011	1	AL139011.1	c4
0.0655433202257733	0.303692841416333	0.025	0.021	1	ALG10B	c4
0.00884596192930334	0.303667521621159	0.031	0.025	1	ZNF613	c4
0.00695383967887637	0.303515110375377	0.027	0.021	1	TCEANC	c4
0.511498853575501	0.303291283975987	0.014	0.013	1	NRSN2	c4
0.00245382833417767	0.302842046467513	0.072	0.061	1	XPO5	c4
0.0125032422782907	0.302802021516101	0.067	0.058	1	ZNF689	c4
0.00328350168390225	0.302719139028584	0.035	0.027	1	AL627171.1	c4
0.165104249606475	0.302255083054344	0.017	0.014	1	AP004609.3	c4
0.000350685954050975	0.301769945624712	0.044	0.034	1	SMARCD3	c4
0.0332700667526057	0.301642733768841	0.031	0.026	1	FLVCR1	c4
0.00186478070641291	0.301611848868714	0.024	0.017	1	NCKAP5L	c4
0.00212779897238588	0.301610822650126	0.048	0.039	1	GNE	c4
5.91150198385518e-05	0.30130832040529	0.063	0.049	1	MSANTD4	c4
6.19879631117339e-05	0.30130163753896	0.077	0.062	1	LLGL1	c4
0.00152727253026868	0.301256291785697	0.056	0.046	1	APPL2	c4
0.0166050450334908	-0.300978681965689	0.029	0.036	1	AC004865.2	c4
3.4038360877418e-05	0.300893642819771	0.069	0.054	1	AC067852.2	c4
0.00129024594996055	0.300843517108797	0.082	0.07	1	SPATA33	c4
0.0164142789589462	-0.300629459054572	0.044	0.052	1	DUSP14	c4
0.0244325320017115	0.300111459511767	0.02	0.016	1	C1QTNF6	c4
3.60611020849922e-05	-0.300061811350763	0.021	0.032	1	KNTC1	c4
0.0518264695491995	0.300042277221406	0.031	0.026	1	CRAMP1	c4
0.425294483511641	0.299952718240696	0.016	0.015	1	AC023055.1	c4
0.00709977045618274	0.299748341821256	0.029	0.022	1	AC008040.5	c4
0.157612016778064	-0.299714201723732	0.057	0.062	1	MBOAT1	c4
6.73379353128722e-05	0.299647650270701	0.076	0.061	1	MAK16	c4
0.014216080151978	0.299422703832492	0.061	0.053	1	CBR4	c4
0.0736053232820335	0.299285094466954	0.043	0.038	1	POP1	c4
0.00192575112541861	-0.299128675126188	0.099	0.113	1	KDM7A	c4
0.00763138786800518	-0.298934179746101	0.123	0.136	1	KIF20B	c4
4.72328151693838e-05	-0.298864619674149	0.15	0.171	1	TOM1	c4
0.00362673698534455	0.298607346728467	0.032	0.025	1	SLC25A23	c4
0.129341051012878	0.298467614069029	0.058	0.053	1	CCDC51	c4
3.24868797553e-05	0.298382021148039	0.046	0.034	1	NKIRAS1	c4
0.000253827255499234	0.298250502128214	0.129	0.113	1	TIGAR	c4
0.00871757524157531	0.2982144918886	0.061	0.052	1	STRADB	c4
0.00893757164023004	-0.298152087480928	0.049	0.058	1	TCF20	c4
0.34724494514108	0.297995354357965	0.018	0.017	1	AL080276.2	c4
0.000107324872797061	0.297768060789366	0.121	0.102	1	NAF1	c4
0.631162290925527	-0.297704727571515	0.025	0.026	1	GKAP1	c4
0.000372911168059137	-0.297676298414791	0.056	0.07	1	ASAP1	c4
0.000520264932275413	0.297499427133615	0.077	0.064	1	HS1BP3	c4
0.589685923477926	-0.297222959725403	0.013	0.014	1	AC004854.2	c4
0.00071962091650687	0.297150358191456	0.052	0.041	1	RAB40C	c4
0.147705722922127	-0.296909926953271	0.082	0.087	1	TTTY15	c4
0.0182490240176783	0.296784509525585	0.043	0.036	1	SCRIB	c4
0.000299685111985596	0.296767291811434	0.048	0.037	1	IQCG	c4
0.185643997057665	0.296708573133662	0.046	0.043	1	AC009403.1	c4
0.000182670834345263	0.296461723513638	0.072	0.058	1	ZADH2	c4
0.00610979074537765	0.296437140032453	0.026	0.02	1	ZNF782	c4
0.000628289345065987	0.296255708907681	0.026	0.018	1	CCNYL1	c4
0.325618224244763	-0.295818835126883	0.038	0.041	1	ZNF814	c4
0.00208844923607021	-0.295814284023612	0.071	0.084	1	PINX1.1	c4
0.00451422145820837	0.295260938051744	0.051	0.043	1	TRIM68	c4
0.0166970089843277	0.295208278839207	0.031	0.025	1	DNAL1	c4
0.66057523827971	-0.295071330127527	0.018	0.019	1	C10orf91	c4
0.144637783844778	-0.295063329062911	0.057	0.062	1	TCP11L2	c4
6.00053084115777e-05	-0.294087992323905	0.161	0.182	1	ACYP2	c4
0.00176661190032163	0.294040208964364	0.035	0.027	1	ZNF202	c4
0.00114106997760546	0.294030718754207	0.045	0.035	1	MSANTD3	c4
0.0117301503950998	0.293870077784761	0.016	0.012	1	DISP1	c4
0.00866476774693582	-0.293750045070086	0.12	0.132	1	CA5B	c4
0.000248340740810482	0.29354635887919	0.038	0.028	1	RILP	c4
0.000750387089968151	0.293094265812591	0.062	0.05	1	ZNF562	c4
4.4373202608544e-05	0.292801551399222	0.066	0.052	1	ZNF28	c4
0.000519325856900463	-0.292572556834315	0.113	0.13	1	NAA16	c4
0.0498190011910561	-0.292435531156984	0.028	0.033	1	LINC01806	c4
0.0155354200592622	-0.292153079461722	0.171	0.179	1	ZNF862	c4
0.000167911658369953	0.29203003901778	0.088	0.073	1	C22orf34	c4
0.096892514517935	-0.291560742868167	0.018	0.022	1	FKRP	c4
0.0667991452246053	0.291289637674452	0.01	0.008	1	AC093495.1	c4
0.0128381556885604	0.291088249284533	0.049	0.041	1	ZNF197	c4
0.265491802386	0.290991476144749	0.014	0.013	1	C20orf96	c4
5.36668043150239e-05	-0.290901575034063	0.095	0.115	1	C19orf48	c4
0.0972352409945761	-0.290888700770261	0.326	0.322	1	TUBA1C	c4
0.00055362751016368	0.290716728489751	0.053	0.042	1	LIN7B	c4
9.56120937550191e-05	0.290242112857372	0.078	0.063	1	DDI2	c4
0.000520646255340369	-0.290193186217027	0.101	0.118	1	NAGPA	c4
8.87696087165839e-05	0.290011334935537	0.069	0.055	1	ZNF26	c4
0.670049380389278	-0.289954443841605	0.019	0.02	1	FMO4	c4
0.658217535491801	-0.289865887179946	0.038	0.039	1	ZNF677	c4
0.00605346490345303	0.28982556012758	0.103	0.092	1	CLN6	c4
0.0178974015962693	0.289788792564782	0.027	0.021	1	TRIM62	c4
0.058068336287909	-0.289709200102917	0.05	0.057	1	ABCD1	c4
7.97226915170526e-05	0.289556938796736	0.117	0.099	1	TAB1	c4
0.0332490702358227	-0.289453106353034	0.057	0.064	1	ZNF200	c4
0.00706397563775023	0.289216175036231	0.07	0.06	1	NSDHL	c4
0.00395329095268446	-0.289193241887156	0.018	0.025	1	GSEC	c4
0.0072259498297925	0.288963865961186	0.026	0.02	1	RASL11A	c4
6.3768184549635e-05	0.288952195761971	0.097	0.081	1	POLH	c4
0.00847114023331086	0.288745319571876	0.012	0.008	1	AC231981.1	c4
0.000823943885804121	0.288509401625848	0.031	0.023	1	PER3	c4
0.06540691619915	-0.288435881593873	0.04	0.046	1	ATXN7L3	c4
3.23180756127191e-05	0.28831807212191	0.068	0.053	1	EXD3	c4
0.183657155343827	0.288233716514518	0.032	0.029	1	ZNF213	c4
0.0866545903846376	0.28809934678563	0.024	0.02	1	ITFG2-AS1	c4
0.0037135048123498	0.287777267472839	0.083	0.072	1	RAB30	c4
0.000337096332502066	-0.287690858761882	0.08	0.096	1	DPH5	c4
3.60903355225343e-05	0.287404683541761	0.105	0.087	1	ZNF7	c4
0.0048597716100567	-0.287373317830775	0.18	0.193	1	ZNF267	c4
0.00228430755316749	0.287199068109883	0.141	0.127	1	ISOC2	c4
0.0317972424942681	0.28719136055034	0.017	0.013	1	CCDC102B	c4
0.019382598842094	-0.286911137866396	0.268	0.275	1	SOD2	c4
0.322845432497828	0.286884477472345	0.024	0.022	1	MORC4	c4
0.151543846742942	0.286672684680337	0.03	0.026	1	MFSD13A	c4
0.00604618545402051	0.286586315294263	0.03	0.023	1	AP002490.1	c4
7.48691376498263e-05	0.286537489062106	0.08	0.065	1	DGKH	c4
4.70359759179164e-05	0.286462502209758	0.081	0.066	1	PINK1	c4
7.29669806207411e-05	-0.286082095317631	0.186	0.208	1	FAM111A	c4
3.30916191247058e-05	0.285922370658678	0.082	0.066	1	RBM12B	c4
9.16518321329418e-05	0.285898978690529	0.082	0.067	1	GALNS	c4
0.00362674744238579	0.285883077963142	0.05	0.041	1	CCZ1B	c4
0.0336047138315999	0.285575502407132	0.021	0.016	1	ZNF829	c4
0.00407050584743585	0.28501229695252	0.039	0.031	1	BPHL	c4
0.158796586415668	-0.284921387546101	0.045	0.049	1	CMPK2	c4
0.00641608056113644	0.284614413261794	0.015	0.011	1	GVQW3	c4
0.00132494584128955	-0.284404709702277	0.042	0.053	1	TAF5	c4
0.00019502797938139	0.283941469993263	0.098	0.082	1	PAXBP1	c4
0.0057789311937485	-0.283906952733435	0.037	0.045	1	HIST1H2BC	c4
0.0195342594353604	-0.283887310659888	0.054	0.062	1	RIOX2	c4
0.306366393582846	0.283398773142201	0.013	0.011	1	AL132780.1	c4
0.380670151620921	-0.283316011621769	0.018	0.02	1	HDAC11	c4
6.75533618591289e-05	0.282762160218148	0.097	0.08	1	NHLRC2	c4
0.00151350953167612	0.282678761384143	0.056	0.046	1	DAG1	c4
0.000172014354583562	-0.282622183479251	0.051	0.066	1	EEF1AKMT1	c4
0.0121648015794566	-0.282347130179694	0.079	0.089	1	TTN-AS1	c4
0.0645973309560276	0.282228292504166	0.044	0.039	1	PRKACA	c4
0.00211988075395723	0.282105824589236	0.06	0.049	1	ZSCAN32	c4
0.135399386601146	0.282048082706107	0.014	0.011	1	MAMLD1	c4
0.00107914942933727	0.281950258017003	0.053	0.043	1	TGFBRAP1	c4
0.0539658216197018	-0.28193243227409	0.074	0.081	1	ZNF397	c4
0.000351867414293234	0.281900689703779	0.051	0.04	1	ZNF678	c4
0.279765313041821	-0.281737968774419	0.016	0.018	1	TRIM46	c4
0.0117880926771827	-0.281724815604003	0.03	0.038	1	KDM4A	c4
7.74948578178043e-05	0.28161860732	0.099	0.083	1	MIEF1	c4
0.000399474027696275	0.281398513135925	0.094	0.079	1	METTL6	c4
3.41876472552742e-05	-0.281357641284887	0.166	0.189	1	PIP4P1	c4
0.00116068893150255	0.281290505381401	0.088	0.075	1	APAF1	c4
0.555407766249413	0.280943006906741	0.019	0.018	1	STARD5	c4
0.0243050525209614	-0.280941736179995	0.042	0.049	1	SLC11A2	c4
0.502949531114551	0.280939085394189	0.015	0.014	1	RPGRIP1L	c4
0.973889436638609	-0.280928578637853	0.24	0.228	1	SESN1	c4
0.00194037279639897	0.280680712723352	0.06	0.049	1	ST3GAL3	c4
0.00195235835141126	-0.28047648366889	0.036	0.046	1	TTC24	c4
0.000309817506904612	-0.280457112104533	0.053	0.067	1	DHRS4L2	c4
0.000118828198807159	0.28018268912642	0.077	0.062	1	TRMT61A	c4
0.502084503556606	-0.280093585044902	0.027	0.025	1	RIMKLB	c4
0.00136804855253155	0.279979299687861	0.04	0.032	1	PACS2	c4
0.000517884512960192	-0.279814191479952	0.183	0.203	1	MT1F	c4
0.038677464831457	0.279606200528419	0.048	0.042	1	PTDSS2	c4
0.050990497297606	0.279534877134937	0.039	0.034	1	ZNF684	c4
0.0195625147084098	-0.279293493445687	0.164	0.175	1	ARRDC2	c4
0.00158620674694211	0.279150878484043	0.037	0.029	1	CKMT2-AS1	c4
0.000146118840698767	0.279112872182439	0.054	0.042	1	CBY1	c4
0.0560606698697498	0.278975963258614	0.021	0.018	1	F8A1	c4
0.0159960926846167	0.278834844831987	0.013	0.01	1	AC021092.1	c4
0.001226825455213	-0.278805227200203	0.1	0.115	1	CEP135	c4
0.045309230884826	0.278702533045936	0.016	0.013	1	SLC29A2	c4
0.0137465425303367	-0.278432707902296	0.077	0.088	1	FCHSD2	c4
0.000256230249143934	-0.278311656633585	0.061	0.076	1	SRGAP2C	c4
0.00039199144068949	0.278281756457355	0.096	0.081	1	SLC25A44	c4
0.00157999560359971	0.278242589264587	0.032	0.024	1	ACAD11	c4
0.000528965109595126	-0.278150373668576	0.081	0.097	1	GRAMD1B	c4
0.00113759297370967	-0.277962475726572	0.062	0.075	1	ZNF346	c4
0.0435287528260401	-0.277885057758678	0.105	0.114	1	L3MBTL3	c4
0.0163249434995196	-0.277755233590457	0.025	0.031	1	MIR762HG	c4
0.0765469431025304	-0.277682452765026	0.024	0.028	1	RAD52	c4
0.0529441243103405	-0.277584475769764	0.032	0.038	1	AP4S1	c4
0.0129101562381664	0.27751600752248	0.055	0.047	1	ZNF691	c4
0.0459271698188649	-0.277393110488399	0.074	0.082	1	RFNG	c4
0.000636473424722686	0.277265169537615	0.082	0.069	1	FAM98B	c4
0.00360700535624866	0.277256544964279	0.107	0.094	1	RABEP2	c4
0.1660809912293	0.277202413872025	0.021	0.018	1	AC009126.1	c4
0.000696091049166163	0.277191933440287	0.054	0.043	1	RAB11FIP2	c4
0.0556284287390973	0.277128678346576	0.054	0.048	1	UBXN8	c4
0.0211927390651169	-0.276814225126218	0.098	0.108	1	PAQR8	c4
0.000248688281732894	0.27676026979785	0.107	0.092	1	SOCS4	c4
0.00165313645521778	0.276721151823105	0.022	0.015	1	ZBTB42	c4
0.0302787881028173	0.27612525224641	0.038	0.033	1	IFT46	c4
0.0156841461097671	0.276071358942382	0.02	0.015	1	ZNF225	c4
0.0649446199396512	0.27594847737257	0.03	0.026	1	TAF4	c4
0.00256156646062025	0.275766047909423	0.077	0.066	1	TMEM120B	c4
0.0416010336090805	0.275604633099386	0.058	0.051	1	ARPC4-TTLL3	c4
0.123624006884628	-0.275474063179362	0.009	0.011	1	ERP27	c4
0.00210891557341064	0.275185084567378	0.032	0.024	1	SV2A	c4
3.08016115064632e-05	-0.274973305262584	0.153	0.178	1	HIST1H1C	c4
0.179595538807002	0.274747031621161	0.019	0.016	1	FANCE	c4
0.133925999874331	-0.274638617254628	0.049	0.054	1	PPP1R3F	c4
0.00214038094009284	0.274433062619346	0.067	0.056	1	ZNF740	c4
0.671125579057926	0.274414479558655	0.01	0.01	1	ADAM9	c4
0.000518689577471426	0.273973395085559	0.114	0.099	1	BARD1	c4
0.000500274338184528	0.273679511104906	0.043	0.033	1	ZNF419	c4
0.0109178143803485	0.273537990985866	0.04	0.033	1	SDCBP2-AS1	c4
0.0458328577488074	-0.273394507748312	0.019	0.024	1	IFT122	c4
0.00158028400699811	0.273323828883523	0.021	0.015	1	NOXA1	c4
0.0350314498397108	0.273029713270455	0.027	0.022	1	AC139887.2	c4
5.7452601115865e-05	0.272836642692426	0.094	0.077	1	COG7	c4
0.00305270992498254	0.272471373564661	0.021	0.015	1	LINC02062	c4
0.0359651351790859	-0.272222564968338	0.023	0.028	1	TRMT5	c4
0.000126628401146713	0.272154731776431	0.101	0.084	1	ANKIB1	c4
3.94407711318616e-05	-0.271916186075949	0.086	0.106	1	HIST1H2BK	c4
5.39546428145175e-05	0.271906477335753	0.064	0.05	1	ICK	c4
3.99224354137369e-05	0.271798828799417	0.09	0.073	1	ALKBH5	c4
0.000919750387913779	-0.271496100194261	0.099	0.115	1	GPKOW	c4
0.000288357309751803	0.2713477467624	0.084	0.07	1	CAPN10	c4
0.095968780546607	-0.27132582705504	0.024	0.028	1	TBCEL	c4
0.00148836424025708	0.271294877017235	0.033	0.026	1	ARL10	c4
0.126569183531969	-0.271248168847349	0.066	0.072	1	CEP170	c4
9.20175706759651e-05	0.271142442659779	0.125	0.106	1	DDHD2	c4
0.00052623971405336	0.270983712931547	0.069	0.056	1	PEX10	c4
0.0271052252102308	0.270625417463576	0.016	0.013	1	MROH6	c4
0.000132199784137259	0.27062497959162	0.092	0.076	1	SYNJ1	c4
0.354429699813225	0.270530878797371	0.026	0.024	1	PALB2	c4
0.000505326631905591	-0.270530605340899	0.155	0.173	1	RPRD2	c4
0.0721804041732	0.27014244066092	0.018	0.014	1	AL118506.1	c4
0.0561545014176565	0.270001474972707	0.015	0.012	1	AL158152.1	c4
0.000654653924760056	0.269761348609	0.11	0.095	1	APOBEC3F	c4
0.0412954646788646	-0.269577418136559	0.053	0.06	1	WDR53	c4
0.0871650420933628	0.269536024482468	0.042	0.037	1	IQCE	c4
0.000876554306087032	0.269517764069915	0.066	0.054	1	THAP9-AS1	c4
0.000385393439565522	0.268834874582809	0.112	0.096	1	ESS2	c4
0.0020955081155103	0.26863669093711	0.033	0.026	1	CEP70	c4
0.0669472374197393	0.268498932985854	0.03	0.026	1	DOLK	c4
0.0108511018268271	0.268447347990509	0.034	0.028	1	ZNF761	c4
0.00248068325598386	0.268368791782841	0.042	0.034	1	ZNF519	c4
0.147798673980926	-0.268129544074855	0.125	0.13	1	HOOK2	c4
0.000283579728166167	0.268028258091814	0.093	0.077	1	AAMDC	c4
7.77670838183576e-05	-0.267768395741573	0.199	0.222	1	XAF1	c4
0.00098058870947003	0.267674783408208	0.071	0.059	1	HPSE	c4
4.48608603193283e-05	0.267589095534747	0.072	0.057	1	LIPT1	c4
0.0378055360768413	0.26730503719508	0.02	0.016	1	KCTD21	c4
0.00370528029510007	0.267198239915331	0.15	0.137	1	DPM1	c4
0.0770524346544481	0.267160122662579	0.062	0.056	1	XRCC4	c4
0.0140082858801706	0.266864595850683	0.065	0.057	1	SPATS2	c4
0.175117707793256	-0.26667169865633	0.027	0.031	1	FAN1	c4
9.00025426687977e-05	0.266657336118954	0.092	0.076	1	RFX1	c4
0.00145618850387914	0.266372084669555	0.081	0.069	1	NSUN4	c4
0.00935887195142075	0.266360640267392	0.017	0.012	1	AC104184.1	c4
0.000202389395880577	0.266295364007059	0.094	0.079	1	TEFM	c4
0.269881402309018	0.2662309541749	0.046	0.043	1	TOMM40L	c4
0.0152980820343207	0.266220920766342	0.069	0.06	1	MTRF1	c4
6.27444765903588e-05	-0.265947652248395	0.301	0.319	1	NFKB1	c4
0.001173654939625	-0.265784152902	0.091	0.106	1	U2AF1L5	c4
0.0243573381174551	-0.265756878188206	0.128	0.139	1	PHACTR2	c4
0.00123102421994954	-0.265683514573348	0.069	0.083	1	RNF141	c4
0.00183313327567579	-0.265460691407433	0.164	0.18	1	NBPF26	c4
3.19209803214423e-05	0.265362641383571	0.117	0.098	1	TSR1	c4
0.00524087551327263	0.265008558727947	0.041	0.034	1	ZNF354B	c4
0.562432973917438	0.264845934385406	0.018	0.019	1	CCDC15	c4
0.00187890593948986	0.264845628760116	0.059	0.048	1	AC073896.2	c4
0.000988318605619401	-0.264829866048011	0.111	0.128	1	ZBTB44	c4
0.556319356756266	-0.264776181113571	0.014	0.015	1	DVL1	c4
0.0015869983090268	-0.264740083811299	0.125	0.141	1	TRMO	c4
0.0245483479735921	-0.264708980731237	0.091	0.101	1	SNX19	c4
0.0873043877910518	0.264678675799395	0.012	0.01	1	LINC00663	c4
6.69429008866205e-05	0.264450841215535	0.127	0.108	1	MRM3	c4
0.000678841217432651	0.264373494126089	0.023	0.016	1	PTCH1	c4
8.09998434203155e-05	0.263918333999361	0.038	0.028	1	NDRG2	c4
0.0694862435115376	0.263862009236694	0.02	0.016	1	ATP1A3	c4
0.0312074596422545	-0.263791856803961	0.014	0.018	1	IFNLR1	c4
6.44304784130554e-05	0.26353329090741	0.122	0.103	1	B9D2	c4
0.000136928562897132	-0.263418803512029	0.12	0.14	1	PITPNA-AS1	c4
0.0156578590542388	0.263316347349162	0.04	0.034	1	PLPP6	c4
0.000454103406711539	0.263299439318018	0.087	0.073	1	TNFAIP8L1	c4
0.000649726672654204	0.263281595202048	0.064	0.052	1	SLC35F6	c4
0.000352801610599864	0.263219310048368	0.078	0.065	1	POLG2	c4
0.00460300366024117	0.263202352970134	0.062	0.052	1	IRF5	c4
0.0128589599252612	0.263177944773329	0.02	0.015	1	DMPK	c4
0.0073533610098685	-0.263062487118776	0.12	0.133	1	TNRC6A	c4
6.5657178615416e-05	0.263041120149051	0.089	0.073	1	NAXD	c4
0.00142527287857179	-0.263036315304146	0.058	0.07	1	TADA2A	c4
0.000324683413857414	0.26301229416043	0.069	0.056	1	SZT2	c4
0.000676545186183381	0.262877184606998	0.067	0.055	1	GBA2	c4
0.53510860893106	0.262663244482909	0.02	0.019	1	UBAC2-AS1	c4
0.0182755692104646	0.262542947300897	0.064	0.056	1	PRMT6	c4
0.000228523530836993	0.262300940106961	0.074	0.06	1	ZNF317	c4
0.584679638535167	-0.262207250537306	0.012	0.013	1	AC078785.1	c4
3.05179214769859e-05	0.261785952602036	0.175	0.154	1	MEMO1	c4
0.33663443102202	-0.261715022024579	0.082	0.085	1	TMEM200A	c4
0.00330589210193077	-0.261225787739988	0.163	0.178	1	TXNDC11	c4
0.00071337915175746	0.261147356126903	0.056	0.045	1	ZBTB33	c4
0.386175734364303	-0.260889490256365	0.033	0.036	1	RAB40B	c4
0.109512646802043	0.260854372069899	0.013	0.01	1	AL135999.1	c4
0.0025770106556679	-0.26082660024699	0.217	0.231	1	SLC20A1	c4
0.000323496740084968	0.26067885649629	0.052	0.041	1	POMGNT2	c4
0.000635287807810063	0.260676527193387	0.093	0.079	1	RFXAP	c4
0.0074314025303689	0.260430051864133	0.053	0.045	1	ADNP2	c4
0.0169403190060995	-0.260385074732112	0.064	0.074	1	SUFU	c4
0.000112712079016644	0.260380827508223	0.07	0.056	1	ZCCHC2	c4
0.00763916307450492	0.260369721710472	0.045	0.037	1	PIGA	c4
0.166974238901219	-0.260343727173089	0.132	0.136	1	NR1D2	c4
0.0990476279701422	0.26005341224521	0.037	0.033	1	SNAPC4	c4
3.37559501958996e-05	-0.260019909438894	0.324	0.343	1	ATP2B4	c4
0.0461326960964772	0.259999304174014	0.04	0.034	1	MRM1	c4
0.00025481830956163	0.259969760684777	0.074	0.06	1	ACTR5	c4
0.108546441803526	-0.259686096506709	0.013	0.016	1	SEC31B	c4
0.49629968431443	-0.259617556621444	0.014	0.015	1	PODXL2	c4
0.00701240880263077	0.259123472846969	0.034	0.027	1	PLEKHM3	c4
0.038136795482561	0.259080397096115	0.027	0.022	1	OTUD3	c4
0.0245002890143321	0.258809355380724	0.018	0.014	1	ZNF449	c4
0.115011150425091	0.258539673762961	0.024	0.021	1	CAMSAP1	c4
0.0373895175254029	0.258534166824273	0.035	0.029	1	ZNF599	c4
0.00231248685213943	0.258457055899673	0.105	0.092	1	WDR83	c4
0.00219973186614885	-0.258437741858439	0.224	0.24	1	GABPB1-AS1	c4
0.0014483318455002	0.258416283736296	0.118	0.104	1	HMGCL	c4
0.0032537611608018	0.258280290174431	0.09	0.078	1	CDADC1	c4
0.000231427528922077	0.25775044034943	0.093	0.078	1	PRMT3	c4
0.0163740785781854	0.257583978954512	0.01	0.007	1	NPIPB3	c4
5.58067737154298e-05	0.257439174770082	0.126	0.107	1	PIAS4	c4
0.0139412513018061	0.257391681320202	0.025	0.019	1	SERAC1	c4
0.000535673445356568	-0.257384692917371	0.043	0.055	1	CHAF1A	c4
0.0612721261396156	0.257340127437557	0.048	0.042	1	MIR3142HG	c4
0.715805017177032	-0.257221220002926	0.038	0.039	1	ATP6V1E2	c4
0.0115696196677248	0.257190983498136	0.05	0.042	1	HEATR3	c4
0.116531157466506	-0.256745543584124	0.043	0.048	1	CASD1	c4
0.017187668354523	0.256739521243939	0.12	0.11	1	EXOSC4	c4
0.0406709941390667	0.256720440744004	0.023	0.019	1	SOCS7	c4
0.0906338208996047	-0.256642726044978	0.043	0.049	1	CLOCK	c4
0.200809040622747	0.256204266750885	0.015	0.013	1	EVI5L	c4
0.0578331510349868	0.256188330473717	0.042	0.036	1	NUDT19	c4
0.0203939224715944	-0.256187686354545	0.018	0.024	1	SLC35G1	c4
0.00784741139405203	0.256074226044706	0.062	0.053	1	DNAAF5	c4
0.0522723263938263	-0.255859464812814	0.081	0.089	1	WDR89	c4
0.00188857945857076	0.255784295127548	0.047	0.037	1	KBTBD7	c4
0.029544822594955	0.25525830351845	0.042	0.035	1	C12orf66	c4
0.135723399815198	0.255238477521166	0.073	0.068	1	UBL7-AS1	c4
0.00165528866107487	0.255076709106782	0.04	0.032	1	ZNF251	c4
0.267427678292715	0.254838904464365	0.014	0.012	1	FRS3	c4
0.000143571349940731	0.25478770907347	0.086	0.071	1	DNASE1	c4
4.77061385585929e-05	0.25473565440263	0.1	0.082	1	GCC1	c4
6.78410963838418e-05	0.254577517308065	0.112	0.094	1	TTC4	c4
0.000724891177922504	0.254044112512329	0.073	0.06	1	PPP1R12C	c4
0.0183939711574736	-0.254018718598101	0.067	0.076	1	DHRS12	c4
0.132573853004623	0.253826023550991	0.047	0.043	1	FAM111A-DT	c4
4.30155959420297e-05	0.25370702197598	0.089	0.072	1	ABCC10	c4
0.0177966320932873	-0.253672346135163	0.129	0.14	1	ANKH	c4
0.226011178036666	-0.253644646990141	0.059	0.063	1	AMN1	c4
0.0490830990900988	-0.253641470002102	0.059	0.066	1	MTMR4	c4
0.000769338490709886	0.253521965858122	0.088	0.074	1	MED12	c4
0.386919553705185	0.253506887840334	0.012	0.01	1	LINC01771	c4
0.126331546018637	-0.253446751259934	0.009	0.011	1	AC011632.1	c4
0.0387330580473621	0.253310007694912	0.034	0.029	1	SLC36A1	c4
0.0143389184739641	0.253229363818007	0.046	0.039	1	CCDC146	c4
4.38122575824715e-05	0.253128675071109	0.092	0.075	1	SLC38A9	c4
0.00202876434086522	0.253021700961829	0.094	0.081	1	RAB39B	c4
0.00661792857689536	-0.253001106357766	0.051	0.061	1	GM2A	c4
0.126422410453208	-0.252969270779286	0.061	0.067	1	PTBP2	c4
0.000123145101857601	0.25285133780864	0.128	0.11	1	RBM28	c4
0.00979520591592708	0.252754713116995	0.079	0.069	1	ZNF749	c4
0.00855501435793462	0.252589858644586	0.044	0.036	1	RECQL5	c4
0.000200321323201119	0.252399670256402	0.158	0.14	1	ERAL1	c4
0.0663087053512448	0.252338829217597	0.056	0.05	1	TCF3	c4
0.00592499226811267	0.252296079915602	0.038	0.031	1	AC021188.1	c4
0.000105428812687691	0.25212407284341	0.11	0.093	1	ZNF639	c4
0.00379913045041274	-0.251929953223978	0.036	0.045	1	AL137003.1	c4
0.000757036991502276	0.251839343890681	0.104	0.089	1	JMJD8	c4
0.000375453710407127	0.251617669618668	0.081	0.067	1	DHRS4-AS1	c4
0.0595847925298112	-0.251558034658481	0.073	0.08	1	KAT2B	c4
0.26772228515342	0.251498235364433	0.04	0.037	1	SNHG19	c4
0.032922739170676	0.251160911210862	0.048	0.042	1	ZCCHC4	c4
0.00243173412520449	0.251153440955476	0.085	0.073	1	CDC34	c4
0.294168540815297	-0.250903039325658	0.043	0.046	1	LYRM9	c4
0.119894773362787	0.250603836272366	0.037	0.033	1	ZBTB11-AS1	c4
0.291809687170446	-0.250330379095583	0.018	0.021	1	AC022098.1	c4
0.00226800998950921	0.250303433155148	0.105	0.092	1	THUMPD2	c4
0.0138261945181883	0.250185319109474	0.038	0.031	1	CCDC88A	c4
0.000247546307465438	-0.250138546815846	0.125	0.144	1	SNUPN	c4
0.332674357836092	-0.250013702423672	0.514	0.494	1	NEAT1	c4
0.0273659294385731	0.249810124623647	0.043	0.037	1	PQLC2	c4
0.00209108960086476	0.249593567844718	0.086	0.074	1	ALKBH4	c4
0.000138278337024552	-0.249585033567693	0.136	0.157	1	PAPSS1	c4
0.00278766504023892	-0.249570420633992	0.078	0.091	1	RANBP9	c4
0.0085169721755497	0.249502894045453	0.051	0.043	1	FAM193B	c4
0.00312952496148989	0.249116505645189	0.081	0.069	1	SPICE1	c4
0.653545416451678	-0.249092397760128	0.073	0.074	1	WWC3	c4
0.000221912431948281	0.249000464125774	0.108	0.092	1	INTS3	c4
0.0899213550241095	0.248973847749848	0.032	0.028	1	AC005261.1	c4
0.000263729947332839	-0.248894475387894	0.27	0.288	1	SMS	c4
0.0148400868343676	-0.248619349187111	0.079	0.089	1	CCDC84	c4
0.000109509884622134	0.24858488722975	0.148	0.128	1	APTX	c4
0.918036697453444	0.248402182366597	0.019	0.019	1	SPINDOC	c4
0.000776845612929087	-0.248294039175505	0.045	0.057	1	RHBDD3	c4
0.000902548911390816	0.248273222721383	0.068	0.056	1	ZER1	c4
0.00532326021565298	-0.248232802966564	0.505	0.506	1	PIM2	c4
0.00120644421374271	0.248178404990945	0.051	0.041	1	ARSK	c4
0.00284011792185537	-0.2481380115194	0.018	0.026	1	PMF1-BGLAP	c4
0.000154936348668944	0.248137417477822	0.112	0.095	1	CDC23	c4
0.00184594534450413	0.248101881514688	0.042	0.033	1	ZNF256	c4
0.00993978067876317	-0.247909637202916	0.138	0.151	1	TMEM154	c4
0.000269436182924117	0.247840381412201	0.127	0.11	1	SMIM4	c4
0.0552503298040475	-0.247756602499859	0.114	0.122	1	LRRC8D	c4
7.17620504109795e-05	0.247752445152007	0.051	0.039	1	ZNF550	c4
0.689784224623502	-0.247747341141224	0.511	0.485	1	TNFRSF1B	c4
7.42685384038764e-05	0.247605054454821	0.096	0.08	1	SCYL3	c4
0.461349026654141	-0.247604247823599	0.028	0.03	1	PKP4	c4
0.0287821564013225	0.247376094177075	0.036	0.03	1	PLXNA3	c4
3.88682104409898e-05	0.247110742962845	0.095	0.078	1	ZNF227	c4
0.0763906171479122	0.246999541445076	0.052	0.046	1	VARS2	c4
0.00596175045856528	0.246878649273648	0.038	0.03	1	MLLT1	c4
3.19974801619933e-05	0.246842153778689	0.137	0.117	1	ATF7	c4
0.000363862304106379	-0.246788712556498	0.176	0.197	1	NUP62	c4
0.0107089983001678	-0.246775884757179	0.034	0.042	1	KLHL5	c4
0.0313708973734952	-0.246420942641617	0.034	0.04	1	ACTR3C	c4
0.00548460796985779	-0.246321412305636	0.081	0.093	1	AC004922.1	c4
0.0125339082966748	-0.246124285502421	0.111	0.122	1	HECA	c4
0.0001782801884552	0.246090402001301	0.143	0.124	1	SYVN1	c4
0.000268627332496161	0.245905280894783	0.126	0.109	1	DDX19A	c4
0.0125733808176109	0.245886536506989	0.037	0.03	1	UBN2	c4
0.000463039176290076	0.245840669717976	0.11	0.094	1	FBXO38	c4
0.000375796160273654	0.245833635382291	0.049	0.039	1	SEMA4B	c4
0.270074369849077	-0.245785148943698	0.081	0.085	1	INTS6L	c4
0.0119792150618945	0.245765469479272	0.065	0.056	1	EEF2K	c4
3.34329186698841e-05	-0.245754447199304	0.131	0.154	1	AHCY	c4
0.0525949727156493	0.245682830380956	0.03	0.025	1	FAM86C1	c4
0.0186273528686038	0.24546873889962	0.054	0.047	1	PM20D2	c4
0.224576477729322	0.24538883741037	0.022	0.019	1	ADPRH	c4
0.109738954815984	0.245166372258571	0.018	0.015	1	GDPGP1	c4
4.95421788249059e-05	0.24494862925708	0.146	0.125	1	RRP8	c4
0.000239548070450271	-0.244943045364224	0.014	0.023	1	AL031777.3	c4
0.490636573396779	-0.244927143591903	0.01	0.011	1	TBCE.1	c4
0.000178567565173827	-0.244844746321855	0.29	0.307	1	PLSCR3	c4
0.000522480562110932	0.244726713979157	0.16	0.143	1	DHRSX	c4
0.499456605460467	0.244646068630995	0.019	0.017	1	SLC43A2	c4
0.0283769198035587	-0.244618293178984	0.101	0.111	1	SBNO2	c4
0.000858229284840222	-0.244609679376147	0.033	0.044	1	BUB1	c4
0.0142497935637176	-0.244396071192858	0.089	0.1	1	SNX13	c4
0.639509836631165	0.244390766625266	0.01	0.009	1	TTC26	c4
0.759906209237667	-0.244246318426293	0.013	0.012	1	ZNF175	c4
0.0330323653449561	0.243978797117814	0.1	0.092	1	LETM1	c4
0.00867090005832387	0.243955062380441	0.064	0.055	1	ABHD11	c4
0.00313815945798995	-0.243902462228522	0.091	0.105	1	ZNF444	c4
0.0120659287568712	0.243853675811359	0.073	0.064	1	SETD4	c4
0.0182720417010353	0.243595145095587	0.058	0.05	1	TAOK2	c4
0.0119652257153352	-0.243532609678514	0.028	0.035	1	AC137767.1	c4
0.100454025855569	0.24348233731066	0.062	0.056	1	ELAC1	c4
0.000230555973918197	0.243476773675304	0.119	0.102	1	WDR11	c4
0.00180800269383085	0.243473921670683	0.035	0.027	1	NEU3	c4
0.0921711483027974	-0.243404753855081	0.013	0.016	1	AC016831.5	c4
0.0421433306197413	0.243316077247571	0.059	0.052	1	C14orf93	c4
0.00664440351602822	-0.243067234968434	0.121	0.134	1	TLNRD1	c4
0.00867343570866313	0.242971989595222	0.115	0.104	1	SLC25A40	c4
5.11693302425532e-05	-0.242921621795432	0.132	0.155	1	NUBP1	c4
0.0148373754196163	-0.242712104719511	0.014	0.019	1	AC004556.1	c4
0.0649121655020841	-0.242245586490202	0.03	0.035	1	HYLS1	c4
0.165359397201152	0.242200735248047	0.049	0.044	1	NCKIPSD	c4
0.0669945347920011	0.242024172711491	0.04	0.035	1	AC060780.1	c4
6.58300504129607e-05	0.241981961143003	0.133	0.113	1	GPAT4	c4
0.0161693294358046	0.241827553788188	0.048	0.041	1	AC007216.4	c4
0.000121879201261319	-0.241797120136698	0.235	0.256	1	TBC1D1	c4
0.0222190822799273	-0.241712510237273	0.03	0.036	1	METTL1	c4
0.0550432018365659	-0.241702104190783	0.012	0.016	1	C5orf17	c4
0.500969580078368	0.241679662553163	0.064	0.062	1	HMBS	c4
0.362640301363087	0.241618611001841	0.016	0.014	1	AC091982.3	c4
0.225173392282748	0.241518569985103	0.032	0.029	1	ZSCAN29	c4
0.000718136950132267	0.241400054000515	0.108	0.093	1	NOL10	c4
0.00382045755656017	-0.241391480173296	0.069	0.081	1	UBAP2	c4
0.00522683868031856	-0.24128036916132	0.11	0.123	1	MAP3K1	c4
0.00188530476200272	0.241236268329103	0.049	0.04	1	ZBTB6	c4
0.406116275981864	0.241200439383963	0.023	0.021	1	NPHP4	c4
0.826433961186318	-0.240873084142375	0.021	0.022	1	AL138963.3	c4
0.352507707422861	-0.240778203492712	0.009	0.011	1	CDKL3	c4
0.00194502161679362	0.240674294104798	0.109	0.095	1	METTL2A	c4
0.000155998872988014	0.240652979054275	0.15	0.13	1	SPIDR	c4
0.000246838442558254	-0.240622477876967	0.107	0.126	1	PRKAR1B	c4
0.0140538368087533	0.240546181061478	0.087	0.077	1	PIGO	c4
0.000142197136254119	0.240124885060667	0.142	0.123	1	C12orf49	c4
0.0486670980329981	0.240102978384197	0.025	0.021	1	ANKS1A	c4
0.00752783263330489	0.240051396868707	0.089	0.078	1	SCLY	c4
3.91322276306836e-05	-0.239770010941566	0.372	0.389	1	VMP1	c4
0.00405242356909895	-0.239758354114477	0.085	0.098	1	MTRR	c4
0.638922513683365	0.239713437804677	0.01	0.011	1	C18orf54	c4
0.00237900466241946	0.239536894180189	0.129	0.115	1	C16orf91	c4
0.00957863310261418	-0.239474277884435	0.107	0.119	1	LIG1	c4
0.000543215622044221	0.239443156826075	0.149	0.132	1	PGP	c4
0.0450428990704416	0.239314905003893	0.081	0.073	1	COQ2	c4
0.532449979527139	-0.239286240034577	0.026	0.028	1	NPIPA1	c4
0.0536213327035092	0.239223309291564	0.062	0.055	1	CAPN15	c4
0.208752885570201	0.238699312732316	0.061	0.057	1	GSK3A	c4
0.0060359148588421	0.238666321121878	0.08	0.069	1	MINDY3	c4
0.106492527956161	0.238569267855675	0.016	0.014	1	NEURL4	c4
0.0122572952191752	-0.238427578299874	0.115	0.128	1	ZNF281	c4
6.57723100747193e-05	0.238391989787786	0.086	0.07	1	BCDIN3D	c4
0.366628110653117	0.238328933152117	0.012	0.01	1	ITPKC	c4
0.00264539559417911	0.238315195871529	0.14	0.125	1	MDP1	c4
4.91004684487275e-05	0.238250512538681	0.113	0.095	1	PARP16	c4
0.0162527518748697	0.237922910385022	0.055	0.047	1	GANC	c4
0.0172636167326156	0.237842395405004	0.01	0.007	1	ZNF70	c4
0.000277982846832315	0.237826657357449	0.037	0.028	1	HAR1A	c4
0.000106618951780774	0.237667575157995	0.123	0.105	1	LRRC14	c4
0.000122753811472013	0.237657650058108	0.086	0.07	1	SIK2	c4
0.201827129548433	0.237617229307378	0.012	0.01	1	AC087500.1	c4
0.00473012881787405	0.237600119901746	0.095	0.083	1	ERCC4	c4
0.0114923103939726	0.237574752576473	0.033	0.027	1	JMJD7	c4
0.000230488009368829	0.237324574233824	0.147	0.128	1	MAP3K7	c4
0.000135708524712408	0.23728773523799	0.146	0.127	1	PARD6A	c4
0.945357449887719	-0.237074581285007	0.02	0.02	1	SYNJ2BP	c4
0.00193027307818217	-0.23688518444597	0.142	0.159	1	NSF	c4
0.0601961067431907	0.236773650629429	0.053	0.047	1	ARHGEF18	c4
9.58324672778294e-05	-0.236700950091649	0.188	0.212	1	NFKBIB	c4
0.000109082743991929	0.236489069697562	0.104	0.087	1	NFE2L1	c4
0.369634847031796	0.236243269549762	0.01	0.009	1	PSMA8	c4
0.287411826049963	0.236192550681585	0.013	0.011	1	AC123768.3	c4
0.0197240827416998	-0.236143437244702	0.089	0.099	1	PLA2G12A	c4
0.0557364021924691	0.236098794373491	0.06	0.054	1	PXN-AS1	c4
9.07918636505371e-05	0.236037032282187	0.098	0.081	1	AC127521.1	c4
0.00528399455130798	0.235842939173375	0.069	0.059	1	BCS1L	c4
0.000158770215244757	0.235839642717003	0.139	0.12	1	MKRN2	c4
0.0277316552772974	-0.235796920401446	0.088	0.098	1	BISPR	c4
0.221460445699482	0.235748596970077	0.011	0.009	1	AL033527.5	c4
0.0230368451834293	0.235598765256634	0.051	0.044	1	PPM1F	c4
4.02180824396032e-05	-0.235473235413259	0.201	0.226	1	AP1S2	c4
0.000371007688834348	0.23545954084612	0.104	0.088	1	GPATCH3	c4
0.000212618171739386	-0.235334711177522	0.534	0.518	1	ANXA5	c4
0.104799813472673	0.235319419807055	0.034	0.03	1	PEAK1	c4
0.34881533081172	-0.235166432394165	0.021	0.023	1	AL021453.1	c4
0.198835381681549	0.23489322841571	0.023	0.02	1	AL009179.1	c4
0.0153602132877199	0.234773666671491	0.049	0.042	1	ADAP1	c4
0.000416351492955131	0.234763438680295	0.169	0.151	1	POP7	c4
0.000480357686553168	-0.234473846150457	0.239	0.256	1	CARD8	c4
0.000897985430664622	0.234459676573709	0.138	0.121	1	TMEM214	c4
0.0266576487142673	0.234441415831816	0.018	0.014	1	DDX43	c4
0.000221043139030245	0.234401269215109	0.063	0.05	1	OXSM	c4
0.0534914785128734	0.23424209189734	0.014	0.011	1	ZFP41	c4
0.0466064680276764	0.234149687569894	0.06	0.053	1	MON1A	c4
0.0685203823334099	-0.23413212779491	0.12	0.127	1	ITPR1	c4
0.00451617201378196	-0.233871332548415	0.267	0.28	1	PCSK7	c4
0.00605848227417521	-0.233677330550177	0.079	0.091	1	MSH6	c4
0.885054948172642	0.233582443794137	0.02	0.021	1	GSTCD	c4
0.0016556585997801	0.233517509436839	0.1	0.086	1	PDSS2	c4
0.000320634409977552	0.233498890807013	0.11	0.094	1	SMARCAL1	c4
0.122886553325348	0.23348009234938	0.04	0.035	1	TMSB15B	c4
0.00726720015906231	-0.233350657781286	0.105	0.117	1	SNAPC1	c4
0.629830283292915	-0.233275209218192	0.02	0.019	1	FAM171A1	c4
0.105192622542146	0.233038468421053	0.014	0.012	1	TMEM220	c4
0.0183261856621555	-0.233036029806087	0.01	0.014	1	ALDH4A1	c4
0.000113155470626846	0.232738957489279	0.177	0.156	1	SRSF6	c4
0.996477457112563	0.232604441059219	0.039	0.039	1	DARS2	c4
0.206231924239676	0.232502768587109	0.02	0.017	1	ASTN2	c4
0.0954899751815996	0.232495714663562	0.033	0.029	1	ZNF257	c4
0.00430140026479928	-0.23234381652731	0.115	0.129	1	MAP1LC3A	c4
0.01388294683332	0.232182693942154	0.071	0.062	1	LIG3	c4
0.0255459668163835	0.231975645691771	0.073	0.065	1	NCOA6	c4
0.00183391831094935	0.231772822820914	0.05	0.04	1	ZNF559	c4
3.64605938851185e-05	0.231380222623425	0.166	0.144	1	FAM122B	c4
0.996237719427209	-0.231276686929126	0.045	0.045	1	MARCH9	c4
8.96323785931411e-05	0.231167018202945	0.156	0.136	1	DHX8	c4
3.67078225403431e-05	-0.231110610611315	0.225	0.25	1	CDS2	c4
0.929325324835527	-0.231061795210373	0.039	0.039	1	TTC9	c4
0.0167368565544972	-0.230600732905533	0.017	0.023	1	AC011603.2	c4
0.00313890069429806	-0.23042996264125	0.095	0.108	1	CBWD1	c4
0.0356352053045713	-0.230338273443212	0.139	0.149	1	MAP3K4	c4
0.00247709193553268	0.230057876291837	0.091	0.078	1	MFN1	c4
0.000106625590685729	0.229723363471416	0.093	0.077	1	NPIPB5	c4
0.00406412979478176	0.229661515996496	0.13	0.117	1	BCKDK	c4
0.032271652591083	-0.229623925652021	0.093	0.102	1	TRAPPC10	c4
0.0075921350985968	0.229619006056028	0.073	0.063	1	DUSP18	c4
4.77449008740585e-05	0.229510179683116	0.134	0.113	1	BRAP	c4
0.000584169238060335	0.229204036449524	0.077	0.064	1	SMAD7	c4
0.000569780361296331	0.229189103471217	0.056	0.045	1	PEX5	c4
0.000599193058630387	-0.229042081333087	0.1	0.118	1	HIST1H2AC	c4
4.37451274730095e-05	-0.229001747698852	0.698	0.691	1	IRF1	c4
0.000100069724352587	0.228959425281057	0.158	0.138	1	KAT5	c4
0.0492897128439323	-0.22876947474998	0.184	0.192	1	CDKN2D	c4
0.00104269366844542	-0.228731930270841	0.079	0.094	1	JPT2	c4
0.0944654008579323	0.228573754646047	0.033	0.029	1	ZNF77	c4
0.0902429192338964	-0.2285192642328	0.04	0.046	1	MMAA	c4
8.37657064131952e-05	0.228390325292408	0.068	0.054	1	ZNF548	c4
0.000249716356963128	0.228326122510656	0.153	0.134	1	DCAF6	c4
0.207953596644405	0.227917650388416	0.064	0.06	1	RRP36	c4
0.000641101047507658	-0.227839587691963	0.106	0.123	1	TAF1B	c4
0.00131381913280218	-0.227799354214054	0.201	0.219	1	OAS2	c4
0.179193212108004	-0.227745296236468	0.025	0.028	1	B4GAT1	c4
0.000171842253114665	0.227619286186749	0.121	0.103	1	PITRM1	c4
0.00348737696736723	0.22758242427023	0.079	0.068	1	SLC4A2	c4
0.000540643956096135	0.227579323782404	0.177	0.16	1	CMAS	c4
0.313427631798493	0.227371463918586	0.042	0.039	1	NACC1	c4
0.0319996593385315	-0.227148507746393	0.186	0.197	1	NLRP1	c4
0.00051274674348011	-0.22709068250912	0.056	0.07	1	CENPH	c4
0.150185581067578	-0.226652110447569	0.026	0.03	1	HIST1H4H	c4
0.623276018348877	-0.226639603003757	0.018	0.016	1	AC011611.3	c4
0.00225151446347739	0.2264978193702	0.084	0.072	1	UPRT	c4
7.07232376365499e-05	-0.226222107635915	0.065	0.082	1	IFI27L1	c4
0.00223436793905171	-0.226170054643414	0.097	0.112	1	HIRIP3	c4
0.00179117109197967	0.2261520939306	0.111	0.097	1	TRMT61B	c4
0.125339048306434	0.22609871265434	0.017	0.014	1	ZNF436	c4
0.00435674381904314	0.225994175549317	0.103	0.09	1	GPALPP1	c4
0.0332475630896846	0.225814917660814	0.055	0.048	1	ENTPD3-AS1	c4
0.00140217695378092	0.225804990423792	0.096	0.083	1	TMEM102	c4
0.00113233796099749	0.225768202388973	0.104	0.09	1	MFN2	c4
0.000127931041850998	0.225736949977126	0.118	0.1	1	HARS2	c4
0.0508270889981645	0.225575334292738	0.023	0.019	1	FOXO4	c4
0.00471626398676689	-0.225485031041367	0.089	0.102	1	MAP3K13	c4
0.00274820216126548	-0.225470072272532	0.079	0.092	1	CETN3	c4
0.00856629933194754	0.225468664314897	0.069	0.059	1	MIER2	c4
0.107227162420812	0.225444479002555	0.022	0.019	1	ULBP2	c4
0.00032793436528172	0.225421577070414	0.139	0.121	1	ZNF76	c4
0.0041994446932702	0.225324423025019	0.066	0.056	1	NELFB	c4
5.10325961669992e-05	0.225225252267479	0.04	0.029	1	ARHGEF40	c4
0.00172330140546476	-0.225225077099346	0.046	0.058	1	FASTKD3	c4
0.044822987269041	0.225169981633718	0.027	0.022	1	TBKBP1	c4
5.74337358830513e-05	0.225109691534729	0.076	0.06	1	LZTS2	c4
0.0621275055575425	0.225099840204195	0.029	0.024	1	PHLPP2	c4
0.173615498165266	-0.225039573994966	0.009	0.011	1	AC024592.3	c4
0.000916439928964684	-0.225025549695554	0.258	0.275	1	MAP2K3	c4
0.00757514803712403	0.224884890960204	0.073	0.063	1	UBR3	c4
0.00310584869824664	-0.224846190701305	0.311	0.322	1	IFI35	c4
0.00235421086521592	-0.22481308916853	0.086	0.1	1	SLC25A17	c4
0.00127442324321686	0.22430154315015	0.067	0.055	1	ZNF253	c4
0.00230805052808192	0.224149856902291	0.064	0.053	1	ZNF526	c4
0.142749263720837	0.224061594608003	0.019	0.016	1	AL353708.3	c4
0.00265566007724569	-0.223967020606511	0.122	0.138	1	MXD4	c4
0.0732869684574426	-0.223323641798514	0.089	0.096	1	TECPR1	c4
0.952511342324622	-0.223138133308072	0.014	0.014	1	AC138150.1	c4
0.423552119306849	0.223070071051452	0.058	0.055	1	PARP2	c4
0.0436288391093559	-0.223058401237633	0.162	0.171	1	GIMAP8	c4
0.000172999266565488	-0.223019144799474	0.233	0.253	1	RETREG2	c4
0.671365721054742	-0.22288849300116	0.014	0.013	1	NRBP2	c4
0.00781522634717183	0.222726031264473	0.027	0.021	1	PGAP1	c4
0.00472174735171417	0.222577941165069	0.101	0.089	1	USP21	c4
0.000549354588536308	0.222539851406121	0.042	0.033	1	ASAH2B	c4
0.0624471854377715	0.222398568621804	0.104	0.096	1	TEN1	c4
0.000253138675227846	0.222316586106472	0.123	0.106	1	MAVS	c4
0.039455337016732	0.2222748147684	0.05	0.044	1	TMEM79	c4
0.206363451009159	0.22226613470521	0.03	0.027	1	RSPH3	c4
0.00638465917569854	0.222230808694972	0.121	0.109	1	ITGB3BP	c4
0.000316515709278066	0.221978982881212	0.127	0.11	1	EXOC3	c4
0.0315272247338849	0.221955084266015	0.102	0.093	1	GEMIN6	c4
0.00978852793915711	0.22188755188212	0.03	0.024	1	LINC00115	c4
0.0387650975471771	-0.221825882786697	0.156	0.166	1	INTS6	c4
0.000739081453156761	0.221762813838107	0.109	0.093	1	ELMOD2	c4
0.0152874412527977	0.221715942020271	0.015	0.011	1	CDKL5	c4
0.00351950135570138	0.221683905185911	0.068	0.057	1	UTP20	c4
0.00158923697015916	0.221645583092477	0.063	0.052	1	FAM228B	c4
0.000108307881662744	0.221570539186196	0.093	0.076	1	CRY2	c4
0.000265668735314599	-0.221564042945888	0.14	0.16	1	HPF1	c4
0.37148911631152	0.221447903988403	0.038	0.036	1	SPSB2	c4
0.127524740229554	0.221345476285561	0.026	0.022	1	ZBTB9	c4
0.00021891094284968	0.221308522687683	0.079	0.064	1	COLGALT1	c4
0.000101865382873865	-0.221176887414023	0.198	0.219	1	IGSF8	c4
0.0085884549090165	0.220659416972475	0.05	0.042	1	TMEM44-AS1	c4
0.167767481281966	-0.220097236209342	0.037	0.041	1	SLC41A1	c4
0.061071623813215	-0.220067277222713	0.065	0.072	1	AL590764.1	c4
0.000197888044364782	-0.220047648011803	0.167	0.189	1	ANKRD39	c4
0.354112746791001	0.219948117315754	0.029	0.027	1	AP006621.3	c4
0.0640310548343506	0.219946581117067	0.014	0.011	1	SCOC-AS1	c4
0.51862769024969	0.219807163874159	0.026	0.025	1	MAST2	c4
0.000735753030872029	0.219767777622122	0.056	0.045	1	ZDBF2	c4
0.0356892029204877	0.219746615422634	0.042	0.036	1	TRIM73	c4
0.0694496534006272	0.219657279173977	0.077	0.07	1	EIF2AK3	c4
0.000244127568693309	0.219641029698666	0.153	0.134	1	MTO1	c4
0.00156216219308974	-0.219614579285669	0.251	0.268	1	ASXL1	c4
0.000361564773533218	-0.219611219362682	0.249	0.267	1	ZDHHC12	c4
4.09865439108575e-05	-0.219525210005376	0.312	0.332	1	ETHE1	c4
0.000116770176368322	0.219517204944452	0.104	0.087	1	CMSS1	c4
0.0118432501464625	0.219513401852609	0.077	0.068	1	GATD1	c4
5.07164705044513e-05	0.219424895185621	0.151	0.131	1	MED1	c4
0.00829072852339945	0.219365903678962	0.062	0.053	1	TRIT1	c4
0.0673857272900493	0.21936465702876	0.031	0.027	1	WIZ	c4
0.000934488833678224	0.219330899675239	0.078	0.065	1	WDR3	c4
0.194356192348445	0.219280372828519	0.019	0.016	1	AP003108.2	c4
0.00327091128768553	0.219121322988961	0.11	0.097	1	MEN1	c4
0.242683489314475	-0.21897606734676	0.088	0.092	1	ACSL6	c4
0.00016811794087009	0.218865914106638	0.083	0.068	1	ZNF641	c4
5.79815655777271e-05	0.218630405083045	0.115	0.096	1	TBCK	c4
0.00248005448105658	0.218551899121689	0.089	0.077	1	LMBRD2	c4
0.000415568662707536	0.218524566515023	0.075	0.061	1	ZNF268	c4
0.0849209161399785	0.218485308714324	0.024	0.021	1	PTPDC1	c4
0.000132037312770323	0.218270242063289	0.091	0.075	1	RANBP6	c4
0.00359905553955952	-0.218205949305119	0.025	0.033	1	LANCL2	c4
0.00572069182688047	-0.218171926727048	0.07	0.082	1	NFKBIE	c4
0.22211052264317	-0.218160803980028	0.03	0.033	1	PXYLP1	c4
0.0127083202747592	0.218103087554756	0.134	0.123	1	TSPOAP1-AS1	c4
0.000141820019861462	-0.218042912494669	0.355	0.37	1	RCAN3	c4
3.07854523908368e-05	0.21802727970766	0.05	0.038	1	CYTH3	c4
0.0341332797665744	0.217807848802098	0.052	0.046	1	TTLL5	c4
0.000532143552874142	0.217620323645471	0.094	0.08	1	EXT2	c4
0.0019457767255928	0.217589995303222	0.024	0.018	1	PRPF40B	c4
0.00983925316283098	0.217571397649044	0.067	0.058	1	IPPK	c4
0.000152661365873613	-0.217557817696764	0.274	0.294	1	FOXN3	c4
0.0655575913963458	0.217473134043511	0.033	0.028	1	KAT14	c4
0.0470698440002423	0.217334202798157	0.027	0.023	1	ULK1	c4
0.32389112433855	-0.217171686505711	0.03	0.033	1	CLYBL	c4
0.000319949429601429	0.217137898440112	0.152	0.133	1	CHKB	c4
0.00516169046328019	0.21710642602639	0.05	0.041	1	CHIC1	c4
3.64390430383851e-05	0.21707124493416	0.103	0.085	1	TRMT1L	c4
0.000855899124229333	0.217000484242163	0.078	0.065	1	ZNF569	c4
0.00785536974315488	0.216953995418114	0.129	0.117	1	TMEM218	c4
0.000275459174733183	-0.216921473057302	0.217	0.237	1	RAP1GDS1	c4
0.193246100559579	-0.216917304761387	0.115	0.12	1	LINC00426	c4
0.000857947744970754	0.216907366525284	0.098	0.084	1	SIN3B	c4
0.0622269704922568	-0.216834882828217	0.158	0.166	1	SFI1	c4
0.0297343663052911	0.21659484035004	0.07	0.062	1	ATMIN	c4
0.000654401419532735	0.216540699610543	0.099	0.084	1	LINC01003	c4
0.44641582926102	-0.216463488915466	0.015	0.016	1	AC016394.1	c4
0.000266032803115478	0.216426398788428	0.129	0.111	1	FAM214A	c4
0.146004391945499	-0.216363710063634	0.037	0.041	1	MKS1	c4
0.000862410997246201	0.216356465445205	0.12	0.105	1	HTT	c4
0.00175557805026318	0.21633666486907	0.135	0.12	1	CDK5RAP2	c4
0.000132268819218561	-0.216186303539838	0.182	0.205	1	ATP6V1B2	c4
0.116360777302875	0.216098808735259	0.018	0.015	1	NADK2	c4
0.0651328622165289	0.215981080900152	0.022	0.018	1	FZD3	c4
0.00414612136700362	-0.215740580803841	0.016	0.022	1	HIST1H4J	c4
0.00227047214273266	0.215740243105687	0.093	0.08	1	SIRT5	c4
0.153783150689484	0.215637947580114	0.017	0.014	1	LINC00630	c4
0.0298013570114683	0.215575013503094	0.035	0.029	1	ZSCAN21	c4
9.7618580778576e-05	0.215414768885478	0.111	0.093	1	IFT43	c4
0.44089408617779	-0.215326752097578	0.012	0.013	1	TEF	c4
0.00104739594920731	0.215275602530148	0.107	0.093	1	HPS5	c4
0.00121725820895214	0.21520867168716	0.089	0.076	1	TRMT2B	c4
0.283601080405936	0.21519249075547	0.014	0.012	1	AC092747.4	c4
0.00404578596884571	-0.215140554978686	0.125	0.14	1	ALAS1	c4
0.0301303945567144	-0.215132495489504	0.127	0.138	1	ARHGAP27	c4
0.018435651491632	0.215084858522647	0.066	0.058	1	UBXN6	c4
0.0616162988551614	0.214964699023826	0.038	0.033	1	PLA2G15	c4
0.0103845696217427	0.214795068602418	0.139	0.128	1	BRCC3	c4
0.0778421501831106	0.214748067113956	0.021	0.017	1	ZNF596	c4
0.000173606046983301	0.214577337152086	0.092	0.076	1	TRIM23	c4
0.129075558442731	0.214501432801597	0.051	0.046	1	SLC25A14	c4
0.00125487129588291	-0.214069708756301	0.138	0.155	1	PPP2R5D	c4
0.00343361026402847	-0.214007138332812	0.128	0.144	1	INIP	c4
0.0108326298441363	0.214004280665301	0.047	0.039	1	ZNF248	c4
0.00182579276210745	-0.21393008051249	0.358	0.366	1	DNAJB9	c4
0.00229061139401446	0.213730643979541	0.109	0.095	1	DVL2	c4
0.000537416921395898	-0.213723546138085	0.211	0.231	1	BAK1	c4
0.367723404554955	0.213704047280623	0.028	0.026	1	NAT1	c4
0.0791191463968192	-0.213480906399105	0.152	0.159	1	DGCR2	c4
0.00413528222558043	-0.213474423260531	0.105	0.119	1	SMG9	c4
0.108812936499343	0.213325165061339	0.024	0.02	1	DGKQ	c4
0.915344566849634	-0.213154613422688	0.013	0.013	1	BAMBI	c4
0.0358041088637198	0.213136339218283	0.077	0.069	1	UBXN2B	c4
0.443119631189814	-0.21310581860881	0.038	0.036	1	RSAD2	c4
0.197471529835827	0.213102733501495	0.016	0.014	1	ZNF517	c4
0.744861941672066	-0.213026970670756	0.011	0.01	1	FAM157C	c4
0.834195099046571	-0.213021435022291	0.023	0.022	1	FP671120.4	c4
0.00602712909023458	0.212942284073649	0.022	0.016	1	SNPH	c4
0.0047020922991561	0.212763609190044	0.118	0.105	1	ZBED1	c4
0.265041687208982	-0.212581580832898	0.039	0.042	1	HHLA3	c4
0.000341257913400827	-0.212495576108424	0.25	0.27	1	SPOP	c4
0.213313277856888	0.212492846829297	0.035	0.032	1	CNNM3	c4
0.0144160097926989	0.212320359077443	0.085	0.075	1	ORAOV1	c4
0.0419741025676537	0.212304478336686	0.066	0.059	1	NUP43	c4
0.0149728717855745	0.212089735447065	0.079	0.07	1	STAM2	c4
0.000435067708015916	0.212034100221833	0.084	0.07	1	SLC35B4	c4
0.000516159215205144	0.211988562064636	0.138	0.12	1	HLTF	c4
0.0488684274779907	-0.211884145548291	0.874	0.832	1	BTG2	c4
0.0114770076364816	-0.211740178266169	0.029	0.037	1	FANCM	c4
0.000341048043963493	0.211733204840086	0.112	0.095	1	BCOR	c4
0.000248052580362601	-0.211711816970777	0.066	0.082	1	HIVEP3	c4
0.00293015793454995	0.211480907816313	0.059	0.048	1	ZNF213-AS1	c4
3.34375200391275e-05	0.21143090152976	0.169	0.146	1	RXRB	c4
0.00277286942627964	0.211428537384029	0.052	0.042	1	ZNF570	c4
0.324573510647211	0.21135933761501	0.03	0.028	1	MPP6	c4
0.000324682472594115	-0.211339433171403	0.232	0.254	1	JAGN1	c4
0.0191765462660284	0.211077932498569	0.091	0.081	1	ROGDI	c4
0.321135994921778	-0.211009962034485	0.029	0.031	1	AL355472.1	c4
0.00316744254940078	0.210954178447039	0.135	0.121	1	TCHP	c4
0.00038551781587507	0.21084205531019	0.074	0.061	1	NIFK-AS1	c4
0.137620649252242	0.210820643262525	0.046	0.041	1	C11orf80	c4
0.0124332336274122	0.210787061645808	0.11	0.099	1	MRS2	c4
0.000564699849962552	0.210650102247865	0.102	0.086	1	GLI4	c4
0.526301426740049	0.210576817983293	0.011	0.012	1	AL031963.3	c4
0.00224007825646819	0.21053570947701	0.046	0.037	1	AC114490.2	c4
0.0353924104170555	0.210457320394074	0.084	0.076	1	PET117	c4
0.742623676993137	-0.21035707775899	0.024	0.025	1	KLHL25	c4
0.0182644372229117	-0.210085687699368	0.118	0.13	1	ATAD2	c4
6.14629453591403e-05	0.210020506998119	0.184	0.161	1	NFYB	c4
0.0608851926772282	0.21000791564503	0.027	0.022	1	TSTD3	c4
0.170629943761559	-0.20999877558316	0.012	0.014	1	NBPF10	c4
0.569150227261553	0.209896675238524	0.041	0.04	1	MED18	c4
0.00263966413380433	-0.20983740036837	0.262	0.276	1	PARP10	c4
0.811492206934366	0.209831832518269	0.025	0.026	1	IBA57	c4
0.134365402186549	-0.209789137270308	0.014	0.017	1	HIRA	c4
0.726386774123203	-0.209772371104622	0.022	0.021	1	LACTB2-AS1	c4
0.00709079183130858	0.20975586682439	0.123	0.11	1	FAM114A2	c4
0.000982981964837807	0.209661337057493	0.089	0.076	1	ELP1	c4
0.00177357252946003	0.2096549037502	0.059	0.048	1	ALKBH8	c4
0.538243701870062	0.209644744254875	0.028	0.027	1	FARP2	c4
0.00422901856234749	0.209573749518023	0.067	0.056	1	SCMH1	c4
0.000988319421558033	0.209545118833498	0.089	0.075	1	CLEC16A	c4
0.109130859888774	-0.209536199330739	0.032	0.037	1	AMIGO2	c4
0.163228277581028	-0.209473796008522	0.072	0.077	1	MAPK8	c4
0.00773460368547075	0.209457477351477	0.059	0.05	1	KLHDC10	c4
0.00432194725762535	0.209428499462523	0.092	0.08	1	P3H1	c4
0.027535417508965	0.209329495206021	0.143	0.133	1	CTNNBIP1	c4
0.000897635439102984	0.209196249558504	0.092	0.078	1	HSF2	c4
0.00558278635524951	-0.208979996696455	0.076	0.088	1	MCEE	c4
0.7615405710915	0.208974582419685	0.015	0.015	1	C3orf62	c4
0.00801808415449407	-0.208891416096761	0.077	0.089	1	RNF121	c4
0.0630109251045578	-0.208846438328997	0.023	0.028	1	ARHGAP33	c4
0.00180804333300672	0.208822732256107	0.164	0.148	1	CIAPIN1	c4
0.289686622656608	-0.208751630406823	0.041	0.044	1	AC097376.2	c4
0.97221168164414	-0.208643188252726	0.037	0.037	1	ZNF500	c4
0.0520871711812904	0.208585704485142	0.031	0.026	1	CIPC	c4
0.305341082309819	0.20836515813393	0.029	0.026	1	PACRGL	c4
0.714201844291822	-0.208247777764888	0.032	0.033	1	TECPR2	c4
0.00720196035641735	0.208074708225506	0.047	0.039	1	TSEN2	c4
0.00269661715875886	-0.208067933485465	0.225	0.241	1	YARS	c4
0.72039834318649	-0.207963124006036	0.038	0.037	1	LINC00920	c4
0.161042879076608	-0.207896291968622	0.046	0.051	1	ZNF628	c4
0.208252978318302	0.207892043651004	0.017	0.015	1	AGAP6	c4
0.24757582905046	0.207848254186716	0.045	0.042	1	ADAT3	c4
0.00592097075351203	0.207771780111184	0.055	0.046	1	ATXN1L	c4
9.8845449519177e-05	0.207671021029701	0.085	0.069	1	ANKMY1	c4
0.0186432076168512	0.20766527581548	0.069	0.061	1	ACAP3	c4
0.00100183437940361	0.207635646870907	0.112	0.097	1	MAPKAPK2	c4
0.00042082023967005	-0.207590894875892	0.163	0.184	1	EXOSC9	c4
0.000621276038356558	0.207333584634138	0.107	0.091	1	TMEM251	c4
0.00383942005924767	0.207218832612457	0.098	0.085	1	PIK3C2A	c4
0.000277676798043813	0.207218638379504	0.101	0.085	1	EFL1	c4
6.83323454815633e-05	0.207218490576824	0.138	0.118	1	TMEM161A	c4
0.139816320000423	0.207140493928197	0.023	0.02	1	CENPBD1	c4
0.00683078909416215	0.207134241524835	0.132	0.119	1	CEP63	c4
0.00268544207823114	0.207116241693895	0.155	0.14	1	CXorf40B	c4
0.345658756653797	-0.207089781172948	0.013	0.015	1	SENP3	c4
0.0475293202477249	0.206947398421109	0.092	0.084	1	SNX11	c4
8.92982922501569e-05	0.206915816606755	0.14	0.12	1	LZTFL1	c4
0.00917343101435185	0.206848590888133	0.124	0.112	1	TXLNG	c4
0.0623299563315127	0.206697778489944	0.08	0.072	1	POLR3H	c4
0.00731262721085683	-0.206692383222908	0.066	0.078	1	SAC3D1	c4
0.360854710575203	0.206563464081817	0.012	0.01	1	HOMER1	c4
0.177749569905134	-0.206523722429483	0.031	0.035	1	POC1B-GALNT4	c4
0.32210508809776	0.206410418553357	0.012	0.01	1	SUMO4	c4
0.00236760566835644	0.206323108804889	0.149	0.134	1	TIMM22	c4
0.0147850507792205	0.206292502999312	0.038	0.031	1	RAPGEF2	c4
0.701336943888586	-0.206068385206573	0.01	0.011	1	BRICD5	c4
0.000310075300422299	0.206049505131586	0.124	0.107	1	GPATCH2	c4
0.000972164785989131	-0.206007388025793	0.14	0.159	1	CYB561A3	c4
0.0134839094671377	0.205848865121579	0.087	0.077	1	LIMK2	c4
0.000934126338327583	0.205814446006042	0.147	0.13	1	ZC3H14	c4
0.0281380049308987	0.205786189785265	0.049	0.042	1	HYPK	c4
0.0495318880775196	0.205774265910564	0.064	0.057	1	C17orf80	c4
0.749876174336771	-0.205723221198982	0.047	0.046	1	ZNF318	c4
0.00735573104551064	-0.205671656923161	0.214	0.226	1	NEK7	c4
0.0185392175593492	-0.205642143236362	0.037	0.044	1	TRMT10A	c4
0.000550824802698245	-0.205639445476929	0.031	0.042	1	FANCD2	c4
0.000130679390421923	-0.205519797454163	0.287	0.309	1	TRAPPC2L	c4
0.0241510399163925	0.205398935177481	0.09	0.081	1	APOO	c4
0.0250282410594063	-0.20539375274604	0.114	0.125	1	EDEM1	c4
0.536132855300795	-0.205295541410983	0.036	0.038	1	MINCR	c4
0.000693781743912856	0.205203379749609	0.072	0.059	1	XRRA1	c4
0.00160735803418503	0.205171129340473	0.136	0.121	1	DOK1	c4
0.000486201371454686	0.205151245487368	0.105	0.09	1	DNAJC24	c4
0.176708955175214	0.205107677470196	0.048	0.044	1	TSNAX	c4
0.033398782388712	-0.204671092525643	0.092	0.101	1	MAPK3	c4
0.09026665446607	0.204617288916008	0.039	0.034	1	KIAA0556	c4
0.0312935256596646	0.204480808894904	0.059	0.052	1	PSKH1	c4
0.000592507485530101	-0.204400853892755	0.21	0.231	1	LAMTOR3	c4
4.56876412802608e-05	0.204250400901611	0.124	0.105	1	CHD7	c4
0.253259356343391	0.204196635519283	0.075	0.071	1	FAM118B	c4
0.000340057458524842	0.204126404896479	0.158	0.139	1	UBL4A	c4
0.000187455581357943	0.204124488920975	0.114	0.097	1	PAK1IP1	c4
0.00577319168958687	0.204081327448102	0.058	0.048	1	AMMECR1L	c4
0.103293954577838	-0.204041973900432	0.015	0.019	1	HYAL3	c4
0.52435854473487	-0.203771381568202	0.078	0.08	1	ABCA7	c4
0.00464497326101513	0.203660616025494	0.062	0.052	1	AC099063.4	c4
0.025289158960228	0.203582099181956	0.065	0.057	1	PHF10	c4
3.5409936518544e-05	0.203560384381559	0.127	0.106	1	GNL3L	c4
0.00374428274469939	0.203481795445777	0.107	0.094	1	RRP9	c4
0.719468813629882	-0.203408479411566	0.015	0.014	1	SLC44A3	c4
0.00142696562267617	0.203402635333254	0.054	0.043	1	KLF11	c4
0.0233323009909937	0.203364679324182	0.033	0.028	1	PLD2	c4
0.109992773391056	-0.203343440873022	0.113	0.12	1	FRA10AC1	c4
0.67162144012131	-0.202984448808584	0.038	0.039	1	NFXL1	c4
0.0787418738915005	0.202811827097683	0.04	0.035	1	FICD	c4
0.00341457976550255	0.202693164243755	0.055	0.046	1	PIK3CA	c4
0.000105424250517338	0.202529468618562	0.192	0.17	1	SLMAP	c4
0.0679515454630686	0.202131235034012	0.108	0.1	1	PTRH2	c4
0.105977833375217	-0.202047188071913	0.088	0.095	1	R3HCC1L	c4
0.585781744724089	0.201978331293227	0.016	0.015	1	DCUN1D3	c4
0.000414876212596957	-0.201937919391906	0.181	0.203	1	MRPL32	c4
0.0136946097279186	0.201593335415021	0.085	0.075	1	SLC9A8	c4
0.0349218778569412	-0.201501000015903	0.167	0.178	1	UBR5	c4
0.0108503828180335	-0.201374318762968	0.166	0.18	1	ERAP1	c4
0.151204420840711	0.201247438368416	0.018	0.015	1	FAM89A	c4
3.3049938904031e-05	0.201237163884868	0.15	0.128	1	PEX3	c4
0.0279937991244452	0.201236990755763	0.091	0.082	1	USP19	c4
7.15859703206253e-05	0.201144771052957	0.161	0.14	1	TMEM115	c4
0.0103437314936084	0.201088773368336	0.054	0.046	1	ZNF765	c4
0.0496673879655437	0.200929540886344	0.033	0.028	1	FDX2	c4
0.00909291673224491	0.200731897215396	0.134	0.121	1	MRPS17	c4
0.228571998501609	-0.200726924396914	0.081	0.086	1	PVRIG	c4
0.0363524535924729	0.200688547326495	0.112	0.103	1	NUDT18	c4
0.848479490582058	-0.20066514827523	0.02	0.02	1	SNHG22	c4
0.00388101929149683	0.200564587096331	0.061	0.051	1	ZNF286A	c4
0.00329626841295112	0.200512602729712	0.094	0.081	1	TRMT11	c4
0.0159829788313454	0.200500783550268	0.055	0.047	1	AGO1	c4
0.0010428371526857	-0.200171025401415	0.283	0.301	1	MED15	c4
0.00195097310149311	0.199762230667976	0.078	0.066	1	SMAD4	c4
0.042785652896745	0.199721056864074	0.047	0.041	1	ZNF598	c4
0.000570386183606265	0.199706097253014	0.185	0.165	1	CHID1	c4
0.000148928098169466	-0.19963063785558	0.201	0.224	1	NDUFS4	c4
0.00204215880715385	0.199567236604857	0.141	0.125	1	EEFSEC	c4
0.227662972169965	0.199520713379401	0.062	0.058	1	NOM1	c4
0.00177879336890733	0.199446873071903	0.016	0.011	1	CRB3	c4
0.276036114564467	-0.199414605731727	0.011	0.013	1	MMACHC	c4
0.000127540897328778	0.199382342276601	0.107	0.09	1	HS3ST3B1	c4
0.470058172333423	-0.199342570380816	0.05	0.052	1	ENTPD1-AS1	c4
0.0100099468617568	-0.19932138517947	0.116	0.129	1	SLC25A25	c4
6.55913395908191e-05	0.19924182051667	0.136	0.116	1	ARAP1	c4
0.418312465930477	-0.199013181781592	0.034	0.036	1	LINC01137	c4
0.0413124103761777	-0.19900848143714	0.076	0.085	1	MINPP1	c4
0.000136241236881515	0.198803734768566	0.211	0.189	1	GMCL1	c4
0.0495305098856692	-0.198566327875335	0.067	0.075	1	ST7L	c4
0.000491836559140412	0.198376043043749	0.129	0.112	1	ABRAXAS2	c4
0.0598316323278047	-0.198230299629079	0.048	0.054	1	TARBP1	c4
0.582827963496567	0.198205669498276	0.021	0.02	1	MTBP	c4
0.17925474138856	0.198168051341569	0.113	0.107	1	RITA1	c4
0.201810631158007	0.198047769979652	0.054	0.05	1	MECR	c4
6.02526924808629e-05	0.197967902415347	0.175	0.153	1	KIN	c4
0.00534804773665043	0.197857954458429	0.015	0.011	1	ZNF19	c4
0.257629012702815	-0.197767277096303	0.075	0.079	1	PHC1	c4
0.00883987143688608	0.197660189257466	0.077	0.067	1	ARMC7	c4
0.662282862920771	0.197645044166943	0.025	0.024	1	TET3	c4
5.80801420757133e-05	0.197581650883953	0.18	0.158	1	RNPEP	c4
0.073544421137856	-0.197554912873282	0.032	0.037	1	FBXL8	c4
0.218489996855731	0.197548640978075	0.069	0.065	1	PLEKHG2	c4
7.96443832037698e-05	0.197439439730919	0.156	0.135	1	RNF20	c4
0.0172275692879588	-0.1974168823462	0.153	0.165	1	TMEM60	c4
0.0164380625153074	0.197409278569451	0.048	0.04	1	ATP11C	c4
0.299794270986478	-0.197345118209308	0.032	0.035	1	PLEKHM2	c4
0.000275149190812886	0.197190826828749	0.111	0.094	1	NUDCD1	c4
0.0427137926018829	0.197043310039557	0.05	0.044	1	TRIM34	c4
0.000119628923087453	0.196931232586482	0.099	0.082	1	LINC00909	c4
0.00906975684208139	-0.19689732891323	0.259	0.271	1	LPCAT4	c4
0.00046180044547781	0.196711919008635	0.103	0.087	1	ZNF426	c4
0.000601118756244045	0.196695963565421	0.053	0.042	1	ANGEL1	c4
7.60167497082411e-05	0.196673560374411	0.136	0.116	1	CYP2R1	c4
0.130534725566169	-0.196650757317505	0.142	0.148	1	PLCB2	c4
0.13189884469063	0.196567345835902	0.059	0.054	1	ZW10	c4
0.0015476991829503	-0.196394399985936	0.273	0.29	1	PFKL	c4
0.0517504608995181	-0.196155343908419	0.094	0.102	1	RPRD1A	c4
0.000307446115857345	0.196139385207536	0.136	0.118	1	MRTO4	c4
0.960916385421549	-0.196073632923548	0.041	0.041	1	ZNF333	c4
0.000376306415810992	0.196062782315255	0.061	0.048	1	ZNF17	c4
0.000145030289714054	0.196040525967603	0.141	0.121	1	TP53BP1	c4
0.495604655170089	-0.195978092059057	0.019	0.02	1	AC017083.2	c4
0.562596693849551	0.195962747029035	0.042	0.04	1	CNOT6	c4
0.0805111589157638	-0.195804919025135	0.066	0.073	1	BPGM	c4
0.000212603314250553	0.195737058692394	0.101	0.085	1	MTMR3	c4
0.00881679445636601	0.195711664124515	0.032	0.026	1	RGPD8	c4
0.172509333748946	0.195678136679848	0.045	0.041	1	MVK	c4
0.826858688461237	-0.195661960747123	0.138	0.138	1	GADD45A	c4
0.00150290775884776	0.195653586595948	0.082	0.07	1	CLCN7	c4
0.00454219563512572	0.195639813489092	0.122	0.109	1	RRP1	c4
0.000144287351265749	-0.195610137649584	0.063	0.079	1	AC084033.3	c4
0.00348511992295953	0.195568041347692	0.078	0.067	1	PPRC1	c4
0.0286773506683081	-0.195550766231658	0.078	0.088	1	BICDL1	c4
0.0048944107080701	0.195533743603619	0.091	0.079	1	TRAPPC11	c4
0.0049109519985261	0.195532336841218	0.045	0.037	1	MFSD4B	c4
0.324955459726846	0.195465926479075	0.034	0.032	1	AC139530.1	c4
0.028257301240375	0.195330957174792	0.01	0.007	1	LOXL1	c4
0.8879716451169	-0.195281347757209	0.014	0.014	1	ST20-AS1	c4
0.00145853038994505	0.19495910908282	0.113	0.098	1	NARFL	c4
0.00590254058791144	0.194942370794736	0.048	0.04	1	RABL2A	c4
0.00101349895438914	0.194909037170634	0.134	0.118	1	LSG1	c4
0.317843581647665	-0.194901818322334	0.112	0.115	1	KLF9	c4
0.324934169171191	-0.194726242241091	0.037	0.04	1	ZNF212	c4
0.0951648498786099	0.194660840388485	0.056	0.051	1	ETAA1	c4
0.00290889208526262	0.194629170446664	0.148	0.133	1	RPUSD1	c4
0.000452873025761316	0.194588768386567	0.125	0.108	1	IFFO1	c4
0.000831096482958898	0.194278197145968	0.124	0.108	1	ABHD10	c4
0.0130306169478602	0.194259918047467	0.127	0.115	1	LAS1L	c4
0.00796840763338268	-0.194141907341046	0.146	0.161	1	MFSD11	c4
0.000297522817461048	0.194130923674136	0.2	0.18	1	TIMM50	c4
0.000140233653437198	-0.194050694467404	0.336	0.357	1	AKIRIN2	c4
0.70255475313328	-0.194040927125512	0.087	0.088	1	AC025164.1	c4
3.71652723682114e-05	0.193967409949984	0.17	0.146	1	EXOSC5	c4
5.7723292822756e-05	-0.193878778958279	0.423	0.439	1	SP140	c4
0.00619374945680687	-0.19385557819611	0.106	0.119	1	MBIP	c4
0.0663755324570371	-0.193732720405529	0.176	0.184	1	PRPSAP2	c4
0.150494847583983	0.193700004432673	0.051	0.047	1	TAB3	c4
0.000711543686876974	-0.19365945516893	0.106	0.123	1	AIDA	c4
0.0147617016514377	0.193285245034369	0.072	0.063	1	KDELC2	c4
0.000322506023153792	-0.1932808060851	0.163	0.184	1	SETD3	c4
0.50126317186396	-0.193168413990752	0.027	0.029	1	TRAK1	c4
0.536994522308695	-0.193073362998547	0.014	0.016	1	EFNB1	c4
0.00120531558347883	0.19287329300539	0.094	0.08	1	KNOP1	c4
0.000372850057252042	0.192845686913061	0.165	0.146	1	ATF6	c4
6.57642145342396e-05	0.192673386758156	0.243	0.218	1	COA5	c4
0.000589423101830826	0.192631617584369	0.184	0.164	1	TBC1D17	c4
0.000154864293534826	0.192585505739103	0.169	0.149	1	PYROXD1	c4
0.000215231433512662	0.192547127526146	0.109	0.092	1	ZNF140	c4
0.00590273286576417	0.192476017259442	0.031	0.024	1	ENPP5	c4
0.365983790598211	-0.192461124007233	0.051	0.054	1	ZMYM4	c4
0.110853584723447	0.192422453787417	0.022	0.018	1	ZNF2	c4
0.000513655863818486	0.192325705098025	0.148	0.13	1	ST3GAL5	c4
4.62268626359853e-05	0.192315717061593	0.16	0.137	1	SEC24B	c4
0.000127473431745079	-0.192221429223827	0.411	0.423	1	LBR	c4
0.0441464802472826	0.192105989743662	0.027	0.023	1	PARD6B	c4
0.0236382939825809	0.19205475506281	0.13	0.12	1	TEX30	c4
0.647970873559697	-0.191977213010205	0.035	0.034	1	EPHA1-AS1	c4
0.0710435164266394	0.191954989691594	0.128	0.12	1	YKT6	c4
0.0457546704086686	-0.191926000922901	0.06	0.068	1	BPNT1	c4
3.93557393371156e-05	0.191906064907583	0.139	0.118	1	TOR1B	c4
0.0829592935495847	0.191898295541554	0.057	0.052	1	ACACA	c4
7.37595275389518e-05	-0.191883574773381	0.222	0.247	1	HARS	c4
0.0432920925206031	-0.191883169712942	0.209	0.218	1	RNF214	c4
0.0101006407715268	0.191851680863367	0.081	0.07	1	GUF1	c4
0.00108993106479735	0.191723592770616	0.076	0.063	1	THTPA	c4
0.000574788590859481	0.191671835891084	0.104	0.088	1	ASB16-AS1	c4
0.005881896828591	0.191661396498715	0.074	0.063	1	EID3	c4
0.217187242529389	-0.19162731322169	0.01	0.012	1	LONRF3	c4
0.000349833045509651	0.191619517797654	0.171	0.152	1	KATNA1	c4
0.373264128245821	-0.191616379643314	0.016	0.018	1	TBCE	c4
0.00525226304015185	-0.191527707728869	0.396	0.403	1	SPTAN1	c4
5.67146147461582e-05	-0.191520956178457	0.047	0.062	1	KATNAL1	c4
0.000150757684119797	0.191343676038126	0.157	0.137	1	SYMPK	c4
0.000178458018791046	0.191293278361596	0.205	0.184	1	PEX11B	c4
0.00419054393373302	0.190931546051393	0.127	0.113	1	TFDP2	c4
0.695816277536584	-0.190895629423318	0.012	0.011	1	ZNF772	c4
0.120897082338209	0.190875737022175	0.021	0.018	1	CPNE8	c4
0.0247600139256547	-0.1907742234656	0.046	0.054	1	PIDD1	c4
0.0010539510942319	0.190468426746659	0.13	0.114	1	DCLRE1C	c4
0.68407244025413	-0.190435610109426	0.037	0.038	1	MAP3K12	c4
0.0286450713755488	0.190434305540506	0.038	0.032	1	BTBD2	c4
0.00308840027716828	-0.190419618951021	0.111	0.126	1	APOL2	c4
0.00143615648769618	0.190383592612772	0.146	0.129	1	AAR2	c4
0.0821895375905787	-0.190365193428599	0.238	0.243	1	TMEM131L	c4
0.0346738278782772	-0.190259271385208	0.088	0.097	1	TFE3	c4
0.0231349647229304	0.190137073274017	0.091	0.081	1	FMR1	c4
0.430887200060211	-0.190050089813528	0.045	0.047	1	ZNF287	c4
0.857687652686729	0.190024917241165	0.018	0.018	1	NUDT6	c4
0.0509149639220132	0.190009661506303	0.095	0.087	1	AL157402.2	c4
0.214857313473614	0.189846163620917	0.065	0.061	1	TAF6L	c4
0.0806254184108093	-0.189824318322191	0.032	0.038	1	COX18	c4
0.000152489926453935	-0.189816356768637	0.45	0.465	1	TCF25	c4
0.00126328766533775	-0.189789319201086	0.24	0.259	1	IMMT	c4
0.337534863166203	-0.189714310467733	0.067	0.07	1	BRWD3	c4
0.0119224499809188	0.189680762996884	0.114	0.102	1	RNF25	c4
0.00154476794091812	0.189668030381791	0.152	0.136	1	PSMG1	c4
0.405986614058404	-0.18964170228715	0.044	0.047	1	SARDH	c4
7.87110477592101e-05	0.189641559475788	0.148	0.128	1	GPATCH2L	c4
0.0225464456214911	0.189639225237659	0.065	0.057	1	UBA6-AS1	c4
0.0391904183285047	0.189584128269585	0.107	0.098	1	MSH2	c4
0.37826500416115	0.189512538518422	0.014	0.013	1	CNIH3	c4
0.413854708296105	-0.189467791737791	0.096	0.099	1	THADA	c4
0.000413458503271085	0.189358793857848	0.1	0.085	1	GTPBP3	c4
0.0794212246627212	-0.189346982977502	0.009	0.012	1	AC147651.4	c4
0.00772314141329737	0.189341085242958	0.142	0.129	1	WBP4	c4
0.250421069057259	0.189234260215504	0.029	0.026	1	URB1-AS1	c4
0.00271595140489142	0.189178420217137	0.106	0.093	1	CHM	c4
0.00322349989407071	0.189147661711826	0.097	0.084	1	ZUP1	c4
0.000634318458455694	-0.189073558100182	0.19	0.21	1	PSMA2	c4
0.000194184612450648	0.188985853897023	0.158	0.138	1	DDX52	c4
0.0331925305659843	-0.188902375533659	0.043	0.05	1	FIGNL1	c4
0.000972198775599647	0.18887575328421	0.141	0.125	1	CTDNEP1	c4
0.0100379874677907	0.188764750651687	0.11	0.099	1	BLOC1S5	c4
0.000257597589920362	0.188728065774447	0.187	0.167	1	IFT20	c4
0.113651919680942	0.188630931989137	0.033	0.029	1	ZNF682	c4
0.0077282130030288	0.188554510264876	0.099	0.088	1	LIN54	c4
0.258280854323371	0.18833912171999	0.069	0.065	1	RAB30-AS1	c4
0.446364827456253	-0.18809484685619	0.022	0.023	1	ZBED6	c4
0.00199354851718148	0.18802461365657	0.067	0.056	1	ZNF66	c4
0.000902819978729489	0.187889963829484	0.192	0.174	1	EMC8	c4
0.0107381161046786	-0.187820853559294	0.046	0.056	1	DGAT1	c4
7.43796087621322e-05	0.187806780112355	0.18	0.157	1	KANSL2	c4
0.00202737361680694	-0.187773411432767	0.191	0.21	1	DESI1	c4
0.0814549058955431	-0.187754843913093	0.027	0.031	1	ST7	c4
0.0405047925311018	-0.187564518710155	0.091	0.1	1	PRKCD	c4
0.334732779794414	-0.187516379391191	0.022	0.024	1	AL691432.2	c4
0.348998753132234	0.187383522249757	0.065	0.062	1	GEMIN2	c4
0.361626712444683	0.187353546748035	0.038	0.036	1	PLK2	c4
0.232186971527063	0.187343400004552	0.015	0.013	1	NFYC-AS1	c4
0.0732382216713349	-0.187303655867591	0.228	0.234	1	KMT2E-AS1	c4
0.000280808982349438	0.18721450042524	0.058	0.046	1	TMOD2	c4
0.00273123784874383	0.1869856957987	0.108	0.095	1	VPS52	c4
0.430277852737673	-0.18692092865634	0.074	0.076	1	SLC25A4	c4
0.000124516146828449	0.186911790847326	0.072	0.057	1	TBC1D19	c4
0.00774674127815132	0.186856283748694	0.083	0.072	1	UPF1	c4
0.0179138341839898	-0.186760123506284	0.13	0.142	1	HAUS3	c4
0.0121109013220072	0.186676491947803	0.072	0.063	1	NIPA1	c4
0.831891604098779	0.186674481026489	0.048	0.047	1	RWDD2B	c4
0.000565396139827978	0.186627138640822	0.11	0.094	1	LRCH1	c4
0.00542938078233193	0.18652394883915	0.114	0.102	1	METTL3	c4
8.37819656326954e-05	0.186485049179085	0.181	0.159	1	ZSWIM7	c4
0.209536507004068	0.186472731101069	0.021	0.018	1	DECR2	c4
0.104338928169932	-0.186348366020274	0.107	0.115	1	POLR2J3.1	c4
9.2411137926912e-05	-0.186262464053734	0.411	0.427	1	IL27RA	c4
0.161653268945634	0.186230111361838	0.043	0.039	1	ZBTB49	c4
0.00249506402500181	0.18607995884891	0.17	0.155	1	DNTTIP1	c4
0.000606591887064061	-0.18597096744807	0.04	0.052	1	SUV39H1	c4
0.000175176386387528	0.185868182057498	0.132	0.113	1	LINC00324	c4
0.00556246739151605	-0.185829854360647	0.398	0.403	1	VAMP5	c4
0.000874912551167757	0.185743211230657	0.111	0.096	1	DLG1	c4
0.237565876104007	0.185730138790758	0.036	0.032	1	MTMR1	c4
0.00172693589657247	0.185622329913085	0.142	0.127	1	KLHDC4	c4
0.82653946290903	-0.18554360100531	0.184	0.18	1	TSC22D2	c4
0.00380519980126447	0.185497643811518	0.134	0.12	1	RNASEH2A	c4
0.000929994954961213	0.185487994835915	0.179	0.161	1	GATD3B	c4
0.0017783888478821	0.185446385803964	0.09	0.077	1	SPIN2B	c4
0.000275267813077422	0.185432757492853	0.1	0.084	1	ZNF44	c4
0.395339948683266	0.185397738889304	0.03	0.033	1	CHTF18	c4
0.0414951036259447	0.185331425067431	0.071	0.064	1	IPO13	c4
0.0572640366504604	-0.185321513804321	0.72	0.688	1	ITM2A	c4
0.000103104980979239	0.185316876446362	0.197	0.175	1	SLC35A4	c4
0.000685798847032151	0.185251645250086	0.128	0.111	1	ORC5	c4
5.82942843151178e-05	0.18524461835696	0.216	0.193	1	DRG2	c4
4.34643530327405e-05	-0.185183151372737	0.365	0.386	1	MESD	c4
0.82970640759041	0.185029834961133	0.061	0.061	1	RIDA	c4
0.0223949521914986	0.185020710487094	0.071	0.063	1	ZNF174	c4
0.340807995681943	-0.184906607093994	0.112	0.116	1	TRRAP	c4
0.000420974888688479	0.184902570999911	0.182	0.162	1	CXorf38	c4
0.0452859411335251	0.184842637909972	0.07	0.062	1	METTL25	c4
0.0112225479465314	0.184820408941488	0.099	0.088	1	KHNYN	c4
0.440358241053245	0.184684065373859	0.044	0.042	1	STK11IP	c4
0.000328206224407017	0.184563767303082	0.185	0.165	1	MAGT1	c4
0.848748017947771	0.184479497152003	0.04	0.039	1	SLC12A2	c4
0.000830623533241171	-0.18446984818645	0.168	0.188	1	TFPT	c4
0.0205672666040538	0.184159940049156	0.128	0.117	1	AIMP2	c4
4.98728844913865e-05	0.1840792901974	0.136	0.115	1	RALGAPB	c4
0.00544452795700522	-0.183983554317156	0.216	0.229	1	CRYBG1	c4
0.000224965307393684	0.183959312388564	0.192	0.171	1	SUZ12	c4
0.261447496866413	-0.183870462867362	0.061	0.065	1	C2CD2L	c4
0.254052802633812	0.183722768793916	0.04	0.037	1	CBX8	c4
0.865962659218659	0.183590074953613	0.135	0.136	1	CLECL1	c4
0.0126634196076448	0.18358853560503	0.106	0.095	1	CYREN	c4
0.0225610066650682	0.183539948472992	0.054	0.047	1	ALG9	c4
0.0385598841003823	0.183523672706524	0.119	0.11	1	NUP93	c4
0.00911053740168312	-0.183422029488001	0.184	0.199	1	NCBP3	c4
0.0204178754654266	-0.183333496298247	0.034	0.042	1	KMT5A	c4
0.00626701402762409	0.183302582114455	0.105	0.093	1	C8orf33	c4
0.0534263942562355	0.183300546261154	0.062	0.055	1	ZNF836	c4
6.92284135624742e-05	0.183209861420823	0.131	0.111	1	DIABLO.1	c4
0.0119504023349478	-0.183027766451615	0.06	0.07	1	IMPACT	c4
0.0294774118551618	-0.182969878767536	0.241	0.251	1	NUP210	c4
0.00122120779390503	0.182814787203293	0.161	0.144	1	TOPORS	c4
0.0150928941489414	0.182729030551852	0.069	0.06	1	ZBTB14	c4
0.00180538754355755	0.182710026956113	0.178	0.16	1	CRNKL1	c4
0.996943917549889	0.182670628049349	0.02	0.02	1	HILPDA	c4
0.0991779801794484	0.182661060631004	0.012	0.009	1	EFCAB13	c4
0.00569565769190051	-0.182625494569656	0.236	0.252	1	ORMDL3	c4
0.95803219793828	0.182514075939492	0.033	0.033	1	ABCB10	c4
0.79581291504361	0.182290352479673	0.05	0.049	1	PDXP	c4
0.000536173827518654	0.1821245505562	0.15	0.132	1	RNF41	c4
0.0163280338127725	0.182024238648713	0.032	0.026	1	ZBTB39	c4
0.00828916834821069	0.181948716955909	0.142	0.129	1	ANKRD13C	c4
0.311885807196858	0.181737981853792	0.043	0.04	1	SPRYD4	c4
0.402013271526698	0.181633026967847	0.033	0.031	1	ENTPD5	c4
0.0267364861880784	-0.181426873297011	0.15	0.161	1	WASHC4	c4
0.00359067341941733	-0.181256059476922	0.171	0.188	1	DYNC1I2	c4
0.801729528071964	0.181253333732211	0.016	0.016	1	AC002467.1	c4
0.00433675880834025	0.181247861661586	0.134	0.119	1	C6orf226	c4
0.000989958597983243	-0.181136295915345	0.43	0.443	1	CCNH	c4
0.000222455281939111	0.18110322431017	0.187	0.166	1	CBLL1	c4
0.000840227445257074	0.181075172255531	0.202	0.183	1	CYB5R4	c4
0.000432185496095285	0.18104847915928	0.132	0.114	1	MRI1	c4
0.111319889693329	0.181009861467179	0.064	0.059	1	PAK4	c4
0.0348625464635915	-0.18095876893296	0.172	0.183	1	FBRS	c4
0.00546264124321702	-0.180953110444147	0.474	0.48	1	BCAS2	c4
4.67405988240956e-05	0.180903120868969	0.171	0.148	1	SLC7A6OS	c4
0.000334276819218628	0.18087941993285	0.165	0.146	1	TBC1D22A	c4
0.0327998916866227	0.180771642181787	0.04	0.034	1	TMEM177	c4
0.102609642115162	0.180656880574521	0.107	0.1	1	PIGK	c4
0.0942923984325495	-0.180572592488874	0.093	0.101	1	ADAM17	c4
0.009522803263594	0.180515605061823	0.034	0.027	1	AC015982.1	c4
0.280535343226727	-0.180418436549792	0.141	0.145	1	GAB3	c4
0.602025727408135	-0.18034285773019	0.009	0.01	1	AL035071.1	c4
9.4679627706258e-05	0.180217155257622	0.22	0.197	1	DELE1	c4
0.0472130355245768	-0.180184867623847	0.049	0.056	1	SGO2	c4
0.00168437347005438	0.180160839951585	0.102	0.088	1	AMMECR1	c4
0.000792907536814584	0.179998180550349	0.089	0.075	1	MDC1	c4
0.0212791513989802	-0.179748973403527	0.116	0.128	1	STAT2	c4
0.000138783642448455	0.179711486747907	0.178	0.156	1	GFPT1	c4
0.00275145408861754	0.179559175761502	0.074	0.063	1	NAA80	c4
0.000204188915651483	-0.179535649267491	0.403	0.414	1	KRAS	c4
0.0236041652549227	0.179375301014797	0.162	0.151	1	CINP	c4
0.0947620402394481	-0.179357482898082	0.012	0.015	1	YTHDF3-AS1	c4
0.931176885811429	-0.179266118797613	0.022	0.022	1	DUSP7	c4
0.000387072202048571	0.179085449952468	0.193	0.174	1	PIGS	c4
0.000107808165897448	-0.179031393442878	0.375	0.386	1	NUDT21	c4
0.000622088842378776	0.178917537446772	0.09	0.075	1	FASTKD5	c4
0.25335477498758	0.178849534784932	0.01	0.008	1	AC234582.1	c4
0.00582982802201654	0.178835258473764	0.103	0.09	1	MTFMT	c4
0.00678038805157822	0.178834622554827	0.114	0.102	1	RBM15B	c4
0.490475506588303	-0.178759436986708	0.034	0.036	1	BCR	c4
0.000663890833366823	0.178721948960149	0.073	0.06	1	RAB33B	c4
0.00417058145984812	0.178670570766961	0.114	0.1	1	FBXO31	c4
0.233549075138036	0.1785810248549	0.054	0.05	1	FAM189B	c4
0.58873396035201	0.178576477813444	0.062	0.061	1	FANCG	c4
0.664223651541886	-0.178536356744178	0.022	0.023	1	ZIK1	c4
0.196039414405618	-0.17851996932166	0.079	0.084	1	RASA1	c4
0.0130179435692481	0.178399501584495	0.033	0.027	1	C21orf62-AS1	c4
0.000912288021137624	0.178294910202399	0.115	0.099	1	C2orf69	c4
0.00117526491479775	0.178278575685882	0.188	0.17	1	PRPS2	c4
0.0107425828540896	-0.178232958022864	0.02	0.026	1	LINC00467	c4
0.0359314939469776	0.178227088715555	0.069	0.061	1	STIMATE	c4
0.000118978737982769	-0.178088437179258	0.332	0.353	1	PQBP1	c4
0.00061671364327085	0.177985680517135	0.193	0.174	1	COASY	c4
0.000246519065350412	0.17775902641607	0.213	0.191	1	MGAT2	c4
0.107659181276418	0.177730394609877	0.012	0.01	1	AC091057.2	c4
0.00204656915828185	0.17771600708144	0.122	0.107	1	ANKRD54	c4
0.63298959519291	-0.177689688805464	0.062	0.063	1	TFAP4	c4
0.013158148818447	0.177681188048734	0.075	0.066	1	NUFIP1	c4
0.000765733284337079	0.177638716646191	0.12	0.103	1	ZNF263	c4
0.000960275417537416	0.177523646482126	0.092	0.078	1	ARMH3	c4
0.0207139157107135	0.177406515020249	0.056	0.048	1	ZNF180	c4
0.0104074616748814	0.177341743671111	0.049	0.041	1	MED22	c4
0.000315874067501302	0.177232930550544	0.185	0.164	1	RAB28	c4
0.122879167862381	0.177206683099671	0.047	0.042	1	MTHFSD	c4
0.280070777663	0.177143162158129	0.02	0.017	1	AC009133.1	c4
0.0346343939783556	0.177111350614579	0.119	0.109	1	RPL39L	c4
0.00191971613740752	-0.177094811585907	0.148	0.166	1	DNAJB12	c4
0.0309109571042247	0.177020653229465	0.08	0.072	1	LRRC57	c4
0.0109869724175157	0.176975604194916	0.049	0.042	1	CENPB	c4
0.457297687962738	0.176822513861327	0.011	0.01	1	FBXO36	c4
0.111834396010623	0.176793644744806	0.061	0.055	1	TRIM24	c4
0.00361798085071785	0.176775060777127	0.133	0.119	1	UBE2Z	c4
0.393287908943654	-0.17658941260504	0.019	0.021	1	TMEM268	c4
0.00109783842979586	0.176516866668799	0.082	0.069	1	CYB561D1	c4
0.110602790046592	0.176468284820888	0.095	0.088	1	MANEA	c4
0.0184517497595418	0.176436773228224	0.129	0.118	1	YARS2	c4
0.000675003812969557	0.176391089893992	0.082	0.068	1	XPR1	c4
0.0183111155739255	-0.176158574633749	0.085	0.097	1	PCNT	c4
0.000203201409112563	0.176064394518954	0.216	0.194	1	MED6	c4
0.00223130382790332	-0.175977473924194	0.157	0.175	1	ECSIT	c4
0.000102748872997698	-0.175737490267428	0.388	0.404	1	APEX1	c4
0.3769503550926	-0.175657282743899	0.012	0.013	1	AL645728.1	c4
0.00393668860212877	0.17562924616597	0.177	0.162	1	RPF1	c4
0.0141191199472806	-0.17562255169514	0.125	0.138	1	NANS	c4
0.00136392693049941	0.175606443116554	0.065	0.054	1	AC025171.2	c4
0.020682366562943	0.175573885667364	0.101	0.091	1	GPN2	c4
0.973233143381158	0.175484706135226	0.017	0.017	1	NAT14	c4
0.0504620534552031	0.175449843530375	0.027	0.023	1	RBAK	c4
0.0994080231048471	-0.175366777365629	0.122	0.13	1	FAM78A	c4
0.0110353462503568	-0.175344821356809	0.172	0.186	1	MPHOSPH6	c4
0.0117965813678267	-0.175285880274276	0.022	0.028	1	C9orf40	c4
0.273144186272384	0.175265495370147	0.014	0.012	1	PGBD4	c4
0.176711900746287	-0.175252958792187	0.069	0.074	1	DIP2B	c4
0.0313902498011373	0.175251398031708	0.126	0.116	1	NADK	c4
0.0477171780945147	0.175238217799582	0.097	0.089	1	TRIM37	c4
0.0071362876646687	0.175191488676799	0.094	0.082	1	LRRC23	c4
0.704435154801181	0.175051025366391	0.039	0.04	1	RMI1	c4
0.00109848516965872	0.17491208268011	0.069	0.057	1	GAA	c4
0.133959536926169	0.17486512709187	0.023	0.019	1	AC090061.1	c4
0.0147060540738732	0.174745186063073	0.065	0.057	1	QTRT2	c4
0.865022898446773	-0.17470044866107	0.044	0.043	1	POLI	c4
0.121640112404141	0.174626909429973	0.02	0.017	1	BBS10	c4
0.0857690532235958	0.174623970092364	0.029	0.024	1	WDR5B	c4
0.0247873249882807	0.174514840883086	0.091	0.082	1	DUS1L	c4
0.000404891579272542	0.174350102242115	0.116	0.099	1	PIGG	c4
0.00124660985814086	0.174253644709329	0.155	0.138	1	IQCB1	c4
0.19306682384421	-0.174206065887479	0.058	0.063	1	ADAM15	c4
0.0334300880517454	0.174205999811546	0.125	0.116	1	SCLT1	c4
0.000539450762881671	0.174184557101787	0.141	0.123	1	PDE12	c4
0.000383249689828027	0.174124719598603	0.179	0.159	1	C1orf35	c4
0.116939759471448	-0.174089552715358	0.115	0.122	1	RAD50	c4
0.730930764615029	-0.173952768635989	0.241	0.236	1	PBX4	c4
0.653621993372388	0.173934910114275	0.013	0.012	1	TTC30B	c4
0.000328975144944083	0.173706194205511	0.156	0.138	1	BTAF1	c4
0.110236007002068	0.173699902659268	0.113	0.106	1	PRIM2	c4
0.000125208442347802	0.173590142795084	0.149	0.128	1	HIPK1	c4
0.000365905704736202	0.173566815263339	0.227	0.206	1	TAF11	c4
0.0210669483194064	0.173527031678518	0.082	0.073	1	RELT	c4
0.0164473267223318	0.173318448859516	0.045	0.038	1	DHODH	c4
0.000161546650654679	0.17318689466014	0.16	0.14	1	KDM5C	c4
0.182899304240128	0.173127528221113	0.012	0.01	1	ARSD	c4
0.0445078557991735	-0.172959862206471	0.011	0.008	1	CKB	c4
0.0518779504619645	0.172913862162445	0.042	0.036	1	URB1	c4
0.385985736706766	-0.17289868967773	0.091	0.095	1	CCNG2	c4
0.000944926910930951	-0.172793263541735	0.025	0.034	1	TRBV7-6	c4
0.0915260661764394	0.172767108353515	0.035	0.03	1	AMACR	c4
0.821771945440538	-0.172752315856183	0.065	0.066	1	SYNGAP1	c4
0.29971572177569	0.172654151016422	0.066	0.062	1	ECI1	c4
0.0026045472601219	-0.172648021565777	0.262	0.28	1	CAMTA1	c4
0.00719909740194129	0.172522783890072	0.123	0.111	1	CNPY2	c4
0.0163400028299216	-0.172522391086724	0.064	0.074	1	TXNRD2	c4
0.0591228012238662	-0.172469398717503	0.274	0.281	1	TPP1	c4
0.184874867675119	-0.172455935318661	0.033	0.037	1	ZNF275	c4
0.0133994909876954	0.172288127505902	0.047	0.039	1	TEX261	c4
0.000378642564068736	0.172025077658982	0.149	0.13	1	VIRMA	c4
0.366867793734759	0.171910715713032	0.058	0.055	1	TNFAIP1	c4
0.00529672319465443	0.171789926314534	0.143	0.129	1	IFRD2	c4
0.0660191877439965	-0.171736849460271	0.362	0.364	1	MYO1F	c4
0.00533172709510789	0.171562080311057	0.123	0.109	1	C18orf25	c4
0.000103789409265607	-0.171529580165915	0.392	0.403	1	VDAC3	c4
0.00807704740880627	0.171502634907307	0.122	0.11	1	CDK7	c4
0.0103602679126188	0.17143839502012	0.155	0.142	1	MVB12A	c4
0.0366310083783029	0.171399987466507	0.092	0.083	1	HCCS	c4
4.31846822239473e-05	0.171279511098909	0.095	0.077	1	ZNF699	c4
0.000238527004651547	0.171143280966505	0.193	0.172	1	NELFA	c4
0.681533690711997	-0.171048299730676	0.014	0.015	1	ZSCAN12	c4
0.0140895590645345	0.170979922941562	0.132	0.12	1	AGPS	c4
6.0998350848323e-05	0.170960142957721	0.158	0.136	1	AARSD1	c4
0.122311270769717	-0.170814339967831	0.037	0.042	1	CEP19	c4
0.016838319825309	-0.170813924127179	0.194	0.207	1	CYP20A1	c4
0.00742601827071857	-0.170729806060747	0.142	0.156	1	LPGAT1	c4
0.000244299776989188	0.170684546714277	0.201	0.178	1	R3HCC1	c4
0.00010636426511976	0.170579445108725	0.132	0.112	1	PEX6	c4
0.00392861334902815	0.170428223069273	0.154	0.139	1	GCDH	c4
0.00456360113332323	0.170388112136235	0.108	0.095	1	MFSD8	c4
0.00443690783953377	0.170354447304808	0.099	0.086	1	B4GALT7	c4
0.000668769934934729	0.170189331624877	0.09	0.076	1	AIG1	c4
0.049405254609775	0.170154998703564	0.049	0.043	1	USP46	c4
0.290599838751296	-0.170116844019479	0.067	0.071	1	ZFAND4	c4
7.94852091199825e-05	0.170106180057703	0.076	0.061	1	DOPEY2	c4
0.881799890110034	-0.170005653430944	0.01	0.01	1	AL355075.4	c4
0.0350496916563196	-0.169916640036781	0.059	0.067	1	TBL2	c4
0.0328257725012118	0.169878157310261	0.041	0.035	1	ZNF345	c4
0.790073008668857	-0.169801989554939	0.302	0.295	1	IFI6	c4
0.0718176318200166	0.169753863378006	0.141	0.133	1	BUD13	c4
0.015714270106947	0.16973411599354	0.045	0.038	1	RBM27	c4
0.466018849557417	-0.169663403543928	0.013	0.015	1	DDIT4-AS1	c4
0.000161743666713675	0.169642681285386	0.123	0.105	1	ERCC6L2	c4
0.251195515779861	0.169640290223193	0.079	0.075	1	BOLA1	c4
0.0129086335184267	0.169640049281816	0.038	0.031	1	ZNF805	c4
0.982068751427764	-0.169614258122213	0.015	0.015	1	DUSP8	c4
0.00144148218329841	0.169598318368162	0.096	0.082	1	SLC39A13	c4
0.463737982212155	0.169536092394534	0.026	0.024	1	SETMAR	c4
0.375342560908422	-0.169531090444702	0.035	0.037	1	STXBP4	c4
0.0431658398466577	0.169511956622467	0.109	0.1	1	DYRK4	c4
0.22389165894979	-0.169467330969038	0.05	0.054	1	LRRC8A	c4
0.0447381508500097	-0.169447484909039	0.022	0.027	1	EEF1AKMT4	c4
0.0194378000803509	-0.169433654772237	0.066	0.075	1	LIN52	c4
0.358061000498567	0.169361255547428	0.018	0.02	1	APOM	c4
0.00148456752901035	0.16921392974576	0.112	0.097	1	RNF169	c4
0.00013790831024407	0.169189518676613	0.193	0.171	1	TOMM70	c4
0.0219659884494159	0.169118378370701	0.055	0.047	1	ASH1L-AS1	c4
0.349400545541581	0.169104186659318	0.039	0.036	1	BOLA2B	c4
0.00829058926269609	0.169022940804487	0.041	0.033	1	MBLAC2	c4
9.27580086746061e-05	-0.168892850728813	0.367	0.388	1	MAP7D1	c4
5.81900514534049e-05	0.168775808228737	0.126	0.106	1	RPF2	c4
0.0794381306539259	0.168651654557689	0.126	0.118	1	COQ9	c4
0.55722696242217	-0.168612415043818	0.083	0.084	1	HEATR5B	c4
0.792909196770705	0.168564945394643	0.012	0.012	1	AL117379.1	c4
0.00647438945104974	-0.168523198008371	0.139	0.154	1	PDCL	c4
0.0596557143759173	0.168522896126937	0.038	0.033	1	KIAA0753	c4
0.0104208077370433	0.168508488534285	0.055	0.046	1	ZBTB22	c4
0.00384114819780559	0.168380242593594	0.048	0.039	1	ZBTB41	c4
0.345316086742155	0.168370851079504	0.023	0.021	1	ZNF785	c4
0.686397250205835	-0.168337735943958	0.014	0.015	1	AC136475.2	c4
0.00341460764273135	0.168293034935801	0.035	0.027	1	ZNF169	c4
0.00535841580791789	-0.168179936278033	0.352	0.361	1	SNRPA	c4
0.0264141972293748	-0.168179139739792	0.077	0.087	1	PGAP2	c4
0.866814685233793	0.168162529533368	0.017	0.017	1	ST20	c4
0.00994911244525315	0.168135611832744	0.12	0.108	1	KLHL7	c4
4.21224936324463e-05	0.168091818476913	0.279	0.252	1	ILKAP	c4
0.230536433995421	0.168072442133975	0.075	0.071	1	MDM1	c4
0.631280127824332	-0.167906036415814	0.178	0.176	1	MPZL3	c4
0.0579170734806254	0.167890929388464	0.039	0.034	1	AC006449.6	c4
0.59536072719545	0.167877132852821	0.07	0.068	1	LRRC45	c4
0.000631788871478912	0.167876893834166	0.159	0.14	1	ZNF720	c4
3.59470401199475e-05	0.167784238568921	0.071	0.056	1	MLH3	c4
0.398994271856193	-0.167765192653757	0.069	0.072	1	KLHL21	c4
4.49482104199333e-05	0.167739157439045	0.212	0.187	1	NOL11	c4
0.000363130090836906	0.167693069627575	0.106	0.09	1	BRF1	c4
0.00336174835910851	0.167691557819726	0.094	0.081	1	GATC	c4
0.164207055025082	0.167532089619985	0.011	0.009	1	AL049780.2	c4
0.0455208871018916	-0.167497854874263	0.063	0.071	1	CEP295	c4
0.400816489928037	0.167436087928205	0.045	0.048	1	ZWILCH	c4
0.000389513454296384	0.167400634456923	0.161	0.142	1	AP1G1	c4
0.275494433402381	-0.167362480558178	0.078	0.082	1	ANKRD46	c4
0.0140475503385466	-0.16729108303867	0.348	0.352	1	DNMT1	c4
0.000245611492720943	0.167235946139973	0.165	0.144	1	BRAF	c4
0.0275700129873938	-0.167194524431386	0.147	0.158	1	IKBKB	c4
0.00632183617178049	0.167167894930516	0.073	0.063	1	PIP4K2B	c4
0.00965253489718074	-0.167154799621906	0.343	0.353	1	ATP2A3	c4
0.399011596901499	0.167046594717877	0.04	0.038	1	HACE1	c4
0.00272313514672458	0.167034670350379	0.129	0.115	1	METTL2B	c4
4.86538295167481e-05	-0.166996863577065	0.154	0.13	1	ZNF683	c4
0.0147946606147481	0.166991278199852	0.101	0.09	1	KIAA0586	c4
0.00503344244337127	0.166967210597837	0.051	0.042	1	ZFP82	c4
5.72607672010573e-05	0.16665318109727	0.15	0.128	1	KIAA0100	c4
0.0239509495099744	0.166644737748569	0.156	0.146	1	CCNB1IP1	c4
0.000300049982949474	0.166559926795341	0.135	0.116	1	PRMT7	c4
0.0165523727403457	0.166464610582083	0.144	0.132	1	COPS7B	c4
0.257910563371893	-0.166411532159685	0.01	0.011	1	RGS5.1	c4
0.00887620285937905	0.166395465023941	0.172	0.158	1	GNL2	c4
0.000955340137537303	0.166386352882607	0.143	0.126	1	LRRC58	c4
0.000276110303631884	0.166324147649751	0.197	0.175	1	NSUN2	c4
0.00124147568095885	0.166300705018115	0.134	0.118	1	EXOC6	c4
0.0015753988507236	0.166296131184018	0.155	0.138	1	TMEM167B	c4
0.00149642260185184	-0.166284716625459	0.433	0.444	1	SBDS	c4
0.114596228104274	0.166275621549458	0.043	0.038	1	OSGIN2	c4
0.274909878972142	0.166046846939685	0.042	0.039	1	PUS10	c4
0.000208726226548739	0.165949937173784	0.192	0.17	1	CHFR	c4
0.235763681629896	-0.165937962097745	0.123	0.128	1	ANKRD36	c4
0.00778539965674735	0.165895180711465	0.061	0.052	1	ZNF649	c4
0.000105679229209483	0.165892500666881	0.159	0.138	1	NUP214	c4
0.00163222710628573	-0.165810801197559	0.364	0.379	1	PTPN2	c4
0.00940330202326706	-0.165806427818627	0.24	0.255	1	CNTRL	c4
0.0152530084443017	0.165687732586341	0.113	0.102	1	NFKBIL1	c4
0.00517112389361046	0.165599188822094	0.12	0.107	1	ZC3H3	c4
0.000584178221134588	0.165560678453879	0.171	0.152	1	HIBCH	c4
0.0111799216846845	-0.165540029268932	0.069	0.079	1	MUT	c4
0.00501623359252209	0.165525954013052	0.088	0.076	1	PIGL	c4
0.34025735681059	-0.165506893764696	0.08	0.083	1	GCFC2	c4
0.0340524097286984	0.165429499569616	0.091	0.082	1	AC020915.3	c4
0.00467036922918539	-0.165347561136945	0.269	0.286	1	B4GALT3	c4
0.00786858771083863	0.165253775090227	0.163	0.15	1	UBA6	c4
0.229955885460693	-0.16519192921656	0.032	0.035	1	AC245014.3	c4
0.0147238311642476	-0.165055602886961	0.203	0.216	1	DCP1A	c4
0.769051614118722	0.165028407780305	0.018	0.018	1	INO80B	c4
0.407168099535914	-0.164901764900721	0.011	0.012	1	LIPT2	c4
0.000134891673158858	0.164792757629874	0.172	0.151	1	GBP3	c4
0.00112612812956027	0.1647859816577	0.157	0.14	1	THUMPD3	c4
0.291422666291147	-0.164730723886742	0.089	0.093	1	TMEM254	c4
0.173591242970049	0.164722974884696	0.088	0.083	1	NDUFAF1	c4
0.416824166736677	0.164688601841641	0.032	0.029	1	TAPT1	c4
0.0370424708060688	0.164482397415105	0.068	0.06	1	TOP3B	c4
0.315371809218191	0.164442397498685	0.024	0.021	1	FBXW9	c4
0.00601736128491268	0.164441256773137	0.141	0.127	1	MAPK6	c4
0.00156357563799716	-0.164400317484606	0.331	0.344	1	FAM96A	c4
0.894389302275184	0.164392782541691	0.018	0.018	1	SLX1A	c4
0.72101591062638	0.164382959768528	0.027	0.027	1	PRSS21	c4
0.241124988006963	-0.164363001064072	0.154	0.158	1	MBOAT7	c4
3.4974867827622e-05	0.164335665564367	0.219	0.193	1	DDX23	c4
0.108095175955269	-0.164299232174934	0.065	0.071	1	SLC35A2	c4
0.0408203980164494	0.164263904523913	0.09	0.081	1	GFM2	c4
0.000138265517088794	0.164145809294022	0.211	0.188	1	KIAA1143	c4
4.01357376945973e-05	-0.164104822192625	0.526	0.517	1	TALDO1	c4
0.00155218250032302	0.164046589584246	0.175	0.157	1	SOAT1	c4
0.0136272280141698	0.164022775014473	0.033	0.027	1	ZNF486	c4
0.549264352567254	0.163871810485884	0.027	0.025	1	TXNDC16	c4
0.0441503177601872	-0.163859325407223	0.125	0.135	1	RANGAP1	c4
0.000594795606141294	0.163816613158402	0.187	0.166	1	PPP1R35	c4
0.456666745972781	-0.1637256958382	0.009	0.01	1	LRRC29	c4
0.069678287935915	-0.163712594715254	0.337	0.34	1	APOL6	c4
0.0549274978912974	-0.163610717018105	0.137	0.146	1	CDCA4	c4
0.0323979711050131	-0.163597785110133	0.186	0.197	1	ARL14EP	c4
0.000119486346912847	0.163563430902057	0.051	0.039	1	CITED4	c4
0.935648940850807	-0.163402486901917	0.012	0.012	1	SNAI3-AS1	c4
0.0164939045439712	-0.163362012962794	0.124	0.136	1	ZSCAN16-AS1	c4
0.0994151097597093	0.163282475335147	0.075	0.069	1	ATG10	c4
0.0297970798815948	0.163224522276997	0.039	0.033	1	AC021054.1	c4
0.0219140574615059	-0.163191191559286	0.127	0.139	1	AAAS	c4
0.0925294824525854	0.163164358338977	0.011	0.008	1	PRMT5-AS1	c4
0.00114655387259828	0.163122230486795	0.148	0.131	1	ZDHHC7	c4
0.0415090128151481	0.163068703224998	0.139	0.129	1	GOT1	c4
0.00205343198711496	0.162872962248864	0.167	0.15	1	DNM1L	c4
0.846620128895023	-0.162802995782591	0.01	0.01	1	IGFBP6	c4
0.566635608286181	-0.162782902537091	0.043	0.044	1	DNAJA4	c4
0.09613123706202	-0.162737011960246	0.12	0.129	1	JAKMIP1	c4
0.00152576312879746	0.162632721669662	0.14	0.123	1	NOP16	c4
4.30192903064266e-05	0.162608514002625	0.13	0.109	1	TCEA2	c4
0.301640481052269	0.16246348958988	0.046	0.043	1	PNPLA4	c4
0.00567806123138251	-0.162358955435066	0.052	0.063	1	NDC1	c4
0.00847493265983602	-0.162337570553081	0.156	0.17	1	EDEM2	c4
0.380889589525196	-0.162277918717372	0.01	0.011	1	AC105052.3	c4
0.256850505592756	-0.162269100217037	0.29	0.29	1	SYNE1	c4
0.155464364340908	0.162258656167151	0.08	0.074	1	C2CD3	c4
0.000678868867045831	0.162258543917573	0.121	0.105	1	KIAA2026	c4
0.00196560474328961	0.162207150226259	0.062	0.051	1	ACBD4	c4
0.549013844011619	0.162183340823886	0.021	0.02	1	NR1H3	c4
0.10671663077338	0.162169650284719	0.072	0.066	1	NAA40	c4
0.0347184664250395	0.162160643333773	0.062	0.055	1	VMAC	c4
0.424666591515736	0.162124050244053	0.017	0.015	1	DMGDH	c4
0.00876984775581995	0.162007876873053	0.084	0.073	1	PARG	c4
0.000759811400844549	-0.16195266227642	0.026	0.036	1	CERS6	c4
0.00579011194113511	-0.16194712135314	0.06	0.071	1	AP5S1	c4
0.0149895403538308	0.161916876800262	0.033	0.027	1	FBXL14	c4
0.86523839987561	-0.161911039017657	0.014	0.014	1	PTGR2	c4
0.153356078334724	0.161895605528449	0.073	0.067	1	CEP44	c4
0.0155337547750474	0.161812550316148	0.048	0.041	1	L3HYPDH	c4
0.00489982060278352	0.161762685436122	0.143	0.128	1	SLC25A22	c4
0.885871899892928	-0.16167628181769	0.255	0.246	1	MYLIP	c4
0.170142861353125	-0.161480834822053	0.132	0.138	1	USP42	c4
0.811846172830196	0.161286294186053	0.024	0.024	1	NOMO1	c4
0.611124093995098	0.161270146042583	0.036	0.037	1	WDR4	c4
6.46006612605187e-05	0.161187623045206	0.191	0.167	1	NECAP1	c4
0.0610477442745874	0.16113633770782	0.095	0.087	1	QRSL1	c4
0.000538484597786051	0.161109659671884	0.129	0.112	1	FAM122C	c4
0.828741574015287	-0.1609543937366	0.043	0.044	1	GIN1	c4
0.000200225583743821	-0.160680388198999	0.253	0.277	1	MCTS1	c4
0.0226410678608829	-0.160594545316877	0.026	0.032	1	HIST1H2BN	c4
0.0113542043902797	-0.160582350610515	0.228	0.241	1	SAE1	c4
0.0467787349662227	-0.160578390391623	0.18	0.19	1	SPNS1	c4
0.00797717211088511	0.160572927129317	0.158	0.144	1	ACOT7	c4
0.000333409330851016	-0.16055325724055	0.424	0.43	1	PSMA3	c4
0.164006741631562	0.16053723493581	0.037	0.033	1	FOXK2	c4
0.00159844102591374	0.160503014008419	0.046	0.036	1	SLC14A1	c4
0.188204115907814	0.16042689899954	0.011	0.009	1	TRBJ2-3	c4
0.00873131847187396	-0.160274396145972	0.105	0.118	1	ICMT	c4
0.00190384758843266	0.160260114089007	0.185	0.168	1	TRIM26	c4
0.0621379880520962	0.160248714748789	0.021	0.017	1	AFDN	c4
0.496553986332899	-0.160156277032075	0.009	0.01	1	TTC8	c4
0.00433371343203514	0.160125507386367	0.145	0.13	1	RFK	c4
0.0840168918538578	0.160060614787214	0.07	0.064	1	SH3GLB2	c4
5.30010231002169e-05	-0.160000506026208	0.782	0.718	1	H2AFZ	c4
0.932281020813957	-0.159992231318	0.044	0.044	1	MNT	c4
4.02984869092318e-05	0.159974994280822	0.229	0.204	1	ATP6V1H	c4
0.116040721730643	0.15997152895784	0.08	0.074	1	DNAJC11	c4
0.00973949704092381	-0.159963626000985	0.024	0.031	1	GDAP1	c4
0.841693279935278	-0.159941246554518	0.014	0.015	1	ZNF594	c4
0.00220614657139328	-0.159894177543992	0.255	0.273	1	UQCC2	c4
0.030910176202152	0.159867414737639	0.048	0.041	1	Z93241.1	c4
0.346311203329399	0.159831389421023	0.065	0.062	1	HDAC6	c4
0.00821453218019928	-0.159817363669378	0.259	0.274	1	FAM104A	c4
0.160769859011372	0.159704138542884	0.03	0.027	1	ZSCAN30	c4
0.000330020538799598	0.159660861373264	0.109	0.092	1	COQ7	c4
0.640102852019769	-0.159626940742831	0.012	0.011	1	ABLIM2	c4
0.000115819999247129	0.159530042496682	0.177	0.155	1	TMEM33	c4
0.00381638713454565	0.159512972576958	0.12	0.106	1	PRAF2	c4
0.00120509093863131	-0.15950414355298	0.258	0.278	1	CHCHD5	c4
0.638755316314228	0.159493081240862	0.014	0.013	1	TOLLIP-AS1	c4
0.0284141258241096	0.159410445976635	0.089	0.08	1	ARL13B	c4
0.126378057206376	0.15931091782149	0.047	0.042	1	E2F6	c4
0.0348191424177546	0.159279477004074	0.088	0.079	1	ABCD3	c4
0.0204846750343067	-0.159244041484439	0.742	0.727	1	PTGER4	c4
0.00227707689702479	0.159239665218392	0.161	0.144	1	JOSD1	c4
0.0353016928780828	-0.159233729706636	0.616	0.602	1	ADGRE5	c4
0.00617137180676849	-0.159227639142026	0.046	0.056	1	SRD5A3	c4
0.00177267044054188	0.159027126001632	0.156	0.139	1	FCHO1	c4
6.78204120973469e-05	0.158908400452209	0.211	0.186	1	FAM98C	c4
0.00482962956757465	-0.158838298560327	0.034	0.043	1	SLC19A1	c4
0.051940344893147	-0.158838111892623	0.15	0.16	1	PPP1R15B	c4
0.00855335780591516	-0.158836085993082	0.169	0.184	1	POLD2	c4
0.00109208851612426	0.158762448609604	0.183	0.165	1	HSD17B7	c4
3.44307621333101e-05	0.158708987967205	0.276	0.247	1	QRICH1	c4
0.00694813421729046	0.15868292311306	0.165	0.151	1	DCAF12	c4
0.466117955208489	0.158569196186367	0.034	0.032	1	MSH5	c4
0.000170079631686373	0.158519436641775	0.197	0.174	1	GAPVD1	c4
0.153287913748446	0.158399445406788	0.065	0.06	1	ATG2B	c4
0.022448220425952	0.158369441880083	0.051	0.044	1	TRMT44	c4
0.40905259722683	-0.158087815312262	0.062	0.065	1	LINC02210-CRHR1	c4
0.0259252814851614	0.157925398891883	0.079	0.07	1	PRR12	c4
0.00029908076169775	0.157799332072769	0.136	0.117	1	HSD17B4	c4
0.935106337501268	0.157770750459296	0.019	0.02	1	AC008438.1	c4
0.0182972243049931	0.157770304409621	0.05	0.042	1	AC013394.1	c4
0.0102378995144878	-0.15767990098956	0.263	0.277	1	CDC73	c4
0.000119256233046845	0.157592619866518	0.169	0.148	1	ATXN2	c4
0.00842089450438358	0.157584527508112	0.09	0.079	1	RINT1	c4
0.0891319602056633	0.157521254479044	0.067	0.06	1	RNF123	c4
0.315529581257554	-0.157504513101089	0.187	0.189	1	CBFA2T2	c4
0.000771307861960064	0.157433287399683	0.092	0.078	1	THAP12	c4
6.71494595239838e-05	0.157306902368436	0.252	0.226	1	SIRT2	c4
0.873766645575813	0.157284235007686	0.045	0.046	1	UQCC1	c4
0.0295644233143071	0.157256270999831	0.099	0.09	1	TTC31	c4
0.0405382251114302	0.157141746930148	0.152	0.141	1	ARFIP2	c4
0.0641685951935943	0.15710818110507	0.054	0.048	1	ZFYVE1	c4
0.135290761912789	0.157092864610651	0.049	0.044	1	FBXW4	c4
0.294848784731227	-0.157085342223221	0.009	0.011	1	AC096677.1	c4
0.0143501415481245	-0.157041661623019	0.155	0.169	1	AGK	c4
0.0282098259843619	-0.156983631981318	0.264	0.274	1	TBC1D10A	c4
0.00036017615333644	0.156965731127577	0.202	0.182	1	SUPT7L	c4
0.105559655533596	-0.156958227194526	0.019	0.023	1	MIR497HG	c4
0.0729478194120936	0.156901915428328	0.03	0.026	1	KBTBD6	c4
0.0121206412422885	0.156863912409012	0.076	0.067	1	FRS2	c4
0.326124984310167	-0.156826738111696	0.075	0.079	1	RABGAP1	c4
0.758467536157661	0.156783467464157	0.046	0.047	1	CEP57L1	c4
0.0785813753752807	-0.156737479125844	0.093	0.101	1	GTF2H2	c4
0.977730732917582	0.156700585537713	0.075	0.076	1	FANCA	c4
0.484717743608647	-0.156685449653731	0.013	0.014	1	SPATA7	c4
0.30984528894532	0.156660197091458	0.01	0.009	1	AC008105.1	c4
0.112608335649001	-0.156640078866348	0.078	0.085	1	TMEM99	c4
0.20350679682948	-0.156625706582056	0.054	0.059	1	MTMR12	c4
0.173123697284666	0.156571394412098	0.062	0.058	1	TMCO4	c4
0.0520346082270418	0.156543459974108	0.06	0.053	1	ATL2	c4
0.00488990093318438	0.156541636134498	0.104	0.092	1	SPECC1L	c4
0.095154592518882	0.156521189377791	0.099	0.092	1	CMTR1	c4
0.16631802791229	0.156485597096855	0.039	0.035	1	ZNF79	c4
0.0580982740650972	-0.156340009212379	0.232	0.242	1	STK38	c4
0.000108905258832601	0.156238294869291	0.255	0.23	1	ARFGAP2	c4
0.000134238684633841	0.156225366242766	0.242	0.217	1	RCC1	c4
0.00744854629836729	-0.156112116590124	0.313	0.327	1	RPAIN	c4
0.0226824935967806	-0.156036500991274	0.41	0.412	1	DIAPH1	c4
0.000616815335090082	-0.155861421952737	0.402	0.416	1	GSDMD	c4
0.934875493136971	-0.155808230405427	0.103	0.102	1	ZNF33B	c4
0.0488773927677044	-0.155775428527507	0.262	0.27	1	PLCG1	c4
0.965012938336467	-0.155755661210427	0.085	0.084	1	SETD1B	c4
0.000200088804815296	-0.155721729315522	0.172	0.197	1	MPDU1	c4
0.000555500169416986	0.15563181516815	0.236	0.214	1	TMEM126A	c4
0.894319765376839	-0.155600326923994	0.043	0.043	1	ZNF181	c4
0.110846625297377	-0.155555681027725	0.317	0.319	1	MTHFD2	c4
0.0103209413237406	0.155546810172023	0.104	0.092	1	RPUSD4	c4
0.000673587495668739	0.155487238795951	0.14	0.123	1	PHF6	c4
0.00548372143459669	0.155396135363296	0.137	0.123	1	E4F1	c4
0.0243429617797166	0.155324082313002	0.062	0.054	1	ZBTB21	c4
0.0136848722715077	0.155309723646441	0.104	0.093	1	LIN7C	c4
0.0233596736245944	0.155259579802516	0.076	0.067	1	SIK3	c4
0.115538845608792	0.155242392352221	0.038	0.034	1	TYW1B	c4
0.00339156713263284	0.155236259908328	0.109	0.096	1	TRMT13	c4
0.417656753196806	-0.155186189957236	0.135	0.137	1	ZNF75A	c4
0.00143859916419431	0.155139463743797	0.11	0.095	1	HMBOX1	c4
0.00172986458461492	0.155107199479255	0.098	0.084	1	PHF8	c4
0.0162963448771648	-0.155032185253312	0.656	0.646	1	GZMM	c4
0.00888414562059655	-0.155030233590606	0.18	0.195	1	TCEAL8	c4
0.000114080986508303	0.154973747242148	0.096	0.079	1	EXOC8	c4
0.00317180875481141	0.154933853704284	0.186	0.169	1	ZFX	c4
0.388519078137559	-0.154920311488191	0.072	0.075	1	MIGA2	c4
0.0213540347112214	0.154902680801294	0.151	0.14	1	TMEM11	c4
0.0388957290387634	0.154874318307359	0.083	0.074	1	XPNPEP3	c4
0.00698954515303507	0.154867470760757	0.147	0.133	1	NUP133	c4
0.389175223408817	0.154658260230888	0.072	0.069	1	TTI1	c4
0.00109618227979103	-0.154645953315675	0.418	0.427	1	TMEM35B	c4
0.0103552619647704	0.154432884205364	0.207	0.193	1	ARMC1	c4
0.238147697614872	0.154320423124796	0.052	0.048	1	LARS2	c4
0.199672816377489	-0.154277960601918	0.204	0.193	1	PMAIP1	c4
0.000220942325369096	0.154239746063056	0.202	0.18	1	OARD1	c4
0.410479795534683	-0.154133116453128	0.036	0.038	1	SLC9A1	c4
0.113966797616518	-0.154025466979611	0.035	0.04	1	GORAB	c4
0.00820316463345744	0.153993275433812	0.087	0.076	1	EMC1	c4
0.179430541315631	-0.15394881305343	0.038	0.042	1	SLC16A1-AS1	c4
0.26847209401288	0.153925242013903	0.113	0.109	1	TBC1D7	c4
0.0239748019309215	0.153895755261217	0.167	0.156	1	RPP25L	c4
0.0179759205204085	0.153875650902215	0.013	0.01	1	AL135791.1	c4
0.000274221140503035	0.153600961933278	0.178	0.157	1	TYK2	c4
0.890379683414703	-0.153579043007696	0.11	0.109	1	UTY	c4
0.0199730974816386	0.153567957914594	0.097	0.087	1	C5orf22	c4
0.00148705812218148	-0.153409376505217	0.136	0.155	1	ARL3	c4
0.0248617813682682	0.153368588188878	0.035	0.029	1	AC124016.1	c4
0.00579888946615968	0.153210662187718	0.131	0.117	1	DIS3	c4
0.0689299879227168	0.153161546552945	0.038	0.033	1	ZNF551	c4
0.551651993196538	0.153135966529736	0.018	0.017	1	HIST2H2BE	c4
0.0235355420329794	-0.153126794662276	0.232	0.244	1	HEXB	c4
0.0962695974790561	0.153065316279362	0.04	0.035	1	TMEM164	c4
0.000516516913798919	-0.152966293204554	0.362	0.379	1	TEX264	c4
0.195092908729184	0.15291775450217	0.117	0.112	1	COX10	c4
0.981766335186434	-0.152895761768445	0.019	0.019	1	FBXL16	c4
0.0001399974525191	0.152825008892779	0.286	0.26	1	MTCH2	c4
0.000488664850747424	0.152733828344297	0.071	0.058	1	DCUN1D4	c4
0.000121454542525242	0.15263396166285	0.269	0.243	1	FASTK	c4
0.00623663588532963	0.152597565340697	0.121	0.107	1	HEBP1	c4
0.00766984122053859	0.152556790224253	0.058	0.049	1	N6AMT1	c4
0.00374935303609566	0.152513312216281	0.242	0.225	1	QARS	c4
4.87006334071313e-05	0.152469854904289	0.227	0.202	1	IBTK	c4
0.0125245744530688	0.152425716376018	0.089	0.078	1	NRDE2	c4
0.00098202743504586	0.152376335339646	0.106	0.091	1	TUBE1	c4
0.236817294090252	-0.15230255219045	0.047	0.051	1	ALDH6A1	c4
0.859318891098403	0.152293114783169	0.025	0.026	1	ZEB1-AS1	c4
0.544152527106625	-0.152236979702726	0.028	0.03	1	MIR22HG	c4
0.100173780891546	-0.152163000108711	0.172	0.18	1	PYGO2	c4
0.000161940670388019	0.152043836967855	0.222	0.199	1	ANKRD13A	c4
9.01162235849404e-05	-0.151963905196181	0.117	0.097	1	DUSP6	c4
0.097854736603294	0.151959042329399	0.123	0.116	1	PRPF4	c4
0.281380081814288	0.151852166100339	0.029	0.027	1	GTF3C4	c4
0.0558048197191492	-0.151808702429593	0.227	0.237	1	CLSTN1	c4
0.0381832942825271	0.151789533421777	0.127	0.117	1	GBA	c4
0.0324390506201327	0.151667372671176	0.109	0.099	1	KLHL18	c4
0.761265539156765	0.151660257837601	0.01	0.009	1	B3GNT10	c4
0.0622548043343688	0.151644893509737	0.032	0.027	1	TEX2	c4
0.712786474324213	-0.151628884809399	0.017	0.017	1	ZNF837	c4
0.0509762219887707	0.151619429042835	0.045	0.039	1	AL359915.2	c4
0.0384104226202601	-0.15161366832078	0.136	0.148	1	PARN	c4
0.000213525293255743	0.151580874124469	0.249	0.224	1	UBE2E1	c4
4.15866496979532e-05	0.151519815054381	0.243	0.217	1	STK25	c4
0.0126674818378619	0.151479040021507	0.109	0.097	1	PEX13	c4
0.00314777184771346	0.151436670326763	0.12	0.106	1	FNIP1	c4
0.806492704864371	-0.151410624921054	0.322	0.308	1	DYNLT3	c4
0.804470738423755	0.151301449446154	0.037	0.036	1	RNASEK-C17orf49	c4
5.54818977453194e-05	0.151266611246087	0.282	0.254	1	MIA2	c4
0.0101448461308638	-0.151180536410258	0.011	0.015	1	FAM72A	c4
0.13660203159084	-0.151117084961103	0.118	0.125	1	NBAS	c4
0.000486975637493488	0.151087322388938	0.199	0.178	1	DKC1	c4
0.0721865030608725	0.151077257480035	0.044	0.038	1	TTC22	c4
0.00918563261367847	0.15107389716082	0.123	0.11	1	CGRRF1	c4
0.000813858974898408	0.15090821644399	0.305	0.283	1	TMEM183A	c4
0.127672257544388	-0.150888140128786	0.198	0.205	1	STX17	c4
0.000722899815736065	0.150778440042674	0.068	0.055	1	CYB561D2.1	c4
5.84254339061106e-05	0.150737662610604	0.255	0.228	1	ARL8B	c4
0.00101113818130483	0.150734916744351	0.171	0.152	1	ZNF107	c4
0.815096107506913	-0.150313448377472	0.017	0.017	1	LRRC37A2	c4
0.00949130241689651	0.150234829036521	0.065	0.056	1	AL451062.3	c4
0.165762244625964	-0.150090257629634	0.144	0.15	1	ABCB7	c4
0.000411207474315154	0.149953175762348	0.215	0.193	1	AFTPH	c4
9.54449659248038e-05	0.149924479085713	0.191	0.168	1	DMTF1	c4
0.0283014456661615	0.149867327354559	0.126	0.115	1	SNX12	c4
0.39826437361391	-0.149723571343498	0.082	0.085	1	AGTPBP1	c4
0.0802546119820553	0.149676145404353	0.112	0.104	1	METTL13	c4
0.000211621349885344	0.149652732357566	0.202	0.179	1	ZNF830	c4
0.250354880394734	-0.149442530576925	0.027	0.03	1	PRDM10	c4
0.00214543675089148	-0.149434075624715	0.124	0.141	1	TOR2A	c4
0.000946839017591361	0.149400222919157	0.213	0.193	1	AAGAB	c4
0.00970854294593015	-0.14936379175694	0.107	0.12	1	CNP	c4
0.04152357283444	0.149357384048173	0.082	0.074	1	RPP14	c4
0.0757122346725727	0.149352600817096	0.044	0.039	1	PPP1R12B	c4
0.0120392397215315	0.149349158888542	0.067	0.058	1	GFOD2	c4
0.026330095651455	0.149314604834033	0.107	0.097	1	GPATCH11	c4
0.00651832312704702	0.149308420200811	0.205	0.19	1	SSSCA1	c4
0.00686076443658463	-0.149306667423756	0.431	0.432	1	MYDGF	c4
0.023557175609048	0.14925352182953	0.103	0.093	1	NOC3L	c4
0.000652498821953387	0.149253467786713	0.168	0.148	1	SART3	c4
0.0117964547401941	0.149240967920346	0.124	0.112	1	PNPT1	c4
0.00743925089348339	0.14919805038188	0.046	0.038	1	ZNF337	c4
0.849555729461053	-0.149146016348583	0.456	0.434	1	FLNA	c4
0.0705757874150128	0.149116209603476	0.062	0.056	1	NDUFAF5	c4
4.75391338493796e-05	-0.149111527453488	0.004	0.01	1	E2F7	c4
0.496600571653139	-0.149062055907968	0.023	0.025	1	CAB39L	c4
0.0224055358519026	0.148944449270328	0.21	0.198	1	PCBD1	c4
0.0027834989309901	0.148940508867271	0.213	0.196	1	RMC1	c4
0.0441367916383366	0.148923367944495	0.054	0.048	1	AARS2	c4
0.0767266784591062	-0.148751466556869	0.054	0.061	1	PLAGL2	c4
0.0460190628883403	-0.148741975472048	0.101	0.11	1	MUTYH	c4
0.0191943938433837	0.148693124876399	0.057	0.049	1	APBB3	c4
0.000245371417288576	0.148676139702011	0.23	0.207	1	MRPS23	c4
0.0634343486911225	0.148671326120621	0.088	0.08	1	CCDC58	c4
0.000978195974726785	0.148470178007864	0.219	0.199	1	COPS4	c4
0.0015801234425065	0.14843437773582	0.217	0.198	1	DHRS4	c4
0.000207493533097625	0.14841798213164	0.232	0.207	1	TRIM4	c4
0.00109296806998891	0.148356285677033	0.173	0.155	1	SLC30A9	c4
0.0412401235028931	0.148304993015714	0.096	0.087	1	SLC30A6	c4
0.185084741343523	0.148303450932283	0.024	0.021	1	ZNF616	c4
0.02148675711249	0.148263282228104	0.085	0.075	1	ENOX2	c4
0.00107389303317157	0.148195439829609	0.187	0.167	1	ACSF3	c4
0.232571833087756	-0.148184411712992	0.088	0.093	1	RBFA	c4
0.0124361980225747	0.148162426661821	0.059	0.051	1	ZNF621	c4
0.164188009110826	-0.148093008769105	0.093	0.099	1	RRS1	c4
0.00877062876017565	-0.148031382801302	0.078	0.09	1	GLYCTK	c4
0.00152726336116134	0.148023688843721	0.028	0.021	1	BLK	c4
0.496940483370037	-0.148016761102253	0.065	0.067	1	RBMXL1	c4
0.0453627156271253	-0.147995897655015	0.072	0.08	1	TMCO6	c4
0.00028184205549364	-0.147980615061474	0.534	0.535	1	KPNB1	c4
0.331561602495095	-0.147898196426073	0.131	0.135	1	CDC37L1	c4
0.000190611429676968	0.147878128755289	0.241	0.217	1	PSME3	c4
0.0960909888399463	0.147853860490166	0.154	0.147	1	DCTN5	c4
0.249150071375682	-0.147823808936917	0.028	0.031	1	PHF13	c4
4.17520268271993e-05	0.147799227731708	0.287	0.259	1	PAF1	c4
0.00637548490738636	0.147743220923453	0.167	0.152	1	C6orf136	c4
0.0203113180780959	-0.147627650615265	0.086	0.097	1	BNIP1	c4
0.00646456804864195	0.14745539124367	0.133	0.119	1	YIPF2	c4
0.169457397559926	0.147422125340054	0.052	0.048	1	FAM221A	c4
5.5937094848402e-05	0.147356463414453	0.308	0.28	1	COPA	c4
0.0480699580986292	0.1472943524833	0.152	0.142	1	MAGOHB	c4
0.31963556224362	-0.147282982879583	0.025	0.027	1	KYAT1	c4
0.058647478266942	0.14728045017722	0.033	0.028	1	PLEKHA8	c4
0.0121169695884823	0.147266666660984	0.112	0.101	1	ALG6	c4
0.159374498845714	0.147229787456342	0.023	0.02	1	ZKSCAN3	c4
0.266131101306478	0.147204681906201	0.034	0.031	1	MAFK	c4
0.968955723882901	-0.146942257388984	0.011	0.011	1	MAN1B1-DT	c4
0.0207256518321187	0.146922861105026	0.162	0.15	1	SNX4	c4
0.031756759087364	0.146876210122845	0.095	0.086	1	TMEM206	c4
0.152142654145155	0.146867403310283	0.018	0.015	1	BMP2K	c4
0.000921992632203721	-0.146818345732054	0.377	0.394	1	GDI1	c4
0.00119032235257935	0.146750346692154	0.142	0.125	1	DCAF10	c4
0.0117097756844117	0.146721485422649	0.152	0.139	1	LARP4	c4
0.0213133656091504	0.146609803881182	0.086	0.077	1	LACTB	c4
0.731270938702246	0.146600078301077	0.014	0.014	1	DDTL	c4
0.257012686916513	0.146585187503912	0.076	0.071	1	DNAJC13	c4
0.000133635061552371	0.146423405559407	0.163	0.141	1	BRD3	c4
0.401090881429058	0.146351539508936	0.016	0.015	1	CCNJ	c4
7.74187120746104e-05	0.146334180673279	0.193	0.169	1	RC3H2	c4
0.0509167699312984	0.146318331610066	0.095	0.087	1	APOL1	c4
0.272082866103482	-0.146263733663679	0.163	0.169	1	GLCCI1	c4
0.02723112051324	0.146149420890238	0.03	0.025	1	AC104596.1	c4
0.053262777226068	0.146086822923638	0.057	0.051	1	CARF	c4
0.40765066608407	-0.146041641228953	0.033	0.031	1	CSRNP2	c4
0.00187630044080676	0.146040993217541	0.124	0.109	1	SPRTN	c4
0.00204297636470014	0.146029969256562	0.193	0.175	1	TRAPPC12	c4
0.0192269026023832	0.146016622342321	0.018	0.013	1	ZNF793	c4
0.0041238164080434	0.145976356693162	0.155	0.14	1	CNOT10	c4
0.394990833458165	0.145948983498106	0.087	0.084	1	LRRC40	c4
0.283761496192204	-0.145834584952911	0.027	0.03	1	USP30	c4
0.0763003476870869	0.145796896845204	0.014	0.011	1	ZNF582-AS1	c4
0.873753786036366	0.145597370748412	0.017	0.017	1	MAP3K7CL	c4
8.47712618190192e-05	0.145569347183064	0.268	0.242	1	CNOT1	c4
0.301872250743059	-0.145536652768262	0.116	0.121	1	ANKRD36B	c4
0.000880997227081237	-0.145435289163324	0.638	0.638	1	SNHG8	c4
0.00556481855020998	-0.145394258599122	0.523	0.518	1	CASP4	c4
6.03197380876783e-05	0.145313171099386	0.156	0.134	1	ANO6	c4
0.418098706004174	-0.14526563601897	0.053	0.055	1	DHX58	c4
0.000199249582169645	0.145210768498439	0.26	0.235	1	RABL6	c4
7.90632211348037e-05	0.145185074912461	0.198	0.174	1	PICALM	c4
0.176896875240535	-0.145107203811073	0.223	0.23	1	DIP2A	c4
0.120622692884655	-0.145058677495444	0.191	0.198	1	QTRT1	c4
0.794803649245073	0.144892168515976	0.05	0.05	1	MTHFD2L	c4
0.0548517335878638	0.144746502318567	0.076	0.069	1	FBXO25	c4
0.224293326655688	-0.144663535033517	0.096	0.102	1	CES2	c4
0.205053264272225	-0.144617612452587	0.112	0.117	1	NBPF19	c4
0.121477633489438	-0.144587994387962	0.168	0.176	1	PELI1	c4
0.058572034114697	0.144562668006076	0.073	0.066	1	GGACT	c4
0.296297746668425	-0.144560617180775	0.101	0.105	1	PI4KA	c4
0.145677060806473	0.144524386186823	0.109	0.103	1	TIMM29	c4
0.0146953271295809	0.144377471073669	0.159	0.146	1	C1GALT1C1	c4
0.824991574697997	0.144342518055029	0.018	0.019	1	FAM161A	c4
0.0219504919710016	-0.144214625313856	0.162	0.175	1	DTX3L	c4
4.55216456022253e-05	0.144198574260805	0.231	0.204	1	TUT7	c4
0.0091783942163726	-0.144058502854364	0.25	0.265	1	LETMD1	c4
0.00173285528240684	0.14397383394053	0.137	0.121	1	CSNK1G2	c4
0.342619401710961	-0.143934729546932	0.128	0.132	1	ZNF280D	c4
0.0277572437105052	0.143856696715037	0.091	0.081	1	ZBTB45	c4
0.705710045584758	-0.14385586830589	0.033	0.034	1	IFFO2	c4
0.0741870923534732	0.143800043865702	0.087	0.08	1	ZFYVE19	c4
0.00727503549966744	0.143783452668516	0.196	0.181	1	ERCC3	c4
0.0182339232023574	0.143767308247038	0.137	0.125	1	SMG5	c4
0.021804329931036	0.143758067101448	0.013	0.01	1	NPTXR	c4
0.0207141030267879	0.143577916441642	0.049	0.042	1	AF165147.1	c4
0.782802801447844	0.143526874102557	0.048	0.047	1	DHRS7B	c4
0.865415042289097	-0.143483389720507	0.601	0.582	1	MYADM	c4
0.501405379068964	-0.143342745263311	0.018	0.017	1	CAPS	c4
0.102793240203826	0.143302308093324	0.104	0.097	1	MSRA	c4
0.0758968850540027	0.143255461378919	0.058	0.052	1	IFT88	c4
0.339026748948797	0.143245170410424	0.014	0.013	1	EXT1	c4
0.0140600653686449	0.143227436180656	0.126	0.114	1	GAMT	c4
0.00285392616319501	0.143185999932567	0.071	0.06	1	ZNF605	c4
0.000379327819049488	-0.143182060713556	0.669	0.66	1	DENND2D	c4
0.0814819663200123	0.143161272634677	0.012	0.009	1	ZNF320	c4
0.00011195270455273	0.143122059759252	0.234	0.21	1	ZMYM5	c4
0.0286579025837504	0.143025513007927	0.094	0.084	1	NAGA	c4
0.763086151059098	0.142934111166215	0.011	0.01	1	MAP1A	c4
0.00656616032725532	0.14275042656795	0.165	0.151	1	ERI3	c4
0.00382631088984931	-0.142745277648746	0.293	0.266	1	TNFSF9	c4
0.000119676985394428	0.142673412317489	0.182	0.158	1	GCLM	c4
0.00342939613076175	0.142648216951071	0.164	0.148	1	MTMR6	c4
0.631021596913945	-0.142633435617971	0.03	0.031	1	ZNF783	c4
0.0907927807593709	0.142564067335484	0.127	0.12	1	UBR7	c4
0.0236731191681331	-0.142525915493087	0.155	0.168	1	PTEN	c4
0.956290631159017	0.142511481629851	0.075	0.076	1	RCC2	c4
0.209483391144003	0.142497012705981	0.09	0.085	1	TTC33	c4
0.580518890568204	-0.142491292490682	0.129	0.124	1	AL118516.1	c4
0.528782518760451	0.142487212716904	0.03	0.028	1	PAQR3	c4
0.292204137740125	0.142473708997348	0.091	0.086	1	SRBD1	c4
0.0329580042455717	-0.142386870768753	0.166	0.179	1	GSS	c4
0.131628119080563	-0.14234892467526	0.209	0.216	1	HELB	c4
0.0931338969535761	-0.142247034188156	0.047	0.053	1	CCDC152	c4
0.000549171040466448	0.142141118440852	0.242	0.22	1	ASB8	c4
0.000280267268384006	0.142028058642566	0.227	0.204	1	ICE1	c4
0.906234576335513	-0.141942759836512	0.029	0.029	1	POLR3B	c4
0.0483535889764991	-0.141926727478808	0.105	0.114	1	TMEM69	c4
0.0184970615808973	0.141915949016473	0.136	0.124	1	CLPX	c4
0.00188020674058234	0.141911762358652	0.187	0.169	1	SLC30A5	c4
0.260469388211252	0.141890779038621	0.121	0.117	1	DMAC2	c4
0.000585987010048941	-0.141884875098557	0.506	0.504	1	ANP32A	c4
0.0555770875765909	-0.141858495433976	0.128	0.138	1	PGS1	c4
0.488517673129365	0.141797794478182	0.075	0.072	1	DHDDS	c4
0.00383690489809474	0.141774358744835	0.155	0.139	1	YRDC	c4
0.00316697314830359	-0.141582312990927	0.087	0.101	1	TRIM41	c4
0.00587832797075364	0.141509784155738	0.23	0.214	1	PLPBP	c4
0.801411479063406	-0.141477392447724	0.184	0.182	1	PLEC	c4
0.00144084422215732	0.141463227256294	0.188	0.169	1	MAPKAPK5-AS1	c4
0.0123807572869983	-0.141367874052404	0.34	0.348	1	TXNDC17	c4
0.0546014565530108	0.141352602158346	0.023	0.019	1	ZNF354C	c4
0.393870933287801	0.141341057293072	0.041	0.038	1	DFFB	c4
0.452760450902433	-0.141237080900171	0.956	0.925	1	HMGB1	c4
0.0299740967179217	-0.141197754941142	0.701	0.666	1	TUBA1A	c4
0.739161403789482	-0.141196526411479	0.081	0.082	1	PAN3	c4
0.175892245440906	-0.140936799465304	0.035	0.031	1	NAIP	c4
0.0126193372770694	0.140931845377432	0.2	0.187	1	FAM120A	c4
0.0357193162930711	0.140926965787608	0.077	0.068	1	TMEM238	c4
0.200553962410972	-0.140901859969845	0.059	0.064	1	FAM213B	c4
0.777765094324877	0.140822833887626	0.027	0.028	1	STOML1	c4
0.0486851459955607	-0.140803428980909	0.091	0.1	1	POLR2J3	c4
0.0470010343387511	0.140798945403834	0.1	0.091	1	THAP3	c4
0.113568525654867	-0.140544028979968	0.066	0.073	1	ERI1	c4
3.01169381937237e-05	0.140522665327897	0.275	0.245	1	PSMD12	c4
0.0139108711325425	0.140449178763383	0.127	0.115	1	SLC35B3	c4
0.0111536534605855	0.140444627607708	0.169	0.156	1	KPNA6	c4
0.0934247359361384	0.140415829064381	0.091	0.084	1	MCCC1	c4
0.0406573678727202	-0.140394258734856	0.102	0.112	1	MAD2L1BP	c4
0.00123488606861198	0.140361576166792	0.218	0.199	1	BZW2	c4
0.664054643227198	0.140293851588128	0.02	0.019	1	ABHD14A	c4
3.90514293525811e-05	0.140259147973954	0.116	0.096	1	PCNX2	c4
0.0147657429636417	0.140206136205159	0.079	0.069	1	ZNF611	c4
0.000397269003752921	0.140184713604879	0.107	0.091	1	DHRS13	c4
0.000452330733776076	0.140017235421445	0.297	0.273	1	UBE2J2	c4
0.000344432071118781	0.139970340461453	0.229	0.208	1	TRIP12	c4
0.00804017191904847	0.139896413357429	0.062	0.053	1	SPATA5	c4
0.413140282176491	0.139871650582016	0.061	0.058	1	TCP11L1	c4
3.48516892188625e-05	0.139855513190472	0.165	0.141	1	POLR1C	c4
0.00170526626222172	0.139771670312112	0.082	0.069	1	UBE2D4	c4
0.772910296015082	0.13975441462357	0.012	0.012	1	AL139260.1	c4
0.444228085578436	0.13974012703419	0.063	0.061	1	WDR34	c4
0.0046783704859472	0.139675791897089	0.179	0.163	1	DNAJC17	c4
0.00041230331202095	0.139599070470209	0.209	0.188	1	BCAP29	c4
0.289106360387814	0.139581871118212	0.038	0.036	1	TRIM66	c4
0.338116829332538	-0.139476907504484	0.073	0.077	1	CSPP1	c4
0.406788121602606	0.139441989191999	0.016	0.014	1	HIST2H2AA3	c4
0.803240494658253	-0.139317979669219	0.087	0.087	1	BTD	c4
0.000276621187917652	0.13923739285535	0.24	0.216	1	EBP	c4
0.0319348995722572	-0.139201544250303	0.088	0.098	1	MIOS	c4
0.00139201411866912	0.138965564976677	0.156	0.138	1	AC010642.2	c4
0.0312966624740372	-0.138869686178995	0.244	0.256	1	GARS	c4
0.155151300486008	-0.138778014523448	0.335	0.338	1	RHBDD2	c4
0.0313581120926435	-0.138773719199833	0.223	0.234	1	CERS2	c4
0.00192575177978352	-0.138754118618619	0.674	0.652	1	CSK	c4
0.000340496459957146	0.138749409112314	0.206	0.184	1	KRIT1	c4
0.187183487349097	-0.138709217042774	0.035	0.039	1	LIG4	c4
0.182782313345053	-0.138617557583113	0.045	0.05	1	PAFAH2	c4
0.00239731069641608	0.138434383648918	0.137	0.121	1	PCGF1	c4
0.236601974920023	-0.138425716191996	0.031	0.035	1	C1orf159	c4
0.447187061590037	0.13839095875788	0.069	0.066	1	KLHL42	c4
0.240347054043217	-0.138309543856139	0.072	0.077	1	RABGEF1	c4
0.00177218236709441	0.138284662860173	0.215	0.195	1	TAPBPL	c4
0.146620198874485	-0.138150859987829	0.03	0.034	1	UTP14C	c4
0.0852002923699367	0.138133140948651	0.039	0.034	1	ZSWIM9	c4
0.0159483343509678	0.138128941530462	0.126	0.114	1	TMEM41B	c4
0.000584197673333527	-0.138005836637245	0.032	0.043	1	CHAC2	c4
0.0409386497763425	-0.137981791661659	0.107	0.117	1	RAD1	c4
0.691842175973312	-0.137847771739067	0.014	0.015	1	SH3BP5-AS1	c4
0.0570137678004125	0.137837688525737	0.018	0.014	1	DOCK7	c4
0.701410240020157	-0.137814686157017	0.108	0.105	1	DBP	c4
0.112048927324703	0.137775932759649	0.038	0.033	1	ZNF510	c4
0.0520637988498006	-0.137754241164357	0.24	0.251	1	NT5C3A	c4
0.0043467389554447	-0.137732285833315	0.055	0.066	1	POLD1	c4
0.0165451843897766	0.137708797527679	0.147	0.134	1	HUS1	c4
0.0469585184768976	0.137609620704381	0.107	0.099	1	GPR89A	c4
0.122992964582016	0.137526455771173	0.077	0.071	1	DCAKD	c4
0.000122237629965629	0.137508847042962	0.169	0.147	1	VPS33A	c4
0.49595144970434	-0.137450564103811	0.035	0.037	1	MFSD12	c4
0.922982298040741	-0.137421342659461	0.063	0.063	1	HIST2H2AA4	c4
0.65340951241866	-0.137416678756132	0.053	0.051	1	LINC00954	c4
0.0195376295636623	0.137249823759058	0.081	0.072	1	RBSN	c4
0.00211896223599983	0.137192097545044	0.155	0.138	1	KCTD13	c4
0.269064244541927	0.137189312780158	0.124	0.119	1	TAF8	c4
0.167897849193735	0.137188707490779	0.064	0.059	1	RBM41	c4
0.00475921254182777	0.137179803729355	0.127	0.113	1	C16orf72	c4
0.247365623001998	-0.137148181169976	0.047	0.051	1	RFX7	c4
0.107526023110708	-0.137098985219021	0.045	0.05	1	EOGT	c4
0.005592313833745	0.137004797392882	0.139	0.125	1	GSR	c4
0.0544915998609427	0.136774605207329	0.102	0.094	1	RPRD1B	c4
0.307406392980265	-0.136731738991379	0.275	0.276	1	FAS	c4
0.0826238942633837	-0.136721875067089	0.476	0.473	1	ITGAL	c4
0.00135741052993426	0.136679041202011	0.115	0.1	1	USF3	c4
0.22901245577363	0.136657416353191	0.051	0.047	1	TTPAL	c4
0.00051982791608231	0.136563274826581	0.141	0.123	1	BRI3	c4
0.25681226090975	0.136511376343575	0.063	0.059	1	XXYLT1	c4
0.000353075692052859	0.136432201082854	0.11	0.093	1	ZXDC	c4
0.00650343987163692	0.136428772922308	0.017	0.012	1	ZNF223	c4
0.0841182119032865	0.136381806527448	0.077	0.071	1	SCRN3	c4
0.160428666145267	0.136369075304681	0.084	0.079	1	XPO7	c4
0.340595043303672	-0.136288615866845	0.13	0.135	1	JARID2	c4
0.090251773917933	0.136278632002147	0.054	0.049	1	PHKA2	c4
0.765592902928397	-0.136270336178128	0.023	0.024	1	S1PR2	c4
0.0351403884666273	-0.13619821286934	0.483	0.48	1	UQCRC2	c4
0.049189689024551	0.136080627163113	0.066	0.059	1	TBC1D22B	c4
0.000504331540915244	0.136074104944989	0.182	0.162	1	WASHC2C	c4
0.0244005281836195	0.136069158306303	0.059	0.051	1	ZNF865	c4
0.739902103632738	-0.136031976928468	0.015	0.014	1	BTBD8	c4
0.279664643604719	-0.136024195682751	0.339	0.337	1	STT3B	c4
0.0242472579238824	-0.136012241362201	0.077	0.087	1	BRI3BP	c4
0.0527835900775359	-0.136011734955028	0.077	0.086	1	JAK2	c4
0.117580675244283	0.135981519450027	0.052	0.047	1	VAMP1	c4
0.756511385892653	-0.135946162058052	0.057	0.058	1	LRIG2	c4
0.260329043248714	0.135883912465734	0.096	0.092	1	SLC38A5	c4
0.504016721714252	0.135815762650739	0.095	0.093	1	TOMM34	c4
0.577532261921277	-0.135747776363669	0.035	0.037	1	NKRF	c4
0.000183457993667709	0.135615793386517	0.169	0.148	1	WASHC2A	c4
0.0217982883999366	-0.135537926311752	0.256	0.268	1	YIF1B	c4
0.00014713968102252	0.135523140052954	0.187	0.164	1	PRPF3	c4
0.443300594317833	-0.135460568200886	0.015	0.016	1	AC245060.5	c4
0.27362584622021	0.135437447640144	0.096	0.091	1	FAM76B	c4
0.409086654730976	-0.135369501471439	0.049	0.052	1	ZBED4	c4
0.00328360965375386	0.135349387873283	0.148	0.132	1	MCM6	c4
0.269171304974802	0.135303073471344	0.013	0.012	1	ZSWIM4	c4
0.00183319787236609	0.135252175677164	0.158	0.141	1	PAM16	c4
0.162317967041682	-0.135121018631169	0.131	0.139	1	TSPAN17	c4
0.0220223584293995	0.135112910695269	0.126	0.114	1	FCF1	c4
0.00598779807638517	-0.135087646113919	0.081	0.069	1	EGR3	c4
7.16128248904595e-05	0.13508340005075	0.156	0.134	1	TAB2	c4
0.0663932519907923	0.135017880596435	0.098	0.09	1	COQ8A	c4
0.399889392317705	0.134991125823186	0.03	0.028	1	ZNF8	c4
0.0164033640777886	-0.134977563137537	0.043	0.051	1	SRGAP2B	c4
0.06860367447394	0.13491235118957	0.09	0.082	1	GTF3C3	c4
0.823701139688379	-0.134821503669589	0.145	0.142	1	PRDX4	c4
0.000548516033444763	0.134812908317598	0.228	0.206	1	TARDBP	c4
0.037831231668244	0.134763239282465	0.103	0.093	1	MAML1	c4
0.000892993359292053	0.134660315885573	0.136	0.119	1	INSIG2	c4
0.0823359273687717	0.134641058638486	0.096	0.089	1	MTG2	c4
0.553005638543908	-0.134603331597468	0.012	0.013	1	VPS9D1	c4
0.0149501569492482	0.134593356923823	0.099	0.088	1	NAT10	c4
0.0164184186058694	0.134546087389538	0.075	0.065	1	UTP25	c4
0.0501104024479742	0.134507195767225	0.126	0.117	1	GTF2H3	c4
0.000969516380904489	0.134440508576175	0.162	0.143	1	HDHD3	c4
0.291433449959977	-0.13434286367593	0.04	0.043	1	LARP1B	c4
0.990279572352626	-0.134278619616491	0.161	0.159	1	AC026979.2	c4
0.00537334931149422	0.134214724474739	0.158	0.142	1	ELK1	c4
0.985387708883611	0.134156012958445	0.067	0.068	1	WRAP53	c4
0.00182326125345939	0.134127748913691	0.162	0.144	1	ACBD5	c4
0.039213270959779	-0.134072177453678	0.185	0.197	1	SMARCA4	c4
0.983657447067403	0.134032731983712	0.022	0.022	1	AC006064.4	c4
0.0289155981844745	0.134014861533217	0.099	0.089	1	ZFYVE21	c4
0.0112588905883165	0.133974426353221	0.13	0.117	1	VCPKMT	c4
0.000123344001596265	-0.133934777294185	0.056	0.072	1	PXMP2	c4
0.504859373008573	-0.133881956887595	0.298	0.277	1	SELENOM	c4
0.000401013518727999	0.133881929111676	0.226	0.203	1	PRPF18	c4
0.151999709744483	0.133834832317938	0.125	0.119	1	TRUB2	c4
0.000556160143201566	0.133775417137009	0.184	0.164	1	STIM2	c4
0.0404516229094115	0.133749490268976	0.15	0.14	1	SDCCAG8	c4
0.000247629833829668	0.133672193407695	0.166	0.144	1	RIPK1	c4
0.00485900451565846	0.133589184006477	0.116	0.103	1	GOLGA3	c4
0.00225983482955171	0.133561749522029	0.144	0.128	1	FBXO42	c4
0.097037251196484	-0.133470760158163	0.073	0.08	1	RCL1	c4
0.113670993893364	0.133465581961651	0.057	0.051	1	IFT74	c4
0.206626944239722	0.133224637380328	0.036	0.033	1	KDM8	c4
0.0865353789871048	0.133188385470099	0.073	0.066	1	NEK4	c4
0.301523475803465	0.133166159057706	0.09	0.086	1	TP53	c4
0.200350553054581	0.133069022120229	0.049	0.045	1	INTS2	c4
0.0213677554010058	0.133066166680581	0.119	0.108	1	PRPF39	c4
0.294236398145108	-0.133013289904864	0.033	0.037	1	APOOL	c4
0.000140253725358686	0.133001812144438	0.339	0.31	1	BECN1	c4
0.00157534914051104	0.132885317546116	0.146	0.128	1	RCHY1	c4
0.0239508316373891	0.132882448243144	0.135	0.124	1	GMFB	c4
0.0196417144318095	0.132882353851991	0.148	0.136	1	MCCC2	c4
0.00620894541381542	0.132867201856509	0.162	0.147	1	POM121	c4
0.0102144932849223	0.132816530056564	0.035	0.029	1	EXOC6B	c4
0.735757920056537	-0.132791757564407	0.225	0.223	1	NFKBID	c4
0.0836340020106867	-0.132785045901059	0.169	0.178	1	APBA3	c4
0.00100553018290764	0.132765144778689	0.246	0.224	1	PAIP1	c4
0.161002485323904	0.132701448064527	0.039	0.035	1	TMCC1	c4
0.104352343188741	-0.132700409800221	0.125	0.116	1	EGR2	c4
0.000773607244182224	0.132645407678052	0.196	0.176	1	ZC3H18	c4
0.010237722728937	0.132638096040045	0.193	0.179	1	CBWD5	c4
0.286236710185317	-0.132592015938135	0.08	0.084	1	XKR8	c4
0.101774511291374	0.132589064234613	0.088	0.081	1	PPOX	c4
0.616680390588672	-0.132535244452727	0.012	0.011	1	PLB1	c4
0.017147873331433	0.132511894997032	0.193	0.18	1	EIF2B5	c4
0.0327619382186489	0.132455178041168	0.159	0.148	1	HSPBP1	c4
0.000635469467382244	0.132452410318668	0.235	0.213	1	CUL1	c4
0.00224672382014007	0.132327119539715	0.041	0.032	1	TDRD7	c4
0.0145988012756971	0.132311212891705	0.095	0.084	1	DEF8	c4
0.00151394392507874	-0.13224730622939	0.133	0.152	1	DPP3	c4
0.86957165195936	-0.132213059911929	0.043	0.043	1	ZNF41	c4
0.0878719554116182	0.132202423077822	0.022	0.018	1	ZNF565	c4
0.0123765907419414	0.132167647151393	0.189	0.175	1	NUP54	c4
0.661641170183884	-0.132114531843943	0.127	0.127	1	CYHR1	c4
0.0571117994937991	0.132109175368603	0.099	0.09	1	MTMR9	c4
0.0715460410631114	0.132060984337454	0.057	0.051	1	LIPE	c4
0.000347778842746528	0.132057131757212	0.242	0.219	1	PITPNB	c4
0.319355630942167	-0.132047629698919	0.119	0.123	1	KLHL9	c4
0.00191182003419726	0.131980630372053	0.193	0.175	1	NCSTN	c4
0.000176691645516863	-0.131870754765645	0.717	0.71	1	ARHGEF1	c4
0.657852696268328	-0.131843260620027	0.071	0.073	1	ARHGAP35	c4
0.00850114112793821	-0.131750055649651	0.203	0.22	1	HDAC3	c4
0.0629096647390073	0.131745449496018	0.12	0.112	1	NOC4L	c4
0.850636670969265	0.13162879887593	0.059	0.06	1	CCDC28B	c4
0.0251064646204556	0.131607186133059	0.129	0.118	1	RRAGC	c4
0.162161420745526	-0.131573769768618	0.193	0.2	1	MDM4	c4
0.0131654193458776	0.13147225646028	0.045	0.038	1	PKD1	c4
0.000994578093773339	0.131452121634507	0.166	0.148	1	EXOG	c4
0.24231997624823	0.13141008767611	0.095	0.09	1	TMEM135	c4
0.13596527881476	0.131364163675039	0.08	0.074	1	CRAT	c4
0.00119594670890344	-0.131346735481752	0.648	0.65	1	N4BP2L2	c4
0.476440599543648	0.131180770910587	0.016	0.015	1	DYRK3	c4
0.00019782029287707	0.131082795192263	0.27	0.244	1	RAB5A	c4
0.000238424212146887	0.131043822851962	0.205	0.181	1	CSGALNACT2	c4
0.381926288269178	0.131026048173403	0.024	0.022	1	STK3	c4
0.231904897478121	-0.13097581130074	0.086	0.09	1	ATP13A2	c4
0.12787204067591	-0.130925767280937	0.072	0.078	1	AP3S2	c4
0.0443592834317788	-0.130872339633896	0.153	0.165	1	HAUS4	c4
0.114242211771239	0.130651321675352	0.127	0.12	1	IFT52	c4
0.00326086586058072	-0.130574889722777	0.026	0.034	1	CHAF1B	c4
0.00348942196050388	0.130539992584811	0.243	0.224	1	ASNSD1	c4
0.0110895729550341	-0.130518244881158	0.094	0.106	1	ARMC6	c4
0.988007473033088	-0.130516747884313	0.106	0.105	1	PHLDB3	c4
0.151575889624514	0.130447953507754	0.033	0.03	1	ZNF527	c4
0.00165201882425157	0.1304162224006	0.19	0.172	1	ZNF410	c4
0.281387766694831	-0.130389811566376	0.358	0.355	1	SIAH2	c4
0.125417654980785	-0.130382454861959	0.206	0.214	1	MAEA	c4
0.000104646564045601	0.130253433083143	0.276	0.248	1	NCBP2	c4
0.0246375158719431	-0.130236951166911	0.278	0.289	1	MRPL16	c4
0.000972350186410344	0.130146840280417	0.186	0.166	1	RWDD3	c4
0.000662478458552831	0.13012526905273	0.285	0.26	1	TXNDC15	c4
0.072964618973315	0.130074464997891	0.054	0.049	1	STK11	c4
0.0381095524046202	-0.129965312334627	0.291	0.301	1	CLINT1	c4
0.368848871952259	-0.129962938672314	0.234	0.234	1	KLHL28	c4
0.016085855374359	-0.129936278763448	0.082	0.094	1	ACP2	c4
0.000910458147224785	-0.129919028946251	0.222	0.244	1	ISCA2	c4
0.564811825983346	0.129916676831285	0.066	0.064	1	SFR1	c4
0.12070540283844	0.129874956047015	0.037	0.033	1	MOSMO	c4
3.22031781193746e-05	0.129867279990939	0.271	0.241	1	NOP56	c4
0.71714062976414	0.129851896727518	0.038	0.037	1	COQ3	c4
0.384980439222635	-0.129758930867939	0.074	0.078	1	ZMIZ2	c4
0.0326964956094825	-0.12968834560312	0.201	0.214	1	GMPR2	c4
0.0096458475249809	0.129603041409489	0.155	0.142	1	HCFC1	c4
0.0596119622400868	-0.129561125007635	0.258	0.268	1	NUBP2	c4
0.648745932754736	-0.129549644534891	0.108	0.109	1	ATP9B	c4
0.00839595402191659	0.129517964510917	0.148	0.133	1	DCUN1D1	c4
0.984061983736113	-0.129505474161768	0.025	0.025	1	XKR6	c4
0.00337999633798423	0.129445731746703	0.113	0.099	1	ELMOD3	c4
0.03883612550774	0.129417987812152	0.099	0.09	1	BAP1	c4
0.000856891851064461	0.129347067025263	0.3	0.277	1	COPS8	c4
0.892734251642372	-0.129342077057141	0.022	0.023	1	PCOLCE	c4
0.646569343791631	-0.129319291389444	0.027	0.028	1	FBXO48	c4
0.0155169072060064	0.129306668546254	0.157	0.143	1	RHOT1	c4
0.000493080354273174	0.129089377562808	0.26	0.237	1	POP4	c4
0.000187061756123297	0.129003048929384	0.387	0.359	1	DR1	c4
0.589442863427001	-0.12896639212231	0.017	0.018	1	AC078846.1	c4
0.0409542482129991	-0.128951150591409	0.125	0.135	1	HIBADH	c4
0.137098367077842	-0.128914950299097	0.029	0.034	1	PAXIP1	c4
0.000410329208815464	0.128839925578126	0.284	0.26	1	SMAD2	c4
0.0182789950106675	0.128699141148024	0.048	0.04	1	ZNF316	c4
0.0567159348038491	0.128668846254392	0.09	0.082	1	DLAT	c4
0.0588693335694074	-0.128600195777943	0.067	0.075	1	NFS1	c4
0.575269544714058	-0.128599228128023	0.064	0.066	1	ACADSB	c4
0.00041566785140222	0.128578116298383	0.277	0.253	1	CCNG1	c4
0.66802782253157	-0.128565055686614	0.111	0.112	1	TRMT6	c4
0.0953434610652969	0.12855717919187	0.129	0.121	1	TRIP4	c4
0.00176699969414801	0.128543688841518	0.225	0.206	1	CCDC57	c4
0.00022813399127528	0.128542270632835	0.206	0.182	1	TRMT10C	c4
0.82179014812949	-0.128499645630808	0.024	0.024	1	AC022182.2	c4
0.505359542740738	-0.128450947774231	0.017	0.018	1	AC138969.1	c4
0.000653536634324463	0.128444631400901	0.159	0.141	1	CHERP	c4
0.00240182076865405	0.128418480641806	0.189	0.171	1	TATDN1	c4
0.56344861488954	-0.128390166953121	0.109	0.111	1	ATXN7.1	c4
0.0561324900804952	0.128353449044361	0.075	0.068	1	SLC35E1	c4
0.0742436815225313	0.128177277756226	0.146	0.137	1	SIRT6	c4
0.400400515740254	0.128132990334851	0.069	0.066	1	UBAC1	c4
0.00477102700824516	0.128103745066083	0.183	0.166	1	NDUFV3	c4
0.00308991948067609	0.128025190161126	0.151	0.135	1	OTULIN	c4
0.0445291985593955	-0.127982552848552	0.117	0.128	1	MLH1	c4
0.163887688035227	0.127855337046248	0.115	0.109	1	C2orf49	c4
0.00169487099163341	-0.127764288202201	0.499	0.509	1	HAX1	c4
0.00808353682995602	0.127756780573995	0.16	0.146	1	PDPK1	c4
0.067592892327876	0.127755541239299	0.074	0.067	1	CD99L2	c4
0.000217794339899621	0.127693876653833	0.236	0.212	1	PPA2	c4
0.0845402205710275	0.127579506231098	0.016	0.013	1	RHOD	c4
0.00178503657813552	-0.127495214481176	0.118	0.135	1	NUP37	c4
0.0215009009685959	-0.127484151455212	0.062	0.071	1	DOLPP1	c4
0.291609902377564	-0.127475452961742	0.089	0.093	1	FUBP3	c4
0.0575934109227396	0.127446083480342	0.173	0.164	1	ISOC1	c4
0.0047167971413871	-0.127351078192191	0.246	0.263	1	EBPL	c4
0.153048888908946	-0.127338806650381	0.057	0.063	1	RHBDD1	c4
0.000100019262960116	0.12733229060565	0.245	0.218	1	CCDC130	c4
0.106446676236644	0.127315573185792	0.022	0.019	1	HTRA1	c4
0.884781804075657	-0.127275473557661	0.026	0.026	1	AC020765.2	c4
0.747938872027916	-0.127264573641547	0.012	0.012	1	TMEM86B	c4
0.43771432609898	-0.127164948332084	0.04	0.042	1	GBE1	c4
0.111104073197928	0.127124332652986	0.03	0.026	1	AC091271.1	c4
0.149051784542328	0.127094445882367	0.09	0.084	1	NF2	c4
0.097185155467823	0.127090821131643	0.019	0.015	1	AP003392.6	c4
0.0142897196202454	-0.127022906804972	0.111	0.124	1	BCL2L12	c4
0.48033975830789	0.127020760654139	0.078	0.076	1	SEC24A	c4
0.000231298874292478	0.126955133586542	0.268	0.242	1	POLE3	c4
0.00486819320633059	-0.126892501354595	0.099	0.113	1	CSTF2	c4
0.000137506221520901	0.126869247331403	0.209	0.184	1	WDR74	c4
0.211305051481015	0.126845735911992	0.124	0.119	1	THOC5	c4
0.0521114350517393	-0.126625048378515	0.165	0.176	1	GART	c4
0.0865693427970923	0.126455738695133	0.072	0.065	1	TEX10	c4
0.581889237817965	0.12644423172131	0.081	0.08	1	TTI2	c4
0.0079740911610907	0.126411012966432	0.156	0.142	1	INTS14	c4
0.0180389511364514	0.126405271344132	0.121	0.109	1	FKBP15	c4
0.00382133152128487	0.12634033524819	0.084	0.072	1	SIMC1	c4
0.00142842744325601	-0.126338844904484	0.2	0.221	1	CCNC	c4
0.179465190650574	-0.126025829133601	0.023	0.027	1	VPS54	c4
0.0314409904081666	-0.125979344140009	0.213	0.225	1	ATPAF1	c4
0.573384314626934	0.125959834397571	0.023	0.022	1	AZIN1-AS1	c4
0.895758794777929	-0.125932260461176	0.01	0.01	1	ZNF763	c4
0.0467294340894687	0.125892300474541	0.136	0.126	1	GMPPA	c4
0.840832113804103	0.125867132725999	0.045	0.046	1	SLC37A4	c4
0.512113495380127	-0.125840923885645	0.022	0.02	1	KLHDC1	c4
0.0192479493971703	0.12569256225866	0.141	0.129	1	TM9SF4	c4
0.097753783403591	-0.125636073644005	0.107	0.115	1	DNAJC5	c4
0.107467497237967	-0.12561942302428	0.106	0.114	1	SELENOI	c4
0.0014261316573502	0.12558083003837	0.222	0.202	1	PLRG1	c4
0.000742393920682795	0.125574772024312	0.318	0.293	1	MRPL10	c4
0.434104527931823	-0.125550769234272	0.032	0.03	1	CYFIP1	c4
0.00395980313626365	0.125419314970641	0.204	0.188	1	RUVBL2	c4
0.232220046767847	-0.125394781630228	0.239	0.244	1	ADAM10	c4
0.234252244922522	-0.125280823578529	0.076	0.081	1	ATG2A	c4
0.000113176725821135	0.125232392077795	0.144	0.123	1	RABL2B	c4
0.0169707027304822	0.125227767282827	0.071	0.062	1	TMEM161B	c4
0.195496391656396	0.125226951547493	0.135	0.13	1	NRAS	c4
0.0206165348942405	-0.125172981063063	0.215	0.229	1	KARS	c4
0.163364593091713	0.125133881262962	0.049	0.044	1	LY6G5C	c4
0.000528235438791236	0.12495578320913	0.227	0.205	1	SLC35C2	c4
0.0317399612221028	0.124838193468422	0.138	0.127	1	OGFOD3	c4
0.0147316260545383	-0.124783023202662	0.073	0.084	1	TRAPPC13	c4
0.195891011993624	-0.124728642335389	0.015	0.017	1	TXNDC5	c4
0.00215007636838876	0.124700335070618	0.208	0.189	1	DRAM2	c4
0.334870696997528	-0.124647957098232	0.086	0.09	1	NVL	c4
0.0954563513223003	-0.124522946783978	0.051	0.058	1	AL451165.2	c4
0.114493079537117	-0.124512798598597	0.11	0.118	1	GOLGA5	c4
0.0887644321860544	-0.124483926155269	0.28	0.287	1	MED30	c4
0.0313592624827964	0.1244369168436	0.145	0.134	1	SKIV2L	c4
0.0584529881245806	0.124372844834914	0.057	0.051	1	PROSER3	c4
0.0207455924506823	0.124346315010756	0.201	0.187	1	PRR14	c4
0.652323789162422	0.124274690257236	0.063	0.062	1	ZNF518A	c4
0.312060376369443	0.124224525307946	0.048	0.045	1	PI4K2A	c4
0.38530151597363	0.124135444514311	0.035	0.033	1	UNC119B	c4
0.00796013050267972	0.124079502149729	0.101	0.089	1	CPOX	c4
0.00053706912867976	-0.12405779844608	0.035	0.047	1	C4orf46	c4
0.114921115138428	-0.124034492280444	0.315	0.319	1	SND1	c4
0.368327597375539	-0.123985892108936	0.202	0.206	1	RAB9A	c4
0.000237256039391281	0.12394120682794	0.176	0.153	1	DEXI	c4
0.111661308631645	-0.123902210943007	0.042	0.047	1	NAP1L5	c4
0.116883597580072	-0.123830126908537	0.321	0.304	1	CHMP1B	c4
0.0595429573153764	-0.123808196500957	0.169	0.179	1	PPP3CB	c4
0.438280943877147	0.123805962002304	0.01	0.009	1	SYNJ2BP-COX16	c4
0.00727194006455192	-0.12378480331853	0.238	0.255	1	SRPK1	c4
0.540343910784796	-0.123647885328016	0.107	0.109	1	NXPE3	c4
0.221623115743378	-0.123599794760533	0.055	0.06	1	RIC8B	c4
0.0465758212026789	0.123597699155096	0.181	0.17	1	SLC39A7	c4
0.0108172476086014	0.123592615040848	0.241	0.226	1	POLDIP2	c4
9.61579958382796e-05	0.123553631104083	0.231	0.205	1	MKLN1	c4
0.000906951587516262	0.123498416466165	0.416	0.39	1	FUNDC2	c4
0.473363687312721	0.123472169720108	0.03	0.028	1	WDPCP	c4
0.0119252563968726	0.123468403386887	0.088	0.077	1	AMFR	c4
0.0472638298743758	-0.123460513204809	0.274	0.283	1	TSG101	c4
0.160069880498309	0.123397947633033	0.066	0.061	1	SLC5A6	c4
0.557900753362204	-0.123369253854608	0.017	0.016	1	LRFN3	c4
0.237179269439155	-0.123365675556674	0.45	0.433	1	H2AFY	c4
0.213947956374104	0.12334595770337	0.102	0.096	1	UTP14A	c4
0.000436831217544337	0.12332926228399	0.211	0.189	1	DYNC1LI1	c4
0.000289103117103429	0.123325774066918	0.184	0.162	1	DNAJA3	c4
0.277902588868495	0.123294271831274	0.126	0.121	1	NCBP1	c4
0.00766563581906639	0.123261418185733	0.067	0.057	1	LINC00662	c4
0.782077245763318	-0.123223680906003	0.029	0.028	1	TNK1	c4
0.237771375768309	0.123207108040234	0.088	0.083	1	DDX11	c4
0.00367755860024885	-0.123153968491112	0.52	0.516	1	PSMC5	c4
0.905311150245404	-0.123107167997831	0.103	0.102	1	ABRAXAS1	c4
0.000505661821909572	0.123044020581854	0.173	0.153	1	POLK	c4
0.02778756323775	0.123025370770339	0.088	0.079	1	SGPP1	c4
0.39338665062765	0.122901487555013	0.032	0.035	1	CHEK2	c4
0.0117184567354523	-0.122890622995855	0.097	0.11	1	TTC7A	c4
3.81829160630109e-05	0.122855248515981	0.094	0.076	1	GCSAM	c4
5.75963344406999e-05	0.122790389973407	0.313	0.283	1	PRPF38A	c4
0.027857973438263	-0.122709274169072	0.124	0.136	1	NSMCE2	c4
0.00600479593243143	0.122706942832059	0.149	0.134	1	ZNF384	c4
0.115348268436206	0.122651525615739	0.057	0.052	1	VKORC1	c4
0.00124995256240253	0.122559871976153	0.215	0.196	1	UBR2	c4
0.336487776319789	0.122418232487779	0.025	0.023	1	SHPK	c4
0.3652159326777	0.122251257106599	0.078	0.074	1	RMND1	c4
0.00873030531319116	-0.12223831798496	0.113	0.127	1	MRPL35	c4
0.136150351880458	-0.122201507418946	0.184	0.193	1	UPF3B	c4
0.311741413044057	0.122183843816585	0.013	0.012	1	THBS3	c4
0.478802673021158	-0.122180463437082	0.086	0.089	1	SLC12A9	c4
0.00391976315535989	0.122138076888927	0.116	0.102	1	SLC35A1	c4
0.29643656349241	-0.121936802996824	0.139	0.144	1	ZNF581	c4
0.00440663681566188	0.121853326011707	0.147	0.132	1	GALK2	c4
0.18315522433922	0.12184120192948	0.095	0.089	1	TIMM21	c4
0.0340860780359113	0.121806606122264	0.135	0.124	1	NEDD1	c4
0.292047951486384	0.121608507860395	0.086	0.082	1	PCGF6	c4
0.0226747191539964	0.121559982879088	0.153	0.14	1	RPAP3	c4
0.000174685138344409	0.121515658290869	0.35	0.32	1	DDX50	c4
0.00584497875956161	0.12139608535993	0.096	0.083	1	VPS8	c4
0.00338129382321699	-0.121389065081262	0.212	0.192	1	KPNA2	c4
0.320855710785039	0.121209845239581	0.028	0.026	1	ZNF615	c4
0.740203665258503	0.12112030669041	0.018	0.019	1	TTL	c4
0.000245444580798551	0.120889623366604	0.197	0.173	1	R3HDM2	c4
0.0793073507698726	0.120864959685758	0.139	0.131	1	ASB1	c4
0.00023562039520311	0.120840148494358	0.219	0.195	1	ZFC3H1	c4
0.0185663351350002	0.120815223728919	0.149	0.137	1	TMEM175	c4
0.264006275826939	0.120775697111104	0.034	0.031	1	TIPARP-AS1	c4
0.03426538382105	0.120767616964643	0.123	0.112	1	MAP2K5	c4
0.0010366404272322	0.120709270666488	0.228	0.207	1	RPUSD3	c4
0.0638682499246673	0.120629173479505	0.174	0.164	1	MRPL2	c4
0.12652552215908	-0.120571759387759	0.106	0.114	1	SHLD1	c4
0.293136272278715	-0.120468156594559	0.195	0.2	1	LGALS8	c4
0.54189886073493	0.120356171190501	0.073	0.071	1	EXOSC2	c4
0.0335811503153086	0.120253243856256	0.2	0.188	1	NOL8	c4
0.033757875822183	-0.120236895939444	0.214	0.226	1	MTHFS	c4
0.162746347032534	-0.120190079199128	0.316	0.319	1	C6orf48	c4
0.0682008471124246	-0.120184133613629	0.069	0.077	1	PUS3	c4
0.102295539475283	-0.120114174035779	0.021	0.025	1	PMF1	c4
0.00380810122460019	0.120104919991336	0.058	0.048	1	CRTC1	c4
0.740682461732268	-0.120036349708268	0.016	0.016	1	QPCTL	c4
0.506281621854718	0.120028590462702	0.012	0.011	1	PSMD6-AS2	c4
0.00525838943365143	-0.119997904260498	0.436	0.446	1	WBP2	c4
0.00878541099437313	0.119975945868894	0.188	0.174	1	MARCH5	c4
0.0889544146708876	-0.119959555638031	0.171	0.18	1	DTNBP1	c4
0.0605175736272678	-0.119927092065079	0.169	0.179	1	CWC27	c4
0.00573160629527555	0.119914231641761	0.126	0.112	1	CC2D1A	c4
0.13139413993208	0.119807059230546	0.102	0.096	1	BBS7	c4
6.93565885952258e-05	0.119737577215416	0.147	0.125	1	CHD6	c4
0.884783968445859	-0.119664921682594	0.01	0.009	1	TMEM202-AS1	c4
0.198282651343485	-0.119597175057285	0.109	0.115	1	REEP4	c4
0.00398356857513672	0.119570133196289	0.224	0.206	1	GOLT1B	c4
0.6592687305068	-0.119497439251511	0.278	0.276	1	DCP2	c4
0.0237976358013829	0.119438531635677	0.155	0.143	1	FARSB	c4
0.0190373381432559	0.119433048666337	0.236	0.223	1	MCRS1	c4
0.000175281587497555	0.119388125003396	0.37	0.342	1	PRKCSH	c4
0.0246047441667908	0.119385174702479	0.111	0.1	1	ATR	c4
0.899466091668059	0.119364438934833	0.014	0.014	1	CCDC163	c4
0.332530880563944	0.119347878874644	0.029	0.027	1	SNX16	c4
0.00916579926247182	-0.119339831878527	0.547	0.548	1	RSL1D1	c4
0.112058350181202	0.119210647013455	0.039	0.035	1	MCU	c4
0.197406325640992	0.119178637173827	0.08	0.075	1	ARL15	c4
0.00286303565739673	0.119161721681019	0.163	0.146	1	SCAP	c4
0.60174167446735	-0.119113799843239	0.031	0.03	1	SLC18B1	c4
0.0717996517432661	-0.119085443516519	0.04	0.046	1	PDCD2L	c4
0.873276956465844	-0.119081463145498	0.017	0.017	1	LINC00893	c4
0.790985491761629	0.119034669690151	0.092	0.091	1	SARS2	c4
0.0391544700084141	0.118997214358415	0.131	0.12	1	BAG4	c4
0.235775785290888	-0.11895523890934	0.022	0.025	1	GNA12	c4
0.943262371911185	-0.118879066885068	0.029	0.029	1	FAM120C	c4
0.170878680170684	-0.118860970765648	0.123	0.13	1	ODF3B	c4
0.000139788747188785	0.118831125612689	0.346	0.316	1	SMIM37	c4
0.21549889212728	0.118821594345643	0.04	0.036	1	DHFR2	c4
0.154212770020529	-0.118793999555777	0.244	0.249	1	MKRN1	c4
0.000197239513588783	0.118762658917392	0.273	0.246	1	SDAD1	c4
0.949731870732873	0.118678922354492	0.011	0.011	1	DNAJB5	c4
0.000763505604741266	-0.118668892928274	0.62	0.607	1	NDUFB9	c4
0.000165766920737996	-0.118643075085413	0.598	0.599	1	MRPS21	c4
0.00084227288822795	-0.118638888588985	0.489	0.49	1	ELOC	c4
0.934699627925702	-0.118620221429642	0.042	0.042	1	EVA1C	c4
0.112229172851719	0.118558326898722	0.134	0.126	1	PIGBOS1	c4
0.280628400136305	-0.118526631178168	0.167	0.172	1	LAMP2	c4
0.00259388048064444	0.118506274576719	0.266	0.246	1	RB1CC1	c4
0.00410382683729029	0.118503141458428	0.104	0.09	1	PATZ1	c4
0.34651514018473	-0.118437702464936	0.265	0.264	1	USP1	c4
0.0470636588683415	-0.118435342009944	0.129	0.14	1	HDGFL2	c4
0.00558937855120726	0.118430572296838	0.185	0.169	1	KDM6A	c4
0.124725856403321	0.118397033327493	0.058	0.052	1	TATDN2	c4
0.227318908294152	-0.118386634187342	0.097	0.103	1	WDR59	c4
0.864910884409511	-0.118352846353543	0.054	0.055	1	RANBP10	c4
0.00503846321301307	0.118322631425283	0.103	0.09	1	AMBRA1	c4
0.0591650416478589	-0.118304927772374	0.591	0.571	1	CACYBP	c4
0.0376557052980507	0.118282784189557	0.144	0.134	1	MEF2D	c4
0.000839605885407798	-0.118270672659036	0.506	0.516	1	EIF2S3	c4
0.622986131058919	0.118217142091338	0.032	0.031	1	FAM185A	c4
0.184897013104376	0.118179714824546	0.087	0.082	1	DHX40	c4
0.0280046307834708	-0.118115920030241	0.249	0.262	1	ARHGEF6	c4
0.511203702765178	-0.117764534469624	0.054	0.056	1	ZFP62	c4
0.00764788832487392	0.117740879245408	0.116	0.104	1	TRAK2	c4
4.56930058084429e-05	0.117733392495562	0.356	0.325	1	CEP57	c4
0.235898679674405	-0.117680568706503	0.115	0.12	1	BRD8	c4
0.00017140522357953	0.117608459728311	0.331	0.304	1	DERL2	c4
0.000210043033407653	0.117580829165071	0.199	0.176	1	DDX42	c4
0.000430554433658481	0.117544256391534	0.233	0.21	1	ARMCX3	c4
0.691937068264518	-0.117543090153886	0.064	0.065	1	CUL4B	c4
0.253964189938615	0.117474643346084	0.157	0.152	1	DDX49	c4
0.683080820155386	-0.117469281350266	0.033	0.034	1	ACAD10	c4
0.717089622700481	-0.117466719106843	0.026	0.025	1	ZNF844	c4
0.00102442631831135	0.117443161505931	0.093	0.079	1	PGM2L1	c4
0.220866897399379	0.117410923144172	0.068	0.063	1	DAAM1	c4
6.29380556835464e-05	0.117348464447996	0.187	0.162	1	ZBED5	c4
0.279171455918433	0.117337955941229	0.016	0.014	1	CAPN10-DT	c4
0.195505762614608	-0.117270858054592	0.095	0.101	1	POLL	c4
0.00017873676054539	0.117229008781058	0.314	0.287	1	THOC2	c4
0.000278821625520448	0.117218438808248	0.273	0.247	1	SREK1IP1	c4
0.00934748730413149	-0.117154682294295	0.086	0.099	1	EMC9	c4
0.000607826964140949	0.117133579098506	0.163	0.143	1	RLIM	c4
0.0947434240447734	0.117101322880869	0.148	0.141	1	GON7	c4
0.16246815616796	-0.117094844812258	0.152	0.159	1	TRAP1	c4
4.23880516708841e-05	0.117087877293613	0.231	0.204	1	VPS13A	c4
0.257784756227341	-0.117067084275268	0.056	0.061	1	TSC1	c4
0.351029174154014	0.117004951400842	0.054	0.051	1	FAM173B	c4
0.00891039034267101	0.116977819447017	0.09	0.079	1	MTERF1	c4
0.583552986106683	-0.116918307781818	0.04	0.038	1	OSER1-DT	c4
0.350124616682445	-0.11688253588023	0.151	0.155	1	RMND5A	c4
0.0460766647686216	0.116800191780857	0.098	0.089	1	LRRC28	c4
0.0450297623148411	0.11678319576566	0.092	0.084	1	TELO2	c4
0.0865519334340207	-0.116705593796361	0.03	0.035	1	ST3GAL4	c4
0.257601516903895	-0.116662971615231	0.12	0.125	1	LYRM7	c4
0.000134956089179451	0.116639663378316	0.36	0.33	1	POLR2C	c4
0.0302207214707645	0.116566416680845	0.084	0.075	1	URGCP	c4
0.00470274915248259	0.116558014119494	0.086	0.075	1	TMEM260	c4
0.0356151877658704	0.116421786799237	0.055	0.048	1	TMEM63B	c4
0.00100029942156339	0.116344647693456	0.182	0.162	1	ARID2	c4
0.0211064395978973	0.116343779044264	0.112	0.1	1	BOD1	c4
0.523346593573276	0.116342952592407	0.082	0.08	1	MTIF2	c4
0.0636539568835733	0.116233588865635	0.167	0.157	1	TYW3	c4
0.156721495699264	0.116152754295607	0.035	0.031	1	TP53INP2	c4
0.994489405106588	0.116093428418798	0.014	0.014	1	AL161421.1	c4
0.000226455435994685	0.116080254891765	0.225	0.2	1	EXOC7	c4
4.93410057472251e-05	0.116063526514138	0.355	0.321	1	LPIN2	c4
0.00493668415821402	-0.115979188096538	0.171	0.189	1	UCHL3	c4
0.0148720836978727	-0.115900891386184	0.127	0.112	1	C3AR1	c4
0.156176613576793	0.115851172308056	0.033	0.029	1	AC009961.1	c4
0.248766491664553	0.115834846652929	0.051	0.047	1	CAD	c4
0.31425734032213	0.115828370865214	0.074	0.07	1	VIPAS39	c4
0.000309899457287986	0.115773020463871	0.313	0.288	1	ACTR1A	c4
0.169992087547867	0.115764065986134	0.013	0.011	1	AL645568.1	c4
0.0101781386412945	0.115721739617997	0.14	0.126	1	ZNF708	c4
0.333670514367886	0.115715643401933	0.041	0.044	1	WEE1	c4
0.040876627634965	0.115707353927344	0.064	0.056	1	DCAF17	c4
0.0121980343191148	0.115678626713068	0.086	0.075	1	HS2ST1	c4
0.0108603435748793	0.115652708643887	0.21	0.194	1	ARHGAP1	c4
0.0197996755219381	0.115618283371757	0.06	0.052	1	ZNF687	c4
0.310857624988638	-0.115463548468045	0.184	0.189	1	MRPL17	c4
0.0471208340575446	0.115412132867728	0.085	0.076	1	VPS50	c4
0.514639151294124	0.115402569217974	0.139	0.138	1	MTHFD1	c4
0.00475847992018744	0.115333165949144	0.23	0.213	1	TIMMDC1	c4
0.156743046482964	0.115284397960342	0.065	0.06	1	SLC35D1	c4
0.545357933868517	-0.115267235819927	0.046	0.048	1	MBNL3	c4
0.000906091648736788	0.115239836183564	0.174	0.154	1	CRLS1	c4
0.449127361454987	-0.115207701403648	0.028	0.026	1	WNT1	c4
0.000988726397633433	0.115191043597287	0.119	0.102	1	EAF1	c4
0.0109714625170262	-0.115130195383395	0.339	0.351	1	ADSL	c4
0.0382788971871062	-0.115062763910592	0.036	0.042	1	RTN4IP1	c4
0.163366362057402	0.115049950724935	0.071	0.066	1	ODR4	c4
0.00102782447054334	0.115031146138768	0.17	0.152	1	USP9X	c4
0.0109417683995771	0.115019075692536	0.102	0.09	1	ZBTB48	c4
0.0605979230011396	-0.114961710741051	0.617	0.582	1	PSAP	c4
0.0875478299012599	0.114959765370988	0.091	0.083	1	SENP1	c4
0.0106982823804731	0.114944224698394	0.122	0.109	1	TRAPPC9	c4
0.0246647424745278	-0.114904871589002	0.48	0.469	1	PSMB2	c4
0.0183741982437003	-0.114883157524995	0.511	0.503	1	PSIP1	c4
8.98714991517e-05	0.114842366467254	0.423	0.391	1	FBXO7	c4
0.347538070377809	0.114771999872915	0.097	0.093	1	KLHL12	c4
7.65345814827113e-05	0.114679756271899	0.329	0.299	1	ARPP19	c4
0.531018376088606	0.114573852518038	0.012	0.013	1	LRTOMT	c4
0.0122750239349223	0.11457148066988	0.171	0.157	1	TDP1	c4
0.0391938308981572	0.114539990630437	0.124	0.114	1	POMZP3	c4
0.00999531377306595	0.114449068401023	0.067	0.057	1	LMTK2	c4
0.00861823486890414	-0.114439063877485	0.405	0.413	1	PCMT1	c4
0.328284235637965	0.114413284396722	0.073	0.078	1	LDLR	c4
0.169755473049191	0.114403835427076	0.077	0.072	1	ING2	c4
0.0282026324513002	-0.114390521872189	0.098	0.109	1	PDK2	c4
0.0114578803619503	0.114234077150626	0.071	0.061	1	UVSSA	c4
0.001006173773052	0.114135034975456	0.228	0.207	1	PNPLA8	c4
0.143241873687881	0.114100968725062	0.198	0.191	1	BRD7	c4
0.0164897806734842	0.114015045494026	0.132	0.12	1	ANKRA2	c4
0.0436210979317147	0.113984149815396	0.09	0.082	1	MYPOP	c4
0.335589595617064	0.113934732118959	0.089	0.086	1	CCDC117	c4
0.606931192677428	-0.113835493257337	0.076	0.078	1	HELZ2	c4
0.00973209581024641	0.113819810850992	0.146	0.132	1	CLIP4	c4
0.000859839217414311	0.113766767095413	0.243	0.221	1	RAF1	c4
0.044144372717608	-0.113757454730536	0.183	0.194	1	TAZ	c4
0.000256550513363339	0.113698747977138	0.354	0.326	1	POLR2I	c4
0.628423922115269	-0.113690247452003	0.019	0.018	1	TMTC2	c4
0.0714278331250555	0.113689345530594	0.107	0.099	1	VPS11	c4
0.353976353037661	0.113647686910776	0.042	0.039	1	TAF1A	c4
0.670235732935286	-0.113603692944412	0.058	0.059	1	PLBD2	c4
0.131367281704142	-0.113525339759708	0.18	0.188	1	USE1	c4
0.0103826575263783	0.113504885533566	0.223	0.207	1	ABHD3	c4
0.000221288190137134	0.113422597852551	0.242	0.218	1	MRPS31	c4
0.437045189222853	-0.113392344195242	0.017	0.018	1	TIGD2	c4
0.00323618593732767	0.113386619250762	0.251	0.231	1	PHAX	c4
0.00980042400154773	0.113341363575159	0.195	0.18	1	RABGGTA	c4
0.973868138083406	-0.113284533881804	0.012	0.012	1	B4GALNT3	c4
0.538278531117406	0.113221788791611	0.041	0.043	1	VKORC1L1	c4
0.497231836561644	-0.113211084460781	0.014	0.016	1	SLC45A4	c4
8.05784785266841e-05	0.113173736852726	0.339	0.307	1	GPR108	c4
0.00182525100739307	0.113125844176294	0.277	0.254	1	PCIF1	c4
0.62039783564684	-0.113075941798088	0.022	0.023	1	TRAV18	c4
0.0144572210711837	-0.113046570972968	0.356	0.366	1	TES	c4
0.404557607954689	-0.112950183612693	0.012	0.014	1	IPO4	c4
0.0186254592599358	0.11293387395737	0.116	0.104	1	TBCCD1	c4
0.0476878021813383	0.112894365801457	0.113	0.104	1	RIT1	c4
0.130806656892715	0.112888060082428	0.132	0.125	1	CTDSPL2	c4
0.262045554455677	0.11288189356002	0.125	0.12	1	PTS	c4
0.0503252765402782	0.112877174414837	0.065	0.058	1	AREL1	c4
0.0241450873607172	0.112854044005639	0.228	0.213	1	TFDP1	c4
0.00302236387264366	0.112739469771535	0.143	0.127	1	MFSD14C	c4
0.466502806271957	-0.112699646038563	0.064	0.066	1	NFYA	c4
0.0105971076710586	-0.112669685940916	0.692	0.687	1	IL16	c4
0.0333731003211511	-0.112637686559149	0.467	0.472	1	ZC3HAV1	c4
0.0491409772671854	0.11262569121419	0.03	0.025	1	NFIA	c4
0.817608976084802	0.112599070592168	0.082	0.084	1	THOP1	c4
4.30800279378659e-05	0.112500185278399	0.386	0.353	1	PARVG	c4
0.0293278631754222	0.112469973731638	0.164	0.152	1	C12orf76	c4
0.00102297231952069	0.112344374894475	0.29	0.267	1	BRMS1	c4
0.00503770705660892	0.112298203255804	0.242	0.223	1	GLRX5	c4
0.0921255322504579	0.112257264630757	0.196	0.187	1	SMIM20	c4
3.94981048163268e-05	0.112097481427006	0.602	0.563	1	RSL24D1	c4
0.0131394906954381	0.112061490272262	0.129	0.116	1	TSC2	c4
0.0202049662264809	0.111991591669278	0.168	0.155	1	SCFD1	c4
0.2305143421488	-0.11196691307953	0.011	0.013	1	SMN1	c4
0.0487931016617693	-0.111956613837996	0.518	0.497	1	CLTA	c4
0.128259916231969	-0.111837989166567	0.028	0.024	1	MEGF6	c4
0.440170674332319	0.11173482007093	0.054	0.051	1	CEP89	c4
0.294041103216234	0.111734453401808	0.015	0.013	1	AC092279.1	c4
0.0352227127737547	0.111701364457994	0.059	0.051	1	VNN2	c4
0.27664672693238	-0.111670373677891	0.023	0.026	1	RPP40	c4
0.200150698724674	0.111650143566433	0.014	0.012	1	ZNF514	c4
0.00814785361726604	0.111578372355803	0.182	0.167	1	DUS3L	c4
0.367126168530234	0.111574919318459	0.059	0.056	1	NLE1	c4
0.000310773013104662	0.11149763244591	0.316	0.29	1	FLII	c4
0.359280756160889	-0.111466789658198	0.208	0.211	1	DDX3Y	c4
0.93515044346849	-0.11141747089038	0.421	0.411	1	TGFBR2	c4
0.160266869256398	-0.111401819127842	0.251	0.258	1	ATOX1	c4
0.443301830103474	0.111373512071087	0.018	0.016	1	AC008443.5	c4
0.000204025172578133	0.111346444690525	0.267	0.243	1	LAP3	c4
0.228989623302126	-0.111297451944656	0.324	0.325	1	SEC61A1	c4
0.000425760016436632	0.111294043548605	0.275	0.249	1	PPP3R1	c4
0.976620549010225	0.111252155230074	0.015	0.015	1	LRP8	c4
0.374101426274255	-0.111226756734598	0.054	0.057	1	GK5	c4
0.0205765612793938	0.111210503719591	0.107	0.097	1	TMEM250	c4
0.533601790563516	-0.111206101330702	0.316	0.313	1	ASH1L	c4
0.741441765205664	0.111156003643297	0.047	0.046	1	SPATA5L1	c4
0.794770916652849	-0.111141130672281	0.033	0.034	1	LYSMD4	c4
0.257581151287711	-0.111119811469412	0.282	0.286	1	LMF2	c4
0.617623590275038	-0.11111380774215	0.029	0.027	1	TESMIN	c4
0.047895018881347	-0.111021823575767	0.263	0.275	1	PFDN1	c4
0.0352471260894525	-0.111004372542614	0.339	0.346	1	ASNA1	c4
0.06963075822649	0.110998736152549	0.098	0.09	1	SCO2	c4
0.0148228433740046	0.110935561748962	0.076	0.066	1	SLC9A3	c4
0.423168627596232	0.110892395979378	0.05	0.048	1	HNRNPUL2	c4
0.507711389517191	-0.110889116226023	0.014	0.016	1	FIZ1	c4
0.142029458437579	0.110857660280006	0.055	0.05	1	PDIK1L	c4
0.197658381824923	0.110855739196542	0.027	0.024	1	FAM131A	c4
0.665181320400965	0.110752631926984	0.056	0.054	1	KMT5C	c4
0.000679492567610952	0.110677290482063	0.173	0.153	1	DDX58	c4
0.0115625715931298	0.110638047960389	0.174	0.159	1	PTCD3	c4
6.04755100273758e-05	0.110398585708289	0.263	0.233	1	UBE2G2	c4
0.882348546391671	-0.110334901489077	0.206	0.204	1	NCOA3	c4
0.583339349446225	0.110299027498233	0.114	0.112	1	ASCC1	c4
0.111414140929473	-0.110295979134833	0.241	0.249	1	UPF3A	c4
0.00207066172898075	0.110232663484955	0.227	0.207	1	YY1AP1	c4
0.307753302938048	-0.110215135245797	0.129	0.134	1	NDUFAF2	c4
0.0328548145493758	0.110195033071347	0.042	0.036	1	CPEB2	c4
0.0188273082848432	-0.110183783879143	0.067	0.077	1	RFC5	c4
5.06702436693171e-05	0.110126928313084	0.373	0.342	1	CAPRIN1	c4
0.0383891758708173	-0.110106236528466	0.354	0.361	1	NDUFS2	c4
0.0147313852937877	0.110100955601459	0.122	0.11	1	PAFAH1B2	c4
0.00277818080426882	-0.110064583925578	0.578	0.582	1	UBE2B	c4
0.047962493148553	-0.109997702927959	0.072	0.081	1	RFT1	c4
0.00967402318955924	0.109920771402904	0.241	0.224	1	USP48	c4
0.0125323525048645	-0.109883169692908	0.025	0.032	1	C5orf30	c4
0.45078032505174	0.109828233430417	0.028	0.03	1	DOT1L	c4
0.0242476372440669	0.109782377912413	0.134	0.123	1	TAF2	c4
0.184448457430938	-0.109734192230023	0.154	0.161	1	ICE2	c4
0.0644972059824549	0.109721174317211	0.075	0.068	1	LCLAT1	c4
0.0011564069330594	0.109712715642867	0.271	0.248	1	RAB4A	c4
0.189748414885247	-0.109596548715506	0.141	0.148	1	SLC41A3	c4
0.00139893561400876	0.109582066486125	0.163	0.145	1	LEMD2	c4
0.369167721736286	-0.109512518725467	0.018	0.019	1	SYNPO2	c4
0.326722472450358	0.109492357460706	0.032	0.03	1	PARL	c4
0.645279018325129	-0.109469980151386	0.129	0.13	1	BANP	c4
0.425419367955605	0.109356318307553	0.116	0.113	1	CPSF3	c4
0.0170992762504633	-0.109271485360914	0.858	0.826	1	RAN	c4
0.00716296203433769	0.109095363395714	0.075	0.064	1	NBPF12	c4
0.0824284948109559	0.109073574751189	0.037	0.032	1	LMO7	c4
0.0257551139881133	0.109036441521457	0.115	0.104	1	CNPY4	c4
0.487198882075051	-0.109008535788754	0.229	0.219	1	TLE4	c4
0.0426075489835585	-0.108991489255193	0.482	0.483	1	TAF1D	c4
0.000394820278070275	-0.108892624692058	0.626	0.621	1	SPCS2	c4
0.723369549341027	-0.108891723347458	0.057	0.059	1	BTRC	c4
0.000467079654011362	-0.10887217114404	0.559	0.552	1	SNRPD3	c4
0.307789695734906	-0.108854486014333	0.076	0.081	1	SLC27A2	c4
0.921406055539519	0.108827338896203	0.057	0.058	1	NXT2	c4
0.186053483900962	-0.108801659459171	0.036	0.04	1	CEP131	c4
0.962620866052039	0.108736207287354	0.012	0.012	1	AC062017.1	c4
0.0624806461674687	-0.108679205648903	0.973	0.963	1	HSP90AA1	c4
0.00052581045790512	0.108669787726686	0.211	0.188	1	THAP11	c4
0.00017212842073178	0.108658292795645	0.257	0.23	1	OXLD1	c4
0.97825626759455	-0.108650867041869	0.288	0.278	1	DPYD	c4
0.00973440773306064	0.10864344418067	0.176	0.16	1	UFSP2	c4
0.00461164414949158	0.108613083689621	0.069	0.058	1	AKAP1	c4
0.962323139751445	-0.108549434404841	0.105	0.104	1	ZNF592	c4
0.144068428875527	0.108515958457847	0.127	0.12	1	SMPD4	c4
0.00717650389594402	0.108485716951414	0.262	0.245	1	PRCC	c4
0.0683943542197231	0.108454682956273	0.097	0.089	1	TOR1AIP2	c4
0.0559272994044266	0.108410713739659	0.126	0.117	1	ALG1	c4
0.0276601028409574	-0.108405499896421	0.142	0.155	1	HDGF	c4
0.0179308123756426	0.108310449151404	0.105	0.094	1	ZHX1	c4
0.0810810226021664	-0.108299533315926	0.51	0.493	1	PPM1G	c4
0.000635118320552181	0.108276231733311	0.326	0.299	1	OVCA2	c4
0.00200287879696809	0.108189073268743	0.23	0.209	1	COX19	c4
0.931405563118854	0.108179614831648	0.01	0.009	1	AL096678.1	c4
0.017468435156759	0.108143193569361	0.201	0.188	1	TARS	c4
5.63668947879216e-05	0.108103205970447	0.404	0.37	1	RNF114	c4
0.0789244798196985	-0.108083021121881	0.153	0.162	1	ASMTL	c4
0.311899202724429	-0.108046328985662	0.141	0.146	1	TFB1M	c4
0.336864264018027	0.107987874919203	0.051	0.048	1	ACOX3	c4
0.0916561609940294	-0.107934009246354	0.466	0.452	1	SNRPD1	c4
0.000603495763536381	0.107908456208581	0.298	0.273	1	POLR2A	c4
0.491561313589163	-0.107887937585223	0.024	0.025	1	FNTB	c4
0.0204448151265304	0.107831029568208	0.094	0.084	1	BCAS3	c4
0.000535598781037073	0.107810667859845	0.025	0.035	1	DHCR24	c4
0.448832132215132	-0.107800472842739	0.122	0.125	1	EIF2B4	c4
0.00192149022549484	0.107763230704337	0.209	0.189	1	ALKBH6	c4
0.151244521745563	0.107737772961838	0.055	0.05	1	SLC25A42	c4
0.000166974414278316	0.10772034752557	0.136	0.115	1	METTL16	c4
0.0545151360969931	-0.107701214555139	0.12	0.13	1	RDX	c4
0.107828376790421	0.107568203947721	0.014	0.012	1	GLS2	c4
0.0179656807005812	0.107469507017653	0.088	0.078	1	PDCD11	c4
0.00326099840287917	0.107410481786872	0.17	0.153	1	UBA5	c4
4.43706437638303e-05	0.107367660992322	0.298	0.268	1	STAT5A	c4
0.014793941462678	0.107322123071854	0.096	0.085	1	KMT2D	c4
0.0654946849854614	-0.107246236295979	0.068	0.076	1	LXN	c4
3.24699847488229e-05	0.107238374686706	0.397	0.364	1	HNRNPH1	c4
0.000326810493860739	0.107175281416825	0.335	0.306	1	U2AF2	c4
0.306998842403106	-0.107120566962574	0.085	0.089	1	DIS3L	c4
0.00850831417565757	0.107027809203018	0.255	0.239	1	CCDC28A	c4
0.118737803442335	-0.10700467500619	0.044	0.05	1	SDHAF4	c4
0.501953311312993	0.106962412627185	0.068	0.065	1	C11orf71	c4
0.00185120895115911	0.106948330590749	0.277	0.256	1	DCAF11	c4
0.000539917719734698	0.106901311929892	0.279	0.254	1	ITPA	c4
0.397985901504053	-0.106896214570453	0.12	0.123	1	REV1	c4
0.00184949507742605	0.106871252632937	0.265	0.244	1	JOSD2	c4
0.44549964414206	-0.1068540158237	0.94	0.904	1	CRIP1	c4
0.237699592159704	-0.106832895810059	0.154	0.16	1	COX11	c4
8.60046045405224e-05	0.106768836050848	0.35	0.317	1	EIF4G1	c4
0.178467740008142	0.10668833866982	0.061	0.056	1	TLK2	c4
0.0768224570786099	0.106665065679007	0.067	0.06	1	MICALL1	c4
0.00794291507104876	0.106633828948608	0.299	0.279	1	RABGGTB	c4
0.14411802548207	0.106624852918969	0.01	0.008	1	PLXNA1	c4
0.137128628886927	-0.106585161332242	0.262	0.267	1	MZT1	c4
0.177224565581991	-0.106540640466568	0.103	0.11	1	NCOA1	c4
0.164593804687994	-0.106475565328481	0.011	0.014	1	NANP	c4
0.244258053769001	0.1064633454838	0.095	0.09	1	UBE3C	c4
0.00893473432961413	0.10643544116496	0.24	0.222	1	UBE2D1	c4
0.7602077985061	0.106285532779066	0.074	0.073	1	RBM15	c4
0.0976924761793142	-0.106254901217536	0.047	0.053	1	CYB5D2	c4
0.000159376598647704	0.106241052568228	0.156	0.134	1	EPM2AIP1	c4
0.000635101678590805	0.106232726218899	0.25	0.228	1	IWS1	c4
0.728453925486995	0.106161515797595	0.092	0.091	1	NCAPD3	c4
0.106589077902242	0.106159795712313	0.108	0.101	1	PPME1	c4
0.438183096009454	-0.10609699578316	0.114	0.118	1	AVL9	c4
5.30324420218186e-05	0.106021763281916	0.351	0.317	1	SRRT	c4
0.0142172332580077	0.105974617861424	0.04	0.033	1	LOXL1-AS1	c4
0.387683630031552	-0.10596576774299	0.025	0.027	1	SS18L1	c4
0.334053766150118	0.105955269454529	0.055	0.052	1	ZNF714	c4
0.305666201083559	-0.105902012255689	0.086	0.09	1	MTERF3	c4
0.0368021449148291	0.105853997826195	0.128	0.117	1	PTAR1	c4
0.103032977989958	-0.105786622679605	0.27	0.278	1	TPGS1	c4
0.000304024391047572	0.105767350552848	0.21	0.185	1	ITFG2	c4
0.098860876527969	0.105666995565702	0.029	0.025	1	NR2F6	c4
0.00999633656235424	-0.1055801597719	0.448	0.453	1	EMC4	c4
0.110699323983372	0.105579240492758	0.007	0.01	1	NPW	c4
0.000848171055773219	-0.105568867394102	0.661	0.643	1	SNRPG	c4
0.823667906792186	-0.105537242915168	0.207	0.204	1	ADA2	c4
0.00427541144969494	0.10551091281021	0.181	0.164	1	COP1	c4
0.109339713382417	0.105504249922377	0.096	0.089	1	UBE2Q1	c4
0.0227294259525646	0.105472646552283	0.21	0.196	1	SNRNP35	c4
0.0363685581424995	0.105467460830587	0.086	0.077	1	ZDHHC17	c4
0.0369833796092574	0.105434607818617	0.089	0.08	1	PRUNE1	c4
0.21484376747014	0.105372573202642	0.058	0.054	1	CEP83	c4
5.65260192278081e-05	0.105255645308665	0.299	0.269	1	ZNF148	c4
0.322078605304885	-0.105226384780591	0.529	0.497	1	CARD16	c4
0.284915876477033	0.105136276480983	0.01	0.008	1	KLHDC8B	c4
0.120923584233977	-0.104994892600108	0.145	0.154	1	ABHD12	c4
0.0696407548736974	0.104987069790496	0.066	0.059	1	IDUA	c4
0.0730298781508912	0.104965960475131	0.151	0.141	1	DYNC1LI2	c4
0.539160693280721	-0.104929179555808	0.215	0.217	1	SAMD9L	c4
0.720102678821328	-0.104925935877998	0.374	0.359	1	CTSS	c4
0.13791758248716	0.104908731600515	0.157	0.15	1	YEATS4	c4
0.00292775063904612	-0.104894112834054	0.436	0.448	1	LSM6	c4
0.103623966448017	0.104870759493905	0.126	0.118	1	TBL3	c4
0.750257913865347	-0.10486107010602	0.119	0.119	1	VPS13D	c4
0.698547363861552	-0.104808127645561	0.032	0.033	1	AL121603.2	c4
0.503861185352496	-0.10478979984783	0.104	0.107	1	CAMTA2	c4
0.00300820233692139	0.104724082663782	0.145	0.129	1	CBX6	c4
0.00648265895043212	0.10471002095205	0.167	0.151	1	WDR20	c4
0.0113220757296234	0.104700204763373	0.088	0.077	1	ZHX2	c4
0.79763102006967	0.104686706582902	0.044	0.044	1	C19orf47	c4
0.0511783135976352	-0.104653210240842	0.471	0.472	1	TNIP1	c4
0.00575641224588042	0.104598708017073	0.187	0.171	1	EP400	c4
0.866489052288587	0.104576380775443	0.072	0.072	1	CLPTM1L	c4
0.456509881571681	-0.104521401269216	0.22	0.212	1	ZC3H12A	c4
0.0317865161981791	-0.10449947075208	0.159	0.172	1	NDUFA7	c4
0.00138552566244792	0.104419416977795	0.413	0.383	1	DCK	c4
0.254891265193167	0.10434281653397	0.018	0.015	1	AC105020.6	c4
0.369801355333343	-0.104303741598928	0.44	0.433	1	PIK3IP1	c4
0.0736144897732159	0.104234529104815	0.069	0.062	1	SCFD2	c4
0.0105955453664552	-0.104200985674852	0.473	0.48	1	ZNRD1	c4
0.819713261231929	-0.104170505313891	0.012	0.012	1	AGAP4	c4
0.00439420995442115	0.104095396936973	0.195	0.178	1	MTREX	c4
0.00238594538490578	0.104060725231309	0.318	0.295	1	FUBP1	c4
0.00153442745224839	0.104018937208176	0.258	0.235	1	RAB22A	c4
0.00466796384363944	0.103964800141333	0.218	0.201	1	MARS	c4
0.479657103415678	0.103796211966151	0.057	0.055	1	TIMM8A	c4
0.0240961790545351	0.103777945538383	0.176	0.163	1	BCL10	c4
0.622691818358776	-0.10372079105801	0.061	0.063	1	EPC2	c4
0.505294256240603	-0.103714276113644	0.206	0.209	1	GPCPD1	c4
0.866671123511638	0.103707149843213	0.04	0.04	1	PGAM5	c4
0.237490332146289	0.10366324459932	0.029	0.026	1	CYP2U1	c4
0.0210937911623813	0.103649650854436	0.089	0.08	1	ZNF507	c4
0.0356151615282795	0.103636880242078	0.189	0.177	1	LPCAT3	c4
0.210102712875145	-0.10361316171124	0.338	0.338	1	SMC3	c4
0.00251419117072806	0.103556619416766	0.046	0.037	1	KIAA1147	c4
0.514169461247876	-0.103554211361567	0.022	0.024	1	AL117339.5	c4
0.0191260931039546	0.103539839327787	0.155	0.142	1	IDH3A	c4
0.0236842483325415	-0.103517090101793	0.563	0.505	1	ANXA2	c4
0.181941173649733	-0.103443732018063	0.183	0.19	1	ACTR6	c4
0.000547782911568067	0.103360712528692	0.318	0.291	1	BUD23	c4
0.0158392094345832	0.103324031835526	0.056	0.048	1	ZNF18	c4
0.241920608153193	-0.103254615449226	0.125	0.131	1	PHKB	c4
0.056888446195355	-0.103220285134111	0.143	0.154	1	PGRMC1	c4
0.0721461343069638	0.103137264649088	0.074	0.067	1	ATG4C	c4
3.70646937172729e-05	0.103036206546824	0.39	0.355	1	PSMD2	c4
0.000512554724792648	0.1030318151422	0.054	0.043	1	SETD7	c4
0.264075780507312	-0.102997569840934	0.196	0.2	1	TOMM40	c4
0.00542597808824661	0.102865999984961	0.108	0.095	1	ZNF266	c4
0.0175698879199672	0.102751572388075	0.167	0.153	1	TPRA1	c4
0.0637082177041278	0.102746999855256	0.106	0.098	1	CSNK1G1	c4
0.17701225040024	0.102742699361591	0.113	0.107	1	ASH2L	c4
0.000647306473934468	-0.102740307690174	0.049	0.062	1	MIS18A	c4
0.626129147089538	-0.102647040119334	0.22	0.219	1	CHD9	c4
0.199489706837706	-0.102523333194867	0.108	0.114	1	ORC3	c4
0.0383491001172695	0.102482412144724	0.131	0.121	1	WASHC5	c4
0.00142636530876147	0.102475086446808	0.246	0.224	1	ABCE1	c4
0.0329440994183905	-0.102419209644178	0.588	0.539	1	DUT	c4
0.202919998839574	-0.1023847810861	0.313	0.316	1	TRAPPC4	c4
0.3729239423363	-0.102350565135399	0.206	0.209	1	CLK4	c4
0.000824293828075259	0.102322239062733	0.246	0.222	1	TAF3	c4
0.0292150213652149	0.102272821464847	0.156	0.145	1	PELP1	c4
0.00514351572074328	0.102252195739876	0.207	0.19	1	ATF2	c4
0.000230635232408939	0.102249552397143	0.268	0.24	1	CDK4	c4
0.690782035520043	0.102185287538391	0.045	0.047	1	TBC1D10B	c4
0.000284930042095238	0.102182165950293	0.081	0.066	1	F11R	c4
0.717130160755913	-0.102163218537845	0.018	0.017	1	ZNF30	c4
0.00428608512007369	0.102146535186029	0.162	0.145	1	RCOR3	c4
0.291164299086395	-0.102115871678164	0.314	0.318	1	CASP8	c4
0.00201729400331036	0.102088673388718	0.159	0.142	1	KLHL36	c4
0.0718733375604525	-0.101976608074529	0.209	0.22	1	RFXANK	c4
4.20675111027676e-05	0.101958729219565	0.481	0.444	1	TIAL1	c4
0.609873243422091	-0.101919921244831	0.191	0.186	1	CD84	c4
0.0551793466098489	0.101819986025053	0.056	0.049	1	C10orf143	c4
0.0284821336488848	0.10179657894629	0.113	0.102	1	C12orf43	c4
0.65362076997661	-0.101759500573802	0.066	0.067	1	POMT1	c4
0.657325786339386	0.101749967158953	0.069	0.068	1	PPAT	c4
0.000491849046520035	0.101702917710976	0.174	0.153	1	FBXO21	c4
0.0437548881747701	-0.101642105205035	0.362	0.369	1	CHMP5	c4
0.120457531539537	-0.101601769823724	0.243	0.25	1	NBEAL1	c4
0.0325120229344958	0.101537373494934	0.047	0.041	1	ZNF189	c4
0.636795350737221	-0.101488483760252	0.241	0.239	1	ARFGAP3	c4
0.0145597335924855	-0.101488138320872	0.028	0.035	1	CEP76	c4
0.156227435973516	0.101441422436293	0.078	0.072	1	ZNF692	c4
0.0120135141141321	0.101436571856139	0.135	0.122	1	CCDC71	c4
0.000417622117114125	0.101342258702417	0.321	0.294	1	SAP30BP	c4
6.14962269817675e-05	0.101336939732137	0.292	0.261	1	ELF2	c4
0.0567754213946247	-0.10131683574488	0.209	0.22	1	CHRAC1	c4
0.0305506478017433	0.101261456673424	0.095	0.086	1	SLC5A3	c4
0.424484845593168	0.101258178372651	0.083	0.08	1	ANKRD26	c4
0.316017383593153	-0.101243631695221	0.027	0.03	1	AC105446.1	c4
0.930114386422404	-0.101192341049724	0.781	0.729	1	SLC25A5	c4
0.262182559882435	0.10117662504374	0.058	0.054	1	TUBGCP5	c4
0.0486814960425794	0.101167802420487	0.12	0.11	1	ELK4	c4
0.357833700584102	-0.101136293985902	0.101	0.105	1	SNX27	c4
0.117651372193811	-0.101123392309804	0.352	0.355	1	RNF126	c4
0.00160828046507023	0.101095548261698	0.295	0.273	1	ANKRD10	c4
0.0134726104357344	0.101075474881564	0.149	0.135	1	HSD17B8	c4
0.00665680636636337	0.101070426172023	0.132	0.118	1	PIKFYVE	c4
0.0297318909187799	-0.101045682752263	0.556	0.535	1	PSMA6	c4
0.620195785557526	-0.101023345161981	0.061	0.062	1	PBX2	c4
0.0156099166297105	0.100961009622832	0.204	0.188	1	ALG5	c4
0.239472775614088	-0.100904345749927	0.43	0.422	1	SNRNP70	c4
0.982397927755483	0.100883259741575	0.013	0.013	1	SULT1A3	c4
0.0024526939780985	0.100847426865791	0.287	0.266	1	MRPL47	c4
0.916983481917665	-0.10077871022105	0.101	0.101	1	SEC22A	c4
0.0400382830174732	0.100759661273297	0.017	0.022	1	PSMC3IP	c4
0.0900094448495678	-0.100755016251854	0.02	0.024	1	PLCXD1	c4
0.19737612703817	0.100735085094112	0.01	0.009	1	MCAM	c4
0.00146262379513891	0.100704625929261	0.158	0.139	1	ABCF3	c4
0.096512229266488	0.10063069205966	0.054	0.048	1	AC083798.2	c4
0.43786505413429	-0.100604064989407	0.147	0.15	1	CYB5A	c4
0.826490331931785	-0.100558009934907	0.017	0.017	1	RGS18	c4
3.46413625438362e-05	0.100533517991027	0.256	0.227	1	NUMA1	c4
0.0134367638117362	-0.100464451836919	0.095	0.107	1	PCK2	c4
0.0356531692035234	-0.100428946951774	0.437	0.439	1	TKT	c4
0.000276910024901018	0.100418662415424	0.402	0.371	1	SARS	c4
0.0316351190511598	0.100413084697904	0.178	0.166	1	DPP8	c4
0.290777566886808	-0.100398136489975	0.083	0.088	1	RBM14	c4
0.00791758208700393	0.100360167068698	0.084	0.073	1	TTC27	c4
0.0743075558597313	-0.100342273975801	0.179	0.19	1	TRIM21	c4
0.000389549205331208	0.100336108062191	0.268	0.243	1	SETD5	c4
0.675584317740369	-0.100305050549579	0.249	0.251	1	TYMP	c4
0.558792917523627	-0.100158141799847	0.043	0.045	1	AL136454.1	c4
0.00242161040636081	0.10014603678138	0.345	0.325	1	STAG2	c4
0.0020412896186793	0.100111050003063	0.227	0.205	1	GALT	c4
0.0225759613667418	0.100090390944472	0.273	0.258	1	LARP7	c4
0.373831490591127	-0.100038064817805	0.103	0.107	1	HIST2H2AC	c4
