p_val	avg_log2FC	pct.1	pct.2	p_val_adj	gene	seurat_clusters
0	-5.03379867711715	0.019	0.353	0	CD4	c3
0	-4.16597252462902	0.159	0.72	0	IL7R	c3
0	-3.78895878843453	0.038	0.396	0	CD40LG	c3
0	-3.75187325193848	0.051	0.622	0	RPS4Y1	c3
0	3.40023339525084	0.813	0.162	0	LINC02446	c3
0	-3.36273694801113	0.111	0.537	0	GPR183	c3
0	3.16124474068344	0.466	0.098	0	ZNF683	c3
0	-3.13168697174122	0.057	0.311	0	TIMP1	c3
0	-3.05013525047509	0.074	0.372	0	ICAM2	c3
0	2.81309339856169	0.197	0.03	0	TTC24	c3
0	2.71326288412898	0.469	0.11	0	HAVCR2	c3
0	2.64147590025491	0.755	0.215	0	GZMB	c3
0	-2.61689273172975	0.114	0.433	0	AQP3	c3
0	-2.61128928036992	0.644	0.915	0	FOS	c3
0	2.55115949554655	0.134	0.025	0	SCUBE1	c3
0	2.49775762117062	0.216	0.043	0	SLAMF8	c3
0	2.49615099205618	0.25	0.052	0	AKAP5	c3
0	2.49353694741323	0.309	0.061	0	CD248	c3
0	2.48981233265183	0.14	0.024	0	PDE7B	c3
0	2.44883757308688	0.243	0.064	0	SLC27A2	c3
0	2.40348876933318	0.443	0.101	0	DAPK2	c3
0	2.3133382015203	0.56	0.138	0	PECAM1	c3
0	-2.27447537914914	0.44	0.741	0	FOSB	c3
0	2.2381756735868	0.275	0.07	0	REC8	c3
0	2.22440709866598	0.42	0.106	0	GPR34	c3
0	2.21464642212658	0.628	0.177	0	CLIC3	c3
0	2.21092938816422	0.423	0.107	0	CLECL1	c3
0	2.20923340488935	0.561	0.143	0	ENTPD1	c3
0	2.20322318749166	0.556	0.166	0	GZMH	c3
0	2.17699741122021	0.738	0.215	0	CD38	c3
0	2.17472280847131	0.543	0.158	0	TESC	c3
0	2.14067087626265	0.265	0.069	0	MIR181A1HG	c3
0	2.09027815416505	0.197	0.051	0	SEMA7A	c3
0	-2.06527187853889	0.398	0.797	0	CXCR4	c3
0	2.03777333732271	0.347	0.084	0	FCRL6	c3
0	1.96998462178865	0.367	0.103	0	JAKMIP1	c3
0	1.95244884016269	0.201	0.055	0	GPR82	c3
0	1.94254979041066	0.989	0.397	0	CD8A	c3
0	-1.93131548615894	0.467	0.703	0	TUBA1B	c3
0	1.92343853519615	0.421	0.115	0	CCL3	c3
0	1.92153909293111	0.423	0.116	0	ZEB2	c3
0	-1.90508394213773	0.337	0.757	0	LTB	c3
0	1.90310860608314	0.236	0.069	0	TOGARAM2	c3
0	1.90256141457643	0.997	0.736	0	CCL5	c3
0	1.88460519641242	0.239	0.069	0	LAYN	c3
0	1.87418899300505	0.826	0.371	0	LAG3	c3
0	1.83377050741944	0.326	0.105	0	MYL6B	c3
0	1.82473314427561	0.962	0.512	0	NKG7	c3
0	1.81521020799606	0.575	0.196	0	RAB37	c3
0	1.81495858669454	0.64	0.253	0	PTMS	c3
0	1.78594489190002	0.267	0.081	0	CCL3L1	c3
0	-1.78308231064306	0.816	0.965	0	DUSP1	c3
0	1.72369735460564	0.715	0.269	0	DUSP4	c3
0	1.71893159619565	0.479	0.187	0	CARS	c3
0	1.71424344568905	0.852	0.299	0	HLA-DPB1	c3
0	1.71271805013412	0.341	0.109	0	BCL2L11	c3
0	1.69546972200344	0.819	0.387	0	ITGAE	c3
0	-1.6892477200857	0.544	0.733	0	HIST1H4C	c3
0	1.68709371146761	0.781	0.391	0	CXCR6	c3
0	1.66722084819429	0.875	0.46	0	PRF1	c3
0	1.65816399968338	0.324	0.09	0	XIST	c3
0	1.65699591311961	0.883	0.299	0	HLA-DRB1	c3
0	1.65124019690499	0.44	0.149	0	CD244	c3
0	1.6475656690828	0.3	0.106	0	PRKAR1B	c3
0	1.61599129819329	0.946	0.339	0	CD8B	c3
0	1.55549342400224	0.683	0.168	0	HLA-DRA	c3
0	1.53107273894504	0.635	0.254	0	FASLG	c3
0	1.5282810588738	0.339	0.131	0	FUT8	c3
0	1.5235868561664	0.594	0.193	0	FABP5	c3
0	-1.52172757595419	0.55	0.763	0	TXNIP	c3
0	1.51527668671785	0.991	0.86	0	COTL1	c3
0	-1.51515659217232	0.575	0.728	0	ANXA1	c3
0	1.50734138794785	0.368	0.093	0	HLA-DQA1	c3
0	1.50088234154486	0.312	0.114	0	PTPRJ	c3
0	1.49829740344365	0.856	0.439	0	GBP5	c3
0	1.49386268758258	0.885	0.483	0	CYTOR	c3
0	1.48226502136111	0.917	0.681	0	ALOX5AP	c3
0	1.47891159743859	0.863	0.356	0	HLA-DPA1	c3
0	1.44759089924934	0.644	0.294	0	ACP5	c3
0	1.44666134928567	0.737	0.273	0	KLRD1	c3
0	-1.44641336347693	0.93	0.961	0	JUNB	c3
0	1.44557059453181	0.513	0.202	0	BCAS4	c3
0	1.39685723187056	0.869	0.496	0	LINC01871	c3
0	1.38505641887803	0.593	0.272	0	ADA	c3
0	1.37137584970474	0.985	0.873	0	RARRES3	c3
0	1.3689758893525	0.44	0.187	0	PLSCR1	c3
0	-1.33318996951462	0.75	0.891	0	TSC22D3	c3
0	1.32935061060249	0.392	0.148	0	SMCO4	c3
0	1.31005336124835	0.701	0.297	0	MIR4435-2HG	c3
0	1.28498597631605	0.886	0.457	0	GZMA	c3
0	1.27948269984716	0.729	0.264	0	IFNG	c3
0	-1.27831481896071	0.592	0.787	0	S100A11	c3
0	1.27420246925099	0.642	0.277	0	AOAH	c3
0	1.25938571612742	0.87	0.537	0	IDH2	c3
0	1.25774504857783	0.446	0.153	0	HLA-DQB1	c3
0	1.25568080228559	0.635	0.291	0	C12orf75	c3
0	1.21195600800956	0.533	0.272	0	B3GNT2	c3
0	1.20145147570709	0.627	0.325	0	SLA2	c3
0	1.20016419289455	0.712	0.424	0	GYG1	c3
0	-1.18984466025809	0.933	0.981	0	EEF1B2	c3
0	1.17979441277814	0.993	0.885	0	CD74	c3
0	1.16958616258333	0.63	0.324	0	PAG1	c3
0	1.160874585109	0.457	0.189	0	HLA-DMA	c3
0	1.1492578677106	0.781	0.462	0	CBLB	c3
0	1.14650959458961	0.547	0.262	0	GBP4	c3
0	1.12674211888811	0.303	0.107	0	TOX2	c3
0	1.11343182900937	0.641	0.35	0	AC116366.3	c3
0	1.10835910107282	0.583	0.3	0	ERAP2	c3
0	1.10743925910945	0.699	0.399	0	CHST12	c3
0	1.10594670925463	0.595	0.307	0	ASB2	c3
0	1.10432934604473	0.775	0.451	0	GBP2	c3
0	1.10324421252588	0.724	0.434	0	HMGA1	c3
0	1.1004367474133	0.964	0.722	0	CST7	c3
0	1.09703683691711	0.871	0.587	0	UCP2	c3
0	1.09090512762636	0.694	0.398	0	GRAP2	c3
0	1.08291948770936	0.666	0.375	0	RAB27A	c3
0	1.08279042047485	0.499	0.236	0	GABARAPL1	c3
0	-1.08218878254093	0.877	0.942	0	VIM	c3
0	1.0814402345315	0.666	0.385	0	IFI27L2	c3
0	-1.07769419806268	0.762	0.876	0	RPL36A	c3
0	1.07560868259392	0.799	0.499	0	PTPN22	c3
0	1.07146753191439	0.95	0.781	0	LAT	c3
0	1.06812111918903	0.869	0.569	0	ID2	c3
0	1.0367770960773	0.997	0.974	0	PTPRCAP	c3
0	1.02882119563916	0.656	0.38	0	JAML	c3
0	1.02650719038089	0.719	0.423	0	APOBEC3G	c3
0	1.02585887549135	0.991	0.874	0	CD7	c3
0	1.01721571857306	0.895	0.678	0	ZYX	c3
0	1.00208402721431	0.995	0.967	0	CD52	c3
0	0.989795687175499	0.881	0.624	0	RNF213	c3
0	0.981879589927109	0.811	0.511	0	ABI3	c3
0	-0.976435478538946	0.924	0.968	0	MT-ND2	c3
0	0.974421350596456	0.651	0.377	0	VAMP5	c3
0	-0.955589502573541	0.863	0.933	0	FXYD5	c3
0	-0.955575574077107	0.922	0.968	0	MT-ND4	c3
0	0.946298419685554	0.772	0.49	0	THEMIS	c3
0	0.945754469968246	0.691	0.426	0	LASP1	c3
0	0.94296444562131	0.907	0.69	0	PPP1R18	c3
0	0.939532874413301	0.676	0.417	0	ISG15	c3
0	0.926749438700427	0.909	0.682	0	CLEC2B	c3
0	0.919466414267638	0.924	0.736	0	CNN2	c3
0	0.905287407060792	0.907	0.706	0	FKBP1A	c3
0	-0.902452821365128	0.994	0.996	0	MT-ND3	c3
0	0.902433949661344	0.425	0.147	0	GNLY	c3
0	-0.894921103864979	0.998	0.997	0	MT-CYB	c3
0	0.890937702507188	0.859	0.59	0	TAP1	c3
0	0.876018567377612	0.975	0.885	0	FYB1	c3
0	0.857893599291694	0.911	0.688	0	PSMB8	c3
0	0.853450037118834	0.97	0.834	0	LIMD2	c3
0	0.852398156290356	0.742	0.496	0	CASP4	c3
0	0.845329088821197	0.833	0.58	0	UBE2L6	c3
0	0.841452490551019	0.909	0.722	0	GYPC	c3
0	0.832540831323704	0.903	0.742	0	RGS10	c3
0	0.82516797987011	0.999	0.983	0	SH3BGRL3	c3
0	0.815215532887211	0.788	0.539	0	TNFRSF14	c3
0	-0.813768862728176	0.727	0.849	0	S100A10	c3
0	-0.808753845126617	0.983	0.992	0	RPL9	c3
0	0.80381691175446	0.849	0.626	0	GZMM	c3
0	0.797809642134128	0.966	0.821	0	PSMB9	c3
0	0.782119310646086	0.996	0.96	0	CD3D	c3
0	0.764897122883367	0.625	0.277	0	CTLA4	c3
0	-0.741069258135023	1	0.999	0	EEF1A1	c3
0	0.739528800583185	0.892	0.697	0	PSMB10	c3
0	0.733832532248593	0.948	0.856	0	SUB1	c3
0	0.725939576837531	0.992	0.948	0	EVL	c3
0	0.72299455557151	0.999	0.989	0	GAPDH	c3
0	-0.722702516941903	0.999	0.997	0	RPS12	c3
0	0.718482609585773	0.999	0.994	0	ACTG1	c3
0	0.717969464624546	0.902	0.681	0	FYN	c3
0	-0.715046350339485	0.959	0.972	0	RPL38	c3
0	-0.712814920684188	0.976	0.989	0	MT-ND5	c3
0	0.702896453925246	0.949	0.818	0	STK17A	c3
0	-0.680335752379754	0.996	0.997	0	MT-ATP6	c3
0	0.675078816942168	0.984	0.912	0	LSP1	c3
0	0.666089262624464	0.902	0.734	0	DRAP1	c3
0	-0.665672169605024	0.999	0.997	0	RPL32	c3
0	0.662536460552006	0.749	0.41	0	CCL4	c3
0	-0.661326819876926	0.943	0.969	0	EEF1G	c3
0	0.651340352110712	0.896	0.72	0	WIPF1	c3
0	0.649457711546578	0.923	0.772	0	PSME2	c3
0	-0.637755326614559	0.995	0.995	0	RPS21	c3
0	-0.637480425157528	0.999	0.997	0	MT-ND4L	c3
0	-0.632849679789357	0.999	0.997	0	RPS3A	c3
0	0.619632230734472	0.919	0.774	0	PPP1CA	c3
0	-0.616353529638089	1	0.999	0	RPL10	c3
0	-0.613204643500397	0.995	0.995	0	RPL3	c3
0	-0.612621694507649	0.998	0.997	0	RPS14	c3
0	-0.608591767429052	0.993	0.992	0	RPL21	c3
0	0.605960856487576	0.946	0.828	0	CD3G	c3
0	0.605820533040927	0.992	0.957	0	LAPTM5	c3
0	-0.604186650642053	1	0.998	0	TPT1	c3
0	-0.592078180146248	0.985	0.992	0	MT-ND1	c3
0	0.590309542227171	0.977	0.892	0	LCK	c3
0	-0.587907667480149	0.995	0.993	0	RPL41	c3
0	-0.586688329456479	0.988	0.992	0	RPS5	c3
0	0.585713901923751	0.944	0.828	0	CAPZB	c3
0	-0.582143143947706	0.999	0.998	0	RPS27A	c3
0	0.580696968667284	0.995	0.973	0	RAC2	c3
0	-0.573333072974043	0.999	0.998	0	RPL30	c3
0	-0.572454306647965	0.855	0.93	0	MIF	c3
0	0.572279856004299	0.98	0.94	0	ATP5MG	c3
0	-0.564491757860408	0.999	0.997	0	RPS3	c3
0	-0.563559423765248	0.998	0.997	0	RPL34	c3
0	0.563374165626418	0.979	0.918	0	ARPC3	c3
0	-0.558088312176713	0.996	0.996	0	RPL8	c3
0	-0.556818980194518	0.998	0.998	0	RPS8	c3
0	0.555274843081178	0.983	0.941	0	ARPC2	c3
0	-0.551748734726542	0.987	0.991	0	RPL35	c3
0	-0.551143531351214	0.994	0.994	0	RPL5	c3
0	0.54188960246754	0.978	0.918	0	CLIC1	c3
0	-0.537790823640434	0.997	0.996	0	RPS25	c3
0	-0.524655832907131	0.996	0.996	0	RPS6	c3
0	0.522135059990662	0.994	0.976	0	CORO1A	c3
0	-0.521975753419979	0.997	0.996	0	RPL39	c3
0	0.51408561860983	0.947	0.861	0	GABARAP	c3
0	-0.504879305893795	0.995	0.996	0	MT-ATP8	c3
0	0.501231626645837	1	0.999	0	HLA-B	c3
0	0.494315594024511	0.982	0.9	0	HCST	c3
0	0.486613399831641	0.962	0.901	0	SUMO2	c3
0	-0.484030115853008	0.998	0.996	0	RPLP2	c3
0	0.481984684815253	0.977	0.929	0	PSME1	c3
0	-0.48147667055099	0.998	0.996	0	RPS13	c3
0	-0.481340895440486	0.988	0.992	0	RPL10A	c3
0	-0.480109946551067	0.993	0.995	0	RPL36	c3
0	-0.476819191770526	0.998	0.997	0	RPS23	c3
0	0.474167912089262	1	0.998	0	HLA-A	c3
0	-0.466402721716575	0.998	0.997	0	RPS18	c3
0	0.466114765988409	0.98	0.951	0	ATP5MC2	c3
0	-0.462360885276108	0.999	0.997	0	RPS28	c3
0	-0.450957001021733	0.994	0.996	0	RPLP0	c3
0	-0.45076634087074	1	0.999	0	RPLP1	c3
0	-0.443910915853831	1	0.998	0	RPL13	c3
0	-0.439434314568592	0.992	0.993	0	RPSA	c3
0	-0.432140299011426	0.999	0.998	0	RPL11	c3
0	-0.421208733007979	0.991	0.991	0	RPL22	c3
0	0.419466463095777	0.999	0.996	0	PFN1	c3
0	0.402900604085648	0.998	0.986	0	CD3E	c3
0	0.397318082228434	0.999	0.995	0	TMSB10	c3
0	-0.394080192150147	0.995	0.995	0	RPS16	c3
0	-0.392985965598192	0.999	0.998	0	RPL19	c3
0	0.379549920606725	1	0.999	0	ACTB	c3
0	0.378365073001029	0.981	0.922	0	HMGB1	c3
0	-0.372885990234937	0.999	0.998	0	MT-CO3	c3
0	0.366819780787311	1	0.999	0	TMSB4X	c3
0	0.289582758723697	1	1	0	B2M	c3
2.44295021439909e-307	1.80490664710145	0.195	0.053	8.19316642905165e-303	KIAA1671	c3
4.78500709041512e-307	1.01146692579315	0.604	0.342	1.60479567798342e-302	TPST2	c3
2.50995142882482e-306	-0.347848985550847	0.998	0.996	8.41787510199267e-302	RPL14	c3
7.05683247888486e-305	0.864515492113806	0.725	0.463	2.3667204767684e-300	FKBP11	c3
4.47652742521372e-303	1.8015995656703	0.265	0.093	1.50133776786818e-298	AHI1	c3
9.51274442945581e-303	1.00786672121304	0.63	0.374	3.19038422675089e-298	PYCARD	c3
1.0724942412825e-302	1.15893147266239	0.463	0.224	3.59693118641323e-298	TRIB2	c3
6.02462595894744e-301	0.678780290344376	0.906	0.676	2.02053905411179e-296	RGS1	c3
1.88127203269169e-300	0.612537071058786	0.916	0.768	6.30941014324139e-296	SLC9A3R1	c3
5.32758494788749e-300	2.053644743736	0.189	0.052	1.78676543982251e-295	KLRC4	c3
2.39958990350104e-299	0.698497477583242	0.863	0.657	8.04774461836178e-295	IL2RG	c3
6.61871767887e-297	0.94688106340436	0.643	0.389	2.21978553513942e-292	KRAS	c3
8.44340461588124e-297	0.873861765847988	0.684	0.421	2.83174904007425e-292	IKZF3	c3
2.89803507292767e-296	1.11073918895144	0.588	0.338	9.7194300275848e-292	PLEKHF1	c3
4.09393544683403e-296	0.972853181157039	0.554	0.296	1.3730240701592e-291	GPR171	c3
6.64252782699054e-296	1.18667372875262	0.42	0.194	2.22777098261609e-291	LYST	c3
7.18464376885716e-296	0.894529661176325	0.673	0.413	2.40958582719931e-291	SP140	c3
1.13867502845973e-291	0.766322939246805	0.799	0.552	3.81888831044825e-287	SIT1	c3
1.66247139756774e-291	0.709009737841903	0.86	0.647	5.57559657316267e-287	CD6	c3
1.5933726512399e-289	0.871856954567866	0.749	0.521	5.34385319772838e-285	SIRPG	c3
1.93526535451676e-285	-0.417745185359011	0.978	0.982	6.4904929459783e-281	RPL27	c3
9.0545311237478e-285	0.739697608504383	0.794	0.579	3.03670864828254e-280	POLD4	c3
1.88687895026842e-284	0.344085150916801	0.994	0.985	6.32821462341023e-280	SERF2	c3
1.93951841046166e-284	0.86982412404555	0.675	0.423	6.5047568450063e-280	RBCK1	c3
4.1260600023531e-283	1.40404570306585	0.306	0.119	1.38379800358918e-278	MXD4	c3
2.38103454010513e-282	0.691288666093838	0.85	0.65	7.9855136406046e-278	RABAC1	c3
6.759232022589e-281	0.535696692479328	0.962	0.923	2.2669112357359e-276	SRP14	c3
4.10174107188437e-280	0.958403596406624	0.593	0.341	1.37564192068858e-275	MYO1F	c3
2.71393666331867e-278	-3.28530018086015	0.052	0.293	9.10200078143817e-274	TNF	c3
7.130460244786e-277	-0.585698936590651	0.846	0.921	2.39141375689633e-272	HSP90AB1	c3
2.146986969668e-276	-0.581780239624906	0.979	0.987	7.20056489887254e-272	BTG1	c3
3.18391566976343e-274	0.721710717212845	0.82	0.617	1.06782163732526e-269	SASH3	c3
1.37334686008312e-273	1.04957037731701	0.493	0.254	4.60593069934677e-269	PDE3B	c3
8.36679804252415e-272	-0.337262717075344	0.994	0.995	2.80605672750175e-267	RPL17	c3
5.45771907979816e-271	1.34614099220184	0.306	0.122	1.83040982498271e-266	OASL	c3
1.91317992276815e-270	0.739609314086408	0.776	0.532	6.41642282497983e-266	IL2RB	c3
8.54899676194021e-270	-2.19028054145303	0.12	0.357	2.86716253401951e-265	SYPL1	c3
1.67786502634055e-269	0.762571979318114	0.799	0.593	5.62722372534095e-265	CLEC2D	c3
4.57973596636143e-268	0.787324389131681	0.618	0.352	1.5359518483983e-263	ITGA1	c3
3.81223244659884e-267	1.28554333098614	0.33	0.137	1.27854651794032e-262	HIST3H2A	c3
5.35044125535727e-267	-0.511209455925712	0.926	0.951	1.79443098822172e-262	RPL27A	c3
1.61897637364353e-266	0.589131130715529	0.87	0.72	5.42972296192568e-262	SLC25A5	c3
7.21705203310226e-266	0.625876957029178	0.874	0.698	2.42045491086184e-261	TBC1D10C	c3
9.94295469195506e-266	0.665008053639263	0.845	0.634	3.33466814458789e-261	CSK	c3
1.81560148211986e-264	2.36661873845235	0.098	0.017	6.08916425073359e-260	VCAM1	c3
2.55605203872052e-264	0.566120929352185	0.905	0.774	8.57248732746087e-260	RNASEK	c3
1.66308054182875e-263	0.781853185109315	0.737	0.497	5.57763952118527e-259	ANXA5	c3
6.7843477899657e-263	1.13655881601044	0.383	0.175	2.2753345617987e-258	IL21R	c3
2.09509148024439e-262	0.782174722139701	0.882	0.75	7.02651780644363e-258	DUSP2	c3
7.62598121110705e-260	0.828438116767301	0.673	0.432	2.55760157858108e-255	CALCOCO2	c3
4.83948602178066e-259	3.31870561261454	0.063	0.007	1.6230668219848e-254	CLIP3	c3
6.86440099044563e-258	0.626480522289766	0.853	0.669	2.30218280417565e-253	WDR1	c3
5.9760932810116e-257	-0.321798288787375	0.998	0.996	2.00426216458567e-252	RPL35A	c3
9.88284500915861e-257	1.1508896050274	0.381	0.174	3.31450855917161e-252	ATXN1	c3
5.41839911674238e-256	0.662515678696741	0.818	0.608	1.81722269577306e-251	PRKCH	c3
5.23017957061844e-255	0.371468930079765	0.993	0.979	1.75409762439401e-250	MYL6	c3
1.9673527319894e-254	0.814500654162279	0.689	0.456	6.59810759254604e-250	SH3BP1	c3
2.44960776760613e-254	0.552427129029997	0.89	0.754	8.21549453099745e-250	HIGD2A	c3
2.5949298788911e-254	1.51868640879349	0.231	0.08	8.70287582782497e-250	CDCA7	c3
1.9651367213695e-253	1.35145260974829	0.277	0.107	6.59067553612904e-249	MIAT	c3
1.88748526097346e-252	0.590872115828012	0.848	0.677	6.33024806825279e-248	C9orf16	c3
8.85052206902614e-252	0.738581927789033	0.787	0.582	2.96828809150999e-247	RNF167	c3
4.09098396297515e-251	0.745229735497512	0.756	0.56	1.3720342015026e-246	CD27	c3
5.90117218514598e-251	-0.994408056943807	0.758	0.844	1.97913512745426e-246	BTG2	c3
1.40359232458938e-250	2.21160096729681	0.138	0.034	4.70736793820785e-246	DOCK5	c3
2.49074743009591e-250	-3.45926987496768	0.02	0.23	8.35346873105567e-246	DDX3Y	c3
5.58309515682704e-250	0.564173818342616	0.88	0.68	1.87245845369665e-245	CTSC	c3
1.62671891988003e-249	1.75163951264422	0.19	0.059	5.45568991349364e-245	CASS4	c3
2.49035266447025e-249	0.709080282864917	0.589	0.332	8.35214476610034e-245	BATF	c3
9.36909400915131e-247	0.7729465451384	0.706	0.469	3.14220674878917e-242	LSM2	c3
1.39337038417607e-244	0.814957708573411	0.65	0.407	4.6730855944497e-240	MIEN1	c3
7.09732067986115e-243	0.577640239792528	0.908	0.765	2.38029940961183e-238	LY6E	c3
3.64048429751944e-242	1.34056551859727	0.332	0.149	1.22094562370207e-237	FAM118A	c3
4.83878807026421e-242	-0.517758030162874	0.993	0.99	1.62283274300521e-237	RPS29	c3
2.45805575546438e-241	-0.640534604349162	0.973	0.971	8.24382739267643e-237	RPS26	c3
7.50943616126881e-240	0.75764719081964	0.722	0.504	2.51851469976633e-235	PRDX6	c3
9.54352263689662e-239	0.594600448110482	0.822	0.636	3.20070662196239e-234	COX5A	c3
9.99654336096826e-239	-0.828638569225195	0.619	0.75	3.35264071240154e-234	EMP3	c3
6.44026379446028e-238	0.808337395050124	0.641	0.402	2.15993567138609e-233	RNF19A	c3
1.31511384654483e-236	0.692582652590164	0.783	0.573	4.41062881854204e-232	NCOR1	c3
4.27535647507197e-236	0.586974733333846	0.897	0.762	1.43386905460964e-231	STK17B	c3
5.69417955509485e-236	1.09087330583606	0.503	0.288	1.90971393918771e-231	RBPJ	c3
1.34059492342007e-235	-4.17815168867363	0.02	0.217	4.49608725416624e-231	MYBL1	c3
2.69341817666102e-235	-0.477869857060151	0.942	0.959	9.03318588088572e-231	TOMM7	c3
9.64176616431992e-235	1.3965997802315	0.269	0.107	3.23365553618962e-230	SFMBT2	c3
6.32339138917409e-234	0.34291158230526	0.991	0.972	2.12073900410121e-229	PTPRC	c3
1.96744504547945e-233	0.962937900871384	0.446	0.23	6.59841719352897e-229	TRG-AS1	c3
2.45692132158876e-233	0.334171430491497	0.997	0.987	8.24002272834437e-229	CFL1	c3
3.35023788728919e-232	1.05488512197269	0.394	0.19	1.12360278263905e-227	ATP8A1	c3
7.26381462258506e-232	0.313537114362335	0.998	0.992	2.43613814812258e-227	HLA-E	c3
8.87948611622897e-232	-2.23804591686601	0.089	0.308	2.97800205366087e-227	BCL2	c3
1.34959619212764e-231	1.28584625501254	0.305	0.131	4.52627570915766e-227	CMIP	c3
2.08444162953246e-231	0.865923362139103	0.554	0.324	6.99080033712595e-227	ASNA1	c3
1.38856677415968e-230	-0.286238784903443	0.998	0.997	4.65697524717672e-226	RPL18	c3
1.10787512383214e-229	-1.04347536405627	0.476	0.645	3.71559159030824e-225	CSRNP1	c3
1.45390729315489e-229	1.39540906859072	0.23	0.085	4.87611427978288e-225	NELL2	c3
1.23763863674671e-228	-1.27114560390361	0.328	0.526	4.15079245992112e-224	PLP2	c3
1.29170243975292e-228	-3.60292546960317	0.028	0.224	4.33211164244335e-224	PLAC8	c3
1.93818485411612e-228	1.4426341199549	0.239	0.09	6.50028436373463e-224	HIST1H2BK	c3
1.84724176075667e-224	0.611434588539696	0.726	0.488	6.19527941722572e-220	STAT1	c3
2.08981077165877e-224	-2.17863683477393	0.106	0.32	7.00880736598917e-220	ARL4A	c3
4.38063267044407e-224	0.981427207840608	0.446	0.235	1.46917658501353e-219	PPP1R16B	c3
7.82880064958851e-224	0.631047199833832	0.868	0.736	2.62562316185899e-219	PARK7	c3
2.61984068606769e-223	1.34824074991323	0.267	0.108	8.78642169293381e-219	TNIP3	c3
7.93370469927399e-223	1.54293587824746	0.198	0.068	2.66080588204251e-218	PLCG2	c3
1.077740125934e-222	1.13498636139488	0.376	0.183	3.61452483435747e-218	MT1F	c3
5.42688870480162e-222	0.504893730369412	0.913	0.788	1.82006993381637e-217	CAP1	c3
9.19087016050553e-222	-1.81898412456473	0.118	0.333	3.08243403443034e-217	PRNP	c3
1.82670005605188e-221	0.363535975601151	0.971	0.94	6.1263866479868e-217	RHOA	c3
4.9340523714868e-221	0.623809484710787	0.795	0.607	1.65478248434924e-216	ATP5F1C	c3
1.98709835426836e-219	0.837953212959634	0.556	0.329	6.66433046054522e-215	GBP1	c3
2.48186974719367e-219	0.503567945072766	0.928	0.812	8.32369475813814e-215	LCP2	c3
1.76782259703299e-217	0.800541357059748	0.644	0.431	5.92892342592925e-213	RGL4	c3
3.06448099660525e-217	2.52902488996871	0.091	0.018	1.02776563664147e-212	PTPRK	c3
3.84974588028451e-217	1.06199154547109	0.288	0.121	1.29112777332982e-212	CHI3L2	c3
3.53371327515275e-216	2.4999809636503	0.097	0.02	1.18513675822073e-211	SETBP1	c3
5.96669253823102e-216	-0.613673651526452	0.795	0.896	2.00110934347192e-211	IFITM2	c3
1.51318306477564e-214	-0.279602231302849	0.996	0.995	5.07491336264454e-210	RPL23A	c3
3.88525624333687e-214	0.735349588002712	0.669	0.438	1.30303723889032e-209	RUNX3	c3
1.73675257794368e-213	0.525664669353778	0.863	0.712	5.82472079590752e-209	UBXN1	c3
2.41090867229211e-211	1.2288666807431	0.297	0.131	8.08570550513327e-207	FBXO6	c3
4.29477455451022e-211	0.626084457650864	0.827	0.631	1.44038149009164e-206	LBH	c3
1.89503904716226e-210	2.28292178103311	0.123	0.032	6.35558195637278e-206	ADGRG5	c3
1.93505605783377e-210	0.933398966910723	0.47	0.26	6.48979100676291e-206	RPS6KA1	c3
1.5652781604214e-209	0.603545034588983	0.794	0.613	5.2496298944213e-205	PRDX5	c3
3.58350033931981e-209	0.989857183390193	0.355	0.169	1.20183434380108e-204	CD84	c3
7.32736564744952e-209	1.15047061426326	0.341	0.163	2.45745189084162e-204	HSH2D	c3
8.10256365446362e-209	0.639207286011026	0.739	0.529	2.71743779843401e-204	SCAND1	c3
1.1693780179404e-208	-1.97843930320634	0.107	0.315	3.92185999656853e-204	TCF7	c3
1.17162761426736e-207	2.0785049107022	0.125	0.033	3.92940469272986e-203	AC243829.4	c3
3.35051305930511e-207	-0.270352469771784	1	0.998	1.12369506982975e-202	MT-CO2	c3
1.73634951460302e-206	0.795101216386966	0.586	0.361	5.82336900207562e-202	JAK3	c3
3.69257134190284e-206	2.64775027465635	0.079	0.014	1.23841457664737e-201	MYO7A	c3
4.58463905372196e-206	-2.94099337134568	0.05	0.238	1.53759624583727e-201	THEM4	c3
6.90749885547148e-206	-1.14363331641073	0.562	0.723	2.31663696614802e-201	NFKBIA	c3
5.71429812945653e-205	0.587979388891884	0.835	0.668	1.91646130665713e-200	DYNLL1	c3
8.83249471219927e-205	0.38271936894753	0.968	0.916	2.96224207657739e-200	ARPC1B	c3
2.08155439897568e-204	0.906540640871946	0.466	0.257	6.98111714328463e-200	DCP2	c3
4.62505296914428e-204	0.763545402587653	0.635	0.411	1.55115026479161e-199	ACTN4	c3
8.71795156767485e-204	0.63962398305556	0.683	0.468	2.92382659676679e-199	TNFRSF1B	c3
5.56898880119146e-203	1.74039406998778	0.164	0.053	1.86772746414359e-198	CD8B2	c3
2.30429535206405e-202	0.485735650510522	0.887	0.758	7.7281457517524e-198	ATP5F1D	c3
7.35525503813649e-202	0.868897998930104	0.506	0.291	2.46680543469022e-197	TNFRSF1A	c3
1.62920182390659e-201	2.05797291370782	0.129	0.036	5.46401707701791e-197	C3orf14	c3
1.00181027844464e-200	-1.6980524836666	0.15	0.357	3.35987131184764e-196	PTGER2	c3
7.75431968364099e-200	0.726013164195966	0.705	0.515	2.60064373549951e-195	TPM4	c3
9.09131685963924e-200	0.923745043502233	0.469	0.267	3.04904584838581e-195	WBP1	c3
1.28159237952986e-199	-3.22758322680661	0.051	0.237	4.29820452246725e-195	TNFRSF4	c3
9.69003600396672e-199	0.562087404719414	0.826	0.652	3.24984427501036e-194	ZAP70	c3
2.43099768129722e-198	0.746830063866144	0.634	0.415	8.1530800235346e-194	FLNA	c3
2.90298707786019e-198	-0.687554409379465	0.64	0.778	9.73603806172752e-194	CD44	c3
1.54663616839407e-197	1.29583952325166	0.22	0.085	5.18710838156004e-193	GEM	c3
1.89669012132813e-197	0.953529009754276	0.476	0.272	6.3611193289103e-193	SERPINB9	c3
1.888103305541e-196	0.547372543684014	0.857	0.696	6.33232086612339e-192	ARHGEF1	c3
3.71041399041163e-196	-0.524851506464334	0.872	0.895	1.24439864410425e-191	RPS20	c3
7.70420267444407e-196	0.603454114683436	0.781	0.597	2.58383549295505e-191	RHOF	c3
1.49784450149854e-195	0.485653270854946	0.873	0.742	5.02347088912582e-191	ATP5MC3	c3
1.71836577238977e-195	0.914176788585511	0.461	0.258	5.7630551274408e-191	NAA50	c3
1.32517446080965e-194	1.18476888215892	0.301	0.138	4.4443701066634e-190	GALNT2	c3
1.50253036030987e-194	0.733639195658093	0.585	0.365	5.03918632240724e-190	CCDC69	c3
2.7908281187044e-194	1.34364523685215	0.218	0.084	9.35987934451081e-190	TRERF1	c3
5.40070170693557e-194	-0.659803570008744	0.722	0.816	1.81128733847205e-189	MT-ND6	c3
7.36477011796556e-194	0.968188866389207	0.4	0.21	2.46999660216329e-189	IP6K2	c3
3.72832810530286e-192	0.953966244487107	0.42	0.227	1.25040667995647e-187	PREX1	c3
1.29587870379443e-191	0.762999896077768	0.568	0.353	4.34611799678575e-187	MPG	c3
2.41835092926958e-191	0.571427112285667	0.835	0.67	8.11066534658433e-187	CELF2	c3
2.71525280267826e-191	1.14452716179925	0.293	0.134	9.10641484962234e-187	DUSP10	c3
8.73911801946669e-191	-0.607094326364241	0.743	0.815	2.93092540136874e-186	RPS10	c3
1.32789903215178e-190	0.734025498822687	0.573	0.355	4.45350777403064e-186	PYHIN1	c3
1.69574443259344e-189	-4.87195476201855	0.011	0.171	5.68718767803188e-185	SSBP2	c3
2.75437037932273e-189	0.729769472684429	0.654	0.439	9.23760737817258e-185	SLA	c3
3.12403170368247e-189	0.754176459569212	0.616	0.403	1.04773775278103e-184	TSEN54	c3
5.82017453297289e-189	0.665754387168974	0.702	0.494	1.95197013486845e-184	TWF2	c3
7.14194435821139e-186	-0.845497849693897	0.922	0.932	2.39526529885694e-181	ZFP36	c3
1.02578909795155e-185	0.703533518364224	0.63	0.411	3.44029147670992e-181	MAP4K1	c3
8.27271166558246e-185	0.220861607092033	0.999	0.998	2.77450203840305e-180	HLA-C	c3
2.09719684811765e-184	-0.248503169627509	0.999	0.997	7.03357878921696e-180	RPS2	c3
4.06356921779137e-184	-0.421833058415613	0.969	0.974	1.36283984426287e-179	DDX5	c3
9.96381542302697e-184	1.26815039891487	0.221	0.089	3.34166441657479e-179	MT1E	c3
5.24164078995202e-183	0.678317131170136	0.649	0.431	1.75794148813411e-178	IFI16	c3
1.04949692073403e-182	3.00183354693751	0.07	0.013	3.5198027727578e-178	CEND1	c3
6.34423263687301e-182	1.50506115264743	0.18	0.065	2.12772874175447e-177	PIK3AP1	c3
1.06227602475037e-181	-0.248628151670988	0.998	0.996	3.56266133180779e-177	RPL6	c3
1.12594241316992e-181	-0.621569754501849	0.955	0.967	3.77618566528929e-177	ZFP36L2	c3
1.72606197397593e-181	1.12608371357255	0.26	0.114	5.78886664832048e-177	MAP1LC3A	c3
3.26842031922039e-181	1.95484703499002	0.101	0.025	1.09616280666013e-176	ANKDD1A	c3
5.6195359880663e-181	0.659207990855271	0.699	0.491	1.88467997967767e-176	ITGB7	c3
5.28186979413552e-180	-2.83376623012976	0.024	0.189	1.77143349155717e-175	EIF1AY	c3
7.29762648255367e-180	0.967305105683738	0.376	0.197	2.44747796971885e-175	GPR137B	c3
1.06881477633334e-179	1.44309685845826	0.273	0.124	3.58459099686677e-175	CRTAM	c3
1.46276910591689e-179	0.935977291939058	0.38	0.2	4.90583502742406e-175	SAMD9L	c3
2.13721022610576e-179	0.928170891139386	0.417	0.234	7.1677756563135e-175	TMIGD2	c3
7.86947569503058e-179	3.30843847014259	0.051	0.007	2.63926475859936e-174	LINC02539	c3
7.98151626474708e-178	-1.67158245090923	0.14	0.326	2.67684092487088e-173	DYNLT3	c3
9.62726436664714e-178	1.21526861314778	0.244	0.105	3.22879192328612e-173	SYT11	c3
1.10644462971247e-177	-4.46799248997044	0.017	0.173	3.71079399912969e-173	CCR7	c3
1.13579090560732e-177	0.546583067703938	0.792	0.609	3.80921553922584e-173	CSNK2B	c3
1.73807920331837e-177	1.07222885645718	0.328	0.162	5.82917003208914e-173	CPD	c3
6.36053270085816e-177	0.504671270345766	0.825	0.66	2.13319545721381e-172	SEM1	c3
1.49148674663639e-176	0.470998679031932	0.858	0.737	5.00214825086912e-172	UQCRH	c3
8.88045906677947e-176	-0.237809689674872	0.998	0.997	2.9783283618165e-171	RPL18A	c3
9.57756550553461e-176	-1.20941219299817	0.265	0.45	3.2121239192462e-171	NCF1	c3
9.86872805442376e-176	1.03605789557352	0.338	0.171	3.30977401489264e-171	S100PBP	c3
1.23333379980071e-175	-4.08031296140068	0.012	0.165	4.13635489777161e-171	SORBS3	c3
1.41860085296325e-175	0.271768858438659	0.995	0.988	4.75770354066816e-171	ARHGDIB	c3
3.21057611818539e-175	-0.2656679775741	1	0.998	1.07676301851702e-170	RPS27	c3
6.06585552180477e-175	0.761130737040328	0.531	0.324	2.03436662490288e-170	FIBP	c3
7.85633896190442e-175	1.27460569605203	0.22	0.091	2.6348589610435e-170	NAB1	c3
1.05788512569269e-174	0.662801310725266	0.684	0.47	3.54793513454816e-170	CXCR3	c3
1.83862652535475e-173	0.764082555075524	0.493	0.289	6.16638564073476e-169	GALM	c3
3.35313312378721e-173	0.58469375458746	0.77	0.591	1.12457378705575e-168	ARHGAP9	c3
4.28268168785155e-173	0.835791540335492	0.495	0.298	1.43632578447165e-168	NFATC3	c3
5.09624921476025e-173	1.55316878324705	0.156	0.054	1.70918006164629e-168	C15orf53	c3
2.19168252077109e-171	-2.20687958456306	0.067	0.241	7.35046483816208e-167	CCR6	c3
2.56398387459384e-171	0.991813092499404	0.33	0.167	8.59908911861283e-167	MPST	c3
3.18819735127914e-171	0.518255055560078	0.879	0.728	1.069257627672e-166	MSN	c3
8.50502364727843e-171	0.292761019482598	0.983	0.96	2.85241483082424e-166	OAZ1	c3
9.5311538469514e-171	-4.06429957839703	0.014	0.164	3.19655837719056e-166	SPINT2	c3
3.56508949238513e-170	0.269184659928857	0.986	0.976	1.19565971395613e-165	BTF3	c3
5.89340707904415e-170	-0.558829239445006	0.997	0.996	1.97653086616983e-165	FTH1	c3
1.46929531895697e-169	0.584433769695423	0.736	0.536	4.92772264071789e-165	STOM	c3
1.79203207041156e-169	0.822238404203112	0.441	0.252	6.01011715774628e-165	TRIM69	c3
2.48095950231045e-169	-5.57206581433699	0.006	0.15	8.32064197884877e-165	FBLN7	c3
2.91018175072303e-169	-0.94704456937828	0.419	0.569	9.76016755557491e-165	NDFIP1	c3
7.72643820336164e-169	0.510325477290965	0.818	0.642	2.59129284464343e-164	DBI	c3
9.31292726786752e-169	0.649712378511735	0.7	0.5	3.12336954709741e-164	SYNRG	c3
3.42850690132527e-168	0.673293690903599	0.626	0.421	1.14985264456647e-163	COPZ1	c3
2.71520577601792e-167	0.816510639718486	0.469	0.276	9.10625713160889e-163	GTF2I	c3
4.80706813476257e-167	-4.78010192119206	0.008	0.151	1.61219451103667e-162	LSR	c3
5.94346335409882e-167	0.552719991360388	0.828	0.673	1.99331873969766e-162	KIAA1551	c3
1.11594860289646e-166	0.505723520944215	0.811	0.649	3.74266842439415e-162	ARF5	c3
1.23170109428373e-166	1.07015913186577	0.253	0.112	4.13087913000877e-162	AC022706.1	c3
9.66525160130283e-166	-0.624315318195461	0.885	0.886	3.24153208204494e-161	S100A4	c3
1.17849992581377e-165	-0.681525334331443	0.722	0.816	3.95245305119422e-161	PPP1R15A	c3
1.55445408076313e-165	-1.37403201137257	0.271	0.444	5.21332809606339e-161	LGALS3	c3
2.39359510542863e-164	0.791485231587411	0.488	0.295	8.02763926458653e-160	PCED1B	c3
2.62003867337419e-164	0.693419083263563	0.597	0.393	8.78708570276235e-160	NUCB2	c3
3.43144835992356e-164	0.785572911232372	0.466	0.278	1.15083915095116e-159	MRPL10	c3
6.70457204688307e-162	0.79014764374344	0.482	0.293	2.24857937308364e-157	VPS37B	c3
9.43124020645172e-162	0.820245230156235	0.444	0.257	3.16304934043978e-157	RASGRP1	c3
1.07347574971097e-161	0.925012203370529	0.368	0.198	3.60022296938065e-157	BTN3A3	c3
1.89525904696228e-161	0.297105991306936	0.993	0.963	6.35631979170208e-157	CYBA	c3
1.93161520416277e-161	0.973044148266729	0.333	0.173	6.47825107172109e-157	RFX5	c3
2.17619535696112e-161	1.15199053823743	0.246	0.111	7.29852398817622e-157	MCOLN2	c3
2.73719914436586e-161	0.827634595491949	0.422	0.241	9.18001849037423e-157	PTRHD1	c3
2.60037533039398e-160	1.21588049315438	0.233	0.103	8.72113878307534e-156	SNX18	c3
9.28685517823486e-160	0.604173551779408	0.575	0.365	3.11462548967641e-155	TIGIT	c3
3.01659490462684e-159	0.731565632211685	0.617	0.436	1.01170559911375e-154	LIME1	c3
9.44578634582443e-159	0.635619912408442	0.668	0.478	3.1679278246626e-154	NEAT1	c3
1.42363292665832e-158	0.514666351789049	0.845	0.676	4.77458010942667e-154	IRF1	c3
2.1808686165595e-158	1.23822939369807	0.224	0.098	7.31419716621726e-154	APOBEC3H	c3
3.54966606060357e-158	1.25998243456794	0.233	0.104	1.19048700340522e-153	HIST1H2AC	c3
3.69892735133097e-158	0.380478372652092	0.918	0.817	1.24054625508938e-153	ELOB	c3
5.15772493890475e-158	1.02061851702053	0.307	0.153	1.72979779000988e-153	SPNS3	c3
7.43014109374747e-157	0.776753320164391	0.499	0.31	2.49192072002103e-152	INPP5D	c3
7.50595577274974e-157	0.51658273323445	0.806	0.641	2.51734744706481e-152	PNISR	c3
9.72194848753812e-157	1.02567464388875	0.286	0.14	3.26054708375053e-152	MVD	c3
1.59808904765058e-156	0.499510514037152	0.884	0.747	5.35967104801051e-152	MYH9	c3
2.9593373307331e-156	-2.06374882066296	0.074	0.238	9.92502553981268e-152	SORL1	c3
4.09144473093772e-156	0.945262265922825	0.304	0.152	1.37218873386189e-151	DZIP3	c3
1.36768881344239e-155	0.673467325386258	0.595	0.402	4.58695474252309e-151	IGBP1	c3
2.40888652035897e-155	0.442609468272708	0.851	0.704	8.07892361197991e-151	CALM3	c3
2.54011070109791e-155	0.807454366161569	0.382	0.208	8.51902326934219e-151	PLA2G16	c3
3.13671673154864e-155	0.72183080992719	0.518	0.324	1.05199205742678e-150	ATP2B4	c3
3.37859689243338e-155	1.9986095109727	0.106	0.031	1.13311382578431e-150	GOLIM4	c3
5.68304723772398e-155	0.65567692871001	0.615	0.415	1.90598038258787e-150	PSTPIP1	c3
7.63405006354776e-155	0.535617092052797	0.765	0.574	2.56030771031265e-150	ENSA	c3
9.56122262689539e-155	0.701904581093924	0.577	0.381	3.20664284460817e-150	FDFT1	c3
2.86928770098747e-154	0.372433649818769	0.924	0.848	9.62301709157177e-150	TRIR	c3
3.49521475355694e-154	0.519767504483513	0.778	0.596	1.17222512404792e-149	REEP5	c3
8.47744951171167e-154	-2.49794329174999	0.081	0.244	2.84316701723786e-149	AREG	c3
9.93702108632155e-154	0.693271048906024	0.557	0.357	3.33267813193052e-149	RNASEH2B	c3
1.14171821059847e-153	0.902470244388309	0.322	0.164	3.82909453470514e-149	KDM5B	c3
6.95915500455987e-153	0.655415180933661	0.557	0.355	2.33396140542929e-148	TSPAN14	c3
6.90116873100547e-152	0.7364095864098	0.5	0.31	2.31451396900461e-147	APOBEC3C	c3
1.17194478234885e-151	-0.898524050538847	0.353	0.521	3.93046841104159e-147	MCUB	c3
2.87239313184866e-151	1.08464628247664	0.246	0.113	9.63343208559404e-147	DTX3	c3
6.3735225546093e-151	1.17957085465166	0.221	0.097	2.13755199436487e-146	SLC27A3	c3
7.88239891248154e-151	0.499807375309462	0.93	0.816	2.64359894726806e-146	TRBC2	c3
1.86437522301711e-150	1.46337017530092	0.151	0.055	6.25274162295478e-146	LINC00539	c3
2.02135988952813e-150	-0.205014967792966	0.999	0.997	6.77923679749945e-146	FAU	c3
2.19739182530647e-150	-0.989350129027829	0.682	0.736	7.36961270371285e-146	TUBB	c3
2.59935520446374e-150	-4.26941569798255	0.012	0.145	8.71771748473049e-146	IL2	c3
5.64415892423608e-150	0.603575086583602	0.668	0.48	1.8929380200103e-145	ATRX	c3
1.77497483330382e-149	0.88695049964855	0.373	0.208	5.95291059593434e-145	USB1	c3
2.20808595712111e-149	0.265193262550754	0.996	0.972	7.40547868299278e-145	IL32	c3
3.5596276738509e-149	0.822241775583934	0.42	0.243	1.19382792925611e-144	DUSP23	c3
5.52808301622682e-149	0.605721800386398	0.676	0.479	1.85400848198215e-144	PPP1R12A	c3
6.32198361122663e-149	0.766308792567721	0.453	0.271	2.12026686353319e-144	NUDT22	c3
6.61740248594773e-149	0.543894208990557	0.738	0.54	2.21934444573715e-144	PPP4C	c3
9.46874021071501e-149	0.56737496936443	0.787	0.621	3.1756260918696e-144	SH2D2A	c3
1.57480158560295e-148	-4.04856961525601	0.019	0.155	5.28156955779518e-144	TNFSF13B	c3
2.22035211594332e-148	1.06569905722505	0.283	0.141	7.4466169264507e-144	ADORA2A	c3
4.4737912730893e-148	0.434341848320797	0.86	0.74	1.50042011716869e-143	BRK1	c3
1.33029865934686e-147	-0.268512967112264	0.989	0.991	4.46155564371751e-143	RPS9	c3
1.86470746062011e-147	0.764274722643022	0.438	0.259	6.25385588142773e-143	PPM1M	c3
2.33814968765616e-147	0.613539313510362	0.634	0.439	7.84168642246124e-143	POLR2G	c3
4.29736810895146e-147	0.963667145202934	0.307	0.157	1.44125131638014e-142	OLFM2	c3
9.42367727976487e-147	1.00928674022261	0.293	0.149	3.16051288608754e-142	SNAP47	c3
9.71418179663336e-147	-0.950748122028733	0.423	0.573	3.2579422909549e-142	AHNAK	c3
1.84757930181387e-146	0.649400570601962	0.56	0.359	6.19641146242337e-142	BUD31	c3
3.01196446291118e-146	-0.198015665148105	0.999	0.997	1.01015264157115e-141	RPL7A	c3
4.57264000096701e-146	1.09751428843612	0.351	0.194	1.53357200352432e-141	CCL4L2	c3
4.96149029739695e-146	0.737925013585642	0.465	0.28	1.66398461594099e-141	HINT2	c3
7.98778942345682e-146	2.22966707645707	0.071	0.016	2.67894481683895e-141	REG4	c3
1.3893136590146e-145	0.948544193254266	0.301	0.155	4.65948014960318e-141	GLCCI1	c3
4.98624698449708e-145	1.01582805468236	0.238	0.109	1.67228751366063e-140	TP53INP1	c3
8.33675310416212e-145	0.527138451635219	0.766	0.601	2.79598025607389e-140	GLIPR1	c3
1.33837375364616e-144	0.514646125089134	0.77	0.601	4.48863789497848e-140	NOP10	c3
2.20585003544512e-144	0.847239765221158	0.383	0.216	7.39797984887584e-140	TRPC4AP	c3
2.61322319981995e-144	1.14515528113239	0.201	0.086	8.76422796755616e-140	NINJ2	c3
2.86294752440703e-144	0.992083160268585	0.299	0.153	9.60175340735631e-140	GPR68	c3
4.39854736767351e-144	0.647362471105422	0.586	0.39	1.47518481617034e-139	C11orf98	c3
3.0569896661678e-143	-3.41911601007385	0.029	0.167	1.02525319423936e-138	LMNA	c3
3.14300550394385e-143	0.355131255920295	0.917	0.841	1.05410118591269e-138	COX6B1	c3
3.31972404121908e-143	1.14154007402663	0.298	0.156	1.11336904894405e-138	WARS	c3
1.15963341868496e-142	0.699401191393106	0.527	0.337	3.88917855958561e-138	AKIRIN2	c3
1.81887333476876e-142	0.804643411103055	0.38	0.214	6.10013739014746e-138	BAK1	c3
2.75336629710958e-142	-1.46247447111556	0.127	0.294	9.2342398872461e-138	SELENOM	c3
5.78677921803453e-142	-4.32424381444408	0.009	0.134	1.94077001414442e-137	DHRS3	c3
1.06773034134873e-141	0.302831703325624	0.976	0.929	3.58095401881537e-137	UBB	c3
1.21749823045907e-141	-0.77996079586698	0.531	0.648	4.08324556531362e-137	SNHG8	c3
1.58649790023384e-141	-5.3802903441559	0.005	0.128	5.32079665780424e-137	SPART	c3
1.77660432252686e-141	0.743808537122203	0.535	0.36	5.95837557689059e-137	SUSD3	c3
2.29317958573569e-141	0.692693053533072	0.489	0.304	7.69086569464037e-137	IFI35	c3
2.3730880701212e-141	0.320460438581947	0.955	0.915	7.9588627695725e-137	SLC25A6	c3
7.6247280459885e-141	0.422567413444668	0.881	0.75	2.55718129206362e-136	ACAP1	c3
2.13236722629151e-140	0.732409157143502	0.456	0.28	7.15153320353647e-136	IFI6	c3
2.16451915426818e-140	0.697047434666939	0.433	0.257	7.25936433958462e-136	EPSTI1	c3
2.18509627888607e-140	0.972882734577638	0.294	0.152	7.32837590012812e-136	MPHOSPH9	c3
2.21831328948951e-140	0.428736533208183	0.876	0.744	7.43977911028991e-136	APBB1IP	c3
4.16360872273035e-140	0.828650651496897	0.368	0.206	1.39639109342931e-135	ARNTL	c3
1.03539152122646e-139	0.603788683561902	0.586	0.393	3.47249608388932e-135	NFATC2	c3
1.46612307187386e-139	0.568520623753253	0.698	0.519	4.91708355845055e-135	SURF4	c3
2.98926074398768e-139	0.968715478065359	0.332	0.181	1.00253826831859e-134	GGA1	c3
3.97039440890573e-139	0.509241461254003	0.376	0.208	1.3315908768588e-134	GZMK	c3
4.08538934304748e-139	0.510570201750606	0.69	0.496	1.37015787787127e-134	ARID4B	c3
4.78286594380386e-139	0.475808795836088	0.774	0.612	1.60407758023294e-134	RTRAF	c3
5.10711768734651e-139	-2.37113808949283	0.072	0.221	1.71282512998227e-134	CDKN1A	c3
7.0589097228452e-139	0.74926282961274	0.458	0.283	2.36741714284782e-134	MED15	c3
4.75426364042134e-138	-2.33096969041265	0.047	0.189	1.59448493972451e-133	MAL	c3
6.47034079840687e-138	0.941087501698041	0.275	0.138	2.1700228969697e-133	FAM53B	c3
6.90883877180389e-138	-0.311890315143048	0.968	0.971	2.31708634728759e-133	CALM1	c3
1.61322216642251e-137	1.04120704555536	0.256	0.125	5.41042450174781e-133	MAN1A1	c3
2.07528686462551e-137	0.584339823192843	0.657	0.465	6.96009708658103e-133	AKNA	c3
2.54457439143083e-137	1.23376018554333	0.166	0.066	8.53399359398073e-133	ADGRG1	c3
4.14674883947686e-137	0.552141698437212	0.71	0.54	1.39073662578375e-132	UBE2V1	c3
4.50887755774654e-137	0.425776942354074	0.838	0.716	1.51218735531703e-132	TRAPPC1	c3
8.80500022954349e-137	0.358803705129053	0.925	0.831	2.9530209769843e-132	SEPT1	c3
9.94452611230676e-137	0.846276762557873	0.361	0.204	3.33519516754544e-132	RGS3	c3
1.09756143414786e-136	1.48461774960522	0.13	0.045	3.68100153784508e-132	CHN1	c3
1.21205979906249e-136	0.34904670939091	0.926	0.849	4.06500615409578e-132	GMFG	c3
1.88876712131348e-136	0.695282090479142	0.488	0.307	6.33454717146114e-132	ADAM8	c3
1.89181736537961e-136	0.853605924428986	0.362	0.205	6.34477708001012e-132	XAF1	c3
2.14975616673843e-136	0.532740694458198	0.695	0.504	7.20985223200734e-132	UQCRFS1	c3
2.28202279542595e-136	0.731856019709694	0.436	0.261	7.65344805129953e-132	TPGS1	c3
2.52377041144522e-136	0.810450765929814	0.386	0.224	8.46422120590497e-132	NLRC3	c3
3.12208351389672e-136	0.98718003082207	0.271	0.136	1.04708436889068e-131	ST6GALNAC4	c3
1.05957605754908e-135	-1.12455916219222	0.233	0.396	3.55360618180811e-131	CDC42EP3	c3
6.36309040467605e-135	0.895048672723103	0.32	0.172	2.13405325992025e-130	LINC01934	c3
7.20859555324841e-135	0.371583415278453	0.917	0.846	2.41761877664845e-130	GPSM3	c3
8.63599531482567e-135	0.784015532632354	0.406	0.24	2.89634010868623e-130	PDE7A	c3
1.15640118793115e-134	0.549486171538884	0.64	0.448	3.87833830408351e-130	CFLAR	c3
1.25467985018854e-134	0.602968924785857	0.641	0.464	4.20794528156231e-130	ROCK1	c3
1.35676916029336e-134	1.2642486385314	0.155	0.06	4.55033240979187e-130	ASAP1	c3
1.46575240754809e-134	0.906110083000023	0.297	0.154	4.9158404244348e-130	DTX2	c3
4.2712305491213e-134	0.734792235264829	0.399	0.228	1.4324853015643e-129	SKA2	c3
8.34601804259229e-134	0.591776620008091	0.631	0.447	2.7990875311246e-129	PARP1	c3
1.15354342162129e-133	0.180092550893506	0.263	0.127	3.86875392743347e-129	HLA-DRB5	c3
1.5657137878226e-133	-1.53641808394401	0.154	0.308	5.25109090159945e-129	PABPC4	c3
1.73544549461915e-133	0.688847013521522	0.566	0.386	5.82033709985372e-129	SPTAN1	c3
2.94072402475911e-133	0.851177438444884	0.231	0.106	9.86260023423709e-129	KLRK1	c3
6.48788778648546e-133	-1.61746342625236	0.149	0.301	2.17590780583149e-128	IFNGR1	c3
1.02617284143661e-132	0.807323304399635	0.31	0.164	3.44157847561012e-128	GPR18	c3
2.77440087443984e-132	0.543757474916406	0.685	0.502	9.30478565269635e-128	UBE2L3	c3
3.62578963113791e-132	0.200336025407625	0.92	0.827	1.21601732649103e-127	HMGN2	c3
4.47709973780531e-132	1.21370792486878	0.193	0.085	1.50152971006515e-127	USP28	c3
5.06339524447414e-131	-0.473014510511744	0.864	0.886	1.69816149709174e-126	TAGLN2	c3
6.16515956522063e-131	1.22147293124345	0.186	0.081	2.06767121498369e-126	DBN1	c3
6.67002210688074e-131	0.71868423672531	0.439	0.268	2.23699201420566e-126	B4GALT3	c3
1.93741116415654e-130	0.501951240365512	0.743	0.585	6.49768956234819e-126	MAP1LC3B	c3
3.07868201487903e-130	0.809563091522514	0.383	0.225	1.03252837415013e-125	YARS	c3
3.32951513037693e-130	0.884817114894366	0.29	0.15	1.11665278442582e-125	MBD5	c3
3.79763746501401e-130	-1.88783569146247	0.095	0.243	1.2736516530164e-125	SESN1	c3
6.80128386850492e-130	2.59529408767896	0.048	0.008	2.28101458381918e-125	LINC02195	c3
1.40001031334772e-129	1.31184931615241	0.17	0.071	4.6953545889056e-125	HIVEP3	c3
4.49347041219198e-129	1.01835162171106	0.249	0.123	1.50702010684095e-124	MEF2D	c3
6.645462755057e-129	1.06235815568793	0.224	0.106	2.22875529879102e-124	ZNRF1	c3
3.35194298732997e-128	0.506250875067199	0.726	0.554	1.12417463909073e-123	SF3B5	c3
7.86017318309674e-128	1.25783328604556	0.191	0.086	2.63614488214699e-123	SCCPDH	c3
8.40602439592459e-128	-0.73758352348548	0.505	0.609	2.81921246190519e-123	DHRS7	c3
9.68932164275922e-128	0.875620179381184	0.298	0.158	3.24960469254859e-123	CASP7	c3
1.41355533442468e-127	2.16325832139465	0.069	0.017	4.74078188059348e-123	BEND4	c3
1.71732389898302e-127	1.05142752468446	0.24	0.118	5.75956089240924e-123	GSTM4	c3
1.91264833156353e-127	0.616760679737038	0.545	0.359	6.41463997439778e-123	UBE2A	c3
1.94757799122825e-127	0.87766888789801	0.325	0.18	6.5317870669813e-123	DDHD1	c3
2.09518185054182e-127	0.327036577152591	0.983	0.918	7.02682089034714e-123	CD2	c3
5.92131423385508e-127	0.56706853411058	0.609	0.416	1.98589036775032e-122	ITK	c3
6.88257889768008e-127	0.605781723903163	0.547	0.364	2.30827931070395e-122	VOPP1	c3
7.3751260381009e-127	0.540154410065871	0.707	0.537	2.47346977065828e-122	BIN1	c3
1.0153101360813e-126	1.97422168032447	0.08	0.022	3.40514713438948e-122	LINC01358	c3
1.88609781412018e-126	0.716054533615337	0.429	0.261	6.32559484899624e-122	MRPL28	c3
2.20512683647465e-126	0.730322933486257	0.413	0.249	7.39555438416867e-122	IL12RB1	c3
2.69229527283497e-126	0.646153515859783	0.508	0.329	9.02941988603393e-122	CHST11	c3
2.74442388708735e-126	0.496250260476202	0.744	0.572	9.20424883251355e-122	FAM49B	c3
2.86855432811285e-126	0.730505117073878	0.407	0.242	9.62055750562487e-122	DCAF11	c3
3.19908873639691e-126	1.05042750029217	0.243	0.12	1.0729103804128e-121	ATG16L1	c3
4.40371463678949e-126	0.696320274193838	0.445	0.275	1.47691781488646e-121	UBL7	c3
5.04937103905309e-126	0.558966091076747	0.602	0.419	1.69345805907762e-121	GPRIN3	c3
7.37389785699818e-126	-4.76273788103441	0.007	0.119	2.47305786328005e-121	IL6R	c3
9.20099653004913e-126	0.58986317405516	0.578	0.399	3.08583021624788e-121	RTF2	c3
1.15947382285448e-125	0.537320704688777	0.675	0.491	3.88864330708934e-121	RAB5IF	c3
1.22238466074597e-125	0.550443816975009	0.638	0.449	4.09963367520982e-121	MOB1A	c3
1.58990241948111e-125	0.692740430887968	0.468	0.295	5.33221473445575e-121	DNAJC4	c3
3.56314601864323e-125	0.36930459073934	0.809	0.657	1.19500791173257e-120	SAT1	c3
4.75824064632184e-125	2.07612099827122	0.113	0.039	1.59581874796342e-120	TRAV1-2	c3
5.46376381355149e-125	0.736629759337936	0.498	0.325	1.8324371077889e-120	DUSP5	c3
5.88355321232431e-125	-4.90705316937198	0.007	0.118	1.97322607634933e-120	SPINK2	c3
8.35109738093921e-125	0.601490272415134	0.56	0.374	2.80079103961939e-120	PSMA4	c3
1.32043422591766e-124	0.584540858276155	0.688	0.51	4.42847230688264e-120	CD5	c3
2.04525652609104e-124	0.629332790754263	0.512	0.337	6.85938133720414e-120	OGT	c3
5.45836163198134e-124	0.767958770556362	0.382	0.226	1.8306253241339e-119	MYO9B	c3
1.41906323651365e-123	0.798506815604152	0.345	0.196	4.75925428261949e-119	F2R	c3
1.96099951547928e-123	0.880275409438531	0.28	0.147	6.57680017501441e-119	IRF4	c3
2.34961711921438e-123	0.609948941611812	0.577	0.395	7.88014589442119e-119	TGFBR2	c3
2.58098943324385e-123	0.996152998115655	0.249	0.125	8.65612236121321e-119	OTULIN	c3
3.20083195307563e-123	0.946916360452087	0.261	0.133	1.0734950204225e-118	ACOT7	c3
5.65694245149622e-123	0.776841701792732	0.344	0.195	1.8972253593828e-118	CKAP2	c3
9.47165282935717e-123	0.445333025635161	0.793	0.653	3.17660292590981e-118	GABARAPL2	c3
1.07363231549829e-122	-5.23767976911783	0.006	0.114	3.60074805971816e-118	LINC00402	c3
1.77348867118682e-122	-1.68140602745942	0.097	0.242	5.94792630542636e-118	NCF4	c3
1.88437862728098e-122	0.696948187024948	0.47	0.302	6.31982904017495e-118	H2AFJ	c3
3.33185437186734e-122	0.480948413065464	0.737	0.569	1.11743731923687e-117	AKAP13	c3
4.30789421557347e-122	0.757241699848485	0.329	0.182	1.44478156201903e-117	JPX	c3
7.20196741699292e-122	0.352994451626991	0.907	0.801	2.41539583231109e-117	GUK1	c3
1.05784498678754e-121	1.00413293695687	0.291	0.159	3.54780051668805e-117	CCR5	c3
1.27920174556572e-121	-2.02457392200851	0.159	0.307	4.29018681427831e-117	KLF2	c3
1.77707936668064e-121	0.802185883338756	0.336	0.19	5.95996877997352e-117	SUPT3H	c3
2.52659561799538e-121	0.466486866537212	0.756	0.586	8.47369638363291e-117	LPXN	c3
3.91874988099559e-121	-0.517039053147182	0.891	0.919	1.3142703350883e-116	KLF6	c3
5.62244818363827e-121	-1.49952879588319	0.145	0.29	1.8856566718286e-116	ADI1	c3
7.10327684190069e-121	0.454029718534219	0.774	0.618	2.38229698723665e-116	PAIP2	c3
7.80079238057571e-121	1.14995655863639	0.182	0.08	2.61622974859748e-116	ABCD2	c3
1.39279588109109e-120	-1.75972034951119	0.101	0.241	4.6711588260033e-116	CRYBG1	c3
2.20570788874709e-120	1.36459561700996	0.159	0.066	7.39750311727999e-116	SQLE	c3
2.64950230395773e-120	0.42026339871128	0.88	0.744	8.88590082701342e-116	PAXX	c3
3.55668516516312e-119	2.90544977251525	0.038	0.006	1.19284107069241e-114	PXDN	c3
6.06064814160014e-119	0.547495189665102	0.656	0.482	2.03262017372985e-114	ARHGAP30	c3
1.04772664855788e-118	-0.50387315654126	0.709	0.761	3.51386563393343e-114	HNRNPA0	c3
1.62189388960958e-118	0.697166742039482	0.422	0.261	5.4395077269726e-114	CHCHD5	c3
1.8948045406355e-118	0.634867343676963	0.503	0.331	6.35479546838333e-114	RTF1	c3
2.97382240592508e-118	0.437852726191419	0.776	0.612	9.97360558499152e-114	PSMB3	c3
7.4771578155471e-118	-2.36742494239716	0.071	0.203	2.50768918817819e-113	AC020571.1	c3
9.59935595332178e-118	0.659812828630427	0.461	0.295	3.21943199962506e-113	HELZ	c3
1.01158690093987e-117	0.541663581466905	0.568	0.39	3.39266014837214e-113	PHYKPL	c3
1.54786370083468e-117	0.538343537559344	0.617	0.432	5.19122527985936e-113	AP2S1	c3
3.19285044303126e-117	0.509071614986007	0.711	0.536	1.07081818158382e-112	RAB1B	c3
4.70424197103573e-117	-0.206203691412878	0.998	0.997	1.57770867224596e-112	RPL37	c3
4.89831132498752e-117	0.746042702893945	0.35	0.202	1.64279565217432e-112	SLAMF7	c3
7.35832656875217e-117	0.636680075082031	0.474	0.303	2.4678355646281e-112	MTHFD2	c3
1.12808465406723e-116	0.982185226844518	0.224	0.11	3.78337031281067e-112	N4BP2	c3
1.24190301624192e-116	0.386729851047926	0.829	0.691	4.16509433587215e-112	ATP5MF	c3
4.03121511955171e-116	1.13806565656419	0.173	0.076	1.35198892679525e-111	DYRK1B	c3
9.42076499706425e-116	1.09369733413611	0.176	0.078	3.15953616471541e-111	BICDL1	c3
2.95164021057996e-115	-0.869970733129792	0.336	0.469	9.89921093824307e-111	MGST3	c3
4.27571669353635e-115	1.85387976537481	0.084	0.025	1.43398986467822e-110	AC243829.1	c3
8.36262762601418e-115	0.535716557152054	0.656	0.487	2.80465805321264e-110	SLFN5	c3
9.01276716739644e-115	0.580305439762129	0.569	0.392	3.02270185260142e-110	GOLGA7	c3
1.28743606228087e-114	0.709240089565449	0.414	0.258	4.31780306567759e-110	CUEDC2	c3
1.97358367904293e-114	1.05780204064879	0.166	0.072	6.61900494277419e-110	ATG2A	c3
2.09896560092744e-114	0.641956991571962	0.505	0.339	7.03951083239044e-110	BHLHE40	c3
2.97960255829297e-114	0.526251762210081	0.635	0.463	9.99299106000297e-110	ZNHIT1	c3
3.66933790961123e-114	-2.46387988548039	0.036	0.155	1.23062254812541e-109	TXK	c3
4.67019740849101e-114	0.302549431880283	0.929	0.858	1.56629080685972e-109	EIF3F	c3
6.5433818661732e-114	1.02002767057761	0.193	0.089	2.19451941027717e-109	TRPS1	c3
6.94305944006633e-114	0.643980304491419	0.447	0.285	2.32856327500945e-109	CD2BP2	c3
1.13441842584086e-113	-0.858081333353047	0.381	0.514	3.80461251658506e-109	HSPB1	c3
1.75961010287393e-113	0.467274466506748	0.73	0.57	5.90138036301859e-109	POMP	c3
1.8625624537599e-113	-4.39846732455894	0.008	0.111	6.24666195741996e-109	RNF130	c3
2.92078938288018e-113	0.664847856950054	0.393	0.237	9.79574343230356e-109	VPS25	c3
1.22551519474716e-112	0.914363500765381	0.242	0.125	4.11013286014304e-108	PLEK	c3
1.33167610591012e-112	0.773464921327735	0.316	0.178	4.46617532400138e-108	PPP6R2	c3
1.4276284116586e-112	0.476042935136753	0.704	0.554	4.78798016702062e-108	POLR1D	c3
1.45880428392442e-112	0.359317824447145	0.879	0.78	4.89253780742571e-108	ATP5F1B	c3
2.80683086320897e-112	-0.536710481446512	0.608	0.705	9.41354934903024e-108	PEBP1	c3
3.90675871964624e-112	0.783706344811213	0.339	0.197	1.31024873939496e-107	TRAFD1	c3
3.96051260986003e-112	0.471048633898487	0.74	0.588	1.32827671909486e-107	COX7A2L	c3
5.72974238944505e-112	0.683683173914071	0.397	0.24	1.92164100257208e-107	CYTH4	c3
1.0535967661118e-111	0.529256432672035	0.605	0.425	3.53355283418575e-107	CYBC1	c3
3.54630666428304e-111	0.99300153208335	0.181	0.083	1.18936032906725e-106	EZH2	c3
5.05873400053969e-111	0.469851411521299	0.711	0.541	1.696598209101e-106	TSC22D4	c3
5.96006987527877e-111	0.327465455189116	0.887	0.772	1.99888823477099e-106	COX8A	c3
6.8297551538475e-111	-0.637236990885371	0.838	0.877	2.29056328349738e-106	DNAJB1	c3
1.48693044256898e-110	1.2084363990132	0.138	0.055	4.98686731828786e-106	PLCXD2	c3
2.05656285505894e-110	0.678479207051858	0.378	0.227	6.89730050329669e-106	CCDC28A	c3
2.46616102806503e-110	-2.60525292364943	0.026	0.139	8.27101085592449e-106	TMEM273	c3
3.27162170224632e-110	0.809722656044914	0.315	0.178	1.09723648649937e-105	GGA2	c3
1.09057806776827e-109	1.11780464425386	0.153	0.064	3.65758072368123e-105	PLXDC1	c3
1.1643717449884e-109	0.790833771433428	0.342	0.202	3.9050699583421e-105	G6PD	c3
1.39053389409163e-109	0.405965036691584	0.825	0.714	4.6635725740045e-105	ATP5IF1	c3
1.57600102871723e-109	1.42454333434122	0.122	0.047	5.28559225011183e-105	SLC2A8	c3
1.85274277674002e-109	0.42380840570985	0.806	0.67	6.21372872463069e-105	WAS	c3
2.17039669334279e-109	0.642506342190883	0.426	0.268	7.27907643013303e-105	NUTM2B-AS1	c3
2.27395789570906e-109	-3.16316817202488	0.014	0.119	7.62639999062906e-105	UTY	c3
7.1005799930182e-109	0.518046113380185	0.611	0.434	2.38139251805844e-104	NSD3	c3
7.80632575122067e-109	-0.813711443576883	0.328	0.468	2.61808553044439e-104	VSIR	c3
8.25628774980823e-109	1.01574471017719	0.195	0.093	2.76899378553069e-104	RTP4	c3
9.55416271017802e-109	-0.711702937864216	0.467	0.579	3.2042750897395e-104	TMEM123	c3
1.03044772047453e-108	2.6431713533914	0.045	0.009	3.45591556492748e-104	TIMD4	c3
1.41929701075718e-108	-2.87606279409846	0.041	0.156	4.76003831467743e-104	SELL	c3
1.523534459609e-108	-1.32606768678502	0.153	0.292	5.10962987063666e-104	SVIP	c3
1.67537694897841e-108	0.609408302134083	0.474	0.309	5.61887921148378e-104	NRDC	c3
1.80974738556278e-108	1.00741631531482	0.188	0.088	6.06953078170045e-104	ATP10D	c3
2.88403136613982e-108	0.384340997375868	0.85	0.738	9.67246439575971e-104	SEPT6	c3
4.30505560160446e-108	-0.194170141583071	1	0.998	1.4438295476661e-103	MT-CO1	c3
5.88212722996883e-108	-0.67908273176441	0.774	0.812	1.97274783038695e-103	SLC2A3	c3
8.31595611526584e-108	0.670806266319301	0.409	0.256	2.78900536193786e-103	ZBTB1	c3
1.23707007045865e-107	0.722736247399988	0.367	0.22	4.14888560230423e-103	ASXL2	c3
1.28170229692899e-107	-0.423924709843557	0.783	0.816	4.29857316344045e-103	PTGES3	c3
4.00560032661886e-107	1.52489075566075	0.102	0.036	1.34339823754143e-102	SLC25A35	c3
6.76943191628635e-107	1.12569019363271	0.176	0.081	2.27033207608411e-102	ZMIZ1	c3
7.90961084948868e-107	0.659512431142778	0.406	0.253	2.65272528670151e-102	VPS26B	c3
1.50153451924262e-106	0.933113689300115	0.199	0.096	5.03584647063591e-102	P2RY11	c3
1.72179779126651e-106	0.549681799119739	0.564	0.392	5.77456543234961e-102	TXNL1	c3
1.93623360788598e-106	0.919060596604174	0.298	0.171	6.49374027412799e-102	NDFIP2	c3
2.30277264023737e-106	0.941913077334592	0.234	0.122	7.72303888082808e-102	SH3BP2	c3
2.31942485150248e-106	0.629131967587494	0.445	0.287	7.77888706696903e-102	OVCA2	c3
2.47219142227145e-106	0.422765744735047	0.747	0.586	8.291235592014e-102	PSMA5	c3
5.26213526354709e-106	0.386508306042676	0.847	0.718	1.76481492468842e-101	SERBP1	c3
1.27011464625565e-105	1.20255576151617	0.13	0.052	4.25971050061219e-101	CCR9	c3
1.68015789159202e-105	0.79506636731576	0.299	0.17	5.63491353682132e-101	FAM207A	c3
2.34246077753445e-105	0.621184312468045	0.459	0.299	7.85614495569503e-101	YIPF3	c3
4.629634137325e-105	0.639420172863902	0.25	0.129	1.55268669697606e-100	SESN3	c3
6.46606584213648e-105	0.383920748831123	0.834	0.709	2.16858916213573e-100	FKBP8	c3
6.60455132070707e-105	-0.396037624942452	0.817	0.855	2.21503442193874e-100	HNRNPDL	c3
1.34170699614613e-104	0.569255708489671	0.539	0.373	4.4998169236749e-100	TADA3	c3
1.97114557475732e-104	0.679321442982604	0.385	0.238	6.61082802862109e-100	ZCRB1	c3
2.1553640495234e-104	0.877533175878394	0.234	0.121	7.22865994929158e-100	MFSD6	c3
2.51997801732182e-104	0.47695537235064	0.657	0.481	8.45150227449392e-100	MRPL41	c3
4.15716657731272e-104	0.651853208942271	0.412	0.259	1.39423052669914e-99	FAM104A	c3
4.87064221299732e-104	1.06649304822677	0.177	0.082	1.63351598539504e-99	TGFBR3	c3
9.14689449545399e-104	0.963554010745505	0.241	0.127	3.06768547588536e-99	TSPAN17	c3
1.5971634457479e-103	-0.956648479761733	0.39	0.498	5.3565667643493e-99	TUBB4B	c3
3.28441749558164e-103	0.42515740115025	0.738	0.579	1.10152793966817e-98	NDUFB10	c3
4.48724534884653e-103	0.498540979524278	0.63	0.461	1.50493234509615e-98	CLTB	c3
9.09089347588645e-103	0.733022171013335	0.332	0.196	3.0489038539428e-98	DESI1	c3
1.00176778088968e-102	0.637995354163764	0.404	0.251	3.3597287835478e-98	DDA1	c3
1.13430996778049e-102	-0.854593877254834	0.265	0.412	3.8042487699422e-98	CAPG	c3
1.56146206176131e-102	0.492647877607238	0.61	0.44	5.23683146273508e-98	MLF2	c3
2.1511244449514e-102	0.692351907832597	0.356	0.215	7.21444116347802e-98	SIRT2	c3
5.71382708838299e-102	0.436303540744124	0.432	0.268	1.91630332890189e-97	PTTG1	c3
6.20979860243303e-102	1.74275889154338	0.08	0.025	2.08264225528399e-97	CADM1	c3
6.5996562246482e-102	0.805861071293525	0.292	0.165	2.21339270462251e-97	APBA3	c3
1.30411833494048e-101	0.578371567476132	0.508	0.346	4.37375207172338e-97	RNF166	c3
1.84378051039526e-101	0.267127449774041	0.953	0.893	6.18367107576364e-97	YWHAB	c3
2.72233284638296e-101	0.350221768661004	0.937	0.857	9.13015990019916e-97	LCP1	c3
3.65592031655033e-101	0.704374140818338	0.458	0.312	1.22612255576465e-96	PRDM1	c3
4.79000415416368e-101	0.486030823413359	0.722	0.561	1.60647159322341e-96	CDK2AP2	c3
5.02518880198218e-101	2.08874798413651	0.13	0.055	1.68534782040878e-96	TNFRSF9	c3
6.75679481602636e-101	-1.72408884029321	0.083	0.207	2.26609384539892e-96	LDLRAP1	c3
6.84887169233375e-101	0.56723680785916	0.51	0.345	2.29697458817489e-96	NDUFS2	c3
7.34024398096967e-101	0.75183064501437	0.31	0.18	2.46177102633761e-96	TRAF7	c3
7.58375117808817e-101	0.479802045046456	0.645	0.476	2.54343847010721e-96	RAB11B	c3
1.0758045384786e-100	1.28283286868903	0.125	0.05	3.60803326114953e-96	BTN2A2	c3
1.2813429463357e-100	0.432140875833188	0.726	0.584	4.29736797342069e-96	UFC1	c3
1.44511955234509e-100	0.639371768247025	0.381	0.235	4.84664195465497e-96	SNX20	c3
1.91951447742282e-100	-0.643599360099928	0.51	0.605	6.43766765438067e-96	TNFAIP8	c3
2.2185393187608e-100	1.94166685944825	0.065	0.018	7.44053716725998e-96	OTUB2	c3
3.19912402676545e-100	-0.810747724797555	0.415	0.52	1.0729222160966e-95	ANXA2	c3
3.50974143685994e-100	0.913602098558022	0.26	0.144	1.17709708309409e-95	RMND5A	c3
4.36211197571275e-100	0.495096016327436	0.626	0.45	1.46296511441454e-95	PIN1	c3
5.12333847265846e-100	0.597406670425081	0.475	0.315	1.7182652569602e-95	PIH1D1	c3
5.3465729663714e-100	0.468720324392551	0.698	0.544	1.79313364146164e-95	ITGA4	c3
6.37819794695031e-100	-0.182945156282202	0.998	0.997	2.1391200274482e-95	RPL29	c3
6.6649572015809e-100	0.532271016095335	0.5	0.332	2.2352933462662e-95	TXNDC17	c3
6.91515297245086e-100	0.754175196253577	0.327	0.194	2.31920400390057e-95	TUT7	c3
1.05696843819675e-99	-0.943349493881182	0.493	0.595	3.54486074802427e-95	DDIT4	c3
1.31964993244683e-99	0.405074422907521	0.657	0.484	4.42584194344019e-95	CARD16	c3
1.51182867929996e-99	0.522265752263836	0.598	0.428	5.07037102463622e-95	MMADHC	c3
1.69803504666448e-99	0.46184252328297	0.695	0.529	5.69486993950332e-95	ARRB2	c3
5.17431585719097e-99	0.599506300877299	0.459	0.304	1.73536205218471e-94	SPAG7	c3
5.40863031034069e-99	0.240131527059101	0.973	0.963	1.81394643348206e-94	H3F3A	c3
6.40253009541926e-99	-2.54595566315326	0.032	0.137	2.14728054340171e-94	SKAP2	c3
7.0262548495203e-99	-2.37419761789451	0.039	0.146	2.35646535143212e-94	DPP4	c3
8.24223313420715e-99	0.564460026155059	0.508	0.346	2.7642801485504e-94	BCL11B	c3
9.67202992825164e-99	1.01633351060572	0.193	0.095	3.24380539733704e-94	NUDT18	c3
1.01638638466202e-98	0.639206016377277	0.416	0.266	3.40875665687949e-94	TIMM8B	c3
1.04175167636361e-98	0.943218703850777	0.22	0.114	3.49382677218828e-94	TFRC	c3
2.18650782565339e-98	0.656176413202288	0.416	0.267	7.33310994567633e-94	UBASH3A	c3
3.0770078081951e-98	0.572188495667761	0.499	0.341	1.03196687871247e-93	BPTF	c3
1.82244898061547e-97	0.988280193975498	0.182	0.087	6.11212939118817e-93	APOBEC3F	c3
2.30884395741157e-97	-2.93371351466053	0.022	0.12	7.74340086436694e-93	ANTXR2	c3
3.13511090765548e-97	-2.45276062792457	0.032	0.135	1.0514534962095e-92	RNF144A	c3
4.63238183755134e-97	0.579057867166799	0.481	0.325	1.55360822067797e-92	APOL6	c3
9.57982565671132e-97	0.604395895935627	0.378	0.235	3.21288192874784e-92	RB1CC1	c3
9.84721358274564e-97	0.506239998731352	0.439	0.277	3.30255849138123e-92	CARHSP1	c3
1.76895256237586e-96	0.643446882586999	0.413	0.267	5.93271310369615e-92	RAB24	c3
1.77959542665347e-96	0.73479966894896	0.332	0.199	5.96840714191041e-92	C19orf12	c3
1.9263039286611e-96	2.3375333950142	0.053	0.013	6.46043811594361e-92	ITGA2	c3
2.25276143079705e-96	-0.199239195921388	0.997	0.996	7.55531128660715e-92	RPL12	c3
2.90794689572504e-96	-1.38055008736537	0.101	0.231	9.75267229888264e-92	TNFRSF18	c3
3.66717343273443e-96	0.446724119974785	0.7	0.533	1.22989662587047e-91	CMTM3	c3
4.24085263834316e-96	0.449881785879068	0.686	0.528	1.42229715784753e-91	PSMA1	c3
6.01848988016594e-96	0.83617532946452	0.243	0.131	2.01848113601005e-91	KDM5C	c3
9.4547552894929e-96	0.547238554875704	0.56	0.396	3.17093582899013e-91	ARHGEF3	c3
9.98717040021615e-96	0.796213700995778	0.377	0.244	3.34949720882449e-91	IGFLR1	c3
1.50624838240233e-95	0.578831013081298	0.464	0.31	5.05165582490095e-91	PIK3CD	c3
1.75828415750096e-95	0.514964272602279	0.547	0.381	5.89693340742673e-91	HNRNPLL	c3
2.40317464927564e-95	0.553434745948211	0.488	0.328	8.05976713874064e-91	MATK	c3
2.63063025162336e-95	0.30634652821574	0.914	0.829	8.82260773789443e-91	HCLS1	c3
3.2058729127826e-95	0.300598293559889	0.918	0.837	1.07518565748903e-90	UBE2D3	c3
4.75315059487234e-95	0.458185811710571	0.67	0.504	1.59411164650829e-90	RNF7	c3
5.89441116976571e-95	0.444796415400452	0.654	0.483	1.97686761811602e-90	CLTA	c3
6.66467332189984e-95	0.500840689417527	0.59	0.426	2.23519813869877e-90	GPR174	c3
1.48104226294117e-94	0.427614322485798	0.72	0.568	4.96711954145209e-90	TAX1BP1	c3
2.00223847667267e-94	0.787391433496474	0.26	0.144	6.71510740306481e-90	TMEM140	c3
3.05974986672051e-94	0.734891832560145	0.305	0.179	1.02617891030073e-89	POLG	c3
4.43051725001616e-94	0.871500235753119	0.203	0.103	1.48590687531042e-89	HAPLN3	c3
4.46213315497093e-94	0.373488036625882	0.797	0.65	1.49651021751415e-89	COPE	c3
4.56200053590181e-94	-3.8099031209641	0.007	0.095	1.53000373973075e-89	TTTY15	c3
4.88110942654625e-94	1.86074917420618	0.089	0.031	1.63702647947508e-89	ZBTB32	c3
6.06204991169361e-94	0.497150563613237	0.593	0.425	2.0330902993838e-89	RPS19BP1	c3
6.51967515647428e-94	0.516769903302702	0.623	0.479	2.18656865397835e-89	SERPINB1	c3
7.63906227181893e-94	2.93259541851472	0.027	0.003	2.56198870472263e-89	FLT1	c3
8.88264740318505e-94	0.431891871114124	0.718	0.557	2.9790622860802e-89	RASAL3	c3
9.36077439871521e-94	0.726745585542581	0.344	0.213	3.13941651784111e-89	PRKCB	c3
1.02308969016509e-93	0.629603597338129	0.399	0.253	3.43123820287568e-89	NMI	c3
1.496516261438e-93	0.531325590230432	0.556	0.396	5.01901623761078e-89	TBCC	c3
1.72872503894018e-93	0.70548801729187	0.312	0.184	5.79779803559758e-89	TMEM120A	c3
1.74732390378301e-93	0.322415285956958	0.895	0.806	5.86017490850745e-89	ACTR3	c3
3.49662887625962e-93	-3.86515755152996	0.007	0.094	1.17269939251995e-88	KDM5D	c3
5.0105583514833e-93	0.738561635235274	0.282	0.161	1.68044105992047e-88	CHFR	c3
7.12215674726233e-93	0.367926936055619	0.847	0.727	2.38862892989684e-88	SKAP1	c3
9.74602887584023e-93	-1.73662230048138	0.079	0.195	3.26862316437929e-88	CD59	c3
9.91820857376909e-93	0.450663040186452	0.632	0.466	3.32636879147068e-88	CDC42SE1	c3
2.01599074133433e-92	0.79200568532669	0.256	0.143	6.76122974828706e-88	ARL3	c3
6.41709746765097e-92	1.7170145834936	0.064	0.018	2.15216614870078e-87	SLC2A6	c3
8.9837591331296e-92	0.652442506080876	0.374	0.235	3.012973138069e-87	USP20	c3
9.43759902919919e-92	0.462779122784395	0.63	0.464	3.16518196241282e-87	MRPL54	c3
2.8100764053414e-91	0.596192134007072	0.441	0.294	9.42443424823397e-87	NARF	c3
2.8577878145664e-91	0.539120569221925	0.506	0.351	9.5844487724928e-87	PSMB4	c3
3.22658656263958e-91	0.637499207709263	0.404	0.262	1.08213260137806e-86	PARP10	c3
4.91093653830097e-91	0.454439590019053	0.619	0.457	1.64702989621538e-86	SYF2	c3
7.55045053871506e-91	0.450060656199821	0.183	0.09	2.53227010167426e-86	MZB1	c3
9.37391502013412e-91	0.957259485104894	0.201	0.104	3.14382361945258e-86	GNGT2	c3
1.58398349664872e-90	-1.29588935630673	0.163	0.284	5.31236385106048e-86	CRTAP	c3
1.68368985794816e-90	-1.69344059457245	0.093	0.208	5.64675904558656e-86	KDSR	c3
1.72730861083892e-90	0.550210374960348	0.47	0.317	5.79304761903158e-86	URM1	c3
2.04101046020255e-90	0.741971798070811	0.278	0.161	6.84514088142731e-86	CD160	c3
3.00380566756805e-90	0.617232996864012	0.363	0.226	1.00741634478897e-85	NAA60	c3
5.17256648177238e-90	1.07501515825648	0.121	0.05	1.73477534665682e-85	PRR5L	c3
7.14942900472055e-90	0.467676747898866	0.518	0.357	2.39777549960318e-85	DNPH1	c3
7.36869921949031e-90	-0.854769941147211	0.362	0.487	2.47131434423266e-85	SOCS1	c3
7.62971574936338e-90	0.370351885673485	0.79	0.631	2.55885406802149e-85	RALY	c3
7.64985091282782e-90	0.633165253789437	0.405	0.266	2.56560699914419e-85	COMMD7	c3
8.1511781110225e-90	0.632113664731607	0.375	0.238	2.73374211487473e-85	HERC1	c3
8.4439189420729e-90	0.568322818818406	0.409	0.264	2.83192153479241e-85	PFDN4	c3
1.00129768826058e-89	0.719207879617425	0.347	0.216	3.35815218688833e-85	AKTIP	c3
1.76471471431393e-89	0.390497874644929	0.741	0.591	5.91850020886606e-85	OTUB1	c3
2.14639646783822e-89	1.1295911771602	0.116	0.047	7.19858447383581e-85	TARBP1	c3
2.22308134449667e-89	0.636390364132792	0.387	0.249	7.45577021317294e-85	ELOF1	c3
2.60336401951049e-89	-3.23954487787102	0.014	0.101	8.73116224863427e-85	TCEAL4	c3
4.11216236519146e-89	0.452666760986506	0.622	0.456	1.37913701403791e-84	NDUFA2	c3
5.36207021435034e-89	0.497842209704808	0.567	0.405	1.79833110848882e-84	MPC2	c3
5.54567239737515e-89	0.868269716034569	0.207	0.108	1.85990760863168e-84	UBE2H	c3
6.59661178035606e-89	0.798028233320167	0.259	0.148	2.21237165889582e-84	RUNX2	c3
8.88659059083538e-89	0.678138190710529	0.311	0.186	2.98038475235437e-84	MPRIP	c3
1.00426431525098e-88	1.18225935748665	0.255	0.15	3.36810166048874e-84	TRGV10	c3
1.13008740362283e-88	4.49345402685323	0.018	0.002	3.79008713427024e-84	AC010424.3	c3
2.04281536963387e-88	-0.238668545330121	0.979	0.981	6.85119418667809e-84	RPL4	c3
3.33229552217925e-88	0.697113997898762	0.277	0.159	1.11758527222848e-83	KDM6A	c3
3.52562112661273e-88	0.998186465014536	0.147	0.066	1.18242281344338e-83	GPR55	c3
4.05692061640677e-88	-0.344938500602444	0.807	0.84	1.3606100363305e-83	NCL	c3
4.08030736654362e-88	-6.02342154058759	0.002	0.08	1.3684534845914e-83	FHL1	c3
4.11285876499711e-88	0.582212105464267	0.227	0.122	1.37937057260473e-83	PLPP1	c3
4.57498386274859e-88	-2.02059345740608	0.049	0.152	1.53435808788862e-83	PRDX4	c3
5.1596317924171e-88	0.385986954704362	0.774	0.632	1.73043731054085e-83	GNAS	c3
5.33035581213723e-88	0.827462131182094	0.27	0.157	1.78769473227458e-83	SLC7A5	c3
1.09785637961535e-87	0.758680616816353	0.242	0.133	3.68199072595396e-83	ZNF581	c3
2.29431092414754e-87	0.808201862104597	0.288	0.172	7.69465997740601e-83	AD000671.2	c3
2.48060914433204e-87	1.96937039886339	0.064	0.019	8.31946694826078e-83	SOX4	c3
6.84612013877899e-87	0.560919879570549	0.429	0.282	2.2960517721437e-82	IRF7	c3
7.4617795772528e-87	0.43514775672544	0.665	0.509	2.50253163461904e-82	ANKRD44	c3
8.61177476562356e-87	0.301494026862824	0.781	0.621	2.88821702089483e-82	GSTP1	c3
1.09621212344131e-86	-2.080290061756	0.025	0.118	3.67647621959748e-82	CCR2	c3
1.17584257794465e-86	-6.83613419381434	0.002	0.079	3.94354083791076e-82	SLC40A1	c3
1.18529425076588e-86	0.555922324863406	0.374	0.238	3.9752398582186e-82	TYMP	c3
1.58799545443251e-86	0.705683887723876	0.299	0.178	5.32581915507576e-82	SPNS1	c3
2.6080085337716e-86	0.619351222670476	0.368	0.233	8.7467390205632e-82	BTN3A1	c3
2.64704750798052e-86	0.555868025585007	0.43	0.287	8.87766793226508e-82	XRN1	c3
5.1659678864074e-86	0.741856571649055	0.257	0.147	1.73256230974331e-81	C16orf87	c3
6.21460672244837e-86	0.93190476485706	0.191	0.099	2.08425480257474e-81	AUH	c3
7.59141082948283e-86	0.649001929128634	0.323	0.197	2.54600736399195e-81	NABP2	c3
9.71104609434237e-86	0.577973012231476	0.442	0.295	3.25689063912054e-81	ZNHIT3	c3
1.08387819689887e-85	0.381925822849354	0.31	0.18	3.63511069675944e-81	SMC4	c3
1.15966226323348e-85	0.369985024174944	0.83	0.714	3.88927529843245e-81	PGAM1	c3
1.247799954631e-85	-3.62341734298099	0.011	0.094	4.18487148784144e-81	HYI	c3
1.40823554712954e-85	0.448896075714889	0.614	0.452	4.72294037796306e-81	NDUFB3	c3
2.30289768402158e-85	0.835084990634273	0.195	0.101	7.72345825267158e-81	CD9	c3
2.35235543223203e-85	0.593833735505654	0.368	0.232	7.8893296486198e-81	RALGDS	c3
4.65000394422606e-85	0.625963535657831	0.335	0.207	1.55951832281453e-80	WDR45	c3
4.89093258449579e-85	1.67343874212649	0.094	0.036	1.6403209701882e-80	CCR1	c3
8.63805847625509e-85	-3.47814986733056	0.012	0.095	2.89703205176643e-80	NSG1	c3
1.09718740167442e-84	0.48870772732025	0.536	0.374	3.67974710773567e-80	CMC2	c3
1.62166345622027e-84	0.941275287603722	0.164	0.079	5.43873489947153e-80	SESN2	c3
1.64598577148487e-84	0.47164901558367	0.569	0.415	5.52030708040597e-80	MAF1	c3
1.68273065727351e-84	0.924715682457785	0.216	0.119	5.6435420783639e-80	EIF4G3	c3
1.83860246290366e-84	1.19730816741637	0.096	0.037	6.1663049400863e-80	CPA5	c3
2.12094345847936e-84	0.367502016279172	0.785	0.663	7.11322017104808e-80	EID1	c3
2.13093339877956e-84	0.515993180606292	0.522	0.371	7.14672443282689e-80	FAAP20	c3
2.73829505875127e-84	1.11994726991191	0.149	0.071	9.18369396803999e-80	LDLR	c3
3.12964094170167e-84	0.649582982735883	0.317	0.194	1.04961897902791e-79	NLRC5	c3
6.00110772684827e-84	0.703597146618041	0.258	0.148	2.01265150943037e-79	ATP6V0A2	c3
6.92244038822899e-84	1.31820002226419	0.104	0.042	2.32164805740424e-79	FSD1	c3
7.12495147280477e-84	0.461090774414776	0.572	0.411	2.38956622494926e-79	RNF181	c3
1.09728615937791e-83	0.502323266317021	0.507	0.354	3.68007832132163e-79	MRPS36	c3
1.15698533060528e-83	0.784779505102562	0.241	0.135	3.88029740178399e-79	GAB3	c3
1.4405728264709e-83	0.613066414109147	0.342	0.213	4.83139314541811e-79	TMED3	c3
1.45696979068408e-83	0.914342434940861	0.163	0.079	4.88638528399627e-79	EOMES	c3
2.32966109791683e-83	0.526317402128859	0.421	0.273	7.81321739019347e-79	ABTB1	c3
3.78777201111227e-83	2.8966432845242	0.035	0.007	1.27034297708683e-78	GLDC	c3
4.25153202138065e-83	0.433751019993408	0.668	0.506	1.42587880933064e-78	AURKAIP1	c3
4.36342714472676e-83	0.758738047995085	0.247	0.139	1.46340619579846e-78	GSTM1	c3
6.80744522905749e-83	0.503243180982722	0.541	0.39	2.2830809809213e-78	ARAP2	c3
7.15242291401777e-83	0.298565183612354	0.899	0.809	2.39877959690328e-78	MBNL1	c3
7.93485765405695e-83	0.455047571438334	0.577	0.413	2.66119256001762e-78	DNAJC15	c3
8.38489679538398e-83	0.575784924916726	0.41	0.271	2.81212668723588e-78	ZNF655	c3
8.75935295776745e-83	0.567941120352241	0.406	0.267	2.93771179497605e-78	RPS6KA3	c3
1.27438407078968e-82	0.531975347945302	0.487	0.338	4.27402929661443e-78	DAXX	c3
1.28705115423338e-82	0.750946781013831	0.258	0.15	4.3165121610679e-78	RAB33A	c3
1.56847494835192e-82	-0.256888904513584	0.968	0.97	5.26035128178268e-78	RPL7	c3
2.24003456574394e-82	1.00372683206664	0.146	0.069	7.51262792659201e-78	NMUR1	c3
2.43553890276603e-82	0.926083026747208	0.177	0.089	8.16831037209673e-78	HOXB4	c3
2.47253913876448e-82	0.94002291520678	0.175	0.089	8.29240176358831e-78	BISPR	c3
2.48379410751285e-82	0.471717898162072	0.539	0.381	8.33014867777658e-78	SHKBP1	c3
2.57396826650942e-82	-2.59448779922054	0.031	0.122	8.63257477221929e-78	IKZF2	c3
8.07443997042894e-82	0.257642063888243	0.92	0.852	2.70800567728246e-77	EDF1	c3
1.25347307923835e-81	1.23437449892043	0.116	0.05	4.20389801314957e-77	STARD4	c3
1.34863725280811e-81	0.419333625303514	0.64	0.472	4.52305961846784e-77	ARPC5L	c3
1.43821621508804e-81	0.681495318355509	0.325	0.204	4.82348954216227e-77	PARP9	c3
1.75444429297415e-81	-1.6589625859715	0.078	0.182	5.88405526977671e-77	RARA	c3
1.89865849061719e-81	0.340389694965217	0.833	0.717	6.36772084583192e-77	TRAF3IP3	c3
1.92616812587947e-81	0.574789556713795	0.365	0.233	6.45998266057458e-77	COA6	c3
1.97919490738102e-81	0.468837689121797	0.572	0.41	6.63782388037445e-77	GNAI2	c3
4.57954969956412e-81	1.14127060745346	0.13	0.059	1.53588937823981e-76	PLEKHG2	c3
7.18652857528516e-81	0.572300952766873	0.363	0.232	2.41021795357914e-76	TOR1A	c3
7.64974714695683e-81	0.644469861818447	0.306	0.186	2.56557219814638e-76	UBR2	c3
9.16351666218471e-81	0.565712118008123	0.433	0.292	3.07326021816351e-76	PSENEN	c3
1.00021087217848e-80	0.933052678421855	0.173	0.088	3.35450722311218e-76	SRGAP2	c3
1.12345445088476e-80	0.629130668799684	0.339	0.214	3.7678415373773e-76	PARP14	c3
1.58367632366699e-80	1.28072097193481	0.132	0.06	5.31133365431434e-76	CPNE7	c3
2.18770414624015e-80	0.449660733217669	0.532	0.37	7.3371221656602e-76	NUDT21	c3
2.28434349376555e-80	-1.16024211877678	0.222	0.332	7.66123120939089e-76	TUBA1C	c3
3.16459783939302e-80	0.563584081245571	0.437	0.297	1.06134282337563e-75	ATP6V0D1	c3
3.31907177471887e-80	0.394675685343127	0.704	0.554	1.11315029180522e-75	SUMO1	c3
3.81924157679952e-80	0.681777084932344	0.313	0.194	1.28089724002702e-75	ZNF791	c3
4.2937933015375e-80	0.362603741505728	0.75	0.618	1.44005239746965e-75	NDUFB4	c3
4.44877368282608e-80	0.416563337829664	0.651	0.502	1.49202971774621e-75	VASP	c3
4.50618401588544e-80	0.412819202432781	0.74	0.602	1.51128399524766e-75	ITGB2	c3
4.72349737374494e-80	0.440190608323806	0.495	0.347	1.58416654920658e-75	CTSS	c3
4.94229752663602e-80	0.606961599776793	0.363	0.234	1.65754774448319e-75	JOSD2	c3
5.25120474660511e-80	0.323535506822341	0.846	0.718	1.76114904791642e-75	TAPBP	c3
6.61900150377608e-80	0.939249833525878	0.137	0.063	2.21988072433642e-75	RENBP	c3
7.40138098288467e-80	0.470123320347639	0.564	0.412	2.48227515403986e-75	LAMTOR5	c3
7.53104915690027e-80	-1.27655564613977	0.103	0.216	2.52576326624121e-75	RETREG1	c3
9.49816825006102e-80	0.588132812758059	0.333	0.207	3.18549566770547e-75	RFXANK	c3
9.91525924905e-80	-3.1118790381287	0.015	0.095	3.32537964694639e-75	ZSCAN18	c3
1.06176870802777e-79	0.581859469186997	0.355	0.227	3.56095989298352e-75	TBX21	c3
1.19960966702039e-79	1.28543884132747	0.088	0.033	4.02325090125297e-75	PIK3R3	c3
1.47971295110487e-79	-5.90911697715872	0.002	0.074	4.96266129541551e-75	IFNGR2	c3
1.64404481013903e-79	0.493724700014925	0.519	0.367	5.51379748424428e-75	ETFB	c3
2.16767881683733e-79	0.88282576154882	0.188	0.099	7.26996121590902e-75	USP30-AS1	c3
2.17566534399142e-79	0.485633181006903	0.407	0.268	7.29674643067844e-75	NAMPT	c3
2.24233108012011e-79	0.422980086893096	0.614	0.465	7.52032997650681e-75	OXA1L	c3
2.26950493482423e-79	-0.882599453657248	0.458	0.554	7.6114656504135e-75	NR4A1	c3
3.40747003223927e-79	-1.42801958474172	0.187	0.301	1.14279729941241e-74	RBKS	c3
4.33140888369707e-79	0.364405946426443	0.789	0.655	1.45266791141432e-74	KMT2E	c3
4.85172535122532e-79	-1.02016046539012	0.195	0.314	1.62717164829395e-74	MDFIC	c3
5.08959079321678e-79	0.285396118696993	0.858	0.782	1.70694696022904e-74	EIF3H	c3
5.09008618727121e-79	0.382047104881721	0.688	0.538	1.70711310548702e-74	MBP	c3
1.15982534018912e-78	0.667316519470661	0.277	0.164	3.88982222592627e-74	ING4	c3
1.37572426172516e-78	-3.18830931864072	0.019	0.101	4.61390402897385e-74	C1orf162	c3
1.43506235048407e-78	3.57314968630813	0.019	0.002	4.81291211105347e-74	LINC02506	c3
1.89553253218767e-78	-0.692016574051147	0.497	0.593	6.357237006451e-74	MYADM	c3
2.60880909889187e-78	-0.913318621491896	0.267	0.379	8.74942395586356e-74	RCAN3	c3
4.33139104301209e-78	-0.225774099673236	0.981	0.981	1.4526619280054e-73	PFDN5	c3
5.51477046280162e-78	0.287982706245641	0.282	0.168	1.84954371781441e-73	CEBPD	c3
1.25348953341108e-77	1.447431618272	0.073	0.025	4.20395319715407e-73	LINC01684	c3
1.25754788498535e-77	0.545659405150924	0.374	0.245	4.21756409666388e-73	CTSD	c3
1.25995566041526e-77	0.567929473861551	0.372	0.243	4.2256392939007e-73	ETNK1	c3
1.29377281851571e-77	0.310679307412898	0.87	0.767	4.339055278738e-73	SEPT7	c3
1.6459538791171e-77	0.582619199474385	0.282	0.167	5.52020011978293e-73	ABCB1	c3
1.67704721708519e-77	0.332762575543984	0.662	0.501	5.62448095666033e-73	AC016831.7	c3
1.68983536124358e-77	0.606693768584366	0.365	0.237	5.66736983453872e-73	GFI1	c3
1.75172619473324e-77	0.496251475616462	0.484	0.337	5.87493931189633e-73	SFT2D1	c3
2.59487758742219e-77	0.633455535147153	0.281	0.168	8.70270045269655e-73	ARSA	c3
2.70999084748146e-77	0.423641622937488	0.618	0.467	9.08876730428331e-73	CSNK1A1	c3
2.79032046856445e-77	0.915665946143268	0.21	0.117	9.35817678747147e-73	CD101	c3
3.90135611997384e-77	0.551979718524712	0.427	0.291	1.30843681551683e-72	SRPK2	c3
4.10504098615333e-77	2.31226695477674	0.071	0.025	1.3767486459361e-72	TRBV4-1	c3
4.21318855835941e-77	0.759217346994366	0.257	0.152	1.41301917870258e-72	R3HDM1	c3
5.20794995390771e-77	-0.752624049278988	0.379	0.491	1.74664225554157e-72	AC020916.1	c3
7.07125765035862e-77	0.53745971926693	0.437	0.297	2.37155839077728e-72	MOB3A	c3
7.11184258833202e-77	-1.15006799722023	0.135	0.249	2.38516976727479e-72	AHR	c3
8.07275344144688e-77	0.486164803646814	0.484	0.34	2.70744004919246e-72	TXN2	c3
1.76454029690893e-76	1.67895345425179	0.066	0.022	5.91791524777317e-72	IL26	c3
3.10606057299213e-76	0.895648794686244	0.156	0.077	1.0417105949701e-71	ARSG	c3
5.53148763216244e-76	0.531221135866522	0.464	0.327	1.85515032207464e-71	KMT2A	c3
5.69047871367932e-76	-0.988385076720972	0.199	0.312	1.90847275099377e-71	IMPDH2	c3
6.38889056897085e-76	0.426683997414262	0.55	0.392	2.14270611902144e-71	CHIC2	c3
6.62235728452772e-76	0.362114440354662	0.8	0.672	2.22100618608491e-71	TERF2IP	c3
6.73817775806953e-76	0.572741639376169	0.362	0.236	2.25985005650136e-71	UPF3A	c3
7.370450616574e-76	0.655820630603533	0.29	0.178	2.47190172778659e-71	STK16	c3
8.40459641014737e-76	-1.22140965749237	0.151	0.26	2.81873354403523e-71	PERP	c3
1.09434574763389e-75	0.422955495316293	0.614	0.466	3.67021676841453e-71	CCNDBP1	c3
1.52117795818263e-75	0.532963533370358	0.427	0.291	5.1017266361529e-71	NIN	c3
1.52706767393673e-75	0.577262223572202	0.367	0.24	5.12147956484901e-71	PPP5C	c3
1.82523889911554e-75	0.927640491285969	0.146	0.071	6.1214862198537e-71	HELZ2	c3
2.10282628515703e-75	1.20893896531173	0.108	0.046	7.05245879515966e-71	TLDC1	c3
2.53536749161105e-75	-1.25703668334646	0.138	0.247	8.50311549336514e-71	PBX4	c3
3.78242266853944e-75	1.44993628852517	0.075	0.027	1.26854891457476e-70	CDYL2	c3
4.63776414824752e-75	1.00134036287773	0.13	0.06	1.55541334003925e-70	RELL2	c3
5.46894364019851e-75	0.55372157670818	0.373	0.245	1.83417431804978e-70	USP11	c3
5.66012172577321e-75	-2.9109879119718	0.013	0.089	1.89829162438982e-70	IFI44	c3
5.77884492597847e-75	2.51466165161865	0.039	0.009	1.93810901127466e-70	TNS3	c3
6.1879453525057e-75	-0.58748206875457	0.496	0.581	2.07531311232336e-70	JUND	c3
6.4439206502766e-75	0.841269907461346	0.174	0.09	2.16116210768977e-70	MICAL2	c3
7.24645535059461e-75	0.455673177756974	0.526	0.377	2.43031619548242e-70	SUPT4H1	c3
7.61911574871092e-75	0.39813784185619	0.669	0.518	2.55529903980267e-70	NAP1L4	c3
8.88135530268459e-75	0.691675898090734	0.239	0.137	2.97862894141436e-70	CCNB1IP1	c3
1.17926046254881e-74	0.459538015731007	0.554	0.402	3.95500373929621e-70	CCDC12	c3
1.36733646145605e-74	0.256185894301817	0.905	0.838	4.58577302443131e-70	SSR2	c3
1.63055794053795e-74	0.397840252158649	0.659	0.504	5.46856522097618e-70	NDUFS8	c3
1.99031380679351e-74	0.562474570157274	0.352	0.227	6.67511444522407e-70	GABPB1-AS1	c3
2.17165611259136e-74	0.407898408019977	0.588	0.434	7.28330027040892e-70	EVI2A	c3
3.54143482719853e-74	1.16108580650295	0.102	0.043	1.18772641234584e-69	MSC	c3
5.48687212055303e-74	0.373092552073629	0.664	0.509	1.84018717179108e-69	NDUFA6	c3
6.13188859362155e-74	-4.92863600723962	0.004	0.071	2.0565127965288e-69	SPON1	c3
6.39087295925302e-74	-0.741463442332808	0.487	0.55	2.14337097307428e-69	DUT	c3
6.4848459562781e-74	0.933924284945797	0.156	0.078	2.17488763681655e-69	MSRB1	c3
7.77895875071774e-74	0.749885481398933	0.208	0.115	2.60890718581572e-69	WDR26	c3
9.48249736398122e-74	0.307993300364511	0.876	0.783	3.18023996593202e-69	SEPT9	c3
1.00390141644046e-73	0.752053585866123	0.251	0.149	3.36688457045802e-69	ZBP1	c3
1.2413118473066e-73	-3.69165635903771	0.011	0.084	4.16311167349687e-69	FAAH2	c3
1.66497714373898e-73	0.524471959515775	0.393	0.261	5.58400034467178e-69	GNG10	c3
1.75876811355585e-73	0.341449086738765	0.77	0.649	5.89855649924362e-69	SH3BGRL	c3
2.20952359234421e-73	0.876661814910692	0.191	0.104	7.41030022400402e-69	FURIN	c3
4.7815436437961e-73	-2.68192546279351	0.021	0.099	1.60363410725633e-68	PTP4A3	c3
5.1430209764752e-73	0.492691319234027	0.462	0.324	1.72486637509025e-68	ARPC4	c3
6.67995608006567e-73	0.835499446675006	0.19	0.103	2.24032367013242e-68	EXOSC4	c3
8.57278252459494e-73	1.1109922150144	0.121	0.056	2.87513980309865e-68	HPGD	c3
1.14594224909841e-72	0.536832934271927	0.464	0.332	3.84326111502625e-68	MAP2K2	c3
2.16464800669868e-72	1.68350201378856	0.054	0.016	7.25979648486603e-68	RAB38	c3
2.20134830337453e-72	0.877715959127511	0.208	0.117	7.38288193985749e-68	RHBDF2	c3
2.42341604528653e-72	0.339600469865215	0.758	0.629	8.12765273268196e-68	PRELID1	c3
2.45543278014076e-72	0.526534758066755	0.433	0.299	8.23503045803608e-68	STARD7	c3
2.55352662040785e-72	0.202955577662559	0.953	0.906	8.56401757952384e-68	CHCHD2	c3
2.89295293185168e-72	1.48756408267185	0.08	0.031	9.70238554284415e-68	CERS6	c3
3.64699512381115e-72	-2.75655826064307	0.022	0.099	1.22312922462378e-67	LINC02256	c3
3.9339850872811e-72	0.402669568838202	0.609	0.456	1.31937991857233e-67	PSMB2	c3
4.15384728674027e-72	0.490279133481229	0.438	0.301	1.39311730302695e-67	TIPRL	c3
4.36090749506159e-72	1.20946544884297	0.087	0.034	1.46256115569376e-67	ABAT	c3
4.46724260388733e-72	0.582200323072619	0.34	0.219	1.49822382449173e-67	CD226	c3
4.47232068449206e-72	0.408841966901136	0.608	0.463	1.49992691116495e-67	ERGIC3	c3
5.11233687889174e-72	-0.698727515126803	0.572	0.652	1.71457554244271e-67	RGCC	c3
6.63424670233426e-72	0.332473608041163	0.77	0.632	2.22499365902886e-67	BST2	c3
1.29526131886234e-71	1.21545017122011	0.093	0.038	4.34404741120052e-67	MIR3142HG	c3
1.45954843869035e-71	0.416050662258232	0.672	0.539	4.89503355367969e-67	PPA1	c3
1.57582115015076e-71	0.641150991548552	0.274	0.167	5.28498897337563e-67	GGCT	c3
1.58915597806565e-71	0.573723795053034	0.34	0.219	5.32971131923656e-67	PRKX	c3
2.15660840956305e-71	-1.14348124166255	0.153	0.26	7.23283328399256e-67	RASGRP2	c3
2.43485143023024e-71	0.468498507392131	0.487	0.347	8.16600472670618e-67	KDM5A	c3
3.37560916334426e-71	1.07837341454501	0.131	0.063	1.1321118012024e-66	PSAT1	c3
4.22878646672176e-71	0.60160723602285	0.342	0.222	1.41825040520915e-66	AGTRAP	c3
5.44058539968001e-71	0.290812567234188	0.828	0.721	1.82466353134468e-66	NDUFB11	c3
6.06962086156685e-71	0.663402150197878	0.279	0.172	2.03562944455229e-66	FBRS	c3
6.72819814216989e-71	0.508624863461058	0.376	0.251	2.25650309292094e-66	INSIG1	c3
9.02527557465948e-71	0.66073097517804	0.266	0.161	3.02689692222929e-66	ZFX	c3
9.33466804129472e-71	-3.09605722712658	0.017	0.091	3.13066096768942e-66	LAT2	c3
1.56691682900262e-70	0.51999151261885	0.418	0.288	5.255125661109e-66	NEDD9	c3
1.59988696345942e-70	0.379129905673534	0.666	0.518	5.36570089805021e-66	SMCHD1	c3
1.74581436153234e-70	1.80648994073165	0.059	0.019	5.85511220570717e-66	FHL2	c3
1.89029833310616e-70	1.02131261998648	0.12	0.055	6.33968254957145e-66	TM7SF2	c3
1.90704451795792e-70	0.4896847786496	0.379	0.253	6.39584590432726e-66	SYAP1	c3
1.94583623051626e-70	0.343314893380146	0.748	0.617	6.52594554990542e-66	BSG	c3
1.96427246478384e-70	-1.11768366194157	0.148	0.253	6.58777699239203e-66	NAAA	c3
2.06656464438346e-70	0.353116718759805	0.733	0.609	6.93084450433325e-66	EIF3M	c3
2.10126887417064e-70	0.488016055053313	0.423	0.289	7.04723555019349e-66	YIPF4	c3
2.88495326883941e-70	-1.80401384679136	0.073	0.165	9.67555627303361e-66	CMTM8	c3
2.91118237867159e-70	0.907041588502237	0.136	0.066	9.76352346158877e-66	SPSB1	c3
3.53973299936504e-70	0.611907233590042	0.304	0.193	1.18715565332705e-65	FAM53C	c3
3.84152470350617e-70	2.966555350427	0.022	0.003	1.2883705550619e-65	ZC3H12C	c3
4.41878766540572e-70	-0.198882995882607	0.992	0.989	1.48197300722377e-65	RPL13A	c3
6.61462795673814e-70	-3.65509635438429	0.01	0.08	2.21841392413084e-65	IL4I1	c3
7.13018226257966e-70	0.602431102206974	0.317	0.202	2.39132052722397e-65	CCDC32	c3
7.94482443550099e-70	0.55351233993615	0.352	0.231	2.66453521917832e-65	MARK3	c3
1.26284819995129e-69	0.554770795297798	0.344	0.225	4.23534029299665e-65	DPF2	c3
1.32442515046929e-69	0.501941213164432	0.152	0.076	4.44185706964389e-65	TRGV9	c3
1.3517042621967e-69	0.855985046101796	0.183	0.1	4.53334575455528e-65	RITA1	c3
1.56086897249519e-69	0.675818998432128	0.25	0.15	5.23484235995436e-65	TYK2	c3
1.56522185854986e-69	0.469382209652982	0.43	0.296	5.24944106920453e-65	BIRC6	c3
1.5750497113021e-69	0.562969328899889	0.408	0.282	5.28240172176497e-65	NUDT4	c3
1.63866160756768e-69	0.650524570809006	0.263	0.159	5.4957432994605e-65	PLEKHA2	c3
1.88294249242232e-69	0.718836978396816	0.233	0.137	6.31501253108597e-65	ACBD5	c3
2.31968066009401e-69	0.423986496544136	0.604	0.459	7.77974499782328e-65	IRF2	c3
2.94747476733704e-69	0.399026874982346	0.609	0.463	9.88524087469497e-65	RER1	c3
3.95849935412114e-69	0.438804962015427	0.532	0.392	1.32760151338515e-64	NDUFB5	c3
5.10128151233281e-69	0.213425573548877	0.941	0.899	1.71086779360618e-64	EIF3K	c3
6.12956394994612e-69	-0.715634927838002	0.477	0.554	2.05573315753293e-64	TTC39C	c3
9.23371744583839e-69	0.358353409518784	0.684	0.536	3.09680415698528e-64	PSMB6	c3
9.54432842167569e-69	-0.2770797006408	0.892	0.904	3.20097686606159e-64	CNBP	c3
1.05418407556202e-68	0.513922691773047	0.371	0.247	3.53552255261989e-64	SLFN12L	c3
1.17947045658824e-68	0.426773453775959	0.507	0.362	3.95570801730563e-64	SH3GLB1	c3
1.39228218870904e-68	1.96904901606278	0.049	0.014	4.66943600449239e-64	RDH10	c3
1.64195983376078e-68	-3.1122730743443	0.013	0.083	5.5068048904669e-64	ITGA6	c3
2.25619080453088e-68	0.509236335028666	0.385	0.257	7.56681272023566e-64	BRMS1	c3
2.33381177482794e-68	0.509149419991574	0.292	0.18	7.82713793041796e-64	LINC00649	c3
2.42039676341021e-68	0.566268490796537	0.346	0.227	8.11752666512516e-64	GRHPR	c3
2.44128422428114e-68	0.635078338762469	0.296	0.187	8.18757903139409e-64	ARHGAP18	c3
3.05652965070479e-68	0.279543994570154	0.67	0.503	1.02509891425337e-63	JPT1	c3
3.39543047172821e-68	0.377307973847179	0.65	0.509	1.13875947160821e-63	EVI2B	c3
3.78130484274028e-68	-3.21524332299095	0.013	0.082	1.26817401815823e-63	CCR4	c3
4.01578903814166e-68	0.464011008419031	0.47	0.33	1.34681532761195e-63	FAM96A	c3
4.89992843458529e-68	0.212451623102464	0.969	0.935	1.64333799839121e-63	CCNI	c3
5.15268637409619e-68	0.532836077728895	0.349	0.228	1.72810795614438e-63	DCPS	c3
6.00422344340182e-68	1.72588889495966	0.045	0.013	2.0136964584481e-63	ADAMTS4	c3
6.13900204667152e-68	2.55017357527922	0.028	0.005	2.0588985064127e-63	KIF7	c3
8.72888031555475e-68	0.282918167663477	0.859	0.749	2.92749188023075e-63	JAK1	c3
9.58806761098048e-68	0.699977004022982	0.192	0.106	3.21564611537064e-63	TBC1D2B	c3
9.85653582184956e-68	-3.13287342116387	0.014	0.083	3.3056849839319e-63	AIG1	c3
1.35744729809579e-67	0.384778579922532	0.614	0.47	4.55260674835366e-63	LAMTOR1	c3
1.38352048341622e-67	0.137283151273036	0.997	0.994	4.64005099728133e-63	RACK1	c3
1.44505557014709e-67	0.413697143860784	0.549	0.406	4.84642737115931e-63	BAZ1A	c3
2.43418934319619e-67	-2.58355285520092	0.023	0.097	8.16378421921137e-63	SLC44A1	c3
2.63271908680149e-67	0.508102132782658	0.4	0.273	8.82961327331482e-63	LSM1	c3
3.71952167448136e-67	-2.02704852516993	0.039	0.121	1.24745317918756e-62	SGK3	c3
4.27258512098862e-67	0.449263379814987	0.428	0.29	1.43293959787716e-62	HSBP1	c3
4.82736114671597e-67	0.59084697576331	0.27	0.166	1.6190003813856e-62	ZRSR2	c3
4.9964426315563e-67	1.27248902113846	0.08	0.031	1.67570692977135e-62	AFAP1L2	c3
5.38060037191942e-67	-2.42523865360045	0.032	0.11	1.80454575273433e-62	PLCB1	c3
5.83278954929351e-67	0.756745522263226	0.198	0.112	1.95620095904206e-62	SREBF2	c3
7.52025267131257e-67	0.445863846481312	0.534	0.396	2.52214234090481e-62	TMEM256	c3
1.09068071377904e-66	0.794729307552446	0.19	0.106	3.65792497787216e-62	TIGAR	c3
1.10656015560337e-66	0.327859665985137	0.776	0.66	3.71118144986258e-62	SHISA5	c3
1.12056083036144e-66	0.609036128872214	0.306	0.196	3.7581369128662e-62	ATP6V1D	c3
1.15440323439219e-66	-1.78047273191808	0.031	0.11	3.87163756750452e-62	PTGDR	c3
1.19209408650055e-66	0.912136993872525	0.131	0.064	3.99804514730555e-62	LIMK1	c3
1.22415078647739e-66	0.332622638466278	0.151	0.077	4.10555690768786e-62	AIF1	c3
1.25456781325947e-66	0.338323692021284	0.702	0.567	4.2075695321096e-62	CAMK4	c3
1.32062675467097e-66	-1.58680535444043	0.08	0.171	4.4291180098155e-62	SH3YL1	c3
1.49670852187543e-66	0.636661340920946	0.247	0.149	5.01966104066583e-62	ZDHHC24	c3
1.52106190046653e-66	-1.47701190963276	0.065	0.156	5.10133740178465e-62	SLC39A8	c3
1.9825190926225e-66	0.253611706664321	0.882	0.795	6.64897253283734e-62	COX7A2	c3
2.02382301950409e-66	0.651110958985611	0.271	0.168	6.78749764281282e-62	GRIPAP1	c3
2.56230007402725e-66	0.678881590414999	0.234	0.138	8.59344198827259e-62	SCRN2	c3
2.79486888547567e-66	1.47048720257825	0.072	0.027	9.3734312681083e-62	VDR	c3
3.53398814156966e-66	0.525986549613466	0.359	0.239	1.18522894291963e-61	UBE2K	c3
3.5958055082627e-66	0.416977411780666	0.608	0.465	1.20596125136114e-61	TLN1	c3
4.18649712996997e-66	2.53839815712154	0.024	0.004	1.40406740744933e-61	DYNLRB2	c3
5.13432441793384e-66	0.706465192641182	0.229	0.136	1.72194972328665e-61	GLMN	c3
7.08328156889746e-66	0.800901018241863	0.197	0.112	2.37559097257683e-61	LINC00426	c3
7.542115079109e-66	0.436489984706888	0.54	0.399	2.52947455523158e-61	DIAPH1	c3
9.15698917232275e-66	-2.85860814009277	0.019	0.09	3.07107102861361e-61	IL2RA	c3
9.36514671579205e-66	0.247001770226957	0.875	0.795	3.14088290554234e-61	COX5B	c3
1.19142277873221e-65	-0.665309841055446	0.645	0.672	3.99579371531208e-61	TUBA1A	c3
1.53405902036569e-65	0.393219274078032	0.605	0.468	5.14492714250244e-61	UQCRC2	c3
1.5684993181454e-65	0.410602560658727	0.543	0.402	5.26043301319606e-61	GSDMD	c3
2.06620978422882e-65	0.40351217391033	0.645	0.507	6.92965437434661e-61	PTPN7	c3
2.36296316730706e-65	0.857873219156111	0.148	0.076	7.92490587051443e-61	AC127521.1	c3
2.51714950435534e-65	1.01695985622089	0.096	0.041	8.44201600770694e-61	PDLIM1	c3
3.50549054308113e-65	0.366892182950692	0.708	0.58	1.17567141833855e-60	DYNLRB1	c3
4.63912403769899e-65	0.553935524846401	0.338	0.223	1.55586941976349e-60	TRPT1	c3
4.91490289114534e-65	0.384247044521342	0.585	0.436	1.64836013163232e-60	TMEM179B	c3
5.94583428382409e-65	0.379847573166052	0.61	0.465	1.99411390210892e-60	DYNLT1	c3
6.97591070940604e-65	0.746327783702543	0.203	0.117	2.3395809337206e-60	C18orf21	c3
7.43710488918297e-65	0.483631472403505	0.364	0.241	2.49425623773418e-60	ZFAND3	c3
8.00762959264233e-65	0.393694166979761	0.607	0.459	2.68559881278038e-60	DCTN3	c3
8.46993544967229e-65	0.443397682370326	0.539	0.403	2.84064695111109e-60	ATF7IP	c3
1.18409171617399e-64	1.31638604311677	0.065	0.023	3.97120679770434e-60	LRRC2	c3
1.77764450982148e-64	0.292703568529847	0.823	0.692	5.96186415703929e-60	HLA-F	c3
1.9323072128671e-64	0.402239701598805	0.561	0.417	6.48057193051369e-60	WNK1	c3
2.15185806501512e-64	0.438585243852825	0.494	0.355	7.21690157844772e-60	COQ10B	c3
2.18035381539329e-64	0.324485333251929	0.743	0.603	7.31247062606602e-60	TCEA1	c3
2.91374089283944e-64	0.592672127362875	0.289	0.184	9.7721042064049e-60	PDZD11	c3
3.50031420993197e-64	0.478816818060511	0.417	0.289	1.17393537972698e-59	STX10	c3
3.93231396664526e-64	0.491424718825588	0.444	0.319	1.31881945813349e-59	ETHE1	c3
4.13849910348654e-64	0.957033552021071	0.121	0.058	1.38796982932732e-59	TAP2	c3
4.27292505898444e-64	0.534938706577569	0.315	0.203	1.4330536062822e-59	RPAP2	c3
4.4218850116521e-64	-1.02120920589991	0.163	0.263	1.48301179520788e-59	ZBTB20	c3
4.51392119885467e-64	0.461382797558184	0.468	0.335	1.51387889167188e-59	NCKAP1L	c3
5.02129073406228e-64	0.39654183234246	0.577	0.437	1.68404048638981e-59	BTN3A2	c3
5.14517046845965e-64	1.25342904514437	0.085	0.035	1.725587271712e-59	CCDC146	c3
5.57849698717337e-64	0.319577667297204	0.763	0.634	1.8709163195582e-59	COX7B	c3
5.90703279545584e-64	0.52961941157263	0.356	0.239	1.98110065893998e-59	CHMP1A	c3
5.98415154531363e-64	-0.233262968228705	0.936	0.954	2.00696474526728e-59	IFITM1	c3
7.67621869244417e-64	0.675349452033771	0.193	0.109	2.57445022507192e-59	EGR2	c3
9.55906675531007e-64	0.424717714935177	0.486	0.349	3.20591980839589e-59	DR1	c3
1.01758800767476e-63	-0.700805675419429	0.362	0.452	3.4127866601396e-59	SBDS	c3
1.09223726339843e-63	0.537824481414926	0.337	0.223	3.66314533398567e-59	HMG20B	c3
1.31106768171347e-63	-0.2439825524616	0.958	0.955	4.39705879093063e-59	HNRNPA2B1	c3
1.34245582273079e-63	-3.95559218899167	0.005	0.066	4.50232833827453e-59	NT5E	c3
1.36836497205232e-63	0.655207841864248	0.25	0.152	4.58922244326906e-59	ABCG1	c3
1.49486263699778e-63	0.802424296502962	0.174	0.095	5.01347031196314e-59	MCTP2	c3
1.69617622626055e-63	0.516968506044296	0.349	0.233	5.68863582763265e-59	MRPL36	c3
2.030654740377e-63	0.373910684893978	0.595	0.447	6.81040986827638e-59	SSNA1	c3
2.23462245695166e-63	0.362195324397492	0.673	0.534	7.49447679612446e-59	AP2M1	c3
2.38630392700293e-63	0.56638598158447	0.307	0.2	8.00318611038242e-59	TRIP12	c3
3.31685729501967e-63	-3.37545879335488	0.011	0.074	1.1124075996037e-58	SMIM14	c3
4.24879122061101e-63	-4.30724463080689	0.004	0.062	1.42495959956852e-58	BX284668.5	c3
4.32577334404603e-63	0.327888118410542	0.725	0.588	1.45077786412616e-58	MDH2	c3
7.44337825569763e-63	0.327439007808627	0.756	0.634	2.49636019939587e-58	CCDC85B	c3
7.46777153724079e-63	0.598232688285393	0.276	0.175	2.50454121815982e-58	CYB5R4	c3
8.03361958452256e-63	-0.434482028360473	0.601	0.656	2.69431533625718e-58	REX1BD	c3
8.36071797828629e-63	0.385581704050386	0.601	0.46	2.80401759555766e-58	ITGAL	c3
8.45860856342599e-63	0.35949469694625	0.688	0.557	2.83684814000181e-58	CAPZA1	c3
9.12703132132289e-63	0.300124049799335	0.792	0.684	3.06102376454527e-58	WDR83OS	c3
9.18095231038776e-63	-3.19143877461788	0.011	0.074	3.07910778585785e-58	LINC00944	c3
9.67502575716416e-63	0.63781542257624	0.289	0.187	3.24481013843771e-58	CASP3	c3
1.15512521121141e-62	0.383950260856402	0.575	0.433	3.87405893336083e-58	PRPF40A	c3
1.73688642578077e-62	0.360640281412381	0.631	0.484	5.82516969478354e-58	ATP6V0B	c3
1.95429565875732e-62	1.3175091207076	0.081	0.033	6.5543167803403e-58	FCGR3A	c3
2.11831787935441e-62	0.572198901018635	0.259	0.159	7.10441450377882e-58	IFT20	c3
2.16409388033534e-62	0.429499800183762	0.533	0.399	7.25793805586865e-58	MRFAP1	c3
2.25175571028486e-62	0.695169383929644	0.253	0.158	7.55193830115338e-58	SMC6	c3
2.43944899641192e-62	0.54459909009946	0.321	0.21	8.18142404416629e-58	VHL	c3
3.62943787055499e-62	0.889213526020063	0.124	0.061	1.21724087302673e-57	DGKH	c3
3.74480010397868e-62	0.521229098686985	0.355	0.24	1.25593105887237e-57	ORMDL3	c3
3.93800969703084e-62	0.755298173465639	0.162	0.088	1.3207296921902e-57	CCNG2	c3
4.11167469514344e-62	0.735836732808074	0.188	0.107	1.37897345925721e-57	TFDP2	c3
4.66735053180459e-62	1.71172108285436	0.13	0.067	1.56533602135662e-57	TRAV19	c3
5.40878400551788e-62	-2.89929827066483	0.01	0.073	1.81399797977059e-57	ITGA5	c3
6.99069777987416e-62	0.342553528973499	0.698	0.56	2.34454022141419e-57	AIP	c3
9.8485576271424e-62	0.543296098700535	0.333	0.221	3.30300925699102e-57	PPP6R1	c3
1.00822752951577e-61	0.300886291768779	0.797	0.678	3.38139348848998e-57	EZR	c3
1.55929477656912e-61	0.22012986667707	0.682	0.53	5.22956282165753e-57	RGS2	c3
1.62699662200685e-61	0.442068685031215	0.434	0.305	5.45662127088657e-57	COMT	c3
1.73623003804891e-61	1.49240124186048	0.057	0.019	5.82296830160844e-57	KLRC4-KLRK1	c3
1.97221440714094e-61	-0.610337914151827	0.397	0.48	6.61441267866929e-57	RNH1	c3
1.98952239968571e-61	0.338725218866944	0.648	0.507	6.67246022406593e-57	TENT5C	c3
2.22699005187469e-61	-3.53739673401411	0.008	0.069	7.46887923597735e-57	TCEAL3	c3
2.52099063820921e-61	0.746102841780689	0.201	0.117	8.45489840242607e-57	UBALD1	c3
2.75579785669184e-61	0.294951539414643	0.828	0.732	9.2423948517731e-57	SPCS1	c3
2.82145370649728e-61	-0.634287150476786	0.51	0.579	9.46259144085058e-57	FCMR	c3
2.96624926223086e-61	0.451171615311747	0.432	0.305	9.94820677566985e-57	BNIP3L	c3
3.2884746994336e-61	0.470595688478618	0.381	0.259	1.10288864469604e-56	STAT5A	c3
3.73567395436686e-61	0.56644864033085	0.314	0.206	1.25287033081556e-56	APOL3	c3
3.82037374323588e-61	-0.529858760164666	0.421	0.522	1.28127694600645e-56	TC2N	c3
4.23546283591699e-61	0.267310567275113	0.808	0.691	1.42048952590984e-56	GNG5	c3
5.22225237914939e-61	0.511430483453493	0.38	0.261	1.75143900291912e-56	BRWD1	c3
5.24262551206466e-61	-0.647174484422546	0.685	0.713	1.75827174423625e-56	IER2	c3
6.48858099387576e-61	0.638923369396225	0.256	0.159	2.17614029372605e-56	AGK	c3
7.4310697448876e-61	0.329972584427426	0.742	0.609	2.4922321710404e-56	UBXN4	c3
8.57605612492227e-61	0.568853527764464	0.258	0.16	2.87623770317643e-56	LGALS9	c3
1.07193046412708e-60	0.603998386961206	0.284	0.181	3.5950403905894e-56	GATAD2B	c3
1.1977777146484e-60	0.390794603632719	0.586	0.45	4.0171068993878e-56	TRABD	c3
1.22269897561517e-60	0.531295485342753	0.354	0.239	4.10068782441815e-56	NRBF2	c3
1.32879624919582e-60	0.539422767086257	0.322	0.211	4.45651686055294e-56	KLHDC3	c3
1.36425130387068e-60	0.451520453019536	0.377	0.259	4.5754260229215e-56	TSPAN5	c3
1.42009131140778e-60	-1.32954487659104	0.099	0.191	4.76270224019942e-56	MID1IP1	c3
1.66209447008303e-60	1.23138757889876	0.086	0.037	5.57433243376447e-56	PLOD1	c3
1.69799847029913e-60	0.43781159199592	0.456	0.326	5.69474726968921e-56	KXD1	c3
1.91259107193807e-60	0.416922000107174	0.591	0.46	6.41444793706589e-56	HM13	c3
2.53684666754728e-60	0.314661718551974	0.656	0.516	8.50807635362005e-56	PPP1CC	c3
2.67368166980363e-60	1.13098934095977	0.09	0.039	8.9669935841874e-56	AL137003.1	c3
4.22362426671426e-60	0.477062047095235	0.346	0.231	1.41651910657063e-55	MAN1A2	c3
4.40140582821903e-60	0.400055861513566	0.543	0.408	1.4761434866681e-55	TOP1	c3
4.64665519257914e-60	0.508582235565963	0.331	0.22	1.55839521848719e-55	PDE6D	c3
4.80398535896708e-60	0.725483937193095	0.175	0.097	1.61116060969038e-55	MED13	c3
5.74287441197553e-60	0.514958754768627	0.37	0.257	1.92604522028835e-55	BRD4	c3
5.86918284926755e-60	0.449105412316129	0.424	0.299	1.96840654398735e-55	COMMD8	c3
6.44344429142972e-60	0.465003842064443	0.363	0.246	2.1610023464597e-55	LRBA	c3
6.93654083704278e-60	0.24793690359837	0.868	0.782	2.32637706592741e-55	PRR13	c3
7.31495502251013e-60	0.757406836356135	0.161	0.087	2.45328961544945e-55	GSE1	c3
1.25453247009069e-59	0.36275686665445	0.632	0.486	4.20745099819017e-55	POLR2E	c3
1.45555848184751e-59	0.529698172259634	0.308	0.202	4.88165203642019e-55	AC004687.1	c3
1.47857925452603e-59	1.90857030367862	0.039	0.011	4.95885910382941e-55	C1R	c3
1.98813246235328e-59	2.46697625635183	0.025	0.005	6.66779865224042e-55	ITGAX	c3
2.26102144253456e-59	0.608528135816266	0.231	0.141	7.58301371397241e-55	HERC2	c3
2.58893059745598e-59	0.510933012509504	0.355	0.243	8.68275543774788e-55	PNKP	c3
2.62046661065775e-59	0.490080728182126	0.35	0.236	8.78852091882395e-55	PABPN1	c3
2.79913360852343e-59	0.62952463544356	0.261	0.165	9.38773429626589e-55	PPIF	c3
2.99119278044141e-59	0.588375453836809	0.24	0.147	1.00318623470444e-54	TOP2B	c3
3.20721033884479e-59	0.42215763393662	0.408	0.285	1.07563420344177e-54	ANXA2R	c3
3.58422790575847e-59	0.386773489754654	0.563	0.423	1.20207835503328e-54	DBNL	c3
4.00959128116789e-59	0.296372016810885	0.811	0.696	1.34473672387809e-54	PRRC2C	c3
4.0873288802816e-59	-1.64871242413338	0.063	0.144	1.37080835986884e-54	SERPINB6	c3
4.65202815063607e-59	0.515925397402242	0.346	0.235	1.56019720116032e-54	EIF3J	c3
4.94126148946082e-59	0.867792779373726	0.164	0.091	1.65720027833537e-54	EMC9	c3
6.16102182553975e-59	0.481436663158949	0.35	0.236	2.06628349984952e-54	PRCC	c3
6.24452509674862e-59	-3.44212285513664	0.008	0.066	2.09428882694755e-54	ANK3	c3
6.67214662806856e-59	0.235006390883106	0.847	0.729	2.23770453612163e-54	CD96	c3
7.52312093171594e-59	-1.90946634442982	0.045	0.12	2.52310429807889e-54	NME4	c3
8.24481256282871e-59	0.438787214892836	0.484	0.355	2.76514523732149e-54	ZMAT2	c3
8.71313084470826e-59	1.31526438348141	0.116	0.058	2.92220982269826e-54	TRBV7-9	c3
1.05524702735899e-58	0.522184540219588	0.32	0.213	3.53908748035658e-54	AK3	c3
1.19916376866309e-58	0.274361133822077	0.156	0.084	4.02175544734226e-54	FCGRT	c3
1.24092132609825e-58	0.401650533631689	0.557	0.425	4.16180194346832e-54	ADAR	c3
1.42021748569388e-58	2.15233977946082	0.03	0.007	4.76312540352013e-54	KLHL4	c3
1.4821729626365e-58	0.436893795879857	0.428	0.3	4.97091168209031e-54	MRPS15	c3
1.48796751600119e-58	2.73241411909058	0.028	0.006	4.9903454551648e-54	PARD6G	c3
1.73504054492868e-58	0.540771709357124	0.283	0.183	5.81897897958182e-54	AP1S1	c3
1.96174667327397e-58	0.267730472276309	0.797	0.678	6.57930599282624e-54	RHOH	c3
2.04568284444287e-58	0.264821967783983	0.831	0.735	6.8608111236925e-54	NDUFA1	c3
2.64439002688779e-58	0.538274261074584	0.279	0.178	8.86875527217629e-54	HDAC10	c3
2.68796952615858e-58	0.443685835831901	0.396	0.274	9.01491219683065e-54	TMEM183A	c3
2.95165803887861e-58	0.582388173270709	0.294	0.192	9.89927073079108e-54	VAV1	c3
3.24759458690634e-58	1.96544477232251	0.032	0.008	1.08917827255665e-53	IQSEC3	c3
3.34469001268748e-58	0.496907674811483	0.359	0.246	1.12174213645513e-53	SREK1	c3
3.63788361474565e-58	0.41461522341479	0.484	0.354	1.22007340671339e-53	MRPS24	c3
4.12766545634206e-58	-2.06027782335738	0.044	0.12	1.384336440748e-53	CD83	c3
4.23548651224212e-58	0.448084897441663	0.407	0.285	1.42049746647576e-53	TAF12	c3
4.97141565691989e-58	0.649960964974398	0.231	0.142	1.66731338301779e-53	DDAH2	c3
5.0507949787845e-58	0.240894878375651	0.758	0.603	1.69393561998474e-53	TRAC	c3
6.51110187224093e-58	0.512944907624561	0.326	0.218	2.18369334591216e-53	RICTOR	c3
6.52003909765068e-58	-0.297287267048292	0.848	0.87	2.18669071257009e-53	CD48	c3
6.63587476660982e-58	0.396482823390096	0.768	0.683	2.2255396792256e-53	ITM2A	c3
7.60244225515634e-58	0.434964460391579	0.551	0.422	2.54970708353433e-53	ITM2C	c3
9.30397186573567e-58	-0.538628501444239	0.468	0.542	3.12036608433043e-53	ATP1A1	c3
1.18605970785965e-57	0.207449545360693	0.94	0.902	3.97780704821971e-53	UQCRB	c3
1.99862083073176e-57	-0.376144589779577	0.763	0.775	6.70297454210816e-53	EIF4B	c3
2.21925714929054e-57	-4.71128995415813	0.005	0.06	7.44294462729061e-53	CXCR5	c3
2.94739529264803e-57	-1.38323012017981	0.074	0.157	9.88497433248297e-53	CYB5A	c3
3.04744762686627e-57	0.291876385864868	0.773	0.639	1.02205298509841e-52	BUB3	c3
3.19518399235035e-57	0.487572766262353	0.35	0.238	1.07160080735446e-52	NDUFA8	c3
3.45730121587251e-57	0.56204991972087	0.252	0.157	1.15950968177932e-52	AGPAT1	c3
3.7836330711724e-57	0.434777382393113	0.438	0.312	1.2689548594098e-52	GID8	c3
4.79018792635441e-57	0.416639880570208	0.44	0.314	1.60653322674074e-52	TOX4	c3
4.81872567188623e-57	0.313359280730143	0.703	0.569	1.6161042158372e-52	ATP6V1F	c3
5.6689392263384e-57	0.945531216137108	0.115	0.057	1.90124883772937e-52	DLG3	c3
5.68561148915697e-57	0.590311209878065	0.25	0.158	1.90684038123347e-52	COG4	c3
5.70551967191119e-57	0.307140318020733	0.594	0.452	1.91351718756557e-52	LIMS1	c3
5.74704177385663e-57	0.457980901564127	0.384	0.267	1.92744287011604e-52	MIF4GD	c3
6.46930468858908e-57	0.888703608299526	0.101	0.047	2.16967540645901e-52	VNN2	c3
7.16027218201834e-57	-0.629426575797945	0.491	0.553	2.40141208440531e-52	PBXIP1	c3
7.57969025734017e-57	-0.722146360694807	0.251	0.351	2.54207651850675e-52	IQGAP2	c3
1.01013276198737e-56	0.183256856250295	0.964	0.928	3.38778325715323e-52	MYL12B	c3
1.08181223122123e-56	1.73659900398991	0.039	0.011	3.62818186106975e-52	AMZ1	c3
1.13116882435785e-56	0.359987085712575	0.632	0.503	3.79371400313135e-52	METTL9	c3
1.14650109796357e-56	-0.71481119774427	0.28	0.373	3.84513538235023e-52	TMEM109	c3
1.20975907918699e-56	-0.7048106404822	0.318	0.409	4.05728999977732e-52	PITPNC1	c3
1.36957959509711e-56	1.55340011332044	0.042	0.013	4.5932960460367e-52	HLA-DOA	c3
1.40645049405858e-56	0.276849071727881	0.762	0.643	4.71695366697367e-52	DDX17	c3
1.79335276889271e-56	0.672904526599786	0.202	0.12	6.01454651631235e-52	KCTD5	c3
1.90083906567837e-56	-1.10000387016826	0.157	0.251	6.37503405847213e-52	CISH	c3
1.96201926225524e-56	0.556673778241709	0.285	0.186	6.58022020175163e-52	MPDU1	c3
2.15548143930812e-56	1.0703987813037	0.098	0.046	7.22905365115158e-52	RFX7	c3
2.2436644253011e-56	0.370361884655444	0.644	0.522	7.52480174957484e-52	REL	c3
2.49654728118147e-56	-2.56383943840627	0.016	0.077	8.3729202716264e-52	ARHGAP5	c3
2.64715633496961e-56	0.430915875133221	0.425	0.303	8.87803291622108e-52	CEP350	c3
3.04848013025423e-56	0.392991353948452	0.544	0.414	1.02239926608466e-51	LY9	c3
3.21952462356404e-56	0.831367487280903	0.126	0.064	1.07976416825091e-51	MAST3	c3
3.28095186362712e-56	0.40516152832683	0.446	0.319	1.10036563602326e-51	EIF4E2	c3
3.2854268878358e-56	0.393648855181374	0.49	0.358	1.10186646964237e-51	NUDT5	c3
4.04556214124766e-56	0.467956426254597	0.364	0.251	1.35680063093164e-51	SLU7	c3
4.07389247119542e-56	0.769444595880692	0.185	0.108	1.36630205698952e-51	DCLRE1C	c3
4.26789972166043e-56	-0.406540092636318	0.704	0.732	1.43136820865048e-51	HSPE1	c3
4.34138865458353e-56	0.466254990052258	0.371	0.258	1.45601492697422e-51	BCL3	c3
4.65323713414359e-56	0.798841696657533	0.181	0.105	1.56060267004908e-51	HMGCS1	c3
6.0051602289987e-56	-5.93622567874551	0.001	0.052	2.01401063760158e-51	ADAM23	c3
6.44947919855577e-56	0.453643132160972	0.365	0.251	2.16302633361163e-51	DENND1B	c3
6.46835048475958e-56	1.69899282725995	0.038	0.011	2.16935538557867e-51	AL445471.1	c3
7.61823199057849e-56	0.439532400719711	0.416	0.295	2.55500264500021e-51	HSD17B10	c3
7.99873955448404e-56	0.816780856164414	0.152	0.084	2.68261727178286e-51	RANBP9	c3
8.32575827417602e-56	-0.756308666617078	0.339	0.422	2.79229280999315e-51	PNP	c3
9.38999446244457e-56	1.12673508608896	0.084	0.036	3.14921634281466e-51	KCNK5	c3
1.0533418478657e-55	0.722356560180661	0.134	0.069	3.53269788937197e-51	ARL15	c3
1.1683875649916e-55	-0.417172014805125	0.971	0.957	3.91853821546881e-51	CD69	c3
1.1868860671419e-55	0.626702301484241	0.226	0.139	3.98057849198052e-51	MRPL1	c3
1.30358806258028e-55	0.329798193086404	0.645	0.505	4.37197364428175e-51	TALDO1	c3
1.37403372164368e-55	0.372059185595703	0.562	0.426	4.60823429564858e-51	TKT	c3
1.43710666618754e-55	-1.72364915164917	0.05	0.127	4.81976833705978e-51	IFITM3	c3
1.66041451574073e-55	0.409713164773918	0.425	0.302	5.56869820289124e-51	ZFAND6	c3
1.84017167641002e-55	0.623653917923942	0.195	0.114	6.17156776834392e-51	YIPF1	c3
2.13412735909033e-55	-0.505538358265174	0.487	0.551	7.15743633691715e-51	TSTD1	c3
2.35393001285534e-55	0.428691717931244	0.37	0.255	7.89461047711423e-51	NSD1	c3
2.49639996110725e-55	0.385517768101527	0.551	0.419	8.3724261895615e-51	PSMD4	c3
2.57870714902213e-55	0.429397967337866	0.438	0.313	8.64846803639042e-51	BTG3	c3
2.8309289287232e-55	0.365609497815614	0.594	0.461	9.49436944115185e-51	RSF1	c3
3.04794688043708e-55	-3.30171074235144	0.007	0.062	1.02222042476099e-50	ZFY	c3
3.18319653932538e-55	0.409107650826797	0.45	0.325	1.06758045535895e-50	PSMB7	c3
3.27197919606082e-55	0.542961553537155	0.298	0.198	1.09735638277488e-50	NADSYN1	c3
3.36005165005182e-55	0.391742477295271	0.545	0.417	1.12689412239438e-50	MACF1	c3
4.00727354514156e-55	0.34994384387789	0.62	0.488	1.34395940156958e-50	PSMF1	c3
4.07410872166805e-55	0.487464622512112	0.349	0.239	1.36637458307303e-50	MIS18BP1	c3
4.78535167656029e-55	0.440193021164834	0.424	0.302	1.60491124528479e-50	SLC25A11	c3
5.08448671461497e-55	0.555694742654703	0.25	0.157	1.70523515434757e-50	TBC1D17	c3
6.15631782449985e-55	0.74261089765102	0.18	0.105	2.06470587198076e-50	AL357060.1	c3
6.62939262712791e-55	0.765309179152013	0.146	0.079	2.22336569928616e-50	DENND6B	c3
6.93330449132814e-55	0.877143862473705	0.126	0.064	2.32529166030163e-50	FAM8A1	c3
8.83839150852779e-55	0.494882371229056	0.292	0.192	2.96421974413005e-50	GCH1	c3
9.16506423373695e-55	-3.15459125909877	0.011	0.067	3.0737792427107e-50	AC004832.6	c3
1.02908905586232e-54	0.405927956443658	0.436	0.312	3.45135887555106e-50	EAPP	c3
1.07746664409814e-54	0.460593186966195	0.364	0.253	3.61360763097635e-50	SAMD9	c3
1.21981195482353e-54	0.772061128353137	0.166	0.094	4.09100533408716e-50	CDK5	c3
1.27125521606836e-54	0.571939419880627	0.247	0.155	4.26353574365006e-50	CXorf38	c3
1.55548076897178e-54	0.505285421997182	0.288	0.189	5.21677140297756e-50	CRIPT	c3
1.64161459163217e-54	0.331103341905779	0.649	0.519	5.50564701741597e-50	ARHGAP45	c3
1.777172343271e-54	0.327562103301294	0.652	0.518	5.96028060486228e-50	SF3B6	c3
1.94128870862387e-54	0.756108973911395	0.167	0.095	6.51069407098274e-50	HSCB	c3
2.08568639460773e-54	0.425879075397294	0.44	0.321	6.99497503023541e-50	ACIN1	c3
2.19480517199908e-54	-4.76727252823025	0.002	0.053	7.3609375858505e-50	ZBTB16	c3
2.30741047894385e-54	0.4680570753395	0.371	0.26	7.73859326428188e-50	CDV3	c3
2.38705154995193e-54	-3.95299302983501	0.005	0.058	8.00569348822877e-50	ACTN1	c3
2.93121045955245e-54	0.35787160143096	0.544	0.412	9.83069363924701e-50	MAPRE2	c3
3.14989539978438e-54	0.909842105255419	0.133	0.071	1.05641191917968e-49	KCTD9	c3
3.64027206268144e-54	0.396454763326288	0.469	0.344	1.2208744443821e-49	ATF4	c3
3.65226788975242e-54	0.861790234065641	0.126	0.065	1.22489760486517e-49	ABCA2	c3
3.72088397453118e-54	0.475439418080254	0.302	0.201	1.24791006737827e-49	MARCKSL1	c3
4.28422022278931e-54	-0.598305184586381	0.419	0.505	1.43684177831908e-49	ICOS	c3
4.50724927140462e-54	0.404645867700733	0.418	0.298	1.51164126064368e-49	TMEM165	c3
4.85969249187315e-54	0.473988029952043	0.348	0.239	1.62984366792442e-49	TBL1XR1	c3
5.00352096084175e-54	0.302205101563376	0.713	0.582	1.67808085984711e-49	PSMD8	c3
7.2960003635679e-54	0.467768233696337	0.393	0.279	2.4469326019334e-49	GOLGB1	c3
8.26963752418231e-54	0.389591716563529	0.452	0.326	2.77347103286026e-49	LAMTOR2	c3
9.7353503738851e-54	0.37836233848935	0.448	0.325	3.26504180839359e-49	OGA	c3
9.9769455800243e-54	-0.223010625875048	0.972	0.973	3.34606800862855e-49	ITM2B	c3
1.07520590675311e-53	0.49566532666871	0.323	0.218	3.60602557006859e-49	BAD	c3
1.07587283450924e-53	-0.88697707347054	0.184	0.278	3.60826231237709e-49	GPR15	c3
1.14138564929584e-53	-6.12312217869182	0.003	0.053	3.8279791906084e-49	TYROBP	c3
1.1506202471797e-53	0.723713096560825	0.152	0.084	3.85895018499127e-49	TMEM135	c3
1.37598818620237e-53	0.465723247518294	0.358	0.248	4.61478917888552e-49	ACSL5	c3
1.39045649459768e-53	1.20106133820015	0.065	0.026	4.66331299158171e-49	WWTR1	c3
1.46467696836995e-53	0.448251766883007	0.36	0.249	4.91223361651913e-49	LARP7	c3
1.54890045138465e-53	0.309046676909498	0.732	0.615	5.19470233385383e-49	VCP	c3
1.85654544072079e-53	0.508612821704399	0.289	0.19	6.22648209908939e-49	PCBD1	c3
2.15264416611727e-53	0.312622145490906	0.709	0.58	7.21953800432411e-49	ACTR2	c3
2.39509814801748e-53	0.657640107011033	0.23	0.145	8.03268016882104e-49	GBP3	c3
2.62861081919675e-53	-0.820409828392187	0.228	0.317	8.81583496542207e-49	LIX1L	c3
2.77191528356126e-53	0.358030018195172	0.597	0.472	9.29644947800774e-49	SDHC	c3
3.41516873660056e-53	2.29697646811911	0.022	0.004	1.1453792908811e-48	HPN	c3
3.59816445603211e-53	0.234571852397078	0.883	0.794	1.20675239526405e-48	UBE2D2	c3
3.61008040155738e-53	0.537617631107557	0.306	0.207	1.21074876507431e-48	SUDS3	c3
4.07826444420604e-53	0.598902672865469	0.197	0.117	1.36776832929782e-48	FCHSD1	c3
4.08040503932472e-53	-0.541228665994202	0.434	0.502	1.36848624208872e-48	FBL	c3
4.46313140796286e-53	1.6208987071005	0.055	0.02	1.49684501160259e-48	CIITA	c3
4.58923475537923e-53	-2.81513229422269	0.012	0.068	1.53913755225909e-48	ATP1B1	c3
4.74751456459389e-53	1.37617807297977	0.067	0.027	1.5922214346735e-48	ARID3A	c3
5.30326247717604e-53	0.403807279181844	0.426	0.304	1.7786081695953e-48	DDRGK1	c3
5.77447609826636e-53	0.360161558295222	0.558	0.425	1.93664379383657e-48	RNF187	c3
5.84147043865789e-53	0.375556287347744	0.54	0.409	1.95911235571708e-48	SRP19	c3
5.85524831694659e-53	0.680947117874541	0.125	0.065	1.96373318053755e-48	HLA-DMB	c3
6.17966624179522e-53	0.478731501644341	0.359	0.251	2.07253646417328e-48	RTCA	c3
6.30005729917798e-53	0.399902042221058	0.47	0.344	2.11291321699831e-48	PARVG	c3
6.6521028585495e-53	0.835508750580616	0.19	0.115	2.23098225670033e-48	PILRB	c3
6.83069874503981e-53	-1.14004497558275	0.114	0.199	2.29087974511145e-48	UPP1	c3
6.83435112749478e-53	-0.311819182332408	0.863	0.862	2.2921046811392e-48	NOP53	c3
8.16982368203727e-53	0.481948580771625	0.362	0.252	2.73999546648166e-48	MYD88	c3
9.6931914734931e-53	0.684970699371486	0.188	0.112	3.25090255638012e-48	PDZD8	c3
1.13598540473082e-52	0.394226057618051	0.502	0.375	3.80986785038622e-48	DCTN2	c3
1.15261374227112e-52	0.335460817005929	0.612	0.481	3.86563596882888e-48	DNAJC8	c3
1.38494012122964e-52	-1.96360165937729	0.029	0.093	4.64481217857997e-48	FBLN5	c3
1.56458721799784e-52	0.33068475667991	0.662	0.54	5.24731261172116e-48	DDX3X	c3
1.63070783260775e-52	0.426719522845729	0.344	0.235	5.46906792899988e-48	LAP3	c3
1.65738178022379e-52	0.182392425967941	0.974	0.948	5.55852701451455e-48	PCBP1	c3
1.8821158639139e-52	-0.517746226862099	0.41	0.495	6.31224018439444e-48	TSPO	c3
1.90322855816e-52	-3.22404607781935	0.022	0.083	6.383047938357e-48	FOXP3	c3
1.90354560747699e-52	0.575614403315379	0.251	0.161	6.38411125835633e-48	ATG4D	c3
2.47829723796915e-52	0.276984804578895	0.757	0.632	8.31171327670092e-48	ELF1	c3
2.65328057079706e-52	-1.5950508179109	0.059	0.132	8.89857237833918e-48	SMIM3	c3
2.70228245589555e-52	0.383182117712498	0.533	0.405	9.06291490058251e-48	SLTM	c3
2.79989338613577e-52	0.624018284746146	0.208	0.127	9.39028243842214e-48	FAM126B	c3
3.36465662276923e-52	0.506948807483957	0.269	0.174	1.12843853814434e-47	FBXO44	c3
3.74024009362428e-52	0.404664283724563	0.487	0.361	1.25440172259971e-47	ZNF800	c3
4.38833836055354e-52	-1.96171373546319	0.034	0.099	1.47176091936245e-47	CYB561	c3
4.68276052927046e-52	0.557449662662769	0.223	0.138	1.57050422630673e-47	ATG13	c3
6.25644069295504e-52	0.334081498203494	0.584	0.453	2.09828507960326e-47	C19orf66	c3
6.41423346189424e-52	0.41499357919168	0.42	0.301	2.15120561845009e-47	BECN1	c3
6.46304336514704e-52	0.152094875490016	0.934	0.87	2.16757548380301e-47	LDHB	c3
7.28807761472309e-52	0.632152930069554	0.249	0.162	2.44427547042583e-47	LAX1	c3
7.42954002634146e-52	0.317780755484672	0.662	0.524	2.4917191340344e-47	NDUFS7	c3
7.54893382835318e-52	0.400169514643351	0.447	0.326	2.53176142735309e-47	RHBDD2	c3
7.9957526377147e-52	0.611305633278636	0.25	0.161	2.68161551963676e-47	ACSF3	c3
8.95644645247848e-52	-4.38583141801085	0.003	0.051	3.00381301123223e-47	CYSLTR1	c3
9.82955763011499e-52	-0.939487884589754	0.149	0.238	3.29663703798796e-47	TPD52	c3
1.3780210869852e-51	0.486919587310571	0.284	0.188	4.62160712153096e-47	CHRM3-AS2	c3
1.39995879681951e-51	0.397258758054611	0.499	0.374	4.69518181277329e-47	PPP1R7	c3
1.54299941666705e-51	0.543353097122217	0.275	0.181	5.17491144361796e-47	SEL1L3	c3
1.58605033814635e-51	0.469749195461782	0.348	0.242	5.31929562407523e-47	TIMM13	c3
1.7074211784943e-51	0.452301432849275	0.357	0.249	5.72634914843417e-47	RIOK3	c3
1.77100030237674e-51	0.392652601216227	0.384	0.268	5.9395808141111e-47	MAD2L2	c3
1.78436969468989e-51	-2.17215460746573	0.033	0.097	5.98441908205097e-47	LPAR6	c3
2.07274597130488e-51	0.26060127077075	0.792	0.693	6.95157543856231e-47	ARPC5	c3
2.08530448106124e-51	0.721931543801237	0.157	0.089	6.99369416858319e-47	RABEP2	c3
2.49578070626465e-51	0.308697307972096	0.672	0.537	8.37034933267038e-47	UBE2N	c3
2.51521693981859e-51	1.35771992516936	0.06	0.024	8.4355345727636e-47	MSC-AS1	c3
2.91297327316023e-51	1.2439760808994	0.063	0.025	9.76952976352476e-47	CASZ1	c3
2.94077967672471e-51	0.405739861994882	0.386	0.273	9.86278687979935e-47	PHF20L1	c3
2.99226145428307e-51	0.474767748321781	0.324	0.223	1.00354464653746e-46	LMO4	c3
3.40819479706798e-51	0.439864969825065	0.376	0.264	1.14304037104066e-46	LPIN1	c3
3.68104793818247e-51	-2.16491352696997	0.024	0.085	1.23454985750764e-46	GPHN	c3
3.71339306465381e-51	0.187827329985337	0.916	0.86	1.2453977660236e-46	COX6A1	c3
3.95703129634458e-51	-0.250279904089265	0.917	0.921	1.32710915616805e-46	COMMD6	c3
4.14870537896086e-51	-4.93421097610229	0.006	0.056	1.39139280999589e-46	FCER1G	c3
4.19222833884347e-51	0.362252506169699	0.542	0.408	1.40598954028132e-46	YWHAE	c3
4.22522337261738e-51	-1.53497181451343	0.045	0.115	1.41705541470842e-46	HEBP1	c3
4.51452492982627e-51	-1.18434497020651	0.093	0.175	1.51408137096513e-46	IER5	c3
5.90400591606917e-51	0.676029993057781	0.191	0.116	1.98008550413128e-46	ATP6V1A	c3
6.52376538759088e-51	0.404786329526238	0.399	0.284	2.18794043569023e-46	ABHD17A	c3
6.86051851737535e-51	0.358783216442492	0.604	0.477	2.30088070035734e-46	NAPA	c3
7.563651507325e-51	0.847848583217266	0.098	0.047	2.53669744252666e-46	SLC35D2	c3
8.96231519543922e-51	0.293235096024466	0.735	0.628	3.00578127024641e-46	ATP5F1A	c3
1.10046027462047e-50	0.89505320885262	0.103	0.05	3.69072366902214e-46	ZSWIM8	c3
1.14409842738454e-50	0.507617649897019	0.314	0.214	3.83707730576229e-46	INPP5K	c3
1.14788302025539e-50	0.633183229491111	0.218	0.137	3.84977007333252e-46	TANGO2	c3
1.36027235165997e-50	0.442653082601459	0.328	0.223	4.5620814129972e-46	BIRC2	c3
1.46638771666269e-50	0.387532341218927	0.446	0.323	4.91797112414332e-46	SARNP	c3
1.67822018888212e-50	0.35201888256397	0.461	0.336	5.62841486947284e-46	NT5C	c3
1.84493099735325e-50	0.51270665163246	0.27	0.178	6.18752957892334e-46	TFPT	c3
1.96389188794201e-50	0.644853988599134	0.176	0.103	6.58650061377992e-46	SBNO2	c3
2.04646727972104e-50	0.760968799571282	0.152	0.086	6.86344196272843e-46	UBE2R2	c3
2.07951524029338e-50	0.435208587529926	0.337	0.231	6.97427821289595e-46	BCKDHA	c3
2.2009904531642e-50	-1.86879541753301	0.022	0.081	7.38168178182211e-46	CDKN2C	c3
2.22065772047087e-50	0.428165988718938	0.329	0.225	7.4476418629152e-46	STARD3NL	c3
2.292302726531e-50	0.448664892462016	0.32	0.219	7.68792488423966e-46	CCNT1	c3
2.29822283634341e-50	0.481749259595097	0.369	0.263	7.70777974852854e-46	CIAO1	c3
2.6218353361256e-50	0.829470319428542	0.12	0.063	8.79311135029803e-46	TSPOAP1	c3
2.75522429554616e-50	0.299468334827001	0.608	0.473	9.24047124240272e-46	TMC8	c3
2.81646909747578e-50	0.457758653299634	0.32	0.219	9.44587405911428e-46	SNRNP27	c3
3.40742788925275e-50	0.391565128449681	0.454	0.332	1.14278316549759e-45	ARIH2	c3
3.72243762672421e-50	0.416420895531688	0.361	0.251	1.24843113125076e-45	TIMM17A	c3
3.73751005263368e-50	-0.116171151849716	0.998	0.996	1.25348612145228e-45	RPL26	c3
4.16991061735114e-50	0.742835743665932	0.158	0.091	1.39850462284723e-45	BCOR	c3
5.000026460124e-50	0.508989346728201	0.262	0.17	1.67690887419639e-45	TOLLIP	c3
5.69937073746187e-50	0.59878032510588	0.225	0.143	1.91145495792996e-45	DPP3	c3
5.78282305530381e-50	0.564380839530148	0.222	0.139	1.93944319628779e-45	NIPAL3	c3
6.30831063525304e-50	-2.40883851671931	0.016	0.071	2.11568122085117e-45	MFHAS1	c3
6.36790480108153e-50	0.725663638237854	0.165	0.096	2.13566791218672e-45	PSME4	c3
6.95391855707111e-50	0.44274897441242	0.389	0.28	2.33220520567051e-45	ARID4A	c3
7.05235112153769e-50	0.561689136249409	0.232	0.148	2.36521751914131e-45	MEMO1	c3
7.31741825189089e-50	0.429805351613716	0.378	0.266	2.45411573331917e-45	MRPS12	c3
7.46905500784354e-50	0.349641516481711	0.507	0.381	2.50497166853057e-45	TANK	c3
7.67137810522393e-50	-2.15435002425241	0.041	0.107	2.57282678893e-45	KIR2DL4	c3
8.40442121556871e-50	0.487414588914915	0.366	0.259	2.81867478727743e-45	PLCG1	c3
8.68436984071413e-50	0.410278790325411	0.535	0.415	2.9125639571787e-45	STK10	c3
9.06525412117975e-50	0.557841708185398	0.227	0.143	3.04030492716127e-45	BORCS6	c3
9.65896022202557e-50	0.62863783366541	0.189	0.113	3.23942207926294e-45	MVB12B	c3
1.01757707529949e-49	0.32835355704172	0.587	0.453	3.41274999513943e-45	UBAC2	c3
1.0323228584085e-49	0.478679503661097	0.312	0.214	3.46220440253044e-45	ZNF106	c3
1.20032735801356e-49	-2.694396605714	0.016	0.071	4.02565789330589e-45	TTC39C-AS1	c3
1.20627719857875e-49	0.419142390619763	0.355	0.247	4.0456124685934e-45	SIRT7	c3
1.22161854113036e-49	0.378214624939385	0.435	0.313	4.09706426324301e-45	NDUFS3	c3
1.37133369624616e-49	-1.25148576648227	0.134	0.217	4.59917895047036e-45	KLRG1	c3
1.42511386362563e-49	0.238876270020202	0.827	0.731	4.77954687582762e-45	RBM39	c3
1.50531562085693e-49	0.365207395654424	0.464	0.34	5.04852752922998e-45	RNF10	c3
1.53149469196659e-49	0.325344019662918	0.624	0.493	5.13632689791755e-45	SPN	c3
1.53467800676712e-49	-2.03989186707485	0.029	0.09	5.14700309909557e-45	BACH2	c3
1.60777540934818e-49	0.304365123823731	0.699	0.568	5.39215716787191e-45	SET	c3
1.87142194596112e-49	0.510739215531996	0.3	0.203	6.27637492236442e-45	TERF1	c3
1.94514716699026e-49	0.364266002161807	0.533	0.41	6.52363456865194e-45	SP110	c3
2.105172548052e-49	0.253067418734621	0.749	0.65	7.0603276916568e-45	ISG20	c3
2.29018766333796e-49	0.572395592886545	0.207	0.127	7.68083138530285e-45	MAP3K5	c3
2.68357236256857e-49	-1.26293520284091	0.066	0.141	9.00016498958248e-45	PLEKHA1	c3
2.80330686607745e-49	2.2114267248323	0.021	0.004	9.40173056745054e-45	ARHGEF4	c3
2.96739796723597e-49	0.600231583660696	0.223	0.141	9.952059302516e-45	TMEM199	c3
3.39573228322516e-49	0.274887487667791	0.759	0.642	1.13886069314805e-44	JTB	c3
3.67114867270994e-49	0.39185046009407	0.443	0.322	1.23122984185346e-44	UFD1	c3
4.01459632993109e-49	-0.216899690628096	1	0.999	1.34641531713229e-44	MALAT1	c3
4.02228122703539e-49	0.3603720733105	0.486	0.36	1.34899267792313e-44	GSTO1	c3
4.34084694926076e-49	0.889303322894434	0.13	0.071	1.45583324984307e-44	FANCA	c3
4.7443618340939e-49	0.406325812534574	0.401	0.287	1.59116407191841e-44	CCSER2	c3
5.37766283598713e-49	0.39045541302414	0.419	0.304	1.80356056193336e-44	UBE2G1	c3
5.79467845610292e-49	0.893755912099024	0.127	0.069	1.9434192606078e-44	ZNF668	c3
6.44608655049791e-49	0.772440772862122	0.128	0.069	2.16188850730599e-44	ZNF490	c3
6.59952064290946e-49	-0.147447973747496	0.999	0.998	2.21334723321898e-44	EIF1	c3
7.12967448846564e-49	0.503637332110423	0.254	0.164	2.39115022994161e-44	ZNF277	c3
7.45637997676005e-49	0.17454295773979	0.719	0.568	2.50072071660578e-44	BAX	c3
7.66489659709603e-49	0.457590974590631	0.4	0.291	2.57065302073407e-44	SEPHS2	c3
8.29840729738557e-49	0.393697725452296	0.435	0.317	2.78311983939717e-44	SMARCB1	c3
8.97196576145407e-49	0.735713289742604	0.143	0.08	3.00901787707647e-44	ANKIB1	c3
9.00080851930985e-49	0.77309702772497	0.142	0.079	3.01869116120614e-44	JAK2	c3
9.4009505498344e-49	0.507489536096803	0.239	0.153	3.15289079540346e-44	ZNF580	c3
1.01568114497844e-48	0.586568911678403	0.178	0.105	3.40639142402868e-44	KDM7A	c3
1.06265236349744e-48	0.333231680789573	0.568	0.435	3.56392349669772e-44	ADRM1	c3
1.1736319958293e-48	0.363016471192819	0.463	0.347	3.93612698761232e-44	TRA2A	c3
1.57673865541796e-48	0.473244088459392	0.297	0.199	5.28806610254077e-44	PSMA2	c3
1.71308724308832e-48	0.485351371078231	0.282	0.188	5.74535199586962e-44	SLC25A46	c3
1.73448381760708e-48	0.470548910538858	0.335	0.235	5.81711182749064e-44	PPP2R5E	c3
1.73788426591202e-48	0.742432292934655	0.147	0.083	5.82851625101573e-44	USF1	c3
2.2402514210126e-48	0.428760895389904	0.375	0.268	7.51335521579204e-44	UBA1	c3
2.3373684990752e-48	0.529904991960176	0.23	0.146	7.83906647219841e-44	HIC1	c3
2.61328557414446e-48	0.420511877151254	0.345	0.24	8.7644371585657e-44	CHCHD1	c3
2.62608870727252e-48	0.681483665544361	0.184	0.111	8.80737630645058e-44	GTDC1	c3
2.71537418067013e-48	0.404644355970823	0.398	0.286	9.10682192713149e-44	PPM1B	c3
2.8343083009714e-48	1.3815375926407	0.046	0.016	9.5057031797979e-44	AL122035.1	c3
2.93160246760846e-48	0.675030767282006	0.198	0.123	9.83200835586527e-44	NRAS	c3
3.20593875367288e-48	-1.80532002328127	0.039	0.103	1.07520773920681e-43	TMEM63A	c3
3.61228350065397e-48	0.378195748959167	0.481	0.359	1.21148764044933e-43	EIF6	c3
3.6955885310705e-48	-0.884180813029394	0.235	0.316	1.23942648155042e-43	PRMT9	c3
4.38404626530871e-48	0.319084029468873	0.597	0.464	1.47032143645924e-43	ZNF207	c3
4.50300766159173e-48	0.294223127118057	0.636	0.507	1.51021870954464e-43	OXNAD1	c3
4.76810075027986e-48	0.29676883562738	0.699	0.578	1.59912562962886e-43	SP100	c3
5.13326729507358e-48	0.494990618286957	0.34	0.239	1.72159518542178e-43	VMA21	c3
5.41878151826443e-48	0.443561153518583	0.313	0.214	1.81735094559553e-43	SPATA13	c3
5.45239822647656e-48	0.510469395713213	0.271	0.181	1.82862531719571e-43	TBC1D20	c3
5.85526582854401e-48	-1.25473275924451	0.108	0.188	1.96373905357709e-43	MAF	c3
5.87446258912669e-48	-0.49152899004574	0.468	0.534	1.97017726314131e-43	CAST	c3
6.2191465169749e-48	-0.562894789743951	0.397	0.467	2.08577735886304e-43	ANXA7	c3
6.39405936410872e-48	0.285941981024902	0.719	0.601	2.14443962953478e-43	PHB2	c3
7.47689252016416e-48	0.694938298730608	0.16	0.093	2.50760021341266e-43	POLR2J3	c3
8.41560490272791e-48	0.369029421252505	0.423	0.307	2.82242557227689e-43	STARD3	c3
9.4750423372396e-48	0.432647941696581	0.193	0.116	3.17773969906342e-43	METTL8	c3
1.02793874409306e-47	0.66219439622498	0.2	0.125	3.44750095993931e-43	ST3GAL5	c3
1.08801636675838e-47	0.813078835763366	0.133	0.074	3.64898929083425e-43	ACAD8	c3
1.12361049202368e-47	0.499973868726963	0.281	0.189	3.76836486814901e-43	SNRNP35	c3
1.49961553102946e-47	-0.146871500538656	0.999	0.998	5.02941056796662e-43	PTMA	c3
1.65215705806434e-47	3.01149074775946	0.015	0.002	5.54100434133617e-43	AC121338.1	c3
1.7605317017546e-47	0.323664770422757	0.655	0.534	5.90447122134457e-43	EMB	c3
1.87636962225097e-47	0.567005633059247	0.234	0.151	6.29296843910529e-43	PHF23	c3
1.96079227943084e-47	0.416780620013349	0.554	0.45	6.57610514675515e-43	LITAF	c3
2.00649800058928e-47	0.476001131301074	0.3	0.205	6.72939299437632e-43	MIDN	c3
2.06684404909686e-47	0.380785421113107	0.434	0.321	6.93178157186106e-43	ARHGAP25	c3
2.19021627094687e-47	0.468918084467341	0.318	0.22	7.34554732950161e-43	KEAP1	c3
2.32515365648221e-47	-0.697127867125245	0.315	0.397	7.79810033311002e-43	FOXP1	c3
2.39030602098771e-47	0.457411228009602	0.299	0.203	8.01660833318859e-43	NFAT5	c3
2.62829980683116e-47	0.596567665740001	0.209	0.131	8.81479189215033e-43	PIK3CG	c3
2.80019757458019e-47	0.523087519931369	0.249	0.163	9.39130262562705e-43	RBM18	c3
3.0459146035486e-47	-0.468393154614852	0.42	0.493	1.02153883973813e-42	C1QBP	c3
3.50325536038309e-47	-1.91427139634113	0.038	0.1	1.17492178276528e-42	IL18BP	c3
3.68555793149742e-47	0.359866227422513	0.483	0.362	1.23606241906561e-42	RNF114	c3
4.36015303420036e-47	0.68662266483638	0.201	0.126	1.46230812461012e-42	SP4	c3
5.2506603157547e-47	-0.152690425727749	0.993	0.993	1.76096645669781e-42	RPL24	c3
5.4402739728871e-47	0.618133634995699	0.207	0.131	1.82455908502688e-42	MTHFD1	c3
5.51165383035028e-47	0.473062089298207	0.309	0.212	1.84849846162288e-42	U2AF1L4	c3
5.60580793919068e-47	-1.16758828627278	0.097	0.174	1.88007586664577e-42	SCOC	c3
5.75258552981855e-47	-1.50189282939619	0.041	0.106	1.92930213499055e-42	LINC02273	c3
5.75518543861221e-47	1.19786721365473	0.04	0.013	1.93017409240176e-42	C5orf17	c3
6.11604584524989e-47	0.397401694721145	0.348	0.243	2.05119945557991e-42	PEX16	c3
6.27216046690141e-47	0.487557416629819	0.27	0.18	2.10355717738939e-42	PRKAG1	c3
6.84839398005452e-47	0.405850040162388	0.448	0.334	2.29681437303068e-42	SELENOS	c3
8.80623248305392e-47	-1.8881260511271	0.034	0.095	2.95343425016663e-42	DSE	c3
8.96681035031936e-47	0.853253762167534	0.105	0.054	3.00728885529011e-42	SRGAP3	c3
9.07656646483198e-47	-2.5262782262405	0.023	0.079	3.04409886097535e-42	ZBTB10	c3
1.02796887682654e-46	0.440831803689493	0.332	0.232	3.44760201910087e-42	UBN1	c3
1.08045620678548e-46	-5.20458904102994	0.002	0.044	3.62363402631715e-42	BEX5	c3
1.09293801824033e-46	0.375416869180761	0.411	0.297	3.66549552557443e-42	BLOC1S2	c3
1.19427907633409e-46	-3.88235292379121	0.005	0.05	4.00537316620928e-42	ABCA1	c3
1.21510272373484e-46	0.362198535735308	0.432	0.315	4.07521151486191e-42	S1PR4	c3
1.22297568357907e-46	0.421966219812489	0.381	0.274	4.10161584758749e-42	PDHB	c3
1.24615722285839e-46	0.281052828331012	0.72	0.602	4.17936209402248e-42	TBCB	c3
1.28624540327683e-46	0.3890494109754	0.404	0.291	4.31380983350983e-42	SMIM29	c3
1.32583148491971e-46	0.393975141351589	0.413	0.297	4.44657363412374e-42	PLEKHJ1	c3
1.36277733258648e-46	0.435499816793696	0.303	0.206	4.57048261802853e-42	N4BP2L1	c3
1.44999593477719e-46	-0.671865855636006	0.318	0.398	4.86299636605574e-42	CD28	c3
1.45137650275786e-46	0.941431368830746	0.094	0.046	4.8676265149493e-42	INPPL1	c3
1.50993891148379e-46	0.34513026482482	0.49	0.365	5.06403312133434e-42	TMUB1	c3
1.5798207324672e-46	0.439941906731521	0.312	0.215	5.29840277254849e-42	MCRS1	c3
1.86036795103073e-46	0.552364027917788	0.221	0.141	6.23930203416687e-42	ATE1	c3
1.86523869530983e-46	0.414475160638784	0.322	0.223	6.25563753633012e-42	HOXB2	c3
2.21143906263331e-46	0.424962743140813	0.332	0.231	7.41672432825959e-42	MOSPD3	c3
2.28786368314483e-46	-0.328547209701416	0.685	0.701	7.67303722053112e-42	MZT2B	c3
2.36098483729641e-46	-0.981416550141427	0.218	0.298	7.91827094732469e-42	NPC2	c3
2.3923186630427e-46	0.758678185919017	0.115	0.061	8.02335833211262e-42	ASB7	c3
2.50935495872083e-46	0.483848832484665	0.288	0.196	8.41587466055793e-42	NAPRT	c3
2.71253384273501e-46	0.276720614915968	0.766	0.651	9.09729600176467e-42	GNG2	c3
2.88368871788178e-46	0.455964860647995	0.296	0.201	9.67131522203191e-42	MRPS11	c3
3.17679926287053e-46	0.639391582584253	0.195	0.122	1.06543493678152e-41	PHTF1	c3
4.02118064777902e-46	0.492199197157959	0.251	0.165	1.34862356565213e-41	ECSIT	c3
4.04846894742591e-46	0.503008949204521	0.281	0.191	1.3577755155877e-41	CREBZF	c3
4.33051204933804e-46	0.559865758447274	0.207	0.131	1.45236713110699e-41	SIRT6	c3
5.00042891416963e-46	0.299516638911064	0.653	0.53	1.67704384923421e-41	LSM8	c3
5.03029144761186e-46	-2.74117182395195	0.013	0.063	1.68705914570007e-41	FAM241B	c3
5.03758588821121e-46	-0.469335175908122	0.496	0.553	1.68950555518828e-41	RSL1D1	c3
5.30126772248779e-46	0.317689524714339	0.579	0.447	1.77793916876796e-41	RBBP4	c3
5.33700477915474e-46	0.51750366442242	0.25	0.165	1.78992466283292e-41	HENMT1	c3
5.44005987880315e-46	0.305990634883145	0.705	0.598	1.824487282153e-41	SELPLG	c3
5.61281161066185e-46	0.450759656946978	0.294	0.2	1.88242475798377e-41	RPUSD3	c3
5.64710781292675e-46	0.588031866880147	0.177	0.106	1.89392701829937e-41	FAM214A	c3
5.93491104610518e-46	0.194348543937197	0.916	0.851	1.99045046664275e-41	UBL5	c3
5.95792214555293e-46	0.29925556510594	0.681	0.557	1.99816792917554e-41	ARGLU1	c3
6.7730326850416e-46	0.308462960381132	0.602	0.479	2.27153970190925e-41	LRP10	c3
7.41126267682569e-46	0.428357271001004	0.336	0.235	2.4855892765538e-41	FRG1	c3
7.67671619154138e-46	0.450435239985181	0.339	0.239	2.57461707631915e-41	GLRX3	c3
8.10436848281326e-46	-1.02154560216269	0.112	0.192	2.71804310176591e-41	ENO2	c3
9.59603284600613e-46	0.749155607000914	0.14	0.079	3.21831749589354e-41	GALNT1	c3
9.60765510141519e-46	-1.70655360295607	0.033	0.094	3.22221536791263e-41	CMSS1	c3
1.05388399735358e-45	-2.28065800568505	0.021	0.075	3.53451615032443e-41	EGR3	c3
1.05751624349421e-45	0.490241103797806	0.272	0.182	3.54669797743087e-41	GFER	c3
1.09669851783525e-45	0.317574750430476	0.637	0.508	3.67810748911585e-41	RAB5C	c3
1.13070866324147e-45	1.04425080920404	0.087	0.042	3.79217071477926e-41	YPEL1	c3
1.20897763225823e-45	0.363613902340874	0.493	0.374	4.05466918306766e-41	RAB8B	c3
1.24641277591328e-45	0.792117993370093	0.141	0.08	4.18021916785797e-41	CCDC117	c3
1.27807470437335e-45	0.467982128762863	0.07	0.031	4.28640694352736e-41	CD79A	c3
1.4438083913779e-45	0.378528931975752	0.319	0.22	4.84224458300321e-41	DIP2A	c3
1.61405097695939e-45	0.516235894031209	0.288	0.198	5.41320416652641e-41	SH2D3C	c3
1.72411277566359e-45	1.8601314993558	0.045	0.016	5.78232942702056e-41	HDGFL3	c3
1.85731421085213e-45	0.557149285204301	0.186	0.114	6.22906040035588e-41	IVD	c3
2.3042475213748e-45	0.343367146731911	0.464	0.346	7.72798533718681e-41	TIMM17B	c3
2.35532640735843e-45	0.24243287900496	0.818	0.706	7.8992937049987e-41	HNRNPA3	c3
2.63666763709811e-45	0.339832829771248	0.455	0.333	8.84285592129963e-41	HSPB11	c3
2.67746648277063e-45	0.609470155027878	0.178	0.108	8.97968708991614e-41	PHF21A	c3
2.72475390646686e-45	1.39439960865071	0.063	0.027	9.13827965150857e-41	CRIM1	c3
3.0847381393488e-45	0.455562616224286	0.297	0.204	1.0345594771748e-40	RAB35	c3
3.23650913278032e-45	0.616803158803612	0.18	0.11	1.08546043295187e-40	DMAC2	c3
3.27957541697238e-45	2.54070665569856	0.029	0.008	1.0999040033442e-40	TRBV10-2	c3
3.28059376843828e-45	0.314111982379527	0.608	0.485	1.10024553805883e-40	C1orf43	c3
3.73524084907423e-45	-2.59148621022922	0.015	0.066	1.25272507596252e-40	MSRB2	c3
4.61839815674506e-45	0.738201824103272	0.133	0.075	1.54891837380916e-40	CHP1	c3
4.68944100960639e-45	0.878129416418349	0.102	0.053	1.57274472580179e-40	PLAGL1	c3
5.08379253213955e-45	0.573953141466383	0.202	0.127	1.70500233942896e-40	JARID2	c3
5.45715973153278e-45	0.787553034362507	0.11	0.058	1.83022223076146e-40	PPP2R5B	c3
5.56233559709434e-45	0.395489047630897	0.383	0.275	1.8654961125535e-40	GMIP	c3
7.11823776085552e-45	-4.27612486493934	0.004	0.048	2.38731458023573e-40	ZMAT1	c3
7.86245346369828e-45	1.92249634537017	0.022	0.005	2.63690964265513e-40	ETV1	c3
8.48372769821573e-45	-2.41991851196693	0.015	0.066	2.84527259542759e-40	GCA	c3
8.73646762119265e-45	0.478659105345167	0.269	0.181	2.93003651079559e-40	DCTN6	c3
8.81201567813448e-45	0.357117227561929	0.437	0.321	2.95537381813274e-40	PHF5A	c3
9.37277771916284e-45	0.514950810816092	0.255	0.171	3.14344219145283e-40	NBPF26	c3
1.05985875184854e-44	0.486842127692012	0.252	0.167	3.55455428194965e-40	MARCH5	c3
1.08123647906565e-44	0.380711373293133	0.398	0.288	3.62625090349037e-40	NBDY	c3
1.18139324210606e-44	0.304821556928914	0.643	0.521	3.9621566553753e-40	COPS9	c3
1.27187414841049e-44	0.61136557793242	0.169	0.102	4.26561151893911e-40	PIGB	c3
1.36413450527513e-44	0.332723823133066	0.583	0.454	4.57503430379172e-40	SRSF4	c3
1.56111805621692e-44	-0.113065941934718	0.998	0.996	5.2356777369403e-40	RPS7	c3
1.59756360675486e-44	-1.36198832934398	0.064	0.133	5.35790882433446e-40	KLF3	c3
1.70074059692581e-44	0.894790861884187	0.137	0.079	5.70394381396979e-40	SLC1A4	c3
1.77264279959763e-44	0.70660539461741	0.158	0.094	5.94508942129053e-40	KATNB1	c3
1.82749891865775e-44	0.987135692986878	0.078	0.036	6.12906587339437e-40	MAN1C1	c3
1.98477938230665e-44	0.628473536080453	0.17	0.103	6.65655309238004e-40	TBC1D7	c3
2.03262147788561e-44	0.388068715611994	0.402	0.294	6.81700591253276e-40	CNOT6L	c3
2.14344722925813e-44	0.575397931624297	0.203	0.128	7.18869331748593e-40	SBF1	c3
2.27384419835915e-44	0.464076677039782	0.28	0.191	7.62601867245693e-40	MKNK2	c3
2.33641239880603e-44	0.515700868848688	0.21	0.133	7.83585990311567e-40	AC010642.2	c3
2.46181264916119e-44	0.343436649789879	0.484	0.366	8.25642726275681e-40	MYO1G	c3
2.50109234118146e-44	0.962460620297675	0.091	0.045	8.38816349385437e-40	CHST2	c3
2.65608255046755e-44	0.464951999142557	0.287	0.196	8.90796965775806e-40	ATG4B	c3
2.66333104363355e-44	0.263693527724345	0.705	0.569	8.9322796541382e-40	CBX3	c3
2.84494121570103e-44	0.390324260570709	0.376	0.271	9.54136384921813e-40	RNF115	c3
2.88742524573971e-44	0.445931344635943	0.258	0.172	9.68384678916184e-40	ARID1B	c3
3.38396522751394e-44	0.729912856024162	0.132	0.074	1.13491425800362e-39	TET2	c3
3.69825194263236e-44	-0.81543648799682	0.288	0.362	1.24031973652004e-39	CD55	c3
3.7626906739672e-44	1.51785344782284	0.032	0.01	1.26193119823512e-39	TNFRSF13C	c3
4.18815968396557e-44	-0.560834051976454	0.343	0.421	1.40462499480837e-39	RNPEPL1	c3
4.38815229425221e-44	-2.05322354571571	0.028	0.084	1.47169851644631e-39	MZF1-AS1	c3
4.8922873618153e-44	-4.13308239453781	0.003	0.044	1.64077533540562e-39	IFI44L	c3
4.95621487650658e-44	-1.94684246774853	0.035	0.093	1.66221534528278e-39	S1PR1	c3
5.24564113012769e-44	0.368229926299214	0.392	0.283	1.75928312222223e-39	PRELID3B	c3
5.53665829923504e-44	0.315672219781626	0.506	0.377	1.85688446039745e-39	GTF3C6	c3
5.55466516083441e-44	0.316722204317955	0.614	0.484	1.86292360164065e-39	SCAMP2	c3
5.61752966609998e-44	0.179276668081761	0.611	0.481	1.88400709941661e-39	MT2A	c3
5.89051147648844e-44	0.305137223207238	0.652	0.523	1.97555973898469e-39	KPNB1	c3
6.15372698306548e-44	-2.35124356171876	0.028	0.083	2.0638369555805e-39	GCSAM	c3
6.42823475949607e-44	0.270980170326454	0.704	0.596	2.15590137363979e-39	TBCA	c3
6.50432388172966e-44	0.359430580510107	0.492	0.375	2.18142014345449e-39	DYNC1H1	c3
6.85991011920198e-44	0.636736495275036	0.183	0.114	2.30067665577796e-39	ZNF326	c3
7.55132404512728e-44	0.539506981445153	0.238	0.158	2.53256305825479e-39	TBK1	c3
7.7557445743346e-44	0.141556851812799	0.984	0.966	2.60112161534034e-39	COX4I1	c3
9.39287361028451e-44	0.321218476347793	0.505	0.382	3.15018195141722e-39	FBXO7	c3
1.22892564675545e-43	-0.269020889929983	0.795	0.812	4.12157083408841e-39	APRT	c3
1.25361774888032e-43	0.366069748937592	0.398	0.29	4.2043832061948e-39	MAZ	c3
1.28202843079154e-43	0.35180712290895	0.457	0.342	4.29966695118868e-39	LMAN1	c3
1.29667173207451e-43	-2.69386722529212	0.012	0.06	4.34877765503149e-39	AL121944.1	c3
1.41214644851546e-43	0.444344451722451	0.314	0.22	4.73605675903115e-39	TRIM8	c3
1.43566161179456e-43	0.586588867124056	0.215	0.139	4.8149219136366e-39	SLC25A12	c3
1.53588432880162e-43	0.216101643777583	0.833	0.73	5.15104886193487e-39	UQCR10	c3
1.55971804124373e-43	0.592486100331512	0.206	0.132	5.23098236672322e-39	TOR2A	c3
1.56805496465514e-43	-2.12662033144029	0.025	0.079	5.25894274046041e-39	SPRYD7	c3
1.68090414333372e-43	-2.41515309698115	0.02	0.072	5.63741631591263e-39	F11R	c3
1.83598060301586e-43	-0.309923561694758	0.786	0.796	6.1575117463946e-39	SF1	c3
1.85039748778463e-43	-0.74363834884548	0.31	0.378	6.20586309453209e-39	RHOC	c3
1.97319963496546e-43	0.392714012299017	0.422	0.313	6.61771693574715e-39	CCAR1	c3
2.05796288187542e-43	0.453786011199463	0.357	0.259	6.90199591323377e-39	JMJD6	c3
2.13486034504457e-43	0.343182486889892	0.514	0.394	7.15989462521046e-39	PSMC4	c3
2.33449644961352e-43	0.500171318458103	0.258	0.174	7.82943419271384e-39	ACOT8	c3
2.45078788345362e-43	0.376061943071809	0.359	0.257	8.21945240352675e-39	WAC	c3
2.54636121840648e-43	0.584801809758291	0.203	0.129	8.53998625429164e-39	DFFA	c3
2.66625594177827e-43	0.671103057933612	0.147	0.086	8.94208917753596e-39	PEX14	c3
2.94738413833067e-43	0.478020634613949	0.258	0.173	9.8849369231334e-39	NUPL2	c3
3.73474894068461e-43	0.626857825849902	0.158	0.094	1.2525600997268e-38	ZBTB17	c3
4.88231184461284e-43	0.337655225899992	0.536	0.416	1.63742974644625e-38	PSMD13	c3
5.76086024349515e-43	-1.94494025310666	0.021	0.073	1.9320773084634e-38	TRDC	c3
6.18925893522671e-43	0.608284255673934	0.184	0.114	2.07575366169633e-38	RAPGEF1	c3
8.45583914670318e-43	0.431157630862139	0.296	0.204	2.83591933302131e-38	ZMYM5	c3
8.51290821060682e-43	0.342838251117499	0.451	0.335	2.85505915567332e-38	LYPLA1	c3
9.5913856496942e-43	0.331700906041919	0.478	0.355	3.21675891919444e-38	CYC1	c3
1.04148265395817e-42	-0.445766065223237	0.446	0.51	3.49292452484492e-38	PSIP1	c3
1.07542758839564e-42	0.32970513345517	0.493	0.374	3.60676904596129e-38	FBXW5	c3
1.10848087764933e-42	-0.299053155393779	0.687	0.725	3.71762316746032e-38	GPX4	c3
1.14295454039846e-42	-1.23539373196286	0.057	0.123	3.83324093758836e-38	IRF2BPL	c3
1.16112652862812e-42	0.535344237621693	0.233	0.154	3.89418615171298e-38	SLC50A1	c3
1.29342946395635e-42	0.328577209925915	0.453	0.338	4.3379037362168e-38	CCM2	c3
1.29377578862431e-42	0.545508816675619	0.176	0.108	4.3390652398882e-38	FAM126A	c3
1.3432437789461e-42	0.654517410014345	0.14	0.081	4.50497098582943e-38	FBXO33	c3
1.36172326386559e-42	-0.811401508036891	0.23	0.307	4.56694748235241e-38	GOLGA8B	c3
1.39075123446089e-42	-0.66497238320863	0.295	0.37	4.66430149013492e-38	GLO1	c3
1.40155361752436e-42	0.362830893068248	0.439	0.325	4.7005305224532e-38	THYN1	c3
1.41623557161317e-42	-2.85010128501247	0.012	0.058	4.74977086007626e-38	CALHM6	c3
1.42595392890348e-42	0.482094527172831	0.265	0.18	4.7823642867565e-38	FAM120A	c3
1.44433221093973e-42	-3.45763722490153	0.005	0.047	4.84400136904966e-38	PLAUR	c3
1.69809367592511e-42	0.23513268247142	0.785	0.672	5.69506657031764e-38	VPS28	c3
1.69948048494695e-42	0.42380654641146	0.33	0.234	5.6997176504151e-38	TAF10	c3
1.97776997597243e-42	1.21356572143997	0.063	0.028	6.63304494541632e-38	GDAP1	c3
2.07188936737359e-42	-3.87269344004685	0.004	0.045	6.94870256029755e-38	PDE9A	c3
2.13101785299264e-42	0.401340873934223	0.358	0.256	7.14700767536672e-38	ZDHHC12	c3
2.25956671492256e-42	-1.88926198743508	0.03	0.086	7.57813484850728e-38	MPP1	c3
2.28872254532252e-42	0.512167508641746	0.275	0.189	7.67591767250268e-38	TRIM11	c3
2.43087034100398e-42	0.363661026478131	0.43	0.319	8.15265294965916e-38	VPS36	c3
2.50057378533409e-42	0.74672049835957	0.13	0.074	8.38642436125349e-38	PARP3	c3
2.57759935490643e-42	0.46417792410653	0.254	0.171	8.6447527164852e-38	RABEP1	c3
2.63360784888334e-42	-1.45934992238655	0.048	0.11	8.83259400358495e-38	CBX7	c3
2.75704113713233e-42	0.358326770425002	0.372	0.269	9.2465645657144e-38	PCSK7	c3
3.15406450237535e-42	-1.2118391578183	0.052	0.117	1.05781015280664e-37	HIRIP3	c3
3.4645557932911e-42	0.382858659858376	0.395	0.29	1.16194272195397e-37	CAPN1	c3
3.98612863481408e-42	0.339891519629971	0.45	0.335	1.33686782154395e-37	IDH3G	c3
4.42715105455952e-42	0.551598958542241	0.181	0.112	1.48477792067817e-37	TPMT	c3
5.8756153673855e-42	0.359781898675658	0.372	0.268	1.97056388191375e-37	SMIM12	c3
6.02943759461505e-42	0.724937929265298	0.12	0.066	2.02215278048199e-37	PORCN	c3
6.25595309395642e-42	0.346557179932201	0.467	0.352	2.0981215486511e-37	ETFA	c3
6.49139500757351e-42	0.551083722032325	0.182	0.113	2.17708405764e-37	CLN3	c3
6.51528709159497e-42	-3.72343062053696	0.005	0.045	2.18509698477912e-37	SPEF2	c3
6.53894228239542e-42	0.295932539150355	0.639	0.517	2.19303046266977e-37	EIF3I	c3
7.22452578858285e-42	0.568951112699194	0.195	0.124	2.42296145897492e-37	HIPK1	c3
7.44489490605912e-42	-2.29033339565522	0.02	0.071	2.49686885359411e-37	BBS2	c3
7.81249608642716e-42	0.555460446917372	0.208	0.135	2.62015493746594e-37	MSMO1	c3
8.83332079029853e-42	0.544740723024682	0.213	0.138	2.96251912665032e-37	LINC00847	c3
9.42045020264872e-42	0.704224664309133	0.128	0.072	3.15943058896433e-37	NOTCH1	c3
1.01894374651994e-41	1.24398320987263	0.073	0.034	3.41733353707856e-37	HLA-G	c3
1.17335399283188e-41	0.474384458773891	0.253	0.171	3.93519462115956e-37	TRAF3	c3
1.18611538207632e-41	0.358248820589813	0.42	0.311	3.97799376840756e-37	PTPRA	c3
1.23995059400148e-41	0.66744299794627	0.128	0.073	4.15854630216218e-37	AC025159.1	c3
1.27095662820418e-41	0.395791847995707	0.331	0.235	4.26253433967118e-37	SCNM1	c3
1.37507191835712e-41	-0.403110616153957	0.552	0.594	4.61171619978611e-37	CMPK1	c3
1.6327629719062e-41	0.546726040051924	0.205	0.132	5.47596045517902e-37	MON1B	c3
1.65721299858095e-41	0.428296619722979	0.303	0.212	5.55796095464078e-37	COA5	c3
1.65776415655633e-41	0.966929861705742	0.087	0.044	5.55980942825862e-37	ARHGEF18	c3
1.65928388484863e-41	0.419398964907264	0.363	0.265	5.56490629300534e-37	TSTA3	c3
1.67591579162753e-41	0.527189867442746	0.226	0.149	5.62068638196042e-37	MUS81	c3
1.89073099965778e-41	0.108111540964426	0.993	0.978	6.34113362665227e-37	SRGN	c3
1.92762636975549e-41	0.333954024963606	0.435	0.324	6.46487331888596e-37	MT1X	c3
2.125598205583e-41	-1.69585736950368	0.045	0.104	7.12883126188427e-37	AC093010.2	c3
2.21593946086052e-41	0.301764137099159	0.591	0.472	7.43181776383402e-37	RBM4	c3
2.30175717198758e-41	0.355492109806383	0.439	0.329	7.71963320341196e-37	PTK2B	c3
2.6420569541863e-41	0.431994625227996	0.259	0.174	8.86093061295001e-37	TRANK1	c3
2.95622313338785e-41	0.809895858911307	0.109	0.059	9.91458114475616e-37	ARMC2	c3
2.97716273059964e-41	-4.30864780407152	0.004	0.043	9.98480836588508e-37	PHLDA2	c3
3.18116842078885e-41	-0.654346146881661	0.29	0.363	1.06690026496416e-36	PHF1	c3
3.27686958722647e-41	0.640445159360035	0.154	0.092	1.09899652216401e-36	POMC	c3
3.3963469653665e-41	-4.00542879386028	0.005	0.045	1.13906684524462e-36	PRKAG2-AS1	c3
3.77524793093136e-41	0.598289679818871	0.19	0.12	1.26614265107576e-36	ZNF672	c3
4.25217725451954e-41	0.325790668900882	0.45	0.334	1.42609520762076e-36	C1D	c3
4.25992920881316e-41	0.380020581898457	0.407	0.3	1.42869505805176e-36	CYB5B	c3
4.29970715159507e-41	-1.35773723236717	0.052	0.114	1.44203578450196e-36	CD79B	c3
4.87748350431218e-41	1.40808761738537	0.079	0.039	1.63581041767622e-36	PHGDH	c3
4.97751369777969e-41	-1.95943221136348	0.026	0.078	1.66935854396135e-36	PLEKHB1	c3
5.37436050187469e-41	0.549022009353974	0.219	0.144	1.80245302511873e-36	UBA6	c3
5.67119072264208e-41	0.507612067466189	0.209	0.135	1.9020039445597e-36	ZNF720	c3
5.71414954429368e-41	0.201379965787463	0.914	0.866	1.91641147416521e-36	ALDOA	c3
6.00641843502903e-41	0.29717207145114	0.583	0.465	2.01443261474003e-36	PGLS	c3
6.16966310751116e-41	0.417209657775099	0.301	0.21	2.06918161299709e-36	STK25	c3
6.18543164995368e-41	0.2921050145893	0.549	0.429	2.07447006676146e-36	C4orf48	c3
6.56728452104666e-41	0.422561023699857	0.268	0.183	2.20253588266863e-36	MSL3	c3
6.62949836617384e-41	0.477105910033663	0.244	0.164	2.22340116204738e-36	CHD8	c3
7.47156480838442e-41	0.372205448028955	0.409	0.303	2.50581340543597e-36	WDR82	c3
7.49389042556092e-41	0.419005619003941	0.321	0.228	2.51330097092462e-36	CLSTN1	c3
7.5744856822647e-41	-1.55485745494505	0.038	0.096	2.54033100811793e-36	EPHA1	c3
7.6956989174399e-41	0.990128078044753	0.08	0.039	2.58098350293099e-36	AC009403.1	c3
7.8518531252122e-41	0.138337816721022	0.977	0.957	2.63335450113367e-36	RPS11	c3
8.47585174636075e-41	1.49457571878847	0.036	0.012	2.84263115869447e-36	WDR63	c3
1.01083317295075e-40	0.35776825363534	0.366	0.265	3.39013229544222e-36	UBE2J2	c3
1.07833451514135e-40	0.521287081566478	0.164	0.1	3.61651829688107e-36	HEXDC	c3
1.08167535802155e-40	0.945780004110534	0.072	0.034	3.62772281573268e-36	SLC14A1	c3
1.10435509105488e-40	0.41050964505289	0.288	0.2	3.70378610437987e-36	TAF11	c3
1.12369266099272e-40	0.601591177930947	0.162	0.099	3.76864044643739e-36	MOV10	c3
1.13112708917345e-40	-1.10364310220236	0.078	0.147	3.79357403166991e-36	FRMD4B	c3
1.14825884896306e-40	0.53065413426056	0.212	0.138	3.8510305276523e-36	RRAS2	c3
1.15752152136894e-40	0.305543179840712	0.613	0.493	3.88209567836715e-36	ANP32A	c3
1.19048101548845e-40	0.252536972058685	0.636	0.506	3.99263522974517e-36	PARP8	c3
1.19691992465051e-40	0.445631785337063	0.244	0.164	4.01423004329287e-36	RPL26L1	c3
1.24624250081116e-40	0.393619215012328	0.306	0.214	4.17964809922048e-36	RC3H1	c3
1.24638090347834e-40	0.349895972693802	0.462	0.349	4.18011227408566e-36	SUMO3	c3
1.29169932615209e-40	0.594447753114473	0.187	0.119	4.33210120004888e-36	APOL2	c3
1.30749349985315e-40	0.367247212470341	0.307	0.214	4.38507169980749e-36	USP34	c3
1.32292998406126e-40	-2.95237591718495	0.008	0.05	4.43684258054466e-36	CA10	c3
1.403564597163e-40	0.336050907623237	0.511	0.394	4.70727494596527e-36	HDAC1	c3
1.49295647761043e-40	0.38610493536004	0.317	0.223	5.00707743460987e-36	SNAPIN	c3
1.53189312169988e-40	-1.48645193420153	0.048	0.108	5.13766315155706e-36	TUBB2A	c3
1.53269697849887e-40	0.76234344969039	0.114	0.063	5.14035912648953e-36	IDH1	c3
1.59336218958811e-40	0.391743454092134	0.343	0.245	5.3438181114406e-36	TBC1D1	c3
1.7342930520432e-40	0.424686239219524	0.296	0.207	5.81647203794248e-36	VRK3	c3
1.75032250599153e-40	0.45447584513558	0.264	0.18	5.8702316205944e-36	DEDD	c3
1.97174570059249e-40	0.429310168293754	0.292	0.204	6.61284073064711e-36	FAM13B	c3
2.03126551707827e-40	0.308006184596461	0.578	0.454	6.81245829117709e-36	NDUFS6	c3
2.05222320108157e-40	0.274659683578573	0.639	0.516	6.88274617178737e-36	SEC11A	c3
2.15821903641935e-40	0.358956008098279	0.252	0.167	7.23823500434322e-36	LMNB1	c3
2.45660263623177e-40	0.504641014287098	0.222	0.147	8.23895392139412e-36	LIMA1	c3
2.55018142950329e-40	0.369224035120741	0.35	0.252	8.55279847826813e-36	ARHGEF6	c3
2.64907004999403e-40	0.491311719457474	0.243	0.164	8.88445113366996e-36	C8orf76	c3
2.77774370544712e-40	0.418809213851129	0.288	0.2	9.31599683932854e-36	MIIP	c3
2.82980826256782e-40	-0.873939646779055	0.14	0.215	9.49061095099997e-36	DNAJC9	c3
2.97677074575515e-40	0.471269667096365	0.243	0.163	9.98349372711364e-36	RC3H2	c3
3.10065218143763e-40	0.344526766555989	0.453	0.341	1.03989672861055e-35	RBM42	c3
4.02731407161331e-40	0.405459113217804	0.284	0.197	1.35068059333767e-35	BOD1L1	c3
4.40449116974574e-40	0.548953231528701	0.172	0.106	1.47717824850933e-35	ASCC1	c3
4.42992692124525e-40	0.418979430286661	0.336	0.243	1.48570889084723e-35	RAB29	c3
4.58946603868051e-40	0.33878176812033	0.371	0.272	1.53921512005267e-35	TTC14	c3
4.87294227898446e-40	0.970785716434793	0.161	0.101	1.63428738152581e-35	GSTM2	c3
5.11464596923938e-40	0.24362456799278	0.721	0.608	1.7153499651635e-35	SRSF3	c3
6.06847977350555e-40	0.374934111600505	0.317	0.223	2.03524674643829e-35	GSK3B	c3
6.61612410373539e-40	0.443935255014065	0.294	0.207	2.21891570191077e-35	ZCCHC17	c3
6.75223771636028e-40	0.316251539497301	0.514	0.4	2.26456548531291e-35	MFF	c3
6.95040518456844e-40	0.216567458784768	0.825	0.723	2.33102689080056e-35	ATP6V0C	c3
6.98462715093517e-40	0.379414594457702	0.301	0.21	2.34250425388064e-35	CCDC186	c3
7.20237929264401e-40	0.571980626561826	0.128	0.073	2.41553396716695e-35	CCRL2	c3
7.24209059365511e-40	-7.34551271690667	0	0.035	2.42885234330005e-35	CFH	c3
8.096346996219e-40	0.339481469760928	0.413	0.304	2.71535285559193e-35	MCRIP1	c3
8.54802961675359e-40	0.24118995114288	0.755	0.64	2.86683817286682e-35	SNRPB	c3
8.62180715315075e-40	0.309584062074483	0.553	0.429	2.8915816830237e-35	ACP1	c3
9.18902649216595e-40	-0.6245542378418	0.272	0.348	3.08181570494262e-35	DARS	c3
9.28798008205126e-40	0.358187520325733	0.386	0.283	3.11500275991835e-35	FLII	c3
9.36185316890673e-40	0.307491316557646	0.562	0.443	3.13977831578794e-35	PPP2CA	c3
9.60212300521762e-40	0.393039022741135	0.337	0.243	3.22036001348989e-35	B4GALT1	c3
1.01140052378279e-39	1.51623037796464	0.04	0.014	3.39203507666273e-35	ATP1A3	c3
1.02991923276802e-39	0.442871409567356	0.25	0.169	3.45414312285739e-35	ITCH	c3
1.14038710343581e-39	0.33634250033121	0.4	0.296	3.82463026750303e-35	HDLBP	c3
1.1994357658698e-39	0.413301308996376	0.319	0.228	4.02266767157415e-35	NFATC2IP	c3
1.30398337847111e-39	1.06719374155065	0.08	0.039	4.37329945471642e-35	RAP2A	c3
1.43045421511287e-39	0.279992209094271	0.608	0.483	4.79745734664554e-35	PPM1G	c3
1.53876118075304e-39	0.339207908958554	0.411	0.307	5.16069724800955e-35	CSNK1D	c3
1.68013844214637e-39	0.365036764256874	0.411	0.308	5.63484830727049e-35	HPS1	c3
1.692500845394e-39	0.484417585283563	0.236	0.158	5.6763093352824e-35	TRMT2A	c3
1.75850794330791e-39	0.348129474788047	0.428	0.32	5.89768394026608e-35	FAM32A	c3
1.77975720695224e-39	0.202740199671801	0.894	0.82	5.96894972067641e-35	LEPROTL1	c3
1.91775419846616e-39	0.259187555622055	0.716	0.608	6.4317640308158e-35	ECH1	c3
1.93322527273611e-39	0.917666838291517	0.046	0.018	6.48365091970236e-35	ZNF80	c3
1.95704713666268e-39	0.306661413936239	0.546	0.426	6.56354468693931e-35	STMP1	c3
1.99771538999198e-39	0.471731015108898	0.147	0.087	6.6999378749551e-35	CD70	c3
2.04545131941337e-39	-3.14621430905292	0.007	0.048	6.86003463504856e-35	SETD7	c3
2.09078303719434e-39	0.49188699142911	0.221	0.146	7.01206815014237e-35	MSI2	c3
2.18216298718334e-39	0.36675825997486	0.388	0.287	7.31853822641547e-35	EMC3	c3
2.21663165009693e-39	0.479684276065869	0.202	0.131	7.43413922809509e-35	FAM160B1	c3
2.30775583596756e-39	0.289513703794012	0.611	0.489	7.739751522668e-35	TMCO1	c3
2.34719744512308e-39	0.300557519420559	0.463	0.35	7.87203079145377e-35	IRF3	c3
2.38700773093329e-39	0.445396092439035	0.58	0.501	8.00554652800408e-35	TRBC1	c3
2.41619086933097e-39	0.292147300244524	0.453	0.34	8.10342093756222e-35	TMEM167A	c3
2.56422429420895e-39	1.6144398420084	0.031	0.01	8.59989543791797e-35	AL590399.1	c3
3.13253223352323e-39	0.663080771805868	0.144	0.086	1.05058866047902e-34	MXD1	c3
3.65998912842552e-39	0.229151044894645	0.664	0.538	1.22748715389135e-34	RORA	c3
3.86968890561783e-39	0.202880158021158	0.815	0.712	1.29781626516611e-34	AES	c3
4.51575220547355e-39	0.331247876334719	0.431	0.323	1.51449297467172e-34	GTF2F1	c3
4.52821367506538e-39	-2.48258356451063	0.015	0.06	1.51867230234343e-34	IL23A	c3
4.77300782814014e-39	0.389968208235674	0.265	0.18	1.60077136540164e-34	KLHL24	c3
4.99371856688868e-39	0.36787682951728	0.364	0.266	1.67479333296312e-34	MCTS1	c3
5.23927671883447e-39	0.336516219111266	0.424	0.317	1.7571486259627e-34	STAG2	c3
5.99250013939262e-39	0.41615180114672	0.313	0.223	2.0097646967495e-34	STX5	c3
6.453185477133e-39	0.814436367601361	0.092	0.048	2.16426934532087e-34	CCDC152	c3
6.89156542847196e-39	0.231007597790762	0.79	0.689	2.31129321340092e-34	LRRFIP1	c3
7.31303445384106e-39	0.272814788350638	0.638	0.518	2.45264549512921e-34	DOK2	c3
7.39801506512113e-39	-0.474858347912151	0.453	0.507	2.48114629254032e-34	RBMS1	c3
7.5970680479562e-39	0.434502374023956	0.233	0.156	2.54790468192355e-34	SGMS1	c3
7.92990635796949e-39	-1.18187090543219	0.079	0.144	2.65953199433581e-34	ELK3	c3
8.30327473124118e-39	0.370305547368407	0.349	0.253	2.78475227936367e-34	ATP1B3	c3
8.63010702150461e-39	0.279777650783284	0.539	0.42	2.89436529287222e-34	LUC7L3	c3
8.82278017779322e-39	0.128433985306485	0.985	0.97	2.95898401602829e-34	RPL36AL	c3
9.02356748577757e-39	2.31924578576574	0.021	0.005	3.02632406338008e-34	AL158071.3	c3
9.15455224881135e-39	0.450535775436417	0.25	0.17	3.07025373320635e-34	UBA7	c3
1.00811141443e-38	0.962618158022026	0.09	0.047	3.38100406171532e-34	GSTZ1	c3
1.01872081744552e-38	0.426366870874523	0.3	0.211	3.41658587754879e-34	FOPNL	c3
1.02250341897721e-38	0.863673366531311	0.103	0.056	3.42927196656576e-34	TMEM121	c3
1.03101642095938e-38	-3.19590256268379	0.008	0.048	3.45782287261356e-34	SBF2	c3
1.15076141170695e-38	0.383740234479152	0.241	0.161	3.85942362258278e-34	LINC01550	c3
1.15795599239524e-38	0.46770246236828	0.229	0.153	3.88355280729516e-34	IKBKE	c3
1.28168987196948e-38	0.637044233897481	0.164	0.102	4.29853149261124e-34	PRAF2	c3
1.30997362700065e-38	0.359585254922612	0.333	0.238	4.39338955023479e-34	GON4L	c3
1.34811441187366e-38	0.360414836848158	0.38	0.281	4.52130611454189e-34	ACTR1A	c3
1.50322405844049e-38	0.340975114363184	0.355	0.256	5.04151284719772e-34	SHMT2	c3
1.53034938448548e-38	-1.24924727576896	0.063	0.125	5.1324857656874e-34	RERE	c3
1.67115885092348e-38	0.4329223490989	0.295	0.208	5.60473255422716e-34	ISY1	c3
1.97804635738505e-38	-0.360292847862279	0.618	0.643	6.63397187339798e-34	RBMX	c3
1.9919990067437e-38	0.700014861190472	0.139	0.083	6.68076626881702e-34	DLEU2	c3
2.24825073982768e-38	0.418792668980239	0.257	0.176	7.54018333123407e-34	SUPT7L	c3
2.69550607148672e-38	0.276180778065636	0.564	0.441	9.04018826255217e-34	MRPL51	c3
2.87198147360361e-38	0.557471481011454	0.214	0.143	9.63205146617179e-34	NTAN1	c3
2.88146512921552e-38	0.367257676931677	0.342	0.248	9.66385775036302e-34	PCIF1	c3
2.91881919921577e-38	0.330787020887988	0.437	0.33	9.78913583032984e-34	DECR1	c3
2.93413527491159e-38	-3.52848208490098	0.009	0.049	9.8405028849985e-34	TSHZ2	c3
3.02230228078706e-38	-0.535220139785977	0.381	0.44	1.01361973893036e-33	RTN4	c3
3.06111067493953e-38	0.301694743099068	0.462	0.35	1.02663529816122e-33	ATF6B	c3
3.15237752304698e-38	0.369915391269461	0.412	0.31	1.0572443736795e-33	DNAJC7	c3
3.22865985792527e-38	0.337043112929957	0.514	0.405	1.08282794315098e-33	ANKRD11	c3
3.25731849829754e-38	0.331060972952388	0.447	0.339	1.09243947795903e-33	SMIM7	c3
3.31058017110435e-38	-2.08445500713273	0.021	0.068	1.11030237778498e-33	NR1D1	c3
3.31646301664313e-38	0.365008946207906	0.36	0.264	1.11227536652177e-33	MPLKIP	c3
3.3886120780395e-38	0.402325389918397	0.294	0.208	1.13647271873289e-33	ERBIN	c3
3.68068331988891e-38	0.404813461205838	0.287	0.202	1.23442757182434e-33	NFKBIB	c3
3.79854866827326e-38	0.395201585580062	0.303	0.215	1.27395725236549e-33	PML	c3
3.85681771396589e-38	0.379727674138359	0.374	0.276	1.29349952490988e-33	NUDT16L1	c3
3.96341939691675e-38	-0.646187245363616	0.441	0.49	1.32925159733794e-33	CORO1B	c3
4.04065556781758e-38	-1.36730168670535	0.046	0.104	1.35515506433466e-33	DUSP6	c3
4.09020472689236e-38	-1.26296249518762	0.061	0.122	1.37177286130516e-33	TNFRSF10A	c3
4.38051176717179e-38	0.231346913472437	0.769	0.669	1.46913603647407e-33	PSMB1	c3
4.78110082125496e-38	-1.61277887292045	0.036	0.089	1.60348559343249e-33	UNC93B1	c3
5.52892510009947e-38	0.408567636347019	0.268	0.185	1.85429090007136e-33	NOA1	c3
5.74573572847482e-38	0.342258512158402	0.426	0.318	1.92700484861588e-33	CEP57	c3
5.81782559945618e-38	0.409155589533404	0.256	0.176	1.95118234954561e-33	ABCC1	c3
7.64468742885311e-38	-0.657312497367028	0.273	0.341	2.56387526988875e-33	TRAPPC6A	c3
7.87609505763798e-38	0.328218504901901	0.457	0.346	2.64148476043063e-33	SUCLG1	c3
7.95982412142806e-38	0.471552195003649	0.198	0.128	2.66956581384454e-33	CSNK1G3	c3
8.82061653530355e-38	0.181379589315139	0.651	0.531	2.9582583736101e-33	ARL6IP1	c3
9.23858169241512e-38	0.400488888700885	0.329	0.238	3.09843552800218e-33	RFTN1	c3
9.9103052638948e-38	0.309566885999229	0.539	0.423	3.32371817940504e-33	EIF1AX	c3
1.05089145310154e-37	0.820573641106256	0.086	0.044	3.52447975541196e-33	AC103702.2	c3
1.12358742046887e-37	0.279439412080302	0.548	0.431	3.76828749076848e-33	DGUOK	c3
1.15002331494694e-37	0.604352961396104	0.172	0.11	3.85694819366904e-33	CDKN2A	c3
1.27183179462441e-37	-3.00663473594237	0.01	0.051	4.26546947281136e-33	ZWINT	c3
1.2758293973964e-37	0.332446567981851	0.563	0.455	4.27887663298804e-33	YPEL3	c3
1.3667822072094e-37	0.317837808113411	0.453	0.345	4.58391416653887e-33	ATP6AP1	c3
1.39799504416302e-37	0.41839292373263	0.304	0.216	4.68859577911393e-33	POLDIP3	c3
1.42277698945851e-37	0.369201338235641	0.323	0.231	4.77170946724597e-33	NOB1	c3
1.44386328839101e-37	0.421769997833168	0.222	0.148	4.84242869660578e-33	DDX58	c3
1.72421503479077e-37	0.341319821728107	0.379	0.281	5.78267238368129e-33	SYNE1	c3
1.79865205827623e-37	0.320813632547119	0.451	0.341	6.03231927304683e-33	OLA1	c3
1.81127203746637e-37	0.111980835583108	0.993	0.98	6.0746441592547e-33	ATP5F1E	c3
1.95727416701832e-37	0.537482857540099	0.159	0.098	6.56430610134605e-33	C1orf50	c3
2.23662937402212e-37	0.299520220553824	0.425	0.318	7.50120759459539e-33	CAMLG	c3
2.29972444774427e-37	-1.7490851312886	0.032	0.083	7.71281585284475e-33	TMEM65	c3
2.45126291928316e-37	0.404202649564287	0.297	0.212	8.22104557869185e-33	FAM192A	c3
2.56705752058311e-37	1.06150185533308	0.061	0.028	8.60939751253163e-33	MIR762HG	c3
2.97234167907689e-37	0.444016210371898	0.276	0.194	9.96863952328809e-33	GAK	c3
2.98177922570086e-37	-4.2766368805513	0.005	0.041	1.00002911671555e-32	CTSL	c3
3.24937595118547e-37	0.408938722737447	0.268	0.185	1.08977570650858e-32	CREBRF	c3
3.29345242706846e-37	-1.20517443863078	0.05	0.108	1.10455807499022e-32	CAMK1D	c3
3.52814924334007e-37	0.653249530387259	0.119	0.068	1.18327069323139e-32	RAB30	c3
3.56755894906171e-37	0.495275234433934	0.243	0.167	1.19648792033631e-32	DTX3L	c3
3.62625258955115e-37	0.477147657451807	0.241	0.165	1.21617259348367e-32	MRPS9	c3
3.76766194127217e-37	0.3343520059749	0.409	0.306	1.26359846186386e-32	SMG1	c3
3.9269895125095e-37	-3.95371996791659	0.004	0.039	1.31703374270544e-32	MYO1D	c3
4.15499017533507e-37	-0.846094519041298	0.171	0.243	1.39350060500388e-32	CD320	c3
4.42984434827591e-37	0.36634576435358	0.398	0.3	1.48568119752477e-32	BDP1	c3
4.94579248028926e-37	-4.79193103146287	0.002	0.037	1.65871988203941e-32	ADTRP	c3
5.04346759152151e-37	0.646736075154987	0.14	0.084	1.69147816084448e-32	UBE2Q1	c3
5.54428865142393e-37	0.423469640099595	0.257	0.179	1.85944352791456e-32	PLAA	c3
5.82352815747922e-37	-2.58081238770575	0.015	0.058	1.95309487345538e-32	LY96	c3
5.82535824406056e-37	0.517475032153523	0.19	0.124	1.95370864789303e-32	ODF3B	c3
6.06257046006991e-37	0.302347969278998	0.457	0.351	2.03326488089825e-32	ZNF292	c3
6.81870410368831e-37	0.621592445667253	0.167	0.106	2.28685698229499e-32	TATDN3	c3
7.55461526402016e-37	0.439999775555242	0.225	0.15	2.53366686724708e-32	RPP25L	c3
7.85407448691083e-37	0.847164888013883	0.078	0.039	2.63409950142015e-32	ADARB2	c3
7.96185958167288e-37	-4.30201738551848	0.003	0.037	2.67024846650145e-32	SCML1	c3
8.42286230588503e-37	0.33881380863804	0.461	0.353	2.82485956014772e-32	SDHA	c3
8.61417764863225e-37	0.308682702778199	0.39	0.289	2.88902289979828e-32	SETX	c3
8.78437088509583e-37	0.298578516697744	0.542	0.427	2.94610230744344e-32	PRKACB	c3
9.32446701507163e-37	0.818816353235941	0.093	0.05	3.12723974751472e-32	JAKMIP2	c3
9.38705862445881e-37	-0.583047789539548	0.275	0.348	3.14823172147099e-32	PITHD1	c3
1.00576880223116e-36	0.298289648058892	0.463	0.356	3.37314740892285e-32	TAOK3	c3
1.01534037597128e-36	0.284170976813836	0.578	0.463	3.40524855293247e-32	KDELR1	c3
1.01677360088012e-36	0.543150944202301	0.164	0.103	3.41005530263176e-32	LRRC61	c3
1.03913384866517e-36	0.537334745704918	0.208	0.139	3.48504710165326e-32	GDE1	c3
1.07265521453517e-36	-1.93896649856496	0.029	0.077	3.59747105850805e-32	USP53	c3
1.08812970492135e-36	-1.94163266930766	0.026	0.074	3.64936940436521e-32	RCBTB2	c3
1.12260884012629e-36	0.432363516189643	0.234	0.158	3.76500552801556e-32	VAMP7	c3
1.16440573282633e-36	0.339501290475859	0.328	0.235	3.90518394675296e-32	CNOT1	c3
1.20458219138285e-36	-2.21548197805138	0.04	0.093	4.03992775345981e-32	TRGV4	c3
1.25379348730606e-36	0.464893052687801	0.208	0.138	4.20497259772706e-32	SMG6	c3
1.27822990352777e-36	0.33688250435795	0.329	0.236	4.28692745045143e-32	KANSL1	c3
1.31622052145298e-36	0.409777562395511	0.323	0.235	4.41434038484899e-32	DNAJB11	c3
1.3504436339189e-36	-3.31216771140358	0.008	0.046	4.52911785943722e-32	PDE8A	c3
1.37152562576144e-36	0.26495351761646	0.646	0.526	4.5998226436787e-32	NDUFA12	c3
1.41803344191782e-36	-1.56217213736405	0.019	0.064	4.75580055750397e-32	TCF19	c3
1.4389976958598e-36	0.377827158652476	0.359	0.265	4.82611047237458e-32	PRKD2	c3
1.46552252430802e-36	-4.56942411223676	0.001	0.035	4.91506944202424e-32	KCNQ1	c3
1.52072254062168e-36	0.358862384516829	0.409	0.309	5.100199256737e-32	INPP4A	c3
1.88352713709006e-36	-0.627750249934014	0.265	0.341	6.31697331237265e-32	LYAR	c3
1.91038638740493e-36	0.218162193143997	0.793	0.711	6.40705386607864e-32	C4orf3	c3
2.11381313587893e-36	0.520071599800559	0.202	0.134	7.08930649511077e-32	CSTF1	c3
2.2116229500078e-36	0.530325412061978	0.177	0.113	7.41734104973615e-32	GTF3C1	c3
2.2866230099451e-36	0.241369509358936	0.708	0.595	7.66887625075387e-32	FAM96B	c3
2.43619706033374e-36	0.475878304980313	0.226	0.154	8.17051770094728e-32	SLC35B1	c3
2.8661519253512e-36	0.320768290677738	0.432	0.324	9.61250032724286e-32	FDPS	c3
2.87483202671931e-36	-1.58171704058013	0.037	0.088	9.64161165121123e-32	PRKCI	c3
2.88492253346026e-36	0.470352983856113	0.142	0.086	9.67545319271901e-32	GADD45G	c3
3.06614688594414e-36	0.341136188501147	0.433	0.331	1.02832434260794e-31	ACAA2	c3
3.0689916458506e-36	-1.15963955060644	0.082	0.145	1.02927841818537e-31	ANKH	c3
3.26718730581474e-36	0.220488361925096	0.892	0.822	1.09574927862415e-31	TPI1	c3
3.3748213814978e-36	0.763184061786427	0.124	0.074	1.13184759492673e-31	AL441992.1	c3
3.47566159854134e-36	-2.33392404482469	0.007	0.045	1.1656673869188e-31	GGH	c3
3.67407949434647e-36	0.372838225736019	0.318	0.229	1.23221278081392e-31	C12orf10	c3
3.77053693875683e-36	0.348620687878125	0.312	0.222	1.26456267852027e-31	RBM33	c3
3.87787840433942e-36	0.429561359772641	0.255	0.177	1.30056285924736e-31	GIGYF2	c3
3.98797824051718e-36	0.357627158761595	0.335	0.243	1.33748814230465e-31	RAMMET	c3
4.57442293838928e-36	0.336099983347137	0.161	0.1	1.534169965077e-31	CENPM	c3
4.94641836410529e-36	-1.11081474325434	0.06	0.119	1.65892979095363e-31	NR2C2AP	c3
5.01902218398846e-36	0.372483642153497	0.343	0.252	1.68327966006605e-31	CLIP1	c3
5.09708705047542e-36	-0.377402625369094	0.515	0.556	1.70946105498845e-31	GTF3A	c3
5.25624762369763e-36	0.521468491866752	0.197	0.13	1.76284032803571e-31	MBD2	c3
5.41063725328662e-36	0.346228970039154	0.339	0.248	1.81461952200727e-31	CHD4	c3
5.64368306440843e-36	0.487718380003325	0.24	0.166	1.8927784261413e-31	AZI2	c3
5.92254146959817e-36	-2.17188193964149	0.024	0.07	1.98630195807383e-31	TIAM1	c3
6.07804423173016e-36	0.417870096870374	0.263	0.184	2.03845447443766e-31	ALKBH6	c3
7.37375105720955e-36	0.290468507678106	0.343	0.247	2.47300862956694e-31	GRINA	c3
7.59863952805385e-36	0.321233398161533	0.405	0.304	2.5484317249187e-31	NCK1	c3
7.70553591722172e-36	-0.536534171741357	0.333	0.4	2.58428263591782e-31	LAPTM4A	c3
7.74764392589836e-36	0.755723893680075	0.098	0.054	2.59840481986779e-31	AC008105.3	c3
7.81564562342532e-36	0.403974066530443	0.323	0.234	2.62121122918438e-31	TXNDC9	c3
8.11298306614452e-36	0.374801595430666	0.312	0.225	2.72093226072355e-31	OXLD1	c3
8.24342353868419e-36	0.294864445599568	0.472	0.362	2.7646793864039e-31	DENND1C	c3
8.2459495836852e-36	0.419719635276546	0.245	0.168	2.76552657137634e-31	EMC8	c3
8.35653606218058e-36	0.389666284957279	0.291	0.207	2.80261506453412e-31	TIMMDC1	c3
8.47493893790058e-36	0.329066292709744	0.538	0.434	2.8423250209931e-31	IVNS1ABP	c3
9.28370117267737e-36	-2.5744316438532	0.009	0.048	3.11356769929254e-31	SOCS2	c3
9.36414045426858e-36	0.253889715343031	0.633	0.519	3.1405454255526e-31	FIS1	c3
9.36597062497392e-36	0.755413652330755	0.086	0.045	3.14115922820376e-31	NUGGC	c3
9.41394494732665e-36	0.454681273580317	0.259	0.181	3.15724885643441e-31	PRR14	c3
9.48134579355568e-36	0.261440346495647	0.585	0.459	3.1798537522427e-31	MRPS34	c3
1.13322599858246e-35	0.248378309944421	0.563	0.451	3.80061335404586e-31	CYLD	c3
1.13906107473437e-35	1.41542396347395	0.043	0.017	3.82018303244413e-31	AC245595.1	c3
1.16173967003859e-35	0.619832679156828	0.127	0.074	3.89624250537542e-31	CNBD2	c3
1.20327348696018e-35	0.328265407557031	0.344	0.252	4.03553862056704e-31	COA1	c3
1.27941359635648e-35	-1.28103205622807	0.07	0.129	4.29089731946035e-31	CHPT1	c3
1.35600641531535e-35	2.32681496777776	0.019	0.005	4.54777431568463e-31	PRDM5	c3
1.6636756587477e-35	0.455079536014259	0.238	0.164	5.57963542430804e-31	EP300	c3
1.72118858027988e-35	0.404878978312681	0.254	0.176	5.77252226054265e-31	SDHAF2	c3
1.7280304613461e-35	-4.19932595903381	0.003	0.037	5.79546856126256e-31	UHRF1	c3
1.72807067743613e-35	-0.368524804602445	0.554	0.592	5.79560343798531e-31	TRAM1	c3
1.73043782005541e-35	0.424768735759825	0.222	0.149	5.80354236090185e-31	ABHD18	c3
1.75108700772713e-35	0.328562601894774	0.389	0.29	5.87279560651525e-31	MITD1	c3
1.77171950785848e-35	0.203366347937956	0.652	0.534	5.94199288545578e-31	PPP2R5C	c3
1.89823873565287e-35	0.778187533458087	0.081	0.042	6.36631307163261e-31	METRNL	c3
1.91923610232777e-35	0.217967107890787	0.688	0.575	6.43673403998688e-31	ATP5ME	c3
1.9505730968765e-35	-1.9345050618432	0.025	0.072	6.54183205230439e-31	CCDC184	c3
2.06501396580249e-35	-2.97614678939583	0.009	0.047	6.92564383850838e-31	NLRP3	c3
2.24322382234129e-35	0.367008920765465	0.341	0.25	7.52332405536822e-31	TRPV2	c3
2.27326281585789e-35	-1.24621183122648	0.061	0.118	7.62406883182418e-31	C3AR1	c3
2.49798228212205e-35	0.5821738443921	0.161	0.102	8.37773297778093e-31	ACOT2	c3
2.67746652121127e-35	0.449146293366495	0.237	0.163	8.97968721883835e-31	ELP6	c3
2.81714006479167e-35	1.27061901629856	0.052	0.023	9.44812434929831e-31	RYR1	c3
2.87001632095349e-35	0.455012363740682	0.24	0.166	9.6254607372138e-31	SUZ12	c3
3.06768664674096e-35	0.731235132159744	0.099	0.054	1.02884074758398e-30	ZNF827	c3
3.23947326067609e-35	0.334368334437388	0.378	0.281	1.08645454216555e-30	SRA1	c3
3.35056797138981e-35	0.27883281312467	0.586	0.475	1.12371348624471e-30	ZC3H15	c3
3.42555685187355e-35	1.12109870468196	0.057	0.026	1.14886325698135e-30	SCD5	c3
3.44343719778034e-35	0.477953899860035	0.292	0.211	1.15485996739157e-30	CARD11	c3
3.50145072498288e-35	0.584026986615416	0.141	0.086	1.17431654414476e-30	RAB4B	c3
3.54058959897837e-35	0.424848709685063	0.248	0.17	1.18744293970536e-30	CALCOCO1	c3
3.80513838261773e-35	-0.853481363322474	0.139	0.208	1.27616731076233e-30	MAP4K2	c3
3.82510914357511e-35	-3.35807006276276	0.009	0.047	1.28286510457222e-30	FCRL3	c3
3.85385950171e-35	-2.6263515346049	0.009	0.047	1.2925073996835e-30	RARG	c3
3.8771322447812e-35	0.284285301204068	0.454	0.348	1.30031261225472e-30	PHF11	c3
4.03474858507337e-35	0.533714521283821	0.175	0.113	1.35317398046191e-30	COQ9	c3
4.08538382523268e-35	0.242298229833975	0.579	0.465	1.37015602730654e-30	ELOVL5	c3
4.42257029610707e-35	-0.768805298961195	0.324	0.381	1.48324162590839e-30	CTSB	c3
4.51659748429261e-35	0.499365947936355	0.221	0.151	1.51477646428205e-30	NSF	c3
5.11907670781572e-35	0.591975409674245	0.175	0.114	1.71683594626724e-30	TAF8	c3
5.18771897604632e-35	-1.05077330282612	0.079	0.141	1.73985719018641e-30	NR1D2	c3
5.56292492520955e-35	0.173812067512849	0.946	0.901	1.86569376141678e-30	PPIB	c3
5.75738538034689e-35	0.34252528390506	0.353	0.259	1.93091190886074e-30	SMC1A	c3
5.88265216020951e-35	0.217876834913445	0.787	0.698	1.97292388149107e-30	C19orf53	c3
6.51679774441834e-35	2.47170792437625	0.014	0.003	2.18560362752302e-30	DISP2	c3
6.85878335063773e-35	0.282672162507861	0.609	0.502	2.30029876013688e-30	FERMT3	c3
7.23266295687904e-35	0.365537422026407	0.304	0.218	2.42569050247809e-30	SLAMF6	c3
7.48544672534051e-35	1.83475692990962	0.025	0.007	2.5104691227447e-30	NTRK1	c3
7.51351756201223e-35	0.462043532125676	0.209	0.14	2.51988351994766e-30	RNASEH1	c3
7.59583746499163e-35	0.419163103374565	0.238	0.164	2.54749196900889e-30	NDUFA7	c3
7.90884949702815e-35	-3.7402932406667	0.003	0.037	2.6524699443133e-30	LOXL1-AS1	c3
8.83305719154887e-35	0.13433704149424	0.979	0.962	2.96243072090166e-30	NPM1	c3
9.08708680331287e-35	0.777552799716263	0.118	0.07	3.04762717209507e-30	GATD3A	c3
9.58762507778068e-35	0.198623272464272	0.796	0.701	3.21549769858609e-30	STK4	c3
9.96836425677501e-35	0.260163355302931	0.566	0.454	3.3431900044372e-30	CHMP2A	c3
1.00867233784503e-34	0.500823253522431	0.265	0.191	3.38288528666466e-30	SAMD3	c3
1.12414480221889e-34	1.99193738101205	0.023	0.006	3.77015683768172e-30	AC011893.1	c3
1.13696224849055e-34	0.484230881579626	0.215	0.145	3.81314398898761e-30	ADIPOR2	c3
1.18314564214601e-34	0.366940650091367	0.337	0.248	3.96803385462927e-30	CLTC	c3
1.41232407254236e-34	0.515861766858346	0.163	0.104	4.73665247449256e-30	NCOA1	c3
1.43080502588477e-34	0.517705100016749	0.166	0.106	4.79863389581234e-30	EXOC3	c3
1.62391131089225e-34	0.524716528487787	0.201	0.135	5.44627375447043e-30	HAUS3	c3
1.67628849352805e-34	0.23522895911101	0.554	0.435	5.62193634959436e-30	FAM107B	c3
1.92442414597601e-34	0.471231999184619	0.19	0.126	6.45413370077436e-30	N4BP1	c3
1.96381914324637e-34	0.772776519523108	0.088	0.047	6.58625664261969e-30	TAOK2	c3
2.05251392039659e-34	0.355653429652545	0.329	0.239	6.88372118622607e-30	KLF13	c3
2.135003135572e-34	0.381486704249968	0.606	0.512	7.16037351608138e-30	ODC1	c3
2.20455809776656e-34	0.519999891523252	0.157	0.098	7.39364694828947e-30	ZNF444	c3
2.305177314484e-34	0.466941178091382	0.22	0.15	7.73110367731644e-30	CYB561A3	c3
2.34618772446407e-34	0.293741933254341	0.366	0.275	7.86864439030761e-30	LINC00861	c3
2.36437401701288e-34	0.312828574298286	0.352	0.258	7.92963757825778e-30	ASXL1	c3
2.4966085863537e-34	0.383354443903645	0.289	0.206	8.37312587691304e-30	AKT2	c3
2.56002474255394e-34	0.177916361648804	0.879	0.798	8.58581098157741e-30	PSMA7	c3
2.65896584832729e-34	0.479937884261231	0.122	0.072	8.91763966212007e-30	YBX3	c3
2.68188397453056e-34	0.53435412053284	0.14	0.085	8.99450247378058e-30	KDM4B	c3
2.91835298549535e-34	0.672591620029259	0.113	0.065	9.78757224275431e-30	OSBPL7	c3
3.1663108628639e-34	0.495424539184046	0.198	0.132	1.0619173371873e-29	NIT1	c3
3.25193753732913e-34	0.265054994703544	0.621	0.505	1.09063481126944e-29	EIF4H	c3
3.54471874860993e-34	-1.12587779598712	0.083	0.144	1.1888277739088e-29	ATP2B1-AS1	c3
3.67811886544823e-34	0.335937238281786	0.378	0.282	1.23356750509403e-29	PKN1	c3
3.71498616945566e-34	-2.81261955096605	0.011	0.049	1.24593206151204e-29	LYPD3	c3
3.74226243995242e-34	0.246004174730392	0.645	0.538	1.25507997711124e-29	SH3KBP1	c3
3.80806600491804e-34	-1.25531244727694	0.059	0.115	1.27714917672941e-29	ZNF10	c3
3.83509379712861e-34	-1.01380463936368	0.105	0.168	1.28621375768099e-29	CD300A	c3
4.10237452257937e-34	-0.618944027862349	0.277	0.344	1.37585436738267e-29	TMEM173	c3
4.16179015361939e-34	0.357672951873776	0.33	0.241	1.39578118172087e-29	UNC13D	c3
4.17057070342611e-34	0.629085866073185	0.123	0.073	1.39872600251505e-29	SYNJ1	c3
5.14198410976559e-34	0.354517599519421	0.294	0.211	1.72451863073318e-29	HDAC3	c3
5.41490924132378e-34	-1.6826872619884	0.034	0.083	1.81605226135517e-29	PIP4P2	c3
5.89547254383483e-34	0.214610987326689	0.82	0.744	1.97722358175133e-29	GIMAP4	c3
5.89587845082994e-34	-0.915725172440705	0.116	0.181	1.97735971483934e-29	LEPROT	c3
6.01363112829566e-34	0.533233438811115	0.202	0.136	2.0168516078078e-29	ALG12	c3
6.17826168025744e-34	-1.02346822699824	0.095	0.157	2.07206540232474e-29	FBXO34	c3
6.47382252871089e-34	0.263443359237572	0.536	0.418	2.17119059967906e-29	PRDX3	c3
6.6467054607899e-34	-2.4057893652424	0.013	0.053	2.22917207743972e-29	GSTM3	c3
6.76997064731972e-34	0.40805632949763	0.233	0.16	2.27051275569809e-29	MARK2	c3
6.91796850743437e-34	0.444560441422627	0.244	0.171	2.32014827802334e-29	TBCD	c3
6.94199576427805e-34	0.34692626093375	0.313	0.226	2.32820653942357e-29	BORCS7	c3
6.96396218038929e-34	1.53151464887894	0.045	0.019	2.33557363605896e-29	TRAV24	c3
7.19357587081916e-34	0.463316113629361	0.217	0.148	2.41258147555533e-29	STYXL1	c3
7.27183762531588e-34	1.55448927428311	0.025	0.008	2.43882890277844e-29	AL137003.2	c3
7.47438218917201e-34	0.320813500397015	0.332	0.243	2.50675829860451e-29	PCGF5	c3
7.62809800341433e-34	0.433948233822735	0.212	0.143	2.5583115083851e-29	STAT5B	c3
8.47415262284942e-34	0.381090954822742	0.25	0.173	2.84206130665124e-29	ACYP2	c3
9.16797364870609e-34	0.458389041417204	0.139	0.085	3.07475500230305e-29	MAST4	c3
9.79950183285797e-34	1.7899179038562	0.024	0.007	3.28655692470391e-29	LINC00672	c3
1.03339828829337e-33	0.351610750693823	0.324	0.237	3.46581117927831e-29	MTG1	c3
1.07810881063035e-33	0.396310632037724	0.295	0.213	3.61576132909208e-29	IKBKG	c3
1.09396116284704e-33	1.35519234680648	0.033	0.012	3.6689269479564e-29	ANKS1B	c3
1.11941109284806e-33	0.288701311007334	0.516	0.409	3.75428092319382e-29	ITSN2	c3
1.21153748348173e-33	0.483472894947454	0.171	0.11	4.06325441210104e-29	HDAC5	c3
1.23254310406271e-33	1.6444198256732	0.084	0.046	4.13370306240551e-29	TRAV14DV4	c3
1.35392398398236e-33	0.242291322216595	0.686	0.582	4.54079025748003e-29	STAT3	c3
1.42697049542734e-33	0.317679371641353	0.369	0.276	4.78577364756421e-29	ST8SIA4	c3
1.42773708940162e-33	0.239890239991162	0.667	0.546	4.78834465043516e-29	DEF6	c3
1.43148206429138e-33	0.443298683773982	0.226	0.155	4.80090454722041e-29	NBEAL2	c3
1.44528506195726e-33	1.57352430601423	0.035	0.013	4.84719704079227e-29	BRSK1	c3
1.45041569408752e-33	0.575752303330616	0.161	0.103	4.86440415483072e-29	SCAMP4	c3
1.47410933503775e-33	0.354050054643391	0.285	0.204	4.94386788784959e-29	COX19	c3
1.56248316654506e-33	0.208391261503815	0.698	0.594	5.24025604395882e-29	NSA2	c3
1.58656443225267e-33	0.373085489423365	0.283	0.202	5.32101979288901e-29	NIPA2	c3
1.61988829457606e-33	0.388468428615511	0.307	0.224	5.4327813623492e-29	MPV17	c3
1.74179662530035e-33	-0.184585213242326	0.646	0.692	5.8416375219323e-29	HSPA5	c3
1.84285234140126e-33	-2.89882273363348	0.008	0.043	6.18055818259154e-29	CITED4	c3
1.93736128606185e-33	0.352232739037449	0.237	0.161	6.49752228119425e-29	MMP25-AS1	c3
1.9976477530337e-33	0.256599900387428	0.633	0.516	6.69971103412443e-29	NONO	c3
2.1843702265193e-33	-3.11803882925054	0.009	0.045	7.32594086570041e-29	RTKN2	c3
2.20868792966438e-33	0.85898639050709	0.079	0.041	7.4074975785084e-29	LINC02084	c3
2.25804910501838e-33	0.448422159680094	0.249	0.175	7.57304508841063e-29	EXOSC9	c3
2.34670278021263e-33	-1.51353748073759	0.24	0.298	7.87037178427711e-29	EGR1	c3
2.38490965737157e-33	0.288488037068601	0.429	0.325	7.99851000889276e-29	TRAPPC3	c3
2.4179390598676e-33	-2.47813718746492	0.011	0.049	8.10928401898396e-29	PRAG1	c3
2.44183495178442e-33	0.392811082923684	0.28	0.2	8.18942606129459e-29	PSMA3-AS1	c3
2.47116433541841e-33	1.22095551846447	0.039	0.015	8.28779094812627e-29	SLC43A2	c3
2.51080087056001e-33	0.403096629196731	0.228	0.156	8.42072395968417e-29	ZMAT5	c3
2.52994411884437e-33	-4.65869325400654	0.002	0.033	8.48492658578024e-29	PLCL1	c3
2.58798820801095e-33	0.271257274480689	0.607	0.492	8.67959485202713e-29	LSM14A	c3
2.75662586236652e-33	0.463372691658901	0.248	0.174	9.24517181720482e-29	PPP2R2B	c3
2.88283526497426e-33	0.382477931736415	0.266	0.187	9.66845291167066e-29	RFFL	c3
2.9127764405761e-33	0.289175706024906	0.408	0.307	9.76886962640412e-29	SDF2	c3
3.29926416083851e-33	0.388617499222065	0.319	0.234	1.10650721426202e-28	DCAF5	c3
3.33142735164859e-33	0.399593962579438	0.25	0.174	1.11729410519591e-28	CAMK2D	c3
3.69143278026184e-33	0.887438469219301	0.063	0.03	1.23803272584421e-28	TMEM53	c3
3.75029607682397e-33	0.383013570420048	0.281	0.201	1.25777429824522e-28	YY1AP1	c3
3.81228309153739e-33	0.16364607411328	0.897	0.844	1.27856350323981e-28	COX6C	c3
4.00638023202525e-33	0.231054253320488	0.553	0.444	1.34365980221663e-28	CMTM6	c3
4.31488399854176e-33	-0.292587416371568	0.644	0.665	1.44712579543094e-28	BCAP31	c3
4.76731058047249e-33	0.356880211019394	0.344	0.257	1.59886062247886e-28	TIA1	c3
5.12334106701143e-33	0.477951331923866	0.213	0.145	1.71826612705429e-28	PPM1A	c3
5.68060846476558e-33	0.336705430642062	0.336	0.248	1.90516246691308e-28	ITPA	c3
5.70978827260777e-33	-1.009748568041	0.12	0.184	1.91494879086719e-28	AP3M2	c3
5.81990075878564e-33	0.373527223871771	0.273	0.194	1.95187831648153e-28	UBR4	c3
5.87600247737466e-33	0.525306151228346	0.182	0.12	1.97069371086191e-28	RASSF2	c3
6.3826432172682e-33	0.3113905907522	0.418	0.318	2.14061088220741e-28	CDC123	c3
6.70302719205796e-33	0.421486816047629	0.258	0.183	2.2480612596724e-28	TMEM263	c3
6.99828824025673e-33	0.382726291372182	0.233	0.16	2.3470859100173e-28	LRRC41	c3
7.15497155060915e-33	-0.397721453745985	0.104	0.058	2.3996343586433e-28	MKI67	c3
7.2486778964502e-33	0.722807722061132	0.102	0.058	2.43106159291147e-28	PANK3	c3
7.88294090799569e-33	0.284192426377427	0.331	0.243	2.64378072172359e-28	TNFSF10	c3
8.29407586616183e-33	-5.3908674097908	0.001	0.031	2.78166716399335e-28	FXYD1	c3
9.22418703907603e-33	0.450018466293951	0.233	0.163	3.09360784916532e-28	TRIM26	c3
9.6740361483899e-33	0.628212175855543	0.142	0.089	3.244478243447e-28	GTPBP1	c3
1.0782797561121e-32	0.332809910493996	0.616	0.514	3.61633464604877e-28	SYNGR2	c3
1.08103016372499e-32	0.297709483869143	0.506	0.4	3.62555896310086e-28	ZNF428	c3
1.18310906867609e-32	0.500486893198502	0.171	0.111	3.96791119452588e-28	TRAPPC2	c3
1.36812250071457e-32	1.33952839775021	0.041	0.016	4.58840924289652e-28	TET1	c3
1.39062677199916e-32	0.318086713995667	0.344	0.254	4.66388406793078e-28	MTCH2	c3
1.42120127711986e-32	-4.98049554148117	0.002	0.032	4.7664248432046e-28	HOOK1	c3
1.45408819287567e-32	0.333133428930106	0.324	0.236	4.87672098126644e-28	TM2D1	c3
1.54084634693159e-32	0.575836477814818	0.154	0.098	5.16769047833917e-28	TIMM29	c3
1.58756542084152e-32	0.317210524694887	0.448	0.349	5.32437690841829e-28	GOLGA4	c3
1.63056175175895e-32	0.449514666445334	0.252	0.179	5.46857800304915e-28	STAMBP	c3
1.64786882761203e-32	0.308682026742468	0.351	0.259	5.52662247404522e-28	MRPL47	c3
1.6759920139283e-32	0.267211229663825	0.481	0.377	5.62094201631272e-28	CNIH1	c3
1.69877341276004e-32	0.334551233988417	0.352	0.262	5.69734627171462e-28	NBR1	c3
1.72757688123014e-32	0.322265758985794	0.41	0.314	5.79394734426966e-28	GIT2	c3
1.97385728958808e-32	0.249360644795456	0.568	0.452	6.61992257782051e-28	POLR2J	c3
1.98501580357629e-32	0.225512213899894	0.345	0.261	6.65734600203416e-28	TNFSF9	c3
2.6428844019708e-32	0.438448220371055	0.244	0.172	8.86370570732965e-28	LPCAT3	c3
2.67775633427506e-32	-0.422769341400984	0.487	0.529	8.9806591938917e-28	NME3	c3
2.82405169723157e-32	0.393789953907586	0.289	0.21	9.47130458217523e-28	OAS2	c3
2.875345704601e-32	0.348926936408976	0.328	0.241	9.64333442409082e-28	USO1	c3
3.18427473090951e-32	0.449026611675895	0.201	0.135	1.06794205925243e-27	LCOR	c3
3.25386225990367e-32	0.41860335095093	0.201	0.135	1.09128032472649e-27	SDCCAG8	c3
3.27934924554136e-32	0.346113913595105	0.246	0.172	1.09982814996966e-27	RUNX1	c3
3.30017666309316e-32	0.24016700859607	0.722	0.629	1.10681324926818e-27	ATP5PB	c3
3.31182927653892e-32	-3.33044603627383	0.004	0.035	1.11072130276562e-27	USP9Y	c3
3.42429957061429e-32	0.39829192993038	0.279	0.201	1.14844158999262e-27	ETF1	c3
3.57545595046832e-32	0.281582189488205	0.43	0.326	1.19913641666806e-27	PSMC1	c3
3.69718005098965e-32	0.35085737980821	0.329	0.242	1.23996024550091e-27	NUTM2A-AS1	c3
3.72932624011346e-32	0.224998346303763	0.688	0.579	1.25074143440925e-27	ATP5PD	c3
4.13014960140037e-32	0.414798506539764	0.206	0.139	1.38516957331766e-27	CCDC22	c3
4.37112588630212e-32	0.31413636033153	0.411	0.313	1.465988199748e-27	AAMP	c3
4.4087444396721e-32	0.949930193169993	0.068	0.034	1.47860471017723e-27	KDM4A	c3
4.55646849295686e-32	-0.823783651955995	0.1	0.163	1.52814840316787e-27	GNPDA1	c3
4.73485569375901e-32	-0.44902887716581	0.334	0.401	1.5879759025729e-27	DDX21	c3
4.81890331532937e-32	-0.957904720297036	0.073	0.131	1.61616379389516e-27	GPN3	c3
5.03400633711751e-32	0.397659560222785	0.28	0.203	1.68830504534247e-27	TOR3A	c3
5.05047030011174e-32	0.198959170582939	0.824	0.748	1.69382672925148e-27	SEC61B	c3
5.32966134677959e-32	-0.968403726662495	0.094	0.155	1.78746182248294e-27	CSKMT	c3
5.96383718964984e-32	0.312692248251698	0.352	0.263	2.00015171666476e-27	EXOSC1	c3
5.96884940503279e-32	1.05203051867192	0.048	0.021	2.0018327134599e-27	HEXIM2	c3
6.97792172217721e-32	-1.2182846987522	0.059	0.112	2.34025538718379e-27	PAQR8	c3
7.3729511533451e-32	0.28035393294805	0.243	0.169	2.47274035780888e-27	HIST1H1C	c3
7.41343402863625e-32	0.263195291760977	0.572	0.464	2.48631750452403e-27	SEPT2	c3
7.82503654168425e-32	0.388491936960647	0.278	0.199	2.62436075535006e-27	ATP6V1H	c3
8.71241122589909e-32	-4.09176607822159	0.002	0.033	2.92196847694204e-27	GTSE1	c3
9.15254517106891e-32	0.28813252094254	0.395	0.298	3.06958059947309e-27	TRAPPC2L	c3
9.49117297875837e-32	0.362088934261461	0.288	0.208	3.18314959361598e-27	HELB	c3
9.6756979975861e-32	-4.28013328788222	0.003	0.034	3.24503559443043e-27	FXYD7	c3
1.04295500744973e-31	-3.21616385628786	0.006	0.038	3.4978625039849e-27	KIR3DL2	c3
1.04476916295787e-31	0.373673463661337	0.235	0.163	3.5039468187281e-27	FLYWCH2	c3
1.0916437747216e-31	0.57175576328068	0.14	0.088	3.66115489166131e-27	KLHDC7B	c3
1.09862369811678e-31	0.342247502293766	0.346	0.259	3.68456415874407e-27	NUBP2	c3
1.14494834832458e-31	0.389531962532269	0.253	0.179	3.83992777061098e-27	PEX11B	c3
1.22029513012417e-31	0.256712515449863	0.524	0.41	4.09262580741043e-27	CLPP	c3
1.27350220200601e-31	0.49916692125403	0.182	0.121	4.27107168508775e-27	MR1	c3
1.36082174510959e-31	1.37253524908649	0.063	0.032	4.56392396874853e-27	DHCR24	c3
1.36257818228357e-31	0.304733961756107	0.423	0.325	4.56981470774263e-27	DENR	c3
1.37456534399604e-31	0.184801152431921	0.841	0.778	4.61001725069392e-27	SLC25A3	c3
1.46366825256215e-31	-0.571510673703704	0.277	0.344	4.90885058544292e-27	STT3B	c3
1.46830041256971e-31	0.293584165115802	0.145	0.09	4.9243859236763e-27	LINC01943	c3
1.54812194120089e-31	0.319289036388272	0.348	0.259	5.19209136639956e-27	ADD1	c3
1.55789332412693e-31	0.474176415295324	0.227	0.16	5.22486263045689e-27	BLMH	c3
1.59234992920573e-31	0.859254003195761	0.065	0.032	5.34042319257017e-27	AC004865.2	c3
1.78149789766682e-31	0.417117072709628	0.211	0.144	5.97478764919499e-27	LMBR1	c3
1.78969197557252e-31	-0.936393035799585	0.09	0.149	6.00226894767513e-27	FARSB	c3
1.80134302907943e-31	-3.63202165860439	0.003	0.034	6.04134425092659e-27	STX3	c3
1.81539343247817e-31	0.209603332812265	0.709	0.598	6.08846649384528e-27	SSU72	c3
1.89910574710131e-31	0.396515934583632	0.245	0.173	6.36922085462839e-27	SLC25A20	c3
2.01448846161408e-31	0.417293876255871	0.285	0.209	6.75619140256132e-27	MAD1L1	c3
2.07421276181943e-31	0.208303141968663	0.806	0.719	6.95649476059002e-27	GNB2	c3
2.37168776027333e-31	0.443704001919373	0.188	0.126	7.95416641040468e-27	ASB1	c3
2.43712685394681e-31	0.510361549549173	0.172	0.114	8.17363604276682e-27	THOC5	c3
2.55980574602963e-31	0.258375501958462	0.528	0.42	8.58507651103418e-27	KIF5B	c3
2.61891520203536e-31	0.387151370878692	0.249	0.176	8.78331780458618e-27	XPNPEP1	c3
2.64432210883645e-31	-5.00105557925334	0.002	0.031	8.8685274886157e-27	DLGAP5	c3
2.75024847527447e-31	-5.39351552020505	0.001	0.03	9.22378333637551e-27	TPBG	c3
2.81133241973766e-31	-4.12235343006304	0.003	0.032	9.42864666931615e-27	COLQ	c3
2.81674664538997e-31	0.912083851720634	0.073	0.038	9.44680489930887e-27	DNAJC18	c3
2.8686575907595e-31	2.03436935857975	0.028	0.009	9.62090382788922e-27	PRRG4	c3
2.89851496035533e-31	0.47754028646799	0.214	0.149	9.72103947403972e-27	TFIP11	c3
2.98302384690079e-31	-0.908068985469453	0.17	0.235	1.00044653777359e-26	ANKRD37	c3
3.0587217340597e-31	-1.25818060513925	0.069	0.125	1.02583409516894e-26	LTA	c3
3.10056075516561e-31	0.930877679514079	0.056	0.026	1.03986606606744e-26	TRAK1	c3
3.54016129217984e-31	-1.93326919419474	0.023	0.063	1.18729929417128e-26	CTSO	c3
3.54395222601115e-31	0.303572766247447	0.33	0.244	1.18857069755962e-26	TTC17	c3
3.61842579776608e-31	0.344852593908197	0.275	0.197	1.21354764405479e-26	COMMD5	c3
4.04372596466102e-31	0.925264454951094	0.057	0.027	1.35618481402801e-26	C1orf61	c3
4.65549504647563e-31	0.355229760364821	0.317	0.236	1.561359928687e-26	ARID1A	c3
4.7844436130369e-31	0.413607754868023	0.16	0.102	1.60460669894031e-26	YPEL2	c3
4.80189566246532e-31	0.293195245791404	0.484	0.385	1.61045976727762e-26	GLG1	c3
5.11407814165304e-31	0.18905530196029	0.405	0.31	1.7151595271476e-26	ARID5B	c3
5.14826073006553e-31	-2.02634565054714	0.028	0.071	1.72662368364938e-26	AC012645.3	c3
5.20489235190778e-31	0.313873019401678	0.364	0.275	1.74561679698283e-26	PSD4	c3
5.20730747919387e-31	0.238773546878353	0.437	0.334	1.74642678237204e-26	RILPL2	c3
5.91118186806395e-31	1.11569756844019	0.044	0.019	1.98249217491129e-26	NSMF	c3
5.96918642729286e-31	0.383636023470139	0.262	0.188	2.00194574398548e-26	AFTPH	c3
6.06800578756081e-31	-4.82544465632376	0.002	0.031	2.03508778103214e-26	PTPN13	c3
6.15080118367499e-31	-1.76338090908246	0.021	0.061	2.06285570098092e-26	RMND5B	c3
6.17286196756709e-31	0.457564139268017	0.18	0.12	2.07025444668265e-26	STX6	c3
6.35025124619412e-31	-0.929584743439287	0.104	0.165	2.12974726294858e-26	AUTS2	c3
6.67553004126698e-31	-1.34508869329019	0.049	0.099	2.23883926524012e-26	RNF24	c3
7.11390190520142e-31	0.343795220804689	0.256	0.181	2.38586042096645e-26	SMIM20	c3
7.11476135282997e-31	0.240123660380416	0.638	0.535	2.38614866251212e-26	C8orf59	c3
7.38762587313192e-31	0.434426283344451	0.133	0.082	2.47766196533098e-26	CHN2	c3
9.23421186341753e-31	0.255133153669161	0.547	0.434	3.09696997475297e-26	TMEM160	c3
9.27993460158616e-31	0.326832100735223	0.352	0.265	3.11230446667997e-26	MAP2K3	c3
9.48087722961361e-31	1.18419566944729	0.046	0.02	3.17969660526781e-26	MIR9-3HG	c3
1.02931070423657e-30	0.457434382772134	0.21	0.145	3.45210223986861e-26	IFT27	c3
1.07770175095704e-30	-6.18034122913616	0.001	0.029	3.61439613235973e-26	LGMN	c3
1.07889219050811e-30	0.542711339726664	0.145	0.092	3.61838862852609e-26	TEN1	c3
1.09431285242958e-30	-0.10661569847119	0.994	0.992	3.67010644447833e-26	UBA52	c3
1.15315294179011e-30	0.504551350136205	0.21	0.146	3.86744433617566e-26	DCAF12	c3
1.18716032766909e-30	0.912746055862475	0.063	0.031	3.9814983069366e-26	AC137767.1	c3
1.23577574269504e-30	0.239479858253832	0.561	0.453	4.14454468585062e-26	TCF25	c3
1.28265786003618e-30	-0.73681916269897	0.215	0.281	4.30177793098935e-26	SOD2	c3
1.36231895031739e-30	-2.61251145561825	0.009	0.042	4.56894529557447e-26	ZNF677	c3
1.38137168580775e-30	-0.511428986505118	0.357	0.41	4.63284435986205e-26	HNRNPAB	c3
1.53548392372439e-30	-0.953181876178079	0.137	0.198	5.14970598338684e-26	LIPA	c3
1.57463281217069e-30	0.429629774415825	0.221	0.155	5.28100352545807e-26	CNOT3	c3
1.69965607434563e-30	0.834640007864004	0.076	0.04	5.70030654214039e-26	ATP10A	c3
1.71152434298081e-30	0.233694506534898	0.666	0.561	5.74011034148903e-26	EPC1	c3
1.7509416750011e-30	0.340816948520549	0.291	0.211	5.87230818961868e-26	MRPS14	c3
2.0270136745693e-30	0.219737735042823	0.578	0.475	6.79819846177053e-26	HERPUD1	c3
2.09258381949391e-30	0.286940575868333	0.427	0.329	7.01810761381867e-26	UBE3A	c3
2.18191184393824e-30	-2.28628065243828	0.014	0.05	7.31769594220006e-26	AFAP1	c3
2.42464802411416e-30	0.27759051519294	0.539	0.437	8.13178454327408e-26	REST	c3
2.57245825053824e-30	-0.666937025285147	0.187	0.252	8.62751048065516e-26	PRPF19	c3
2.60071844211536e-30	1.16820410828655	0.044	0.019	8.7222895111665e-26	LINC01006	c3
2.63102618130162e-30	0.490037779536263	0.14	0.088	8.82393560684937e-26	PUDP	c3
3.04036137740045e-30	-0.187783418571175	0.886	0.883	1.01967639875256e-25	SKP1	c3
3.42094501473988e-30	0.537822463200063	0.147	0.094	1.14731653904346e-25	MAPKAPK2	c3
3.50870874933388e-30	0.140098605939702	0.954	0.922	1.1767507403516e-25	CD37	c3
3.78821931013266e-30	0.26568418042609	0.57	0.464	1.27049299223229e-25	PNRC2	c3
3.79142265678009e-30	1.44834346054536	0.028	0.01	1.27156733063091e-25	MAMLD1	c3
4.10983905110613e-30	0.435638775605044	0.195	0.132	1.37835782095998e-25	CEACAM21	c3
4.42389794613434e-30	0.274055754909596	0.444	0.344	1.48368689317453e-25	C14orf119	c3
4.58854580958748e-30	1.9968450950734	0.016	0.004	1.53890649361945e-25	AL512625.1	c3
4.66682973575354e-30	-2.10690448274587	0.014	0.051	1.56516135677702e-25	RASGRF2	c3
4.67396513595299e-30	0.427402074915107	0.238	0.169	1.56755442729591e-25	ZDHHC3	c3
4.72351191105278e-30	0.482091815377294	0.181	0.121	1.58417142472888e-25	SDE2	c3
4.76166536415205e-30	-0.274516201488042	0.749	0.772	1.59696732982931e-25	ZFAS1	c3
4.99797739769651e-30	0.250138722140318	0.5	0.396	1.67622165963946e-25	CMTM7	c3
5.3707105961632e-30	-6.0667839854679	0	0.027	1.80122891974121e-25	SPC25	c3
5.42572698267164e-30	0.333888714621917	0.325	0.241	1.81968031544841e-25	SECISBP2L	c3
5.8734192449216e-30	0.27230341952702	0.497	0.393	1.96982734636181e-25	GLIPR2	c3
5.9276247845062e-30	0.496976762304572	0.174	0.116	1.98800680022769e-25	TRIP4	c3
6.40880455430547e-30	-4.62216146210043	0.003	0.031	2.14938487142297e-25	SLC4A10	c3
6.48055075023953e-30	-4.48343924098614	0.006	0.037	2.17344711061533e-25	UBE2C	c3
6.6145696795002e-30	0.33312710431814	0.442	0.351	2.21839437911078e-25	PIM3	c3
7.07376001327111e-30	-0.522944719546406	0.362	0.417	2.37239763325086e-25	TMEM243	c3
8.96899790422048e-30	1.40835888364312	0.044	0.019	3.00802251711746e-25	LMCD1	c3
8.97923598353622e-30	0.33012684415512	0.299	0.219	3.01145616415838e-25	QARS	c3
9.0126328461792e-30	0.459775137354566	0.213	0.148	3.02265680395158e-25	VPS16	c3
9.0988695510131e-30	-1.76748187353039	0.023	0.064	3.05157887001877e-25	TNFRSF10B	c3
9.29471454274388e-30	1.96777020802042	0.016	0.004	3.11726136334544e-25	TSIX	c3
9.84412167412781e-30	0.25563558293054	0.421	0.325	3.30152152706899e-25	PTPN4	c3
9.88506262054007e-30	-0.96488648578132	0.116	0.175	3.31525230167673e-25	REEP3	c3
1.03112463978366e-29	-3.8723131401713	0.003	0.031	3.45818581690642e-25	HMMR	c3
1.05137604046765e-29	0.43379295806527	0.223	0.157	3.5261049645204e-25	GOLGA2	c3
1.06538133957857e-29	-0.335989919013287	0.475	0.524	3.57307593667861e-25	SLC3A2	c3
1.07663535162588e-29	0.328882998539513	0.305	0.224	3.61081964228289e-25	TMEM141	c3
1.0969036198923e-29	-1.32270120504782	0.048	0.096	3.67879536039481e-25	ACSL6	c3
1.12730562862866e-29	0.456059419596862	0.176	0.117	3.78075761729481e-25	SIPA1L1	c3
1.18928874917878e-29	0.545772412732398	0.143	0.091	3.98863660699578e-25	GFOD1	c3
1.24038490974823e-29	0.470773066902219	0.17	0.113	4.16000291031361e-25	ARAP1	c3
1.33191741485649e-29	-0.228918784528691	0.827	0.818	4.46698462594568e-25	SERP1	c3
1.36112871744222e-29	0.4094436468473	0.228	0.16	4.56495349255772e-25	TMEM189	c3
1.39613311247296e-29	-1.2292286504891	0.044	0.091	4.6823512326118e-25	AEN	c3
1.4833257106063e-29	0.355417468867015	0.33	0.248	4.9747777682314e-25	TSSC4	c3
1.51655485246557e-29	0.400740492673109	0.28	0.206	5.08622166419902e-25	TPP2	c3
1.56768155524755e-29	0.477163131786682	0.189	0.129	5.25769039998923e-25	MED25	c3
1.64308045924606e-29	0.562681697465995	0.138	0.088	5.51056324421943e-25	ACP2	c3
1.70171635236709e-29	-4.98242133438814	0.001	0.028	5.70721630256874e-25	KIF15	c3
1.7112636457883e-29	0.341663898832189	0.295	0.216	5.73923601524482e-25	GRK2	c3
1.74222962247223e-29	-3.93067406277815	0.003	0.031	5.84308970784736e-25	FBP1	c3
1.77314078535694e-29	-2.19281215676995	0.015	0.05	5.94675956593011e-25	TMOD2	c3
1.77982073711567e-29	-1.71114712921461	0.024	0.064	5.96916278813854e-25	INF2	c3
1.78356583998162e-29	-0.854763788332378	0.162	0.223	5.98172311413037e-25	NABP1	c3
1.78878324882781e-29	-0.148688469213736	0.99	0.987	5.99922125991871e-25	HSPA8	c3
1.94030024602093e-29	0.407234795417317	0.208	0.144	6.50737896510498e-25	RAB3GAP2	c3
2.00117369162407e-29	-2.78777373249924	0.006	0.037	6.71153632696882e-25	NPM2	c3
2.02317269227346e-29	-3.39876211280852	0.003	0.032	6.78531657534672e-25	ADAM28	c3
2.0578102023195e-29	-1.53714607087479	0.029	0.071	6.90148385653914e-25	GGT7	c3
2.08327150074505e-29	0.258270136452623	0.569	0.466	6.98687595919873e-25	POLR3GL	c3
2.19194768287183e-29	-1.29349510480204	0.024	0.065	7.35135413881554e-25	MIS18A	c3
2.24249089958329e-29	0.420979489233373	0.211	0.147	7.52086597902244e-25	NUBP1	c3
2.28095846824827e-29	1.7327301273457	0.021	0.006	7.64987851081106e-25	PYCARD-AS1	c3
2.37713838471828e-29	0.431569379555898	0.218	0.153	7.97244671466816e-25	BTBD1	c3
2.48141458279149e-29	0.283862153718186	0.318	0.233	8.32216822776609e-25	ZMYM2	c3
2.5972945982959e-29	0.389441475623138	0.205	0.141	8.71080662376479e-25	WDFY1	c3
2.89728232864176e-29	1.30502556966222	0.053	0.025	9.71690547379872e-25	AC091057.6	c3
2.90465137154793e-29	0.323630931901753	0.334	0.25	9.74161976989744e-25	LCMT1	c3
2.97579315543041e-29	0.39760997715921	0.225	0.158	9.9802150846825e-25	UHRF2	c3
3.03186688206804e-29	0.898482136565768	0.068	0.035	1.01682751490798e-24	BIVM	c3
3.17013048478112e-29	0.303992629178489	0.429	0.335	1.06319836198589e-24	AATF	c3
3.19688538266321e-29	0.421818202480111	0.225	0.159	1.07217141963759e-24	ASPSCR1	c3
3.31782720021853e-29	2.23802219489358	0.014	0.003	1.11273288640929e-24	FAM110B	c3
3.44698224481807e-29	-0.672017955632788	0.216	0.28	1.15604890526708e-24	PLK3	c3
3.47689558151927e-29	0.569432569589522	0.125	0.078	1.16608124012993e-24	FMR1	c3
3.50911394908554e-29	-0.897338158434889	0.124	0.183	1.17688663624431e-24	BNIP3	c3
3.66349862168457e-29	0.281340831310904	0.425	0.33	1.22866416774057e-24	DCAF7	c3
3.70791898284206e-29	0.649835032503458	0.12	0.075	1.24356186846557e-24	SCLY	c3
3.72055034231373e-29	0.288226779376078	0.438	0.343	1.24779817380518e-24	PQBP1	c3
3.99487972073163e-29	0.341935749334796	0.272	0.198	1.33980276073898e-24	SNAP29	c3
4.3151687646417e-29	0.314097452145186	0.307	0.228	1.44722130028553e-24	TUBGCP2	c3
4.35408987305479e-29	0.408153136416458	0.229	0.162	1.46027466162512e-24	MYNN	c3
4.50621419688747e-29	-1.33105076703985	0.046	0.093	1.51129411735212e-24	JAZF1	c3
4.60155521693173e-29	0.198361728017972	0.464	0.365	1.54326958865456e-24	SH2D1A	c3
4.62470753851132e-29	0.272578488180282	0.402	0.308	1.55103441426593e-24	UHMK1	c3
5.11825879784811e-29	0.391037934873275	0.22	0.154	1.7165616356223e-24	TMEM156	c3
5.40630076904872e-29	0.283778060627503	0.672	0.567	1.81316515192356e-24	PTP4A2	c3
5.69976380224627e-29	0.624160131667352	0.141	0.091	1.91158678399735e-24	GRAMD1B	c3
6.30453562900925e-29	-0.937871968164299	0.111	0.169	2.11441515925712e-24	CDC14A	c3
6.45768622310863e-29	0.250357271375457	0.588	0.486	2.16577880550617e-24	NUCB1	c3
6.64101832465305e-29	0.274415764755967	0.487	0.387	2.22726472572214e-24	YY1	c3
6.76799986615832e-29	0.732331327313245	0.092	0.053	2.26985179511218e-24	FASN	c3
7.12077784875337e-29	0.284118517506846	0.34	0.254	2.38816647491491e-24	EBPL	c3
7.59228259496983e-29	0.273398971357744	0.425	0.328	2.54629973670098e-24	PSMD9	c3
7.85799004521262e-29	0.3334991918906	0.26	0.187	2.63541270136341e-24	CUL5	c3
8.14692766211139e-29	0.434651916341222	0.181	0.122	2.73231659931892e-24	SLC35E2B	c3
8.3414703123299e-29	-0.943033145857281	0.107	0.164	2.7975623133492e-24	TRAP1	c3
8.44036279954688e-29	-1.24137134675815	0.061	0.111	2.83072887571203e-24	THRA	c3
8.44110662671938e-29	0.382253633812917	0.238	0.169	2.83097834046915e-24	PIGS	c3
8.44742495652431e-29	0.42474101882046	0.187	0.127	2.83309738191912e-24	ACSS1	c3
8.99762349886385e-29	-1.49191271753071	0.033	0.076	3.01762296904896e-24	ADARB1	c3
8.99781175487389e-29	0.298599691781035	0.352	0.265	3.01768610634961e-24	YIF1A	c3
9.00213559484606e-29	0.389482715928892	0.233	0.165	3.01913623579947e-24	EIPR1	c3
9.05027885657744e-29	1.49568714684029	0.033	0.013	3.03528252291894e-24	FAM72A	c3
9.37856577286114e-29	0.447001649183822	0.208	0.145	3.14538338890217e-24	TRAPPC6B	c3
1.05031926950308e-28	0.448070750100483	0.172	0.115	3.52256076605942e-24	IFT52	c3
1.08269799361483e-28	-3.02044496975205	0.004	0.033	3.63115253098543e-24	CDCA5	c3
1.08326811918827e-28	0.268581605585304	0.397	0.303	3.63306461813361e-24	PEF1	c3
1.14734236015801e-28	0.808573439276461	0.08	0.044	3.84795680749795e-24	RWDD2B	c3
1.18780292834478e-28	0.312772919510855	0.286	0.207	3.98365346108271e-24	TFDP1	c3
1.1891084919062e-28	0.604842913578333	0.124	0.077	3.98803206015502e-24	ZDHHC21	c3
1.21568456537849e-28	0.28050983380282	0.368	0.277	4.07716289536636e-24	PRPF38A	c3
1.26260186380534e-28	0.743497679749308	0.085	0.048	4.23451413083034e-24	ABHD8	c3
1.26471107890258e-28	0.326761583856019	0.312	0.232	4.24158801642346e-24	POP4	c3
1.2739898239864e-28	0.50726510044766	0.15	0.098	4.2727070716856e-24	TMED1	c3
1.31451921118579e-28	0.275782555985665	0.418	0.323	4.40863453047489e-24	HIKESHI	c3
1.36131207492708e-28	0.503578601901844	0.142	0.091	4.56556843689043e-24	COQ8B	c3
1.4270453093045e-28	0.484497786034001	0.17	0.114	4.78602455834542e-24	PITPNM1	c3
1.50964024429057e-28	0.313788580920742	0.339	0.255	5.06303145130172e-24	TXNDC15	c3
1.51876114276008e-28	0.16716402803905	0.88	0.812	5.09362112058877e-24	HMGN1	c3
1.54533094018545e-28	0.379919949455255	0.237	0.169	5.18273090719396e-24	TMEM101	c3
1.61037935057231e-28	0.287397279463081	0.361	0.276	5.40089026594941e-24	WASHC3	c3
1.65583092382225e-28	-0.77149942676329	0.128	0.188	5.55332575231505e-24	POLD2	c3
1.73672272616709e-28	0.53022120654867	0.158	0.104	5.82462067901919e-24	CLIC5	c3
1.75459759208934e-28	-5.55939262415993	0.001	0.026	5.88456940434924e-24	CKAP4	c3
1.78626586942702e-28	0.326108755963151	0.275	0.2	5.99077847288435e-24	MKLN1	c3
1.83956130722586e-28	0.591958629017254	0.112	0.068	6.16952071217408e-24	DNASE1	c3
2.08788711488391e-28	0.449962692733015	0.178	0.12	7.00235580589765e-24	ORAI3	c3
2.11784850407197e-28	-0.856438415225182	0.058	0.11	7.10284031295658e-24	U2AF1L5	c3
2.13882351403988e-28	0.476269500385245	0.18	0.123	7.17318630138695e-24	KLHDC4	c3
2.35253593479204e-28	-1.64255041861014	0.034	0.077	7.88993501810555e-24	IMMP2L	c3
2.41321999602057e-28	-1.25467974289191	0.04	0.086	8.09345722265377e-24	SGK1	c3
2.45769720180104e-28	-1.41379265267796	0.026	0.066	8.24262487540033e-24	FAH	c3
2.57896683566061e-28	1.83161997428667	0.029	0.011	8.64933897343855e-24	DPF3	c3
2.61185674898387e-28	0.293138329981495	0.316	0.234	8.75964516474211e-24	RABIF	c3
2.6896675476148e-28	0.317007133127649	0.28	0.205	9.02060702119051e-24	THUMPD3-AS1	c3
2.96922437512816e-28	0.493037475635205	0.153	0.1	9.95818470930483e-24	TBC1D25	c3
3.0079316537875e-28	0.229965891122544	0.638	0.537	1.00880011804725e-23	PRKAR1A	c3
3.32115340711561e-28	2.80855939634867	0.011	0.002	1.11384842967843e-23	DRP2	c3
3.70102980369221e-28	-6.93207821647407	0	0.025	1.24125137556229e-23	NR3C2	c3
3.86489107802809e-28	0.329251434382566	0.258	0.186	1.29620716974906e-23	ATP11B	c3
3.93903700728613e-28	0.272812159236553	0.405	0.314	1.32107423150362e-23	ARL5A	c3
4.31938545158392e-28	0.459606165473867	0.16	0.106	1.44863549275221e-23	DDX60	c3
4.44880017650864e-28	-2.0899020707721	0.006	0.035	1.49203860319747e-23	CEP55	c3
4.58258831202044e-28	0.65258670659479	0.121	0.076	1.53690846808542e-23	APOBEC3D	c3
4.59780801537238e-28	-2.56373185565741	0.008	0.04	1.54201285219559e-23	CDCA8	c3
5.06047597894032e-28	-1.08127713064766	0.077	0.129	1.697182433817e-23	AL118516.1	c3
5.15429021860025e-28	0.276895009177214	0.439	0.345	1.72864585351415e-23	FGD3	c3
5.23634162253628e-28	0.43020924852573	0.177	0.12	1.75616425336622e-23	POLB	c3
5.45014916920631e-28	-2.11888505407584	0.005	0.034	1.82787102836841e-23	RAD51AP1	c3
5.57563852609928e-28	-1.72924263465861	0.038	0.082	1.86995764888318e-23	OSM	c3
5.7535146454972e-28	0.565347137850696	0.134	0.086	1.92961374180685e-23	BRPF1	c3
5.9330520160126e-28	1.23948050851986	0.041	0.018	1.98982698513031e-23	TTYH3	c3
5.94923862369597e-28	-3.35926005564425	0.004	0.031	1.99525564961515e-23	AC108134.3	c3
6.18671491908599e-28	0.930575692038421	0.051	0.024	2.07490044956306e-23	PRSS21	c3
6.30933599048605e-28	0.473012864362565	0.161	0.107	2.11602510448921e-23	NCOR2	c3
6.7112159597521e-28	-3.09753445625011	0.006	0.035	2.25080760858166e-23	TJP3	c3
6.88472028818851e-28	0.372592169574322	0.259	0.188	2.30899749025266e-23	TRIM56	c3
7.26464323092885e-28	0.208537973118418	0.689	0.584	2.43641604678892e-23	BRD2	c3
7.27894699513687e-28	0.523483819148724	0.117	0.072	2.441213243229e-23	INPP5F	c3
7.31722090235816e-28	-2.01280981022238	0.013	0.046	2.45404954623288e-23	GINS2	c3
7.52691075055987e-28	-1.92575592857834	0.045	0.091	2.52437532752277e-23	CCL20	c3
7.69290862411383e-28	-1.76990617150443	0.024	0.063	2.5800476943553e-23	MXI1	c3
7.87443445484821e-28	0.24782367732603	0.409	0.316	2.64092782746699e-23	LPIN2	c3
7.96737902439501e-28	0.411033932579018	0.226	0.161	2.6720995772016e-23	TMEM242	c3
8.21485482424419e-28	0.295076484789044	0.339	0.256	2.75509801095502e-23	LETMD1	c3
8.85205225213974e-28	0.253422286829929	0.498	0.398	2.96880128432263e-23	PAFAH1B1	c3
9.16747382067627e-28	0.402057683114621	0.19	0.13	3.07458736997841e-23	ATAD2B	c3
9.31510307668208e-28	0.365010328274797	0.278	0.206	3.12409926985764e-23	NIP7	c3
9.39727282207828e-28	0.318713872463534	0.26	0.188	3.15165735906861e-23	RAB3GAP1	c3
9.92364740929573e-28	0.275039395158568	0.412	0.319	3.3281928681296e-23	BAZ1B	c3
9.9352826125326e-28	0.435247562153383	0.21	0.148	3.33209508259118e-23	MCPH1	c3
1.00308145215536e-27	0.933155247599721	0.052	0.025	3.36413457423864e-23	CD72	c3
1.01989937962179e-27	0.836432513458815	0.057	0.029	3.42053853937555e-23	KIAA0825	c3
1.04222363997344e-27	0.947188819867305	0.048	0.022	3.49540964374292e-23	TET3	c3
1.06984857020873e-27	-0.763713608400617	0.148	0.207	3.58805813476604e-23	UXS1	c3
1.10097122733053e-27	0.381219466392545	0.252	0.183	3.69243730222113e-23	NOL8	c3
1.10618443586291e-27	0.437104600502508	0.177	0.12	3.70992136099703e-23	CLPX	c3
1.15146850363822e-27	0.623144493570403	0.111	0.068	3.86179506750187e-23	AKT1S1	c3
1.17236967577039e-27	0.39388086932807	0.196	0.135	3.93189341859875e-23	AP5Z1	c3
1.1852940470709e-27	0.427912957577785	0.193	0.133	3.9752391750664e-23	BOP1	c3
1.18858837774089e-27	0.909152689395043	0.073	0.04	3.98628770126739e-23	ADAP1	c3
1.21770293739355e-27	0.540451476817382	0.139	0.09	4.08393211143048e-23	TBC1D31	c3
1.22052860318907e-27	-0.649308278946408	0.214	0.275	4.09340882937549e-23	MALT1	c3
1.26189350400374e-27	-0.380690082214548	0.846	0.835	4.23213843372774e-23	NR4A2	c3
1.28712387954998e-27	0.482368585785002	0.172	0.116	4.31675606723474e-23	HMGXB3	c3
1.29205445495639e-27	1.61637440217118	0.028	0.01	4.33329223103276e-23	REEP2	c3
1.50019058677889e-27	-0.733204704827336	0.166	0.227	5.03133918993903e-23	GNPTAB	c3
1.50567544026196e-27	0.308681154484541	0.311	0.233	5.04973429155056e-23	RBM5	c3
1.52452204016057e-27	0.450955650942734	0.209	0.148	5.11294201829053e-23	PPP2R5D	c3
1.60013860718281e-27	0.265634308980902	0.561	0.46	5.3665448607697e-23	EIF3A	c3
1.61366052896715e-27	-0.744734899751248	0.192	0.25	5.41189468205003e-23	ASAH1	c3
1.66894290203119e-27	-3.04956617255448	0.003	0.03	5.5973007048322e-23	KIF2C	c3
1.67050527765425e-27	-0.228033908123092	0.794	0.794	5.60254060019683e-23	FUS	c3
1.69005327576814e-27	0.392178369843218	0.242	0.174	5.6681006762712e-23	R3HCC1	c3
1.70611585185514e-27	0.268314348706809	0.48	0.382	5.72197134395175e-23	DGCR6L	c3
1.70968245054071e-27	-4.7899863377076	0.001	0.025	5.73393300262345e-23	HJURP	c3
1.74711621894909e-27	0.279583107599709	0.355	0.271	5.85947837511146e-23	SMNDC1	c3
1.76631135126753e-27	0.369161420558008	0.137	0.087	5.92385500988103e-23	FBXL20	c3
1.82109002440258e-27	1.88856173212729	0.02	0.006	6.10757172384138e-23	CLEC12A	c3
1.91451883924006e-27	-2.84776066853078	0.005	0.033	6.42091328304332e-23	PKMYT1	c3
1.91646718671372e-27	0.281179221174739	0.404	0.315	6.42744765080047e-23	CYB561D2	c3
2.14492833747448e-27	0.367573681310602	0.247	0.179	7.19366065822191e-23	MPPE1	c3
2.21264823872688e-27	1.55731958035997	0.02	0.006	7.42077966304221e-23	BX088651.4	c3
2.21890716108937e-27	0.304344207797387	0.327	0.246	7.44177083686153e-23	IRAK4	c3
2.23592285097762e-27	-0.484610076416591	0.33	0.383	7.49883805760875e-23	LYSMD2	c3
2.33921115255825e-27	0.26735676268814	0.408	0.313	7.84524636344987e-23	STOML2	c3
2.41382398013525e-27	0.37305140686971	0.236	0.17	8.0954828645776e-23	YAF2	c3
2.4699074407839e-27	0.456571462529015	0.074	0.04	8.28357557490105e-23	AC017002.3	c3
2.48666169320915e-27	0.252147576843747	0.644	0.529	8.33976598668486e-23	SRSF9	c3
2.57533494116943e-27	0.207582184585686	0.436	0.339	8.63715832569403e-23	TCIRG1	c3
2.6517638533514e-27	0.3945979244889	0.209	0.147	8.89348561136992e-23	DDX49	c3
2.72656742327154e-27	-0.503736312814172	0.366	0.407	9.14436182416808e-23	LSM5	c3
2.77534573751856e-27	0.663551207323458	0.115	0.072	9.30795453448974e-23	RCC2	c3
2.79676605486965e-27	0.524744945825851	0.136	0.088	9.37979399482185e-23	PIP5K1A	c3
2.99335869520644e-27	0.378884127803285	0.206	0.145	1.00391263919834e-22	DICER1	c3
3.02920147105258e-27	0.473949560669744	0.191	0.134	1.01593358936161e-22	HDGFL2	c3
3.09745154884299e-27	0.351367841387895	0.261	0.191	1.03882330045096e-22	NCBP3	c3
3.13148060834199e-27	0.199690611877811	0.706	0.605	1.05023596642574e-22	NAP1L1	c3
3.13742511984222e-27	0.526456339664329	0.137	0.089	1.05222963669268e-22	TOMM34	c3
3.26150292261008e-27	-3.30890038952652	0.005	0.032	1.09384285018497e-22	WNT10A	c3
3.2961306455492e-27	0.285314163974287	0.369	0.284	1.10545629590429e-22	FOXN3	c3
3.45192103150943e-27	0.319164951413442	0.261	0.19	1.15770527554763e-22	C6orf62	c3
3.51670533197899e-27	-0.392047333206365	0.477	0.511	1.17943263423911e-22	HAX1	c3
4.08437661480988e-27	0.253284033229979	0.404	0.312	1.36981822907494e-22	ECHS1	c3
4.15113572991986e-27	0.329711314494876	0.228	0.161	1.39220790110052e-22	POR	c3
4.17511718703923e-27	0.21035477873274	0.598	0.488	1.40025080218922e-22	PAPOLA	c3
4.20038939522794e-27	0.325275314228291	0.28	0.206	1.40872659537155e-22	CD200R1	c3
4.27936263485114e-27	0.391390985313699	0.234	0.168	1.43521264047638e-22	PREP	c3
4.28496871484094e-27	0.346369847705308	0.237	0.17	1.43709280758335e-22	CDK13	c3
4.28769471617612e-27	0.442003845997293	0.172	0.117	1.43800705391115e-22	TAF1B	c3
4.38520447081426e-27	0.267200689404389	0.398	0.307	1.47070987542169e-22	TRAPPC4	c3
4.65957509768672e-27	0.410782552630807	0.198	0.138	1.56272829626217e-22	BTN2A1	c3
4.91224726653199e-27	0.300462244308236	0.334	0.253	1.6474694882495e-22	TDG	c3
5.00409796139571e-27	0.23852913639925	0.459	0.361	1.67827437429289e-22	IAH1	c3
5.20410411287322e-27	0.396054518528822	0.235	0.169	1.74535243737542e-22	COASY	c3
5.28142650199416e-27	0.524033674969929	0.177	0.122	1.7712848202388e-22	CEP250	c3
5.32693841144635e-27	0.283518506090825	0.379	0.292	1.78654860443088e-22	GPS1	c3
5.40770067670157e-27	0.374582049868847	0.24	0.173	1.81363465295217e-22	PPP1R21	c3
5.7160848449645e-27	-0.345569273055708	0.707	0.704	1.91706053530419e-22	SELENOK	c3
6.04958163660682e-27	-3.48776397752607	0.002	0.028	2.0289086892852e-22	CDC45	c3
6.13876998079374e-27	0.839225758481463	0.066	0.035	2.0588206761586e-22	ATXN7L2	c3
6.14047761159987e-27	0.381465003646044	0.213	0.15	2.05939338137836e-22	DNTTIP1	c3
6.14490880638369e-27	-2.20130840050207	0.013	0.046	2.06087951548496e-22	ZYG11B	c3
6.22628995599523e-27	0.232483321741957	0.603	0.504	2.08817312544168e-22	PDCD6	c3
6.22903016142463e-27	0.198006307953185	0.703	0.601	2.08909213553859e-22	ATP5MPL	c3
6.77148151922187e-27	-3.08629828108899	0.005	0.032	2.27101947191663e-22	PKP4	c3
7.20030798393476e-27	0.194204313755491	0.629	0.514	2.41483929165204e-22	PET100	c3
7.32019423084823e-27	0.535988323887036	0.109	0.067	2.45504674114188e-22	VIPAS39	c3
7.6992198389613e-27	-4.49849746998789	0.001	0.026	2.58216434959084e-22	LTC4S	c3
8.2339610533563e-27	-0.985310033705099	0.074	0.125	2.76150585807464e-22	METTL21A	c3
8.50510238499081e-27	0.663449030036399	0.091	0.053	2.85244123787822e-22	MARK4	c3
8.88189305676644e-27	0.399277180483486	0.254	0.186	2.97880929337833e-22	AGFG2	c3
9.38046420872847e-27	0.550106792353796	0.12	0.075	3.14602008632335e-22	ATG9A	c3
9.58921405222356e-27	-0.417606165437783	0.434	0.475	3.21603060883474e-22	DDX18	c3
9.65049154187691e-27	-0.336906869685056	0.55	0.582	3.23658185331468e-22	HSPD1	c3
1.00215771880162e-26	-1.92969090716057	0.019	0.054	3.36103655731687e-22	MLF1	c3
1.01885462265684e-26	-0.761961079455565	0.123	0.181	3.4170346334665e-22	SMYD2	c3
1.25987451085693e-26	0.264189852442685	0.455	0.36	4.22536713451199e-22	NIPBL	c3
1.26264761683569e-26	-0.407532846338765	0.425	0.468	4.23466757734352e-22	C19orf70	c3
1.29859902445697e-26	0.342624823288218	0.426	0.342	4.35524140822379e-22	DNM2	c3
1.4916795430266e-26	-0.763694135189042	0.142	0.2	5.00279485140262e-22	GNL3	c3
1.49481074770741e-26	-0.64573971725655	0.24	0.296	5.0132962856611e-22	OTUD6B-AS1	c3
1.50825255889696e-26	-4.05064375453566	0.005	0.033	5.05837743202864e-22	CDC20	c3
1.51015966434572e-26	0.485531991510879	0.135	0.087	5.06477348228267e-22	MTMR2	c3
1.56368361904959e-26	0.640499011097388	0.11	0.068	5.24428212156851e-22	TRIM25	c3
1.58067457899251e-26	-0.223436468157809	0.825	0.829	5.30126640302508e-22	C12orf57	c3
1.61001530500285e-26	0.360799944019116	0.188	0.129	5.39966932991855e-22	KIAA0319L	c3
1.63214965124011e-26	-0.24155736766561	0.797	0.798	5.47390350032909e-22	EIF4A2	c3
1.66793760747012e-26	0.90935236513353	0.062	0.032	5.5939291479333e-22	ST3GAL4	c3
1.73826354039665e-26	0.278747422330984	0.299	0.222	5.82978826178229e-22	PYM1	c3
1.7936182424485e-26	0.431774318758247	0.179	0.124	6.01543686152379e-22	COMMD3	c3
1.9607666686227e-26	0.260708446853691	0.495	0.401	6.5760192532268e-22	H1FX	c3
1.9700672581357e-26	-5.81731093027806	0.001	0.024	6.60721157033551e-22	PCSK5	c3
1.9839927358862e-26	0.31661890770714	0.304	0.228	6.65391483761515e-22	DCUN1D5	c3
2.06400626145615e-26	0.748623642875267	0.096	0.057	6.92226419967163e-22	KATNAL1	c3
2.06408297286109e-26	0.225950026407873	0.531	0.425	6.92252147438152e-22	DDX46	c3
2.08799513655241e-26	0.550011949022399	0.152	0.102	7.00271808896949e-22	PCK2	c3
2.15622931527687e-26	0.18166121963778	0.355	0.268	7.23156187757556e-22	TNIK	c3
2.33246771374789e-26	0.256806120877349	0.468	0.368	7.82263021836766e-22	SLC25A39	c3
2.38737941993398e-26	0.467797924602889	0.173	0.119	8.00679309857457e-22	TSPOAP1-AS1	c3
2.5391924714587e-26	-0.605267036766395	0.317	0.366	8.5159437107782e-22	UGP2	c3
2.57085791417531e-26	0.672793362694754	0.086	0.049	8.62214327256116e-22	C14orf93	c3
2.57802799480861e-26	0.257138219391793	0.462	0.366	8.64619028898913e-22	OS9	c3
2.72236788126861e-26	0.43961509703868	0.179	0.123	9.13027740019867e-22	ISOC2	c3
2.88306755115887e-26	0.54915483521259	0.11	0.068	9.66923195307663e-22	OTUD4	c3
3.11207050721011e-26	0.395752925154095	0.161	0.108	1.04372620670813e-21	VPS13B	c3
3.20581558904349e-26	0.477536971442345	0.133	0.086	1.07516643225341e-21	NF1	c3
3.36588253405534e-26	0.480134052932039	0.184	0.128	1.12884968427148e-21	LARP1	c3
3.66782600406795e-26	0.27329006373474	0.359	0.275	1.23011548524431e-21	ZBTB8OS	c3
3.69644073510119e-26	-1.59576150820721	0.036	0.077	1.23971229373824e-21	IER3	c3
3.71086848885874e-26	0.288150292451572	0.318	0.24	1.24455107379345e-21	STIM1	c3
3.81816958300249e-26	0.394677010385496	0.252	0.185	1.28053771474738e-21	ATF2	c3
3.94085068358123e-26	0.242022916975266	0.484	0.386	1.32168250225947e-21	FAM50A	c3
3.94175401150724e-26	-2.76350837963105	0.003	0.029	1.3219854603793e-21	CKAP2L	c3
3.95508439796713e-26	-1.57849989783157	0.028	0.066	1.32645620539022e-21	ELL2	c3
4.06151331755772e-26	0.236791712092133	0.667	0.586	1.36215033644251e-21	NR3C1	c3
4.10362819954958e-26	0.398795375095948	0.214	0.152	1.37627482556494e-21	SRSF6	c3
4.16370553022624e-26	0.502347651503341	0.072	0.039	1.39642356072728e-21	AP000787.1	c3
4.33967923629092e-26	1.57760722911828	0.022	0.007	1.45544162226725e-21	LINC01410	c3
4.43010703799876e-26	0.437027392070114	0.154	0.102	1.48576929840402e-21	MAVS	c3
4.45926090328716e-26	0.38240204445723	0.225	0.161	1.49554692174445e-21	MRPL44	c3
4.63573213221121e-26	0.207761541641724	0.637	0.527	1.554731842501e-21	PSMA6	c3
5.13011349294672e-26	0.362528589330693	0.223	0.16	1.72053746326447e-21	RBM26	c3
5.25907165941812e-26	0.703464357049218	0.083	0.048	1.76378745313565e-21	PNPO	c3
5.35686920240937e-26	-3.99576012218607	0.002	0.026	1.79658679310406e-21	MYBL2	c3
5.61735156165705e-26	0.243644507760609	0.456	0.359	1.88394736674854e-21	CHMP5	c3
5.95717973351802e-26	0.206917426877338	0.68	0.58	1.99791893902727e-21	GDI2	c3
6.19758213366578e-26	0.293002297413611	0.318	0.24	2.07854509598883e-21	GNL1	c3
6.34390616474857e-26	-1.19759611982753	0.05	0.094	2.12761924953337e-21	TAF9B	c3
6.39521157824694e-26	0.278419935906056	0.399	0.31	2.14482605911246e-21	UBE2V2	c3
6.57613554016966e-26	0.471159197799992	0.155	0.104	2.2055043374621e-21	UBE2F	c3
6.62100420926782e-26	0.26719419311323	0.396	0.306	2.22055239170424e-21	CCS	c3
6.67006741142188e-26	-2.11701978732971	0.013	0.045	2.23700720844267e-21	LINC02132	c3
6.82983025795121e-26	0.573340955050839	0.129	0.083	2.29058847191168e-21	RNF121	c3
6.85787200351531e-26	-1.08904798844606	0.086	0.138	2.29999311253897e-21	ID3	c3
7.75033131759051e-26	-2.05031412015318	0.013	0.045	2.5993061172935e-21	LAPTM4B	c3
7.76893086891425e-26	0.42322426530969	0.157	0.105	2.60554403481646e-21	NHLRC3	c3
7.87708344006788e-26	-0.835986135232138	0.245	0.299	2.64181624412997e-21	NR4A3	c3
8.31550251787509e-26	-2.64214157762264	0.007	0.035	2.78885323444495e-21	IL17RE	c3
9.36075826152607e-26	0.232093328966208	0.467	0.37	3.13941110575061e-21	PDCD2	c3
9.4686608624446e-26	0.366444422434355	0.177	0.121	3.17559948004667e-21	LRCH3	c3
9.56549886592117e-26	0.364646855455362	0.197	0.138	3.20807700965264e-21	AP1G1	c3
9.71503489023308e-26	0.251008274938766	0.41	0.317	3.25822840148637e-21	SDHB	c3
9.87663320148657e-26	0.272758614434123	0.323	0.244	3.31242524311457e-21	CAND1	c3
1.01862170967741e-25	0.338101947018744	0.237	0.171	3.4162534899161e-21	LYRM1	c3
1.02166651943984e-25	0.277085073052027	0.374	0.291	3.42646517289732e-21	VTI1B	c3
1.03136900286624e-25	0.820993278981585	0.061	0.032	3.45900536181281e-21	PLPP6	c3
1.05611652164011e-25	0.25042663816486	0.545	0.446	3.5420035902766e-21	NAA10	c3
1.06616828260797e-25	0.435711768311641	0.143	0.094	3.57571518621062e-21	SNX13	c3
1.06938692218411e-25	0.252696272620912	0.39	0.302	3.58650985962106e-21	ERLEC1	c3
1.15951929255774e-25	0.331301487087474	0.235	0.17	3.88879580338014e-21	FBXO9	c3
1.19010832482554e-25	0.347883302847349	0.187	0.129	3.9913852997999e-21	KIZ	c3
1.19500488050918e-25	-3.01217582993682	0.007	0.034	4.0078073682517e-21	FRMD4A	c3
1.22615035365932e-25	-2.15103133606751	0.011	0.042	4.11226305610264e-21	CYTH3	c3
1.24437669453163e-25	0.278592628783943	0.462	0.371	4.17339055812019e-21	COPB1	c3
1.24580828922531e-25	0.808501972584246	0.071	0.039	4.17819184040386e-21	ADAT3	c3
1.31571951295049e-25	0.158128856786994	0.873	0.797	4.41266010253335e-21	ABRACL	c3
1.35922754060386e-25	0.43056674476521	0.173	0.119	4.55857732567723e-21	GEMIN7	c3
1.36202283657247e-25	0.313181759189318	0.262	0.193	4.56795218929674e-21	DELE1	c3
1.37021328532339e-25	0.25280594024261	0.397	0.308	4.59542131631758e-21	ELOVL1	c3
1.38815020678274e-25	-0.342449957822141	0.507	0.552	4.65557816350795e-21	SYNE2	c3
1.44339638507425e-25	0.368538946182929	0.232	0.168	4.84086279626201e-21	C3orf38	c3
1.47550858482473e-25	0.266543464392914	0.381	0.296	4.94856069178517e-21	NDUFA9	c3
1.54826817736806e-25	0.367441405532779	0.139	0.09	5.19258181325701e-21	HAGHL	c3
1.55895974144762e-25	0.377810304413448	0.206	0.145	5.22843918086702e-21	MACO1	c3
1.56454717769036e-25	-4.07912236308423	0.002	0.027	5.24717832453794e-21	SH2D1B	c3
1.56505567104587e-25	0.433780615513124	0.185	0.129	5.24888370955365e-21	CDC37L1	c3
1.59842269161211e-25	-0.563003445175525	0.249	0.304	5.36079002312869e-21	PPIH	c3
1.62768943068569e-25	0.356206961914674	0.235	0.171	5.45894481263368e-21	ADAM19	c3
1.63476895040548e-25	0.353124150665895	0.247	0.18	5.4826881058699e-21	CCDC97	c3
1.63554239280886e-25	-0.742227488601091	0.14	0.197	5.48528207700235e-21	CDKN2D	c3
1.64898475633679e-25	0.477063885996932	0.15	0.1	5.53036507580233e-21	TRIM33	c3
1.67391498719323e-25	0.394611262453578	0.17	0.116	5.61397608404866e-21	C6orf226	c3
1.69677319572861e-25	0.338179687341126	0.319	0.244	5.69063794383461e-21	SYTL2	c3
1.74332814858034e-25	0.316983033727597	0.27	0.2	5.84677394470875e-21	GET4	c3
1.7887861721067e-25	0.286081226937318	0.295	0.22	5.99923106401147e-21	POLDIP2	c3
1.7901090266606e-25	-0.691969168014891	0.263	0.316	6.00366765361433e-21	BCL2A1	c3
2.02761721807598e-25	-3.91575483992961	0.004	0.03	6.80022262598322e-21	PLK1	c3
2.07737210374382e-25	0.393460384202148	0.185	0.129	6.96709056153602e-21	RPUSD1	c3
2.08277479530482e-25	2.09251176235561	0.023	0.008	6.98521010849329e-21	NPW	c3
2.11867746146194e-25	-2.53620216136026	0.004	0.029	7.10562047025106e-21	CENPA	c3
2.12290128971916e-25	-2.623957068004	0.008	0.036	7.11978634546012e-21	ANO10	c3
2.21036753860014e-25	0.269701525189434	0.312	0.235	7.41313065095717e-21	MRPL37	c3
2.22063859676596e-25	0.345579051298573	0.252	0.186	7.44757772583369e-21	UPF3B	c3
2.23953279997857e-25	0.567473680609372	0.106	0.065	7.51094510456811e-21	CHRNB1	c3
2.32803631736581e-25	-1.20904021111632	0.05	0.094	7.80776820118145e-21	APP	c3
2.36912373844784e-25	0.258260549082854	0.35	0.267	7.94556719400636e-21	HCFC1R1	c3
2.4089204121421e-25	0.251612847700152	0.482	0.393	8.07903727824218e-21	AKAP9	c3
2.48307817836835e-25	0.254768864044418	0.384	0.297	8.32774759461178e-21	PNKD	c3
2.48786010612531e-25	0.202601856363167	0.525	0.423	8.34378522392306e-21	ST3GAL1	c3
2.54802317371371e-25	0.231411176732441	0.366	0.28	8.54556012000103e-21	AFF4	c3
2.65693127218403e-25	0.22712265476863	0.501	0.405	8.91081610065081e-21	XRN2	c3
2.65991998741639e-25	0.273120728256583	0.358	0.276	8.92083965379708e-21	CIR1	c3
2.71493627286978e-25	0.52236310907258	0.157	0.107	9.10535327195066e-21	OGG1	c3
2.71861881225764e-25	0.247621563964242	0.491	0.397	9.11770377254967e-21	HERPUD2	c3
2.73898397556551e-25	0.861998283338717	0.085	0.05	9.18600445725162e-21	CORO1C	c3
2.78131670465258e-25	-1.3868444079842	0.037	0.077	9.32797996406381e-21	ALKBH2	c3
2.84490954629566e-25	0.903646546683015	0.063	0.034	9.5412576363664e-21	SLC26A6	c3
2.9146297123355e-25	1.4588285111971	0.02	0.006	9.77508512923079e-21	BFSP2-AS1	c3
2.94206815587964e-25	0.695582007041975	0.085	0.05	9.86710818118913e-21	AC099063.4	c3
3.03037677562221e-25	0.357113976353913	0.239	0.174	1.01632776300818e-20	ZKSCAN1	c3
3.08110146635084e-25	-2.94330160054764	0.003	0.028	1.03333980978475e-20	DTL	c3
3.10157047256002e-25	0.271178187647342	0.319	0.243	1.04020470508718e-20	RAB4A	c3
3.17391290737604e-25	-0.747087631343216	0.111	0.167	1.06446691087578e-20	PRKCA	c3
3.27009639525804e-25	0.48833581074465	0.166	0.114	1.09672492904164e-20	CNP	c3
3.45995332339362e-25	0.295129271027135	0.278	0.206	1.16039914559975e-20	USP33	c3
3.46859012933845e-25	0.521431135954578	0.136	0.089	1.16329575757753e-20	WDR83	c3
3.48318162458208e-25	0.252432456073252	0.404	0.316	1.16818945325234e-20	STAU1	c3
3.50403166440282e-25	0.309178128719602	0.257	0.189	1.17518213960742e-20	AAGAB	c3
3.53037762537449e-25	0.474079946607178	0.16	0.108	1.1840180479981e-20	SNTB2	c3
3.68330878311145e-25	-0.675042879620631	0.198	0.254	1.23530809967992e-20	MKRN1	c3
3.71982957746284e-25	0.744658420949078	0.09	0.053	1.24755644368949e-20	CCDC102A	c3
3.74582895363756e-25	-1.32658306382955	0.04	0.081	1.25627611447096e-20	PCYOX1	c3
3.77640175287345e-25	0.223432383970073	0.578	0.473	1.2665296198787e-20	VDAC1	c3
3.88036017335052e-25	0.289962227592962	0.271	0.202	1.3013951949383e-20	EHMT1	c3
3.90318475880474e-25	-0.879371092024575	0.081	0.132	1.30905010440793e-20	CRYZ	c3
3.92074346400157e-25	0.279371320988169	0.248	0.18	1.31493894295685e-20	EDEM3	c3
3.99771419160341e-25	0.222995409706945	0.521	0.417	1.34075338557995e-20	UQCRC1	c3
4.01126001486463e-25	0.260182401838563	0.414	0.324	1.3452963837853e-20	COPS5	c3
4.01896768973897e-25	0.27672639761947	0.271	0.2	1.34788138378466e-20	VPS13A	c3
4.03347780187275e-25	0.235173177984302	0.462	0.368	1.35274778519208e-20	TEX264	c3
4.07563985399411e-25	0.246763359274844	0.408	0.317	1.36688809423254e-20	SURF1	c3
4.08898036995246e-25	0.330287177750011	0.237	0.172	1.37136223647466e-20	MRPL58	c3
4.16910973803311e-25	0.452774564387536	0.163	0.112	1.39823602394154e-20	OAS1	c3
4.18247731089355e-25	0.345568106332987	0.23	0.166	1.40271924052748e-20	SLMAP	c3
4.23271340135069e-25	0.347920021541501	0.209	0.149	1.41956742054499e-20	OCEL1	c3
4.36837472467877e-25	-1.86467251549748	0.007	0.034	1.46506551516277e-20	SPAG5	c3
4.39053707956011e-25	-3.6623566904566	0.003	0.028	1.47249832574287e-20	RIMKLB	c3
4.3969063760841e-25	0.263324461691582	0.304	0.229	1.47463446041109e-20	TRIM38	c3
4.43252115081732e-25	0.259881060363676	0.33	0.251	1.48657894356111e-20	CSNK2A1	c3
4.65085142204312e-25	0.280151141247299	0.324	0.244	1.55980254992482e-20	C1GALT1	c3
4.67549886091074e-25	0.338768347583609	0.2	0.14	1.56806880797224e-20	EPS8L2	c3
4.71803284280923e-25	0.200732992316769	0.623	0.508	1.58233385482136e-20	HNRNPR	c3
4.86454976069088e-25	0.451865959575012	0.176	0.122	1.63147269874051e-20	COQ5	c3
4.87513661092865e-25	0.159821468948173	0.732	0.631	1.63502331657325e-20	RHOG	c3
5.15988283166967e-25	0.479734012237034	0.115	0.072	1.73052150408537e-20	CLEC16A	c3
5.30657778757743e-25	0.340513095888892	0.249	0.183	1.77972005839772e-20	MNAT1	c3
5.35094511441417e-25	0.351368314001	0.253	0.187	1.79459997247222e-20	SFSWAP	c3
5.37463434699281e-25	-0.682366604907747	0.18	0.237	1.80254486729445e-20	SLC16A7	c3
5.40750819852328e-25	1.04040006943975	0.035	0.015	1.81357009962074e-20	NUDT17	c3
5.43806238974091e-25	0.259011965885095	0.467	0.378	1.82381736427131e-20	ABLIM1	c3
5.71961192268065e-25	0.556496241523825	0.166	0.116	1.91824344662864e-20	MRE11	c3
5.87356297770261e-25	-0.804560342098594	0.117	0.17	1.9698755514619e-20	STK26	c3
5.99327795287672e-25	-4.36365080738333	0.001	0.023	2.0100255598358e-20	KIF4A	c3
6.0347709610419e-25	-0.840316078434776	0.089	0.14	2.02394148491423e-20	DBNDD2	c3
6.10713563398289e-25	0.638770843444301	0.09	0.053	2.04821114892518e-20	AL451062.3	c3
6.34869530603964e-25	0.161274178866507	0.699	0.593	2.12922543173958e-20	NDUFV2	c3
6.43993012330657e-25	-0.927390730460365	0.08	0.129	2.15982376475456e-20	REPIN1	c3
6.45510479039843e-25	0.591798797710308	0.112	0.071	2.16491304460383e-20	SPHK2	c3
6.73355730201586e-25	0.793931722068871	0.067	0.036	2.25830044795008e-20	SLC12A2	c3
7.06261450718339e-25	-4.0740023040846	0.002	0.025	2.36865965341917e-20	VSIG1	c3
7.39934414836254e-25	0.246027363398984	0.444	0.351	2.48159204047783e-20	FDX1	c3
7.77282462806738e-25	0.364271163692053	0.252	0.187	2.60684992376124e-20	NBL1	c3
7.98125006202042e-25	-1.83342309311509	0.026	0.062	2.67675164580041e-20	GLUL	c3
8.26093539221562e-25	0.301606518362377	0.288	0.215	2.77055251184127e-20	ASB8	c3
8.40352812100547e-25	0.524385565081341	0.131	0.085	2.81837526122281e-20	GNB1L	c3
8.44549483956072e-25	0.246275632417592	0.468	0.377	2.83245005929187e-20	GOLPH3	c3
8.53359807182534e-25	0.404907036863294	0.184	0.129	2.86199812132878e-20	CTNNBIP1	c3
8.83206494443223e-25	0.32304290655213	0.308	0.235	2.96209794106368e-20	ZGPAT	c3
8.9641654278753e-25	0.596733162653705	0.125	0.081	3.00640180120082e-20	ELF4	c3
9.31171359528223e-25	0.217204339098255	0.492	0.397	3.12296250558575e-20	DOCK10	c3
9.31396442917884e-25	0.438688823756749	0.164	0.113	3.123717390258e-20	FBXW7	c3
9.3314170326431e-25	0.232858086570207	0.397	0.309	3.12957064440784e-20	SNRNP200	c3
9.36951017685241e-25	0.518875398735228	0.105	0.064	3.14234632311276e-20	GALNS	c3
9.57204536275226e-25	0.273659333422616	0.406	0.32	3.21027257375985e-20	COPB2	c3
9.75530627704644e-25	0.278658749572011	0.428	0.344	3.27173461919584e-20	DNAJC1	c3
9.8674009034696e-25	-2.14970896758544	0.02	0.054	3.30932891500564e-20	HES4	c3
1.00004975524832e-24	0.630803288953336	0.114	0.072	3.35396686915181e-20	SMUG1	c3
1.02038788308445e-24	-0.436794956779664	0.412	0.457	3.42217688228861e-20	TRAT1	c3
1.06664386992393e-24	0.249987246658169	0.447	0.356	3.57731021095089e-20	PTPN1	c3
1.08287309611144e-24	0.701884159817791	0.079	0.046	3.63173978973853e-20	THAP8	c3
1.10973320585705e-24	0.424536488547377	0.146	0.097	3.72182322580336e-20	FBXO31	c3
1.12840077889266e-24	0.139065494655623	0.933	0.882	3.7844305322502e-20	HNRNPK	c3
1.15737839843524e-24	0.246532896447523	0.373	0.288	3.88161567267211e-20	CDIPT	c3
1.15769077081365e-24	0.23026552544169	0.449	0.354	3.88266330715484e-20	TINF2	c3
1.21450400113214e-24	0.317675640044398	0.259	0.193	4.07320351899696e-20	PTPN11	c3
1.25996074450641e-24	0.296437581937374	0.295	0.223	4.22565634492559e-20	IWS1	c3
1.30356186501577e-24	-0.490565261246314	0.343	0.391	4.3718857828899e-20	AMD1	c3
1.33137062493599e-24	0.206382414232858	0.655	0.559	4.46515080191032e-20	PPP2R1A	c3
1.45335994657235e-24	0.293128681367213	0.272	0.202	4.87427858881433e-20	ABHD3	c3
1.48474072258687e-24	0.881571791642718	0.051	0.026	4.97952343541184e-20	AC244090.1	c3
1.58585814978395e-24	-1.62114172637482	0.009	0.037	5.3186510627454e-20	ORC6	c3
1.61192647212026e-24	0.433782203289202	0.165	0.113	5.40607900219691e-20	BCKDK	c3
1.65520457610849e-24	0.436433089968376	0.132	0.086	5.55122510735265e-20	LRRC28	c3
1.65664683252842e-24	-2.68040627371189	0.006	0.031	5.55606214693382e-20	PTPRM	c3
1.69787613168011e-24	0.706704782582398	0.071	0.04	5.69433697042877e-20	AF165147.1	c3
1.72172222782942e-24	2.15279909426113	0.011	0.002	5.77431200769432e-20	C11orf95	c3
1.72598924349268e-24	0.269226405306638	0.336	0.257	5.78862272482575e-20	ZNF394	c3
1.77761034114378e-24	0.990509590209903	0.044	0.021	5.96174956212802e-20	SYNGR1	c3
1.79642096450853e-24	0.288348612296742	0.184	0.128	6.0248366307687e-20	ARMH1	c3
1.9180638124994e-24	0.184942466524377	0.699	0.595	6.43280241436048e-20	SELENOT	c3
1.9251891277816e-24	0.402748222696819	0.17	0.117	6.45669929675393e-20	WDR13	c3
1.94445307297914e-24	0.39610542551055	0.187	0.131	6.52130671615743e-20	DHX38	c3
2.00623601186532e-24	0.214925827303548	0.428	0.333	6.72851433659392e-20	RSU1	c3
2.03729205719136e-24	0.474996811422434	0.136	0.09	6.83267010140839e-20	MTRF1L	c3
2.04865816946217e-24	0.273890841383323	0.316	0.24	6.87078976874221e-20	MRPL42	c3
2.05372140823559e-24	0.477179777465861	0.134	0.088	6.88777085894052e-20	SLC39A9	c3
2.11412877568892e-24	0.230847143532417	0.492	0.394	7.09036508790548e-20	CAPZA2	c3
2.14196492715639e-24	0.234397925424637	0.473	0.38	7.18372197269711e-20	RSBN1L	c3
2.17406959731864e-24	0.738838048152607	0.062	0.033	7.29139461548724e-20	FGGY	c3
2.41247668551734e-24	-1.11693057228124	0.056	0.1	8.09096430788807e-20	CPQ	c3
2.45370513017952e-24	-0.87684254881936	0.155	0.208	8.22923626559606e-20	ITGB1	c3
2.46108849867874e-24	0.357463117112683	0.239	0.176	8.25399860686876e-20	PTPA	c3
2.49880019315151e-24	-1.3270214516541	0.025	0.061	8.38047608779155e-20	SCMH1	c3
2.66027599348863e-24	-0.365960698825662	0.593	0.603	8.92203362696218e-20	ARHGAP15	c3
2.68687623441993e-24	0.72433445277006	0.099	0.061	9.01124551499757e-20	INTS7	c3
2.69227340573963e-24	0.270143891442919	0.426	0.34	9.02934654816956e-20	MAPK1	c3
2.82616890783494e-24	0.230165165238223	0.478	0.386	9.47840528309683e-20	CPNE1	c3
2.89525912722319e-24	-0.420398713886211	0.339	0.392	9.71012006088112e-20	MAT2A	c3
3.05772993968509e-24	-2.23335606235306	0.003	0.027	1.02550146717158e-19	SHCBP1	c3
3.12720966834772e-24	0.399363572980869	0.168	0.116	1.04880357857046e-19	YKT6	c3
3.13005214610825e-24	-2.64112266720521	0.01	0.038	1.04975688876179e-19	CCNA2	c3
3.45911940136083e-24	0.437921589141089	0.154	0.105	1.16011946482839e-19	CTDP1	c3
3.5738511417407e-24	0.201503429961272	0.678	0.573	1.198598195917e-19	TUFM	c3
3.62980991515218e-24	0.501356991057671	0.123	0.08	1.21736564934374e-19	NBPF14	c3
3.67266401295348e-24	0.329750250222248	0.267	0.199	1.23173805666434e-19	MRPS18A	c3
3.8494314579674e-24	0.367848003284299	0.193	0.136	1.29102232237311e-19	CXorf40B	c3
4.00488114676965e-24	0.259757092811703	0.355	0.274	1.3431570390036e-19	RANGRF	c3
4.01205156057363e-24	0.742190700322097	0.066	0.036	1.34556185238518e-19	PUS10	c3
4.1142841044019e-24	0.237511983854937	0.444	0.35	1.37984860293431e-19	SZRD1	c3
4.50194179816626e-24	-1.09913469631511	0.048	0.09	1.509861240269e-19	GTPBP3	c3
4.6065276764007e-24	0.433755555322485	0.167	0.116	1.54493725211127e-19	ACSL4	c3
4.76640947495081e-24	0.3109644349004	0.24	0.176	1.598558409709e-19	VTI1A	c3
5.19758002487663e-24	0.158297727892996	0.847	0.781	1.74316438874312e-19	HNRNPC	c3
5.31339087020269e-24	0.324130487527195	0.187	0.13	1.78200503004858e-19	DCAF6	c3
5.50376522508994e-24	-1.49476803221391	0.024	0.059	1.84585278119066e-19	KIF1BP	c3
5.54663414817264e-24	-0.562548079423877	0.224	0.281	1.86023016061414e-19	NXT1	c3
5.61348609315766e-24	0.227399242769005	0.457	0.363	1.88265096592322e-19	PTBP3	c3
5.70562283663918e-24	0.501223893671674	0.141	0.094	1.91355178695205e-19	OAZ2	c3
5.75605148032602e-24	-3.0897116209676	0.003	0.027	1.93046454547174e-19	MEGF6	c3
5.95126009423559e-24	-2.82087947084	0.004	0.029	1.99593361040473e-19	CDCA3	c3
5.97710009193941e-24	-1.60478292431774	0.02	0.054	2.00459982883464e-19	CENPU	c3
6.49921711347588e-24	0.34175688479554	0.229	0.167	2.17970743551754e-19	UBE4A	c3
6.8888792228125e-24	-1.53998311416958	0.036	0.074	2.31039231374686e-19	HSBP1L1	c3
6.9418459666493e-24	0.583561365091162	0.079	0.045	2.32815630029484e-19	TEP1	c3
7.13051330798896e-24	0.40577485752343	0.116	0.074	2.39143155323334e-19	NPIPB5	c3
7.30343693537425e-24	0.196588092917528	0.697	0.598	2.44942667938582e-19	IKZF1	c3
7.33647213934811e-24	-1.65337251698415	0.02	0.052	2.46050602609457e-19	TPRG1	c3
7.41082434923671e-24	0.257805298619251	0.35	0.271	2.48544227024701e-19	BFAR	c3
7.66543181462579e-24	-3.1615295916009	0.005	0.029	2.5708325219892e-19	MAPRE3	c3
7.76469511684665e-24	-3.50743962121993	0.001	0.023	2.60412344828803e-19	MCM10	c3
7.88452727980176e-24	0.257679957305498	0.446	0.359	2.64431275909991e-19	KCNAB2	c3
7.96150216881536e-24	0.248138345343785	0.347	0.267	2.6701285973773e-19	BAZ2A	c3
8.3778825834267e-24	0.492901563413103	0.09	0.053	2.80977426082965e-19	ZER1	c3
8.76083746498076e-24	-0.769775119151835	0.116	0.169	2.93820966900525e-19	TNFSF8	c3
8.80976251213882e-24	0.853831649669921	0.043	0.02	2.95461815132112e-19	LINC00996	c3
8.9212785253411e-24	0.506899080157509	0.115	0.074	2.9920183918289e-19	AC008124.1	c3
9.15976597468991e-24	-2.55672615638108	0.007	0.034	3.0720023125915e-19	LINC01891	c3
9.45033419868996e-24	0.732954195692741	0.079	0.046	3.16945308355664e-19	SRF	c3
9.60185634901977e-24	0.333188753634077	0.191	0.135	3.22027058233425e-19	STX11	c3
9.87570467946184e-24	-0.61339521063627	0.188	0.247	3.31211383539791e-19	ATP2B1	c3
9.92789234794626e-24	0.345024685281035	0.202	0.145	3.32961653565422e-19	PHACTR4	c3
1.03155399833426e-23	0.248472464816831	0.412	0.326	3.45962579961346e-19	SMARCE1	c3
1.03706711320921e-23	0.156371806425695	0.882	0.814	3.47811568428105e-19	ARF1	c3
1.03922822769557e-23	-3.26773152565635	0.003	0.027	3.4853636300454e-19	F5	c3
1.06080222537746e-23	0.339993575594565	0.24	0.178	3.55771850347093e-19	C1orf131	c3
1.09400538772876e-23	0.494467587394728	0.134	0.09	3.66907526936472e-19	AGFG1	c3
1.18808883814886e-23	1.70523881636838	0.018	0.006	3.98461234538365e-19	AL158071.4	c3
1.21253113599059e-23	-2.78431650808716	0.005	0.029	4.06658692388525e-19	E2F1	c3
1.24388841402882e-23	0.241556227484834	0.416	0.332	4.17175296296986e-19	RELB	c3
1.25048811623626e-23	0.252353717305867	0.443	0.355	4.19388704423317e-19	PPP4R2	c3
1.27062585943701e-23	0.333356872066585	0.247	0.183	4.26142500737986e-19	TRIM21	c3
1.35589193484942e-23	0.286492510385009	0.307	0.234	4.547390371098e-19	USP8	c3
1.36709447291007e-23	-1.61959248744996	0.026	0.06	4.58496144324581e-19	TOP1MT	c3
1.37136952190902e-23	0.237944626082648	0.396	0.309	4.59929910257848e-19	NDUFA10	c3
1.37799586341544e-23	0.387274378805138	0.172	0.119	4.6215225267227e-19	YJU2	c3
1.39071964721104e-23	0.522758135181498	0.096	0.059	4.66419555281638e-19	FOCAD	c3
1.43002445727382e-23	1.32594988093458	0.032	0.014	4.79601602480494e-19	AC017002.1	c3
1.51644516916906e-23	0.276600722284607	0.305	0.237	5.08585380835919e-19	PDCD1	c3
1.63178175482707e-23	0.41679281333272	0.181	0.127	5.47266964933904e-19	CREBBP	c3
1.64694179591139e-23	0.346790960386208	0.238	0.176	5.5235133951276e-19	TMEM222	c3
1.69158889382437e-23	0.302885887131608	0.262	0.195	5.67325083210816e-19	NCBP2-AS2	c3
1.70395439201843e-23	0.52945505682466	0.115	0.074	5.71472223995142e-19	C12orf73	c3
1.76148079749118e-23	-0.114238491301339	0.991	0.991	5.90765429862592e-19	RPL37A	c3
1.85624012473266e-23	0.334622540548267	0.223	0.162	6.22545813032841e-19	RWDD4	c3
1.90925524322437e-23	-1.52295866024982	0.024	0.059	6.40326023472589e-19	SCARB2	c3
2.00495396764653e-23	-6.51905067840454	0	0.021	6.72421461669292e-19	TSPAN15	c3
2.01373775079822e-23	0.592900109623348	0.119	0.078	6.75367366862706e-19	PPOX	c3
2.09847330030684e-23	0.538326410306962	0.078	0.045	7.03785975456907e-19	KDM1B	c3
2.18908394217347e-23	-1.37085618229943	0.033	0.07	7.34174972526139e-19	AC006369.1	c3
2.237739256249e-23	-0.547041407441841	0.19	0.248	7.50492991760789e-19	TNFSF12	c3
2.2616395985486e-23	0.527368797480015	0.112	0.072	7.5850868856123e-19	MED12	c3
2.38485538422863e-23	0.199214712969921	0.568	0.473	7.99832798762599e-19	STRAP	c3
2.44510435144646e-23	0.430326099902464	0.386	0.314	8.20039097388115e-19	SRRT	c3
2.4475970835617e-23	0.373999317341008	0.204	0.146	8.20875109884923e-19	SNX4	c3
2.54111916161643e-23	0.203724843478051	0.621	0.519	8.52240544422919e-19	IQGAP1	c3
2.59697180638999e-23	0.288003057856809	0.3	0.229	8.70972404427075e-19	GNB1	c3
2.64702265600343e-23	1.6674821938657	0.024	0.009	8.87758458370429e-19	FAM92A	c3
2.70833622690805e-23	0.241679828775325	0.408	0.321	9.08321803780421e-19	SRP72	c3
2.78689512983236e-23	-2.82271450772801	0.003	0.026	9.34668888643176e-19	CDC6	c3
2.79948066568537e-23	0.21248930067173	0.677	0.581	9.38889825657561e-19	FMNL1	c3
2.87148951366287e-23	0.40982735408089	0.162	0.112	9.63040153092253e-19	NKAPD1	c3
2.88904184722083e-23	-2.51614816800443	0.006	0.031	9.68926854720922e-19	NDRG2	c3
2.89540115691613e-23	-4.03282710711466	0.002	0.024	9.71059640006531e-19	TGFBI	c3
2.90080094101095e-23	-3.56195398527198	0.003	0.026	9.72870619596253e-19	EXD2	c3
3.10899463255319e-23	0.419139481119253	0.167	0.116	1.04269461986569e-18	USP38	c3
3.16101038446149e-23	0.28530008777575	0.432	0.347	1.06013966274069e-18	PDCL3	c3
3.45521176039637e-23	-1.48134230840202	0.025	0.059	1.15880892020174e-18	EPHB6	c3
3.61884666014793e-23	0.401694821510417	0.185	0.131	1.21368879288041e-18	HIF1AN	c3
3.62792276866809e-23	0.19503166532533	0.653	0.562	1.21673273815591e-18	GIMAP1	c3
3.6470434787939e-23	0.273682162097241	0.313	0.24	1.2231454419179e-18	HEXA	c3
3.7084776428328e-23	0.411656765264982	0.175	0.123	1.24374923185327e-18	WIPF2	c3
3.82512914644427e-23	0.251092039995508	0.381	0.3	1.28287181313448e-18	NEMF	c3
3.83557425965279e-23	0.305089651941567	0.267	0.2	1.28637489520235e-18	EML2	c3
3.93759907141696e-23	-0.644189258131593	0.154	0.209	1.32059197657182e-18	SPRYD3	c3
4.02087086844678e-23	0.818904127116401	0.079	0.047	1.34851967185968e-18	ANKRD35	c3
4.05889596249517e-23	0.348563409333366	0.178	0.125	1.36127252790163e-18	GOT1	c3
4.16642236490726e-23	0.235474752916563	0.389	0.305	1.3973347327426e-18	TRAPPC5	c3
4.64871867374211e-23	0.24338750164515	0.448	0.359	1.55908726879963e-18	CNPPD1	c3
4.67480713369264e-23	0.265005265935209	0.344	0.268	1.56783681649784e-18	ANKRD10	c3
4.80871920845111e-23	0.262394747994363	0.29	0.219	1.61274824813033e-18	ANAPC15	c3
5.05287294571615e-23	0.593789329190342	0.107	0.068	1.69463252853428e-18	CDK19	c3
5.21183232080935e-23	0.27450965182737	0.207	0.148	1.74794432375304e-18	USP9X	c3
5.32861696938551e-23	0.410602497984955	0.176	0.124	1.78711155919251e-18	RDX	c3
5.37224241657645e-23	0.384697643332408	0.189	0.134	1.80174266167141e-18	ZDHHC20	c3
5.53787843959015e-23	0.266316527867953	0.361	0.283	1.85729367106975e-18	APEH	c3
5.6477345111961e-23	0.319251562151035	0.208	0.15	1.89413720036495e-18	IREB2	c3
5.67874085611968e-23	0.266236393492193	0.316	0.242	1.90453610832542e-18	SLC25A1	c3
5.79959877012534e-23	0.20309573499018	0.526	0.425	1.94506943552464e-18	EIF2S2	c3
5.90678589586152e-23	0.243677568283459	0.429	0.343	1.98101785375404e-18	RASSF1	c3
6.28913821315169e-23	-1.25989012325769	0.027	0.062	2.10925117392681e-18	AKAP1	c3
6.3315932648436e-23	0.336333896067592	0.25	0.186	2.12348974916325e-18	PHKG2	c3
6.4026270968948e-23	-3.72756549304275	0.001	0.021	2.14731307575658e-18	PBK	c3
6.5359431853917e-23	0.315631138428004	0.239	0.177	2.19202462551667e-18	FBXW2	c3
6.6625741560167e-23	0.398272867096729	0.195	0.14	2.23449412044488e-18	FAM45A	c3
6.80990792769819e-23	0.418742441326267	0.185	0.132	2.28390692079142e-18	CIZ1	c3
6.81731948030038e-23	0.386241872904901	0.207	0.15	2.28639260730314e-18	TP53RK	c3
7.19270522611422e-23	1.32194785665355	0.022	0.008	2.41228947873419e-18	SPATA6L	c3
7.27748210443154e-23	0.295715413600438	0.281	0.211	2.44072194818425e-18	PLGRKT	c3
7.30310460773121e-23	0.296961527609189	0.234	0.172	2.44931522334089e-18	ZC3H18	c3
7.52805316575762e-23	0.296712751513752	0.245	0.18	2.52475847073179e-18	KAT6A	c3
7.53816617005482e-23	0.661270252338984	0.056	0.029	2.52815017011299e-18	SLFN12	c3
7.59757279200635e-23	0.283436303606885	0.217	0.158	2.54807396298309e-18	CANT1	c3
7.81301597059206e-23	1.08376634320098	0.028	0.011	2.62032929621717e-18	AL353622.1	c3
7.97092989314508e-23	0.375030791266229	0.172	0.12	2.673290467563e-18	CEP104	c3
8.01206890602565e-23	0.260454021222485	0.342	0.264	2.68708766970288e-18	ZNF148	c3
8.38080939771009e-23	0.357670912192176	0.164	0.114	2.81075585580401e-18	PLEKHM1	c3
8.44136506367241e-23	0.12675254983065	0.915	0.876	2.83106501505445e-18	SNRPD2	c3
8.74026818964103e-23	0.336782912758441	0.195	0.139	2.93131114544181e-18	BCL2L13	c3
9.06812229830035e-23	0.39489946719081	0.143	0.096	3.04126685640397e-18	POLL	c3
9.445544297054e-23	-1.24379218963012	0.039	0.077	3.16784664634597e-18	CASK	c3
9.60305851865272e-23	0.226541735736334	0.501	0.405	3.22067376598575e-18	RAB8A	c3
9.67951519448611e-23	0.387304840380676	0.223	0.166	3.24631580592675e-18	SLC39A7	c3
9.93143492624744e-23	0.179501349197331	0.699	0.604	3.33080464556487e-18	FNBP1	c3
1.02541850348392e-22	2.63525445722965	0.011	0.002	3.43904857698438e-18	DPEP3	c3
1.05132763219237e-22	0.182664675729029	0.689	0.592	3.52594261284678e-18	RNF149	c3
1.0809704146816e-22	0.573249695764274	0.081	0.048	3.62535857675915e-18	LINC00954	c3
1.0816815993348e-22	-0.45328097124744	0.452	0.482	3.62774374784904e-18	BCAS2	c3
1.09096320669484e-22	-3.01555771261836	0.005	0.028	3.65887240261316e-18	ZNF395	c3
1.09600688522822e-22	0.369142262878788	0.199	0.144	3.67578789167842e-18	GBF1	c3
1.10558017614902e-22	-1.22597171444124	0.048	0.088	3.70789479476859e-18	BAZ2B	c3
1.12064058471524e-22	0.430631202254008	0.124	0.081	3.75840439301797e-18	BCAS3	c3
1.13451144238019e-22	0.12342325744321	0.906	0.854	3.80492447545468e-18	UQCR11	c3
1.15312354985174e-22	0.234519332940499	0.341	0.262	3.86734576149275e-18	PIN4	c3
1.15900077156169e-22	0.37721240425437	0.145	0.098	3.88705678766359e-18	BACH1	c3
1.22592076967062e-22	0.268172831083634	0.269	0.202	4.11149307732132e-18	RB1	c3
1.26432469049409e-22	0.162697166450858	0.232	0.17	4.24029214697908e-18	PELI1	c3
1.37082048050816e-22	-1.35543058581357	0.031	0.066	4.59745772752826e-18	TFAP4	c3
1.38001421121872e-22	0.242440841944474	0.276	0.207	4.62829166158535e-18	DCAF8	c3
1.41794532063263e-22	1.22894515791682	0.037	0.017	4.75550501633772e-18	FGFBP2	c3
1.46104580269325e-22	1.18731809416624	0.029	0.012	4.90005541307261e-18	SYNM	c3
1.47027358041458e-22	0.276736970323292	0.294	0.224	4.93100353399443e-18	DCTN1	c3
1.49867861451955e-22	0.240474560304311	0.437	0.352	5.02626833737568e-18	USP16	c3
1.51501173475564e-22	0.483041434415351	0.053	0.028	5.08104635602347e-18	IL10	c3
1.5974874099767e-22	-0.748562921002206	0.159	0.213	5.35765327557987e-18	MYC	c3
1.62785308783033e-22	-1.22078174296344	0.05	0.09	5.45949368596537e-18	EPHX2	c3
1.66381727093611e-22	-2.3295783752697	0.009	0.035	5.58011036326553e-18	PLEKHA5	c3
1.68794105994068e-22	-1.70929409484257	0.013	0.042	5.66101672682906e-18	NETO2	c3
1.71037959572154e-22	0.314165890517577	0.239	0.176	5.7362710881309e-18	ERCC3	c3
1.73986918645225e-22	0.266363007642367	0.379	0.299	5.83517327752355e-18	DERL2	c3
1.76042635971809e-22	-3.06053416618059	0.001	0.022	5.90411792522252e-18	DIAPH3	c3
1.82441585710175e-22	0.412772321242957	0.123	0.08	6.11872590154784e-18	VPS8	c3
1.91690388562003e-22	0.207649269902738	0.591	0.497	6.42891225159246e-18	RBBP6	c3
2.12744125812327e-22	-1.29641762839812	0.015	0.045	7.13501249149382e-18	NCAPG2	c3
2.13311786694274e-22	-1.32180061292732	0.044	0.084	7.15405070215257e-18	CTSH	c3
2.1600000498033e-22	-0.618077194184309	0.173	0.228	7.24420816703031e-18	NFKBID	c3
2.16076470530768e-22	-2.4384864111393	0.009	0.035	7.24677266866089e-18	SPINT1	c3
2.17699513753694e-22	0.300603831143119	0.181	0.127	7.30120629227137e-18	LMBR1L	c3
2.28673167453192e-22	0.42013515194018	0.139	0.094	7.66924069004514e-18	ESS2	c3
2.39428658019941e-22	-3.84276739854532	0.002	0.024	8.02995833267277e-18	NEO1	c3
2.45059836557384e-22	-3.31635363218821	0.004	0.026	8.21881679846154e-18	MCC	c3
2.46473749181634e-22	0.340910223830444	0.183	0.13	8.26623660005364e-18	KIF20B	c3
2.48531394950279e-22	0.219069553533578	0.408	0.323	8.33524592384247e-18	WAPL	c3
2.51436492197733e-22	0.226594609773007	0.427	0.341	8.43267707532756e-18	DNAJB14	c3
2.59633533231085e-22	-1.62624299026043	0.017	0.047	8.70758943750414e-18	KLF11	c3
2.7723189442259e-22	0.779642232495258	0.112	0.074	9.29780327514482e-18	TRAV29DV5	c3
2.82658617407794e-22	0.233803757423888	0.26	0.192	9.47980471062259e-18	LRCH4	c3
3.0137245008722e-22	0.430078004118041	0.112	0.073	1.01074292310252e-17	ATP8B4	c3
3.02398591328904e-22	0.238285112725511	0.355	0.276	1.01418439559888e-17	COPS2	c3
3.06784185804936e-22	0.203440734935717	0.398	0.313	1.02889280235259e-17	NSMCE1	c3
3.09017086620247e-22	0.437371604299877	0.146	0.1	1.03638150510699e-17	HDAC8	c3
3.14606477518502e-22	0.362120073695784	0.171	0.12	1.05512720430155e-17	UBXN7	c3
3.16274268910022e-22	0.539089613892168	0.108	0.069	1.06072064307043e-17	ARHGAP35	c3
3.16707261387063e-22	0.390836608842487	0.159	0.111	1.06217281323993e-17	NPC1	c3
3.18584689043537e-22	0.187851673501012	0.572	0.47	1.06846933011422e-17	SNRPB2	c3
3.28007428516727e-22	-1.241873964009	0.031	0.066	1.1000713137594e-17	IL23R	c3
3.33909743727519e-22	-1.18616601754474	0.044	0.082	1.11986649851335e-17	PIGM	c3
3.46726230047199e-22	-4.03287704243524	0.002	0.023	1.1628504303323e-17	ACSM3	c3
3.51750740412057e-22	-1.04755986273644	0.051	0.092	1.17970163319396e-17	NRM	c3
3.55747380957435e-22	-2.5772771317195	0.007	0.032	1.19310556625505e-17	ARHGEF40	c3
3.56932750641854e-22	0.870748371546374	0.047	0.024	1.19708105910265e-17	LINC00467	c3
3.59093919419023e-22	-0.884568832354801	0.085	0.132	1.20432918694752e-17	AAED1	c3
3.59366861632639e-22	0.782884409691472	0.079	0.047	1.20524458054354e-17	SRGAP2B	c3
3.67268828538988e-22	-4.20640248200626	0.002	0.024	1.23174619715406e-17	SPRY2	c3
3.70425436036386e-22	0.150960881490766	0.539	0.423	1.24233282737883e-17	H2AFY	c3
4.01118872599265e-22	-0.81571924539889	0.033	0.069	1.34527247492342e-17	TRBV28	c3
4.19881371699462e-22	0.457948187594225	0.12	0.079	1.40819814440565e-17	TRAPPC13	c3
4.23560021027722e-22	1.45188750379262	0.019	0.006	1.42053559852277e-17	AL592183.1	c3
4.6256460267526e-22	0.237439666585646	0.338	0.261	1.55134916445229e-17	RRP1B	c3
4.74076962048757e-22	1.77006487530756	0.01	0.002	1.58995931531912e-17	SPIB	c3
4.76345222971449e-22	0.520233544667029	0.12	0.079	1.59756660880165e-17	AIM2	c3
4.76474740478238e-22	-1.79041064116439	0.014	0.042	1.59800098461592e-17	SLCO3A1	c3
4.76889037849846e-22	-6.23528362548473	0	0.02	1.59939045514081e-17	MID2	c3
4.88658314692914e-22	0.382874308474413	0.232	0.173	1.6388622558171e-17	MTA2	c3
5.08324626532986e-22	1.02902966613577	0.028	0.011	1.70481913246633e-17	GNG4	c3
5.16322189777919e-22	0.321642741726544	0.226	0.166	1.73164136007718e-17	ZCCHC10	c3
5.28336381806595e-22	0.260362723889745	0.398	0.316	1.77193455730296e-17	RNF5	c3
5.33805382254513e-22	-3.38796550871449	0.005	0.029	1.79027649100518e-17	MDS2	c3
5.45500248865055e-22	0.401985379729687	0.157	0.109	1.82949873464362e-17	SHLD1	c3
5.57243840112075e-22	-4.22723362238038	0.001	0.021	1.86888439096788e-17	TRDV3	c3
5.6357349753946e-22	0.467344676096692	0.096	0.059	1.89011279604784e-17	ATMIN	c3
5.69126572265707e-22	0.452446558401224	0.115	0.075	1.90873669806473e-17	TCAIM	c3
5.71137228194412e-22	0.908663603261261	0.039	0.018	1.91548003591842e-17	C16orf86	c3
5.74880583700783e-22	0.342660913203359	0.174	0.123	1.92803450161568e-17	NKIRAS2	c3
5.81972269976959e-22	-2.31130665232928	0.008	0.033	1.95181859904873e-17	PHLDA3	c3
5.89727594322876e-22	-0.806575055102416	0.124	0.173	1.97782840584006e-17	LPP	c3
6.18274420357011e-22	0.290262583902328	0.243	0.18	2.07356875099334e-17	TMUB2	c3
6.37781526456968e-22	-2.03203598100769	0.007	0.032	2.13899168343138e-17	P3H4	c3
6.397187401536e-22	0.532869849081137	0.125	0.083	2.14548871072714e-17	FUNDC1	c3
6.64390894140314e-22	0.21138901954998	0.483	0.389	2.22823418076779e-17	STXBP2	c3
6.66576228424837e-22	0.267105192385419	0.34	0.267	2.23556335489122e-17	UBA3	c3
6.83993469652351e-22	-1.98298416281937	0.012	0.039	2.29397729852005e-17	PLK2	c3
6.87044608849124e-22	0.199909660171001	0.46	0.368	2.30421020915819e-17	PRPF4B	c3
7.12641610054884e-22	0.47527482747216	0.119	0.078	2.39005743180207e-17	C2orf68	c3
7.13697639754163e-22	-1.77317923378733	0.006	0.03	2.39359914420751e-17	DEPDC1B	c3
7.26659687244493e-22	0.349283481647093	0.184	0.131	2.43707125908058e-17	KIF13B	c3
7.55216579451675e-22	-2.76711638161958	0.005	0.028	2.53284536416503e-17	SMOX	c3
7.6800627094013e-22	0.430509004173611	0.156	0.109	2.57573943147901e-17	ZNF335	c3
7.68331997224488e-22	0.263892848896073	0.232	0.171	2.57683185229149e-17	CISD1	c3
7.75628434636091e-22	-0.839346539914089	0.108	0.155	2.60130264408252e-17	HSD17B12	c3
8.00334673536239e-22	0.252045446272341	0.394	0.313	2.68416242810584e-17	SNF8	c3
8.03346983063627e-22	-1.23390967434701	0.028	0.062	2.69426511179879e-17	BDH1	c3
8.24453199603211e-22	-6.19847296983768	0	0.02	2.76505114082925e-17	MS4A1	c3
8.25209935383142e-22	-1.0126444214823	0.062	0.104	2.76758908128798e-17	IGFBP3	c3
8.35423882843229e-22	0.328067978011677	0.12	0.079	2.80184461827962e-17	AC068775.1	c3
8.63777039102026e-22	0.674629977885489	0.059	0.032	2.89693543374037e-17	ZNF496	c3
9.412916695928e-22	0.215561875477814	0.487	0.394	3.15690400148033e-17	PDAP1	c3
9.5488216926444e-22	-0.849347858831053	0.083	0.128	3.20248381927908e-17	ZBTB7B	c3
9.66228708062012e-22	0.370985357191928	0.177	0.126	3.24053784109837e-17	MARF1	c3
9.72158247727411e-22	0.490816146016209	0.141	0.096	3.26042433122819e-17	TAB1	c3
9.89231422310724e-22	0.171334072599359	0.724	0.627	3.31768434414571e-17	EWSR1	c3
1.02213133118836e-21	1.89254082057862	0.013	0.004	3.42802405853953e-17	AL590006.1	c3
1.03738878272397e-21	0.402273116381665	0.152	0.105	3.47919449949964e-17	C2orf49	c3
1.041890951172e-21	0.229846323034418	0.362	0.283	3.49429387204066e-17	IST1	c3
1.07845856892561e-21	0.400506707617612	0.149	0.102	3.61693434846273e-17	HTT	c3
1.07882239017516e-21	0.615804978889795	0.082	0.049	3.61815453216946e-17	ZNF738	c3
1.13853744576657e-21	-0.677925829249602	0.233	0.28	3.81842688561191e-17	FAS	c3
1.15413405681385e-21	-0.483338259067367	0.324	0.37	3.87073479974228e-17	DNAJB9	c3
1.16450620666963e-21	0.333109663374083	0.187	0.134	3.90552091592862e-17	SPON2	c3
1.16824452495663e-21	0.431073412156922	0.133	0.09	3.91805848779956e-17	UHRF1BP1L	c3
1.17198705089892e-21	0.616685723056164	0.078	0.046	3.93061017130481e-17	MED20	c3
1.19320600457622e-21	0.354909647233214	0.18	0.128	4.00177429814772e-17	VPS39	c3
1.20018782266971e-21	0.2451453727918	0.281	0.212	4.02518991966969e-17	TRAF5	c3
1.21972820172896e-21	-1.09877923368928	0.041	0.078	4.09072444295857e-17	HERC5	c3
1.24732382872466e-21	0.347808779855995	0.148	0.101	4.18327465677675e-17	HMGCL	c3
1.27924180192069e-21	-0.754839712256501	0.153	0.202	4.29032115528162e-17	TRIM44	c3
1.29041110845723e-21	-0.414550183063752	0.364	0.407	4.32778077554387e-17	APEX1	c3
1.29310355154817e-21	0.20320957198504	0.508	0.417	4.33681069118224e-17	DHX36	c3
1.29684296305012e-21	0.250032993131008	0.383	0.304	4.34935192947751e-17	ARF3	c3
1.3143129069286e-21	0.826572100938407	0.053	0.028	4.40794262725715e-17	MYL5	c3
1.32878833425611e-21	0.188710271113521	0.547	0.449	4.45649031542815e-17	AAK1	c3
1.33492190191734e-21	0.472199123895119	0.119	0.078	4.47706107465037e-17	ROGDI	c3
1.36649528427096e-21	0.185138161003242	0.476	0.381	4.58295188438794e-17	MOB4	c3
1.47438412852308e-21	-1.00108163478091	0.06	0.101	4.9447894902407e-17	RAB3IP	c3
1.50397726649749e-21	0.457509317953649	0.177	0.128	5.04403895637929e-17	AGPAT5	c3
1.54429098896998e-21	0.37923987156258	0.161	0.112	5.17924311880751e-17	NBPF19	c3
1.59728390977679e-21	-2.69751030718708	0.003	0.024	5.3569707766094e-17	SKA3	c3
1.74140710235547e-21	0.267046190730628	0.31	0.239	5.84033113987979e-17	SETD5	c3
1.84411474166927e-21	0.280576677701769	0.192	0.137	6.18479202061039e-17	ITPR2	c3
1.91219324591513e-21	0.548875650947523	0.099	0.063	6.41311370815015e-17	TMEM94	c3
1.91924436379673e-21	0.433941608668857	0.133	0.089	6.43676174730146e-17	THUMPD2	c3
1.93810556853243e-21	0.213483353220412	0.406	0.324	6.50001845574405e-17	ATG12	c3
2.00926357464978e-21	0.248431057207038	0.397	0.315	6.73866817666044e-17	MLX	c3
2.09663020618257e-21	0.66056471844055	0.095	0.06	7.03167838549511e-17	CAMK1	c3
2.12603733507655e-21	0.231820616140416	0.316	0.243	7.13030401437974e-17	TMEM208	c3
2.13430746105833e-21	-3.67530919836049	0.002	0.023	7.15804036289742e-17	TCEA3	c3
2.15998235084383e-21	0.236703566223672	0.396	0.314	7.24414880826003e-17	CPSF6	c3
2.16555611453778e-21	-1.97964177823504	0.011	0.036	7.2628420969368e-17	EPHA1-AS1	c3
2.42027299324836e-21	0.18583842902	0.546	0.451	8.11711156475635e-17	ACAP2	c3
2.44830517288953e-21	0.177404994809505	0.726	0.633	8.21112588883691e-17	MTDH	c3
2.48589444640233e-21	-3.00788130364988	0.006	0.028	8.33719279434413e-17	POU2AF1	c3
2.57281339100244e-21	-0.420119273551859	0.709	0.689	8.62870155074397e-17	YPEL5	c3
2.72695748316109e-21	-0.964710807598937	0.092	0.137	9.14567000702567e-17	BEX2	c3
2.79973001822456e-21	-1.2069851364979	0.031	0.066	9.38973453512152e-17	ADAM15	c3
2.809124048713e-21	0.253250197233045	0.205	0.148	9.42124023457365e-17	C12orf76	c3
2.86631170384781e-21	0.411161834630008	0.169	0.121	9.61303619236477e-17	RAD9A	c3
2.9119125208482e-21	-2.75227136803618	0.006	0.03	9.76597221242068e-17	AC103724.3	c3
3.31497139349036e-21	0.191912716914435	0.6	0.507	1.1117751059488e-16	SCP2	c3
3.34287151517689e-21	0.586481393996789	0.077	0.046	1.12113224876002e-16	AC004817.3	c3
3.374646535882e-21	0.29011317197131	0.217	0.159	1.1317889552041e-16	PLPP5	c3
3.42620627197511e-21	0.759543289351753	0.062	0.035	1.14908105949501e-16	USP18	c3
3.52136178375248e-21	-2.68625984699535	0.003	0.024	1.18099431503491e-16	DSCC1	c3
3.52168451911034e-21	0.255034302656852	0.352	0.275	1.18110255401923e-16	TSG101	c3
3.60250575783037e-21	0.930201300667474	0.06	0.034	1.20820838106115e-16	PIF1	c3
3.65700248010345e-21	-1.31770055206751	0.028	0.061	1.2264854917771e-16	LINC00662	c3
3.66482278637508e-21	-4.54619266278977	0.001	0.02	1.22910826609447e-16	ACSS2	c3
3.6867198955271e-21	0.349171462576685	0.237	0.177	1.23645211856188e-16	RINL	c3
3.70867983609044e-21	-1.99511918334289	0.014	0.042	1.24381704342801e-16	NBPF1	c3
3.75001895319053e-21	0.258269717469764	0.365	0.289	1.25768135652104e-16	EFHD2	c3
3.83321192994872e-21	0.482242487971189	0.112	0.073	1.2855826170662e-16	PROSER1	c3
3.94556318852785e-21	0.128504273878721	0.833	0.754	1.32326298216847e-16	CSTB	c3
3.99596427283098e-21	0.260207978616035	0.279	0.213	1.34016649782205e-16	SEC23B	c3
4.13151564456915e-21	-5.79072583596122	0.001	0.019	1.3856277168756e-16	AP002884.1	c3
4.37679711033457e-21	0.140775456456595	0.7	0.594	1.46789021486401e-16	DEK	c3
4.44903006976374e-21	-3.75635386228095	0.002	0.021	1.49211570479736e-16	LTK	c3
4.46517453848599e-21	0.243740492533796	0.45	0.367	1.49753023671743e-16	GSPT1	c3
4.49075242169244e-21	0.222225603761412	0.372	0.29	1.50610854718721e-16	COA3	c3
4.54213599579029e-21	0.202507460228105	0.457	0.369	1.52334157026815e-16	HSD17B11	c3
4.62402839872941e-21	0.198695464340254	0.517	0.418	1.55080664436587e-16	PSMD7	c3
4.68013878942818e-21	0.899200164968776	0.07	0.041	1.56962494719842e-16	WEE1	c3
5.0120360055823e-21	0.312747417671125	0.21	0.154	1.68093663555219e-16	FAM3A	c3
5.28875550685246e-21	0.429418907365561	0.147	0.102	1.77374282188818e-16	PANK4	c3
5.33289169571751e-21	-4.39543660977871	0.001	0.021	1.78854521690974e-16	ADGRE1	c3
5.40192235083285e-21	-3.8579815598568	0.001	0.02	1.81169671802232e-16	FAM111B	c3
5.46527717821449e-21	0.249989510125471	0.316	0.245	1.83294466002957e-16	JAGN1	c3
5.64692492130709e-21	-1.40841095452825	0.023	0.054	1.89386568010797e-16	LINC00243	c3
5.71815817470822e-21	0.207373541931454	0.541	0.439	1.91775588863364e-16	PSMG2	c3
5.93892839724993e-21	-2.07016224081684	0.004	0.025	1.99179780586968e-16	TRIP13	c3
6.00069465861293e-21	1.38470037240689	0.081	0.051	2.01251297460561e-16	TRBV27	c3
6.05671229834619e-21	0.309794712412672	0.219	0.161	2.03130017061935e-16	DPP8	c3
6.18034921788626e-21	0.268334727568197	0.322	0.252	2.07276552069469e-16	CTR9	c3
6.24293902418965e-21	0.269332616598373	0.231	0.172	2.09375688993272e-16	UBR5	c3
6.24896671087597e-21	0.440967274351096	0.105	0.068	2.09577845549358e-16	FAM118B	c3
6.29930263895595e-21	0.365585744072782	0.173	0.123	2.11266011905305e-16	GALNT11	c3
6.42777145871891e-21	1.06011448891204	0.044	0.022	2.15574599182515e-16	GSEC	c3
6.49190549130127e-21	0.331350333785006	0.172	0.122	2.17725526367262e-16	ITPR1	c3
6.53303170344807e-21	-0.89637667797783	0.089	0.134	2.19104817270241e-16	HOOK2	c3
6.70950945279717e-21	0.395257937751125	0.13	0.087	2.25023528027911e-16	KCTD18	c3
6.74033377419596e-21	0.372919329881131	0.16	0.112	2.26057314118984e-16	SEC16A	c3
6.79306781843685e-21	-1.86477588985044	0.015	0.043	2.27825908494735e-16	EIF4EBP3	c3
6.88429536741541e-21	0.173096737799453	0.412	0.329	2.30885498032378e-16	PDE4D	c3
6.96150848749943e-21	-1.59267855744076	0.036	0.071	2.33475071653756e-16	TRAV9-2	c3
7.11303620350757e-21	-5.00141921024361	0.001	0.02	2.38557008193237e-16	F2RL1	c3
7.19683001666566e-21	-1.78604756021159	0.007	0.031	2.41367285098933e-16	POC1A	c3
7.36169810439168e-21	0.369034375320171	0.186	0.135	2.46896631025088e-16	LPCAT1	c3
7.73423060808045e-21	0.721823636808233	0.06	0.033	2.59390626133802e-16	TRIM66	c3
7.86891405308338e-21	0.300545574310855	0.26	0.197	2.6390763951231e-16	SEL1L	c3
7.8837539876477e-21	0.190702884577843	0.688	0.592	2.64405341237729e-16	GHITM	c3
8.23915475606481e-21	0.211164755091282	0.302	0.23	2.76324772208902e-16	MLLT3	c3
8.25990532124807e-21	0.697902035437196	0.09	0.057	2.77020704664018e-16	CCDC28B	c3
8.58016018776383e-21	0.577838748994535	0.08	0.048	2.87761412377223e-16	FES	c3
8.59691566497943e-21	0.361675883410777	0.16	0.112	2.8832335757208e-16	ACADS	c3
8.69602592434299e-21	-0.131288356238363	0.992	0.99	2.91647317450615e-16	SARAF	c3
8.83651567180379e-21	0.201705336894586	0.345	0.267	2.96359062600956e-16	GTF2E2	c3
8.90361390877496e-21	0.219060648851788	0.325	0.249	2.98609403272495e-16	MRPL27	c3
8.96790384963104e-21	0.180783610277355	0.617	0.52	3.00765559308926e-16	SLC38A1	c3
9.07511933682326e-21	0.336134878637171	0.166	0.117	3.04361352318378e-16	HDHD2	c3
9.1817511645971e-21	0.148983844558012	0.828	0.76	3.07937570558258e-16	ERP29	c3
9.27911747814975e-21	0.275048980350598	0.24	0.179	3.11203041982186e-16	MRPS2	c3
9.46445174286655e-21	-2.77898653467513	0.001	0.021	3.17418782552258e-16	ADAM12	c3
9.55012271542472e-21	0.161022582220395	0.563	0.462	3.20292015629914e-16	TNIP1	c3
9.6215258880616e-21	-2.91840969582802	0.002	0.022	3.2268673523381e-16	ANLN	c3
9.71021009017738e-21	1.69107942703452	0.012	0.003	3.25661026004369e-16	AC108463.3	c3
9.77597701374431e-21	0.316129645377502	0.196	0.142	3.27866717086957e-16	DCTN5	c3
1.00138346653994e-20	-6.17025895538058	0	0.018	3.35843987008166e-16	RAD54L	c3
1.04169640530042e-20	-0.893896559553686	0.028	0.061	3.49364140409655e-16	DSN1	c3
1.04308742868322e-20	0.343268835890178	0.17	0.121	3.49830661831777e-16	SDHAF1	c3
1.07102761011791e-20	0.321892716292309	0.187	0.135	3.59201239881346e-16	KCTD13	c3
1.08836425136676e-20	0.194212424163116	0.462	0.371	3.65015602623384e-16	MAPRE1	c3
1.11557856370936e-20	0.299031337906241	0.169	0.12	3.74142738696847e-16	NTPCR	c3
1.11734578511752e-20	-0.922848542715155	0.089	0.133	3.74735429412715e-16	QDPR	c3
1.13029070711429e-20	0.549650175821821	0.132	0.091	3.7907689735199e-16	MRPL12	c3
1.25442843964221e-20	-2.10311279280281	0.01	0.035	4.20710210087205e-16	ZNF540	c3
1.26901880902195e-20	-0.726952940066024	0.177	0.224	4.25603528169783e-16	TLE4	c3
1.27376263248142e-20	0.266794146680517	0.32	0.249	4.2719451168162e-16	MRPS16	c3
1.28366275663397e-20	0.32438117617159	0.225	0.168	4.305148153199e-16	ZNF410	c3
1.28496069337111e-20	0.184639312673805	0.734	0.653	4.30950117342804e-16	DENND2D	c3
1.29243719000722e-20	-5.21095934027171	0.001	0.019	4.33457584784623e-16	ACVR1C	c3
1.30750571551366e-20	0.197994156671873	0.566	0.468	4.3851126686897e-16	SNX17	c3
1.3371421306933e-20	0.118612826265007	0.772	0.681	4.48450727791919e-16	RSRP1	c3
1.36019599532773e-20	-0.515133363864569	0.263	0.311	4.56182532913014e-16	PPT1	c3
1.36096982500626e-20	-0.7499557047051	0.121	0.168	4.56442059910599e-16	CYB5R1	c3
1.38455686323014e-20	0.576128652945674	0.099	0.064	4.64352680790123e-16	NAA40	c3
1.42185890578558e-20	0.254175457480376	0.244	0.182	4.76863039822369e-16	USE1	c3
1.43621537650258e-20	0.54251679947219	0.087	0.054	4.81677912971436e-16	TRIB1	c3
1.61014930842142e-20	-1.59893317880701	0.014	0.041	5.40011875058376e-16	TTC9	c3
1.64979333734607e-20	0.857961576663283	0.047	0.024	5.53307689479124e-16	AC107959.1	c3
1.6805626579967e-20	-2.28278914774766	0.014	0.04	5.63627104238934e-16	BIRC5	c3
1.71871673026878e-20	0.207124557861386	0.357	0.281	5.76423216997543e-16	HACD4	c3
1.75767046126512e-20	0.437713835024578	0.157	0.111	5.89487519299094e-16	PDLIM7	c3
1.77435261072162e-20	0.404124004150476	0.144	0.099	5.95082378583816e-16	IRF9	c3
1.79329562409023e-20	0.353370789981674	0.147	0.102	6.01435486407381e-16	PTRH1	c3
1.87001067911815e-20	0.219241353756168	0.332	0.258	6.27164181562644e-16	SLC25A38	c3
1.88007434644133e-20	0.177099812741724	0.589	0.49	6.30539334309495e-16	TBRG1	c3
1.90512043789364e-20	-0.301327584766791	0.621	0.629	6.38939292460768e-16	RPL22L1	c3
1.91147594624794e-20	0.41281378632962	0.138	0.094	6.41070802852635e-16	CSNK1G1	c3
1.94500639791297e-20	-0.455571298242835	0.293	0.342	6.52316245732052e-16	LAIR1	c3
1.97230705225319e-20	-0.926792384766164	0.037	0.072	6.61472339184674e-16	TMEM238	c3
1.982124583158e-20	0.329151204120032	0.164	0.116	6.64764942699529e-16	RIC1	c3
2.00417377819948e-20	0.421214821984738	0.116	0.077	6.72159801732541e-16	ABCA7	c3
2.04073341558528e-20	-2.45778436512969	0.008	0.031	6.84421172918991e-16	SLC9A3R2	c3
2.04151985534843e-20	1.32246304057826	0.019	0.007	6.84684929086757e-16	Z82206.1	c3
2.04315124735488e-20	0.395912115931759	0.138	0.095	6.85232065337879e-16	LIN37	c3
2.05769619246971e-20	-0.846858287154341	0.069	0.111	6.90110149030492e-16	CBWD1	c3
2.1275090782095e-20	-2.86609728377776	0.006	0.029	7.13523994649901e-16	KRT18	c3
2.18358445004838e-20	0.341875713075867	0.206	0.152	7.32330552857226e-16	GABPB1	c3
2.1874254193116e-20	0.54924030834095	0.086	0.054	7.33618737128725e-16	EEF2K	c3
2.19845384360062e-20	-0.214088449026142	0.726	0.727	7.37317450066774e-16	POLR2L	c3
2.22373786030643e-20	0.237213633040148	0.341	0.268	7.4579720358957e-16	MECP2	c3
2.2328038658734e-20	0.230315196508247	0.425	0.345	7.48837760536621e-16	ATP2A3	c3
2.28168932790001e-20	-5.02873722637503	0.001	0.02	7.65232966791105e-16	CA2	c3
2.28679460742765e-20	0.271423388149989	0.28	0.215	7.66945175439086e-16	PITPNB	c3
2.3351080891935e-20	-1.5494658273364	0.016	0.043	7.83148550953717e-16	RMI2	c3
2.36715996842797e-20	-2.28728079917276	0.002	0.022	7.93898110211374e-16	SPC24	c3
2.41394949417592e-20	-0.256448173413885	0.603	0.615	8.09590381356722e-16	TECR	c3
2.43723375216042e-20	1.64268624269656	0.017	0.006	8.17399455799562e-16	ZBED2	c3
2.48040137581147e-20	-0.229414560128394	0.675	0.675	8.31877013419652e-16	CCND3	c3
2.49173438473419e-20	0.365857645043905	0.278	0.218	8.35677877952154e-16	SLF1	c3
2.50074559867907e-20	0.543951075966917	0.099	0.064	8.38700058884987e-16	BPNT1	c3
2.51119816648587e-20	0.454735438739332	0.129	0.088	8.42205641076031e-16	HMGCR	c3
2.54661702456965e-20	0.443692813611948	0.124	0.084	8.5408441770017e-16	TMEM185A	c3
2.54862583242969e-20	-1.67455793308945	0.013	0.04	8.5475813168027e-16	ZNF329	c3
2.57093139529288e-20	0.420574136156842	0.155	0.109	8.62238971353326e-16	CC2D1A	c3
2.59444772881121e-20	-3.0012498723462	0.004	0.024	8.70125879288704e-16	KIF14	c3
2.68688942072068e-20	0.300158491114625	0.214	0.158	9.01128973921302e-16	WASHC2C	c3
2.80341424218965e-20	-2.99146285038046	0.004	0.025	9.40209068545566e-16	CEACAM1	c3
2.82059757433732e-20	0.190382115245472	0.522	0.424	9.45972014481249e-16	MRPL52	c3
2.91184900878703e-20	0.387934061785299	0.201	0.149	9.76575920566993e-16	NNT	c3
2.91826876489557e-20	0.189221437352302	0.441	0.352	9.78728978370675e-16	PMPCB	c3
2.93395945268296e-20	0.295285126355241	0.219	0.162	9.83991321240812e-16	NUMB	c3
2.94290237664438e-20	0.253000926212609	0.323	0.252	9.86990599078992e-16	CHTOP	c3
2.96504933183198e-20	-0.854364210456042	0.064	0.105	9.94418244909809e-16	BOD1	c3
3.00362108764015e-20	0.316872282480543	0.198	0.145	1.00735444037275e-15	EXOG	c3
3.04789488401842e-20	0.205109457433681	0.33	0.256	1.0222029862021e-15	MRPL22	c3
3.05796330967388e-20	0.238009908560341	0.3	0.232	1.02557973479842e-15	NPEPPS	c3
3.14238874611805e-20	-2.4896223744751	0.007	0.029	1.05389433767307e-15	NUAK2	c3
3.16611070256406e-20	0.311234065238243	0.211	0.156	1.06185020742593e-15	CCDC137	c3
3.18845888039242e-20	0.387707601703589	0.15	0.104	1.06934533930601e-15	PIAS4	c3
3.25676007873481e-20	0.27533709068093	0.292	0.226	1.09225219520608e-15	ARFGAP2	c3
3.64258417907817e-20	0.495802793993761	0.07	0.041	1.22164988197924e-15	EFHC1	c3
3.69269217764417e-20	0.367207170020268	0.142	0.098	1.2384551025383e-15	SLC6A6	c3
3.71023560844875e-20	0.243566205930665	0.323	0.253	1.24433881836154e-15	SAR1B	c3
3.88519497990503e-20	0.430748054578446	0.124	0.084	1.30301669236055e-15	APOL1	c3
3.93360050049066e-20	1.21303093286679	0.029	0.012	1.31925093585456e-15	AL096865.1	c3
3.9813781095398e-20	-0.941957806299761	0.095	0.138	1.33527459037746e-15	ETV3	c3
4.06091202024988e-20	-1.86485838785691	0.013	0.039	1.36194867335141e-15	KIFC1	c3
4.18684170645456e-20	0.189199468655546	0.422	0.336	1.40418297151073e-15	PRKCSH	c3
4.40152052146349e-20	-3.14760651381666	0.005	0.027	1.47618195248843e-15	FXYD2	c3
4.4946640534737e-20	0.270056206277534	0.281	0.216	1.50742043025401e-15	COMMD4	c3
4.59262494691456e-20	-0.289619063403078	0.552	0.574	1.5402745546962e-15	TMED10	c3
4.6933549412572e-20	0.317755593997062	0.231	0.174	1.57405738019884e-15	CAPNS1	c3
4.84917561604217e-20	0.251234843010241	0.304	0.236	1.62631651810822e-15	ZNFX1	c3
4.91656774541875e-20	0.262620905976845	0.218	0.161	1.64891849045854e-15	PPIL3	c3
4.92622737579042e-20	-0.966507799923241	0.125	0.17	1.65215813729259e-15	PCNA	c3
4.93363141976466e-20	-0.763427770638004	0.079	0.123	1.65464130556067e-15	C12orf29	c3
4.96730875204049e-20	-1.25801160175427	0.024	0.055	1.66593600925934e-15	GNA15	c3
5.07811153811991e-20	0.297466052000333	0.236	0.177	1.70309704765465e-15	ABHD16A	c3
5.11541555000988e-20	0.417887496685946	0.135	0.093	1.71560806716231e-15	MIOS	c3
5.21183239000382e-20	0.294242039210665	0.274	0.21	1.74794434695948e-15	KIAA0040	c3
5.59696371022286e-20	0.23624786525826	0.3	0.233	1.87710968913454e-15	ZNF217	c3
5.60457970383737e-20	-1.45312958687897	0.024	0.054	1.87966394107298e-15	GNAQ	c3
5.62703270118611e-20	0.264480915148631	0.272	0.207	1.8871942273238e-15	NIPSNAP1	c3
5.65289893167955e-20	0.333221031055952	0.2	0.147	1.89586924370669e-15	CPSF2	c3
5.66783424362854e-20	0.317999070685993	0.201	0.147	1.90087824862814e-15	CINP	c3
5.69525645482068e-20	0.284165349014349	0.187	0.135	1.91007510981776e-15	BTAF1	c3
5.83692373581573e-20	0.279044333459341	0.261	0.199	1.95758748251788e-15	MTF2	c3
5.99875617432486e-20	-1.29758457035927	0.043	0.079	2.01186284574507e-15	RIPK2	c3
6.03038104656412e-20	0.322888608446976	0.197	0.144	2.02246919539667e-15	VPS33A	c3
6.03630430599043e-20	0.278579904931583	0.252	0.192	2.02445573814307e-15	SEC22B	c3
6.06892060465623e-20	0.156009503162837	0.692	0.596	2.03539459238961e-15	CDKN1B	c3
6.1084965557722e-20	-1.25687610806111	0.052	0.089	2.04866757487488e-15	CREG1	c3
6.13905763872474e-20	0.246568681313241	0.282	0.216	2.0589171508755e-15	NDUFS4	c3
6.14389605011041e-20	0.436159632552314	0.131	0.089	2.06053985728603e-15	COX15	c3
6.16705733117023e-20	0.224965460673655	0.423	0.342	2.06830768772787e-15	NAXE	c3
6.36575273016087e-20	-5.85700364873437	0.001	0.019	2.13494615064135e-15	IL1R2	c3
6.62919903020449e-20	0.155075729214044	0.452	0.368	2.22330077074998e-15	GLUD1	c3
6.66371113102909e-20	-3.68124642936791	0.003	0.022	2.23487543912454e-15	RAB20	c3
6.87557799448628e-20	0.434874519175411	0.163	0.117	2.30593134779081e-15	ITPK1	c3
7.09563806594074e-20	0.311114488682883	0.18	0.129	2.37973509455521e-15	OPA1	c3
7.15692591246376e-20	0.282084603779264	0.219	0.162	2.4002898125221e-15	MED27	c3
7.55264899215932e-20	-3.3461774802845	0.001	0.019	2.53300741899039e-15	DEPDC1	c3
7.69821143535019e-20	0.256406996724166	0.31	0.241	2.58182615118775e-15	NELFCD	c3
7.72388733221061e-20	-6.07099142956809	0	0.018	2.59043733347679e-15	PIANP	c3
7.89774737062505e-20	1.28305435875232	0.025	0.01	2.64874651316023e-15	GRAMD1C	c3
8.02516936272908e-20	-2.93769305647746	0.004	0.025	2.69148130087208e-15	FER	c3
8.26213833827211e-20	-0.546795928770057	0.239	0.289	2.7709559558897e-15	PHTF2	c3
8.3403095585728e-20	-1.02670288829867	0.057	0.096	2.79717301975415e-15	TUBE1	c3
8.39503043245349e-20	0.286607030158498	0.227	0.17	2.81552530643625e-15	MAP2K7	c3
8.6606074699582e-20	0.263631810460497	0.29	0.226	2.90459453327458e-15	IL10RB	c3
8.90289126184686e-20	0.219719956818281	0.428	0.346	2.9858516713982e-15	OGFR	c3
8.9137722570337e-20	0.361847999032104	0.161	0.114	2.98950093956396e-15	ATF7	c3
8.92797242489919e-20	0.215208841484914	0.332	0.26	2.99426339186269e-15	ACTR1B	c3
8.93455394521199e-20	0.163786263120356	0.773	0.687	2.9964707021452e-15	C11orf58	c3
8.95753292550242e-20	0.319252300773545	0.165	0.117	3.004177392555e-15	DNMT3A	c3
9.05925494099213e-20	1.62011861145903	0.036	0.017	3.03829292210994e-15	TRAV1-1	c3
9.22932659295923e-20	0.525846932177556	0.085	0.053	3.09533155274667e-15	GBA2	c3
9.28476672394685e-20	1.35436085885942	0.023	0.009	3.1139250638773e-15	P2RY14	c3
9.30641850795313e-20	0.494947979263372	0.089	0.056	3.12118663919732e-15	UBXN6	c3
9.58063513342633e-20	0.306670252220045	0.189	0.138	3.21315341104852e-15	MVB12A	c3
9.58316089177571e-20	0.407803363841387	0.129	0.088	3.21400049988374e-15	CRACR2A	c3
9.60039959073104e-20	0.446071407568672	0.084	0.052	3.21978201473938e-15	MTHFR	c3
9.74265855644485e-20	0.464439818433869	0.126	0.086	3.26749282666048e-15	USP21	c3
9.90179546281495e-20	0.33014041347822	0.22	0.164	3.32086416231888e-15	SLC35B2	c3
1.01031342907455e-19	-1.20529838888632	0.044	0.08	3.38838917843022e-15	LRIG1	c3
1.0712472361265e-19	-0.597224672434162	0.179	0.228	3.59274898052104e-15	EXOSC8	c3
1.17496372428281e-19	-0.941364198937781	0.089	0.132	3.94059333849967e-15	APLP2	c3
1.18227235320892e-19	0.247714351395919	0.213	0.157	3.96510501819207e-15	GATD3B	c3
1.18731281464913e-19	0.486982876823499	0.112	0.074	3.98200971777025e-15	PDPR	c3
1.23850813301318e-19	0.612216502868028	0.072	0.043	4.15370857649961e-15	PCCA	c3
1.26885282868378e-19	-0.812376213521671	0.091	0.135	4.25547861683965e-15	CENPK	c3
1.29815955413079e-19	0.501375170011363	0.121	0.082	4.35376751264385e-15	COL18A1	c3
1.29950037243884e-19	0.35983353917711	0.118	0.079	4.35826434908539e-15	WDR7	c3
1.3120156443289e-19	-2.05139943254356	0.01	0.034	4.40023806795027e-15	LMO7	c3
1.40434345495418e-19	-2.37967918929553	0.005	0.025	4.70988707922532e-15	TMCC3	c3
1.45853949210183e-19	0.235494668011512	0.362	0.287	4.89164974861112e-15	NFYC	c3
1.45959588673554e-19	0.221334119554939	0.34	0.267	4.89519268493365e-15	PFDN1	c3
1.46078235550778e-19	0.398110143792684	0.135	0.093	4.899171863902e-15	BIN3	c3
1.46650075340325e-19	0.472426976183712	0.098	0.063	4.91835022676383e-15	NAB2	c3
1.46908811901671e-19	0.420478420148922	0.148	0.104	4.92702773355825e-15	PDK2	c3
1.47305892667023e-19	0.232021388652942	0.307	0.239	4.94034502826662e-15	MRPL21	c3
1.4970632803122e-19	0.292368215424915	0.177	0.128	5.02085082951105e-15	EPS15L1	c3
1.52729249797349e-19	0.225418998030938	0.277	0.213	5.12223357970348e-15	AGGF1	c3
1.53702592266644e-19	0.354530521826173	0.132	0.09	5.15487753943871e-15	CLASP1	c3
1.5542839643255e-19	1.66904400050022	0.018	0.006	5.21275755955487e-15	AC104078.1	c3
1.63142644480396e-19	0.20633965451153	0.377	0.3	5.47147801058353e-15	ACAA1	c3
1.71379804957742e-19	0.596831322646845	0.084	0.053	5.74773589867276e-15	RHBDD3	c3
1.74574953272591e-19	0.761132982905592	0.06	0.034	5.85489478285616e-15	FAM214B	c3
1.84970544319243e-19	0.549607343574616	0.109	0.073	6.20354211537877e-15	RCN1	c3
1.8876902086136e-19	0.376094775575885	0.151	0.106	6.33093542164829e-15	PXK	c3
1.91262821233562e-19	0.308545352261669	0.202	0.149	6.41457249853119e-15	TPRA1	c3
1.93700338188102e-19	0.390235129346548	0.173	0.125	6.49632194215256e-15	PSMD5	c3
1.9917158073464e-19	0.972413000015898	0.041	0.021	6.67981647467835e-15	DMWD	c3
2.12495411033248e-19	0.525394837739805	0.092	0.059	7.12667109523306e-15	UNKL	c3
2.15134048854483e-19	-1.06569389367956	0.051	0.088	7.21516573048164e-15	PRKAG2	c3
2.21513870897794e-19	0.514644787417562	0.079	0.048	7.42913220217022e-15	CARF	c3
2.33515490586133e-19	0.717457672641919	0.062	0.036	7.83164252327773e-15	DUS2	c3
2.33997798901482e-19	0.394580454226541	0.128	0.087	7.84781817955791e-15	GMDS-DT	c3
2.35008680739418e-19	-1.24165055384608	0.011	0.035	7.88172113463859e-15	CHTF18	c3
2.35431024103891e-19	0.397607893112599	0.138	0.096	7.8958856863963e-15	TRIM41	c3
2.36425933380455e-19	0.256076950554577	0.317	0.249	7.92925295371369e-15	ACADM	c3
2.37298553693908e-19	-2.34389437287843	0.005	0.025	7.95851889378628e-15	GDPD5	c3
2.55226565794497e-19	-2.98824660742931	0.001	0.019	8.55978856361583e-15	E2F8	c3
2.59568835928015e-19	0.33859862908305	0.175	0.127	8.70541961935376e-15	ATP6V1C1	c3
2.72730616787906e-19	0.233583175939939	0.593	0.516	9.14683942583281e-15	CREM	c3
2.72918001600659e-19	0.263658471000629	0.198	0.145	9.15312393768291e-15	LRMP	c3
2.79215482607846e-19	0.187242902464814	0.538	0.45	9.36432885570195e-15	ARHGAP4	c3
2.85976898419096e-19	0.999729837691865	0.026	0.011	9.59109321917963e-15	NAPSA	c3
3.02303461701958e-19	0.26220917369428	0.346	0.277	1.01386534985603e-14	RALBP1	c3
3.0784919848529e-19	0.505121808346342	0.087	0.055	1.03246464187997e-14	C17orf80	c3
3.10159124825287e-19	0.247496425596412	0.349	0.276	1.04021167283905e-14	HSPA4	c3
3.23695136669765e-19	0.271167663124666	0.245	0.186	1.08560874936306e-14	BID	c3
3.26126029239367e-19	0.549624805640484	0.085	0.053	1.09376147686299e-14	TLK2	c3
3.26164955248057e-19	0.257165009832663	0.204	0.15	1.09389202691093e-14	COMMD9	c3
3.29570642279374e-19	-1.94955183849136	0.004	0.023	1.10531402007656e-14	SKA1	c3
3.29973091739654e-19	-5.86072604334058	0	0.017	1.10666375507645e-14	EMP1	c3
3.30556080069996e-19	0.409015402617162	0.127	0.086	1.10861898133875e-14	SLC46A3	c3
3.39735712429855e-19	0.74455482707504	0.085	0.053	1.13940563234725e-14	PLXNC1	c3
3.49448712956428e-19	0.775720703491777	0.083	0.052	1.17198109351327e-14	ERMP1	c3
3.49794964948508e-19	-2.12562694172379	0.01	0.033	1.17314235344431e-14	TMEM117	c3
3.54860022299249e-19	0.391640158470214	0.126	0.086	1.19012954278722e-14	TRIM37	c3
3.58650613873943e-19	0.195459581648369	0.485	0.399	1.20284242881043e-14	MYCBP2	c3
3.63097209950109e-19	0.397553418043592	0.155	0.111	1.21775542273067e-14	DAPK3	c3
3.82015349144757e-19	-1.30825538031035	0.024	0.053	1.28120307796169e-14	EAF2	c3
3.8207615596053e-19	0.353532196597302	0.159	0.113	1.28140701186043e-14	TSC2	c3
3.87650405282489e-19	0.253561332268228	0.358	0.285	1.30010192923641e-14	EHD1	c3
3.94633791685062e-19	0.38815108426729	0.195	0.145	1.32352281055336e-14	GLE1	c3
4.02807084935055e-19	-0.767376687674445	0.144	0.188	1.35093440145519e-14	CFAP36	c3
4.09792601859432e-19	0.530126403825113	0.083	0.052	1.37436242811616e-14	PCGF3	c3
4.14613063801513e-19	0.334518121780089	0.189	0.139	1.39052929337751e-14	ING3	c3
4.14933764966132e-19	-1.86195323548347	0.031	0.062	1.39160486094341e-14	TRDV1	c3
4.17779158694419e-19	0.317068473225401	0.214	0.16	1.40114774242934e-14	MCM3AP	c3
4.35356723762672e-19	-1.34961045653755	0.044	0.079	1.46009938015525e-14	TRABD2A	c3
4.47184748919801e-19	-4.78440288472197	0.001	0.018	1.49976821092723e-14	SUSD4	c3
4.53105265430196e-19	0.239284432002502	0.216	0.16	1.51962443919979e-14	U2AF1	c3
4.62710398695186e-19	-2.5910580716154	0.007	0.028	1.55183813514392e-14	MMP25	c3
4.65418088357163e-19	0.211404947783554	0.325	0.254	1.56091918473225e-14	DNPEP	c3
4.70048105462816e-19	0.254725139690599	0.304	0.237	1.57644733610119e-14	UBAP1	c3
4.73258435827859e-19	0.69973684734265	0.058	0.033	1.58721414207947e-14	CHSY1	c3
4.93353142404387e-19	-0.315736278155193	0.492	0.516	1.65460776899583e-14	GRK6	c3
4.94675561766052e-19	0.691681926778295	0.061	0.035	1.65904289905098e-14	CBX8	c3
4.97664251235644e-19	0.131012885377436	0.618	0.521	1.6690663657941e-14	TPR	c3
5.0730832477485e-19	0.237870085915692	0.423	0.344	1.70141065962989e-14	CHMP4A	c3
5.09391897510703e-19	0.26875603095849	0.262	0.202	1.7083985458714e-14	TMEM18	c3
5.11814885063556e-19	-1.44334670759545	0.011	0.035	1.71652476152615e-14	CHEK1	c3
5.11845437055651e-19	0.237452050569469	0.284	0.22	1.71662722679724e-14	SPTY2D1	c3
5.13542974093202e-19	-0.417213468943129	0.274	0.326	1.72232042651378e-14	ERN1	c3
5.15360911787167e-19	0.216208159091061	0.299	0.232	1.7284174259518e-14	C22orf39	c3
5.15484117848125e-19	0.261086301005643	0.235	0.177	1.72883063443904e-14	UROD	c3
5.32192563392648e-19	0.718919639961805	0.063	0.037	1.78486741910626e-14	ZNF771	c3
5.37453130358531e-19	-0.457761674323002	0.31	0.354	1.80251030859644e-14	STN1	c3
5.37769787559754e-19	0.567950252952386	0.106	0.071	1.8035723135179e-14	C22orf34	c3
5.38590397868015e-19	0.354671769617598	0.145	0.101	1.80632447636975e-14	PI4KA	c3
5.45507310197799e-19	-1.13515510590264	0.041	0.075	1.82952241694138e-14	LST1	c3
5.96644006927206e-19	-1.36947312073261	0.01	0.034	2.00102467043246e-14	SLC29A1	c3
6.03555415841025e-19	0.233423330526509	0.291	0.225	2.02420415364763e-14	PPP2R3C	c3
6.17666920319443e-19	0.289934061032104	0.198	0.146	2.07153131736735e-14	RMDN1	c3
6.19412331081315e-19	0.275681305189089	0.251	0.191	2.07738507598051e-14	GLYR1	c3
6.20371323127973e-19	0.699607353170856	0.065	0.038	2.08060134350659e-14	SH3BP5L	c3
6.32450286359876e-19	-2.55194304260733	0.006	0.027	2.12111177039375e-14	ENPP5	c3
6.45242723896643e-19	0.349622882095031	0.119	0.08	2.16401504740456e-14	MED13L	c3
6.55508166547653e-19	0.333538148020646	0.195	0.145	2.19844328896752e-14	CIAPIN1	c3
6.64617560047596e-19	0.508954046112384	0.12	0.082	2.22899437288763e-14	CPPED1	c3
6.86309641787225e-19	0.443104076107786	0.128	0.088	2.30174527662599e-14	THAP3	c3
7.02687791261402e-19	-0.589861077394278	0.193	0.24	2.35667431433249e-14	RAP1GDS1	c3
7.04724243143289e-19	0.333076184867903	0.171	0.123	2.36350416665396e-14	ZMYND8	c3
7.08244330302662e-19	0.279304970287898	0.246	0.188	2.37530983496907e-14	NFU1	c3
8.06137328302899e-19	-0.569622654150598	0.18	0.229	2.70362337166226e-14	AP1S2	c3
8.58383067511035e-19	0.283651725579853	0.226	0.17	2.87884513181851e-14	XIAP	c3
8.64425951992686e-19	0.407572368643573	0.144	0.101	2.89911175779307e-14	ARMC6	c3
8.85939616561647e-19	0.189962803309149	0.494	0.405	2.97126428602445e-14	RAB14	c3
9.47544367400326e-19	0.319710686965898	0.201	0.15	3.17787429938721e-14	ZNF688	c3
9.53744573229584e-19	0.19570243767979	0.377	0.3	3.19866854969738e-14	ARRDC1	c3
1.00521819771391e-18	0.337906645708798	0.166	0.119	3.37130079149291e-14	SCYL2	c3
1.00880915053637e-18	0.242482026910581	0.293	0.228	3.38334412906886e-14	MTMR14	c3
1.0255772790378e-18	0.31239923342968	0.238	0.183	3.43958107843697e-14	SFT2D2	c3
1.0278942150178e-18	0.292087949915792	0.193	0.142	3.44735161832668e-14	PDPK1	c3
1.04090501091601e-18	-0.230270756051344	0.641	0.644	3.4909872256101e-14	LAMTOR4	c3
1.04959535900017e-18	0.215209869104854	0.301	0.234	3.52013291501476e-14	C19orf25	c3
1.05338441587238e-18	-0.238881179690257	0.919	0.892	3.53284065395278e-14	S100A6	c3
1.0854439905699e-18	0.284361013686093	0.175	0.126	3.64036205557332e-14	TCTA	c3
1.09220376880689e-18	-0.671373403327224	0.144	0.19	3.66303299982456e-14	WDR74	c3
1.12089364141414e-18	0.211992391018935	0.388	0.31	3.75925309457473e-14	BLOC1S1	c3
1.15357586031931e-18	-2.23871266327864	0.008	0.029	3.86886272033889e-14	TESMIN	c3
1.25042951604028e-18	-0.433800855936648	0.363	0.392	4.19369051089588e-14	LSM4	c3
1.259876939385e-18	0.153348674946242	0.6	0.507	4.22537527930942e-14	EIF2S3	c3
1.26018839595811e-18	0.806352851455849	0.054	0.03	4.2264198423643e-14	DCLRE1A	c3
1.26366935705544e-18	0.285739653408675	0.194	0.143	4.23809428969253e-14	TBC1D22A	c3
1.27775265639642e-18	0.318770131394523	0.155	0.11	4.28532685902231e-14	C16orf72	c3
1.28225341550029e-18	-6.30911516074661	0	0.016	4.30042150490489e-14	RAB6B	c3
1.30140459771637e-18	-2.70878232660675	0.012	0.036	4.36465073982117e-14	CCNB2	c3
1.30540296119242e-18	0.357915165606523	0.157	0.113	4.37806045124714e-14	USP7	c3
1.31027743452426e-18	0.174441778898559	0.342	0.268	4.39440845990747e-14	ERICH1	c3
1.31056326872738e-18	-3.13200133590362	0.004	0.024	4.39536709065788e-14	IL1RAP	c3
1.31157404323722e-18	0.572631715789238	0.065	0.038	4.39875702620899e-14	ST20-MTHFS	c3
1.34030500039395e-18	-4.33935564753103	0.002	0.019	4.49511491032122e-14	TRDV2	c3
1.34797376974217e-18	0.191033402968621	0.479	0.392	4.52083442896128e-14	ANAPC5	c3
1.36978724021162e-18	0.670506445528021	0.057	0.032	4.59399244622172e-14	KIAA0556	c3
1.37334727850529e-18	0.158297559382397	0.659	0.565	4.60593210265103e-14	RBX1	c3
1.37736439449935e-18	0.210247307249924	0.356	0.282	4.61940470627191e-14	MTERF4	c3
1.3889954150436e-18	0.574349091691849	0.058	0.033	4.65841282297324e-14	TNFRSF14-AS1	c3
1.39286518022538e-18	-1.0432504718276	0.038	0.071	4.67139124143987e-14	CENPH	c3
1.43030240076663e-18	0.272497309866987	0.167	0.122	4.79694819169113e-14	MIR155HG	c3
1.43331335401314e-18	0.187653150868058	0.317	0.247	4.80704632668927e-14	HDDC2	c3
1.49995387361772e-18	-1.2343772810268	0.015	0.041	5.0305453013391e-14	RFC3	c3
1.51041510469015e-18	-1.57210250762381	0.019	0.046	5.06563017810981e-14	KIAA1324	c3
1.54504273913375e-18	0.222984912256136	0.353	0.281	5.18176433850676e-14	SPPL2A	c3
1.60464923313204e-18	0.553254420074006	0.089	0.057	5.38167259807822e-14	XXYLT1	c3
1.60680976758633e-18	-0.687403812577831	0.141	0.187	5.38891859853104e-14	MGAT5	c3
1.63981591008406e-18	-0.596355578322297	0.125	0.172	5.4996145992399e-14	FN3KRP	c3
1.6662200319292e-18	-3.0883736950594	0.001	0.018	5.58816874308417e-14	TTK	c3
1.68380079679076e-18	0.538370578090298	0.118	0.081	5.64713111227684e-14	KCTD17	c3
1.71993498228364e-18	0.176359802408662	0.518	0.428	5.76831794358288e-14	WASF2	c3
1.73452761434799e-18	-1.51361866741898	0.005	0.025	5.81725871300028e-14	NEIL3	c3
1.74959755018875e-18	1.63559525287416	0.015	0.005	5.86780026382301e-14	GASAL1	c3
1.76603860782805e-18	-0.553277524938724	0.206	0.252	5.92294028293372e-14	ARL2	c3
1.77323913612774e-18	0.596274526164765	0.087	0.056	5.9470894147452e-14	IPPK	c3
1.85335920147138e-18	0.369921018870357	0.161	0.116	6.2157960898947e-14	TOR1B	c3
1.87915515620402e-18	-1.10516311613376	0.047	0.082	6.30231056287705e-14	AAMDC	c3
1.92393924293637e-18	-4.64443624177457	0.001	0.017	6.45250743296e-14	KIF20A	c3
1.93273759360623e-18	0.59240521558007	0.08	0.05	6.48201534143658e-14	TATDN2	c3
1.97821422354674e-18	1.98939569169347	0.012	0.004	6.63453486293106e-14	GLB1L3	c3
1.98441351387126e-18	-1.32952417719236	0.027	0.057	6.65532604282143e-14	MCM2	c3
2.0469204406154e-18	-4.00858701831853	0.002	0.019	6.86496177373594e-14	CRIP2	c3
2.04975457339519e-18	0.24121283591297	0.278	0.214	6.8744668882528e-14	SETD2	c3
2.07607639622711e-18	0.218985106656379	0.299	0.232	6.96274501766648e-14	GLTP	c3
2.08807025941505e-18	-4.15770657976848	0.001	0.017	7.00297003602619e-14	CLEC7A	c3
2.14955057032515e-18	0.693369762377452	0.056	0.032	7.2091627027565e-14	TRPM2	c3
2.18084880726384e-18	0.659819178785702	0.072	0.044	7.31413072980148e-14	TBC1D10B	c3
2.18660786927766e-18	0.300234233074789	0.227	0.172	7.3334454719834e-14	DNASE2	c3
2.22238540609914e-18	0.622098327027698	0.071	0.043	7.45343617497529e-14	PI4K2A	c3
2.28162907221316e-18	0.182419151681025	0.444	0.362	7.6521275823885e-14	SNX5	c3
2.31289025223444e-18	0.153936457416871	0.746	0.655	7.75697132794388e-14	ATP5PF	c3
2.35157708124619e-18	-1.31381609302419	0.033	0.064	7.88671921508348e-14	DPEP2	c3
2.4002540312316e-18	0.299320122556701	0.192	0.142	8.04997196994455e-14	WDR48	c3
2.44391357381777e-18	0.296522068950448	0.242	0.187	8.19639734387005e-14	BRD7	c3
2.47299737683666e-18	1.65669993377895	0.012	0.003	8.2939386024348e-14	TSPYL5	c3
2.48753409813857e-18	0.328017246910931	0.173	0.126	8.34269185833714e-14	PHKB	c3
2.60843773838988e-18	0.311140656227864	0.177	0.129	8.74817848701198e-14	VPS41	c3
2.64542581986232e-18	0.234183922651228	0.33	0.263	8.87222911465426e-14	ZC3H13	c3
2.71092124047373e-18	-0.320863425833981	0.494	0.521	9.09188765630078e-14	TAF7	c3
2.77704024705998e-18	0.226085030577886	0.381	0.307	9.31363758058976e-14	SNX1	c3
2.89102826350242e-18	0.284097794947371	0.208	0.156	9.69593059013443e-14	CDC16	c3
2.89703269749137e-18	0.256300514240653	0.202	0.15	9.71606826084656e-14	UBR1	c3
2.9023129221188e-18	0.326291512928751	0.175	0.129	9.73377707820203e-14	CDK16	c3
2.93176165820772e-18	0.348391803104406	0.181	0.133	9.83254224929705e-14	USP42	c3
3.10168425302402e-18	0.233570259684273	0.303	0.236	1.0402428647792e-13	PHC3	c3
3.12561984282391e-18	-0.350767518153514	0.645	0.64	1.04827038288628e-13	CYCS	c3
3.19323939044245e-18	-0.51279285326328	0.278	0.322	1.07094862676659e-13	NFKB1	c3
3.21846112199486e-18	1.20807288103406	0.025	0.011	1.07940749109464e-13	PINLYP	c3
3.31072110076227e-18	0.45998875678218	0.099	0.065	1.11034964277365e-13	EPG5	c3
3.37468045251931e-18	-1.67333697108703	0.013	0.037	1.13180033016593e-13	AMPD3	c3
3.3980258106755e-18	-2.46637136841692	0.007	0.028	1.13962989638435e-13	H1F0	c3
3.46168022177201e-18	0.274369883873662	0.242	0.185	1.1609783127779e-13	PHF12	c3
3.52349511854944e-18	-4.64263425736904	0.001	0.017	1.18170979285911e-13	TNFRSF10D	c3
3.67479432882354e-18	0.329636361968138	0.175	0.128	1.23245252200084e-13	CHPF2	c3
3.71147722691145e-18	-1.06903533915456	0.056	0.091	1.24475523236156e-13	SIK1	c3
3.81188994498513e-18	0.492607022327066	0.121	0.083	1.27843164974911e-13	TMEM206	c3
3.83273240919484e-18	1.36615497426827	0.017	0.006	1.28542179539576e-13	CHRNA1	c3
3.88484623272625e-18	0.694397628566126	0.055	0.031	1.30289972953173e-13	EVC2	c3
3.93360116678795e-18	0.169983170329586	0.416	0.337	1.31925115931734e-13	P2RY10	c3
3.99917073178428e-18	0.289661897940807	0.215	0.162	1.34124188002581e-13	CERS5	c3
4.15939352162455e-18	0.340087661345458	0.121	0.082	1.39497739928244e-13	PGPEP1	c3
4.26499223320065e-18	0.76851010151343	0.048	0.026	1.43039309517083e-13	CHST10	c3
4.28039399039432e-18	0.246926954280821	0.226	0.171	1.43555853649845e-13	C5orf24	c3
4.33089845112791e-18	0.336240491677001	0.172	0.126	1.45249672253928e-13	BANP	c3
4.38251521879168e-18	-1.13772551645471	0.008	0.03	1.46980795407835e-13	OIP5	c3
4.44651694299277e-18	0.388349481437975	0.132	0.092	1.49127285234092e-13	BNIP1	c3
4.57701836292073e-18	0.187866362244627	0.385	0.308	1.53504041855635e-13	SFXN1	c3
4.6554738488403e-18	-2.25968861930104	0.008	0.029	1.56135281942406e-13	CR381653.1	c3
4.70728261110997e-18	0.881572315878502	0.031	0.014	1.57872844211406e-13	NATD1	c3
4.72869480194437e-18	0.317178975473913	0.172	0.125	1.5859096626761e-13	FBXO42	c3
5.01611552578334e-18	0.265854007576724	0.221	0.167	1.68230482503721e-13	AP3M1	c3
5.05225962589972e-18	0.290913302262069	0.181	0.133	1.69442683333425e-13	ANGEL2	c3
5.10747364912401e-18	0.23828832897918	0.205	0.152	1.71294451244321e-13	MDM2	c3
5.15654646994412e-18	0.178477097323072	0.419	0.337	1.72940255508986e-13	ABT1	c3
5.17223282441927e-18	0.283995580257122	0.235	0.18	1.73466344465374e-13	MED8	c3
5.23866441537725e-18	0.174632155899775	0.565	0.463	1.75694327162922e-13	GTF2A2	c3
5.37823173615145e-18	0.219758333114065	0.29	0.226	1.80375135967047e-13	CDK12	c3
5.49137247495005e-18	0.342001313058077	0.13	0.091	1.84169650064875e-13	SSH1	c3
5.53059657384142e-18	0.581549105042519	0.074	0.046	1.85485147893494e-13	CPLANE1	c3
5.61348020942971e-18	-0.770702829484652	0.071	0.11	1.88264899263854e-13	C15orf39	c3
5.80818534569246e-18	0.241692307988899	0.315	0.248	1.94794920123834e-13	EPN1	c3
5.87989320387044e-18	0.455827902830685	0.087	0.056	1.97199858271407e-13	USP32	c3
6.11861523544833e-18	0.428736833354936	0.089	0.057	2.05206117766466e-13	RYBP	c3
6.14343379320938e-18	0.3054551092033	0.18	0.133	2.06038482556656e-13	ARHGAP27	c3
6.46150430757996e-18	0.253100485201687	0.199	0.147	2.16705931467617e-13	TAOK1	c3
6.4941371032686e-18	-1.84043612815628	0.009	0.031	2.17800370169422e-13	HDAC9	c3
6.60151842454946e-18	0.19158967169586	0.391	0.315	2.2140172492254e-13	PQLC3	c3
6.65541554408728e-18	-2.77459010974604	0.003	0.021	2.23209326517599e-13	LILRB1	c3
6.66413944561428e-18	0.340554594887157	0.165	0.12	2.23501908727012e-13	MANBA	c3
6.6918734168024e-18	0.33969154025025	0.179	0.131	2.24432050652719e-13	FRMD8	c3
6.85620071317004e-18	0.195237162219582	0.472	0.391	2.29943259518297e-13	MGAT1	c3
6.97031772231138e-18	0.254665635333676	0.248	0.19	2.33770515770879e-13	ARHGAP1	c3
6.97835345989097e-18	-1.27264601484271	0.025	0.053	2.34040018337823e-13	CENPW	c3
6.99968946137578e-18	0.216215891223986	0.285	0.221	2.34755585155621e-13	RING1	c3
7.04662142043368e-18	-1.57340496719411	0.014	0.039	2.36329589198505e-13	TSPAN4	c3
7.18884429614655e-18	-1.80799308715034	0.013	0.036	2.41099460004163e-13	LFNG	c3
7.33642833244377e-18	0.195261833608087	0.378	0.302	2.46049133413499e-13	LSM10	c3
7.4219627280418e-18	0.208079451888453	0.202	0.149	2.48917785973066e-13	PARP15	c3
7.49502742612319e-18	0.44178951605194	0.116	0.079	2.5136822981732e-13	MYPOP	c3
7.51494860765666e-18	0.225598743706887	0.32	0.253	2.52036346403589e-13	PUM2	c3
7.54150058477938e-18	0.306739464186579	0.174	0.128	2.52926846612331e-13	NEK1	c3
7.70809836067928e-18	0.307063769376441	0.206	0.155	2.58514202820462e-13	RNF40	c3
7.78348166391956e-18	-5.43255252116321	0.001	0.016	2.61042408044534e-13	ASB13	c3
7.85569072631159e-18	2.04855974402935	0.015	0.005	2.63464155579038e-13	BFSP1	c3
7.86972172908715e-18	0.448075185501391	0.131	0.092	2.63934727350125e-13	MTOR	c3
7.87811604653112e-18	0.245589446281034	0.252	0.193	2.64216255968561e-13	UVRAG	c3
8.03572592941998e-18	0.196328153538382	0.317	0.248	2.69502176220887e-13	HBP1	c3
8.17301622432599e-18	0.707165954301785	0.049	0.027	2.74106618131445e-13	GLIDR	c3
8.29435560686175e-18	-0.673841998982028	0.095	0.137	2.78176098342929e-13	TLNRD1	c3
8.40078860916254e-18	0.412974681706448	0.115	0.078	2.81745648374093e-13	GEMIN8	c3
8.60332615299806e-18	0.388080130301867	0.144	0.103	2.88538352519249e-13	NAA30	c3
8.8745223547013e-18	-1.65094463447539	0.007	0.028	2.97633730731972e-13	MND1	c3
9.16111431065303e-18	0.190480202476991	0.398	0.319	3.07245451750681e-13	SYS1	c3
9.40451960179512e-18	1.0432489558563	0.025	0.011	3.15408778405005e-13	AL139260.1	c3
9.43884745258688e-18	-1.14887833550322	0.033	0.064	3.16560065864859e-13	PHOSPHO2	c3
9.4643615902711e-18	0.146828750778944	0.523	0.431	3.17415759014512e-13	RABGAP1L	c3
9.53701292292783e-18	0.324337296146062	0.201	0.151	3.19852339409154e-13	KMT5B	c3
9.63181493621832e-18	0.238329137291496	0.223	0.169	3.2303180933089e-13	ANKRD13D	c3
9.67931324756611e-18	0.185705731001971	0.383	0.306	3.24624807696872e-13	SQOR	c3
9.81847421254361e-18	0.149353178060388	0.559	0.468	3.29291988140288e-13	R3HDM4	c3
9.90890780947676e-18	-0.508288301901969	0.24	0.286	3.32324950114232e-13	CERK	c3
9.96396613140259e-18	0.431325793661231	0.125	0.087	3.3417149611498e-13	TTC31	c3
1.00878145426997e-17	0.614737631687789	0.074	0.046	3.38325124133061e-13	LIMD1	c3
1.05470202513332e-17	-1.89626106508646	0.013	0.036	3.53725965189213e-13	MGST2	c3
1.05875619963838e-17	0.184089840249558	0.724	0.629	3.5508565423472e-13	P4HB	c3
1.06979786068879e-17	-0.473160104467417	0.328	0.363	3.58788806517807e-13	EIF4A3	c3
1.09082239660386e-17	0.497192413248527	0.128	0.09	3.65840015373003e-13	CASP2	c3
1.10580559701123e-17	-0.570895291329625	0.147	0.192	3.70865081125626e-13	MRPL17	c3
1.13059868727876e-17	0.174523097846949	0.58	0.488	3.7918018773955e-13	CCT3	c3
1.13555345625736e-17	0.152947804017722	0.751	0.67	3.80841918159593e-13	NEDD8	c3
1.14100225510295e-17	0.192636571911072	0.419	0.338	3.82669336316428e-13	SNW1	c3
1.15494829072749e-17	0.169343945227195	0.405	0.323	3.87346557744186e-13	HNRNPD	c3
1.16251667420058e-17	0.304411340481354	0.169	0.123	3.89884842193391e-13	KIAA1468	c3
1.179789949125e-17	-0.17294051784183	0.78	0.777	3.95677953137543e-13	DAD1	c3
1.18252619862527e-17	-2.96501122917217	0.002	0.02	3.96595636494942e-13	ACVR1B	c3
1.18695929347058e-17	0.634223427626241	0.073	0.045	3.98082407844163e-13	AC016065.1	c3
1.23092913673045e-17	0.927480568222522	0.042	0.022	4.12829013876657e-13	PSMG3-AS1	c3
1.26497584849391e-17	0.211456412569151	0.649	0.568	4.24247600067887e-13	GPI	c3
1.26519228718301e-17	0.441750346684815	0.121	0.083	4.24320189275439e-13	SRBD1	c3
1.27288086350503e-17	0.41835321060393	0.118	0.081	4.26898784002317e-13	GNS	c3
1.29666789245208e-17	0.200403369264622	0.32	0.251	4.34876477770579e-13	SMIM15	c3
1.318898939555e-17	0.290752079052793	0.22	0.168	4.42332326347955e-13	GMEB1	c3
1.32831244934003e-17	0.460630578645032	0.11	0.075	4.45489429259659e-13	AEBP2	c3
1.38139362276281e-17	-4.31310291154752	0	0.015	4.63291793202192e-13	KIF18B	c3
1.41093143491089e-17	0.204539157946364	0.327	0.258	4.73198184640414e-13	ATP6V1E1	c3
1.4322003611094e-17	0.242118304204179	0.227	0.172	4.80331357108872e-13	ANKRD17	c3
1.45952376123278e-17	0.309093387207146	0.156	0.112	4.89495079042249e-13	SLC35B3	c3
1.47333827672069e-17	0.670480347295911	0.053	0.03	4.94128191246585e-13	AHDC1	c3
1.47769801020571e-17	0.389464270623877	0.144	0.103	4.95590358662791e-13	ERCC6L2	c3
1.50571311084624e-17	-1.38188217120996	0.026	0.055	5.04986063115611e-13	ASF1B	c3
1.58406988275688e-17	0.194933350671199	0.336	0.266	5.31265357279001e-13	CDC40	c3
1.59344441287477e-17	0.264830939467815	0.261	0.203	5.3440938718994e-13	SART1	c3
1.59509554388908e-17	0.239580465190645	0.218	0.164	5.34963143509518e-13	MOAP1	c3
1.6229873659904e-17	0.2142636539199	0.243	0.187	5.44317502805862e-13	CDK11B	c3
1.62795795746697e-17	0.491484912603121	0.092	0.06	5.45984539775273e-13	GYS1	c3
1.67515065978621e-17	0.472127907275242	0.083	0.053	5.61812028279099e-13	SSBP3	c3
1.68065605583103e-17	-5.06963705094793	0.001	0.016	5.63658428004609e-13	IL1R1	c3
1.69851963352484e-17	0.485687077591693	0.095	0.063	5.69649514691559e-13	NCOA6	c3
1.69853610327004e-17	-2.4625453038697	0.007	0.027	5.69655038314707e-13	QPCT	c3
1.71012190917482e-17	-1.99432593163561	0.009	0.03	5.73540685899052e-13	TNK1	c3
1.72890063175998e-17	0.208806714605359	0.35	0.279	5.79838693879663e-13	CNOT8	c3
1.74292402166447e-17	0.175116750654242	0.395	0.317	5.84541858385829e-13	SPG21	c3
1.76679578034043e-17	-2.2308125736344	0.01	0.031	5.92547968810574e-13	DCBLD1	c3
1.81399996425856e-17	0.274084406522448	0.213	0.161	6.08379308013035e-13	DGLUCY	c3
1.88573733368604e-17	0.165810333015345	0.581	0.489	6.32438586971626e-13	GRB2	c3
1.88881981792402e-17	-2.33396736879938	0.006	0.025	6.33472390535359e-13	GPRASP1	c3
1.89845584334931e-17	0.306076662431255	0.183	0.135	6.36704120742492e-13	SLC30A7	c3
1.915032270766e-17	-1.17020347796929	0.031	0.06	6.422635229695e-13	GALE	c3
2.02144717782592e-17	0.179427564300808	0.518	0.433	6.77952954499255e-13	CLNS1A	c3
2.05201815622713e-17	0.502730849438713	0.089	0.058	6.88205849235453e-13	RNF123	c3
2.0826499922844e-17	-2.26853459690806	0.008	0.029	6.98479154412342e-13	TENT5A	c3
2.10367768668667e-17	0.179103325109032	0.562	0.47	7.05531422560975e-13	NDUFV1	c3
2.11758294118181e-17	1.66164681904306	0.017	0.006	7.10194966813557e-13	TMEM44	c3
2.16378129494317e-17	-2.45745842432527	0.005	0.024	7.2568897069804e-13	AC145124.1	c3
2.19792533378127e-17	0.170452561171795	0.524	0.437	7.37140198443563e-13	WBP2	c3
2.22648643016831e-17	-0.556245452911449	0.427	0.489	7.46719018949847e-13	HSPA1B	c3
2.3169908854506e-17	1.72850218869118	0.013	0.004	7.77072403162421e-13	SLC12A5	c3
2.32690912659171e-17	-3.03321941186765	0.001	0.017	7.80398782876326e-13	ANKRD55	c3
2.36871070002223e-17	0.562605825373291	0.093	0.061	7.94418194573456e-13	IPO13	c3
2.39538054620808e-17	-0.591995871386439	0.173	0.218	8.03362727587267e-13	NDUFAF4	c3
2.43172501664347e-17	0.228667837711873	0.233	0.177	8.15551936081886e-13	ESCO1	c3
2.4458510350161e-17	0.269053632655238	0.127	0.088	8.202895201237e-13	HS3ST3B1	c3
2.45910092676606e-17	0.307452231371346	0.192	0.143	8.247332688188e-13	PLCB2	c3
2.59758544526458e-17	-0.322013072342719	0.46	0.485	8.71178206632835e-13	ATP6AP2	c3
2.64879498287232e-17	0.358228691712785	0.123	0.085	8.88352861355718e-13	SLC22A18	c3
2.65940079010036e-17	0.202583094247338	0.355	0.284	8.91909836983859e-13	MRPS5	c3
2.66268954477149e-17	-1.22701774898742	0.027	0.056	8.93012819525464e-13	RHPN1	c3
2.71254343492019e-17	0.393914627956816	0.137	0.097	9.09732817203532e-13	DYRK4	c3
2.78028653971268e-17	-0.97687574564736	0.058	0.093	9.32452499688837e-13	FEN1	c3
2.7997600848136e-17	0.664976522604027	0.078	0.049	9.38983537244785e-13	FNDC3B	c3
2.87833736457963e-17	0.233321723266776	0.296	0.234	9.65336785332715e-13	DHX30	c3
2.88015908631422e-17	-1.34300101687533	0.007	0.027	9.65947754368064e-13	MTFR2	c3
2.9531363173083e-17	0.177123344733525	0.657	0.565	9.90422858098856e-13	HP1BP3	c3
3.07893585190799e-17	0.357828015192134	0.125	0.087	1.0326135060129e-12	EHBP1L1	c3
3.08988189155481e-17	-0.910134119306314	0.024	0.052	1.03628458878965e-12	ATAD5	c3
3.11304632516539e-17	0.21465549719372	0.404	0.331	1.04405347653397e-12	ERP44	c3
3.14935701734274e-17	0.380322141688164	0.145	0.104	1.05623135647641e-12	C11orf54	c3
3.22705544780449e-17	0.231296141802706	0.261	0.202	1.08228985608467e-12	CCDC57	c3
3.38463740976058e-17	0.88582692332822	0.049	0.028	1.1351396944855e-12	FADS2	c3
3.43704843635212e-17	-3.71736469263222	0.001	0.017	1.15271730458377e-12	ZFP28	c3
3.48116349366005e-17	1.11122113728753	0.028	0.013	1.16751261250371e-12	FUT8-AS1	c3
3.59552325009902e-17	0.327215642400458	0.145	0.104	1.20586658761821e-12	RAB21	c3
3.71378156801391e-17	-3.79001586482403	0.002	0.018	1.24552806228051e-12	RALGPS2	c3
3.73635832544104e-17	0.422324806712515	0.13	0.092	1.25309985518642e-12	DDX19B	c3
3.77570823444121e-17	-0.849454097366546	0.062	0.099	1.26629702766689e-12	MAPK13	c3
3.83324591683032e-17	0.386026296749953	0.089	0.058	1.28559401558655e-12	GM2A	c3
3.99971470107168e-17	1.01859816037898	0.024	0.011	1.34142431644542e-12	PDE1B	c3
4.01588223878644e-17	-2.04051663934446	0.01	0.032	1.3468465852442e-12	MXD3	c3
4.06314424993007e-17	0.363392349512131	0.141	0.101	1.36269731854155e-12	RIT1	c3
4.09045224498674e-17	-0.764249356913729	0.113	0.155	1.37185587392365e-12	MAML2	c3
4.2337629995728e-17	0.539998852957165	0.071	0.044	1.41991943479673e-12	UQCC1	c3
4.24510204172706e-17	0.41947949074902	0.089	0.057	1.42372232275442e-12	HEG1	c3
4.27061124828074e-17	-2.91314185256185	0.001	0.017	1.43227760044839e-12	NEK2	c3
4.3543013303254e-17	1.08857058437209	0.032	0.016	1.46034558016453e-12	SCD	c3
4.40158048997947e-17	0.295853083074886	0.177	0.131	1.47620206472932e-12	CHKB	c3
4.53134893906315e-17	0.339684144649533	0.167	0.123	1.519723807183e-12	PIGBOS1	c3
4.6037198288556e-17	0.370311114098858	0.123	0.085	1.54399555620159e-12	SLC12A9	c3
4.72329522731532e-17	-1.47863595788505	0.017	0.041	1.58409875333701e-12	SEC14L2	c3
4.77439509997214e-17	0.47413358885228	0.1	0.067	1.60123662862866e-12	NCK1-DT	c3
4.78718925013517e-17	0.168821221337059	0.287	0.223	1.60552753071033e-12	LAMTOR3	c3
4.84247578660754e-17	0.212442465156195	0.344	0.275	1.62406952931244e-12	ATG5	c3
4.89220959549985e-17	0.607089866229543	0.07	0.043	1.64074925413874e-12	NAPA-AS1	c3
4.90096106986136e-17	0.283208170454037	0.154	0.111	1.6436843236101e-12	SOS1	c3
4.90203993630863e-17	-0.960955777145602	0.046	0.079	1.64404615383919e-12	NFE2L3	c3
5.14177307355668e-17	0.637653009521758	0.056	0.032	1.72444785340944e-12	AC009061.2	c3
5.15272093093301e-17	0.59500259329152	0.07	0.043	1.72811954581631e-12	ZMYM3	c3
5.18816759763557e-17	0.180952765956366	0.44	0.359	1.74000764889502e-12	EMC10	c3
5.21412189770707e-17	0.478661571501835	0.117	0.081	1.748712202053e-12	C8orf82	c3
5.26665969057327e-17	-0.703221214945223	0.123	0.165	1.76633232702446e-12	RRM1	c3
5.40424257995377e-17	0.271987356452682	0.164	0.119	1.8124748764649e-12	ANKRD27	c3
5.45884574200608e-17	0.278396743028255	0.211	0.16	1.830787684954e-12	ISOC1	c3
5.48450786910636e-17	0.279892097010659	0.157	0.113	1.83939424914089e-12	SENP5	c3
5.49898042055073e-17	0.39131815914015	0.142	0.102	1.8442480534443e-12	EMSY	c3
5.58540024358541e-17	0.2312406828908	0.273	0.212	1.87323153369367e-12	ZNF430	c3
5.71009456583026e-17	0.38082428245837	0.117	0.081	1.91505151548815e-12	NCDN	c3
5.7144946606876e-17	0.277586891918477	0.138	0.098	1.91652721930141e-12	USF3	c3
5.90001297134022e-17	0.417781701001284	0.113	0.078	1.97874635032808e-12	D2HGDH	c3
6.05341503056869e-17	0.303474751165283	0.158	0.115	2.03019433295213e-12	MAU2	c3
6.07447740169306e-17	0.63257249523534	0.059	0.035	2.03725823097982e-12	SLC16A13	c3
6.25886450582147e-17	-1.18654574426674	0.022	0.049	2.0990979779624e-12	KCTD6	c3
6.32603668154594e-17	0.253863009189235	0.21	0.159	2.12162618225688e-12	RPF1	c3
6.44818981014535e-17	-2.90343999571608	0.005	0.023	2.16259389852655e-12	CD40	c3
6.51206043491637e-17	0.284751257521939	0.205	0.155	2.18401482866225e-12	RSPRY1	c3
6.52749925769929e-17	0.22991409780287	0.224	0.17	2.18919270104719e-12	SPAG9	c3
7.07907242097307e-17	0.217900367179211	0.283	0.222	2.37417930854595e-12	LLPH	c3
7.15597335085916e-17	0.186999820106591	0.45	0.373	2.39997034241115e-12	HIF1A	c3
7.1911922771303e-17	0.184318686467636	0.415	0.337	2.41178206590396e-12	MRPS7	c3
7.24802079589454e-17	0.727874921826053	0.056	0.033	2.43084121452711e-12	C2CD2	c3
7.42274997158334e-17	-1.48212802191036	0.019	0.044	2.48944188546962e-12	NMB	c3
7.47531071442226e-17	0.218462656282727	0.354	0.283	2.50706970740294e-12	TSEN15	c3
7.65097585938431e-17	1.73820210688848	0.011	0.003	2.56598428372031e-12	HEATR9	c3
7.67052625276128e-17	0.199171237620398	0.292	0.228	2.57254109465108e-12	MRPL55	c3
7.75288342868296e-17	0.177867901920765	0.482	0.402	2.60016204431169e-12	CAPN2	c3
7.8194169005997e-17	-0.70777941616984	0.107	0.148	2.62247604012313e-12	DTYMK	c3
7.97044756274545e-17	0.225196904154074	0.304	0.24	2.67312870359357e-12	WIPI2	c3
8.02042995835173e-17	0.170357237449864	0.338	0.269	2.689891799432e-12	POLR2A	c3
8.05387413196409e-17	0.40353924844092	0.09	0.059	2.70110830637812e-12	AL359220.1	c3
8.14736976796627e-17	1.06998145727964	0.024	0.01	2.73246487278053e-12	C16orf45	c3
8.35922689878967e-17	0.183609470900801	0.435	0.353	2.80351751731608e-12	SNRPA	c3
8.37337700614325e-17	-3.83389889887235	0.001	0.017	2.80826318032032e-12	KIR2DL3	c3
8.41778972031812e-17	0.207158724273513	0.313	0.248	2.82315831640029e-12	CNTRL	c3
8.43123978558242e-17	0.164746615244248	0.341	0.269	2.82766919928863e-12	FKBP3	c3
8.49771333933889e-17	-0.922188416914479	0.082	0.12	2.84996309974748e-12	CUX1	c3
8.53921997368374e-17	0.182896640449535	0.31	0.244	2.86388359477405e-12	MRPL13	c3
8.56545535580795e-17	-0.47664988515134	0.369	0.397	2.87268241723087e-12	DGKA	c3
8.58279452870348e-17	-2.0568585517468	0.002	0.018	2.87849762903657e-12	POLQ	c3
8.60247574223644e-17	1.30235328687644	0.025	0.011	2.88509831443126e-12	AC108047.1	c3
8.83574821414652e-17	0.703662762969008	0.053	0.03	2.96333323606046e-12	LANCL2	c3
8.87504327248016e-17	0.292516125728396	0.139	0.099	2.9765120127244e-12	WDR59	c3
8.89753661164665e-17	1.17720378797056	0.024	0.011	2.98405582881405e-12	AL391069.3	c3
9.04674130683524e-17	0.307410943737885	0.158	0.115	3.0340960994864e-12	ARNT	c3
9.1207232425398e-17	-2.09529545196062	0.007	0.026	3.058908161083e-12	MMP23B	c3
9.14629572019331e-17	0.365886098604187	0.17	0.125	3.06748465863843e-12	ZBTB2	c3
9.15174133584039e-17	0.468031419297342	0.112	0.077	3.06931100921415e-12	METTL6	c3
9.42285474544575e-17	1.1087771544455	0.026	0.012	3.1602370245276e-12	NRSN2	c3
9.602382611435e-17	-1.25127250940828	0.035	0.064	3.22044708022307e-12	RIOX2	c3
9.62906076493428e-17	0.292761089420689	0.194	0.146	3.22939439934366e-12	TMEM154	c3
9.64412654715171e-17	0.653958424749435	0.054	0.032	3.23444716138374e-12	LRP12	c3
9.75489023516092e-17	-1.07215603930357	0.03	0.058	3.27159508706827e-12	SGO2	c3
9.785841624037e-17	0.778872398703204	0.047	0.026	3.28197556386953e-12	TPCN2	c3
9.94494731552047e-17	-1.12417013453115	0.034	0.064	3.33533643067926e-12	RAB33B	c3
1.01697923191946e-16	-2.42675148656826	0.007	0.026	3.4107449480115e-12	CCDC112	c3
1.02273401042255e-16	0.18038667327943	0.547	0.463	3.43004532415516e-12	RSRC2	c3
1.07810762952273e-16	-0.149295750690172	0.996	0.994	3.61575736789333e-12	H3F3B	c3
1.09072726166282e-16	0.258108996573177	0.245	0.19	3.65808109016478e-12	AGPAT2	c3
1.09527614370476e-16	-1.88856667590771	0.015	0.038	3.67333713075701e-12	METTL1	c3
1.10982004948137e-16	0.351658049965227	0.126	0.088	3.72211448195062e-12	SARS2	c3
1.11602952428588e-16	0.206592584217652	0.173	0.127	3.74293981854998e-12	TRGC2	c3
1.12034832054433e-16	-1.07621847634385	0.013	0.035	3.75742419744159e-12	SGO1	c3
1.12371575475625e-16	-0.634215339954978	0.163	0.206	3.76871789830152e-12	NT5DC1	c3
1.13356419690517e-16	0.266482569741487	0.184	0.137	3.80174760358054e-12	ERAL1	c3
1.14031048940149e-16	-2.15903326639188	0.007	0.026	3.82437331935471e-12	LRRC1	c3
1.14851535194665e-16	-1.11292193676294	0.04	0.071	3.85189078735866e-12	FAM241A	c3
1.15866366480513e-16	0.189421932357652	0.322	0.257	3.88592619902345e-12	RPS6KB2	c3
1.1667691155243e-16	0.179765758430231	0.4	0.324	3.91311025964539e-12	NUB1	c3
1.17139004962564e-16	-0.625879110473549	0.075	0.114	3.92860794843448e-12	RPL39L	c3
1.23116017516746e-16	0.309499585120933	0.125	0.087	4.12906499547663e-12	CCDC126	c3
1.23778514341212e-16	0.245590462375873	0.31	0.247	4.15128381397556e-12	CRELD2	c3
1.25471092269031e-16	0.321653068973048	0.153	0.111	4.20804949251876e-12	PRR14L	c3
1.31412337594079e-16	0.279564238991461	0.191	0.143	4.40730697823021e-12	DOCK11	c3
1.3391704418026e-16	0.500555489604053	0.098	0.066	4.49130982771757e-12	ATG4A	c3
1.35947151567844e-16	-0.372697841858717	0.36	0.394	4.55939556928236e-12	PRPF6	c3
1.39600754779472e-16	0.512273950985155	0.092	0.061	4.68193011379393e-12	WDR60	c3
1.42099959827286e-16	0.292848314160991	0.192	0.144	4.76574845268751e-12	RXRB	c3
1.43212341051382e-16	0.24153701134264	0.228	0.174	4.80305549418125e-12	DTNBP1	c3
1.45055242608831e-16	0.523690680488876	0.099	0.067	4.86486272661497e-12	AP5S1	c3
1.45343742791191e-16	-2.28534250624841	0.008	0.028	4.87453844573096e-12	CFP	c3
1.57532127741241e-16	0.203742880286372	0.313	0.248	5.28331250018574e-12	EIF2AK1	c3
1.57644376885876e-16	0.186070248962402	0.318	0.253	5.2870771119985e-12	HECTD1	c3
1.60194903977586e-16	0.220355595709907	0.28	0.22	5.37261668960028e-12	ARMC8	c3
1.64424647713827e-16	0.216019282985287	0.257	0.2	5.51447383502633e-12	ARHGEF7	c3
1.67523701601771e-16	0.964908102444384	0.035	0.018	5.61840990432019e-12	AC008438.1	c3
1.68970930444993e-16	0.18082642809117	0.374	0.302	5.66694706526416e-12	MED28	c3
1.81545692941757e-16	-1.12974770079858	0.016	0.039	6.08867944988063e-12	CENPJ	c3
1.83866579335675e-16	-3.26698470523001	0.002	0.017	6.16651733775988e-12	RIN1	c3
1.85568218008883e-16	0.177585211897736	0.399	0.324	6.22358689558192e-12	TROVE2	c3
1.85656356942619e-16	-4.29482546155728	0.001	0.016	6.22654289914155e-12	SVIL	c3
1.89962384987957e-16	-3.54430729366387	0.002	0.017	6.3709584677261e-12	RAB11FIP5	c3
1.92660708526243e-16	0.307115362854283	0.199	0.152	6.46145484255314e-12	OSBPL3	c3
1.94485967107514e-16	0.563751603977257	0.076	0.048	6.52267036485182e-12	TFCP2	c3
1.96229297118263e-16	-2.21431517021201	0.003	0.019	6.58113816675231e-12	ARHGEF39	c3
1.9853278986174e-16	0.158037571072344	0.215	0.162	6.65839270638302e-12	MON2	c3
2.0260642953913e-16	0.57335654001652	0.055	0.033	6.79501443388336e-12	HMOX1	c3
2.02677220629934e-16	0.952551846274302	0.032	0.016	6.79738862548673e-12	DIABLO	c3
2.0272616139193e-16	0.44259607840613	0.153	0.113	6.79903000076256e-12	SCLT1	c3
2.03829058404024e-16	0.296338185595891	0.209	0.159	6.83601896075415e-12	DNAJC17	c3
2.04576725845919e-16	0.221362147776585	0.241	0.186	6.86109423142043e-12	SSSCA1	c3
2.06313004328067e-16	-2.31702672141404	0.005	0.023	6.91932553915472e-12	CSGALNACT1	c3
2.1032796520363e-16	1.19725534294225	0.019	0.008	7.05397929699933e-12	AC083949.1	c3
2.12528865807221e-16	-2.69798939657916	0.005	0.023	7.12779310144259e-12	PAIP2B	c3
2.14420007131744e-16	0.386232176517593	0.105	0.071	7.19121819918444e-12	NAXD	c3
2.15529418947439e-16	0.231395591560341	0.251	0.195	7.22842565265921e-12	SLC52A2	c3
2.16496734704015e-16	0.20665221352305	0.253	0.197	7.26086748850325e-12	PSPC1	c3
2.1727430900111e-16	-0.84117048824568	0.276	0.308	7.28694577527923e-12	CHMP1B	c3
2.185823480079e-16	0.297926061395183	0.161	0.118	7.33081478748895e-12	MRPL30	c3
2.22605342102079e-16	-0.672962430631801	0.165	0.205	7.46573796341953e-12	TRAPPC2B	c3
2.29534498839737e-16	1.21636493219887	0.022	0.009	7.69812802208709e-12	LRRC34	c3
2.30401090294441e-16	0.174307452981608	0.49	0.41	7.72719176629497e-12	DDX6	c3
2.31345838659053e-16	-1.48308681350034	0.006	0.024	7.75887673694733e-12	STIL	c3
2.33044528352622e-16	-1.18661968116559	0.032	0.061	7.81584739189024e-12	ERC1	c3
2.3824151137851e-16	-5.29741652619821	0.001	0.015	7.99014380861247e-12	CCR8	c3
2.39810827928267e-16	-6.21921397921914	0	0.014	8.04277554705821e-12	PAGE5	c3
2.40754511350404e-16	0.368383754413931	0.139	0.099	8.07442480166985e-12	SUGP1	c3
2.43470970641638e-16	-1.26853601451568	0.014	0.037	8.16552941337925e-12	RCCD1	c3
2.43746577383393e-16	0.17376170059264	0.663	0.577	8.17477271228425e-12	RASSF5	c3
2.48828711451649e-16	0.272834161227651	0.244	0.189	8.34521732466542e-12	UNC45A	c3
2.60523387967083e-16	0.378474132318114	0.101	0.068	8.73743338564002e-12	CEP170	c3
2.63722166095981e-16	0.418656484844041	0.144	0.104	8.844714006527e-12	TMEM181	c3
2.65235151457186e-16	0.85035589441879	0.038	0.02	8.89545650957111e-12	CLNK	c3
2.67751488252343e-16	0.348810445479311	0.151	0.11	8.97984941300709e-12	POLR2J3.1	c3
2.69645402334803e-16	0.276921558771667	0.168	0.124	9.04336750350463e-12	BROX	c3
2.71816916097846e-16	0.447560395754134	0.077	0.049	9.11619573208955e-12	ZNF286A	c3
2.74506465619992e-16	0.378877578084599	0.116	0.081	9.20639784396329e-12	ZNF586	c3
2.82276286644211e-16	0.169343730024629	0.559	0.467	9.46698210147355e-12	SS18L2	c3
2.82287156380707e-16	0.454649739269917	0.1	0.068	9.46734665069616e-12	AL590764.1	c3
2.90105845314164e-16	1.33296667101288	0.016	0.006	9.72956984014642e-12	HOXC4	c3
2.92796214236388e-16	-0.307672267815503	0.45	0.479	9.81979943305997e-12	SSB	c3
3.03152886851758e-16	-3.16178116441029	0.005	0.023	1.01671415192343e-11	HIST1H3B	c3
3.16997326160264e-16	-0.798512989065933	0.095	0.134	1.06314563247629e-11	CYSTM1	c3
3.26269407229365e-16	0.485358915951539	0.082	0.053	1.09424233796584e-11	CAPN15	c3
3.31866467489651e-16	-3.47772249686919	0.001	0.016	1.11301375866679e-11	DOCK7	c3
3.32553608782425e-16	0.363571222408287	0.112	0.078	1.1153182931345e-11	FASTKD1	c3
3.35560089076567e-16	0.190273009137947	0.523	0.434	1.12540142674499e-11	SF3B4	c3
3.37110454676963e-16	0.248898969933682	0.263	0.206	1.1306010428956e-11	LSM12	c3
3.37432894595235e-16	-0.49499981728634	0.195	0.239	1.1316824418935e-11	NOLC1	c3
3.47813726981734e-16	0.410423401766344	0.159	0.118	1.16649767755134e-11	HLTF	c3
3.50455927145729e-16	-1.68379376025016	0.01	0.03	1.17535908846135e-11	B3GALT2	c3
3.596862395319e-16	0.305898584604262	0.134	0.096	1.20631571014209e-11	C9orf85	c3
3.72546894737394e-16	-3.45656948244649	0.003	0.019	1.24944777557027e-11	AFDN	c3
3.73157237922778e-16	-0.186083739643464	0.738	0.734	1.25149474454541e-11	ICAM3	c3
3.89189639214112e-16	-1.25291635429424	0.024	0.05	1.30526421199629e-11	EPAS1	c3
3.92153486754427e-16	0.179251563003757	0.429	0.353	1.315204363877e-11	ATXN2L	c3
4.06300594398778e-16	0.132953193983938	0.658	0.568	1.36265093349462e-11	PAK2	c3
4.16922878493502e-16	-2.6410415285259	0.003	0.019	1.39827594989151e-11	LINC00278	c3
4.18694808708367e-16	0.498139644615188	0.097	0.066	1.40421864944612e-11	SLC35E1	c3
4.25036109882967e-16	-1.70435187956799	0.005	0.022	1.42548610532549e-11	HIST1H2AH	c3
4.34022688500621e-16	-1.95675205426339	0.006	0.024	1.45562529269338e-11	IGSF22	c3
4.59257196695492e-16	0.264527127909552	0.187	0.14	1.54025678627734e-11	PIK3C3	c3
4.81175335328429e-16	0.276716158455681	0.153	0.111	1.61376583962449e-11	LANCL1	c3
4.82138114588295e-16	0.172090082547875	0.373	0.302	1.61699480870622e-11	RAB18	c3
4.82179514240693e-16	-0.492780815521477	0.237	0.278	1.61713365486044e-11	THOC3	c3
4.92321536613137e-16	0.269344608207476	0.146	0.105	1.65114796949314e-11	FBXL12	c3
4.93903501335906e-16	0.588809431094149	0.062	0.038	1.65645356278036e-11	ARHGEF12	c3
4.96197444349993e-16	0.191757197381653	0.371	0.301	1.66414698886101e-11	INTS11	c3
5.05280810503048e-16	-0.68515906022407	0.087	0.126	1.69461078226512e-11	B3GALT6	c3
5.24061141087823e-16	0.215684879752655	0.2	0.151	1.75759625498034e-11	GPR155	c3
5.3735304403496e-16	0.269587507164989	0.251	0.197	1.80217463908445e-11	PTGES2	c3
5.42453139692792e-16	-1.01286868371092	0.149	0.188	1.81927933990169e-11	PASK	c3
5.82698778907709e-16	0.209449435064912	0.217	0.166	1.95425516470067e-11	ANKRD49	c3
5.83213563599816e-16	0.183162859742089	0.443	0.364	1.95598164960106e-11	MTCH1	c3
5.94356344087445e-16	0.144967324426998	0.435	0.356	1.99335230680047e-11	PPP3CC	c3
5.95374309504699e-16	0.706396820037408	0.044	0.025	1.99676635921686e-11	VPS54	c3
6.06007927831764e-16	-0.500496752804794	0.199	0.243	2.03242938836217e-11	CFAP97	c3
6.08541985975377e-16	0.284867774796321	0.197	0.15	2.04092811256422e-11	PCYT1A	c3
6.41378532022409e-16	0.557301647448982	0.062	0.038	2.15105532069675e-11	MFGE8	c3
6.44181497898754e-16	0.575092138965185	0.053	0.031	2.16045590765284e-11	BTBD2	c3
6.47403244246778e-16	0.471564572944787	0.098	0.066	2.17126100055484e-11	DGCR8	c3
6.48284568785498e-16	-0.590846439599208	0.167	0.208	2.1742167867928e-11	UNC119	c3
6.52149037972716e-16	0.371934138074037	0.146	0.106	2.18717744355289e-11	KLC2	c3
6.53043411225223e-16	0.180936506247492	0.34	0.272	2.19017699256715e-11	AKR7A2	c3
6.80385729621227e-16	0.254244363176219	0.203	0.154	2.28187766000367e-11	COL4A3BP	c3
6.97933888635695e-16	0.155743616009147	0.621	0.533	2.34073067570639e-11	HMOX2	c3
7.18890005820763e-16	-0.728205172896105	0.089	0.126	2.41101330152168e-11	ZNF83	c3
7.65303266259918e-16	-1.80840949341971	0.014	0.036	2.56667409438251e-11	ANKRD42	c3
7.67904329931984e-16	0.361968955348676	0.159	0.118	2.57539754172589e-11	DOK1	c3
7.71673809302385e-16	-1.84016266085451	0.011	0.031	2.58803962163834e-11	CAMK2N1	c3
7.77132849705228e-16	0.423509428335136	0.108	0.075	2.60634815134139e-11	UBFD1	c3
7.90542841317322e-16	0.839460226995879	0.037	0.019	2.65132258121003e-11	DGKQ	c3
8.08598334757336e-16	-0.738116699816346	0.058	0.092	2.71187709510916e-11	AC093512.2	c3
8.26551923613209e-16	-4.49667124105022	0.001	0.014	2.77208984141398e-11	ZNF208	c3
8.46970845355456e-16	0.174676902107251	0.37	0.298	2.84057082115313e-11	MRPS18C	c3
8.58700396216414e-16	0.129276321507719	0.707	0.616	2.87990938883061e-11	DPP7	c3
8.69500862528069e-16	0.327861852058344	0.148	0.107	2.91613199274664e-11	MAP2K6	c3
8.73347598781154e-16	-1.52920164877009	0.018	0.041	2.92903317679223e-11	SLC31A2	c3
8.79151065754163e-16	-1.39089274162706	0.005	0.023	2.94849684432631e-11	PSMC3IP	c3
8.80520468279291e-16	0.159401119067009	0.441	0.359	2.95308954651509e-11	MRFAP1L1	c3
8.81939816323837e-16	0.383034149097112	0.124	0.088	2.95784975598688e-11	GPN2	c3
8.9662313892802e-16	0.52306862385299	0.073	0.046	3.00709468333679e-11	ZNF18	c3
9.04728437290625e-16	-2.07708412873733	0.011	0.032	3.0342782329853e-11	CYFIP1	c3
9.07843884983414e-16	0.521880184797667	0.078	0.05	3.04472682145737e-11	SRD5A1	c3
9.1303457136278e-16	0.562923039714107	0.053	0.031	3.06213534543649e-11	MLLT11	c3
9.14233052504024e-16	0.384538537089184	0.134	0.096	3.066154811488e-11	NARFL	c3
9.29522215903416e-16	0.359260136358893	0.138	0.1	3.11743160769688e-11	EIF2AK4	c3
9.62696959796148e-16	1.16514356273332	0.021	0.009	3.22869306376432e-11	ABTB2	c3
9.76112777076893e-16	-0.991369180971125	0.053	0.086	3.27368703176048e-11	SLC25A37	c3
9.79216901329646e-16	-1.48474268978752	0.004	0.02	3.28409764367937e-11	TRAIP	c3
9.92965079438317e-16	0.439835891056783	0.073	0.046	3.33020628342023e-11	IFT80	c3
1.00021663397776e-15	0.303332249856339	0.158	0.116	3.35452654703461e-11	PSEN1	c3
1.04267878175394e-15	0.768695854450753	0.049	0.028	3.49693609824637e-11	ABHD17B	c3
1.04722070291216e-15	-2.53791097212967	0.004	0.02	3.51216879342680e-11	FAM171A1	c3
1.06062965381526e-15	0.596293582262598	0.067	0.042	3.55713973296561e-11	AGO4	c3
1.09315707282394e-15	0.818524532966379	0.043	0.024	3.66623019083692e-11	NAT1	c3
1.12250037385555e-15	0.467013816500758	0.082	0.054	3.76464175383673e-11	WSB2	c3
1.15346670024848e-15	0.893075361522	0.065	0.041	3.86849661929336e-11	ARHGAP11A	c3
1.1589910542033e-15	-1.12971532139292	0.085	0.121	3.88702419758701e-11	MAGEH1	c3
1.15972968537769e-15	-2.02434375748841	0.013	0.034	3.88950141881969e-11	AURKB	c3
1.17806223715905e-15	0.67707967264289	0.074	0.048	3.95098513098401e-11	TRAV12-2	c3
1.1805126274708e-15	0.243724207533166	0.224	0.173	3.95920325001158e-11	REV3L	c3
1.19793329827867e-15	-4.32657930437115	0.001	0.015	4.01762869576699e-11	SLC22A17	c3
1.1996086039539e-15	-1.89960697239376	0.013	0.035	4.0232473359406e-11	SPECC1	c3
1.20587477453047e-15	0.457051941128423	0.071	0.045	4.04426281882029e-11	TAB3	c3
1.22128381771062e-15	0.19327798075424	0.468	0.392	4.09594166783789e-11	ATXN10	c3
1.22645941607124e-15	0.429321126337332	0.081	0.053	4.11329958961974e-11	VMAC	c3
1.23881715286077e-15	0.434714067340937	0.106	0.073	4.15474496726443e-11	PUS3	c3
1.25097232918364e-15	0.949551258399777	0.029	0.014	4.19551099761609e-11	AC018797.2	c3
1.27116540337007e-15	0.224795373673093	0.313	0.251	4.26323452982254e-11	PIGT	c3
1.28247829986649e-15	-2.63021211883	0.005	0.023	4.30117572209224e-11	DKK3	c3
1.28666983600064e-15	-0.490132087607219	0.234	0.273	4.31523329597893e-11	FYTTD1	c3
1.33334253936418e-15	0.181867216190053	0.293	0.232	4.4717642085196e-11	PDXDC1	c3
1.35875803800124e-15	-0.831601703658298	0.029	0.057	4.55700270784857e-11	CHAF1A	c3
1.50127118280197e-15	-1.55021731952475	0.017	0.04	5.03496329288124e-11	EPS8	c3
1.5036836130879e-15	0.312846478362568	0.075	0.048	5.04305410157419e-11	TUBG2	c3
1.51120975518801e-15	0.162065220672594	0.551	0.461	5.06829527694953e-11	MAPK1IP1L	c3
1.56113823268957e-15	-0.695569897373637	0.076	0.113	5.23574540479427e-11	ITGB3BP	c3
1.57010532552418e-15	0.770852858807038	0.036	0.019	5.26581924074299e-11	AC022098.1	c3
1.57417986651529e-15	0.219640576333123	0.169	0.125	5.27948443631898e-11	POLM	c3
1.57932902737388e-15	-0.830133473862865	0.036	0.065	5.29675369200651e-11	NDC1	c3
1.58362845529714e-15	-1.0366284815163	0.081	0.116	5.31117311337555e-11	CKS1B	c3
1.5882078936263e-15	0.17805083380764	0.272	0.214	5.32653163364388e-11	MRPS31	c3
1.58852947728424e-15	0.160917241008422	0.344	0.276	5.32761016091587e-11	COPA	c3
1.59336305794218e-15	-1.17433836195195	0.009	0.029	5.34382102372647e-11	FOXM1	c3
1.59418026724391e-15	-0.890980817300929	0.057	0.09	5.34656178028262e-11	PATJ	c3
1.62038919423494e-15	0.171811293845195	0.335	0.269	5.43446127962514e-11	ZNF644	c3
1.63259296571053e-15	-2.19138116385246	0.009	0.028	5.47539028839999e-11	PLAG1	c3
1.63299946695422e-15	0.169004213262378	0.709	0.62	5.47675361227105e-11	ETS1	c3
1.7081091802154e-15	-3.61129351359376	0.002	0.017	5.72865656860642e-11	UBE2E2	c3
1.71175423074712e-15	0.477576792896425	0.109	0.076	5.74088133907967e-11	AKT1	c3
1.71499662949082e-15	-1.31821782279102	0.019	0.043	5.75175569598632e-11	SETD9	c3
1.72132689900468e-15	0.325001240589933	0.148	0.108	5.77298615388190e-11	FBXO28	c3
1.76466080107296e-15	-0.756525508703619	0.064	0.099	5.91831939463848e-11	CCDC50	c3
1.7759713556607e-15	0.145600323266678	0.678	0.593	5.95625273261485e-11	MAT2B	c3
1.79005430388599e-15	0.294930104539423	0.189	0.143	6.00348412437284e-11	CCDC88B	c3
1.80686721160167e-15	0.146421632133878	0.677	0.589	6.05987125426969e-11	SELENOF	c3
1.82902031716646e-15	0.213469073118354	0.161	0.118	6.13416833971287e-11	LZTFL1	c3
1.85370007973448e-15	0.322005290034831	0.149	0.11	6.2169393274135e-11	RRBP1	c3
1.8893643120471e-15	-0.865988681948885	0.067	0.101	6.33655002974355e-11	EPOR	c3
1.89185524180145e-15	0.569037166797675	0.064	0.04	6.34490410995369e-11	SLC2A13	c3
1.90971296510753e-15	0.192306564850083	0.267	0.21	6.40479534237762e-11	USP22	c3
2.01811682495255e-15	-0.649215042872609	0.099	0.138	6.76836020752586e-11	LUZP1	c3
2.03883738550191e-15	0.119886996524519	0.458	0.373	6.83785282349630e-11	PHPT1	c3
2.07170975783799e-15	0.240692449583406	0.216	0.165	6.94810018583707e-11	GIPC1	c3
2.20208557958036e-15	-4.30842196315993	0.001	0.015	7.38535461679661e-11	METTL24	c3
2.23410455583082e-15	-1.61525384125046	0.016	0.038	7.49273985934541e-11	FLNB	c3
2.24158082051317e-15	-6.83751145987408	0	0.013	7.51781375583708e-11	THY1	c3
2.27207896190158e-15	0.273942755772947	0.196	0.15	7.62009842242551e-11	ATF7IP2	c3
2.30207247682457e-15	-2.9187960675371	0.003	0.018	7.72069067277424e-11	OVCH1-AS1	c3
2.32088010934659e-15	-0.16331630371509	0.854	0.84	7.7837677107266e-11	CIRBP	c3
2.36350332279392e-15	0.719837827460834	0.036	0.019	7.92671744398624e-11	FGR	c3
2.37576270093686e-15	0.549015437069146	0.062	0.038	7.96783294640205e-11	DHX57	c3
2.4345175808737e-15	-0.463393388587352	0.228	0.271	8.16488506273422e-11	SNHG15	c3
2.47953510058377e-15	-0.330624442299619	0.592	0.587	8.31586482033783e-11	RNASET2	c3
2.49583179174425e-15	0.190148249622264	0.188	0.14	8.37052066315188e-11	RHOT1	c3
2.54372280469838e-15	0.227226250805884	0.271	0.214	8.53113754239744e-11	CHD9	c3
2.54420668727685e-15	-0.594684163270224	0.134	0.175	8.53276038778910e-11	SDHAF3	c3
2.54883661268249e-15	0.166670731117279	0.444	0.362	8.54828823161452e-11	TMX1	c3
2.5615918735329e-15	-1.90864698839977	0.004	0.019	8.59106682545463e-11	E2F2	c3
2.60498916511954e-15	0.855397196905581	0.028	0.014	8.73661266197792e-11	AC007728.2	c3
2.61810195917636e-15	-1.50220656480972	0.015	0.037	8.78059035068569e-11	TMEM25	c3
2.64433638856263e-15	-0.948824496562305	0.053	0.085	8.86857537996133e-11	BAIAP2	c3
2.66781747328008e-15	0.160432206314772	0.322	0.255	8.94732624188674e-11	TBPL1	c3
2.71382395380596e-15	0.328395427925254	0.164	0.123	9.10162277627444e-11	AC090152.1	c3
2.7170779790926e-15	0.134207177600603	0.285	0.224	9.11253612628075e-11	SKIL	c3
2.75478671879486e-15	-0.523428350039796	0.19	0.232	9.2390036974942e-11	C15orf61	c3
2.78430846044932e-15	-0.338723973619979	0.494	0.506	9.33801371465492e-11	DCXR	c3
2.82176113736558e-15	0.226275849405973	0.169	0.125	9.46362250249669e-11	GPATCH2L	c3
2.83671662463952e-15	1.26490274589476	0.029	0.015	9.51378021571602e-11	FADS1	c3
2.87118045171187e-15	0.184810884270144	0.439	0.368	9.62936499895127e-11	PHIP	c3
2.93105651978293e-15	0.308579549657176	0.15	0.11	9.830177356048e-11	SMARCAD1	c3
2.94069773915115e-15	-0.751269005481393	0.086	0.123	9.86251207756512e-11	MRTO4	c3
3.01844531621559e-15	0.154799195923594	0.232	0.178	1.01232619015238e-10	PMPCA	c3
3.08488839170444e-15	0.363273232740805	0.122	0.087	1.03460986880984e-10	FAM91A1	c3
3.11170360199829e-15	0.899258273264301	0.047	0.027	1.04360315403819e-10	AIFM2	c3
3.12092260648196e-15	0.614489464116266	0.032	0.016	1.04669502376192e-10	AC009133.1	c3
3.15022824433241e-15	0.35495892811241	0.129	0.093	1.0565235485842e-10	OGFOD2	c3
3.15079990084515e-15	-0.718970064353774	0.11	0.148	1.05671527074545e-10	PNMA1	c3
3.16479870175354e-15	0.783945424774278	0.046	0.027	1.0614101885941e-10	ZNF707	c3
3.18126873498858e-15	0.156427066970869	0.486	0.405	1.06693390834047e-10	NRBP1	c3
3.24841472721122e-15	0.250289381644616	0.246	0.193	1.0894533312121e-10	ACLY	c3
3.25639575017381e-15	0.190522150596852	0.291	0.232	1.09213000669329e-10	UPF2	c3
3.26451616363789e-15	0.286597478937978	0.198	0.152	1.09485343096088e-10	FOXO3	c3
3.32909587323766e-15	0.441546414582925	0.096	0.065	1.11651217396645e-10	SIK3	c3
3.35400355442076e-15	-1.31457581452129	0.026	0.052	1.12486571208164e-10	SERPINH1	c3
3.35503888447006e-15	0.163423473991082	0.453	0.375	1.12521294107357e-10	PPP6C	c3
3.51853628821373e-15	-1.49586812334745	0.017	0.04	1.18004670034112e-10	KIAA1147	c3
3.60945337349349e-15	-0.484332270339276	0.244	0.282	1.21053847240225e-10	DPYD	c3
3.62469669888934e-15	0.324492423447631	0.137	0.099	1.21565077887351e-10	METTL3	c3
3.66303008012014e-15	0.636813522289021	0.059	0.036	1.22850702827069e-10	ZNF236-DT	c3
3.67641893088092e-15	0.423500661675341	0.127	0.092	1.23299738103884e-10	PCNT	c3
3.70958821545648e-15	0.320430587913531	0.119	0.084	1.2441216956998e-10	SNIP1	c3
3.71998132997073e-15	0.19222127372	0.318	0.256	1.24760733844558e-10	PWP1	c3
3.79913653865688e-15	0.745778670627177	0.039	0.021	1.27415441233474e-10	ULK1	c3
3.84614424756568e-15	0.151434276556172	0.352	0.281	1.28991985774858e-10	MRPL16	c3
3.84841065564841e-15	0.239066778882415	0.265	0.21	1.29067996569137e-10	CUL1	c3
3.85090115649852e-15	0.16728605565676	0.329	0.264	1.29151522986647e-10	PJA2	c3
3.94907746601309e-15	0.186780767987875	0.325	0.261	1.32444160055147e-10	AASDHPPT	c3
3.97196753869338e-15	0.256290216145882	0.209	0.16	1.33211847312699e-10	CDK11A	c3
3.97245600725871e-15	0.193690268426828	0.35	0.282	1.33228229571443e-10	HADHB	c3
4.03014182932393e-15	-1.24975021532168	0.013	0.034	1.35162896671866e-10	CENPP	c3
4.07722786801293e-15	-2.14394122295748	0.006	0.023	1.36742068237418e-10	IMPA2	c3
4.12214021239013e-15	-1.47254808583519	0.024	0.048	1.3824833844314e-10	LINC00239	c3
4.16450398432695e-15	0.195439111362533	0.31	0.249	1.39669134626357e-10	ILKAP	c3
4.17011618961834e-15	0.143222001431604	0.601	0.513	1.3985735676742e-10	RWDD1	c3
4.33707735142966e-15	0.757544495755657	0.047	0.027	1.45456900212248e-10	SLFN13	c3
4.43665120075771e-15	0.241859431605955	0.221	0.172	1.48796407971012e-10	GAPVD1	c3
4.47375668305481e-15	0.277829004481198	0.176	0.133	1.50040851636292e-10	EIF2B2	c3
4.53151439053162e-15	-1.1441766120009	0.079	0.113	1.51977929629649e-10	GK	c3
4.60626355313035e-15	0.342883725973655	0.118	0.083	1.54484867044886e-10	HECTD3	c3
4.62253078154023e-15	0.134119106546156	0.704	0.615	1.55030437351296e-10	SF3B1	c3
4.647953974546e-15	0.148876101560325	0.585	0.495	1.55883080398324e-10	SNRPF	c3
4.68431507463434e-15	0.255377437134533	0.211	0.162	1.57102558973086e-10	FOXO1	c3
4.71387632089298e-15	-4.39880526127098	0.001	0.014	1.58093984050109e-10	TRPC1	c3
4.73448407658824e-15	0.138005239977423	0.538	0.455	1.58785126960616e-10	SMIM26	c3
4.7566454792216e-15	0.263921021121342	0.232	0.18	1.59528376082134e-10	C5orf15	c3
4.76167547523986e-15	0.363581369790258	0.132	0.096	1.59697072088594e-10	GOSR2	c3
4.76211888976159e-15	0.186554540808972	0.318	0.256	1.59711943324824e-10	CNDP2	c3
4.78452038672529e-15	0.136560995687635	0.697	0.611	1.60463244729993e-10	SRSF11	c3
4.81329469820617e-15	0.340463356631324	0.149	0.11	1.61428277588439e-10	SELENOI	c3
4.86722796131955e-15	-1.97268943631893	0.01	0.029	1.63237091366735e-10	AFF3	c3
4.92022890565283e-15	0.307928114280283	0.08	0.052	1.65014637037785e-10	EXD3	c3
4.94596940680766e-15	0.348860257889272	0.149	0.11	1.65877921965515e-10	UBE2M	c3
5.01963876976718e-15	0.322296559778217	0.164	0.122	1.68348645060452e-10	WDR55	c3
5.2611131256622e-15	0.346303322456081	0.153	0.113	1.76447212008459e-10	RALGAPB	c3
5.49763922092044e-15	0.30337402568463	0.232	0.183	1.8437982419123e-10	XRCC1	c3
5.51498396032002e-15	0.149161897436253	0.172	0.126	1.84961532061213e-10	TSPAN31	c3
5.52108273980188e-15	0.759981611376217	0.049	0.029	1.85166072927475e-10	SUSD1	c3
5.59175436919412e-15	-0.640149466804744	0.133	0.172	1.87536258034032e-10	LPAR2	c3
5.72657972263747e-15	0.190753728010938	0.307	0.248	1.92058030737815e-10	USP47	c3
6.02636139008291e-15	0.173348434492566	0.369	0.301	2.021121083006e-10	PSMC6	c3
6.0503122252213e-15	0.96909145142499	0.031	0.016	2.02915371409472e-10	TRIM61	c3
6.15311481157034e-15	-4.73200022058819	0.001	0.014	2.06363164550446e-10	TRIQK	c3
6.17925612271122e-15	0.424235073745991	0.088	0.059	2.07239891843489e-10	ZNF317	c3
6.33815456860316e-15	-4.05375938637701	0.001	0.014	2.12569027921813e-10	KIT	c3
6.35337730673602e-15	0.2051549362873	0.217	0.166	2.13079568113313e-10	ZFYVE27	c3
6.40965793386553e-15	-1.9921649544741	0.015	0.036	2.14967107785982e-10	ASPM	c3
6.45237955101983e-15	-2.91634037023558	0.031	0.057	2.16399905382103e-10	TYMS	c3
6.45812831522328e-15	0.137776266654758	0.581	0.488	2.16592707435958e-10	NDUFAB1	c3
6.47507318888993e-15	-0.437664606850845	0.354	0.382	2.1716100460899e-10	SMAP2	c3
6.5303392646331e-15	-0.779439255655205	0.077	0.111	2.19014518257265e-10	RPF2	c3
6.57249898568582e-15	0.596665057117714	0.071	0.046	2.20428470981931e-10	NLRX1	c3
6.63232242567588e-15	0.311253374260635	0.182	0.139	2.22434829512318e-10	HCFC1	c3
6.78058019697131e-15	0.297516356214735	0.179	0.135	2.27407098646024e-10	ZNF414	c3
6.81648256790344e-15	-2.98631806162599	0.009	0.028	2.28611192362345e-10	IL17A	c3
6.86379938633789e-15	-3.19824544943063	0.003	0.018	2.30198103819e-10	FNIP2	c3
6.88013575976661e-15	0.276336466953987	0.177	0.134	2.30745993111053e-10	DHX8	c3
6.90339660183729e-15	-2.30392723997535	0.007	0.025	2.31526115232419e-10	HRH2	c3
6.92902273512211e-15	0.186965880347054	0.321	0.258	2.32385564490525e-10	PTPN18	c3
6.9730127090684e-15	0.4207286835943	0.099	0.068	2.33860900236736e-10	HECTD4	c3
7.3267568160702e-15	0.328472090405081	0.098	0.067	2.45724770097362e-10	TKFC	c3
7.35494433230215e-15	0.180924414400085	0.254	0.199	2.46670123016749e-10	IBTK	c3
7.37895616748734e-15	-2.4519175732073	0.005	0.022	2.4747543194519e-10	MICU3	c3
7.44488427797188e-15	0.180865883736233	0.296	0.234	2.49686528914621e-10	RAB5B	c3
7.4925578298547e-15	0.25290178796478	0.274	0.219	2.51285404497667e-10	SLC4A7	c3
7.50646239637032e-15	0.210166879233571	0.2	0.153	2.51751735849468e-10	IKBKB	c3
7.51055566727278e-15	0.356837366995616	0.125	0.09	2.51889015968995e-10	INTS3	c3
7.5368605019663e-15	-0.940530119576567	0.034	0.062	2.52771227514946e-10	FAR2	c3
7.93810084558485e-15	0.674175888282008	0.039	0.021	2.66228026159225e-10	LIPE-AS1	c3
7.95710135145228e-15	-1.35515159051525	0.013	0.033	2.66865265125007e-10	KIF23	c3
8.06658836215981e-15	0.455418144418596	0.079	0.052	2.70537240490116e-10	SCAMP1-AS1	c3
8.06822621576428e-15	1.104064342244	0.027	0.013	2.70592170824302e-10	SPHK1	c3
8.1241115203876e-15	1.27524732942649	0.017	0.007	2.72466452170759e-10	LINC01366	c3
8.24669633308311e-15	0.328943526368688	0.186	0.142	2.76577701618941e-10	LEMD2	c3
8.2775549628979e-15	0.16056878875403	0.299	0.238	2.7761263834567e-10	GTF2H5	c3
8.3593260895384e-15	0.187058636434201	0.349	0.285	2.80355078390939e-10	PHF14	c3
8.39706494963625e-15	-1.71624926106294	0.013	0.034	2.816207642809e-10	CCDC88A	c3
8.45816405605979e-15	0.145513901643632	0.664	0.568	2.83669906112133e-10	LMAN2	c3
8.46771937480548e-15	0.724639861754603	0.059	0.036	2.83990372392226e-10	AGMAT	c3
8.6087482535252e-15	0.341100364207995	0.152	0.113	2.88720198926728e-10	MAGED1	c3
8.62069531805384e-15	0.292068319154011	0.158	0.118	2.8912087957689e-10	AGPS	c3
8.66381401690203e-15	0.152663183213396	0.478	0.4	2.9056699449886e-10	U2SURP	c3
8.81920436337895e-15	0.190967120547745	0.283	0.225	2.95778475939003e-10	ZNF524	c3
8.88152352889907e-15	-0.837164507644497	0.017	0.039	2.97868536112217e-10	BRCA1	c3
9.04848935677215e-15	0.153463746801144	0.321	0.256	3.03468236047424e-10	SHOC2	c3
9.30186518519453e-15	0.155991915686734	0.413	0.341	3.11965954581054e-10	UTRN	c3
9.31556648198527e-15	0.207706902294803	0.33	0.269	3.12425468672822e-10	CHMP4B	c3
9.39281781491367e-15	0.1498615959318	0.74	0.658	3.15016323876575e-10	TMEM50A	c3
9.41006163636341e-15	0.139178861087434	0.657	0.566	3.15594647160356e-10	SRI	c3
9.62338291958677e-15	0.10459751676322	0.872	0.805	3.22749016357101e-10	HNRNPF	c3
9.85191959668207e-15	-3.1895861302898	0.003	0.017	3.30413679433523e-10	KLF5	c3
9.8629689946867e-15	0.174789481946859	0.343	0.277	3.30784254143803e-10	TNKS2	c3
1.01931527679876e-14	0.634824013359392	0.051	0.03	3.4185795753277e-10	SLC16A6	c3
1.04871226334874e-14	0.17395841665524	0.262	0.206	3.51717118881899e-10	ITFG1	c3
1.04887046962011e-14	0.181526100126988	0.346	0.281	3.51770178101191e-10	RBM22	c3
1.06030734123483e-14	0.77649047817466	0.039	0.022	3.55605876103338e-10	AL117339.5	c3
1.06097714254757e-14	0.204046069265134	0.334	0.27	3.55830514067604e-10	TUSC2	c3
1.09520524729707e-14	-1.25272033719255	0.015	0.036	3.67309935838492e-10	ZNF519	c3
1.11471997791074e-14	0.178293897821062	0.34	0.274	3.73854786191705e-10	MICU2	c3
1.11650000070576e-14	-0.718295265694776	0.096	0.132	3.74451770236697e-10	PARD6A	c3
1.16200870761063e-14	0.23084137004336	0.211	0.162	3.89714480358452e-10	ARMCX6	c3
1.17580533211556e-14	0.172996876303262	0.289	0.229	3.94341592284917e-10	UROS	c3
1.18799719507611e-14	0.155291602399052	0.337	0.272	3.98430499284627e-10	HK1	c3
1.20046997336162e-14	-0.728688821553682	0.097	0.133	4.02613619666019e-10	NFIC	c3
1.21714737461729e-14	0.21490155326424	0.239	0.187	4.08206886499148e-10	LZIC	c3
1.21975063049073e-14	0.630364023857487	0.049	0.029	4.09079966453979e-10	SLC25A30	c3
1.22046922764512e-14	0.213038759064885	0.242	0.189	4.0932096956762e-10	ST6GAL1	c3
1.2290899535994e-14	-0.996671873485537	0.041	0.069	4.12212188638168e-10	ARHGAP12	c3
1.2309124366593e-14	0.630680094405657	0.066	0.042	4.12823413006797e-10	TSNAX	c3
1.23401346219113e-14	0.160673021378906	0.286	0.227	4.13863434949661e-10	AP2A1	c3
1.26119570223189e-14	-0.895106388910072	0.07	0.103	4.22979814614532e-10	SH2D3A	c3
1.26733358289904e-14	0.153307901531014	0.502	0.422	4.25038337032681e-10	LNPEP	c3
1.29277387566096e-14	0.679904659607575	0.04	0.022	4.33570502419174e-10	SLC4A8	c3
1.30411511072075e-14	-1.61726542661913	0.011	0.03	4.37374125833526e-10	CDCA2	c3
1.37800428442584e-14	-1.81877867968468	0.009	0.027	4.62155076910738e-10	FAM84B	c3
1.38390439031494e-14	1.14318660096936	0.026	0.012	4.64133854423826e-10	EPS8L1	c3
1.38519180604878e-14	0.644235359636974	0.057	0.035	4.64565627912639e-10	NKRF	c3
1.39867459470271e-14	0.215262949633365	0.203	0.156	4.69087485571394e-10	KIFAP3	c3
1.40423646852558e-14	-1.1248592774396	0.033	0.06	4.70952826814111e-10	ZNF250	c3
1.4125654501704e-14	0.361489652576146	0.109	0.076	4.73746200678149e-10	NRDE2	c3
1.41631725460654e-14	0.147321603821879	0.544	0.456	4.75004480849941e-10	IK	c3
1.4226648648496e-14	0.751541846545108	0.025	0.012	4.77133342373259e-10	CALCB	c3
1.4594092689904e-14	-3.37691318313036	0.003	0.017	4.89456680634001e-10	VIPR1	c3
1.45994064502763e-14	0.234351854732843	0.231	0.18	4.89634893529368e-10	MKL1	c3
1.47533561396005e-14	0.2457780466662	0.254	0.201	4.94798058209922e-10	USP39	c3
1.49885674898343e-14	0.462351088285648	0.103	0.072	5.02686576474061e-10	C2CD3	c3
1.51243150079864e-14	0.197175768521297	0.252	0.198	5.07239276737847e-10	ATP6V1B2	c3
1.52164686797014e-14	0.169221453151958	0.564	0.478	5.10329926579826e-10	PUF60	c3
1.53194244378828e-14	1.54649574141702	0.017	0.007	5.13782856797713e-10	ZFP57	c3
1.5360637598701e-14	0.221066855315751	0.269	0.214	5.15165063785233e-10	PSME3	c3
1.5412187448858e-14	0.119065917587977	0.459	0.38	5.16893942659799e-10	VMP1	c3
1.58073438344732e-14	0.245782457829102	0.15	0.11	5.30146697520562e-10	NISCH	c3
1.58517271935664e-14	0.35513704592226	0.105	0.073	5.3163522661783e-10	LDAH	c3
1.59830642872043e-14	-1.79869172778299	0.017	0.038	5.36040010064257e-10	KIF16B	c3
1.6243400456647e-14	0.179993279661177	0.397	0.33	5.44771164515028e-10	TMF1	c3
1.62853367490086e-14	0.158820819613584	0.512	0.428	5.4617762388825e-10	COPS6	c3
1.63845677020266e-14	0.129793715007061	0.468	0.387	5.49505631590567e-10	PPCS	c3
1.63859540663668e-14	0.164989323654166	0.448	0.374	5.49552127477811e-10	YTHDF2	c3
1.64919965534105e-14	-3.54284212924124	0.002	0.015	5.53108580408282e-10	SLC4A4	c3
1.67287288014774e-14	0.144761705791446	0.565	0.49	5.6104810654395e-10	GATA3	c3
1.68038139446547e-14	0.202221866120718	0.29	0.233	5.63566312075829e-10	LRRC59	c3
1.71297907627088e-14	0.276417504649436	0.168	0.126	5.74498922599728e-10	GPR89B	c3
1.7136380143105e-14	0.336261494427041	0.164	0.123	5.74719917239455e-10	ADCY7	c3
1.71566854995361e-14	0.226643775171835	0.19	0.145	5.75400918283442e-10	ATXN2	c3
1.72181192868505e-14	0.335147315061357	0.12	0.085	5.77461284642392e-10	MIATNB	c3
1.72503389534764e-14	0.418857841635862	0.124	0.089	5.78541867821692e-10	MAP3K14	c3
1.74228999607013e-14	0.260241027360503	0.207	0.16	5.84329218882002e-10	GALK1	c3
1.7466730814055e-14	-2.16664356190469	0.003	0.017	5.85799218041777e-10	ORC1	c3
1.76918239252412e-14	0.856127061586731	0.05	0.03	5.93348390804738e-10	TST	c3
1.76990941549869e-14	0.346677942334905	0.108	0.076	5.93592219769949e-10	ACOX1	c3
1.78865037703275e-14	-4.72549164801923	0.001	0.013	5.99877563449245e-10	GPR157	c3
1.80299090565054e-14	-0.517275303223539	0.157	0.198	6.04687089937077e-10	BRIX1	c3
1.82850058915849e-14	0.398564782970363	0.069	0.044	6.13242527591975e-10	MOB1B	c3
1.85251716781936e-14	-1.08380672689027	0.01	0.029	6.21297207743258e-10	MELK	c3
1.87989852056787e-14	0.307526311577256	0.167	0.125	6.30480365828052e-10	FAM78A	c3
1.88128689399573e-14	0.169365143517589	0.264	0.208	6.30945998508288e-10	BSDC1	c3
1.88557068516476e-14	-0.580225834093038	0.105	0.144	6.32382696390556e-10	YRDC	c3
1.92029371579968e-14	-0.816230666715129	0.146	0.184	6.44028106404895e-10	TSC22D2	c3
1.93478037974517e-14	-4.36890028583485	0.001	0.014	6.48886643758936e-10	SAMD12	c3
1.93547138264526e-14	-2.48630535038295	0.004	0.02	6.49118392311567e-10	LATS2	c3
1.95048822855287e-14	0.346384615079903	0.115	0.081	6.54154742092061e-10	SETD1B	c3
1.96101704316955e-14	0.181149142000291	0.452	0.379	6.57685895938205e-10	MAP7D1	c3
1.98128204570283e-14	0.236976537524946	0.201	0.155	6.64482372487816e-10	AP4B1	c3
2.00451859522524e-14	0.230205479598469	0.28	0.224	6.72275446466642e-10	PUM1	c3
2.05403647746681e-14	-1.07080990401115	0.018	0.041	6.8888275381282e-10	NUF2	c3
2.11494047912552e-14	0.462238084587318	0.082	0.055	7.09308737889118e-10	ZCCHC2	c3
2.12651097256005e-14	-1.62174846095249	0.013	0.033	7.1318924997719e-10	RFESD	c3
2.17084666190173e-14	0.474287204736852	0.071	0.046	7.28058553468601e-10	PCTP	c3
2.23568693415615e-14	0.14760566880584	0.364	0.296	7.49804683977289e-10	PPP4R3B	c3
2.2414864508205e-14	1.11850678066674	0.028	0.014	7.51749725876178e-10	AL139352.1	c3
2.24752690311625e-14	0.190409614506367	0.302	0.243	7.53775572767127e-10	CCNK	c3
2.25082472380733e-14	0.151844606596921	0.262	0.206	7.54881595870504e-10	CEP85L	c3
2.26275354228365e-14	-0.901353175275441	0.04	0.069	7.58882283011092e-10	SH2B3	c3
2.30753226082958e-14	0.219960965167606	0.222	0.173	7.73900169637024e-10	WDR18	c3
2.31361790268515e-14	-4.70975325607032	0.001	0.014	7.75941172202545e-10	COL6A1	c3
2.41012597778243e-14	0.121939471436161	0.346	0.277	8.0830805042867e-10	SAT2	c3
2.47664076550166e-14	-1.97338803074122	0.007	0.024	8.30615779933947e-10	RASD1	c3
2.54528480874776e-14	0.271239034450917	0.123	0.088	8.53637619157824e-10	AMBRA1	c3
2.54814833464048e-14	0.234864282180958	0.234	0.184	8.54597988471725e-10	TARS	c3
2.56099977433432e-14	0.451086391411024	0.104	0.073	8.58908104316244e-10	SLC9A8	c3
2.57319302289271e-14	0.242829707428441	0.206	0.159	8.62997476017756e-10	RNF6	c3
2.62167644082799e-14	0.153255897735997	0.479	0.402	8.7925784472489e-10	GIMAP6	c3
2.66148930294075e-14	0.296523540213033	0.163	0.123	8.92610282420267e-10	SMG5	c3
2.69492081557647e-14	0.218405840614836	0.204	0.157	9.03822543128036e-10	CRNKL1	c3
2.69879622304125e-14	0.267819004953528	0.206	0.16	9.05122277283575e-10	DNAJB12	c3
2.73883412118312e-14	0.162895175610193	0.428	0.352	9.18550187562394e-10	METTL23	c3
2.74202018374391e-14	-1.19303572309286	0.009	0.027	9.19618729224032e-10	CENPS-CORT	c3
2.75726913015185e-14	0.461945352322133	0.071	0.046	9.24732920870329e-10	PLA2G6	c3
2.79249745408915e-14	-0.922375468357875	0.021	0.044	9.36547796152418e-10	SPDL1	c3
2.79576090116083e-14	-0.850615449099073	0.054	0.084	9.37642291031318e-10	CROCC	c3
2.79830309128059e-14	0.160106663068989	0.367	0.297	9.38494890753683e-10	CISD2	c3
2.81712733636682e-14	0.590137208865884	0.085	0.058	9.44808166070705e-10	RRP36	c3
2.81878852517774e-14	-0.247789197769994	0.535	0.551	9.45365295574112e-10	TUBA4A	c3
2.82480995077613e-14	1.10133248334994	0.014	0.005	9.47384761291299e-10	CAPN5	c3
2.85379446848947e-14	0.465919705183176	0.093	0.064	9.57105588841999e-10	FRAT2	c3
2.85799060370486e-14	1.32214440833806	0.015	0.006	9.58512888670537e-10	AL136531.2	c3
2.94599137930978e-14	0.114653924855452	0.019	0.008	9.88026588792915e-10	CXCL13	c3
2.9480264379658e-14	-2.1020107540055	0.007	0.023	9.88709106764971e-10	STK3	c3
2.94962292644969e-14	0.425571430753466	0.11	0.078	9.89244537072697e-10	CHUK	c3
2.98954426235075e-14	0.257693068506158	0.166	0.125	1.00263335470719e-09	ZNF652	c3
2.9931924415275e-14	0.187619718009614	0.373	0.305	1.00385688103949e-09	CCDC124	c3
3.01365726661227e-14	-1.08132119642337	0.03	0.055	1.01072037407642e-09	SLC25A13	c3
3.06987942220126e-14	-5.73496492810112	0	0.012	1.02957616061786e-09	PIMREG	c3
3.11142660282091e-14	0.256351246534818	0.226	0.178	1.04351025405408e-09	CASC3	c3
3.13591405255606e-14	-0.433365220812352	0.169	0.212	1.05172285494625e-09	FAF1	c3
3.15426195974292e-14	0.153278738653227	0.344	0.28	1.05787637605858e-09	MAP4	c3
3.16164790446447e-14	0.148134962068993	0.515	0.435	1.06035347419929e-09	CGGBP1	c3
3.19119838158263e-14	-2.29173121047505	0.021	0.043	1.07026411321518e-09	TOP2A	c3
3.21005049509137e-14	0.341523454192359	0.114	0.081	1.07658673504374e-09	TOGARAM1	c3
3.29703303354407e-14	0.136227846877173	0.672	0.598	1.10575893879001e-09	EIF3D	c3
3.29796219500941e-14	0.165374674086245	0.257	0.202	1.10607056096226e-09	CEBPZOS	c3
3.34543046630475e-14	-0.767180362415187	0.027	0.052	1.12199046978929e-09	FIGNL1	c3
3.38467639891678e-14	0.362889931135699	0.112	0.08	1.13515277066871e-09	WIPI1	c3
3.39512827748596e-14	0.158230487120725	0.585	0.504	1.13865812170324e-09	OCIAD1	c3
3.39655403847094e-14	-2.85290733603535	0.003	0.018	1.13913629342238e-09	PTCH1	c3
3.44058093408851e-14	0.383322785038012	0.108	0.076	1.1539020336746e-09	FAM50B	c3
3.53311013043504e-14	1.2112520939669	0.05	0.031	1.1849344755453e-09	FAM83D	c3
3.57763272895647e-14	0.191387098519271	0.275	0.22	1.19986646463742e-09	HUWE1	c3
3.61450074022724e-14	0.240395407176409	0.234	0.184	1.21223125825741e-09	MGRN1	c3
3.64621876309467e-14	0.141253706457664	0.549	0.468	1.22286884876669e-09	OPTN	c3
3.65142000063557e-14	0.422743568177093	0.086	0.058	1.22461323981316e-09	RUNDC1	c3
3.68524175977974e-14	0.607625349019589	0.056	0.035	1.23595638139493e-09	FBXL8	c3
3.696995382074e-14	0.178642527082316	0.353	0.288	1.23989831123998e-09	GOPC	c3
3.75642614457197e-14	-0.450765939439128	0.35	0.374	1.25983020036655e-09	RNF139	c3
3.83100473935078e-14	0.512272347307533	0.069	0.045	1.28484236948346e-09	ABHD4	c3
3.83338981686159e-14	-0.318193443766371	0.66	0.639	1.28564227677904e-09	RPS27L	c3
4.00721279733501e-14	0.194309202706271	0.239	0.187	1.34393902797022e-09	FAM136A	c3
4.01904035408037e-14	-4.26786296077175	0.001	0.013	1.34790575395148e-09	TMEM220	c3
4.06231269304049e-14	-0.320205750898558	0.418	0.442	1.36241843099192e-09	PHF20	c3
4.09184340591926e-14	-4.44088632767705	0.001	0.014	1.3723224414772e-09	ZFYVE9	c3
4.11517043165599e-14	-2.82291840714856	0.001	0.014	1.38014585936879e-09	TEDC2	c3
4.23627027299418e-14	0.412997011010887	0.082	0.055	1.42076032415679e-09	UBA6-AS1	c3
4.26121853366748e-14	0.177764435701385	0.33	0.269	1.4291274718214e-09	CFDP1	c3
4.29907878325926e-14	-2.54012098002808	0.004	0.018	1.44182504232949e-09	ZNF665	c3
4.34657885645456e-14	-4.9748866127641	0	0.013	1.45775561687773e-09	C11orf74	c3
4.37685083661764e-14	0.174495159739799	0.247	0.193	1.46790823358482e-09	NEPRO	c3
4.4740998024474e-14	0.919456292679138	0.021	0.009	1.50052359174481e-09	HOMER1	c3
4.48742637531353e-14	-1.96533539826019	0.008	0.025	1.50499305775265e-09	COLGALT2	c3
4.6023541215824e-14	0.363037550823356	0.124	0.09	1.54353752529631e-09	KLHL12	c3
4.62395401866664e-14	-1.86907122423712	0.004	0.018	1.55078169878042e-09	RECQL4	c3
4.67542048197645e-14	0.292876774623878	0.121	0.087	1.56804252124526e-09	TTC38	c3
4.67618861568964e-14	-0.169029852935357	0.788	0.783	1.56830013792999e-09	EIF3L	c3
4.68668783228359e-14	0.367991505368363	0.134	0.098	1.57182136519127e-09	PTPRN2	c3
4.70240993475248e-14	0.863914454569846	0.031	0.016	1.57709424391729e-09	IFNLR1	c3
4.72437248460017e-14	0.283992766419189	0.171	0.13	1.5844600438852e-09	TGIF2	c3
4.7308599284161e-14	0.14007668236638	0.502	0.421	1.58663580279219e-09	TAF15	c3
4.74049085984551e-14	-1.45368357998038	0.008	0.025	1.58986582457499e-09	ESCO2	c3
4.78353150841599e-14	0.580696541142166	0.066	0.042	1.60430079729256e-09	ZKSCAN8	c3
4.78391234521528e-14	0.570671060433173	0.079	0.052	1.6044285223383e-09	ARHGAP26	c3
4.81610935370848e-14	0.301638008556413	0.128	0.092	1.61522675504675e-09	VPS52	c3
4.81633208564407e-14	-0.511367898282778	0.206	0.244	1.61530145488331e-09	ACD	c3
5.11959373833218e-14	-5.23237493193774	0	0.012	1.71700934796185e-09	TNFRSF13B	c3
5.15658864431923e-14	0.245069176394632	0.137	0.1	1.72941669953178e-09	SETDB1	c3
5.25874601935758e-14	0.519560583660405	0.063	0.04	1.76367823997214e-09	UAP1L1	c3
5.30898351204533e-14	0.942520929887245	0.022	0.01	1.78052689026976e-09	NRSN2-AS1	c3
5.37650614645271e-14	-1.53439953431641	0.015	0.035	1.80317263139731e-09	TDRD7	c3
5.37791913177279e-14	0.247520429759422	0.209	0.163	1.80364651841396e-09	TOB2	c3
5.42922773671625e-14	0.203291269951862	0.256	0.204	1.8208543983399e-09	PNPLA8	c3
5.45087939580472e-14	0.472491471393801	0.066	0.042	1.82811593176499e-09	DHTKD1	c3
5.47189103746308e-14	0.600772027821605	0.075	0.05	1.83516281614437e-09	ZNF714	c3
5.49353469633237e-14	0.233530602227593	0.19	0.147	1.84242166645595e-09	SGTA	c3
5.56788010571941e-14	0.578928582082909	0.068	0.044	1.86735562985618e-09	PABPC1L	c3
5.70065124616272e-14	0.136950745387601	0.752	0.674	1.91188441493805e-09	ANXA6	c3
5.74221106326745e-14	0.346633395543534	0.092	0.064	1.92582274639864e-09	KLHL42	c3
5.78064474413267e-14	0.134782097432476	0.575	0.481	1.93871263428722e-09	ELOC	c3
5.82767389291779e-14	0.206212417329053	0.24	0.189	1.95448527020677e-09	PMM1	c3
5.98569242778745e-14	0.144092222469742	0.506	0.417	2.00748152643135e-09	RBM17	c3
6.3248781763139e-14	0.184986027372787	0.227	0.178	2.12123764277216e-09	SEC14L1	c3
6.36235719866585e-14	0.178502198569089	0.303	0.244	2.13380735728855e-09	SREK1IP1	c3
6.45848197002209e-14	-1.35302744217439	0.023	0.045	2.16604568310601e-09	PRR34-AS1	c3
6.57567813251896e-14	0.462442221664835	0.062	0.039	2.20535093208421e-09	ATP11C	c3
6.64230602635315e-14	-2.5417899562002	0.004	0.019	2.22769659511832e-09	ID1	c3
6.82274614880499e-14	0.328146268294267	0.111	0.079	2.28821260338622e-09	GPR25	c3
7.0096805136841e-14	0.696663369327511	0.048	0.028	2.35090665067937e-09	PRDM10	c3
7.02262987540602e-14	0.289289415559799	0.125	0.09	2.35524960761367e-09	ACTR8	c3
7.03616115326018e-14	0.173728342640582	0.173	0.13	2.3597877275804e-09	SLC25A26	c3
7.32757792776179e-14	-0.836286167883873	0.025	0.049	2.45752308541275e-09	CLSPN	c3
7.37738955371501e-14	0.228262505934345	0.218	0.171	2.47422890852494e-09	C1orf122	c3
7.39063705006975e-14	0.253615093641866	0.221	0.175	2.47867185385239e-09	RAE1	c3
7.40950288050997e-14	0.514107919099131	0.058	0.036	2.48499907606543e-09	MIER3	c3
7.41406814129194e-14	-1.49062252328772	0.013	0.033	2.48653017322649e-09	WDR86	c3
7.41531958611519e-14	-0.518804634728227	0.148	0.188	2.48694988279131e-09	FGD5-AS1	c3
7.45970108537244e-14	0.390186060207437	0.117	0.085	2.50183455001221e-09	LRWD1	c3
7.5287412422351e-14	0.294845279932392	0.164	0.124	2.52498923782081e-09	DPH7	c3
7.58991398644027e-14	0.173050557581667	0.416	0.348	2.54550535277234e-09	ADSS	c3
7.61289855609135e-14	0.197134052873321	0.27	0.215	2.55321391774192e-09	SMIM10L1	c3
7.77725987255069e-14	0.166313824897343	0.333	0.27	2.60833741605605e-09	MTIF3	c3
7.98966943986168e-14	0.563680812901057	0.061	0.038	2.67957533674081e-09	CSNK2A2	c3
8.01311939549843e-14	-3.49079625569683	0.003	0.017	2.68743998286226e-09	MEOX1	c3
8.09425557283932e-14	0.547840840845194	0.046	0.027	2.71465143401885e-09	ZSCAN29	c3
8.1049673811546e-14	-3.30561733692401	0.002	0.016	2.71824396029163e-09	SLC44A3	c3
8.2216468677698e-14	0.237450513578394	0.183	0.14	2.75737592651264e-09	DHRSX	c3
8.27388896344989e-14	0.141585508203442	0.38	0.312	2.77489688056183e-09	ZNF638	c3
8.29236242473833e-14	0.66380511303783	0.051	0.031	2.78109251000874e-09	PLEKHO2	c3
8.34410292135062e-14	0.201588846252286	0.258	0.205	2.79844523776257e-09	SUPT6H	c3
8.36115569424211e-14	0.359111794983891	0.129	0.095	2.80416439673492e-09	STRADA	c3
8.4826930377436e-14	0.161094376194152	0.375	0.306	2.84492559099845e-09	VPS4B	c3
8.66049871171045e-14	-1.62908793256844	0.018	0.039	2.90455805793345e-09	BTBD11	c3
8.68381804068267e-14	0.318376314320985	0.159	0.12	2.91237889448415e-09	ELOA	c3
8.71033178380769e-14	-1.40883625098872	0.004	0.018	2.92127107365342e-09	CIT	c3
8.81332650393397e-14	-0.983644938434943	0.031	0.056	2.95581344288937e-09	SPATA5	c3
8.91202380082077e-14	0.700651390409328	0.039	0.022	2.98891454231927e-09	ETV2	c3
9.06872650833066e-14	0.681666921990318	0.049	0.029	3.04146949636394e-09	TP53INP2	c3
9.06878530610275e-14	0.773137877033257	0.049	0.029	3.04148921596074e-09	HIST1H2BN	c3
9.16051823901715e-14	0.125677287512403	0.782	0.708	3.07225460700157e-09	ANXA11	c3
9.16304317346335e-14	0.223613328969212	0.241	0.191	3.07310141951614e-09	NPRL2	c3
9.20926265181733e-14	-1.70936242626063	0.008	0.026	3.0886025081665e-09	SLC7A4	c3
9.21765361225387e-14	0.244914735038074	0.167	0.126	3.0914166684777e-09	ANKRD13C	c3
9.23219504327159e-14	0.218982614566519	0.246	0.195	3.09629357361242e-09	NSRP1	c3
9.33063774771967e-14	-4.28488693192088	0	0.012	3.12930928783022e-09	SCRN1	c3
9.35931887812322e-14	0.726116997956776	0.04	0.022	3.13892836534497e-09	AC022182.2	c3
9.48245584404568e-14	-1.26874472672742	0.019	0.041	3.18022604097604e-09	DUSP3	c3
9.63875130892157e-14	0.525241820641219	0.075	0.049	3.23264441398612e-09	ARPC4-TTLL3	c3
9.70074623718552e-14	0.144465217699269	0.425	0.352	3.25343627302728e-09	SYTL1	c3
9.97091003202579e-14	0.253531594155261	0.213	0.166	3.34404380654081e-09	ZFYVE28	c3
1.00050425051275e-13	0.23644001969347	0.193	0.149	3.35549115536967e-09	BOLA2-SMG1P6	c3
1.00922642989473e-13	0.164717608283301	0.189	0.145	3.38474360058094e-09	OTUD5	c3
1.01387894069296e-13	-0.411982102882834	0.304	0.337	3.40034719129604e-09	SNHG12	c3
1.02591338508932e-13	0.5200755298841	0.051	0.031	3.44070831091256e-09	MAPK11	c3
1.03576808337628e-13	-1.84259067087863	0.011	0.029	3.47375899802737e-09	GTF2IRD2	c3
1.04002193087409e-13	0.153539015631415	0.484	0.409	3.48802555176553e-09	VPS51	c3
1.04297651701826e-13	0.278463979140848	0.146	0.108	3.49793464277582e-09	ABCD4	c3
1.05190433626722e-13	0.145960758756291	0.256	0.202	3.52787676297299e-09	SLC35C2	c3
1.05347528543686e-13	-0.661086686289746	0.089	0.124	3.53314541229815e-09	RNASEH2A	c3
1.05420564134586e-13	0.524669896364328	0.066	0.042	3.53559487994576e-09	SGPL1	c3
1.05458155071338e-13	0.606177587986452	0.045	0.026	3.53685560478255e-09	LBHD1	c3
1.06213306848663e-13	0.779365159442635	0.014	0.005	3.56218188509045e-09	MYL9	c3
1.06610916602275e-13	0.183763007848037	0.233	0.183	3.57551692100711e-09	UCHL3	c3
1.07213116657035e-13	-1.72835987072312	0.012	0.031	3.59571350644364e-09	EXOC6B	c3
1.08639030593404e-13	-1.67528687288181	0.027	0.05	3.64353580804158e-09	CDT1	c3
1.08781856385737e-13	0.301489033378814	0.097	0.067	3.64832589946484e-09	BRWD3	c3
1.08832575663489e-13	0.252067860540215	0.18	0.137	3.65002692260209e-09	ZZEF1	c3
1.09576372129232e-13	0.144871649884231	0.48	0.405	3.67497236847017e-09	TGOLN2	c3
1.10524338394846e-13	0.188798620607581	0.352	0.29	3.70676526108635e-09	SIPA1	c3
1.10604386992482e-13	1.36831683173796	0.01	0.003	3.70944993095385e-09	AL158151.1	c3
1.13195336758013e-13	-0.613560715847697	0.127	0.164	3.79634520419026e-09	ERO1A	c3
1.13312952861431e-13	0.180908237532913	0.261	0.207	3.80028981306667e-09	SCYL1	c3
1.14319094008436e-13	-0.774790019979211	0.029	0.053	3.83403377485491e-09	SUV39H1	c3
1.14387215973202e-13	-0.170431296602895	0.741	0.736	3.83631844930925e-09	MORF4L1	c3
1.15012902834154e-13	0.281811902856246	0.178	0.137	3.85730273525186e-09	HPS3	c3
1.16570942143961e-13	0.1797755261845	0.257	0.204	3.90955625762416e-09	GNPAT	c3
1.17558090109785e-13	-1.96399995616555	0.002	0.015	3.94266322610197e-09	CDC25C	c3
1.17845039005095e-13	-0.735602096294907	0.064	0.096	3.95228691815289e-09	NLRP6	c3
1.18197530427368e-13	0.504838438654023	0.087	0.06	3.96410877547308e-09	APOPT1	c3
1.19322347228672e-13	0.235179272518441	0.178	0.136	4.00183288135519e-09	YTHDF3	c3
1.19515607658996e-13	0.477289791408219	0.084	0.057	4.0083144496674e-09	RBM41	c3
1.20137984394327e-13	0.151051004553219	0.423	0.345	4.02918772061694e-09	PSMC3	c3
1.20742839728687e-13	0.220650357088524	0.118	0.084	4.04947335882072e-09	ATP7A	c3
1.20757057901402e-13	0.33878341138134	0.123	0.089	4.04995020789723e-09	LETM1	c3
1.20814920514656e-13	0.308096458984427	0.157	0.118	4.05189080422055e-09	HMG20A	c3
1.21716058535028e-13	0.222138732590254	0.201	0.155	4.08211317114775e-09	UIMC1	c3
1.25627137870418e-13	-1.29111412673687	0.01	0.028	4.21328294989808e-09	ZGRF1	c3
1.2564937610792e-13	-3.77795950580619	0.002	0.014	4.21402877590743e-09	TANC2	c3
1.26886091011002e-13	0.219509595597936	0.159	0.119	4.25550572032698e-09	TP53BP1	c3
1.27626632202295e-13	0.181245350630439	0.344	0.284	4.28034199080057e-09	THOC2	c3
1.29597269510393e-13	0.128384391496026	0.522	0.44	4.34643322483955e-09	TIAL1	c3
1.38710899203679e-13	0.278768053976357	0.142	0.105	4.652086137493e-09	NXPE3	c3
1.4004729746928e-13	-2.30966557737361	0.008	0.025	4.69690626252471e-09	SWAP70	c3
1.40996949989622e-13	0.175281769517155	0.29	0.233	4.72875570875195e-09	PREB	c3
1.41195815393682e-13	0.146259385621202	0.414	0.341	4.73542525667332e-09	ITGB1BP1	c3
1.41816470102224e-13	0.167681252415516	0.296	0.238	4.75624077428839e-09	DCTD	c3
1.42513586947076e-13	0.138494442376542	0.425	0.355	4.77962067903103e-09	GIMAP5	c3
1.43866588369914e-13	-2.15845598028824	0.006	0.022	4.82499764075018e-09	LACTB2-AS1	c3
1.4643380681434e-13	0.181826793232029	0.238	0.187	4.91109701293933e-09	CTBS	c3
1.47512489322432e-13	0.256433511008476	0.196	0.153	4.94727386689571e-09	KPNA6	c3
1.51085487310187e-13	0.171224057290257	0.246	0.194	5.06710507340906e-09	MDM4	c3
1.51929828789885e-13	-0.22940196287122	0.603	0.607	5.09542259795515e-09	SIGIRR	c3
1.53191657900643e-13	1.62736984028436	0.01	0.003	5.13774182267176e-09	LRRC43	c3
1.54050519079245e-13	1.51219404559393	0.011	0.004	5.16654630887972e-09	SPESP1	c3
1.5808050752375e-13	0.227211003369467	0.194	0.149	5.30170406133154e-09	HIBCH	c3
1.62948810439844e-13	0.15281563364598	0.445	0.368	5.46497720453148e-09	CNOT2	c3
1.64149040424739e-13	0.234460700593342	0.154	0.114	5.5052305177649e-09	POLR3D	c3
1.65827924795187e-13	-0.565420960805471	0.136	0.173	5.56153694178097e-09	TMEM71	c3
1.66263399245106e-13	0.348003955193742	0.126	0.092	5.57614188388237e-09	PPP1R8	c3
1.66342049119479e-13	-3.69502474790049	0.002	0.014	5.57877964336910e-09	CCND1	c3
1.73613914562464e-13	-1.5718928359855	0.01	0.028	5.82266346659593e-09	CEP70	c3
1.75072255030781e-13	0.471651966764667	0.068	0.044	5.87157328922233e-09	CDKL1	c3
1.76125416056183e-13	-0.546557081757486	0.125	0.163	5.90689420369227e-09	TMEM203	c3
1.78636115195677e-13	0.212094759342766	0.183	0.14	5.99109803143261e-09	ATP5S	c3
1.80605830142021e-13	0.21930948001704	0.203	0.158	6.05715833130311e-09	HAUS1	c3
1.81364178214644e-13	0.612611074351766	0.072	0.048	6.08259180896271e-09	TCF3	c3
1.81517324193229e-13	-0.700770053740618	0.064	0.095	6.08772801879252e-09	JPT2	c3
1.831145231319e-13	-0.767242763721926	0.086	0.119	6.14129487679765e-09	SGTB	c3
1.83478217898713e-13	0.260650050249844	0.167	0.127	6.15349247188705e-09	TTC9C	c3
1.84554277521412e-13	0.496581443972665	0.071	0.046	6.18958135951311e-09	TYW5	c3
1.87776569516361e-13	0.124242016062741	0.672	0.591	6.29765058843971e-09	MRPS21	c3
1.89773995148348e-13	-1.85989360356937	0.022	0.044	6.36464024928529e-09	CDK1	c3
1.92777696618482e-13	0.221503334331738	0.196	0.152	6.46537838919066e-09	FAF2	c3
1.96124556967035e-13	0.133783736191941	0.487	0.399	6.5776253915604e-09	NAA38	c3
1.97434136585885e-13	0.293033802738105	0.161	0.122	6.62154607281742e-09	CTDNEP1	c3
1.97553650642129e-13	0.3604096860244	0.118	0.085	6.62555433523572e-09	CHPF	c3
2.00976218341766e-13	0.248320659088883	0.165	0.125	6.74034041074614e-09	STAU2	c3
2.03057729033428e-13	0.127727343764725	0.558	0.471	6.81015011632309e-09	ZNRD1	c3
2.03506290936347e-13	-0.393648729616963	0.313	0.342	6.8251939854232e-09	WBP11	c3
2.04048550465885e-13	-0.688242079692597	0.082	0.115	6.84338028552487e-09	PLOD3	c3
2.0690091700165e-13	0.205513637685149	0.222	0.174	6.93904295440134e-09	SUCO	c3
2.09274975663441e-13	0.156481299145827	0.452	0.377	7.01866413380048e-09	PSMD6	c3
2.10167816507429e-13	0.157167550597413	0.368	0.301	7.04860823002615e-09	RPL7L1	c3
2.14170189179187e-13	-0.192041595800994	0.712	0.703	7.18283980469157e-09	CUTA	c3
2.16145759000439e-13	0.294523505665382	0.178	0.138	7.24909646535673e-09	RPAP3	c3
2.18058889769413e-13	0.790845357236921	0.047	0.028	7.31325904508659e-09	DOT1L	c3
2.18136728856853e-13	-0.128460867992	0.925	0.914	7.31586961240114e-09	PCBP2	c3
2.18399202039203e-13	0.362845956310462	0.123	0.09	7.32467243799079e-09	UCK1	c3
2.19528776416691e-13	-1.02580925584518	0.063	0.093	7.36255610346298e-09	RIC3	c3
2.23747339668201e-13	0.126039854094672	0.543	0.444	7.50403827779212e-09	SNRPD1	c3
2.24955747837859e-13	0.374299548676757	0.119	0.086	7.54456587098613e-09	MTG2	c3
2.25871449404536e-13	0.267920545262303	0.133	0.097	7.57527667012933e-09	KDM3A	c3
2.2779386885554e-13	0.158434712683835	0.302	0.244	7.63975077367711e-09	NT5C3A	c3
2.28791598955369e-13	-1.69738202769138	0.014	0.034	7.67321264576517e-09	TRAV39	c3
2.29729333008782e-13	0.426666789947399	0.093	0.065	7.70466237044854e-09	TEPSIN	c3
2.33618843296314e-13	0.224677095445509	0.154	0.116	7.83510876647178e-09	CCDC43	c3
2.34754284624342e-13	0.117724101839789	0.257	0.203	7.87318919773119e-09	GPCPD1	c3
2.34909855876993e-13	0.235614948658681	0.24	0.191	7.87840674640259e-09	DDX23	c3
2.3587002918462e-13	0.219315873103308	0.184	0.141	7.9106090387938e-09	TOPORS	c3
2.40533890078258e-13	0.142268276450979	0.617	0.542	8.06702560544462e-09	BIN2	c3
2.42078115750278e-13	0.173495648089707	0.236	0.186	8.11881584603283e-09	SIKE1	c3
2.49573199199138e-13	0.124674430087939	0.741	0.651	8.37018595474069e-09	UBE2I	c3
2.54810877122295e-13	0.215659565847727	0.256	0.205	8.54584719692752e-09	DRG1	c3
2.55728207417811e-13	-0.593061029818297	0.138	0.176	8.57661262037853e-09	MBNL2	c3
2.57978689200898e-13	-2.89634099693348	0.002	0.015	8.65208927841972e-09	SEMA4C	c3
2.61005011700708e-13	0.580618194009421	0.081	0.055	8.75358608241834e-09	CEP41	c3
2.63833089184057e-13	0.256589780625781	0.173	0.132	8.84843414505489e-09	SKIV2L	c3
2.64392615643954e-13	0.246235055554321	0.143	0.106	8.86719954346693e-09	ZNF226	c3
2.67596457074827e-13	-4.7706550150795	0	0.012	8.97464997737555e-09	P3H3	c3
2.68100562932572e-13	0.521238361280707	0.068	0.044	8.99155667963261e-09	ATXN1L	c3
2.68791118234523e-13	0.166110096882683	0.312	0.254	9.01471652334943e-09	MAN2B1	c3
2.73741231217502e-13	0.196652578492324	0.267	0.215	9.1807334125726e-09	FAM129A	c3
2.74187439794997e-13	-0.786147029440973	0.054	0.084	9.19569835584462e-09	ATP23	c3
2.7574908410153e-13	0.147359796438325	0.335	0.272	9.2480727825971e-09	CAMTA1	c3
2.76717529531632e-13	-2.93920265347801	0.003	0.016	9.28055250543188e-09	FCHO2	c3
2.77806587280946e-13	0.617799708735153	0.059	0.038	9.31707732422838e-09	NACC1	c3
2.84326055744695e-13	-1.21744114799325	0.01	0.027	9.53572725756559e-09	FANCB	c3
2.85747790251669e-13	0.197671660752805	0.406	0.339	9.58340938946047e-09	CAPRIN1	c3
2.86126153310994e-13	0.232137234096015	0.196	0.151	9.5960989297441e-09	GTF2IRD2B	c3
2.9321286877556e-13	0.147633515981599	0.367	0.3	9.83377319299472e-09	METAP2	c3
2.95692046479708e-13	0.227830124853338	0.214	0.168	9.91691985483644e-09	RBMX2	c3
3.03773102314837e-13	-1.37596471960979	0.015	0.035	1.0187942305435e-08	FAM27C	c3
3.12626043580521e-13	0.159191610597919	0.324	0.263	1.04848522496035e-08	RPIA	c3
3.13733936436181e-13	-1.02295786168313	0.035	0.06	1.05220087601966e-08	PIK3CB	c3
3.13917607803539e-13	-0.526234004377057	0.13	0.168	1.05281687305151e-08	P2RY8	c3
3.20726696011397e-13	0.292673215884347	0.116	0.084	1.07565319308302e-08	PCED1A	c3
3.31324934496864e-13	0.521095407286802	0.077	0.052	1.11119756531558e-08	PXN-AS1	c3
3.32562288589654e-13	0.876458843584918	0.027	0.014	1.11534740347198e-08	AC131971.1	c3
3.52984789946709e-13	0.333440208907159	0.121	0.089	1.18384038852327e-08	HIP1R	c3
3.56987883517882e-13	0.293330452941586	0.177	0.137	1.19726596374227e-08	TMEM11	c3
3.82280417558187e-13	0.186392440104632	0.251	0.2	1.28209206440665e-08	TENT2	c3
3.84185380522079e-13	0.143101067961524	0.421	0.346	1.28848092919495e-08	POLR2F	c3
3.8516486813911e-13	0.375314903134567	0.107	0.077	1.29176593476495e-08	BICRAL	c3
3.88978232864903e-13	-0.587211879235969	0.08	0.113	1.30455519738231e-08	RFC2	c3
3.91097550127763e-13	0.164838354255646	0.244	0.194	1.31166296361849e-08	FAM110A	c3
3.94939842203955e-13	-0.58620022822522	0.14	0.177	1.32454924278362e-08	ARRDC2	c3
3.95591138993058e-13	0.178589499205698	0.298	0.241	1.32673356195492e-08	PLEKHB2	c3
3.97550439397584e-13	-0.503594341059976	0.25	0.283	1.33330466365162e-08	TESPA1	c3
3.97721049158181e-13	0.191395782303884	0.227	0.179	1.33387685466671e-08	MRPS27	c3
3.98022271373161e-13	0.270337780371985	0.139	0.104	1.33488709373131e-08	GTF2A1	c3
4.03331792804822e-13	0.274628719854181	0.145	0.108	1.35269416670881e-08	NIPSNAP3A	c3
4.04469781520941e-13	-5.15979959375834	0	0.012	1.35651075326493e-08	PRKN	c3
4.04580793687448e-13	-0.703889606408129	0.105	0.139	1.35688306586896e-08	BLVRB	c3
4.12167228239804e-13	-2.36364275993464	0.006	0.021	1.38232645007066e-08	LACC1	c3
4.17536779681776e-13	-3.49955482304232	0.001	0.013	1.40033485169674e-08	CALY	c3
4.30114500689589e-13	0.21139556399416	0.194	0.151	1.44251801241274e-08	STAMBPL1	c3
4.33867372655177e-13	0.240626268716752	0.189	0.147	1.45510439441093e-08	MCUR1	c3
4.42606488085536e-13	0.232536061355284	0.127	0.093	1.48441363974127e-08	TECPR1	c3
4.43862356572707e-13	1.04930851999879	0.014	0.006	1.48862557147354e-08	RAB13	c3
4.47790917912005e-13	0.868885060522241	0.03	0.015	1.50180118049328e-08	AP003774.4	c3
4.47839293436905e-13	-2.1865001363115	0.006	0.021	1.50196342232869e-08	ARAP3	c3
4.51270163285879e-13	-1.72190227714529	0.003	0.016	1.51346987362818e-08	GINS1	c3
4.51989354947779e-13	0.327007773623057	0.149	0.112	1.51588189862386e-08	ABR	c3
4.72660314966762e-13	-0.192860878013153	0.716	0.718	1.58520816433553e-08	ANKRD12	c3
4.74130917978391e-13	-1.7177685827012	0.015	0.035	1.59014027271593e-08	HSPA6	c3
4.76350289196028e-13	0.319885545067831	0.113	0.081	1.59758359990564e-08	ZNF564	c3
4.76485948368175e-13	0.1121922644525	0.547	0.463	1.59803857363719e-08	MGAT4A	c3
4.81484001443389e-13	-2.24113826925634	0.005	0.02	1.61480104404084e-08	PDGFD	c3
4.84410973660544e-13	-4.53831855814453	0.001	0.012	1.62461752346273e-08	ME1	c3
5.03296073123085e-13	0.409670349982574	0.075	0.05	1.6879543700402e-08	FUZ	c3
5.0411617909622e-13	0.159390416180153	0.332	0.272	1.6907048414529e-08	SMARCC1	c3
5.04244925153092e-13	0.413775769206316	0.047	0.028	1.69113662997844e-08	HIST1H4H	c3
5.23438799240949e-13	-1.40349403502845	0.014	0.032	1.7555090448943e-08	TROAP	c3
5.26381082245927e-13	0.164619267140574	0.269	0.215	1.76537687363639e-08	PAGR1	c3
5.28842344389604e-13	0.360976325467899	0.122	0.09	1.77363145461385e-08	TCTEX1D2	c3
5.37067013373922e-13	0.375187289095079	0.127	0.094	1.80121534945346e-08	ATP2A2	c3
5.43233595510964e-13	-6.59915236798208	0	0.011	1.82189683262467e-08	RNASE4	c3
5.67111810344611e-13	0.511015833230728	0.058	0.037	1.90197958953376e-08	PRKACA	c3
5.73283112004718e-13	-1.1422299722141	0.029	0.053	1.92267690104142e-08	CHCHD6	c3
5.88792208911217e-13	0.47353970711319	0.077	0.052	1.97469131024644e-08	ZNF12	c3
6.03836317442809e-13	0.298755329887546	0.123	0.09	2.02514624143969e-08	CMTR1	c3
6.04593377565148e-13	0.327583343943053	0.116	0.084	2.02768526967799e-08	WDR41	c3
6.22572917532616e-13	0.229035785616011	0.148	0.111	2.08798505082089e-08	ACOT9	c3
6.37742180357952e-13	0.414841638401844	0.083	0.057	2.1388597244845e-08	TBC1D22B	c3
6.38233417782884e-13	-1.75024494695265	0.008	0.025	2.14050723656024e-08	LINC01678	c3
6.43448251235728e-13	0.214904811714427	0.219	0.173	2.15799674499439e-08	SLC4A1AP	c3
6.49520985213e-13	0.138685268856243	0.358	0.295	2.17836348020736e-08	IDI1	c3
6.53127340755366e-13	0.297359247545389	0.117	0.085	2.19045847542535e-08	TTN-AS1	c3
6.53845608096439e-13	0.140844710168668	0.507	0.431	2.19286740043384e-08	DNAJA2	c3
6.57858072993824e-13	0.20308419110806	0.266	0.214	2.20632440520669e-08	TRNAU1AP	c3
6.58978817856478e-13	0.191656121548666	0.224	0.177	2.21008315932706e-08	RABGGTA	c3
6.61685073293854e-13	-3.0555893194855	0.002	0.014	2.21915939881293e-08	CARMIL1	c3
6.67360921481647e-13	-1.31542914820891	0.078	0.108	2.23819505846515e-08	TBC1D4	c3
6.78797184179183e-13	0.190505486391176	0.305	0.249	2.27654999630015e-08	CLK3	c3
6.94392630117574e-13	0.169527023148517	0.182	0.14	2.32885400288832e-08	VRK2	c3
6.96404545446339e-13	0.120519373029953	0.321	0.259	2.33560156451793e-08	GPBP1L1	c3
7.05314395635724e-13	-0.392997967901537	0.313	0.34	2.36548342008309e-08	ESD	c3
7.10702791063836e-13	0.232990852577449	0.127	0.093	2.38355502066989e-08	HMBOX1	c3
7.22698147502548e-13	0.176005863916388	0.323	0.265	2.42378504709405e-08	NUP98	c3
7.35733260216123e-13	0.397187666782307	0.094	0.066	2.46750220811283e-08	SLC4A2	c3
7.41286242583042e-13	-0.527635025047776	0.153	0.19	2.48612580037501e-08	OAT	c3
7.55425002445796e-13	0.554932836072226	0.054	0.034	2.53354437320271e-08	GSDMB	c3
7.60282276057088e-13	0.752470081471302	0.023	0.011	2.54983469744026e-08	SNAI3-AS1	c3
7.67032964333942e-13	0.315990205617853	0.073	0.049	2.57247515578318e-08	ACY1	c3
7.76362637027452e-13	0.682263067906923	0.047	0.028	2.60376501206267e-08	B4GALT5	c3
7.8202719670195e-13	-0.548884719474223	0.225	0.259	2.622762812299e-08	DNAAF2	c3
7.85604004057212e-13	0.152949596707161	0.411	0.337	2.63475870880708e-08	SNRNP40	c3
7.89001960108147e-13	0.335483448188148	0.098	0.069	2.6461547738107e-08	CRADD	c3
7.96907974024086e-13	0.271803912277994	0.174	0.134	2.67266996328198e-08	DPM1	c3
8.05081439168935e-13	-0.448980224360009	0.398	0.425	2.70008213068477e-08	LGALS1	c3
8.14817123209302e-13	-0.328758207371097	0.249	0.287	2.73273366781936e-08	KCNA3	c3
8.26992829930508e-13	0.11328738372391	0.549	0.465	2.77356855302094e-08	SSBP4	c3
8.28477045682132e-13	-1.26981205302345	0.027	0.049	2.77854631580874e-08	FN3K	c3
8.35860582414784e-13	0.13075994388926	0.657	0.568	2.8033092213027e-08	THRAP3	c3
8.43602383945665e-13	0.252376400072537	0.161	0.122	2.82927367527697e-08	YIPF6	c3
8.45691305456515e-13	0.307369204312633	0.115	0.083	2.83627950024006e-08	KIF3B	c3
8.57398411260021e-13	0.436029881437211	0.1	0.072	2.87554279168386e-08	CDC34	c3
8.76335408595192e-13	0.485424834106274	0.09	0.063	2.93905369334655e-08	FAM193A	c3
8.8521828795786e-13	0.73449013980409	0.042	0.025	2.96884509415307e-08	AL355001.2	c3
8.85492830502758e-13	-4.40282472827013	0.001	0.013	2.96976585494015e-08	NEK3	c3
8.95244372952476e-13	0.195301648248115	0.251	0.2	3.00247057800801e-08	ADA2	c3
8.96234715403998e-13	1.18098912154393	0.017	0.008	3.00579198852193e-08	AL158163.2	c3
8.97147816845534e-13	-2.53183063380821	0.003	0.017	3.00885434813655e-08	DRAXIN	c3
8.99700440982477e-13	-1.06188098553538	0.025	0.047	3.01741533896703e-08	LAIR2	c3
9.00744849068009e-13	-1.01331726254017	0.041	0.066	3.02091807480429e-08	EFCAB2	c3
9.0152820966397e-13	-1.36568416548907	0.022	0.043	3.02354530957102e-08	SLC12A7	c3
9.08830551472345e-13	-1.21282624202664	0.027	0.049	3.04803590352795e-08	C9orf72	c3
9.15149232460645e-13	0.215294583661283	0.209	0.164	3.06922749582651e-08	IGF2R	c3
9.2264672425759e-13	0.32705844838783	0.139	0.105	3.09437258381511e-08	ASH2L	c3
9.29246656359579e-13	0.305890813878512	0.101	0.072	3.11650743609876e-08	ZNF518B	c3
9.29317636187995e-13	1.76170488907236	0.01	0.003	3.1167454882473e-08	LINC00299	c3
9.34745560301623e-13	-2.11398385762152	0.003	0.016	3.13494966013958e-08	APOBEC3B	c3
9.38082168785953e-13	0.899351564690602	0.02	0.009	3.14613997767433e-08	AL049869.3	c3
9.48709374754302e-13	0.172244339097273	0.217	0.17	3.18178150105098e-08	RDH14	c3
9.9359278615405e-13	-0.684949755539387	0.872	0.815	3.33231148620345e-08	JUN	c3
9.9566784864176e-13	0.474077174841539	0.073	0.049	3.33927083077473e-08	ZNF621	c3
1.00644791976903e-12	-0.441667347182269	0.301	0.33	3.37542503332136e-08	NMRK1	c3
1.00753874604683e-12	0.242818521489064	0.192	0.15	3.37908344649186e-08	PIGH	c3
1.0231047809066e-12	0.143443256492014	0.44	0.367	3.43128881420456e-08	RAB10	c3
1.02832488530072e-12	1.34367257619673	0.013	0.005	3.44879600032155e-08	CCL25	c3
1.05405997775162e-12	-0.775213683291652	0.062	0.092	3.53510635338339e-08	NRROS	c3
1.05872796043542e-12	-1.1364645929421	0.024	0.046	3.55076183370832e-08	SETD6	c3
1.08026542534583e-12	-0.887992274621934	0.071	0.101	3.62299418352484e-08	NBPF15	c3
1.09315114893899e-12	0.147176525353524	0.188	0.145	3.66621032331158e-08	YES1	c3
1.0998583292873e-12	0.220353108984635	0.152	0.114	3.68870486476374e-08	RNF38	c3
1.1001031719887e-12	0.342175723707492	0.112	0.081	3.68952601821569e-08	GXYLT1	c3
1.10605425903495e-12	-0.891585274621873	0.078	0.108	3.70948477395141e-08	PHLDB3	c3
1.12902417104978e-12	0.485519528537308	0.096	0.068	3.78652126486677e-08	EIF2AK3	c3
1.13243748433922e-12	-1.12491744991587	0.036	0.061	3.79796883497687e-08	TBC1D19	c3
1.16086751081082e-12	-0.838650811156902	0.052	0.08	3.89331745775733e-08	ZNF43	c3
1.1768776350315e-12	-1.10693891207716	0.048	0.074	3.94701221236863e-08	MAP9	c3
1.18372991382415e-12	-1.58772832848506	0.015	0.033	3.96999338498343e-08	FP565260.1	c3
1.18981439402511e-12	-0.548589529921098	0.112	0.148	3.99039951468141e-08	EXOSC6	c3
1.21504843522492e-12	0.176066560936245	0.294	0.238	4.07502944205735e-08	SNRK	c3
1.23172585303983e-12	0.36934540236081	0.092	0.064	4.13096216592498e-08	TSPAN32	c3
1.24030313905704e-12	-2.24332337683454	0.005	0.019	4.1597286677695e-08	FSCN1	c3
1.25936330255658e-12	0.215659599712688	0.254	0.206	4.22365264411425e-08	SLC2A4RG	c3
1.28041848705182e-12	-0.446313345249077	0.204	0.241	4.2942675218744e-08	THAP7	c3
1.28080631568768e-12	0.141727581311057	0.419	0.346	4.29556822155334e-08	EMC7	c3
1.30829323305675e-12	0.100781968587214	0.8	0.719	4.38775384502574e-08	OSTF1	c3
1.31366857406198e-12	0.15078707940281	0.273	0.218	4.40578166368906e-08	UBE2D1	c3
1.33913746381124e-12	0.26129356920173	0.14	0.104	4.49119922613013e-08	ATP2C1	c3
1.356835344055e-12	0.163290696880905	0.304	0.248	4.55055437689166e-08	RNF113A	c3
1.36823999498235e-12	0.959095836145448	0.022	0.01	4.5888032951718e-08	AC147651.4	c3
1.37807332940208e-12	-0.421097734512151	0.249	0.283	4.62178233214869e-08	BOLA3	c3
1.38062538684382e-12	-5.20182420878943	0	0.011	4.63034142239679e-08	FANK1	c3
1.38161827921675e-12	0.147982805167497	0.414	0.344	4.63367138483713e-08	YTHDC1	c3
1.38323975999422e-12	1.25487679994669	0.01	0.003	4.63910950706863e-08	TRPV1	c3
1.40313415075953e-12	-1.7064857265473	0.013	0.03	4.70583131481732e-08	FAM117B	c3
1.41486293802749e-12	0.210812726700437	0.174	0.135	4.7451673215566e-08	ZCCHC9	c3
1.4187343515329e-12	0.206861416385632	0.136	0.101	4.75815126817105e-08	OSBPL2	c3
1.42509316359984e-12	-3.73037561142042	0.001	0.012	4.77947745208114e-08	ESPL1	c3
1.43774785106761e-12	-0.631168075680105	0.106	0.139	4.82191874291054e-08	RASSF3	c3
1.45210444507522e-12	0.222581321015912	0.163	0.124	4.87006788789328e-08	SNRNP25	c3
1.45598507537864e-12	0.23382218388227	0.176	0.136	4.88308274580488e-08	DDX52	c3
1.4831687459583e-12	0.234650116248972	0.143	0.107	4.97425134019493e-08	TRAPPC9	c3
1.48468159182542e-12	1.57235007760696	0.016	0.007	4.97932512266409e-08	SAXO2	c3
1.49478521189861e-12	1.28862329626016	0.015	0.006	5.01321064366556e-08	LINC01146	c3
1.51151743672376e-12	0.397744009048024	0.091	0.064	5.06932717928416e-08	NOP14-AS1	c3
1.51831450351923e-12	0.363427044241373	0.102	0.073	5.09212318190281e-08	ALKBH4	c3
1.51903949618041e-12	0.323034872426076	0.101	0.072	5.09455466228987e-08	ZC3H7B	c3
1.52268506196846e-12	-0.384296458023769	0.267	0.302	5.10678116082982e-08	GLOD4	c3
1.53073276944521e-12	-0.593684864118786	0.046	0.073	5.13377156216535e-08	ADRB2	c3
1.53545458748156e-12	-1.24328148690342	0.019	0.039	5.14960759549566e-08	SYCE1L	c3
1.55988389134635e-12	0.109919158409935	0.281	0.225	5.23153859479738e-08	KAT6B	c3
1.58021230240814e-12	0.227198270246225	0.155	0.117	5.29971601981641e-08	FAM219B	c3
1.60150835588575e-12	-1.40557175027594	0.003	0.016	5.37113872396963e-08	FAM72B	c3
1.64911862574091e-12	0.779354690480271	0.037	0.021	5.53081404700988e-08	ASPHD2	c3
1.66593563749392e-12	-1.91717356993809	0.005	0.019	5.58721494102712e-08	KLHL23	c3
1.69285172707856e-12	0.185388467143877	0.248	0.198	5.67748612227608e-08	EXOC7	c3
1.69483127719868e-12	-1.01423723239554	0.054	0.081	5.68412513746895e-08	AC013264.1	c3
1.70234033406561e-12	0.196943887253625	0.172	0.132	5.70930901238924e-08	PNPLA6	c3
1.71182560282541e-12	-1.91234981072259	0.011	0.028	5.74112070675586e-08	IFNG-AS1	c3
1.73213333660513e-12	0.167151541161912	0.255	0.204	5.80922878430628e-08	HERC4	c3
1.74678778284874e-12	-0.973472660256757	0.02	0.04	5.8583768661181e-08	TRAV38-2DV8	c3
1.75220239042123e-12	-0.358529784321478	0.299	0.332	5.87653637699474e-08	ASF1A	c3
1.77048641504646e-12	0.197369953303125	0.206	0.162	5.93785733878281e-08	STIM2	c3
1.77550618021689e-12	0.331349193286132	0.121	0.089	5.95469262721142e-08	BRF1	c3
1.77725725853191e-12	0.269883440076832	0.156	0.119	5.96056539366432e-08	CSNK1G2	c3
1.81387641969619e-12	-1.72777999765535	0.01	0.026	6.08337873637708e-08	CLCF1	c3
1.83554932129533e-12	0.142996478248519	0.361	0.3	6.15606531376028e-08	TACC1	c3
1.83585177645563e-12	0.2629232914668	0.151	0.114	6.1570796878769e-08	ANAPC2	c3
1.83847065646675e-12	-0.343383815671858	0.362	0.391	6.16586288765819e-08	NFE2L2	c3
1.89011023399508e-12	-1.23909115825153	0.015	0.034	6.33905170277271e-08	NCAPG	c3
1.90547428735081e-12	0.140669686839934	0.492	0.417	6.39057966491714e-08	ADH5	c3
1.92262764523663e-12	0.216453009875103	0.205	0.162	6.44810859659462e-08	HSD17B7	c3
1.95170832035557e-12	-0.4517907282351	0.213	0.25	6.54563936480852e-08	MYLIP	c3
1.95261361746904e-12	0.114922266468524	0.263	0.207	6.54867555026765e-08	RTL8C	c3
1.97851955935315e-12	0.819120433092812	0.026	0.013	6.6355588981586e-08	ARRDC3-AS1	c3
1.98874083087169e-12	0.211840170941717	0.211	0.166	6.66983899857748e-08	DMTF1	c3
2.06544866166513e-12	-0.652133374255516	0.088	0.121	6.92710172149251e-08	LIG1	c3
2.13920292693926e-12	-0.981913199088435	0.044	0.07	7.1744587763689e-08	ATG4C	c3
2.16578521841135e-12	0.21242848943196	0.283	0.233	7.263610465508e-08	RABL6	c3
2.19522861722003e-12	-0.692823488115307	0.099	0.131	7.36235773643252e-08	TGFBR1	c3
2.19877011485079e-12	0.182795474543218	0.398	0.336	7.37423521118657e-08	RAD23B	c3
2.23193309229096e-12	0.996937931600813	0.026	0.014	7.48545720492543e-08	CKLF-CMTM1	c3
2.23722140583651e-12	0.18285035824788	0.252	0.203	7.5031931508945e-08	DHX29	c3
2.25551490001132e-12	0.378272237935505	0.121	0.09	7.56454587165796e-08	E2F3	c3
2.28858604218982e-12	-0.713535464032548	0.084	0.116	7.67545986829623e-08	AC245297.3	c3
2.29382670678103e-12	0.299914523058612	0.157	0.121	7.69303600920222e-08	TAF2	c3
2.32446835790756e-12	-3.87155036235132	0.001	0.012	7.79580197875037e-08	IL5RA	c3
2.35046260650004e-12	0.150415944983664	0.619	0.541	7.88298148967984e-08	RAB7A	c3
2.35855886282670e-12	0.183102002451697	0.294	0.241	7.9101347141482e-08	CDC5L	c3
2.36276140777591e-12	1.75478922411496	0.01	0.003	7.92422920939885e-08	AC083862.2	c3
2.36709369651688e-12	0.335250828210367	0.152	0.117	7.93875883937832e-08	UBR7	c3
2.39118481401934e-12	-0.595723465279558	0.16	0.194	8.01955562925806e-08	MX2	c3
2.43812660072944e-12	0.194178408600873	0.193	0.15	8.1769889935264e-08	MAP3K11	c3
2.44526505793109e-12	0.28783819193322	0.112	0.082	8.20092995128928e-08	SNX11	c3
2.48437775105117e-12	-0.725656669668312	0.098	0.13	8.33210610147541e-08	ANXA4	c3
2.51790951200539e-12	0.47134088392477	0.075	0.051	8.44456492136369e-08	RBM45	c3
2.54386313878805e-12	0.193834335190455	0.212	0.168	8.53160819486735e-08	LRRC47	c3
2.55107329818147e-12	1.60803970311454	0.011	0.004	8.55578962744102e-08	AC008083.2	c3
2.57411648096305e-12	0.345311410655611	0.131	0.098	8.63307185385386e-08	FAHD2A	c3
2.6393581987009e-12	0.288811894520171	0.125	0.093	8.85187952680309e-08	ZNF266	c3
2.64271952430113e-12	-1.61149360377803	0.017	0.036	8.86315274060112e-08	GFPT2	c3
2.65980113332963e-12	-2.45879080325197	0.004	0.017	8.92044104096093e-08	KCNQ5	c3
2.71569404085051e-12	-0.659080831213068	0.071	0.102	9.10789467420442e-08	NCAPH2	c3
2.79032023398196e-12	0.18273218402634	0.229	0.182	9.35817600072871e-08	CBL	c3
2.84924047894295e-12	0.339804978773603	0.089	0.063	9.55578271827885e-08	ATPAF2	c3
2.87433091552241e-12	0.64256715455309	0.061	0.04	9.63993102447907e-08	CCZ1	c3
2.90428110209429e-12	0.230443989018128	0.195	0.153	9.74037796020383e-08	TMEM33	c3
2.9469668962136e-12	-0.520030790014855	0.175	0.209	9.88353757652118e-08	MRPL24	c3
2.97903143836606e-12	-1.59414828601426	0.013	0.03	9.9910756379921e-08	TMEM150A	c3
2.98466589223938e-12	0.34398691718723	0.091	0.064	1.00099724693924e-07	CIC	c3
3.01181862031776e-12	-1.09253665559679	0.012	0.029	1.01010372888217e-07	C9orf40	c3
3.034347106373e-12	0.636934875665103	0.044	0.027	1.01765933253538e-07	MORN2	c3
3.0430918524254e-12	0.391290371776372	0.1	0.072	1.02059214546643e-07	HIP1	c3
3.07382652090452e-12	-1.07036976517863	0.03	0.052	1.03089993858096e-07	ST3GAL3	c3
3.09497569672506e-12	0.829280143707972	0.026	0.014	1.03799294916765e-07	KIAA0895L	c3
3.10279900948193e-12	0.467968836696102	0.072	0.048	1.04061673180005e-07	TNRC18	c3
3.16519676181046e-12	0.373021885479866	0.069	0.046	1.06154368997599e-07	CASTOR1	c3
3.19633486045073e-12	0.606258450744962	0.069	0.047	1.07198678549797e-07	TRIM59	c3
3.22509069644286e-12	0.226764059383127	0.153	0.116	1.08163091777301e-07	TRUB2	c3
3.29501433211765e-12	0.158724287718776	0.309	0.253	1.10508190670562e-07	SP140L	c3
3.30290034819798e-12	0.636517034344783	0.042	0.025	1.10772671877864e-07	NLRP2	c3
3.3079495501695e-12	0.320135392311442	0.08	0.055	1.10942012013585e-07	PURB	c3
3.31218129282916e-12	-0.978074665510141	0.034	0.058	1.11083936198905e-07	CHST7	c3
3.38587325183393e-12	1.33320436992664	0.02	0.009	1.13555417120006e-07	RHOU	c3
3.50344807999556e-12	-0.885950268968615	0.047	0.074	1.17498641706891e-07	TMEM38B	c3
3.51300558150972e-12	0.366779773988558	0.105	0.076	1.17819181192673e-07	C12orf4	c3
3.52368436903179e-12	1.5346470599949	0.014	0.005	1.18177326368588e-07	KCNA2	c3
3.56418469404093e-12	0.501252312903376	0.057	0.036	1.19535626268745e-07	C1RL-AS1	c3
3.67794791298384e-12	0.393309880074366	0.058	0.037	1.23351017105652e-07	SULT1A1	c3
3.71542224151174e-12	0.311776272980473	0.126	0.094	1.24607831135821e-07	BBS7	c3
3.73843636371494e-12	-2.60024236186062	0.003	0.015	1.25379678766272e-07	HIST1H3G	c3
3.75231094959739e-12	-1.59733000925329	0.014	0.032	1.25845004627597e-07	AC147067.1	c3
3.7892303357026e-12	-0.703728858717917	0.263	0.286	1.27083206998794e-07	H2AFX	c3
3.80016622505799e-12	0.138063735720988	0.307	0.251	1.27449974855995e-07	HDAC7	c3
3.91245069880415e-12	-0.687788635388733	0.08	0.111	1.31215771536494e-07	PAICS	c3
3.94294643970921e-12	-0.679002131504257	0.071	0.101	1.32238537694967e-07	RRS1	c3
4.01525065293671e-12	-2.31128381839476	0.02	0.04	1.34663476398191e-07	RRM2	c3
4.02481774006098e-12	0.246576260358055	0.195	0.154	1.34984337366165e-07	DDX59	c3
4.03211449373592e-12	0.360664074189721	0.109	0.079	1.35229055890915e-07	UBE3B	c3
4.05735701278815e-12	-2.52962676784957	0.004	0.016	1.36075639494889e-07	NOXA1	c3
4.0766790050946e-12	0.252344574835512	0.143	0.108	1.36723660472863e-07	TMEM131	c3
4.18690128439812e-12	0.204010350654911	0.188	0.147	1.40420295276144e-07	PYROXD1	c3
4.23591479317483e-12	0.226460676954948	0.192	0.15	1.42064110333497e-07	ST6GALNAC6	c3
4.30428625259061e-12	1.03818806343556	0.025	0.013	1.44357152339384e-07	RASGEF1A	c3
4.32929163469777e-12	-0.548021418911712	0.139	0.174	1.45195782844494e-07	PRCP	c3
4.54450094446933e-12	0.305821605845575	0.084	0.058	1.52413472675612e-07	TSC1	c3
4.55015197758482e-12	-0.17224255327738	0.691	0.689	1.5260299702424e-07	HSP90B1	c3
4.55091013852108e-12	-4.05752286970231	0.001	0.012	1.5262842422572e-07	IRGM	c3
4.63797278736684e-12	-0.841478447281254	0.052	0.079	1.55548331342709e-07	EHD4	c3
4.65195949559056e-12	-3.42196051020769	0.001	0.013	1.56017417563116e-07	RNF144B	c3
4.69645679051334e-12	0.520139416404971	0.052	0.033	1.57509767840236e-07	B3GALNT2	c3
4.70905384203705e-12	0.286461896549995	0.135	0.102	1.57932247754238e-07	RNF31	c3
4.75012149061291e-12	-0.608562601157246	0.029	0.052	1.59309574552176e-07	TIMELESS	c3
4.78475227229055e-12	0.315746828763554	0.104	0.075	1.60471021708081e-07	ZC3H4	c3
4.82019534731247e-12	-3.6118961372742	0.002	0.013	1.61659711558166e-07	GPA33	c3
4.86898636355961e-12	0.229796525540787	0.078	0.053	1.63296064661062e-07	KLRC1	c3
4.95196742848752e-12	0.523720292846336	0.043	0.026	1.66079083616615e-07	AP005482.1	c3
5.00943122396828e-12	0.29979422236323	0.114	0.083	1.68006304389448e-07	YEATS2	c3
5.03145532547915e-12	0.177916075569299	0.173	0.134	1.6874494870592e-07	MCCC2	c3
5.05112366458457e-12	-1.04506367604942	0.016	0.035	1.69404585462837e-07	SUV39H2	c3
5.10477886487624e-12	0.209123883860013	0.208	0.165	1.71204073570219e-07	NDUFS1	c3
5.11294009412977e-12	-2.87222833186813	0.002	0.014	1.71477784876924e-07	MINDY1	c3
5.17787603217471e-12	0.168297825769404	0.288	0.236	1.73655606367075e-07	STK38	c3
5.19958473425135e-12	-0.220047106360277	0.589	0.591	1.74383672817322e-07	SEC62	c3
5.22515999446505e-12	-1.88161608453546	0.006	0.021	1.75241415894369e-07	FBXL16	c3
5.23836057853094e-12	0.365994319579389	0.074	0.05	1.75684137082771e-07	TOM1L2	c3
5.30576477891851e-12	-3.07729445381285	0.002	0.014	1.77944739155369e-07	NEIL1	c3
5.30664261973466e-12	0.253955037095773	0.231	0.185	1.77974180180661e-07	ELL	c3
5.31042038170208e-12	0.161128125038304	0.297	0.243	1.78100878761524e-07	CDS2	c3
5.32669534454699e-12	-4.06916320913477	0.001	0.012	1.78646708465417e-07	GRASP	c3
5.37378843250909e-12	0.287770303023112	0.113	0.083	1.8022611644949e-07	KMT2D	c3
5.44939377727729e-12	-1.03053546458595	0.037	0.061	1.82761768502326e-07	BEST1	c3
5.45214705004775e-12	0.144106302630991	0.338	0.277	1.82854107764501e-07	RIC8A	c3
5.49228884228956e-12	0.316764601133458	0.098	0.07	1.84200383192707e-07	ZNF692	c3
5.57393708302128e-12	-0.351531288289077	0.355	0.379	1.86938701890368e-07	CD46	c3
5.61752571547287e-12	-0.626397631678006	0.081	0.113	1.88400577445529e-07	PGRMC2	c3
5.81324107278335e-12	0.223105918283737	0.203	0.16	1.94964479099008e-07	PMS1	c3
5.86596577386369e-12	0.408375142973369	0.106	0.078	1.9673276012384e-07	NFKBIE	c3
5.92057519805533e-12	0.12145176545719	0.551	0.471	1.9856425099238e-07	CNPY3	c3
5.994873901756e-12	0.325063153669168	0.094	0.067	2.01056080917093e-07	SPPL2B	c3
6.0192038590683e-12	-2.35770650739076	0.004	0.016	2.01872059025433e-07	ADAMTS10	c3
6.05331612607729e-12	-1.22865185948988	0.002	0.014	2.0301611623638e-07	EXO1	c3
6.11654537498139e-12	0.252442632800213	0.186	0.146	2.05136698786126e-07	SART3	c3
6.14366670342410e-12	-0.530795945146502	0.147	0.182	2.06046293899438e-07	ZNF862	c3
6.26286155993889e-12	-0.615839959282355	0.122	0.155	2.10043850997231e-07	NDRG1	c3
6.28776435717134e-12	-2.12099984416993	0.009	0.024	2.10879041010812e-07	PCSK1N	c3
6.38503826634768e-12	0.215011389250635	0.228	0.183	2.14141413376769e-07	CCAR2	c3
6.54641258487109e-12	-0.730732802454805	0.044	0.07	2.19553585271407e-07	GALNT10	c3
6.58982148444082e-12	0.141596701580936	0.3	0.245	2.21009432945176e-07	PPP6R3	c3
6.60634630478026e-12	-1.02402748210378	0.024	0.046	2.2156364236972e-07	NCAPH	c3
6.61822062281841e-12	0.288316664727857	0.105	0.076	2.21961883248084e-07	JMJD4	c3
6.69543944861773e-12	-0.434285868109717	0.32	0.348	2.24551648227742e-07	ATM	c3
6.83921940073973e-12	-1.88166082556082	0.018	0.036	2.29373740262009e-07	AC004585.1	c3
6.95436105623662e-12	-2.45859535424155	0.005	0.019	2.33235361104064e-07	FAM174B	c3
6.97258145995116e-12	-1.67325459246701	0.024	0.045	2.33846437003842e-07	CCNB1	c3
7.21356045983836e-12	1.02426641910572	0.036	0.021	2.41928390702059e-07	TRAV10	c3
7.3766042273114e-12	0.22246455022549	0.153	0.117	2.4739655257557e-07	SWI5	c3
7.61233531245199e-12	-1.4301213061167	0.008	0.023	2.55302501709015e-07	CEP72	c3
7.67543115429859e-12	-4.53315491028016	0.001	0.011	2.57418610052866e-07	TBC1D8	c3
7.6844506287339e-12	0.521974343110875	0.045	0.027	2.57721105186478e-07	AL592295.4	c3
7.68637204756934e-12	0.114923191299814	0.407	0.341	2.57785545731381e-07	PRRC2B	c3
7.70132113074312e-12	0.305592497802621	0.112	0.082	2.58286908082863e-07	ZNF236	c3
7.73542993761188e-12	0.296452309289395	0.127	0.095	2.59430849247627e-07	SIL1	c3
7.74239392977216e-12	0.207904226198665	0.153	0.117	2.59664407616699e-07	TMEM161A	c3
7.7922603881142e-12	0.184235035330553	0.214	0.17	2.61336828896574e-07	DMAP1	c3
7.89922006629387e-12	0.396766416348179	0.086	0.061	2.64924042583364e-07	NDC80	c3
7.93224120027375e-12	0.212833502222135	0.228	0.183	2.66031505374781e-07	STAG1	c3
7.96123495773662e-12	0.121703291188933	0.483	0.409	2.67003898012571e-07	GIMAP2	c3
7.99209877644057e-12	-0.103231827272893	0.978	0.971	2.68039008764264e-07	RPL31	c3
8.03235218014467e-12	-0.28258459667007	0.447	0.464	2.69389027417692e-07	RGS14	c3
8.12763092848239e-12	-0.722542540111864	0.071	0.101	2.72584486079442e-07	ANO9	c3
8.31885659080765e-12	0.137495937447979	0.289	0.235	2.78997812342507e-07	COQ4	c3
8.39028003033065e-12	-0.813748473805568	0.01	0.026	2.81393211657229e-07	PLK4	c3
8.4799435436293e-12	0.226697073581629	0.227	0.183	2.84400346566239e-07	ZEB1	c3
8.57407399161557e-12	0.546167314312764	0.053	0.033	2.87557293530803e-07	GIT1	c3
8.58528050100823e-12	-1.36397748968582	0.015	0.033	2.87933137442814e-07	ZNF571	c3
8.62355731351114e-12	0.315818924159306	0.106	0.077	2.89216865180537e-07	MFN1	c3
8.63845465547731e-12	0.179227464403885	0.287	0.235	2.89716492235398e-07	CLPTM1	c3
8.7441882764604e-12	0.210607044032235	0.193	0.152	2.93262586415929e-07	BSCL2	c3
8.83216741677796e-12	0.141923713439993	0.658	0.576	2.96213230823899e-07	PDIA6	c3
8.93972976648555e-12	-0.574486239182446	0.093	0.126	2.99820656908392e-07	BCL2L12	c3
9.1661880746824e-12	0.113009386696475	0.377	0.312	3.07415615648698e-07	SMARCC2	c3
9.17784447857345e-12	0.242898297832027	0.144	0.11	3.07806548122396e-07	ASB3	c3
9.18873914220584e-12	0.320511450833471	0.107	0.078	3.08171933351299e-07	TRAPPC11	c3
9.45063020129679e-12	-0.804538856745288	0.02	0.04	3.16955235691092e-07	POLE	c3
9.71052376666054e-12	-0.420906523772588	0.333	0.357	3.25671546086261e-07	TRADD	c3
9.741177420522e-12	0.224567851334073	0.281	0.232	3.26699608329467e-07	AP3D1	c3
9.74513436506724e-12	0.140988169368341	0.479	0.407	3.26832316335625e-07	C18orf32	c3
9.76547781487113e-12	0.355566925645015	0.072	0.049	3.27514594955148e-07	FAM189B	c3
9.82682700495228e-12	0.217317379010952	0.19	0.15	3.2957212409209e-07	PGM2	c3
9.83849954347199e-12	0.170756917907262	0.2	0.157	3.29963597688964e-07	CMAS	c3
9.96960383538544e-12	0.307858773360881	0.133	0.101	3.34360573431157e-07	PDRG1	c3
9.99945296005155e-12	0.309067357615463	0.128	0.096	3.35361653374209e-07	GPR89A	c3
1.00142704947204e-11	-0.997901878347601	0.035	0.058	3.35858603851932e-07	ABCA5	c3
1.01452005288459e-11	-0.87875743205342	0.056	0.083	3.40249735336435e-07	AC073332.1	c3
1.03326826411342e-11	0.441256103415169	0.08	0.056	3.46537510418357e-07	TCP11L1	c3
1.03433328009905e-11	0.314763028669432	0.116	0.086	3.4689469547962e-07	IPO8	c3
1.0482221780331e-11	0.379125028121553	0.126	0.095	3.51552754068741e-07	RNF169	c3
1.04995393283827e-11	0.301187156789186	0.1	0.072	3.52133549995299e-07	CSTF3	c3
1.0705613409431e-11	0.251354750130486	0.178	0.14	3.59044862525497e-07	ALDH16A1	c3
1.07303178938675e-11	-2.56250474135158	0.003	0.014	3.59873401524528e-07	RNF212	c3
1.07342381553026e-11	-2.00176191012525	0.006	0.02	3.60004879252539e-07	TMEM30B	c3
1.10030782932703e-11	0.243913892818793	0.109	0.079	3.69021239799699e-07	DHX40	c3
1.10296882860821e-11	-0.575807298240217	0.106	0.14	3.69913685738622e-07	NANS	c3
1.1078401879411e-11	0.716341299642188	0.038	0.023	3.71547442231686e-07	ARL17A	c3
1.10878543283679e-11	0.19972786079422	0.237	0.191	3.71864458464802e-07	DRG2	c3
1.10894299859981e-11	-0.471811912662971	0.209	0.243	3.71917302870405e-07	VPS26A	c3
1.12257872041686e-11	-5.85724316090203	0	0.01	3.76490451253407e-07	DMKN	c3
1.12998470438371e-11	0.148482750454079	0.595	0.511	3.78974270156208e-07	SF3A2	c3
1.14235406355209e-11	0.44388036159252	0.047	0.029	3.83122705834101e-07	TIPARP-AS1	c3
1.15785689835593e-11	0.244304772812497	0.129	0.097	3.88322046570612e-07	METTL4	c3
1.16860432949229e-11	-3.39484308687713	0.002	0.013	3.91926520025124e-07	LONRF3	c3
1.17588381645095e-11	0.205054688554414	0.183	0.143	3.9436791436132e-07	PARN	c3
1.17661225400803e-11	0.241270351864854	0.17	0.132	3.94612217749212e-07	AP5M1	c3
1.20681565304308e-11	-0.820770940227251	0.09	0.12	4.04741833717587e-07	ISYNA1	c3
1.20769660149017e-11	0.494621437095541	0.062	0.041	4.05037286207772e-07	MTSS1	c3
1.25591109615191e-11	-1.59067322082758	0.024	0.044	4.21207463427427e-07	ZC2HC1A	c3
1.25769940937789e-11	0.186348514481503	0.216	0.172	4.21807227917157e-07	CLASRP	c3
1.26270056449565e-11	0.584875003822268	0.041	0.025	4.23484515320551e-07	AC020659.1	c3
1.27151176695378e-11	-0.490476940827782	0.171	0.204	4.26439616400957e-07	XCL2	c3
1.31507418663306e-11	0.273325878812486	0.112	0.082	4.41049580712995e-07	PATL2	c3
1.33009915275444e-11	-0.698794066700553	0.061	0.089	4.46088653850783e-07	BRI3BP	c3
1.33309282868593e-11	0.387660858018635	0.099	0.072	4.47092672884687e-07	PPP1R9B	c3
1.37227007511474e-11	0.134371375875049	0.321	0.263	4.60231937791983e-07	IDH3B	c3
1.37811330784922e-11	-0.564606234112945	0.101	0.133	4.62191641186472e-07	IFRD2	c3
1.40774154491476e-11	0.136898358427605	0.299	0.244	4.72128359333512e-07	PPID	c3
1.41696385351799e-11	0.209019271164206	0.215	0.173	4.75221337192862e-07	HTRA2	c3
1.41880546193467e-11	0.195212196975264	0.228	0.183	4.7583897582365e-07	GPN1	c3
1.42141036467544e-11	-1.30316693027831	0.021	0.041	4.76712608104849e-07	TSC22D1	c3
1.43461113111803e-11	0.298697473698492	0.102	0.074	4.81139881154364e-07	SLC38A9	c3
1.45055677718511e-11	0.396252596859764	0.079	0.055	4.86487731932341e-07	NECAB3	c3
1.45376470156328e-11	-0.48898912136209	0.141	0.177	4.87563605610294e-07	POU2F2	c3
1.46047112254941e-11	-0.455850741963537	0.314	0.334	4.8981280508062e-07	ANP32E	c3
1.46102589828651e-11	0.804676560038265	0.035	0.02	4.89998865767328e-07	AC006064.4	c3
1.46194570368757e-11	0.258848263309761	0.144	0.11	4.90307350102739e-07	MOCS2	c3
1.50973893248442e-11	0.380656731870843	0.094	0.068	5.06336243176625e-07	STK39	c3
1.54834545433214e-11	0.548938311192003	0.042	0.026	5.19284098473912e-07	FKBP1B	c3
1.55419612320515e-11	0.162062281837906	0.16	0.123	5.21246295800545e-07	MDP1	c3
1.5597697472286e-11	0.109050337199911	0.678	0.594	5.23115577825528e-07	UQCRQ	c3
1.57792565416992e-11	-0.768612036724997	0.041	0.066	5.29204705895509e-07	TBXAS1	c3
1.59602638960513e-11	0.327939450921449	0.1	0.072	5.35275330545768e-07	ALKBH5	c3
1.60526478278435e-11	0.219971503918687	0.171	0.133	5.38373702850216e-07	LYRM4	c3
1.61890368328224e-11	-4.0973836360669	0.001	0.011	5.42947917299198e-07	PDGFB	c3
1.62293376542741e-11	0.247468329903681	0.118	0.087	5.44299526249046e-07	HINT3	c3
1.65748470822996e-11	0.108967491671799	0.36	0.296	5.55887221446165e-07	ARPP19	c3
1.6666899084114e-11	-2.53682818666493	0.005	0.019	5.58974461483017e-07	HIST1H3C	c3
1.68118643458508e-11	0.185689463217341	0.173	0.135	5.63836306431143e-07	SYMPK	c3
1.68256584577914e-11	0.175717679155145	0.304	0.251	5.64298933357408e-07	EML3	c3
1.68824070054358e-11	-0.31253037485037	0.024	0.045	5.66202166148307e-07	TRBV6-2	c3
1.69144531875067e-11	0.257626718450302	0.166	0.13	5.67276931002601e-07	ZFPL1	c3
1.75201742000637e-11	-1.33490964568284	0.012	0.029	5.87591602321735e-07	STAP1	c3
1.79338492646017e-11	0.278907686230909	0.115	0.085	6.01465436636213e-07	C5orf22	c3
1.83129730531027e-11	-0.641557745693838	0.091	0.122	6.14180490254959e-07	HSD17B4	c3
1.86466156384042e-11	-0.632219047389737	0.135	0.167	6.25370195280799e-07	IL18R1	c3
1.87279803746727e-11	0.111104490034002	0.324	0.266	6.28099005805774e-07	FRYL	c3
1.87699236242619e-11	0.3988359984041	0.068	0.046	6.29505698510494e-07	MFSD9	c3
1.87818265662654e-11	0.118826169936774	0.559	0.48	6.29904899379407e-07	TOMM22	c3
1.92426601753906e-11	0.41636173133211	0.06	0.04	6.45360336962249e-07	AC007216.4	c3
1.92899467725216e-11	0.258539677102296	0.182	0.144	6.46946234856829e-07	CRKL	c3
1.96089029531924e-11	0.214520138623034	0.114	0.083	6.57643387244166e-07	MTMR3	c3
1.96299178766897e-11	-0.467596925636588	0.167	0.203	6.58348185748419e-07	JADE1	c3
1.97274077391184e-11	-0.650504039510561	0.088	0.119	6.61617800754552e-07	SNAPC1	c3
1.9776052517073e-11	-2.05893470502322	0.006	0.02	6.63249249317594e-07	HLF	c3
1.98437579895967e-11	-1.42841534275262	0.013	0.03	6.65519955455093e-07	HAR1A	c3
1.99867107901433e-11	0.38441024035834	0.097	0.07	6.70314306479825e-07	CDPF1	c3
2.01381728203196e-11	0.324475484995716	0.142	0.109	6.75394040047879e-07	MED24	c3
2.02774075658135e-11	0.188721524075623	0.229	0.184	6.80063694942253e-07	FBXW11	c3
2.04901982907442e-11	0.140470695782341	0.312	0.256	6.87200270274979e-07	AP2B1	c3
2.1521639692443e-11	-0.748917138450444	0.031	0.054	7.21792752005154e-07	MCM4	c3
2.16934266222295e-11	-0.648011108545518	0.043	0.068	7.27554142056334e-07	POLD1	c3
2.17599580806698e-11	0.353235159834087	0.055	0.036	7.29785474109504e-07	C20orf194	c3
2.18113993758985e-11	0.282877068461956	0.133	0.101	7.31510712268884e-07	WDR11	c3
2.21417593923342e-11	-0.442533400423516	0.214	0.247	7.42590326500103e-07	POLE3	c3
2.23287806179374e-11	-1.64188818126587	0.037	0.06	7.48862644364386e-07	CSF2	c3
2.24181858163673e-11	-2.01435546864953	0.003	0.015	7.51861115909327e-07	FRY	c3
2.26526339631689e-11	0.366662624708973	0.079	0.055	7.5972403785676e-07	LLGL2	c3
2.27874572919842e-11	-1.02209643089222	0.032	0.054	7.64245742658565e-07	TRIM47	c3
2.2862935434796e-11	0.817454161785024	0.03	0.017	7.66777128612187e-07	STAP2	c3
2.29233458939053e-11	-0.895380807249122	0.112	0.143	7.68803174589796e-07	GRN	c3
2.34841239420452e-11	1.13884518217924	0.016	0.007	7.87610548768311e-07	ZNF710-AS1	c3
2.35011198071858e-11	0.287032877042856	0.12	0.089	7.88180556093399e-07	ZNF350	c3
2.36216280801098e-11	1.4358649502245	0.016	0.007	7.92222162550724e-07	TP53I3	c3
2.4136207356293e-11	0.62587770665394	0.031	0.017	8.09480122315354e-07	NLK	c3
2.42052762707266e-11	0.215492924154191	0.13	0.098	8.11796555567629e-07	PIGG	c3
2.44174027967536e-11	0.190511367893752	0.201	0.16	8.18910854997521e-07	YLPM1	c3
2.48040140859354e-11	-0.702470167235947	0.041	0.065	8.31877024414102e-07	TIPIN	c3
2.48581515106299e-11	-0.863259746952834	0.046	0.07	8.33692685363506e-07	LTB4R2	c3
2.48928450419701e-11	0.442255740293923	0.065	0.044	8.34856237017592e-07	DVL3	c3
2.51056615710629e-11	-0.493819070098293	0.219	0.249	8.41993677770306e-07	PSMB5	c3
2.51375603147099e-11	0.725596536702362	0.019	0.009	8.43063497834742e-07	CCDC78	c3
2.52005566711111e-11	0.340511507850772	0.095	0.068	8.45176269635724e-07	STAM2	c3
2.54504513004337e-11	0.177919129162571	0.201	0.159	8.53557235713946e-07	MAP4K5	c3
2.55703707450587e-11	0.291417076331217	0.164	0.128	8.57579094047778e-07	SEC23IP	c3
2.57105215332429e-11	-0.550848876973927	0.108	0.14	8.62279471181901e-07	PSMG1	c3
2.60381083926479e-11	0.430543882961587	0.082	0.058	8.73266079272624e-07	ZNF75D	c3
2.65354117053829e-11	0.121210268495785	0.565	0.487	8.8994463777513e-07	WTAP	c3
2.67634448284192e-11	-2.97655293249316	0.002	0.013	8.97592412655523e-07	GLS2	c3
2.71900086374529e-11	-0.723248121507771	0.063	0.091	9.11898509682895e-07	WDR89	c3
2.7219459029767e-11	0.563322468200881	0.067	0.046	9.12886216940324e-07	HNRNPUL2	c3
2.73127820888745e-11	0.281956361499125	0.155	0.12	9.16016085696674e-07	CREB3	c3
2.73985931475703e-11	0.26370311472816	0.12	0.089	9.18894016983213e-07	CMTR2	c3
2.77028453030615e-11	0.183891461820366	0.194	0.153	9.29098025774078e-07	SLC30A9	c3
2.80615223714762e-11	0.232249651604485	0.129	0.097	9.41127337294568e-07	MRS2	c3
2.81236341467561e-11	-0.373347040259865	0.3	0.327	9.43210442013908e-07	POLE4	c3
2.82940891779888e-11	-2.44953837088579	0.003	0.015	9.48927162851387e-07	GNG7	c3
2.83638351734622e-11	0.123659731886437	0.38	0.317	9.51266304047576e-07	DDX50	c3
2.9059666802968e-11	-0.22209935744165	0.647	0.636	9.7460310523794e-07	PRDX1	c3
2.94584368838267e-11	0.49748471645893	0.053	0.034	9.87977056209779e-07	ZSCAN2	c3
2.96802910311783e-11	0.193213173023514	0.141	0.107	9.95417600603658e-07	KLHL6	c3
2.96895307747434e-11	0.222400101558327	0.186	0.147	9.95727483123345e-07	SLC7A6OS	c3
2.97448689101999e-11	-0.438717234050746	0.16	0.195	9.97583413510283e-07	TSR3	c3
2.99571873812092e-11	0.30369305899125	0.149	0.116	1.004704150391e-06	DOHH	c3
3.05406920125159e-11	0.19554611073336	0.212	0.17	1.02427372871576e-06	NIPSNAP2	c3
3.06306707094584e-11	0.245773395786435	0.136	0.103	1.02729143425382e-06	KIAA2026	c3
3.09714640201828e-11	0.164172204600842	0.354	0.297	1.03872096030889e-06	CNIH4	c3
3.10474173579615e-11	0.215068236324099	0.211	0.169	1.04126828335131e-06	RHNO1	c3
3.13632473121489e-11	0.315160121203417	0.119	0.089	1.05186058835485e-06	FAM76B	c3
3.15205935676952e-11	-0.73679664136859	0.06	0.087	1.05713766707336e-06	MYBBP1A	c3
3.20752010819583e-11	0.105105843409202	0.348	0.287	1.07573809388672e-06	RBM23	c3
3.30924007559806e-11	-0.53445948721125	0.113	0.146	1.10985293655408e-06	EEA1	c3
3.3249134258349e-11	0.341379203615173	0.097	0.07	1.11510946475651e-06	ARRDC1-AS1	c3
3.34409818457957e-11	0.18851557159956	0.159	0.123	1.1215436491443e-06	ZNF281	c3
3.38348136866463e-11	0.12406236663367	0.134	0.1	1.13475198142274e-06	FBXO32	c3
3.39825104677273e-11	0.164783365578407	0.358	0.3	1.13970543606664e-06	LAGE3	c3
3.40869663884934e-11	-0.35074571117217	0.298	0.325	1.14320867873729e-06	MRPL3	c3
3.45038625480282e-11	-0.575955237829828	0.114	0.146	1.15719054213577e-06	POLR1C	c3
3.46658954364529e-11	0.340037372367217	0.069	0.047	1.16262480114776e-06	TMEM63B	c3
3.47606421907308e-11	0.290398025234464	0.144	0.111	1.16580241779273e-06	GPKOW	c3
3.49985995713556e-11	-0.212301682653007	0.508	0.52	1.17378303242412e-06	HNRNPL	c3
3.51795507219795e-11	0.166615278644595	0.278	0.228	1.17985177211375e-06	PHAX	c3
3.54305432439171e-11	-0.78928680871352	0.058	0.084	1.18826955931449e-06	RRP12	c3
3.54599863256216e-11	-2.2543942197919	0.005	0.017	1.1892570213887e-06	AC012368.1	c3
3.58498553555341e-11	0.100092118180545	0.791	0.722	1.2023324489139e-06	RAP1B	c3
3.60721313665178e-11	0.626504453205359	0.023	0.012	1.20978714177028e-06	LRRC27	c3
3.62383141077228e-11	0.732639154401686	0.024	0.012	1.21536057854481e-06	MAP10	c3
3.64115580527343e-11	0.258920406218796	0.158	0.123	1.2211708339726e-06	IL15RA	c3
3.68231860119763e-11	0.227809229769009	0.139	0.106	1.23497601246966e-06	MUL1	c3
3.73169722023543e-11	0.345716246013824	0.108	0.08	1.25153661372256e-06	DNAJC14	c3
3.76002216085687e-11	0.119436259123464	0.49	0.423	1.26103623230818e-06	PDE4B	c3
3.80086705603892e-11	0.14329939895336	0.239	0.191	1.27473479325433e-06	NLRP1	c3
3.80847311213022e-11	-0.980185282580688	0.034	0.056	1.27728571234623e-06	CTBP1-DT	c3
3.89476671072557e-11	0.340815755653054	0.093	0.067	1.30622685944314e-06	VPS18	c3
3.89608892828333e-11	-2.60138931094629	0.002	0.014	1.30667030476766e-06	ZNF223	c3
3.97365723521542e-11	0.294057796729113	0.106	0.078	1.33268516354655e-06	FBXO11	c3
4.06999254501081e-11	0.108902410869495	0.288	0.234	1.36499409974572e-06	SAMM50	c3
4.1053539772517e-11	-0.709541426860187	0.028	0.049	1.37685361689067e-06	ZWILCH	c3
4.1210700613367e-11	-1.77934981451045	0.002	0.012	1.3821244771711e-06	C17orf53	c3
4.13284723923981e-11	0.444816352904327	0.059	0.039	1.38607430709625e-06	ZNF408	c3
4.18379582154069e-11	0.254630842949423	0.224	0.182	1.40316144262832e-06	TIFA	c3
4.19476760750844e-11	0.219991446083126	0.191	0.152	1.40684116020618e-06	KIN	c3
4.20916203840254e-11	-0.614997767026511	0.064	0.093	1.41166876443945e-06	TIMM21	c3
4.23672033698269e-11	-1.73420850968697	0.01	0.026	1.42091126661726e-06	MPP5	c3
4.24108272055893e-11	0.388702546428592	0.11	0.082	1.42237432282106e-06	NF2	c3
4.25797039171539e-11	0.139354820985556	0.261	0.211	1.42803810997351e-06	TMEM126A	c3
4.27611148536511e-11	0.131945462731037	0.291	0.237	1.43412226996175e-06	DLST	c3
4.28992053812956e-11	0.403159564649675	0.077	0.054	1.43875355007789e-06	HVCN1	c3
4.29122917504962e-11	-0.462781537718728	0.221	0.252	1.43919244072814e-06	TSPYL1	c3
4.54688725902903e-11	0.270447170340938	0.163	0.127	1.52493504893316e-06	CBX6	c3
4.65664198093259e-11	-0.602808197280041	0.049	0.074	1.56174458756517e-06	ERI1	c3
4.72312619350505e-11	0.369872257577706	0.071	0.048	1.58404206277773e-06	MSANTD4	c3
4.7262536003467e-11	0.538038868793506	0.057	0.037	1.58509093248428e-06	C11orf68	c3
4.75786021425996e-11	-1.31527277357605	0.018	0.035	1.59569115865851e-06	LONRF1	c3
4.80725180809246e-11	0.666568800375719	0.022	0.011	1.61225611139805e-06	AC022182.1	c3
4.88987316975118e-11	0.12615225912183	0.446	0.376	1.63996566367115e-06	PDCD10	c3
4.92418084165318e-11	-0.450969312792785	0.177	0.211	1.65147177067364e-06	LINC00623	c3
5.01531589901446e-11	-1.37852603506609	0.015	0.032	1.68203664621147e-06	ARHGAP31	c3
5.04549598763084e-11	-0.832674411295653	0.039	0.062	1.69215844433163e-06	ARHGAP10	c3
5.05140327595136e-11	1.34626438720362	0.013	0.005	1.69413963068857e-06	LINC01260	c3
5.05486920457236e-11	0.160638501431782	0.197	0.156	1.69530203382948e-06	MAN1B1	c3
5.08749545949955e-11	-0.850588860882574	0.024	0.044	1.70624422720696e-06	Z93241.1	c3
5.15969787923349e-11	-1.60902438484445	0.006	0.019	1.73045947473733e-06	B3GNT8	c3
5.21311075949151e-11	0.319321951849239	0.095	0.068	1.74837308651826e-06	ZFAND4	c3
5.23692964402452e-11	-0.773408411199288	0.068	0.095	1.75636146401294e-06	RBFA	c3
5.29982876665438e-11	0.158106871807895	0.224	0.179	1.77745657176055e-06	FEZ2	c3
5.33739316868773e-11	1.11680406253543	0.017	0.008	1.79005492091449e-06	GIPR	c3
5.3679508470747e-11	-2.29441695986634	0.004	0.016	1.80030335509191e-06	B3GNT7	c3
5.37345268811035e-11	-3.19108697586628	0.001	0.011	1.80214856253845e-06	AC009041.2	c3
5.42064219700112e-11	-0.151727089642342	0.701	0.687	1.81797498003024e-06	XRCC6	c3
5.47231975520354e-11	0.728389396885035	0.025	0.013	1.83530659950016e-06	FAM215B	c3
5.48772748813796e-11	-3.42092576294044	0.001	0.012	1.84047404497171e-06	AC120193.1	c3
5.49306964404459e-11	-0.380716775458135	0.539	0.525	1.84226569721968e-06	NOSIP	c3
5.51399118463474e-11	0.297287506036304	0.079	0.055	1.8492823635028e-06	A1BG-AS1	c3
5.59087910456034e-11	-0.175207813921559	0.592	0.588	1.87506903408745e-06	PRDX2	c3
5.59765111039782e-11	0.126386415351892	0.344	0.286	1.87734022940522e-06	MAP2K1	c3
5.59839362982401e-11	-1.51329936879549	0.01	0.025	1.87758925557038e-06	ADRB1	c3
5.61725064160385e-11	0.172329644216	0.175	0.137	1.8839135201811e-06	KAT5	c3
6.00301900006537e-11	-1.67806173387525	0.008	0.022	2.01329251224192e-06	PRDM8	c3
6.04456287257312e-11	0.183313792233233	0.299	0.248	2.02722549620357e-06	PRRC2A	c3
6.09423548209845e-11	-0.528174198916911	0.103	0.135	2.04388469598618e-06	CIDEB	c3
6.20806318207612e-11	0.151548377727487	0.287	0.235	2.08206023000469e-06	PFKP	c3
6.25369413887141e-11	0.134667460847193	0.312	0.259	2.09736394029469e-06	FAM133B	c3
6.38015986337729e-11	-0.735600553057342	0.015	0.032	2.13977801497948e-06	C1orf112	c3
6.40276886456934e-11	0.287270919839615	0.088	0.063	2.14736062179926e-06	LINC01089	c3
6.45431573198552e-11	-1.30411663716526	0.015	0.031	2.1646484101933e-06	ZNF563	c3
6.53950562122112e-11	-1.70479952826597	0.007	0.021	2.19321939524514e-06	CACNB3	c3
6.60512275612853e-11	0.470474603211636	0.055	0.036	2.21522606995038e-06	PPARA	c3
6.6564540423651e-11	0.175961866868546	0.172	0.135	2.23244155672841e-06	ATP13A1	c3
6.67032598969132e-11	0.230896830740048	0.123	0.092	2.23709393042268e-06	CCDC6	c3
6.6859950197777e-11	0.194890441946995	0.202	0.162	2.24234900973305e-06	MRPL2	c3
6.7347020039868e-11	0.568145853092561	0.031	0.018	2.25868435809709e-06	FOXO4	c3
6.75083595708931e-11	0.379553945987315	0.107	0.079	2.26409536328861e-06	PCCB	c3
6.84631673963379e-11	-0.485068510833881	0.235	0.266	2.29611770813838e-06	PLIN2	c3
6.9407378661282e-11	0.137474489062883	0.49	0.417	2.32778466554208e-06	PSMB8-AS1	c3
6.95608675702002e-11	0.265581696330501	0.109	0.081	2.33293237656937e-06	PAXBP1	c3
7.12219032698343e-11	0.146253826436118	0.376	0.314	2.3886401918637e-06	TOR1AIP1	c3
7.15435620375705e-11	0.276897328264103	0.125	0.094	2.39942798361604e-06	DLG1	c3
7.20231326006586e-11	0.255537608410853	0.14	0.107	2.41551182116089e-06	C18orf25	c3
7.2169432660187e-11	0.339017856587752	0.057	0.038	2.42041843255735e-06	AXIN1	c3
7.21894701324088e-11	0.191161818236381	0.242	0.196	2.42109044930073e-06	ANKRD13A	c3
7.30494894720216e-11	0.564734649602348	0.048	0.031	2.44993377791266e-06	KIAA0930	c3
7.32074197482248e-11	0.974557406872171	0.014	0.006	2.45523044351596e-06	AC020915.1	c3
7.52138934134139e-11	-4.15255725757967	0.001	0.01	2.52252355729907e-06	AXIN2	c3
7.72322177796131e-11	-1.17782682289129	0.01	0.025	2.59021411989266e-06	GPSM2	c3
7.76364872564043e-11	-0.337332247304598	0.276	0.309	2.60377250960529e-06	TMEM50B	c3
7.81850680926515e-11	-5.09083495528481	0	0.01	2.62217081369135e-06	ANK1	c3
7.83570213469036e-11	-0.35960720785321	0.357	0.379	2.62793778193245e-06	JMJD1C	c3
7.88662777570682e-11	0.103203189804706	0.299	0.244	2.64501722341655e-06	NBEAL1	c3
7.99661391295013e-11	0.209415321124764	0.158	0.123	2.68190437412522e-06	SCAF8	c3
8.08614335734348e-11	-2.21235345851981	0.018	0.035	2.71193075918586e-06	CFD	c3
8.33621184611376e-11	1.57506034887761	0.011	0.004	2.79579872894963e-06	SCX	c3
8.34580714377183e-11	0.117103700843935	0.436	0.371	2.79901679987819e-06	CCDC88C	c3
8.35819366739355e-11	0.246931487190846	0.123	0.093	2.80317099217045e-06	NDUFAF7	c3
8.36484188570836e-11	-1.88923263167846	0.01	0.025	2.80540067162887e-06	ZNF485	c3
8.41345935862676e-11	0.148527996173033	0.274	0.224	2.82170599969624e-06	AP3B1	c3
8.50357417249341e-11	0.273844458755664	0.105	0.077	2.85192870597084e-06	ZFP64	c3
8.62180807826584e-11	-0.836343658691134	0.036	0.059	2.8915819932888e-06	RIPOR1	c3
8.69253935550763e-11	0.619542776913156	0.026	0.014	2.91530384905015e-06	TDRKH-AS1	c3
8.70077761966181e-11	-0.668052293843031	0.087	0.116	2.91806679808218e-06	BCAT2	c3
8.85567147416045e-11	-1.6865605055911	0.002	0.012	2.97001509900393e-06	XRCC2	c3
8.891007145018e-11	0.145027334458274	0.238	0.192	2.98186597629614e-06	ZFC3H1	c3
8.97558411244099e-11	0.199145403360543	0.238	0.195	3.01023139963046e-06	ARHGAP17	c3
9.0852855072565e-11	0.641751538468577	0.053	0.035	3.04702305342369e-06	DENND3	c3
9.22482155867824e-11	0.461499188525037	0.072	0.05	3.09382065434951e-06	ZNF614	c3
9.3906614792758e-11	0.172137593315728	0.296	0.245	3.14944004691952e-06	SF3B3	c3
9.49634522607935e-11	0.201858639526426	0.183	0.145	3.18488426192249e-06	DHX16	c3
9.50215942030879e-11	-0.780894476522344	0.057	0.082	3.18683422638316e-06	ARMCX5	c3
9.59933252013955e-11	-1.28070964807248	0.019	0.037	3.2194241406044e-06	LINC02328	c3
9.63698484311178e-11	0.196639751448033	0.183	0.146	3.23205197668283e-06	AP1B1	c3
9.65026562006929e-11	-1.90441322358647	0.006	0.019	3.23650608365884e-06	PLEKHN1	c3
9.80427456532349e-11	-0.539936008640227	0.156	0.187	3.28815760371819e-06	TRMT10C	c3
9.84228188623099e-11	-1.501060321422	0.021	0.039	3.30090449900415e-06	FHIT	c3
9.8464360456638e-11	0.249168447906027	0.115	0.086	3.30229772099472e-06	ZNF426	c3
9.90704038365581e-11	-1.1341290106853	0.009	0.024	3.32262320387049e-06	FANCC	c3
9.91055737651863e-11	1.33267790557299	0.012	0.005	3.32380273293682e-06	RNF32	c3
9.93167387508996e-11	-2.78259241571038	0.006	0.019	3.33088478422767e-06	DERL3	c3
1.00254141132171e-10	0.156010411903834	0.289	0.238	3.36232338529076e-06	SS18	c3
1.01423290902676e-10	0.216914003932427	0.232	0.189	3.40153433029395e-06	KRI1	c3
1.03866315032846e-10	0.140089216242611	0.425	0.357	3.48346847357159e-06	ELAVL1	c3
1.04628277607335e-10	0.235327613082351	0.205	0.165	3.50902317439482e-06	NUDT2	c3
1.07444575014261e-10	0.19409259680898	0.15	0.115	3.60347615682829e-06	DIS3	c3
1.14025131539473e-10	0.225959806376232	0.109	0.08	3.82417486157084e-06	AC020915.3	c3
1.14035187263971e-10	-1.19825871440896	0.003	0.014	3.82451211045906e-06	SLC25A10	c3
1.15620339280697e-10	0.315719334316408	0.116	0.087	3.877674938796e-06	GPATCH3	c3
1.15890517904432e-10	0.579427458337247	0.031	0.018	3.88673618947886e-06	LINC00528	c3
1.15937007051694e-10	0.542034466798169	0.058	0.038	3.8882953424997e-06	CNOT6	c3
1.18213189399625e-10	-2.55620784244009	0.003	0.014	3.96463394608463e-06	BAIAP3	c3
1.20465480071385e-10	-0.560645745988017	0.053	0.078	4.04017127063411e-06	RFC5	c3
1.20862983377326e-10	-2.93359668565614	0.002	0.012	4.05350273650877e-06	TMEM136	c3
1.21491382635756e-10	-1.32829287869065	0.012	0.028	4.07457799083797e-06	WNT1	c3
1.22041451472149e-10	0.149871488553209	0.312	0.259	4.09302619947294e-06	CTNNB1	c3
1.23025986719031e-10	-0.427783372330432	0.197	0.23	4.12604554258285e-06	GCHFR	c3
1.24657303887196e-10	0.142743387571342	0.28	0.23	4.18075665776877e-06	EFR3A	c3
1.28157729188101e-10	-0.853886170996627	0.048	0.072	4.29815392151054e-06	UBE2D4	c3
1.28980314634628e-10	-1.32075263810363	0.009	0.024	4.32574179221614e-06	AC011603.2	c3
1.3042627985859e-10	-1.42496204375433	0.014	0.03	4.3742365738974e-06	SMYD5	c3
1.31659616359517e-10	0.393584398870547	0.071	0.049	4.41560021346549e-06	SLC25A42	c3
1.32791631987621e-10	0.189997244875888	0.231	0.188	4.45356575360083e-06	RNF216	c3
1.33770533815361e-10	0.495418366550604	0.04	0.024	4.48639616309957e-06	ZNF529-AS1	c3
1.34523046232323e-10	0.239808070517674	0.151	0.117	4.51163392453964e-06	EIF4E3	c3
1.35586643356216e-10	-0.719367548529274	0.07	0.097	4.54730484488078e-06	UBQLN4	c3
1.36064978795533e-10	0.222864326727357	0.187	0.149	4.56334725884457e-06	ZMPSTE24	c3
1.38939662407196e-10	-0.396697001268037	0.306	0.331	4.65975839781252e-06	SNHG7	c3
1.39421131800659e-10	0.228898566334361	0.123	0.093	4.67590591833049e-06	MFSD8	c3
1.39929347464526e-10	-0.741471532869453	0.064	0.09	4.69295045526527e-06	AC025164.1	c3
1.40506354108231e-10	-0.594229318997752	0.111	0.141	4.71230210408185e-06	AARSD1	c3
1.40681007086146e-10	-0.438438393742557	0.259	0.286	4.71815961565515e-06	PMVK	c3
1.41431826346378e-10	0.301321303927937	0.082	0.059	4.74334059200484e-06	RIDA	c3
1.4149746865955e-10	-0.857300148959038	0.06	0.085	4.74554210390398e-06	SMAD5	c3
1.45088435668592e-10	-2.91739190438114	0.002	0.013	4.86597595545325e-06	SPINT1-AS1	c3
1.46603676986539e-10	-1.49276825149022	0.012	0.027	4.91679411877454e-06	GKAP1	c3
1.47680602923203e-10	-2.08815373890573	0.006	0.018	4.95291206083837e-06	AC009831.1	c3
1.49530946284651e-10	0.136295141018324	0.252	0.205	5.01496887649464e-06	DPH3	c3
1.50445795870366e-10	-0.657132076106998	0.107	0.137	5.04565110190034e-06	UGCG	c3
1.50606832337666e-10	-0.407861496859277	0.216	0.249	5.05105194294064e-06	LARS	c3
1.5113278062703e-10	0.366928092936652	0.078	0.055	5.06869119666934e-06	AL451165.2	c3
1.51939888125845e-10	0.138106552944694	0.29	0.239	5.09575996796458e-06	TMEM126B	c3
1.52333297120952e-10	-1.18743007675193	0.016	0.033	5.10895411884247e-06	DPYSL2	c3
1.52411520349339e-10	0.116159125867443	0.551	0.476	5.11157756947612e-06	TAF1D	c3
1.53744750350108e-10	1.09924159488396	0.015	0.007	5.15629143724191e-06	ZNF853	c3
1.54376853458569e-10	0.134291497106648	0.594	0.525	5.17749091129347e-06	G3BP2	c3
1.54542005636487e-10	-3.60749249806214	0.001	0.011	5.1830297850365e-06	TEC	c3
1.55361997290944e-10	0.185077236505542	0.22	0.178	5.21053066514367e-06	CRY1	c3
1.55729853173468e-10	0.312579987584674	0.026	0.014	5.22286781573176e-06	TRBV7-4	c3
1.60340758238257e-10	-0.871150401246389	0.037	0.059	5.37750834979468e-06	CYB561D2.1	c3
1.60511354042329e-10	0.154490134843893	0.311	0.258	5.38322979187163e-06	ZNF22	c3
1.66588586408706e-10	0.370978490284198	0.086	0.062	5.58704801097517e-06	DDI2	c3
1.66598076657651e-10	0.243755892426253	0.139	0.107	5.58736629494429e-06	MADD	c3
1.68463084045449e-10	-1.71456291548937	0.005	0.017	5.64991491271627e-06	FANCE	c3
1.68541692556074e-10	0.17121407374924	0.163	0.127	5.6525512849456e-06	WAC-AS1	c3
1.68754902938765e-10	0.179292568440732	0.213	0.172	5.6597019347603e-06	GTF2F2	c3
1.70597035626563e-10	0.337100396240331	0.147	0.115	5.72148338084367e-06	GBA	c3
1.75259095116961e-10	0.137805045594226	0.331	0.276	5.87783953203263e-06	CAT	c3
1.76189251706091e-10	-0.835932119725418	0.068	0.093	5.90903512371887e-06	CEP68	c3
1.79507199302396e-10	0.166632131281158	0.178	0.14	6.02031245020375e-06	PARP12	c3
1.82918911892418e-10	-0.321761246853331	0.342	0.368	6.13473446704792e-06	TES	c3
1.83817473042186e-10	0.154346840835575	0.172	0.135	6.16487041088883e-06	TMEM128	c3
1.85709786574903e-10	-0.152479665616779	0.672	0.683	6.2283348221491e-06	NME2	c3
1.87404420405929e-10	0.343188737706748	0.065	0.044	6.28516945157403e-06	FAM168A	c3
1.9108845339742e-10	0.203632107272571	0.18	0.143	6.40872455004268e-06	TMX3	c3
1.91784953557683e-10	0.167642954219967	0.195	0.155	6.43208377241756e-06	SEC24C	c3
1.92720086412347e-10	0.220983940457924	0.115	0.087	6.46344625809729e-06	TULP4	c3
1.92973327875023e-10	-3.77398347325986	0.001	0.011	6.47193947027254e-06	ZCCHC14	c3
1.93057023009978e-10	0.329656984833969	0.103	0.076	6.47474643770864e-06	COG7	c3
1.96681369335721e-10	-2.09158824198142	0.007	0.02	6.5962997647814e-06	HACD1	c3
1.97850457272434e-10	0.404643574217631	0.124	0.095	6.63550863600288e-06	DEAF1	c3
1.98513583067326e-10	0.413490007957793	0.096	0.071	6.65774854891198e-06	RAD51D	c3
1.9975505359389e-10	-0.621431256060947	0.041	0.064	6.69938498743187e-06	POLA2	c3
2.04180655534063e-10	0.325729427460741	0.073	0.051	6.84781082530141e-06	ADAT2	c3
2.05304660664094e-10	-0.752736843320747	0.015	0.031	6.88550770935237e-06	ZNF367	c3
2.07391503335481e-10	-1.86716367059925	0.004	0.015	6.95549623886536e-06	HIST1H4D	c3
2.08501051031595e-10	0.122861487355291	0.668	0.597	6.99270824949763e-06	ADGRE5	c3
2.08541087581688e-10	0.322769052485667	0.119	0.09	6.99405099531465e-06	RIPK3	c3
2.08848757302647e-10	0.236580521024698	0.109	0.081	7.00436962241617e-06	NUDT16	c3
2.08923733653746e-10	0.565809868282406	0.049	0.032	7.00688417927934e-06	PTPN12	c3
2.11885076862454e-10	-1.01107022083415	0.046	0.069	7.10620170781298e-06	LY75	c3
2.14976951776337e-10	0.105498779515226	0.438	0.369	7.20989700867479e-06	BCL7B	c3
2.15343420410804e-10	0.120941737584804	0.557	0.479	7.22218763373753e-06	TGFB1	c3
2.15553015549819e-10	-0.66460859627619	0.103	0.132	7.22921703550982e-06	BAG3	c3
2.16203324320827e-10	0.377475686449628	0.087	0.062	7.2510270910719e-06	GABPB2	c3
2.17767008468264e-10	-1.77257098540192	0.007	0.02	7.30346993000862e-06	MPZL2	c3
2.18019396787731e-10	0.362279800246522	0.079	0.056	7.31193452946691e-06	KLHL2	c3
2.18184530909604e-10	0.159477436964224	0.248	0.204	7.31747279764629e-06	MRPS10	c3
2.1828998845675e-10	0.312152709117069	0.092	0.067	7.32100963286247e-06	GPD1L	c3
2.18934904569219e-10	0.137747951650613	0.265	0.216	7.34263882944245e-06	JKAMP	c3
2.21208835243225e-10	0.210357621118177	0.214	0.174	7.41890191638727e-06	GSS	c3
2.25475190862827e-10	0.529126047562206	0.042	0.026	7.56198695115749e-06	NAPB	c3
2.26103698171436e-10	0.142358647526095	0.268	0.22	7.5830658292736e-06	SURF2	c3
2.26167025474293e-10	0.126280376213806	0.31	0.257	7.58518970035682e-06	MRPL38	c3
2.27044638760771e-10	-0.828060137048675	0.032	0.053	7.61462309475872e-06	ALDH6A1	c3
2.30811705296871e-10	-0.607040290594195	0.063	0.089	7.74096297224646e-06	C11orf24	c3
2.32048833398039e-10	0.43316569751802	0.081	0.058	7.78245377450343e-06	IDUA	c3
2.32126546779785e-10	0.425387630096893	0.053	0.035	7.78506012590043e-06	NUDT19	c3
2.34344602684075e-10	0.257351246464617	0.158	0.124	7.85944928481849e-06	GMPPA	c3
2.3488922953723e-10	-1.17977727590973	0.007	0.02	7.87771498021962e-06	FAM161A	c3
2.34945049758465e-10	0.147298887214514	0.211	0.169	7.87958707879939e-06	RLF	c3
2.35336200046868e-10	0.260489683915136	0.12	0.09	7.89270547717185e-06	SOCS4	c3
2.36847312335234e-10	-1.43400390214465	0.013	0.028	7.94338516109907e-06	C4orf47	c3
2.36884324179079e-10	0.340445186997371	0.117	0.089	7.94462646431796e-06	GPALPP1	c3
2.37504821523994e-10	0.340637759187368	0.094	0.068	7.96543670427171e-06	CLCN7	c3
2.39622010622952e-10	0.252277524544594	0.124	0.095	8.03644299227257e-06	DYRK1A	c3
2.40094496946555e-10	0.382571200833275	0.072	0.051	8.05228923859355e-06	ERCC8	c3
2.41527379988874e-10	0.116537663165463	0.262	0.213	8.10034527006685e-06	IGSF8	c3
2.4414451667603e-10	0.515622053404532	0.057	0.038	8.1881188002807e-06	MAPKBP1	c3
2.44483232448969e-10	0.19913755275539	0.224	0.183	8.19947864987352e-06	SMARCD1	c3
2.4507289777822e-10	-1.65578394017785	0.008	0.022	8.21925484568593e-06	AC008014.1	c3
2.45918530974575e-10	0.146084976796066	0.151	0.117	8.2476156918253e-06	XPO6	c3
2.4754720427993e-10	0.389083676934288	0.079	0.056	8.3022381371403e-06	MTMR12	c3
2.50483126586847e-10	-2.06764323775498	0.006	0.018	8.40070309946968e-06	RAB3D	c3
2.52776434401234e-10	0.164103049790834	0.266	0.218	8.47761605694857e-06	NDRG3	c3
2.54147074679367e-10	0.340139461888471	0.089	0.064	8.5235845905966e-06	ZNF821	c3
2.58480084084918e-10	0.272809753825241	0.139	0.107	8.66890506003998e-06	FAM104B	c3
2.59537464423766e-10	0.209910593363323	0.128	0.097	8.70436748184427e-06	ZNF37A	c3
2.60411633436271e-10	0.262507959937502	0.146	0.114	8.73368536218565e-06	NR2C2	c3
2.7082584578843e-10	0.244716330207574	0.145	0.113	9.08295721605238e-06	ADNP	c3
2.74093250984489e-10	-2.91720383514208	0.002	0.012	9.1925394515178e-06	CRB3	c3
2.75527659692637e-10	-1.02222166696134	0.024	0.043	9.24064665077164e-06	MVK	c3
2.75976061132237e-10	0.248635885619758	0.131	0.1	9.25568513825296e-06	RNF25	c3
2.76809283248005e-10	-0.622016625334474	0.054	0.079	9.28362974157158e-06	SAC3D1	c3
2.80077273536681e-10	0.148295084810667	0.35	0.297	9.39323159987322e-06	MPC1	c3
2.81193745647654e-10	0.508504402862914	0.054	0.036	9.43067584153102e-06	NUP50-DT	c3
2.81536926742655e-10	0.299853144743118	0.105	0.079	9.44218544909517e-06	P3H1	c3
2.82144162274822e-10	0.278301830321509	0.097	0.071	9.46255091437297e-06	MAIP1	c3
2.85524566040136e-10	-0.571218852061192	0.174	0.204	9.57592289585407e-06	UBE2S	c3
2.85848120243568e-10	0.48722772644604	0.05	0.032	9.58677425672877e-06	FBXW8	c3
2.86095697016617e-10	0.130482798953299	0.24	0.195	9.59507748654331e-06	LGALS8	c3
2.86150134457678e-10	0.888004390276331	0.019	0.01	9.5969032094416e-06	DGUOK-AS1	c3
2.93189308634512e-10	0.273959886738887	0.127	0.097	9.83298303298425e-06	WBP1L	c3
2.93484171384671e-10	0.198889168413872	0.167	0.132	9.84287213989909e-06	NSMCE2	c3
2.97168947514257e-10	0.16628181512501	0.232	0.189	9.96645216173315e-06	MFAP1	c3
2.97682995928331e-10	0.310484623613861	0.084	0.06	9.98369231744438e-06	FHL3	c3
3.08015380995721e-10	0.618095769824803	0.027	0.015	1.03302198478345e-05	C1QTNF6	c3
3.1252289065263e-10	0.210416414674728	0.117	0.088	1.04813927067079e-05	DMXL1	c3
3.13353500734746e-10	0.458561634973511	0.06	0.04	1.05092497076419e-05	STRN4	c3
3.17113430567964e-10	0.30154449138128	0.082	0.058	1.06353502343884e-05	ATG2B	c3
3.18604446994926e-10	0.15433310368904	0.282	0.234	1.06853559433158e-05	ME2	c3
3.24070807466464e-10	0.251806670382213	0.176	0.141	1.08686867408103e-05	GTF3C5	c3
3.27321151842639e-10	0.159866371822829	0.217	0.175	1.09776967904984e-05	TSEN34	c3
3.32219843871942e-10	0.376484242230498	0.074	0.052	1.11419891237772e-05	KMT5C	c3
3.35211863692706e-10	0.129754888927168	0.442	0.378	1.1242335484526e-05	DERL1	c3
3.35395847803773e-10	0.27598082049788	0.159	0.126	1.12485059436429e-05	APEX2	c3
3.35507302915318e-10	0.222008631104775	0.166	0.131	1.12522439251739e-05	USP25	c3
3.3719346581794e-10	0.20034738793113	0.155	0.121	1.13087944566021e-05	QSOX1	c3
3.38128581694948e-10	0.111769740971267	0.228	0.184	1.13401563728852e-05	GMDS	c3
3.38964807145482e-10	-3.04320596908239	0.001	0.01	1.13682017020452e-05	GPR160	c3
3.43059791395691e-10	0.151066456951472	0.23	0.187	1.15055392838287e-05	SPTBN1	c3
3.46486851644549e-10	-1.50014467135539	0.009	0.023	1.16204760304549e-05	ZNF717	c3
3.46957228243827e-10	0.240935996972719	0.112	0.084	1.16362515208415e-05	SLC5A3	c3
3.47121855977143e-10	-1.18142260079606	0.015	0.031	1.16417728057614e-05	ZNF799	c3
3.53363645018217e-10	-1.20753994520984	0.027	0.046	1.18511099266209e-05	MPP7	c3
3.57051752681622e-10	-0.297588149579237	0.373	0.389	1.19748016814362e-05	ATP5MC1	c3
3.57231498038373e-10	-0.558962832705634	0.096	0.125	1.1980829981211e-05	MAP3K1	c3
3.58213863633461e-10	-0.783634645631588	0.038	0.06	1.2013776558539e-05	NPM3	c3
3.59842553665522e-10	0.933874595544832	0.03	0.017	1.20683995648343e-05	RASGRP3	c3
3.6016897398991e-10	0.366895969281793	0.081	0.058	1.20793470496736e-05	POLR1A	c3
3.61628208417335e-10	-2.55684918771038	0.002	0.012	1.21282868539006e-05	ABLIM2	c3
3.64510135905477e-10	-0.199249017079444	0.534	0.537	1.22249409379979e-05	RPN2	c3
3.65380567685104e-10	0.980731785653066	0.025	0.013	1.2254133479023e-05	AC098613.1	c3
3.74100646078369e-10	0.29771059694388	0.091	0.067	1.25465874681763e-05	UBP1	c3
3.74874329398193e-10	0.374396718263063	0.091	0.066	1.25725352593566e-05	POLR3A	c3
3.75698225382871e-10	0.143307777936692	0.268	0.22	1.26001670828907e-05	BLCAP	c3
3.76510981697627e-10	1.36408911855378	0.016	0.007	1.2627425304175e-05	PDCD1LG2	c3
3.7713251939733e-10	-1.48717993993162	0.014	0.03	1.26482704355477e-05	DYNC2H1	c3
3.83529754113672e-10	-2.8892203955904	0.003	0.013	1.28628208934643e-05	MAML3	c3
3.86520285039108e-10	-1.78088620646526	0.007	0.02	1.29631173196416e-05	TRAM2	c3
3.89081261180556e-10	0.140699447901637	0.197	0.157	1.30490073374735e-05	CAAP1	c3
3.90229934527996e-10	0.229849502762974	0.151	0.119	1.30875315441999e-05	WASHC5	c3
3.90266521979978e-10	0.153864153137696	0.29	0.24	1.30887586141645e-05	HARS	c3
3.94799850527708e-10	-0.923945127579078	0.022	0.04	1.32407973869983e-05	DHODH	c3
4.07344805005912e-10	0.149113493916488	0.311	0.259	1.36615300702883e-05	EFCAB14	c3
4.08878920349012e-10	-0.208986256591698	0.647	0.64	1.37129812306652e-05	SMDT1	c3
4.15083632494999e-10	0.236332933994253	0.147	0.115	1.39210748666173e-05	ALG1	c3
4.31215663396502e-10	-0.783193813840212	0.053	0.077	1.44621109189919e-05	DIAPH2	c3
4.32261686873441e-10	0.150448392890153	0.167	0.131	1.44971924543615e-05	MEF2A	c3
4.33531458451708e-10	0.292858140591802	0.156	0.122	1.45397780535534e-05	TYSND1	c3
4.34985526553342e-10	0.152614510841104	0.246	0.202	1.4588544589546e-05	FAM111A	c3
4.3582914371982e-10	0.126495689106553	0.447	0.378	1.46168378220753e-05	THOC7	c3
4.39474454027161e-10	0.128575462111412	0.319	0.265	1.47390942391629e-05	RASSF7	c3
4.41616614230201e-10	-2.04866542291571	0.005	0.016	1.48109380080525e-05	CAMKK1	c3
4.42604452100701e-10	0.222213922374815	0.202	0.164	1.48440681145533e-05	EED	c3
4.46712736855591e-10	0.385989556693995	0.044	0.028	1.49818517686628e-05	MIR22HG	c3
4.53730447294051e-10	-3.60168241926364	0.001	0.01	1.52172117413479e-05	NIPAL2	c3
4.56000175637837e-10	-0.495736430298807	0.139	0.171	1.52933338905418e-05	ACTL6A	c3
4.57617271394303e-10	-0.3631922199549	0.264	0.293	1.53475680480221e-05	HTATSF1	c3
4.63976025616168e-10	-4.46607698540831	0.013	0.005	1.5560827947115e-05	IGKV3-11	c3
4.67040108984655e-10	-0.669829640120913	0.088	0.116	1.56635911751274e-05	ZNF600	c3
4.8767839987891e-10	0.142723966188636	0.229	0.186	1.63557581751389e-05	KIAA1143	c3
4.89516036306064e-10	0.190128945225473	0.152	0.118	1.64173888256328e-05	TYW1	c3
4.93639802286074e-10	0.161118620170884	0.245	0.202	1.65556916890704e-05	DIDO1	c3
4.99277071357556e-10	-1.20521060125097	0.003	0.014	1.67447544191897e-05	DDIAS	c3
4.99435976778925e-10	0.365550897878926	0.095	0.071	1.67500837892116e-05	RBM15	c3
5.00281779213049e-10	0.372497491318147	0.056	0.037	1.67784503112472e-05	MANEA-DT	c3
5.04129904487027e-10	-1.39321581561074	0.009	0.023	1.69075087366859e-05	AC008035.1	c3
5.06126655843951e-10	-1.27783913843053	0.015	0.031	1.69744757836944e-05	ZNF257	c3
5.0665664448954e-10	0.545043981302396	0.035	0.021	1.69922505428902e-05	PKD2L2	c3
5.07945195329335e-10	-0.994485048819465	0.027	0.046	1.70354659609552e-05	AC097376.2	c3
5.09139273727191e-10	0.194952709009462	0.163	0.129	1.70755129622625e-05	SPIDR	c3
5.1458387217722e-10	0.299782832394758	0.124	0.095	1.72581139050796e-05	TXLNA	c3
5.14996911162796e-10	0.771892614227959	0.029	0.016	1.72719664065778e-05	PPARGC1B	c3
5.16946734683155e-10	0.165462215138649	0.12	0.09	1.73373595878037e-05	AC012615.1	c3
5.21674803652043e-10	0.116376089986494	0.34	0.284	1.74959295648822e-05	RFC1	c3
5.22659852202923e-10	0.480213901675145	0.084	0.062	1.75289661231816e-05	UCK2	c3
5.23424060492996e-10	0.832579188174928	0.065	0.046	1.75545961408141e-05	TRAV12-3	c3
5.24377952082129e-10	0.360290871411754	0.081	0.059	1.75865877569305e-05	SLFN11	c3
5.25502303395339e-10	-1.09915532497673	0.026	0.045	1.76242962512729e-05	TCEAL1	c3
5.30040814963306e-10	0.142764671824425	0.309	0.257	1.77765088522394e-05	VPS72	c3
5.65089006738032e-10	0.116876960493433	0.537	0.467	1.89519551079801e-05	SEMA4D	c3
5.73560269559341e-10	-0.559373730445136	0.131	0.16	1.92360643204812e-05	MBOAT7	c3
5.76407209334247e-10	0.513783141370243	0.041	0.026	1.9331544986652e-05	TBCEL	c3
5.85857599389569e-10	1.12211484474714	0.016	0.008	1.96484921683274e-05	AC092580.2	c3
5.87479280579137e-10	-2.45921706657506	0.002	0.012	1.97028801120631e-05	ESPN	c3
5.89588940325333e-10	0.298617204808132	0.12	0.091	1.9773633880631e-05	HPS5	c3
5.95021078558887e-10	-0.43250566813178	0.185	0.216	1.9955816932708e-05	ANAPC13	c3
6.06511462714469e-10	0.359249444430882	0.081	0.059	2.03411814365178e-05	TCEANC2	c3
6.09998084232765e-10	0.149031821890963	0.235	0.192	2.04581157489985e-05	ARL14EP	c3
6.1086771528547e-10	-0.656536243170728	0.059	0.084	2.04872814352441e-05	KNOP1	c3
6.14563035378215e-10	-3.43089501169911	0.002	0.012	2.06112150805146e-05	MATN2	c3
6.21460217993679e-10	-1.8669625703063	0.007	0.02	2.0842532791072e-05	HHAT	c3
6.37360184238366e-10	-1.24982872335511	0.019	0.036	2.13757858589863e-05	CDK5R1	c3
6.41599973592032e-10	0.338655911847606	0.097	0.072	2.15179799143296e-05	MYO18A	c3
6.4893921699857e-10	0.244285766968934	0.177	0.142	2.1764123459698e-05	CRCP	c3
6.50365699820489e-10	-4.12511337796431	0.001	0.01	2.18119648405795e-05	CNN3	c3
6.50724653456192e-10	0.105167171067312	0.564	0.485	2.18240034276138e-05	APH1A	c3
6.54173194769684e-10	-0.783901369790394	0.036	0.057	2.19396606061857e-05	TRAV8-4	c3
6.57526269582149e-10	0.326191892620646	0.103	0.077	2.20521160292461e-05	TRIB3	c3
6.61046628961122e-10	0.105542303897899	0.214	0.172	2.21701818420981e-05	KIAA1109	c3
6.62719566024935e-10	-0.319857516715757	0.334	0.355	2.22262888053443e-05	FAM162A	c3
6.69355554642626e-10	0.48058568377764	0.049	0.032	2.24488465916044e-05	FXR2	c3
6.70033050709786e-10	-0.80601857922495	0.039	0.06	2.24715684547048e-05	OPN3	c3
6.85534608372271e-10	0.567938915759764	0.039	0.024	2.29914596955892e-05	LRP5L	c3
6.85763777406555e-10	0.272086211545583	0.135	0.105	2.2999145566661e-05	KHSRP	c3
6.85811390152808e-10	1.05600472800216	0.013	0.006	2.30007424029449e-05	ST6GALNAC3	c3
6.87957617519545e-10	-2.22637518521016	0.005	0.016	2.30727225763705e-05	OR4D1	c3
6.93480519435685e-10	-1.78552735669843	0.008	0.021	2.3257949660834e-05	RLN1	c3
6.9514397183111e-10	0.28886809642103	0.124	0.096	2.33137385272718e-05	AHCYL1	c3
6.95675844823579e-10	-0.744040593905593	0.065	0.09	2.33315764836932e-05	BTD	c3
7.04422201908516e-10	-0.589507125307199	0.096	0.124	2.36249118076078e-05	ZNF274	c3
7.04881047848624e-10	-1.64956854416167	0.014	0.03	2.36403005827472e-05	RAB27B	c3
7.05944871499073e-10	0.281242604811856	0.068	0.047	2.36759791003359e-05	BRD1	c3
7.2134573457897e-10	-1.43522116114792	0.009	0.022	2.41924932463095e-05	PTPDC1	c3
7.26606012409221e-10	0.336205872034594	0.071	0.05	2.43689124441804e-05	ACBD4	c3
7.30847498027535e-10	0.227474424531061	0.213	0.174	2.45111633888475e-05	PLEKHA3	c3
7.34700408046735e-10	0.602845977218701	0.021	0.011	2.46403822850714e-05	CLDN15	c3
7.38586400586776e-10	0.273001781996037	0.092	0.068	2.47707107028793e-05	MINDY3	c3
7.39287156756421e-10	0.472087608994182	0.041	0.025	2.47942126632968e-05	TTLL3	c3
7.41421995057826e-10	0.120260149326158	0.333	0.279	2.48658108702494e-05	GPAA1	c3
7.52725605005435e-10	0.261566639110211	0.131	0.101	2.52449113406723e-05	GOLGA3	c3
7.55129157695684e-10	-2.84991763529284	0.002	0.012	2.53255216907978e-05	SCOC-AS1	c3
7.61768410417483e-10	0.454184742341198	0.061	0.042	2.55481889485816e-05	AP4E1	c3
7.72305652904494e-10	0.392817650333491	0.123	0.096	2.59015869871109e-05	NSD2	c3
7.74189054250862e-10	-1.32557896974857	0.012	0.026	2.59647525014654e-05	AC124312.1	c3
7.74782110816119e-10	0.140297594764776	0.309	0.258	2.5984642432551e-05	DOCK2	c3
7.7592358344438e-10	0.319336607745399	0.078	0.056	2.60229251415576e-05	ST3GAL2	c3
7.82991752012065e-10	0.495908670265215	0.06	0.041	2.62599773789806e-05	TOMM40L	c3
7.83222944495464e-10	-1.65530654538824	0.008	0.02	2.62677311124889e-05	ZNF219	c3
7.96163371952841e-10	0.418931684558825	0.067	0.047	2.67017271685544e-05	EFCAB7	c3
7.97556239982516e-10	-0.653645585687963	0.099	0.127	2.67484411765336e-05	LTBP3	c3
7.97751946194714e-10	0.191024625109755	0.148	0.116	2.67550047714783e-05	REXO4	c3
8.07600900112576e-10	0.160554043862049	0.315	0.265	2.70853189879756e-05	PPP4R3A	c3
8.13768886973667e-10	0.101447658008588	0.595	0.517	2.72921809313228e-05	TMC6	c3
8.17525107567994e-10	0.224726630945002	0.142	0.11	2.74181570576154e-05	MAP2K5	c3
8.27980999954294e-10	-0.562950086325183	0.024	0.043	2.77688267764671e-05	BRCA2	c3
8.32230584608162e-10	0.160103027290683	0.334	0.281	2.79113493465885e-05	DDB1	c3
8.47191627931461e-10	0.106023336102059	0.457	0.39	2.84131128175653e-05	FNBP4	c3
8.61475738402478e-10	-0.653445714256681	0.09	0.117	2.88921733145423e-05	SMC2	c3
8.82399109737948e-10	0.546444503291964	0.034	0.021	2.95939013423913e-05	TRIM62	c3
9.15815528177777e-10	0.213529166263191	0.15	0.117	3.07146211840263e-05	UBE2Z	c3
9.16372152294642e-10	0.17521605024789	0.193	0.156	3.07332892436577e-05	EXOC5	c3
9.19685292151682e-10	0.418023691845138	0.056	0.038	3.08444053281831e-05	AL050341.2	c3
9.62764607005627e-10	-1.31841960705886	0.015	0.03	3.22891993897547e-05	VCL	c3
9.63380812328957e-10	1.18438882228688	0.014	0.006	3.23098656838886e-05	AC073335.2	c3
9.78414522034789e-10	0.16401247578442	0.165	0.13	3.28140662400028e-05	MCM6	c3
9.84987584573823e-10	-1.72997232779686	0.007	0.02	3.30345136114369e-05	C10orf91	c3
1.0117360386528e-09	0.330341366230243	0.082	0.059	3.39316032643376e-05	GSPT2	c3
1.01504427084412e-09	-0.56116466701713	0.086	0.114	3.40425547555699e-05	PRIM1	c3
1.01586567938919e-09	0.102177693129056	0.615	0.53	3.40701031553547e-05	MEAF6	c3
1.02322251291905e-09	0.196913789416189	0.151	0.118	3.43168366382791e-05	HECA	c3
1.05321010580879e-09	0.214563006494856	0.176	0.141	3.53225605286152e-05	GUCD1	c3
1.05597379081758e-09	0.350944381339735	0.098	0.073	3.541524899644e-05	COPG2	c3
1.07008032791776e-09	1.10716872543609	0.15	0.123	3.58883540377058e-05	TRAV8-2	c3
1.08812638612452e-09	0.125410848899774	0.185	0.149	3.6493582737844e-05	ZFAND2A	c3
1.10886625775505e-09	-2.13544881639529	0.003	0.014	3.71891565525888e-05	MYO15B	c3
1.12103282436566e-09	-2.34672669029445	0.004	0.015	3.75971988635755e-05	LINC01281	c3
1.1257048486099e-09	0.344651905169973	0.065	0.045	3.77538892126789e-05	NAP1L5	c3
1.13843993681329e-09	0.235477379787786	0.152	0.119	3.8180998600844e-05	ANAPC7	c3
1.18218799259188e-09	-4.43543525807124	0.004	0.014	3.96482208955464e-05	CST3	c3
1.19834068463036e-09	0.139894736906978	0.167	0.132	4.01899498811331e-05	ZSCAN16-AS1	c3
1.20192474485984e-09	-0.279822873248594	0.368	0.391	4.03101520931092e-05	DEGS1	c3
1.21420933313857e-09	0.128126314524239	0.211	0.17	4.07221526148013e-05	DESI2	c3
1.2285643325076e-09	-0.573506665786246	0.133	0.163	4.12035905836398e-05	TWISTNB	c3
1.23010239241691e-09	0.323936062306175	0.065	0.045	4.12551740368783e-05	SLC10A7	c3
1.24047220663079e-09	0.218538580217161	0.145	0.113	4.16029568659834e-05	MRI1	c3
1.25770203432311e-09	0.185066769751264	0.173	0.137	4.21808108271285e-05	FCHO1	c3
1.27195887912117e-09	0.168231109936007	0.202	0.163	4.26589568879657e-05	PTEN	c3
1.28671709258028e-09	0.313639087505968	0.124	0.096	4.31539178509574e-05	ASB6	c3
1.28751054699119e-09	0.234015270535147	0.122	0.093	4.31805287249904e-05	FBXO38	c3
1.30862534547423e-09	0.486743917252513	0.046	0.03	4.38886768365146e-05	WDR81	c3
1.34233670950423e-09	0.116163085034112	0.639	0.569	4.50192885633528e-05	C9orf78	c3
1.35129265950661e-09	-0.702243137364811	0.212	0.237	4.53196532145327e-05	IL6ST	c3
1.35558929106072e-09	-1.35803921116269	0.015	0.03	4.54637536435943e-05	SERPINI1	c3
1.36736596703652e-09	0.216158006989794	0.138	0.107	4.58587198024706e-05	TRAPPC8	c3
1.36941592783715e-09	-1.19024120292158	0.017	0.033	4.59274713878024e-05	ST7	c3
1.37043975353494e-09	-0.846088426775065	0.025	0.043	4.59618084540547e-05	EVA1C	c3
1.37425374331612e-09	-0.725157660807161	0.028	0.048	4.6089722043336e-05	C4orf46	c3
1.37599021110624e-09	0.555862825851263	0.037	0.023	4.61479597000812e-05	ZSWIM6	c3
1.37994226657352e-09	0.291551217960005	0.137	0.108	4.62805037363427e-05	C17orf49	c3
1.4073911166904e-09	0.177163286165085	0.116	0.088	4.72010832715626e-05	UBE2W	c3
1.41396411486828e-09	0.131087158740791	0.399	0.341	4.74215284844523e-05	FXR1	c3
1.42143190282799e-09	0.173969095813143	0.179	0.143	4.7671983157045e-05	MRPL15	c3
1.4216703931677e-09	0.280945175217824	0.107	0.081	4.76799816460582e-05	TRGV7	c3
1.43483991668341e-09	-2.71006107173849	0.002	0.012	4.81216611257282e-05	ZNF582-AS1	c3
1.43551851510617e-09	0.314720080366674	0.088	0.065	4.81444199596306e-05	G6PC3	c3
1.44219426051549e-09	-0.74482952435441	0.086	0.111	4.83683111091686e-05	AKT3	c3
1.45674378852703e-09	0.211036472813113	0.164	0.131	4.88562731796195e-05	AIFM1	c3
1.45879306951629e-09	0.272865633923454	0.141	0.11	4.89250019654374e-05	STRIP1	c3
1.4606091570576e-09	0.611170646430375	0.046	0.03	4.89859099093978e-05	C5orf30	c3
1.46422977760355e-09	0.639101384860893	0.026	0.014	4.91073382812679e-05	DMPK	c3
1.47204194276456e-09	0.189101963756831	0.114	0.087	4.93693426764377e-05	GLYCTK	c3
1.47408690518459e-09	-1.48176130999196	0.011	0.024	4.94379266260809e-05	LINC01215	c3
1.51134253996621e-09	0.76145140568991	0.048	0.032	5.06874061053867e-05	VANGL1	c3
1.51598235417478e-09	-1.0068128655921	0.041	0.062	5.08430161943138e-05	CXXC5	c3
1.53302652220203e-09	0.120273421793654	0.273	0.226	5.14146435016116e-05	ARL8B	c3
1.5333886566825e-09	-2.2150940507302	0.004	0.014	5.14267887678176e-05	BAMBI	c3
1.53934707981406e-09	0.137525994273549	0.319	0.268	5.16266223628039e-05	PRPF31	c3
1.53980023932013e-09	0.433524693718091	0.068	0.048	5.16418204263186e-05	ZSCAN32	c3
1.54654329100178e-09	0.262039975726324	0.101	0.075	5.18679688936177e-05	PIGO	c3
1.57612172219831e-09	0.251105494324525	0.095	0.07	5.28599703190868e-05	UPRT	c3
1.57787229845111e-09	0.124672487349236	0.28	0.231	5.29186811454532e-05	PACS1	c3
1.58914156444849e-09	-0.788662663317585	0.039	0.06	5.32966297884736e-05	TPK1	c3
1.61320664422718e-09	0.20392084396406	0.121	0.093	5.41037244340913e-05	LRCH1	c3
1.61706860449264e-09	-2.71038761669818	0.003	0.012	5.42332468574742e-05	CDKL5	c3
1.61833550431287e-09	-0.479913662261567	0.132	0.162	5.4275736143645e-05	CWF19L2	c3
1.62108412559302e-09	-1.64784170143128	0.011	0.025	5.43679194041386e-05	CDC14B	c3
1.63393398951955e-09	0.201231387883204	0.133	0.103	5.47988781405065e-05	SUGP2	c3
1.65121391190646e-09	0.258663980495192	0.11	0.083	5.53784121775189e-05	CEP164	c3
1.66519056036237e-09	0.55380200972344	0.039	0.025	5.58471610134333e-05	URB1-AS1	c3
1.66529513065125e-09	0.15731517525193	0.232	0.19	5.58506680917817e-05	MRPL48	c3
1.69133126986816e-09	0.514433414828055	0.038	0.023	5.67238681288385e-05	FBXO41	c3
1.69500965494658e-09	-1.20194488561726	0.008	0.02	5.68472338075984e-05	PLEKHG3	c3
1.71042842799942e-09	-0.692447878681642	0.024	0.042	5.73643486182447e-05	PRC1	c3
1.71102018818077e-09	0.255773970953048	0.116	0.089	5.73841950712068e-05	MFN2	c3
1.72434233208287e-09	1.09621190731441	0.015	0.007	5.78309931333954e-05	PANO1	c3
1.74573633704204e-09	0.258358411065143	0.14	0.11	5.85485052717159e-05	ABCB8	c3
1.74648580178398e-09	0.137607501409951	0.284	0.236	5.85736408202311e-05	BABAM2	c3
1.75511286975029e-09	0.181594479689444	0.178	0.143	5.88629754256853e-05	PWWP2A	c3
1.7575730160899e-09	0.295756906953083	0.084	0.061	5.8945483813623e-05	TENT4B	c3
1.7684692532948e-09	-0.465808049365826	0.024	0.042	5.93109218170009e-05	FANCD2	c3
1.77990759670901e-09	0.434250762193957	0.056	0.038	5.96945409784268e-05	MED18	c3
1.78488197151436e-09	0.148151436124915	0.253	0.208	5.98613715606485e-05	ARMCX3	c3
1.78809479991253e-09	0.251779157972952	0.138	0.108	5.99691233994663e-05	INTS12	c3
1.80977711269089e-09	0.168592452167914	0.266	0.222	6.06963048054272e-05	ATG101	c3
1.82884775432082e-09	0.130018143132076	0.658	0.594	6.13358959844116e-05	PTPN6	c3
1.83879373053126e-09	0.170468744154369	0.137	0.106	6.16694641345575e-05	APOBR	c3
1.84846379991604e-09	0.438619609922097	0.06	0.042	6.19937789215843e-05	TRGC1	c3
1.86098888703671e-09	0.205971603332048	0.068	0.047	6.2413845293437e-05	CTSF	c3
1.87275658450505e-09	0.164908977888119	0.079	0.057	6.28085103311305e-05	HIVEP1	c3
1.89659069166652e-09	-1.0968808437893	0.005	0.015	6.36078586171116e-05	SAPCD2	c3
1.93305806294036e-09	-0.115981489786173	0.781	0.764	6.48309013148936e-05	PDIA3	c3
1.9391505082569e-09	0.103138446977102	0.225	0.183	6.50352297459199e-05	WHAMM	c3
1.94465708173811e-09	0.215735773577699	0.1	0.074	6.52199092073328e-05	SENP2	c3
1.94785712083466e-09	0.23306832796984	0.096	0.071	6.53272321185528e-05	WWC3	c3
1.94976764919116e-09	-2.88814596452638	0.001	0.01	6.5391307418573e-05	PFN2	c3
1.95092119682804e-09	0.133584084935242	0.298	0.249	6.54299950992187e-05	PSMD1	c3
1.96629722906868e-09	-3.09039461861386	0.002	0.011	6.59456764685052e-05	PRSS16	c3
1.96833616402069e-09	0.176081841290668	0.132	0.102	6.60140582689258e-05	B9D2	c3
2.00542546872533e-09	0.104666975255716	0.416	0.35	6.72579593701102e-05	EIF4E	c3
2.02857651299078e-09	0.114543221970592	0.267	0.221	6.80343990926846e-05	POGZ	c3
2.07227242365175e-09	0.330635615358648	0.074	0.053	6.94998725444324e-05	PDE6B	c3
2.08378808271461e-09	-2.68269297455865	0.001	0.01	6.98860847180826e-05	N4BP3	c3
2.08419712544103e-09	0.262493100444154	0.096	0.072	6.98998031930414e-05	ABCC10	c3
2.09540019950732e-09	0.267618286014437	0.139	0.109	7.02755318910766e-05	FGFR1OP	c3
2.10583681530663e-09	0.135974933906068	0.196	0.158	7.06255551117538e-05	CASC4	c3
2.13046069706017e-09	-0.982720604442441	0.013	0.028	7.1451390858004e-05	RHEBL1	c3
2.1423678189668e-09	0.122148884266506	0.117	0.089	7.18507319125084e-05	PDCD4-AS1	c3
2.18799465599184e-09	-1.91639706444412	0.006	0.017	7.33809647726544e-05	FGFR1	c3
2.21346558310314e-09	-1.2044948428117	0.012	0.027	7.42352087261132e-05	MICAL3	c3
2.23756325270179e-09	0.175068975143069	0.188	0.152	7.50433963691125e-05	TRPM7	c3
2.25541214061348e-09	0.185407835948801	0.179	0.144	7.56420123718948e-05	RCOR3	c3
2.2945522231033e-09	0.30588640058194	0.08	0.058	7.69546924584384e-05	SLC35D1	c3
2.31566946944978e-09	-1.50325488367313	0.013	0.028	7.76629226664066e-05	DYNC2LI1	c3
2.32634448965877e-09	0.227503155703913	0.088	0.064	7.80209414941758e-05	BRD3OS	c3
2.33330666153976e-09	0.218007086381976	0.109	0.082	7.82544388147206e-05	DNAL4	c3
2.35907182706352e-09	0.372663846414634	0.051	0.034	7.91185509360563e-05	DBT	c3
2.36410980210251e-09	0.104856524730559	0.763	0.678	7.92875145429139e-05	SAMSN1	c3
2.37143190805414e-09	-0.532072122238995	0.128	0.157	7.95330833323196e-05	ING5	c3
2.3913268150544e-09	-0.784426145201067	0.043	0.065	8.02003187232946e-05	SCFD2	c3
2.41335287799143e-09	0.125893907707725	0.336	0.283	8.09390288220766e-05	BLOC1S4	c3
2.53636203420918e-09	0.354592922468949	0.094	0.071	8.50645099033075e-05	UPF1	c3
2.59688099819068e-09	0.145843726682734	0.259	0.215	8.70941949173189e-05	CHRAC1	c3
2.70668832591576e-09	-1.21199306506232	0.011	0.024	9.07769130745628e-05	RPP25	c3
2.84451651443014e-09	0.273493147184495	0.107	0.081	9.53993948609581e-05	FUT11	c3
2.85268156048272e-09	-1.81959731063571	0.007	0.019	9.56732341754693e-05	LINC00891	c3
2.86352680490453e-09	0.773775942124055	0.022	0.012	9.60369619828882e-05	KLF7	c3
2.87128464551871e-09	-1.95118203763773	0.004	0.013	9.62971444414065e-05	LZTS1	c3
2.88575903319014e-09	0.449680215199894	0.073	0.052	9.67825864551308e-05	TRIOBP	c3
2.89033003101101e-09	-0.478308201736715	0.163	0.193	9.69358885800472e-05	STT3A	c3
2.89199666324389e-09	1.07373681921235	0.02	0.011	9.69917840918736e-05	FAM49A	c3
2.91779385588247e-09	-0.67640175065373	0.068	0.093	9.78569703385862e-05	WDFY2	c3
2.92368317393234e-09	0.24506804635197	0.17	0.137	9.80544862873427e-05	CCDC14	c3
2.94261037365087e-09	-0.768336472292606	0.013	0.027	9.8689266711503e-05	RAD54B	c3
3.00132960359225e-09	0.261058281886735	0.127	0.099	0.000100658592245277	RNF8	c3
3.01597425104439e-09	0.150677670749512	0.124	0.095	0.000101149744431527	TBCK	c3
3.04277121641302e-09	0.273764434495925	0.11	0.084	0.00010204846105606	EDC3	c3
3.05994231691861e-09	0.230468037396053	0.123	0.095	0.000102624345424816	MEN1	c3
3.08428644304578e-09	0.320469728171837	0.084	0.061	0.000103440798726869	FAM213B	c3
3.10212880951442e-09	-0.96901881757258	0.022	0.039	0.000104039196013495	CLCC1	c3
3.12364463303705e-09	0.111799760544572	0.304	0.254	0.000104760793702796	PPWD1	c3
3.15064927202e-09	-0.505485159835597	0.124	0.153	0.000105666475285007	YEATS4	c3
3.15541479754751e-09	-0.585890009701922	0.109	0.136	0.000105826301480148	NDUFAF2	c3
3.16377473380848e-09	-1.1776279771411	0.009	0.021	0.000106106677022469	TRBV30	c3
3.22541004507287e-09	0.371262743461151	0.063	0.044	0.000108173802091654	ZBTB33	c3
3.23589464388283e-09	0.149895751854692	0.2	0.163	0.000108525434566542	MRPS28	c3
3.29512903913733e-09	0.318950121137667	0.081	0.059	0.000110512037714588	MED9	c3
3.29956793550262e-09	0.172750838812594	0.176	0.142	0.000110660909420887	ZNF451	c3
3.30845840109002e-09	0.908806237184423	0.017	0.008	0.000110959077855757	AP001157.1	c3
3.34621995606522e-09	0.11788107571722	0.459	0.389	0.000112225524886515	PFDN2	c3
3.37100722867243e-09	0.110260155748762	0.394	0.333	0.000113056840435216	AKR1B1	c3
3.3751968933342e-09	0.245861509021847	0.092	0.068	0.000113197353408642	SLC23A2	c3
3.39660245264243e-09	-0.953598068657906	0.039	0.059	0.000113915253056722	NDUFV2-AS1	c3
3.47273977615046e-09	0.517739756068627	0.044	0.029	0.000116468746612534	AC004812.2	c3
3.52254216315769e-09	0.172299325473613	0.158	0.126	0.000118139019067983	MAPK6	c3
3.53545263099723e-09	0.459401340779005	0.041	0.026	0.000118572010338385	AC021028.1	c3
3.59281343426215e-09	0.220988581135655	0.126	0.098	0.000120495776958284	SNX19	c3
3.60746176682485e-09	0.383539547629129	0.054	0.037	0.000120987052735772	AC007383.2	c3
3.63436790469735e-09	0.234142501529149	0.117	0.09	0.00012188943078774	DNAJC30	c3
3.65777579996986e-09	1.32394546485561	0.013	0.006	0.000122674484779389	EVC	c3
3.71941436331441e-09	-0.52892598379324	0.121	0.149	0.000124741718916839	AP002387.2	c3
3.72991564099387e-09	0.120103353709151	0.316	0.266	0.000125093910767653	USP4	c3
3.7617253540242e-09	-1.43739383880941	0.007	0.018	0.000126160744923264	ASTN2	c3
3.79321577180833e-09	-0.309816852474388	0.314	0.337	0.000127216870554908	ERGIC2	c3
3.80523812450797e-09	-0.3347394776747	0.256	0.286	0.000127620076219748	RSBN1	c3
3.85168600734251e-09	-1.1419150001123	0.013	0.027	0.000129177845314253	PLXND1	c3
3.85205138214317e-09	0.116114570310585	0.321	0.271	0.000129190099254318	CREB1	c3
3.88667443782154e-09	-0.634275802960534	0.019	0.036	0.000130351287295659	LIN9	c3
3.88855361455721e-09	-0.648727102981672	0.09	0.116	0.00013041431112502	UAP1	c3
3.89119234561156e-09	0.238474235992455	0.112	0.085	0.000130502808887121	GLI4	c3
3.89953474585923e-09	0.135474902334719	0.164	0.13	0.000130782596306627	RNF41	c3
4.02953788609675e-09	0.123447262504252	0.22	0.18	0.000135142641623913	STX12	c3
4.03832984269093e-09	0.140959652192062	0.176	0.141	0.000135437506264168	MAP1S	c3
4.10856656469703e-09	-0.581486029580901	0.061	0.085	0.000137793105446809	TRAV13-1	c3
4.14728458064323e-09	0.309688428717552	0.118	0.091	0.000139091630265613	MED7	c3
4.14839968022678e-09	-1.46142043737636	0.008	0.02	0.000139129028475446	EPB41L2	c3
4.1691410801175e-09	-1.66875107131707	0.009	0.022	0.000139824653544981	PCAT1	c3
4.21035151764667e-09	-0.496588669078519	0.151	0.179	0.000141206769198834	NPAT	c3
4.2988767157753e-09	0.155323927732254	0.233	0.193	0.000144175727293672	SCAF4	c3
4.3369466053311e-09	0.124849935106305	0.22	0.179	0.000145452515249594	DYM	c3
4.38266278507915e-09	0.139796363652182	0.227	0.187	0.000146985744485985	MINDY2	c3
4.40543925143478e-09	0.212564214000697	0.123	0.095	0.00014774962161462	CWF19L1	c3
4.41585827199043e-09	1.12130971889316	0.04	0.026	0.000148099054726015	TRAV38-1	c3
4.4686510540882e-09	-1.29268488565896	0.023	0.039	0.00014986961905201	TSGA10	c3
4.48672428613462e-09	0.261409411418257	0.086	0.063	0.000150475759108383	NBPF12	c3
4.50145673328248e-09	0.526237448717183	0.051	0.035	0.000150969855920828	CXorf21	c3
4.65487273426104e-09	0.145963551619105	0.195	0.158	0.000156115121761647	ASMTL	c3
4.65855515902196e-09	-0.651364601409491	0.065	0.089	0.000156238622923279	MMAB	c3
4.70184948829338e-09	0.679369269705083	0.036	0.023	0.000157690628138383	SFXN5	c3
4.75936855187507e-09	0.738956158988893	0.025	0.014	0.000159619702492786	DCUN1D3	c3
5.00451602772207e-09	0.110330715008742	0.214	0.175	0.000167841458537743	CWC27	c3
5.01147046874718e-09	0.149752916028375	0.284	0.238	0.000168074696580843	SRP68	c3
5.02741475988768e-09	0.165630537429115	0.125	0.096	0.000168609436217113	THADA	c3
5.13647501889064e-09	0.202468639615353	0.135	0.106	0.000172267099183554	ANKFY1	c3
5.15462912132296e-09	-1.07062717607334	0.03	0.048	0.000172875951470929	SNN	c3
5.1789507815572e-09	-0.658033392433635	0.087	0.113	0.000173691651311865	C12orf45	c3
5.25390690392732e-09	-0.653461478618937	0.041	0.062	0.000176205529743914	SKP2	c3
5.26748080180684e-09	0.203807885910156	0.169	0.135	0.000176660771130998	ALAS1	c3
5.27540300453849e-09	0.3814063429683	0.057	0.04	0.000176926465966212	PCNX3	c3
5.29582191180087e-09	0.700971673920768	0.024	0.014	0.000177611275277977	ZSCAN12	c3
5.32791633107727e-09	0.104662810484186	0.192	0.154	0.000178687657911669	PPIL2	c3
5.40131326062247e-09	-1.67158025177003	0.007	0.018	0.000181149244134757	PPP1R13B	c3
5.40986851328931e-09	0.146794175072823	0.202	0.165	0.000181436170198697	MTX1	c3
5.41763115642791e-09	0.138267815631007	0.228	0.187	0.000181696513724279	KIAA1191	c3
5.44329618582772e-09	-0.591427361464837	0.056	0.079	0.00018255726748029	TRAF3IP2	c3
5.48101247659014e-09	0.48598752130044	0.035	0.022	0.00018382219643988	SLC35G1	c3
5.55068870828848e-09	0.448716005559096	0.042	0.027	0.000186158997898579	KLC4	c3
5.56189189943221e-09	-0.868776478467753	0.043	0.063	0.000186534730523157	MBOAT1	c3
5.58798894357281e-09	0.15791179401091	0.226	0.186	0.000187409973189545	DDIT3	c3
5.59566525005678e-09	0.269431545597807	0.107	0.082	0.000187667421156404	MINPP1	c3
5.67406260931387e-09	0.765205632638231	0.028	0.017	0.000190296711791169	LINC02384	c3
5.72316550086632e-09	0.24238085970509	0.159	0.128	0.000191943524568055	CHAMP1	c3
5.76327355666567e-09	0.114107670729724	0.518	0.445	0.000193288668543453	EMC4	c3
5.82982091339649e-09	0.159542050993689	0.272	0.228	0.000195520533793491	CAB39	c3
5.86692021478753e-09	0.14957014334147	0.204	0.166	0.000196764770163544	SPG11	c3
6.07099325964984e-09	0.14174165125425	0.145	0.114	0.000203608971942136	NAGPA	c3
6.13093935840992e-09	0.261855700343697	0.105	0.08	0.000205619444202352	NHLRC2	c3
6.19344102555342e-09	0.105927850394035	0.316	0.265	0.000207715625115011	SP3	c3
6.34530226020952e-09	-0.64083369948943	0.085	0.11	0.000212808747202907	ZNF493	c3
6.4195949682952e-09	0.215447888392214	0.142	0.113	0.000215300376046684	BRAP	c3
6.44616257419086e-09	-0.249051842644174	0.944	0.904	0.000216191400413213	CRIP1	c3
6.50461965206736e-09	0.892219223464759	0.014	0.007	0.000218151933891035	APOA1	c3
6.59523840552952e-09	0.331660175404665	0.085	0.063	0.000221191105644649	HS1BP3	c3
6.59562929201360e-09	-0.973164449503898	0.091	0.115	0.000221204215195552	MCM7	c3
6.68388283236825e-09	0.117798059061405	0.199	0.161	0.000224164062431966	INTS6	c3
6.70260313863092e-09	0.310636206200712	0.099	0.075	0.000224791904063404	RFX1	c3
6.70469846401909e-09	-0.67448663425527	0.083	0.107	0.000224862177086272	TMEM116	c3
6.82601923045158e-09	-0.415025100523202	0.114	0.143	0.000228931032950885	MIS12	c3
6.88499909960500e-09	0.251459407063607	0.112	0.086	0.000230909099802552	QRSL1	c3
6.98583321185412e-09	-0.554141842687765	0.083	0.109	0.000234290874259163	PACSIN2	c3
7.02478010644463e-09	-0.361270273004646	0.32	0.341	0.00023559707520994	ADD3	c3
7.04317250039859e-09	-1.10438082090833	0.023	0.04	0.000236213919318368	IL15	c3
7.08197703724839e-09	-0.732903010165799	0.167	0.193	0.000237515345875237	LEF1	c3
7.09906231773252e-09	-3.31302062131504	0.001	0.01	0.000238088352012113	MAP7	c3
7.22214703665825e-09	0.145792249577502	0.203	0.166	0.000242216367315444	EMC2	c3
7.23033670465172e-09	-0.443225976579388	0.092	0.119	0.000242491032400609	LAS1L	c3
7.29445253056196e-09	-1.86666712144208	0.006	0.017	0.000244641348969987	SECTM1	c3
7.40592949353803e-09	-1.68739372789773	0.008	0.02	0.000248380063354278	NEK6	c3
7.62040599647245e-09	-0.663067624699211	0.03	0.048	0.000255573176309693	KHK	c3
7.6497724570471e-09	0.755952091448048	0.02	0.011	0.000256558068664446	ARMH4	c3
7.66028487275182e-09	0.125008500605455	0.224	0.184	0.000256910634062351	EXOC4	c3
7.76120411917822e-09	0.434478946852834	0.073	0.053	0.000260295263748999	DGAT1	c3
7.7852123694122e-09	0.131136408708092	0.224	0.184	0.000261100452445346	SEC22C	c3
7.82841211301675e-09	0.231855980755406	0.147	0.117	0.000262549285446356	PEX19	c3
7.93063938570935e-09	0.187970417309958	0.175	0.142	0.00026597778371792	BLVRA	c3
8.10431869545567e-09	-1.38121495914597	0.012	0.025	0.000271802640408192	ALDH1B1	c3
8.20915430181877e-09	0.153213647801097	0.147	0.116	0.000275318616974398	EDRF1	c3
8.37452903996067e-09	0.337861508125839	0.116	0.09	0.000280864954942201	SYNJ2	c3
8.40956463722492e-09	0.149496267870711	0.236	0.195	0.000282039978803249	ZNF131	c3
8.43248740446688e-09	-1.30036489516415	0.01	0.023	0.00028280876257101	AL138963.3	c3
8.46344426659323e-09	0.130221606230847	0.285	0.238	0.000283846993813004	SUPT20H	c3
8.49887813707683e-09	0.709397381924957	0.025	0.014	0.000285035374961283	ZKSCAN7	c3
8.51016373078852e-09	0.462367561948404	0.044	0.029	0.000285413871203185	TESK1	c3
8.6661244148963e-09	0.177678393063182	0.219	0.181	0.000290644480626792	AGAP2	c3
8.96877088589897e-09	-0.519145068535283	0.156	0.184	0.00030079463797128	ARL5B	c3
8.99320713924066e-09	0.14813469304083	0.188	0.153	0.000301614181035853	SCFD1	c3
9.01950613257709e-09	0.115270587110421	0.19	0.153	0.000302496196674371	FAM172A	c3
9.14221860466278e-09	0.186682496727105	0.126	0.098	0.00030661172756318	ADAM17	c3
9.15810513570657e-09	0.127894678822104	0.133	0.103	0.000307144530041327	PRKCZ	c3
9.1708124416017e-09	0.141262414853784	0.178	0.143	0.000307570707666438	CALU	c3
9.22489697825089e-09	0.109801662443965	0.292	0.245	0.000309384594856578	QRICH1	c3
9.32077927966543e-09	0.430655409199368	0.088	0.066	0.000312600295481419	LRRC45	c3
9.42051977099735e-09	0.239049628304103	0.108	0.082	0.000315945392079709	TMEM200A	c3
9.52791420764839e-09	0.313495430503151	0.059	0.041	0.000319547186696112	PTDSS2	c3
9.65482552592807e-09	-2.17826444648618	0.003	0.012	0.000323803538488575	ZNF239	c3
9.95117944637482e-09	0.169111260118376	0.142	0.113	0.000333742656272519	TRRAP	c3
9.96505226695784e-09	0.245858364344709	0.143	0.114	0.000334207922929232	NADK	c3
1.00471021359088e-08	0.186418038968459	0.136	0.107	0.000336959711434109	ARV1	c3
1.01389126768182e-08	0.204625013178982	0.103	0.078	0.000340038853355127	INPP1	c3
1.02410277188904e-08	-0.313722662333193	0.016	0.031	0.000343463587636145	ECT2	c3
1.03741127522071e-08	0.666608430759573	0.026	0.015	0.000347926993483521	AL512625.3	c3
1.04713072284897e-08	1.11783911852981	0.012	0.005	0.000351186701829088	ZACN	c3
1.04790870210882e-08	0.262565260845725	0.087	0.065	0.000351447620513256	TMEM234	c3
1.05522394605959e-08	-2.27559706239616	0.003	0.013	0.000353901007029467	TIMP2	c3
1.06064904373182e-08	-1.07629585472441	0.018	0.032	0.000355720476286779	C3orf18	c3
1.07026155621166e-08	-1.04065346948762	0.012	0.025	0.000358944320722266	SYCP2	c3
1.07781078801463e-08	0.583830304317918	0.021	0.011	0.000361476182084348	TMEM86B	c3
1.0839966101653e-08	-0.85745267714664	0.031	0.049	0.000363550783117238	PM20D2	c3
1.10034415605376e-08	-1.06269507070086	0.023	0.04	0.000369033423057309	TTC12	c3
1.11618912887484e-08	0.231332746577587	0.146	0.116	0.000374347510042045	RRAGC	c3
1.12202252615093e-08	-2.98042790730096	0.002	0.011	0.000376303914820498	AC020911.2	c3
1.13613184594888e-08	1.1194339134183	0.011	0.005	0.000381035898494337	ARRDC5	c3
1.15392183158744e-08	-2.90204261108087	0.002	0.011	0.000387002303877796	GAS6	c3
1.15609516490812e-08	-1.36136625557425	0.009	0.021	0.000387731196406885	SYNJ2BP	c3
1.15786429227899e-08	0.100684540799193	0.193	0.157	0.000388324526344527	MAP3K2	c3
1.16954151334116e-08	1.07215185449247	0.021	0.011	0.000392240832744359	GPR19	c3
1.17201468073362e-08	-0.468589804481895	0.151	0.179	0.000393070283624441	MPZL3	c3
1.17726735564161e-08	0.205072239762316	0.115	0.089	0.000394831925735082	ATG7	c3
1.18074324195431e-08	0.240124407028653	0.099	0.075	0.000395997668486637	GPR107	c3
1.18728353723592e-08	0.549912182882879	0.043	0.028	0.000398191152718182	ADCY3	c3
1.18890280909704e-08	0.551913491821803	0.031	0.019	0.000398734224114965	APOM	c3
1.20151739636604e-08	-0.544350575925298	0.044	0.064	0.000402964904393244	ECI1	c3
1.20328193209775e-08	0.31559718177838	0.046	0.03	0.000403556694386945	MBTD1	c3
1.21518392695955e-08	-1.67992441310287	0.005	0.015	0.000407548385423695	CLIP2	c3
1.2214062118372e-08	-0.612734502784292	0.085	0.11	0.000409635215325961	TMEM159	c3
1.23448108665676e-08	-1.26999273692397	0.015	0.029	0.000414020266842943	CCDC173	c3
1.24386341607408e-08	0.145651134275197	0.205	0.168	0.000417166912482924	NOL12	c3
1.24537024539509e-08	-1.48757448989264	0.008	0.019	0.000417672272900606	TSHZ3	c3
1.25951522202017e-08	-1.40107550615206	0.009	0.021	0.000422416215161126	ANKRD9	c3
1.25994950090126e-08	0.162880873152525	0.16	0.128	0.000422561863612264	SERTAD2	c3
1.26250993431837e-08	0.11392577210854	0.249	0.206	0.000423420581771695	STX4	c3
1.28053615387071e-08	0.158843865184279	0.146	0.116	0.000429466215285159	INO80C	c3
1.28365068153818e-08	-0.496399217428101	0.093	0.12	0.000430510765574276	RRP15	c3
1.28922080760842e-08	0.332573372038668	0.1	0.076	0.000432378874455711	RRNAD1	c3
1.29228108734678e-08	-0.770135665500484	0.045	0.066	0.000433405231074364	NAA80	c3
1.30048903045839e-08	0.165156465434035	0.195	0.16	0.000436158011035133	PPIP5K2	c3
1.30756686654517e-08	0.258589308636992	0.157	0.127	0.00043853177570192	SLC25A22	c3
1.31303379614894e-08	-0.912866523251278	0.036	0.055	0.000440365274552432	IRF5	c3
1.31788166635804e-08	-1.14094590680417	0.022	0.037	0.000441991153263159	AC044849.1	c3
1.31849907880492e-08	-0.778704327030323	0.056	0.078	0.000442198221049593	SLC25A4	c3
1.32614890143241e-08	0.16992545257699	0.172	0.139	0.000444763818562401	DYNC1LI2	c3
1.33763149748398e-08	-1.28905909699654	0.009	0.021	0.000448614851626177	APLF	c3
1.34487070200803e-08	0.147183079741975	0.245	0.204	0.000451042736039453	UBL3	c3
1.35956709505184e-08	0.208954963632727	0.126	0.098	0.000455971612338486	ELMOD3	c3
1.36335320701926e-08	-0.612605462739752	0.08	0.104	0.00045724139857012	ZNF33B	c3
1.3642762001854e-08	0.553244559974442	0.038	0.024	0.00045755095201818	TRAF3IP2-AS1	c3
1.3643922713934e-08	0.23456544301914	0.136	0.108	0.00045758987997992	SPRTN	c3
1.37398570576425e-08	0.199323709382005	0.142	0.112	0.000460807325999215	NAALADL1	c3
1.3876610452549e-08	-0.603888339390756	0.077	0.101	0.000465393761357588	FUCA2	c3
1.39706403473527e-08	0.754713831620639	0.067	0.048	0.000468547335969516	TRAV27	c3
1.42062169192185e-08	0.601810466680098	0.022	0.012	0.000476448103036749	ZNF710	c3
1.42903110423221e-08	0.21319718370412	0.143	0.114	0.000479268451737398	PHRF1	c3
1.45558431661017e-08	-0.275504907590962	0.378	0.394	0.000488173868104719	FUNDC2	c3
1.46544559180644e-08	-1.29613840588546	0.013	0.027	0.000491481142580043	NFIA	c3
1.47018204314321e-08	0.316408055855189	0.097	0.074	0.000493069653629371	HS2ST1	c3
1.48449991711046e-08	0.232572562366853	0.093	0.07	0.000497871582200507	H6PD	c3
1.4979727681538e-08	-1.51039675024757	0.01	0.022	0.00050239010698342	RNLS	c3
1.52207046537258e-08	0.167004664325685	0.141	0.111	0.000510471992676657	CARNMT1	c3
1.54016334723785e-08	0.118896050176897	0.385	0.33	0.000516539983396629	MLEC	c3
1.54038217323292e-08	1.58770927650257	0.014	0.007	0.000516613373258857	PRTFDC1	c3
1.56097789543946e-08	0.118719800395746	0.874	0.838	0.000523520766572486	PGK1	c3
1.57388263127678e-08	-0.934974332890012	0.032	0.05	0.000527848756877607	NEIL2	c3
1.57447298729489e-08	0.190092961715324	0.16	0.129	0.000528046750478961	SUSD6	c3
1.58344755879174e-08	0.129037479315206	0.205	0.168	0.000531056642267573	MAPKAPK5-AS1	c3
1.59172809727705e-08	1.30516059628194	0.016	0.008	0.000533833769264776	TNFSF4	c3
1.59460438963277e-08	0.103836722977821	0.496	0.434	0.00053479842019504	TMX4	c3
1.59499955874068e-08	0.203661071915836	0.156	0.126	0.000534930952010448	BRCC3	c3
1.60038327383059e-08	-0.763199914197389	0.06	0.082	0.000536736542377304	ZNF737	c3
1.62382208144701e-08	0.118949866112526	0.305	0.257	0.000544597449675697	DDX54	c3
1.64212206563052e-08	-0.739468607009817	0.06	0.082	0.000550734898371163	PGM2L1	c3
1.65429245022779e-08	0.579178586484513	0.025	0.014	0.000554816601957397	DMGDH	c3
1.66278095860486e-08	0.442676284255801	0.061	0.043	0.000557663477896898	PPM1F	c3
1.71634596197229e-08	0.363917615813543	0.063	0.045	0.000575628108726267	ZDBF2	c3
1.73221183888504e-08	-2.09258593889431	0.005	0.015	0.000580949206525266	ADGRL1	c3
1.7500282266933e-08	0.424209413305893	0.053	0.036	0.0005869244666684	IQCE	c3
1.7751431525849e-08	0.199019720589854	0.11	0.084	0.000595347510513922	TBL1X	c3
1.77773054700678e-08	0.165761930698411	0.17	0.137	0.000596215270855132	POLR2M	c3
1.79429746346982e-08	-0.798512988391852	0.035	0.054	0.000601771483298509	LIPE	c3
1.79613335579741e-08	0.274706365010043	0.075	0.055	0.000602387204867334	PRMT6	c3
1.83480410235323e-08	0.103405278307969	0.577	0.5	0.000615356599847228	CCT8	c3
1.89253367813827e-08	-0.535884111325735	0.086	0.112	0.000634717944974015	ABHD10	c3
1.9043656853935e-08	0.165531853676958	0.291	0.247	0.000638686163567273	DEDD2	c3
1.9045606933619e-08	0.500858773703416	0.032	0.02	0.000638751565339714	NRL	c3
1.94278340444827e-08	0.126325521118726	0.184	0.149	0.00065157069818386	TNPO3	c3
1.94908266118406e-08	0.219683254787728	0.191	0.157	0.00065368334290791	TLE3	c3
1.95062679247832e-08	-1.23577695038093	0.007	0.018	0.000654201213661379	FAM229B	c3
1.95571392731136e-08	-0.428295187869504	0.187	0.213	0.000655907336941683	CAMK2G	c3
1.96936570549169e-08	-0.378633053953127	0.225	0.251	0.000660485870307802	LTA4H	c3
1.97965007414169e-08	0.114627318585288	0.274	0.229	0.00066393504186564	PRKAR2A	c3
1.99741391669884e-08	0.571914965093378	0.036	0.023	0.000669892679382456	NAIF1	c3
1.99980360810564e-08	0.42956195174126	0.054	0.037	0.000670694134086468	SEPSECS-AS1	c3
2.00476780582974e-08	-1.90849983167018	0.005	0.015	0.000672359026719178	CPLX1	c3
2.01146207607469e-08	0.137629708647135	0.183	0.149	0.000674604151073931	GTF2H1	c3
2.02509444901708e-08	-1.91993791254296	0.004	0.014	0.000679176176311348	ZNF579	c3
2.05961419127382e-08	0.259610737669439	0.094	0.071	0.000690753407469414	CBX4	c3
2.0772213130369e-08	0.114380042781503	0.372	0.318	0.000696658483966314	ZFR	c3
2.0951769114493e-08	0.155171365684664	0.232	0.193	0.000702680432561867	ARHGEF2	c3
2.10129843082648e-08	0.30347912806926	0.065	0.046	0.000704733467730586	MAN2A2	c3
2.13085555494132e-08	0.115304826702606	0.26	0.216	0.000714646336016221	TIMM10	c3
2.15236176336938e-08	0.134951546077165	0.248	0.206	0.000721859088198823	TIMM23	c3
2.15938052823978e-08	0.551466776080536	0.036	0.023	0.000724213041561056	SAP30L	c3
2.16964334737685e-08	-1.16772936438694	0.013	0.027	0.000727654985843247	IFIT3	c3
2.17271617733541e-08	0.113843436106526	0.285	0.24	0.00072868555155475	PFDN6	c3
2.19638209811253e-08	1.56200990254456	0.023	0.013	0.00073662262806498	TRBV15	c3
2.21214081045511e-08	0.156177805567864	0.095	0.072	0.000741907785010435	ERV3-1	c3
2.2276877887571e-08	-0.301866339814283	0.384	0.401	0.000747121930593355	INPP4B	c3
2.23939485996748e-08	0.214987719083584	0.09	0.067	0.000751048248135895	FBXO25	c3
2.25537432893263e-08	0.330616751070483	0.081	0.06	0.000756407442437427	IGHMBP2	c3
2.27409035012483e-08	0.163733697517773	0.164	0.133	0.000762684421624864	HACL1	c3
2.28902455380568e-08	-0.365585052896532	0.153	0.182	0.000767693054855351	DKC1	c3
2.37956633206849e-08	0.203620373560407	0.125	0.098	0.000798058956449129	AC073111.5	c3
2.38192443562669e-08	0.143402391378016	0.133	0.105	0.000798849817220478	JMY	c3
2.38618105878852e-08	-2.27929676245004	0.003	0.012	0.000800277403496495	CEP126	c3
2.3936427699385e-08	-2.1269971323056	0.004	0.014	0.000802779912181975	LINC01679	c3
2.39788725226154e-08	0.233520972176442	0.092	0.069	0.000804203426663474	SPAST	c3
2.43632139519009e-08	0.102860622079672	0.576	0.506	0.000817093469518854	FGFR1OP2	c3
2.44962976865727e-08	0.427430418102246	0.042	0.028	0.000821556831812275	ZNF778	c3
2.50046939778186e-08	-0.554408517334454	0.031	0.049	0.000838607426628082	CENPQ	c3
2.50817360398077e-08	0.500948128092948	0.044	0.029	0.000841191263303071	UHRF1BP1	c3
2.54343654099182e-08	0.25247564160384	0.1	0.077	0.000853017747117836	ARMH3	c3
2.56408619255679e-08	-2.00779345396131	0.004	0.014	0.000859943227259695	AP003716.1	c3
2.57382258276642e-08	-0.180718742628042	0.549	0.549	0.000863208617808203	PYURF	c3
2.58405465516153e-08	0.125738712642653	0.299	0.253	0.000866640250248075	ERCC1	c3
2.60858262608441e-08	0.194806845439155	0.114	0.089	0.000874866441136188	MTMR9	c3
2.61108263908283e-08	-1.95194018491262	0.003	0.011	0.0008757048954956	ZNF90	c3
2.62600469711413e-08	0.178964201640433	0.143	0.114	0.000880709455318136	C16orf91	c3
2.67838388821848e-08	0.178431166861186	0.136	0.108	0.000898276388430713	CDK7	c3
2.69055847244419e-08	0.120866383063405	0.258	0.215	0.000902359500488333	KPNA3	c3
2.71355920867838e-08	0.17112467351177	0.191	0.156	0.000910073487406557	EHMT2	c3
2.73389173845756e-08	-1.58473989567063	0.005	0.014	0.000916892611243897	AC011447.3	c3
2.7474156444963e-08	0.185726718317464	0.135	0.107	0.000921428258851168	GGA3	c3
2.75330625814819e-08	-1.01534902548077	0.01	0.022	0.00092340385285774	HIST2H2AB	c3
2.76924089309491e-08	-0.758375470407441	0.062	0.084	0.000928748010726171	C20orf204	c3
2.80326632726462e-08	0.387145933293024	0.062	0.044	0.000940159460838008	GTF2E1	c3
2.83345717356163e-08	0.10125379375903	0.18	0.145	0.0009502848668691	RNGTT	c3
2.84411985345171e-08	0.482253509403531	0.014	0.007	0.000953860916450634	HLA-DQA2	c3
2.90297170978014e-08	0.281739340428833	0.102	0.078	0.000973598652026063	ZNF561	c3
2.90427174550869e-08	-1.21544324547104	0.012	0.025	0.000974034658008705	FKBP14	c3
2.92617280968151e-08	-0.428935043208711	0.165	0.193	0.000981379836910985	THAP11	c3
2.93433703885739e-08	0.288519445317722	0.079	0.058	0.00098411795609199	PLAGL2	c3
2.94320512274037e-08	0.406464967213298	0.075	0.055	0.000987092134064665	NELFB	c3
2.98396767967342e-08	-1.11296704594861	0.033	0.051	0.00100076308040887	CDKN3	c3
3.05529554529923e-08	0.437344606013331	0.039	0.025	0.00102468501998245	CRAMP1	c3
3.07043119586824e-08	-1.19265605200011	0.013	0.026	0.00102976121447029	NACC2	c3
3.08945133269746e-08	0.282452758798437	0.054	0.037	0.00103614018796007	LIG4	c3
3.0978219098689e-08	0.11970610551495	0.182	0.147	0.00103894751213183	RAP2C	c3
3.10632785328683e-08	-1.77126275858802	0.006	0.016	0.00104180023543534	SBF2-AS1	c3
3.10787470276757e-08	-0.977401232042968	0.03	0.046	0.00104231901781419	GLCE	c3
3.11042700423158e-08	0.379782789115305	0.032	0.02	0.00104317500867919	LINC01480	c3
3.14533237036271e-08	0.123084401215432	0.385	0.332	0.00105488157037225	FIP1L1	c3
3.1537418382891e-08	0.164835300401202	0.274	0.231	0.0010577019377254	EIF2B1	c3
3.15792930229704e-08	0.15784520930098	0.183	0.15	0.00105910632940438	WDR20	c3
3.15922227278989e-08	0.235966604443321	0.105	0.081	0.00105953996584827	MED14	c3
3.17815824847677e-08	0.40779774469205	0.071	0.052	0.00106589071337414	PITPNA	c3
3.19463202652319e-08	0.255861806863503	0.081	0.06	0.00107141568905535	TMCO3	c3
3.2095735502033e-08	-0.131042039178164	0.74	0.714	0.00107642677726718	SFPQ	c3
3.22309360331148e-08	0.140729929086069	0.189	0.154	0.0010809611326786	ZC3H11A	c3
3.2575213521687e-08	-0.352064440775196	0.114	0.142	0.00109250751109034	PXN	c3
3.30292281847528e-08	-0.949246532504788	0.02	0.036	0.00110773425486024	DPY19L4	c3
3.33080597551461e-08	0.256431748047951	0.09	0.068	0.00111708570806809	ZNF611	c3
3.35498213292203e-08	0.148223417616304	0.358	0.309	0.00112519390773939	ARL6IP6	c3
3.36319770725422e-08	-1.78849591234851	0.006	0.016	0.00112794924705892	LEKR1	c3
3.36805116361804e-08	-0.924548298173549	0.03	0.048	0.00112957699925422	PIGV	c3
3.36986091862901e-08	-0.276999793495318	0.483	0.485	0.0011301839548898	SAMHD1	c3
3.37198911173192e-08	-1.84260990978347	0.005	0.015	0.00113089770829265	AC004854.2	c3
3.41285862171778e-08	0.109093362300494	0.214	0.176	0.00114460452455171	MTREX	c3
3.43024016645609e-08	-0.342029903351266	0.322	0.34	0.00115043394702604	FLOT2	c3
3.47517493866226e-08	0.130836457982551	0.118	0.091	0.00116550417092855	TRIM5	c3
3.52145836838109e-08	0.695365097731475	0.019	0.01	0.00118102670758765	AC105052.3	c3
3.52237799843728e-08	0.240731828254178	0.105	0.081	0.00118133513311589	C1orf216	c3
3.58531027317897e-08	-0.921094532625452	0.026	0.042	0.00120244135941876	ZNF814	c3
3.63533363062388e-08	0.353098702599183	0.089	0.068	0.00121921819303864	HELLS	c3
3.63534480927041e-08	0.151316658934755	0.172	0.14	0.00121922194213311	PCNX1	c3
3.70981808156867e-08	0.150820792729401	0.191	0.156	0.0012441987881965	COX11	c3
3.7269503475283e-08	-1.40872251842953	0.007	0.018	0.00124994460755404	ITGA3	c3
3.74140851975384e-08	1.26500268642125	0.011	0.005	0.00125479358935504	TRBJ1-1	c3
3.74515808376116e-08	-0.551200424367935	0.047	0.067	0.00125605111813182	NUP35	c3
3.82414179360848e-08	0.525279028538295	0.026	0.016	0.00128254067474041	MBNL1-AS1	c3
3.83727446056771e-08	1.00203650342159	0.011	0.005	0.0012869451085852	AL359504.2	c3
3.90016341482414e-08	0.3680466741386	0.07	0.051	0.00130803680606372	MAPK9	c3
3.92389476689486e-08	0.432859727157989	0.05	0.035	0.0013159958269212	AMIGO2	c3
4.01489399957956e-08	0.240260923480687	0.092	0.07	0.00134651514957899	MLYCD	c3
4.08628803171131e-08	0.374016379085886	0.048	0.033	0.00137045928007534	ZNF646	c3
4.09157423530714e-08	-2.45485862608212	0.003	0.012	0.00137223216703731	CYSLTR2	c3
4.21717091289347e-08	0.260283072770108	0.102	0.079	0.00141435478076621	ITPRIPL1	c3
4.23074225913534e-08	0.322475925392801	0.091	0.069	0.00141890633886881	MDM1	c3
4.24547055496686e-08	-0.346908367188278	0.225	0.252	0.00142384591472479	RPA1	c3
4.25350833667216e-08	-1.80656153577803	0.008	0.019	0.00142654162595311	CPNE8	c3
4.26039914907143e-08	0.141168557441126	0.148	0.118	0.00142885266661558	YIPF2	c3
4.27505851291865e-08	0.231059685941188	0.126	0.099	0.00143376912406266	ALG6	c3
4.34356975721516e-08	-0.605376961177931	0.018	0.033	0.00145674642517482	KIF18A	c3
4.36471605585189e-08	0.116545168162251	0.251	0.209	0.00146383847081161	DLD	c3
4.37073269203275e-08	0.267331291209803	0.066	0.048	0.00146585633025394	ANKS3	c3
4.41552425415578e-08	-0.372983307482022	0.162	0.191	0.00148087852435877	JADE2	c3
4.41564121374625e-08	0.152487870970214	0.19	0.156	0.00148091775026622	MFSD11	c3
4.59930591766512e-08	-0.127722058958265	0.773	0.756	0.00154251521866653	CIB1	c3
4.63317289884458e-08	0.151414266701002	0.124	0.098	0.00155387352681449	MUM1	c3
4.66755536027135e-08	-1.99815545016565	0.004	0.013	0.0015654047167278	ZNF610	c3
4.69906143436721e-08	0.397765843127244	0.064	0.046	0.00157597122385808	VAMP1	c3
4.70005653261074e-08	0.235925406269351	0.099	0.076	0.00157630495990699	PRR3	c3
4.70619333714365e-08	0.150470663000302	0.151	0.121	0.00157836312141124	E4F1	c3
4.73166057255534e-08	-1.0329785463599	0.013	0.026	0.00158690432282361	MAFIP	c3
4.73993606344921e-08	0.206028680460515	0.095	0.072	0.00158967975695959	INTS1	c3
4.74226343099231e-08	0.273487968062063	0.102	0.078	0.0015904603094862	ZFYVE19	c3
4.87530618482839e-08	-1.29857534913226	0.008	0.019	0.00163508018826775	KRTCAP3	c3
4.88990515144732e-08	-1.0860026240608	0.014	0.027	0.0016399763896924	IL21	c3
4.89873510353091e-08	0.142290164294814	0.552	0.5	0.0016429377790222	XBP1	c3
4.91703872041104e-08	-1.66306889267179	0.005	0.014	0.00164907644605145	C1orf198	c3
4.97548195723534e-08	0.279964909114967	0.095	0.072	0.00166867713881759	RMND1	c3
4.9926361916101e-08	-0.47967527983449	0.228	0.252	0.00167443032594219	TNFRSF25	c3
5.05232504531909e-08	-0.984808535607405	0.024	0.04	0.00169444877369912	USP13	c3
5.15492115087149e-08	0.345528696463623	0.074	0.055	0.00172885745557928	FASTKD3	c3
5.20728217952484e-08	-0.434935728256202	0.13	0.156	0.00174641829736904	ZNF770	c3
5.21439543928447e-08	0.10498300058346	0.461	0.399	0.00174880394242723	WDR33	c3
5.24662341082407e-08	0.152516078499667	0.154	0.124	0.00175961255952218	STAT2	c3
5.25550627850297e-08	0.127704045486526	0.23	0.192	0.00176259169568432	SMARCA4	c3
5.2726113145237e-08	0.201602270724598	0.16	0.131	0.00176832838266496	NUP37	c3
5.27918725886264e-08	-0.499263322045533	0.318	0.331	0.00177053382287735	SERTAD1	c3
5.31800089637028e-08	0.316222789355311	0.069	0.05	0.00178355114062466	KIAA2013	c3
5.32659111352905e-08	0.178082984163824	0.139	0.111	0.00178643212765537	CPSF3	c3
5.32661098282169e-08	0.13541736351703	0.205	0.169	0.00178643879141874	EP400	c3
5.36220760008477e-08	0.209341504626646	0.171	0.14	0.00179837718491643	BRD3	c3
5.37042930383342e-08	0.115233060581819	0.168	0.136	0.00180113457991965	GLMP	c3
5.47053725852993e-08	0.229820933071577	0.077	0.057	0.00183470878576577	BTRC	c3
5.48702413840778e-08	-2.59370145071709	0.002	0.01	0.0018402381555392	TLR5	c3
5.51487387746899e-08	0.173293293700452	0.122	0.096	0.00184957840102555	STK19	c3
5.54316690848103e-08	0.266785459977739	0.107	0.083	0.00185906731776637	KANSL3	c3
5.58381608042471e-08	-0.936445377462509	0.023	0.038	0.00187270023705284	LINC00920	c3
5.58854394628135e-08	0.697358079101861	0.018	0.01	0.00187428586870384	AC009237.14	c3
5.60641212204794e-08	-1.20850809064593	0.015	0.029	0.00188027849749244	ZNF486	c3
5.65437155338498e-08	0.376267067386209	0.071	0.052	0.00189636313157425	POU2F1	c3
5.67975376681817e-08	0.370280680532404	0.057	0.041	0.00190487581831548	STK11IP	c3
5.7033534932815e-08	-1.0986517075264	0.02	0.034	0.00191279069457675	AL162377.1	c3
5.76320872759353e-08	0.159625225148262	0.205	0.17	0.00193286494306032	LEO1	c3
5.8868361823282e-08	-0.347809104072023	0.23	0.255	0.00197432711882923	PYCR2	c3
5.92710655680764e-08	0.380052837528188	0.075	0.055	0.00198783299702215	GSK3A	c3
5.99776034841223e-08	0.11915394366046	0.325	0.278	0.00201152886565049	PSMC2	c3
6.00601783118467e-08	0.225505315363258	0.106	0.082	0.00201429826022272	ERCC4	c3
6.02080139366997e-08	-2.26142190862285	0.006	0.016	0.00201925637140904	RNASE6	c3
6.16078409526689e-08	0.342625261407077	0.058	0.041	0.00206620376987061	ZRANB1	c3
6.21453885851255e-08	-0.811048435889837	0.027	0.043	0.00208423204236794	ARSK	c3
6.21964914781849e-08	0.45210846957687	0.031	0.02	0.00208594593119536	AL009179.1	c3
6.28230116016422e-08	0.126655212485649	0.159	0.128	0.00210695816309587	AHCTF1	c3
6.30993393533338e-08	0.100375946080972	0.244	0.203	0.00211622564323211	GALT	c3
6.33549088858159e-08	0.168082620675981	0.132	0.104	0.00212479693421249	TRMT10B	c3
6.36738274372574e-08	0.242958663318479	0.135	0.108	0.00213549282459074	THEM6	c3
6.41901281369187e-08	-0.601980387436668	0.035	0.052	0.00215280851745598	PSTPIP2	c3
6.44325937796618e-08	0.101037399322021	0.913	0.889	0.0021609403301823	ZFP36L1	c3
6.45467461560206e-08	0.522345909917604	0.045	0.031	0.00216476877258062	AC139530.1	c3
6.48898993440624e-08	0.204899412754376	0.14	0.112	0.00217627744420117	MSL1	c3
6.54545948946286e-08	0.204907815798133	0.144	0.116	0.00219521620357605	VCPKMT	c3
6.62963118785481e-08	-2.66231181730906	0.002	0.01	0.00222344570778275	TRIM7	c3
6.69893397128732e-08	-1.38524232927113	0.002	0.01	0.00224668847529034	E2F7	c3
6.7522548651296e-08	0.227709027705453	0.207	0.171	0.00226457123666716	XCL1	c3
6.82257987926172e-08	-0.832984569503936	0.027	0.043	0.0022881568399068	GBE1	c3
6.82707708681303e-08	-1.0622214614412	0.024	0.039	0.00228966511337535	MINCR	c3
6.84858250774785e-08	-2.14411593701861	0.004	0.012	0.00229687760144847	PRKAR2B	c3
7.0186837853095e-08	0.115485360231014	0.138	0.11	0.0023539261679171	SLC12A6	c3
7.16624276986106e-08	0.237464141539649	0.076	0.056	0.002403414500156	AREL1	c3
7.19383125880728e-08	0.287844451011425	0.103	0.08	0.00241266712757879	SLC25A44	c3
7.21151961935529e-08	0.264124599322928	0.085	0.064	0.00241859944993938	CPT2	c3
7.32704986922936e-08	-0.342808686906129	0.187	0.215	0.00245734598514214	BCL7C	c3
7.34727461022214e-08	-1.36305232336516	0.009	0.02	0.0024641289587763	HIST2H2BF	c3
7.34983964456934e-08	0.22402809792592	0.105	0.081	0.00246498921999567	NDUFAF1	c3
7.46054493170176e-08	0.221873789201681	0.138	0.11	0.00250211755919414	MYSM1	c3
7.4830365700319e-08	-1.41542774579227	0.014	0.026	0.0025096608048573	TPTEP2-CSNK1E	c3
7.49755399574417e-08	0.429169894819129	0.041	0.027	0.00251452965909268	PLD2	c3
7.49885495089756e-08	0.421957147182179	0.045	0.031	0.00251496597343202	FLVCR1-DT	c3
7.63758822518108e-08	-1.41744299658793	0.041	0.059	0.00256149433896123	ICA1	c3
7.66716739730766e-08	0.174051955551748	0.1	0.077	0.00257141460170904	RABGAP1	c3
7.72257816705424e-08	0.257406970244309	0.092	0.07	0.00258999826566665	C2orf76	c3
7.77165237197221e-08	0.118897277942807	0.157	0.126	0.00260645677251204	FO393401.1	c3
7.91323438694156e-08	0.288096848218953	0.084	0.064	0.00265394054869246	MTMR4	c3
7.94378060738639e-08	0.18268424356604	0.099	0.076	0.00266418514010525	ZDHHC17	c3
7.96286841257905e-08	0.345546072780321	0.052	0.036	0.00267058680821076	HEATR5A	c3
7.98547180018373e-08	0.145029183020039	0.126	0.099	0.00267816753234562	ALOX12-AS1	c3
8.00335575062839e-08	-0.332771416850482	0.224	0.251	0.00268416545164575	SDAD1	c3
8.07209802370878e-08	0.126029783119187	0.266	0.224	0.00270722023519145	IRF2BP2	c3
8.12969178067984e-08	-0.863785258635167	0.036	0.054	0.00272653602940441	ENTPD1-AS1	c3
8.3720357088947e-08	0.178410027086205	0.13	0.104	0.0028078133360491	TBC1D15	c3
8.38352424672273e-08	-1.65324511994655	0.005	0.015	0.00281166636186587	ZNF443	c3
8.41137347603858e-08	-1.01381933376481	0.023	0.038	0.00282100643639382	ASPH	c3
8.4195924688864e-08	0.131654967636431	0.135	0.108	0.00282376292221512	MRRF	c3
8.52444943380281e-08	-0.416975351107621	0.25	0.27	0.00285892985110879	SUCLG2	c3
8.53793030212862e-08	-1.3520309742865	0.01	0.022	0.0028634510647279	PRKCE	c3
8.5668116785064e-08	0.278950384931149	0.123	0.098	0.00287313730073748	MAPK3	c3
8.57077410440912e-08	0.136474240332639	0.136	0.109	0.00287446621913673	PAFAH1B2	c3
8.73147300282989e-08	0.412184615410173	0.063	0.046	0.00292836141568909	TTPAL	c3
8.79408482952527e-08	0.130009497904837	0.149	0.119	0.00294936017012618	ERO1B	c3
8.79975705747757e-08	0.156141986851599	0.109	0.084	0.00295126252193683	PIK3C2A	c3
8.81478227978678e-08	1.17868629627042	0.017	0.009	0.00295630168099489	SOWAHD	c3
8.86608523354628e-08	0.292844112986715	0.104	0.081	0.00297350766562675	KDM3B	c3
8.91332392737903e-08	-0.567526126599313	0.062	0.083	0.00298935057876438	SFMBT1	c3
8.94685347555809e-08	-0.557061926309226	0.12	0.144	0.00300059571863267	UNG	c3
8.96902538580207e-08	0.182604020490064	0.223	0.188	0.0030080317338903	GMCL1	c3
8.99236744072815e-08	0.955753515800444	0.016	0.008	0.00301586019227141	UQCRHL	c3
9.02325018366379e-08	0.513786538540352	0.03	0.019	0.00302621764659716	ZNF154	c3
9.03473674362052e-08	-0.813236922013054	0.035	0.053	0.00303007000907545	MAGEF1	c3
9.04377382645194e-08	0.338420782508756	0.079	0.06	0.00303310086591545	RP2	c3
9.1166083676079e-08	0.157071284321133	0.139	0.111	0.00305752811432834	PIP4K2C	c3
9.18857712347292e-08	0.112392820621778	0.232	0.194	0.00308166499567035	RMC1	c3
9.2796646622717e-08	0.297980051256995	0.069	0.051	0.00311221393443268	AC109826.1	c3
9.28671594934485e-08	0.128047802594352	0.149	0.12	0.00311457879509128	ZNF76	c3
9.29856268588187e-08	0.110048717268802	0.215	0.179	0.00311855195359106	RRN3	c3
9.32736089622624e-08	0.131811502606908	0.152	0.122	0.00312821029737636	NBAS	c3
9.53111295866275e-08	-0.650536977987078	0.051	0.071	0.00319654466407631	TPM1	c3
9.5327618485267e-08	-0.773736119795714	0.049	0.069	0.00319709766875888	SLC9A3	c3
9.54407747788829e-08	-0.955746724865275	0.023	0.037	0.00320089270453418	C12orf66	c3
9.74418542757797e-08	-0.929605248327944	0.025	0.04	0.0032680049087011	RGS16	c3
9.78686771127194e-08	0.163182748873737	0.21	0.175	0.00328231969300638	RETREG3	c3
9.8268548693626e-08	0.26960334752912	0.069	0.051	0.00329573058608683	RPUSD2	c3
9.87834258550684e-08	0.406914103455709	0.041	0.028	0.00331299853632728	ZNF213	c3
9.94342853426395e-08	0.385878944286128	0.052	0.037	0.00333482706182144	HIST1H3H	c3
1.00982758735818e-07	0.401084630974737	0.042	0.028	0.00338675976248185	SLC36A1	c3
1.03912455379569e-07	-1.90663056137263	0.006	0.016	0.00348501592852	AC097534.2	c3
1.06480064557095e-07	0.1953639744276	0.095	0.073	0.00357112840511585	KMT2B	c3
1.06863094028412e-07	-0.51479226653054	0.069	0.091	0.00358397444752487	DIS3L	c3
1.06928601966937e-07	0.360299618329647	0.06	0.043	0.00358617145276713	ZNF407	c3
1.10055253753527e-07	0.276868935581553	0.069	0.051	0.00369103310038578	DEPDC5	c3
1.10781476894046e-07	0.54601083511244	0.027	0.016	0.00371538917207252	ZBTB26	c3
1.11706522520093e-07	0.100666911172858	0.582	0.505	0.00374641335227889	ILF2	c3
1.12617232504174e-07	-0.414872416644478	0.146	0.173	0.00377695674372499	NAGK	c3
1.12727578628539e-07	-0.2799345378889	0.376	0.386	0.00378065753204393	RPP21	c3
1.13065189045173e-07	0.220009683710663	0.135	0.109	0.00379198031019703	MAD2L1BP	c3
1.13184884376062e-07	-0.47151172547649	0.12	0.145	0.00379599465220438	INIP	c3
1.13321992108507e-07	0.12249058696479	0.118	0.092	0.0038005929713351	SLC37A1	c3
1.13385018224882e-07	0.328787183281298	0.071	0.053	0.00380270674122611	DENND1A	c3
1.13514677651859e-07	0.76192639588763	0.018	0.009	0.00380705525908806	PPT2	c3
1.13584542301861e-07	-0.788798651946381	0.023	0.038	0.0038093983797198	RNF157	c3
1.15143888555255e-07	-0.550248484006517	0.062	0.084	0.00386169573436614	APOO	c3
1.15232654609246e-07	-0.689734565324886	0.048	0.068	0.00386467277028491	COLGALT1	c3
1.15596598101261e-07	0.181790456424061	0.136	0.109	0.0038768787071201	COX10	c3
1.1583405163603e-07	0.358865450960492	0.041	0.027	0.00388484242376917	AC012360.3	c3
1.16376821950289e-07	-0.323571536251391	0.268	0.29	0.00390304585456879	DAZAP1	c3
1.16940205240647e-07	-0.720079331021047	0.038	0.056	0.0039219406033608	CEP83	c3
1.17374291370631e-07	1.51762315847678	0.01	0.004	0.00393649898398822	C1orf53	c3
1.18476361339418e-07	-0.605181077289604	0.097	0.12	0.00397346020660139	C11orf1	c3
1.18906486258495e-07	-1.42223404768096	0.009	0.02	0.00398788573613742	CA11	c3
1.19134989778447e-07	-0.381321198028626	0.11	0.136	0.00399554928718957	RANGAP1	c3
1.1945640311654e-07	-1.28075646656168	0.012	0.024	0.00400632884772251	OBSCN	c3
1.20295053803818e-07	-0.566780687109986	0.074	0.096	0.00403445551447246	FAM117A	c3
1.21474312705016e-07	-0.537439321942397	0.087	0.111	0.00407400549950083	CASP6	c3
1.22150718561483e-07	-1.45919268502763	0.006	0.016	0.00409669079911501	PDIA5	c3
1.22589567392241e-07	-0.29106722080493	0.398	0.408	0.00411140891120096	CCND2	c3
1.22963299659744e-07	0.649807093395961	0.026	0.016	0.0041239431439885	PROK2	c3
1.23129248857242e-07	-0.542388874043684	0.136	0.16	0.00412950874817418	ETFRF1	c3
1.23301952529826e-07	0.374354765345092	0.057	0.041	0.00413530088394529	SFXN2	c3
1.24923785074051e-07	-0.559099619553317	0.069	0.091	0.00418969390381354	BMI1	c3
1.2544053627096e-07	-1.07333788631479	0.012	0.024	0.00420702470545546	PFAS	c3
1.26273169684277e-07	-0.50095878387666	0.103	0.127	0.00423494956487127	CRYL1	c3
1.2812133248945e-07	0.386827518995879	0.056	0.04	0.00429693324903116	ZNF598	c3
1.29757003636113e-07	-0.69613602915309	0.021	0.035	0.00435179038794795	TMEM97	c3
1.29881992279437e-07	0.760943501645294	0.014	0.007	0.00435598225706775	PHEX	c3
1.304035756232e-07	-0.33205973515427	0.097	0.123	0.00437347511925088	TEX30	c3
1.32221016936343e-07	-0.449858650236587	0.101	0.126	0.00443442846601109	CSE1L	c3
1.32635428375987e-07	-2.27557824072604	0.003	0.011	0.00444832699687385	FOXJ1	c3
1.35166026194682e-07	-0.702118554718859	0.075	0.096	0.00453319818651725	MAFF	c3
1.36821967020435e-07	0.16589384201977	0.163	0.133	0.00458873512993136	CDKN2AIPNL	c3
1.36956882020309e-07	0.775279144035316	0.018	0.01	0.00459325990919713	ITPKC	c3
1.36960904807788e-07	0.303609634803715	0.061	0.044	0.00459339482544361	ATXN7L3	c3
1.37740126746355e-07	0.332285697600131	0.051	0.035	0.00461952837081925	SCRIB	c3
1.38170573215295e-07	0.120678213077527	0.275	0.234	0.00463396468449455	PBRM1	c3
1.39069146193212e-07	0.46578534726151	0.034	0.022	0.00466410102502793	PKD2	c3
1.41852760572335e-07	0.188755550103818	0.117	0.092	0.00475745788407497	SNAPC3	c3
1.4216362050168e-07	-0.697225469235817	0.031	0.047	0.00476788350438534	SLC37A4	c3
1.42591205324585e-07	-1.87573134587926	0.003	0.011	0.00478222384417593	AL590705.1	c3
1.42768598553269e-07	0.257957188402971	0.089	0.068	0.00478817325827953	RNF135	c3
1.4278037314572e-07	-2.67789654799767	0.003	0.011	0.00478856815456117	PELI2	c3
1.4298878463041e-07	1.02124704057319	0.018	0.01	0.00479555785893468	TM6SF1	c3
1.43388241710568e-07	-0.528303926801019	0.091	0.114	0.00480895485048903	MAD2L1	c3
1.43857783860056e-07	0.450532128210458	0.03	0.019	0.00482470235509855	NR1H3	c3
1.43984858733492e-07	-0.788884163673166	0.083	0.104	0.00482896419220384	ABRAXAS1	c3
1.44166455038424e-07	-1.0671614702064	0.012	0.024	0.00483505456907868	AP003392.4	c3
1.44547501991593e-07	-0.486847102446843	0.157	0.182	0.00484783412179405	CBWD5	c3
1.45592241391364e-07	-0.969209756687333	0.028	0.043	0.00488287259178355	ZNF626	c3
1.46577893638089e-07	0.14865701825112	0.159	0.13	0.00491592939683424	MED1	c3
1.466391436094e-07	-2.23763794058346	0.002	0.01	0.00491798359837205	NT5DC3	c3
1.4696108947986e-07	-0.592379390391119	0.111	0.135	0.00492878101897554	DNAJB4	c3
1.47731217023849e-07	-0.39796179721337	0.298	0.315	0.00495460955654585	PPP1R10	c3
1.47970635894703e-07	0.318172243002269	0.065	0.048	0.00496263918663657	ZNF213-AS1	c3
1.50163856329921e-07	-1.02366470133428	0.017	0.03	0.00503619541359289	MPZL1	c3
1.55030454224377e-07	0.267388942269544	0.064	0.047	0.00519941137377717	LARS2	c3
1.56807188220263e-07	0.349769109151954	0.075	0.056	0.00525899947853117	CNNM2	c3
1.57190470900066e-07	1.20429035041206	0.012	0.006	0.00527185401304643	MYCBPAP	c3
1.57857845718924e-07	-0.738811018022345	0.035	0.052	0.00529423642972128	GEMIN4	c3
1.58917630761967e-07	-1.10504351895679	0.014	0.026	0.00532977950049486	CYP4F22	c3
1.5971574280518e-07	-2.26089269060538	0.003	0.011	0.00535654658220013	SIRPB1	c3
1.6146105449234e-07	0.210631849078287	0.129	0.103	0.00541508084556409	TRMU	c3
1.63229198393003e-07	-1.43855093529805	0.01	0.021	0.00547438085570452	F12	c3
1.63726097162224e-07	-0.661379301842613	0.039	0.057	0.00549104584662667	GNPNAT1	c3
1.67956831684168e-07	0.170842792349677	0.14	0.112	0.00563293622102363	GPAT4	c3
1.6968356236088e-07	0.204275104466685	0.098	0.076	0.00569084731445918	EYA3	c3
1.6984421639387e-07	0.196967447334814	0.112	0.088	0.00569623532941763	TOR1AIP2	c3
1.70748764834887e-07	-0.798187005218655	0.024	0.039	0.00572657207503243	KNL1	c3
1.71216035586531e-07	-1.75273334708679	0.005	0.015	0.00574224340150108	SDR42E2	c3
1.71337947765137e-07	0.265924608736393	0.09	0.069	0.00574633209214716	CENPV	c3
1.7526061911555e-07	0.162895208678572	0.085	0.064	0.00587789064389731	ZFYVE16	c3
1.78131931928592e-07	-0.259914179098055	0.425	0.429	0.00597418873302112	PCNP	c3
1.78653228139e-07	-0.370577764975424	0.198	0.223	0.00599167196532578	TMX2	c3
1.78681357768352e-07	0.130428940177848	0.213	0.178	0.00599261537683498	TIMM50	c3
1.82847347007686e-07	-0.979855976500037	0.016	0.029	0.00613233432394376	FBXO48	c3
1.82869246923635e-07	0.10318774768666	0.183	0.15	0.00613306880332485	ANKZF1	c3
1.85803002008813e-07	0.160458113366375	0.234	0.199	0.00623146108137158	DPM2	c3
1.86126467761929e-07	-1.46365658759678	0.006	0.016	0.00624230947579957	MYB	c3
1.86410436640362e-07	0.20865083026289	0.077	0.058	0.00625183322404447	C2orf42	c3
1.86622689974036e-07	0.509297036897302	0.042	0.028	0.00625895177634923	JRK	c3
1.87054107250498e-07	-0.821535466133727	0.027	0.042	0.00627342064896722	SMIM13	c3
1.88203415484565e-07	-0.79987231918291	0.037	0.054	0.00631196614852134	CCL28	c3
1.89765344020426e-07	0.294336698001224	0.102	0.08	0.00636435010775704	PCGF6	c3
1.91083365431831e-07	0.100902118794627	0.342	0.293	0.00640855390985276	SHARPIN	c3
1.92015399634794e-07	0.478583436995081	0.046	0.032	0.00643981247295171	ZNF282	c3
1.94080112453011e-07	-1.11078042173354	0.006	0.015	0.00650905881144907	TONSL	c3
1.95061773284855e-07	0.179302856091233	0.132	0.106	0.00654198175242746	GPATCH2	c3
1.97623658219993e-07	0.493582327900127	0.047	0.033	0.00662790224938213	MBD3	c3
1.9774704081093e-07	-0.220643585272471	0.492	0.481	0.00663204025471698	SIVA1	c3
1.97821992031455e-07	0.243610894168409	0.106	0.083	0.00663455396875094	ZUP1	c3
1.9950945265801e-07	0.119023631605104	0.182	0.15	0.00669114802324435	TM9SF1	c3
2.01497975067425e-07	-0.956397641462885	0.018	0.032	0.00675783908781129	XYLT1	c3
2.0230867911815e-07	0.118946686120712	0.645	0.587	0.00678502848026452	ARL4C	c3
2.02991856475729e-07	0.151987903810728	0.152	0.123	0.00680794088248299	KYAT3	c3
2.06910697219881e-07	0.649452966181099	0.038	0.025	0.00693937096336038	MFSD13A	c3
2.06958423599117e-07	-1.83779552862064	0.006	0.015	0.0069409716106672	FSD1L	c3
2.07068648647623e-07	0.519181773578306	0.046	0.032	0.00694466833834399	TRAV26-2	c3
2.08998182955197e-07	-0.133683022801482	0.365	0.302	0.00700938105995139	FKBP5	c3
2.12541010095073e-07	0.1869139471031	0.158	0.129	0.00712820039656854	VIRMA	c3
2.13499148542105e-07	0.15062087170376	0.157	0.128	0.00716033444380512	ZBTB11	c3
2.138548446015e-07	-0.845163744861322	0.043	0.061	0.00717226377824512	KIF9	c3
2.14254263151718e-07	0.138098949063679	0.147	0.119	0.00718565947758233	ANKRA2	c3
2.18170812497497e-07	-0.380692976603857	0.238	0.26	0.00731701270954106	MORF4L2	c3
2.18375334107224e-07	0.159010058768696	0.171	0.141	0.00732387195528807	ZNF143	c3
2.20931593116971e-07	0.181116950878197	0.122	0.097	0.00740960376995697	MTFR1L	c3
2.22134597294232e-07	0.278153677349712	0.074	0.055	0.00744995012405394	PANX1	c3
2.23660511465543e-07	0.516913668993793	0.026	0.016	0.00750112623353138	AL034549.1	c3
2.24725611410084e-07	0.121227714409536	0.208	0.173	0.00753684755547139	MRPL19	c3
2.25047278233488e-07	-1.13065053610158	0.013	0.024	0.00754763561739473	IFT122	c3
2.25624694818852e-07	0.132607348780429	0.176	0.145	0.00756700101483467	LTN1	c3
2.26852128879136e-07	-0.351838107463818	0.147	0.174	0.00760816669834848	LRRN3	c3
2.27494401476607e-07	-1.17446881711691	0.002	0.01	0.00762970723672245	CDC25A	c3
2.28304623002523e-07	0.502378160567443	0.031	0.019	0.00765688044625861	AC027290.1	c3
2.28543712532005e-07	-1.05326816776723	0.009	0.019	0.00766489903089839	POC1B-AS1	c3
2.2894794554869e-07	-0.57446443524482	0.042	0.06	0.00767845619781197	BTBD6	c3
2.32108422398166e-07	-1.05530879602553	0.009	0.019	0.0077844522703897	ROBO3	c3
2.37511588172381e-07	0.187455708006967	0.142	0.115	0.00796566364412531	SMG9	c3
2.38089903038804e-07	-0.675854867596795	0.05	0.07	0.0079850591681154	PPRC1	c3
2.38407926753615e-07	-0.665936105732423	0.005	0.014	0.00799572504746276	WDR62	c3
2.38616284471603e-07	-1.75268148451497	0.005	0.014	0.00800271294860861	NRBP2	c3
2.38947525558232e-07	0.219184813851033	0.088	0.067	0.00801382211217199	ANKRD52	c3
2.4003565882485e-07	0.668481886867698	0.033	0.021	0.00805031592566781	PSPH	c3
2.40493766613605e-07	0.326986400255719	0.048	0.033	0.00806567994468707	PLEKHM2	c3
2.41919772993269e-07	0.206106257523304	0.102	0.079	0.00811350534664827	ZNF484	c3
2.47798890212891e-07	-1.46978023036867	0.009	0.019	0.00831067917995995	SERPINE2	c3
2.52854156428673e-07	0.53252884185749	0.045	0.031	0.00848022269830485	RPS10-NUDT3	c3
2.54834762262401e-07	0.303827466779106	0.068	0.05	0.00854664825675642	WDR25	c3
2.55890129753655e-07	0.205502192363783	0.104	0.082	0.00858204317167808	SENP1	c3
2.56129319070855e-07	-0.609906862898804	0.075	0.056	0.00859006510299835	NUSAP1	c3
2.57611927867225e-07	-0.696844598010816	0.04	0.058	0.00863978883681098	CEP128	c3
2.58723407584158e-07	-0.4955280462005	0.019	0.032	0.0086770656435575	KNTC1	c3
2.60054460490892e-07	-0.37286524635561	0.064	0.085	0.00872170649594354	DDX11	c3
2.61889499878984e-07	-0.574443143767149	0.042	0.061	0.00878325004694138	PDF	c3
2.62205918856865e-07	0.144591573428731	0.213	0.178	0.00879386210662154	IP6K1	c3
2.64683653712916e-07	0.215502953857003	0.122	0.098	0.00887696037822377	CARD8-AS1	c3
2.65399963384855e-07	0.477280044656291	0.034	0.022	0.00890098397200127	ZBED6	c3
2.67818333009948e-07	0.57725686270773	0.038	0.026	0.00898209125248763	CARM1	c3
2.69349652742961e-07	-0.420595281384572	0.161	0.186	0.00903344865369344	EMG1	c3
2.69929058179199e-07	0.147371848480927	0.173	0.143	0.00905288075321396	GTPBP8	c3
2.72838252812881e-07	-0.930096788375543	0.018	0.031	0.00915044932283841	GALNT3	c3
2.75089490612074e-07	0.428936981457749	0.056	0.04	0.00922595133614775	DHX33	c3
2.76243063676896e-07	0.162505202640529	0.126	0.101	0.00926463986959574	NFKBIL1	c3
2.78618848966653e-07	0.186303703789907	0.135	0.108	0.00934431895664362	ELK4	c3
2.85601547170744e-07	0.132660102317	0.204	0.17	0.00957850468901242	THAP4	c3
2.85668529008361e-07	0.212447327820638	0.091	0.07	0.00958075112588242	SLC25A16	c3
2.86921460787765e-07	0.218266050166634	0.07	0.052	0.00962277195190006	SRP14-AS1	c3
2.87671660570982e-07	0.223002582870495	0.103	0.081	0.0096479321522296	BAG2	c3
2.8998352869174e-07	-0.728117423256356	0.038	0.055	0.00972546758526356	UTP15	c3
2.90111045552051e-07	0.62817417637202	0.019	0.011	0.00972974424572467	FLCN	c3
2.90201408304433e-07	-0.569700307399517	0.062	0.082	0.00973277483171408	ZNF397	c3
2.90301913975946e-07	0.125297108657001	0.15	0.122	0.00973614559092527	C12orf49	c3
2.90867472139494e-07	0.183576339353656	0.807	0.763	0.00975511328061434	CALR	c3
2.90977909162975e-07	0.172048031918591	0.152	0.124	0.00975881711750784	ZBTB44	c3
2.9165175830513e-07	0.899147725681858	0.01	0.004	0.00978141667003746	C22orf15	c3
2.94349349320158e-07	0.104914371224552	0.226	0.19	0.00987188847749947	SPEN	c3
2.99504554308656e-07	-1.70472485562589	0.004	0.011	0.0100447837424037	CTH	c3
3.0042185923507e-07	-0.513440449425192	0.052	0.071	0.0100755483150258	DNLZ	c3
3.01658945150755e-07	-2.08236033622946	0.003	0.011	0.010117037702466	ZSWIM5	c3
3.03134821071794e-07	-1.61287182628018	0.008	0.018	0.0101665356291058	CDHR3	c3
3.05449950864469e-07	-1.15591578933612	0.013	0.025	0.0102441804520926	EEPD1	c3
3.0586552696717e-07	-0.485877842953388	0.573	0.476	0.0102581180434249	HMGB2	c3
3.06353168457677e-07	-0.473730679643309	0.065	0.086	0.0102744725637336	PPP1R14B	c3
3.08197874739897e-07	-1.31265286436567	0.017	0.029	0.0103363403230267	CXCL16	c3
3.11842500304477e-07	0.103029508005111	0.357	0.306	0.0104585737752115	ZFAND2B	c3
3.14936154654294e-07	0.626620726188071	0.027	0.017	0.0105623287547957	TRAV30	c3
3.15644500153741e-07	-0.659598639926203	0.058	0.077	0.0105860852461562	SCPEP1	c3
3.17487739794999e-07	-0.493357134312562	0.079	0.102	0.0106479038172447	PPIL1	c3
3.22609925113196e-07	0.438132479935192	0.043	0.03	0.0108196916684464	MYEF2	c3
3.24661074453434e-07	0.444681612800291	0.053	0.038	0.0108884831150193	SEMA4B	c3
3.2488094274917e-07	0.145066650597223	0.131	0.105	0.0108958570579217	PAPOLG	c3
3.26208185110487e-07	0.371957763331703	0.042	0.029	0.0109403701122355	NPHP3	c3
3.26538937099781e-07	-0.262144690523142	0.429	0.434	0.0109514628724524	FKBP2	c3
3.26868566369885e-07	-1.89383501934855	0.005	0.014	0.0109625179789132	ARMCX2	c3
3.29890156209937e-07	-1.87401538606835	0.003	0.01	0.0110638560589689	STXBP1	c3
3.33400211941296e-07	0.253915912946049	0.078	0.059	0.0111815763080872	TOP3B	c3
3.37771654597183e-07	-1.69740752659182	0.006	0.016	0.0113281857518803	AF117829.1	c3
3.37914094688324e-07	0.838089532838038	0.022	0.013	0.011332962907657	KCNK12	c3
3.41876458451362e-07	-0.423535783456723	0.014	0.026	0.0114658526635418	TRBV4-2	c3
3.46999614185336e-07	0.242602523870627	0.052	0.037	0.0116376730605478	SLC9A1	c3
3.50460073121128e-07	-0.498392002369892	0.181	0.204	0.0117537299323364	SERINC5	c3
3.55462661935742e-07	-1.30542934571367	0.013	0.024	0.0119215067560009	EPB41L5	c3
3.56787750482925e-07	0.160915814593802	0.133	0.107	0.0119659475756963	PRPF39	c3
3.58424799358717e-07	-0.719972910734891	0.008	0.018	0.0120208509208927	PSRC1	c3
3.5929377238279e-07	-0.550813860993028	0.063	0.083	0.012049994538174	NUDT15	c3
3.67137962693412e-07	-0.310822972594213	0.233	0.256	0.0123130729928117	GRPEL1	c3
3.711874587451e-07	-0.358653934945999	0.176	0.2	0.0124488849913932	PUM3	c3
3.75830370722852e-07	-1.25106479384799	0.01	0.021	0.012604598973303	FMO4	c3
3.82088656612609e-07	0.230635033959409	0.116	0.092	0.0128144893654737	RPRD1B	c3
3.82299016690593e-07	0.118127762897654	0.13	0.104	0.0128215444217691	LPAR5	c3
3.82740173433149e-07	-0.872319867766636	0.049	0.067	0.012836339936601	NRIP1	c3
3.85182721655302e-07	-2.16031835389935	0.007	0.016	0.0129182581188755	PPP1R2C	c3
3.86633414743653e-07	0.145894821605107	0.113	0.089	0.0129669114636726	C2orf74	c3
3.88003043387839e-07	1.09678908485126	0.013	0.007	0.0130128460691414	ATXN7	c3
3.91429824127823e-07	-1.899306187473	0.004	0.012	0.0131277734415989	AL451085.1	c3
3.91776672216529e-07	0.408657305818438	0.059	0.043	0.013139406032798	TMEM79	c3
4.01711582707571e-07	0.126526237219784	0.163	0.134	0.0134726030608465	RNF20	c3
4.0402577313019e-07	-0.252528689398041	0.426	0.425	0.0135502163792403	RANBP1	c3
4.05362563221301e-07	-2.03193179800875	0.003	0.011	0.013595049645316	HIST1H3F	c3
4.15888144289682e-07	0.846482773122529	0.045	0.032	0.0139480565831874	TRBV7-6	c3
4.16766488565522e-07	-0.34841595388667	0.189	0.215	0.0139775144935105	ANKRD28	c3
4.17756927802627e-07	0.178249833896895	0.106	0.083	0.0140107318446445	TTC33	c3
4.1884246877891e-07	-0.695270604568548	0.059	0.078	0.0140471387179071	DPH6	c3
4.19403759744437e-07	0.141706643860112	0.154	0.126	0.0140659632943089	INTS8	c3
4.22220376442017e-07	-1.02406349909525	0.02	0.033	0.0141604269851124	KIF5C	c3
4.22875838703241e-07	-0.889925391147523	0.025	0.04	0.0141824098784293	ATP6V1E2	c3
4.24724900328276e-07	-0.907069880406151	0.02	0.034	0.0142444237072097	ZNF441	c3
4.27379644939622e-07	-0.354068594434562	0.266	0.285	0.0143334585319851	RBM38	c3
4.27619786027342e-07	0.184381311497372	0.146	0.119	0.014341512383785	MKRN2	c3
4.34192118758955e-07	0.339440967551159	0.046	0.032	0.0145619352789378	PPP1R16A	c3
4.37044434117214e-07	-1.50647445005439	0.008	0.017	0.0146575962314231	AC106739.1	c3
4.41738108110806e-07	0.112008142236613	0.248	0.21	0.0148150126698202	MAEA	c3
4.49865667924316e-07	-0.35576297620759	0.212	0.235	0.0150875947708457	ADK	c3
4.52630896347526e-07	0.186477705693334	0.114	0.091	0.0151803350017033	SP1	c3
4.5490744509794e-07	-0.774661865526005	0.008	0.019	0.0152566858936947	DBF4B	c3
4.58223918278541e-07	-0.427523265132544	0.144	0.168	0.0153679137712257	IPO5	c3
4.58301771505636e-07	0.178730833544544	0.167	0.139	0.015370524812756	GON7	c3
4.58392290513391e-07	-0.983607040591586	0.028	0.043	0.0153735606392381	ZDHHC2	c3
4.59019508084311e-07	-1.51205634862742	0.004	0.013	0.0153945962621316	AC002116.2	c3
4.62131917457706e-07	-0.726134713287657	0.05	0.068	0.0154989802476965	SLC25A43	c3
4.64450846413518e-07	-0.76950492689876	0.009	0.02	0.0155767524870166	CCDC15	c3
4.65210497785998e-07	-0.400337659419226	0.12	0.144	0.0156022296747468	GRWD1	c3
4.6960900610686e-07	-1.16981303914336	0.011	0.022	0.0157497468468119	CXorf57	c3
4.70493464687095e-07	0.182757217133544	0.171	0.142	0.0157794098186758	KIF21B	c3
4.71577783450386e-07	0.240363036408358	0.095	0.074	0.015815775701359	TMEM260	c3
4.73534678130033e-07	-0.462544391571633	0.139	0.162	0.0158814060351251	TMEM204	c3
4.73643728227094e-07	0.306179740176283	0.062	0.046	0.0158850633572803	AGO1	c3
4.74650668591694e-07	0.521572750513807	0.03	0.019	0.0159188341232282	FCRLB	c3
4.74976363421038e-07	-1.50142036421721	0.004	0.012	0.0159297572764148	OSBPL1A	c3
4.76004969593811e-07	0.152200916274965	0.173	0.143	0.0159642546702372	TOPBP1	c3
4.78283413114092e-07	-0.866385606765076	0.017	0.03	0.0160406691090204	ZNF595	c3
4.84872056427066e-07	-0.785572277880124	0.024	0.038	0.0162616390284509	AURKA	c3
4.94479143926724e-07	0.781970718872564	0.016	0.009	0.0165838415290145	BX255925.3	c3
4.96626369696434e-07	0.612069648976241	0.024	0.015	0.016655855186879	AC016831.5	c3
4.97178180293822e-07	0.128317499356272	0.169	0.139	0.0166743618106942	RPS6KB1	c3
4.97984116292613e-07	0.180907600419923	0.123	0.098	0.0167013912922217	MTF1	c3
5.04981806356521e-07	-1.04074971040883	0.011	0.022	0.016936079821585	NCAM1	c3
5.14064344598462e-07	0.215847256855743	0.078	0.059	0.0172406899891432	DNAJC16	c3
5.15380836862533e-07	0.114028998666639	0.319	0.275	0.0172848425066956	UBLCP1	c3
5.15720345445234e-07	0.503027665663505	0.031	0.02	0.0172962289455423	YOD1	c3
5.20233088891114e-07	0.111693057548551	0.262	0.222	0.0174475773352302	MBD4	c3
5.20376856036402e-07	0.155883400472135	0.416	0.365	0.0174523989977489	SDF2L1	c3
5.20410950047504e-07	0.352075172918295	0.053	0.038	0.0174535424426932	GRAMD4	c3
5.20749642045155e-07	0.177296930090036	0.116	0.092	0.0174649014949104	R3HCC1L	c3
5.23443064850366e-07	0.168324936140433	0.096	0.075	0.0175552335089516	SPATA2L	c3
5.23657438058929e-07	0.157551929887115	0.084	0.064	0.0175624231576204	C11orf71	c3
5.26812239690628e-07	0.101950464425178	0.202	0.168	0.0176682288947443	LAMP2	c3
5.26816835551321e-07	-0.558961350646971	0.122	0.143	0.0176683830307202	VAT1	c3
5.27662169411529e-07	-0.387460301482673	0.11	0.134	0.0176967338377239	SLC43A3	c3
5.28404723638809e-07	0.118291172037722	0.184	0.153	0.0177216376213984	KCTD20	c3
5.34410009829455e-07	0.138860318326885	0.161	0.132	0.0179230429096603	CPSF1	c3
5.44247129987508e-07	0.290351003617322	0.067	0.05	0.018252960245521	CASP9	c3
5.61541364222361e-07	-0.970476225406596	0.017	0.029	0.0188329742732896	OGFRL1	c3
5.76836849020518e-07	-0.568639143697724	0.037	0.054	0.0193459542424501	INAFM1	c3
5.7811851579793e-07	-0.250675912698173	0.372	0.385	0.019388938782831	MESD	c3
5.82759251154969e-07	0.186766088881805	0.074	0.056	0.0195445797652354	AL135925.1	c3
5.91480273472447e-07	-1.24345043585136	0.012	0.023	0.0198370654117189	AF213884.3	c3
6.06566073512541e-07	0.122032575295573	0.192	0.16	0.0203430129734636	KIDINS220	c3
6.13803500908483e-07	-1.02374109776777	0.014	0.026	0.0205857418134687	KLHL25	c3
6.16227561571911e-07	-1.16809571859851	0.018	0.031	0.0206670399599987	HIST1H2AJ	c3
6.17260964330905e-07	0.13472543702741	0.083	0.063	0.0207016982217299	SLC35E2A	c3
6.19430350365217e-07	-0.173951904099864	0.696	0.68	0.0207744550905486	SQSTM1	c3
6.26126109547012e-07	-0.919351868969856	0.034	0.049	0.0209990174619877	IRS2	c3
6.26375341257773e-07	0.112375297788379	0.129	0.104	0.0210073761951032	ECPAS	c3
6.30029893534494e-07	0.35406060031415	0.046	0.032	0.0211299425693599	KIAA0753	c3
6.38109308554719e-07	0.745054821180105	0.026	0.016	0.0214009099903082	SCARB1	c3
6.40100814582897e-07	-1.27257131458265	0.01	0.02	0.0214677011194812	ZNF784	c3
6.4500992526401e-07	-0.640803289344555	0.042	0.059	0.0216323428735044	MSTO1	c3
6.46415894840407e-07	-1.4850849745396	0.073	0.055	0.0216794962811576	IGHV1-3	c3
6.46909825363621e-07	-1.02686980026777	0.019	0.032	0.0216960617230451	ZNF573	c3
6.56735613635938e-07	-0.445464994069925	0.174	0.195	0.0220255990101221	TRMT1	c3
6.70569948613546e-07	0.16827150151037	0.119	0.095	0.0224895749366011	PGGT1B	c3
6.73171157636721e-07	-0.627749932178219	0.01	0.02	0.0225768142848203	POLE2	c3
6.77085075372315e-07	0.128524151027025	0.146	0.118	0.0227080792578367	THAP6	c3
6.83071592600862e-07	0.641091900176471	0.055	0.04	0.0229088550726477	CDCA7L	c3
6.88294871840683e-07	-0.7668923872583	0.042	0.059	0.0230840334117928	GAA	c3
6.91256921097422e-07	0.323669723728794	0.054	0.039	0.0231833746197653	ZNF45	c3
7.03233862709332e-07	0.111359159996645	0.193	0.161	0.0235850572875456	PRKRIP1	c3
7.06957617463156e-07	0.193819011790992	0.116	0.093	0.0237099445744793	ELMOD2	c3
7.10156236737556e-07	0.379804442751241	0.049	0.035	0.0238172198677042	ZNF34	c3
7.15289312138613e-07	0.376737499830121	0.084	0.066	0.0239893729505048	CCP110	c3
7.16865865961958e-07	-0.467794772485068	0.129	0.152	0.0240422474126321	ZNF506	c3
7.17598647213419e-07	-0.496098052485511	0.116	0.139	0.0240668234302436	HSD17B8	c3
7.34286051905915e-07	-2.27396831040175	0.003	0.01	0.0246264856088206	MAGI3	c3
7.3793105365779e-07	-0.596864439897995	0.04	0.057	0.024748731677575	PARP2	c3
7.4445391375048e-07	-0.389094321974297	0.205	0.227	0.0249674953593636	MTHFS	c3
7.60697814109225e-07	-0.818983467578072	0.026	0.04	0.0255122832895952	AC103591.3	c3
7.62400025241623e-07	-1.30750423877729	0.014	0.025	0.0255693720465536	TCTN1	c3
7.66325135569199e-07	-1.77495738101781	0.007	0.016	0.0257010123967198	PLEKHG4	c3
7.71526025319414e-07	-0.682552727001316	0.026	0.04	0.0258754398371625	TAF1A	c3
7.79943552151513e-07	-0.311472648927465	0.012	0.023	0.0261577468520574	C21orf58	c3
7.84161562667686e-07	-0.967441029511347	0.023	0.036	0.0262992104887489	AC245014.3	c3
7.9367966626179e-07	0.48731477173949	0.068	0.052	0.0266184286470879	TRBV7-2	c3
7.94973375586453e-07	0.385615059380028	0.039	0.027	0.0266618170704185	LRRC37B	c3
8.00164310224946e-07	-0.75068764457931	0.026	0.041	0.0268359106363243	TSEN2	c3
8.01096232491281e-07	-1.42843090237592	0.008	0.018	0.0268671654452926	ULK2	c3
8.08054699562004e-07	-1.41182456147769	0.007	0.017	0.0271005385139105	GAS2L1	c3
8.13484189034031e-07	-0.702803839284497	0.048	0.065	0.0272826327318233	MTAP	c3
8.25771527613419e-07	0.440497030038421	0.048	0.034	0.0276947254930988	AC060780.1	c3
8.26301151197606e-07	-0.76656097283185	0.027	0.042	0.0277124880088653	DDX31	c3
8.33852616807983e-07	-0.413695913849797	0.136	0.16	0.0279657490625061	RMDN3	c3
8.35932403456047e-07	-0.326457699870293	0.242	0.264	0.0280355009471089	IMP4	c3
8.38154142179031e-07	0.145959427641412	0.154	0.127	0.0281100136204004	ATAD2	c3
8.4265165735216e-07	0.351581741511384	0.051	0.037	0.0282608512842767	RBM27	c3
8.43184011666821e-07	-0.168888441784399	0.568	0.562	0.0282787053832818	MATR3.1	c3
8.60419880079663e-07	-0.257197609794935	0.299	0.321	0.0288567619381117	SND1	c3
8.75658784962236e-07	0.339648218376142	0.034	0.023	0.0293678443300635	AC005332.7	c3
8.78729326134971e-07	0.335107839466911	0.049	0.035	0.0294708241399146	GPD2	c3
8.87177876057737e-07	0.838973442980049	0.017	0.009	0.0297541716072244	SND1-IT1	c3
8.92598146971796e-07	-0.74554832550831	0.038	0.054	0.0299359566531401	VKORC1	c3
8.94219633994158e-07	0.155719794746826	0.132	0.107	0.0299903380848961	IFFO1	c3
8.95133289146428e-07	0.167937174996399	0.145	0.119	0.0300209802513929	NCBP1	c3
9.01146519203192e-07	0.173655056553173	0.181	0.152	0.0302226519610367	UBA5	c3
9.07281106050635e-07	0.293386928432696	0.079	0.06	0.0304283937347262	XPO5	c3
9.15201442081474e-07	-1.05290530735586	0.018	0.03	0.0306940259645285	ANKEF1	c3
9.15961507818574e-07	-0.514609438530318	0.074	0.094	0.0307195170492193	DHRS13	c3
9.18730009976692e-07	-1.16948833886739	0.003	0.011	0.0308123670745983	RIBC2	c3
9.21248762598468e-07	-0.528005965039271	0.081	0.102	0.0308968410000274	TSR1	c3
9.26004475724757e-07	0.104276838488019	0.211	0.177	0.0310563381068569	LUC7L	c3
9.27226718783614e-07	0.174956739937842	0.112	0.089	0.0310973296945649	KIAA0586	c3
9.27557717486473e-07	-2.12808407506011	0.003	0.01	0.0311084307290613	IGFBP6	c3
9.2905690261085e-07	0.196701707739857	0.163	0.136	0.0311587103997627	CGAS	c3
9.42988049394067e-07	0.128919668258111	0.249	0.212	0.0316259332005782	PLPBP	c3
9.43549186965639e-07	-0.432722662981362	0.183	0.205	0.0316447526324536	ZNF831	c3
9.45196744063187e-07	0.114869776553276	0.209	0.175	0.0317000084023912	ARFGEF1	c3
9.47103121743096e-07	1.14613182279966	0.011	0.005	0.0317639444970199	AC003102.1	c3
9.47252013421686e-07	0.10879417307662	0.106	0.084	0.0317689380261365	SMPD2	c3
9.4786727111303e-07	0.182175036073025	0.133	0.108	0.0317895725385888	PPFIA1	c3
9.49555614951154e-07	1.04299136663733	0.013	0.006	0.0318461962142318	RFX3-AS1	c3
9.55796055286605e-07	0.175787607368229	0.083	0.064	0.0320554881022022	BBS4	c3
9.60028159095959e-07	0.241448497003281	0.094	0.074	0.0321974243997603	SEC24A	c3
9.67483024369399e-07	0.716381982181813	0.021	0.013	0.0324474456713009	TRBJ2-1	c3
9.70900275345489e-07	0.106267104559004	0.291	0.251	0.032562053434537	GARS	c3
9.83315607700909e-07	0.218425273216493	0.099	0.078	0.0329784388510731	MTIF2	c3
9.9091965719502e-07	0.692129438511203	0.018	0.01	0.0332334634630066	IFITM10	c3
1.00458398704288e-06	0.902930968317812	0.016	0.009	0.033691737757444	ATL1	c3
1.00672157052097e-06	-1.15062852199164	0.01	0.021	0.0337634280321322	EEF1AKMT3	c3
1.01192910794947e-06	0.155685801388457	0.13	0.106	0.0339380784224095	ANKRD54	c3
1.02455494014472e-06	0.282954320895565	0.063	0.047	0.0343615235825735	ACOX3	c3
1.03729108886992e-06	0.320092045864671	0.061	0.046	0.0347886685385192	SLX1B	c3
1.03847861545269e-06	0.419015522625518	0.057	0.042	0.0348284958050523	FAM111A-DT	c3
1.0544272924768e-06	-2.1902351584227	0.003	0.01	0.0353633825350871	EFCAB13	c3
1.06133635403907e-06	-1.73080849771525	0.003	0.01	0.0355950986417624	LINC01353	c3
1.06238181722057e-06	-0.453755981973025	0.131	0.154	0.0356301613859435	P2RX4	c3
1.07090737574914e-06	-1.36345188243715	0.006	0.015	0.0359160915678747	PPP2R3B	c3
1.0729000144024e-06	-0.595004431971415	0.06	0.079	0.0359829206830277	NARS2	c3
1.07648206503684e-06	0.902963366391857	0.013	0.007	0.0361030554972057	AC008915.2	c3
1.07979907778527e-06	0.143590712724666	0.119	0.096	0.0362143014707624	UGGT1	c3
1.10445913041184e-06	0.15730740513429	0.116	0.093	0.0370413503157521	PYGB	c3
1.10545770899485e-06	-0.721472742562458	0.023	0.036	0.0370748406442693	HYLS1	c3
1.11454493215276e-06	0.286739379757731	0.081	0.063	0.0373796079345394	ANKMY2	c3
1.11912645539088e-06	0.294366812313012	0.069	0.052	0.0375332630608995	CBR4	c3
1.12572685057729e-06	0.830653388439282	0.011	0.005	0.0377546271146611	CELSR2	c3
1.14562452217251e-06	0.648738945643177	0.02	0.012	0.0384219552246217	MROH6	c3
1.15404167912425e-06	0.582190233922543	0.023	0.014	0.0387042498344691	C3orf62	c3
1.16778256209012e-06	-0.974476293993609	0.018	0.03	0.0391650915673786	FADS3	c3
1.16922057860306e-06	0.155585220115181	0.092	0.072	0.0392133197651896	IDNK	c3
1.18598615313332e-06	0.699453943261979	0.031	0.02	0.0397756036037852	KPTN	c3
1.18740737253651e-06	0.258590003193166	0.053	0.039	0.0398232684601293	TERF2	c3
1.19026771277882e-06	0.411168075414977	0.021	0.012	0.0399191985511759	ADAMTS6	c3
1.19718998317806e-06	0.961584184867883	0.01	0.005	0.0401513576558256	SOX12	c3
1.2000067984829e-06	-0.343023570007329	0.18	0.204	0.0402458280075194	SRPRB	c3
1.20263780279827e-06	-0.437422405664557	0.042	0.059	0.0403340666302483	RORC	c3
1.20378760895137e-06	0.179845940110407	0.124	0.101	0.0403726288290111	SPIN1	c3
1.21485134354795e-06	0.166516151773993	0.15	0.124	0.0407436843599112	NXF1	c3
1.22646534298423e-06	-0.422617652790775	0.135	0.158	0.041133194673005	CRLS1	c3
1.2278601839637e-06	0.553188884233208	0.027	0.017	0.0411799748497746	AC103691.1	c3
1.2323294759563e-06	-1.02075361616857	0.017	0.029	0.0413298659646223	AL022157.1	c3
1.23265430271935e-06	-0.91675037671615	0.015	0.026	0.0413407600046014	FNTB	c3
1.23433766279994e-06	0.231534588566972	0.051	0.037	0.0413972165349844	ERICH6-AS1	c3
1.2411240316583e-06	0.222468471549863	0.121	0.098	0.0416248177737562	ZNF362	c3
1.26434577622137e-06	0.100546587785004	0.246	0.209	0.0424036286429125	GMPR2	c3
1.26465969904253e-06	0.548733617484513	0.017	0.01	0.0424141569864883	FBXO36	c3
1.27359234516658e-06	0.406356946130639	0.05	0.036	0.0427137400721967	ZKSCAN5	c3
1.27502768462356e-06	0.116658402069006	0.239	0.204	0.0427618784869048	CTBP1	c3
1.28687387967883e-06	0.291241497425894	0.093	0.073	0.0431591761766685	LXN	c3
1.28892431095099e-06	-1.25297584115906	0.018	0.03	0.0432279435406744	TRAV41	c3
1.32862162538729e-06	0.111096952372964	0.168	0.139	0.044559312072239	ESYT2	c3
1.35436827774158e-06	-0.558940021866247	0.085	0.106	0.0454228032988971	NAF1	c3
1.35658958435808e-06	-1.4902720897636	0.005	0.014	0.0454973014802013	RHOD	c3
1.36105342008977e-06	-0.437447335682997	0.183	0.204	0.0456470096029706	KLF12	c3
1.37564441108008e-06	0.178294619383309	0.104	0.082	0.0461363622588038	LINC00476	c3
1.37842159625609e-06	-1.22659646069616	0.009	0.018	0.0462295034952369	ZNF879	c3
1.41586944465536e-06	-1.06092908302934	0.02	0.033	0.0474854294348515	AC005842.1	c3
1.42497876037401e-06	0.265263654682999	0.062	0.046	0.0477909376654234	CASD1	c3
1.42554632858373e-06	0.176121462799374	0.132	0.108	0.0478099727680411	TMEM42	c3
1.4515653247181e-06	0.240850844256623	0.101	0.08	0.0486825978603957	IFIH1	c3
1.45778812562078e-06	-0.297722448375703	0.297	0.313	0.0488912981570697	VPS35	c3
1.46303983524348e-06	0.286340236694883	0.082	0.063	0.049067429994396	CUL4B	c3
1.46311241381246e-06	0.139658415174407	0.302	0.262	0.0490698641344424	CTCF	c3
1.46753799131398e-06	0.153631200355985	0.163	0.136	0.0492182891526884	FTSJ3	c3
1.47501536396658e-06	-0.692835866067911	0.024	0.038	0.0494690652767112	ZNF232	c3
1.50669498818781e-06	-1.82002520157266	0.022	0.035	0.0505315365138429	HIST1H1B	c3
1.51868834199928e-06	0.184338847093267	0.183	0.154	0.0509337696139718	RAVER1	c3
1.52200529105103e-06	-1.1058505903463	0.017	0.029	0.0510450134512694	ERRFI1	c3
1.52401932939916e-06	0.142269670593063	0.074	0.057	0.0511125602693889	ETV7	c3
1.53506847953633e-06	0.377126455790174	0.049	0.035	0.0514831266666893	FRAT1	c3
1.53839726755545e-06	-0.55795115980429	0.011	0.022	0.0515947675592746	GINS3	c3
1.5461907671295e-06	0.427881013364583	0.16	0.137	0.0518561459479892	CSF1	c3
1.5547779849213e-06	-0.264247773739729	0.377	0.388	0.0521441440582905	UFM1	c3
1.57404809072088e-06	0.279444599054094	0.059	0.044	0.0527904248665968	SLX4IP	c3
1.58545663844048e-06	0.212446037377446	0.072	0.055	0.0531730447400169	ABCD1	c3
1.61663375443577e-06	-1.04738371929546	0.013	0.024	0.0542186628562667	LCMT2	c3
1.63742155957407e-06	-0.1112413805867	0.889	0.864	0.0549158442649952	CALM2	c3
1.63794326629937e-06	0.327478329176933	0.089	0.07	0.0549333412651483	BORCS8	c3
1.64350972190947e-06	-1.20751265556799	0.008	0.017	0.0551200290533998	GCAT	c3
1.64831993279776e-06	-1.00479999740488	0.023	0.035	0.0552813539061712	SLC27A1	c3
1.66612407152565e-06	-0.514713477045267	0.08	0.101	0.0558784691108272	PAK1IP1	c3
1.67080359802176e-06	-0.315895584564527	0.191	0.216	0.0560354110704536	FBXL3	c3
1.68921395672398e-06	-1.52597948374796	0.006	0.014	0.056652857680609	AC006299.1	c3
1.69388208704847e-06	-1.75359972343796	0.005	0.013	0.0568094174354316	YPEL4	c3
1.69789536741291e-06	0.100691785039488	0.206	0.174	0.056944014832294	NUFIP2	c3
1.7010203035871e-06	-0.532745257350696	0.032	0.047	0.057048818941704	COPRS	c3
1.71126116491827e-06	0.120079301827201	0.149	0.123	0.0573922769490288	COG3	c3
1.71425586128781e-06	0.286623488719109	0.053	0.039	0.0574927130758705	TMED7	c3
1.71631187496413e-06	-1.35787346078103	0.008	0.017	0.0575616676625469	DTWD2	c3
1.72102641834627e-06	-0.581972538072862	0.054	0.072	0.0577197840184973	MICA	c3
1.73136415031063e-06	0.201644390970792	0.109	0.087	0.0580664908731179	RAD17	c3
1.73302195495857e-06	0.319487154839326	0.085	0.066	0.0581220903254007	ARMC7	c3
1.77377400697036e-06	0.542165128346649	0.023	0.014	0.0594888326457718	LINC01004	c3
1.78309860204127e-06	-0.814017996668067	0.035	0.05	0.0598015609152601	RAB3A	c3
1.7890618748868e-06	1.25428431100537	0.012	0.006	0.0600015571599536	INAVA	c3
1.78943440421838e-06	-1.17565254777575	0.011	0.021	0.060014051048676	ZNF347	c3
1.79738635805918e-06	-1.50547243087948	0.007	0.016	0.0602807436765888	AL445686.2	c3
1.79848547901847e-06	-0.434949605995565	0.163	0.185	0.0603176059953215	IMPDH1	c3
1.80049588418414e-06	0.241808387359375	0.058	0.043	0.0603850309637677	FBXW4	c3
1.81409976112355e-06	0.352158113155582	0.047	0.033	0.0608412777885617	STXBP5	c3
1.83904080475298e-06	0.402614034215232	0.045	0.032	0.0616777505098055	UTP14C	c3
1.85164078654999e-06	0.110310356177519	0.172	0.143	0.0621003286993136	MBD6	c3
1.8672642765424e-06	0.115184409864858	0.124	0.101	0.0626243093066789	MPI	c3
1.88346555876241e-06	0.294409568602071	0.047	0.033	0.0631676679097736	ZBTB37	c3
1.90994804119825e-06	0.292984189281837	0.049	0.036	0.064055837405707	STXBP4	c3
1.93073876235107e-06	0.655536092727956	0.022	0.013	0.0647531166117301	GCC2-AS1	c3
1.94659958551887e-06	0.147293111197964	0.098	0.077	0.0652850568991317	ZNF227	c3
1.97960688552276e-06	-1.13491559156274	0.013	0.023	0.0663920557266623	FP671120.4	c3
1.99236548083227e-06	-1.02579401289036	0.025	0.038	0.0668199534961528	AC010422.3	c3
2.00243203258095e-06	-0.883020267225911	0.024	0.037	0.0671575655086999	AC025171.3	c3
2.00648071851259e-06	-0.363535955723648	0.173	0.196	0.0672933503374753	WDR46	c3
2.02568724649596e-06	-0.37804437427993	0.111	0.134	0.0679374988729813	UQCC3	c3
2.07553586143116e-06	-0.526921316203536	0.035	0.05	0.0696093217206783	SLC25A19	c3
2.10730811708175e-06	0.786185232119427	0.011	0.006	0.0706748996306879	TBX19	c3
2.13278722071852e-06	-0.819070621368485	0.037	0.053	0.0715294178084577	MAFG	c3
2.13909138522759e-06	-0.662925448066565	0.067	0.085	0.0717408468777628	SPAG16	c3
2.14463981081292e-06	0.116737584824511	0.094	0.074	0.0719269299750436	APH1B	c3
2.18041477599725e-06	-0.377660232829497	0.164	0.187	0.0731267507573957	MPHOSPH6	c3
2.18573622199968e-06	-1.48332153481737	0.005	0.013	0.0733052214134252	AC007952.4	c3
2.18646529173908e-06	0.524837291018428	0.026	0.017	0.0733296729543453	INO80B	c3
2.19723711966061e-06	-0.635439776523981	0.058	0.075	0.0736909385191777	TTC27	c3
2.21370844831033e-06	0.399774130650267	0.02	0.012	0.0742433539394319	MAP3K10	c3
2.22210443114057e-06	-0.560800328836635	0.048	0.065	0.0745249384115924	ZMYM1	c3
2.23295065608545e-06	0.90968179864316	0.018	0.01	0.0748886991037939	HOXB7	c3
2.24149970984357e-06	0.368559781994407	0.038	0.027	0.0751754172687338	ZNF8	c3
2.26398017262939e-06	0.149487951593824	0.1	0.079	0.0759293670296446	TDRD3	c3
2.26944442807522e-06	-0.442462992579792	0.024	0.038	0.0761126272287867	CIP2A	c3
2.27675536371288e-06	-0.422833775866455	0.079	0.099	0.0763578213882025	TUBG1	c3
2.29661906979957e-06	-1.26681781462564	0.01	0.019	0.077024010362938	AMIGO1	c3
2.34964734182975e-06	0.218620458895499	0.073	0.056	0.0788024725502861	ZNF740	c3
2.35393986266408e-06	1.15592923561327	0.013	0.007	0.078946435114028	GPR27	c3
2.35713293942336e-06	0.152755654864382	0.133	0.109	0.0790535245223807	ALDH18A1	c3
2.36437705064728e-06	0.323161558632048	0.04	0.028	0.0792964775246084	NMNAT1	c3
2.38554877941575e-06	0.224252250332118	0.102	0.081	0.0800065349640456	GTF3C3	c3
2.40956308449986e-06	-0.214757201662746	0.439	0.442	0.0808119267279562	SERINC1	c3
2.4144004189069e-06	-0.424486055879871	0.151	0.173	0.0809741612492997	ACAT1	c3
2.43612765407724e-06	1.09170801532565	0.01	0.005	0.0817028492624425	RARA-AS1	c3
2.44014423362244e-06	-0.397335774302574	0.193	0.214	0.0818375573072295	UBXN11	c3
2.45693414269612e-06	-1.42162624376312	0.008	0.016	0.0824006572777424	NADK2	c3
2.49319823119533e-06	0.228945376174048	0.065	0.049	0.083616882277829	SMCR8	c3
2.49858948987221e-06	0.332309720558298	0.05	0.036	0.0837976943113342	ARIH2OS	c3
2.50944011199002e-06	-0.447822145888145	0.12	0.142	0.0841616024759212	ACSL3	c3
2.52955595951825e-06	-1.09141803886744	0.015	0.026	0.084836247770323	SERPINB8	c3
2.56926310542432e-06	0.224724872700951	0.091	0.072	0.0861679460297209	BTBD7	c3
2.59232932244274e-06	-0.557108996835737	0.044	0.061	0.0869415408160845	BCS1L	c3
2.59874018397795e-06	0.182143059736052	0.112	0.09	0.0871565482902525	GPR137	c3
2.60858815456613e-06	-0.946917181350731	0.019	0.031	0.0874868295278389	AC136475.3	c3
2.63565855219058e-06	0.35826037958805	0.052	0.038	0.0883947165233676	ZBTB49	c3
2.69619206042035e-06	0.206044729732296	0.114	0.092	0.0904248893223776	NOL10	c3
2.73772255762139e-06	0.138929681929066	0.089	0.069	0.0918177391375061	EIF3J-DT	c3
2.79478338507526e-06	0.242908361118852	0.094	0.074	0.0937314451686541	APAF1	c3
2.85386344893599e-06	0.232244599484504	0.085	0.067	0.0957128723504152	UBE2O	c3
2.85777083825192e-06	-0.49821638200208	0.039	0.055	0.0958439183732928	DONSON	c3
2.89117482718318e-06	0.175890336013429	0.151	0.126	0.0969642213540696	ZCCHC8	c3
2.89590691635335e-06	0.226464235371951	0.063	0.048	0.0971229261606588	STK11	c3
2.90261758977977e-06	0.263056676120276	0.078	0.06	0.0973479887260341	LZTS2	c3
2.90484156780021e-06	-0.660506959317544	0.026	0.04	0.0974225765008834	SGCB	c3
2.96008652269471e-06	-0.487169319119428	0.079	0.099	0.099275381798135	SEH1L	c3
3.03580518336698e-06	0.557817043814751	0.019	0.011	0.101814834239762	CASTOR3	c3
3.0360260235172e-06	0.605070174426045	0.011	0.006	0.10182224077672	Z82188.2	c3
3.0763132727297e-06	-0.39167656672711	0.125	0.147	0.103173394540809	CDCA4	c3
3.10199971937389e-06	-1.08761703379854	0.012	0.022	0.104034866588362	ZNF616	c3
3.10294941172277e-06	-0.433303743098586	0.165	0.185	0.104066717370358	PTTG1IP	c3
3.14009326208862e-06	0.14912960429614	0.154	0.128	0.105312447823928	FAM217B	c3
3.17864176250781e-06	-0.62966103099663	0.055	0.072	0.106605287430987	SPICE1	c3
3.2000686514695e-06	0.107330168729108	0.14	0.115	0.107323902432984	ETFDH	c3
3.20260246469958e-06	0.143756911823758	0.143	0.118	0.107408881461095	CEP63	c3
3.20955493698984e-06	0.140636755508243	0.107	0.085	0.107642053476765	PDSS2	c3
3.29443872539658e-06	0.332867866483986	0.074	0.057	0.110488885972351	ZNF689	c3
3.30720309212252e-06	0.191835760454277	0.101	0.081	0.110916977303605	USP19	c3
3.31430321146165e-06	0.314243339905232	0.036	0.025	0.111155101106001	ZNF615	c3
3.31939107954635e-06	0.176913303646263	0.129	0.106	0.111325738025826	NCALD	c3
3.36812855419723e-06	0.174137681427835	0.094	0.074	0.112960295450667	GTF2H4	c3
3.37823631679791e-06	-0.721776249378125	0.038	0.053	0.113299289592768	PIAS2	c3
3.39189986718829e-06	0.5354675786786	0.024	0.015	0.113757537745761	AP002990.1	c3
3.41465218651949e-06	0.157479328381021	0.132	0.108	0.114520605031491	FKBP15	c3
3.43015749722676e-06	0.917966005842649	0.013	0.007	0.115040622141991	E2F5	c3
3.46328735945805e-06	0.249168590968002	0.087	0.069	0.116151731461504	MYO19	c3
3.53937259717992e-06	0.290821015427659	0.05	0.036	0.11870347816422	C7orf31	c3
3.54504674938515e-06	-1.13852609876417	0.01	0.02	0.118893777880879	FGFBP3	c3
3.56942754516123e-06	-0.484783482618566	0.02	0.033	0.119711461009617	MASTL	c3
3.56944061678401e-06	-0.12518034670931	0.724	0.7	0.119711899405702	NDUFB2	c3
3.61842007427281e-06	0.633035852073737	0.016	0.009	0.121354572450962	PAX8	c3
3.65012692112342e-06	0.513965653917538	0.014	0.008	0.122417956680637	AC011450.1	c3
3.66031240139171e-06	-0.286200262891485	0.426	0.428	0.122759557317875	CDK17	c3
3.68380413352941e-06	-2.13320753946849	0.008	0.016	0.123547423030309	EBI3	c3
3.74000517756624e-06	0.118236455510108	0.166	0.138	0.125432293645216	METTL14	c3
3.74421314205285e-06	0.107766869543013	0.191	0.161	0.125573420358168	DNAJB2	c3
3.74508354542306e-06	0.152239402042442	0.146	0.122	0.125602611946398	L3MBTL2	c3
3.74540211447322e-06	-0.275146336735239	0.338	0.355	0.125613296115203	SLC38A2	c3
3.82331609941961e-06	0.13179821866459	0.159	0.133	0.128226375342335	COIL	c3
3.84748625244693e-06	0.39784684927441	0.025	0.016	0.129036993934565	DPY19L3	c3
3.88234282675986e-06	-0.432334753747362	0.129	0.15	0.130206013723872	EXOSC5	c3
3.91305077796649e-06	0.724711286617282	0.012	0.007	0.13123589699144	LINC02086	c3
3.92707471682002e-06	0.375719899636297	0.056	0.042	0.13170623185271	ZFP1	c3
3.95947614683435e-06	0.223552263087022	0.052	0.038	0.132792911012531	C11orf21	c3
3.96623293318211e-06	0.382674740674764	0.018	0.01	0.133019520113062	AL645568.1	c3
4.02658572278415e-06	0.14703182706227	0.161	0.134	0.135043631970735	CEP95	c3
4.07260423673465e-06	0.135672407988194	0.116	0.094	0.136587000891607	PEX26	c3
4.07448638017374e-06	0.233707791122865	0.079	0.061	0.136650124218267	SRCAP	c3
4.12566904432548e-06	0.205730583028207	0.107	0.087	0.138366688408588	SAP130	c3
4.1467013918856e-06	0.16214413267125	0.093	0.073	0.139072071281059	DTHD1	c3
4.17375155803578e-06	-0.691893010463777	0.016	0.026	0.139979279753404	DHRS11	c3
4.17380982127959e-06	-0.693576980103772	0.035	0.05	0.139981233786075	IPO11	c3
4.20302783565314e-06	0.156810339457547	0.097	0.077	0.140961147552135	CDADC1	c3
4.23749082029055e-06	-0.971549383494482	0.018	0.03	0.142116967130905	PLEKHA8	c3
4.24119370817883e-06	-0.413213187942539	0.144	0.165	0.142241154584902	MUC20-OT1	c3
4.30837363148915e-06	-0.672905081623824	0.013	0.024	0.144494234852883	EFCAB11	c3
4.32998128097461e-06	0.185199208113139	0.085	0.066	0.145218912201327	ZNF529	c3
4.38161253824033e-06	0.180696816791297	0.089	0.07	0.146950521307504	DNAJC13	c3
4.39235886047109e-06	0.195082425320944	0.087	0.069	0.14731093146248	SLC35F5	c3
4.41310743654418e-06	0.355644233869848	0.035	0.024	0.148006797206819	CREB3L4	c3
4.45299010212605e-06	-0.80068786057205	0.025	0.038	0.149344382045103	COQ3	c3
4.45516635381929e-06	0.217847988565351	0.086	0.068	0.149417369174391	UBXN2B	c3
4.46568332308501e-06	-0.501065202466811	0.118	0.138	0.149770087289625	EPM2AIP1	c3
4.47213640199854e-06	0.13873232386857	0.104	0.083	0.149986510650227	PHF8	c3
4.48034707575228e-06	-0.286628136567382	0.185	0.208	0.15026188022658	CYP20A1	c3
4.48061028775025e-06	-0.550717720469785	0.05	0.067	0.150270707830568	GRPEL2	c3
4.53408393771162e-06	-0.560441849468666	0.054	0.071	0.152064107102972	MEPCE	c3
4.53727014397214e-06	-0.627658696087834	0.046	0.062	0.152170966088538	WDR34	c3
4.53758140398821e-06	0.287494574946884	0.044	0.032	0.152181405126957	MOSMO	c3
4.5786144609587e-06	-1.27112016816103	0.011	0.02	0.153557571791633	ZNF483	c3
4.6130884685343e-06	0.937830752374688	0.011	0.005	0.154713761057703	GLB1L	c3
4.65200521443726e-06	-1.45536718582069	0.007	0.015	0.156018950881797	DDX43	c3
4.66260973009946e-06	-0.485941794600855	0.088	0.108	0.156374605128076	LACTB2	c3
4.6759841734297e-06	-0.407524062263481	0.136	0.158	0.156823157208485	NAA15	c3
4.6921183092808e-06	-0.303325585232597	0.296	0.31	0.157364263856659	POP5	c3
4.73704069044627e-06	-0.843266898958685	0.018	0.03	0.158870870676187	POLR3B	c3
4.78873435544202e-06	-0.966421842586056	0.012	0.022	0.160604572812814	HIST1H2AL	c3
4.82787179065193e-06	-0.404211170496146	0.204	0.222	0.161917164114884	NAE1	c3
4.95052838231792e-06	-1.07970135195919	0.007	0.016	0.166030820886178	SMKR1	c3
4.9635803342395e-06	0.2781594824738	0.04	0.028	0.166468557249724	ZNF77	c3
5.02762844640531e-06	0.236906607817465	0.078	0.061	0.168616602835541	HMBS	c3
5.0315846619176e-06	0.148899392152431	0.083	0.065	0.168749286391392	GGACT	c3
5.17722004027811e-06	-0.33740172739742	0.247	0.266	0.173633605710847	ELF2	c3
5.23522948990773e-06	0.172524066461421	0.127	0.104	0.175579126632526	FEM1B	c3
5.27478516230792e-06	-0.447510544788694	0.054	0.072	0.176905744773483	WDR76	c3
5.46739221441707e-06	0.534406605084554	0.029	0.019	0.18336540008712	SERAC1	c3
5.47371072889484e-06	0.117281013675057	0.122	0.099	0.183577310425675	ATR	c3
5.48534241029545e-06	0.80808837660633	0.013	0.007	0.183967413756489	MDK	c3
5.49310501920701e-06	-0.43354688240427	0.15	0.171	0.184227756134165	AGA	c3
5.50876116251005e-06	0.157705497757801	0.13	0.107	0.184752831868262	GDAP2	c3
5.50926943761123e-06	0.290109977276633	0.065	0.05	0.184769878398606	KLHDC10	c3
5.54208962186663e-06	-1.70592752582449	0.004	0.01	0.185870601738163	TPM2	c3
5.54349724924449e-06	0.337240463719252	0.035	0.024	0.185917810745162	AC016876.1	c3
5.57376561180425e-06	0.158482861809608	0.121	0.099	0.186932951088691	FAM210A	c3
5.76367274396085e-06	0.896547556383407	0.01	0.005	0.193302056486959	STAC3	c3
5.81833148296202e-06	-0.145579379290431	0.613	0.601	0.19513520127558	MINOS1	c3
5.82010754732842e-06	0.174253105910916	0.113	0.092	0.195194766922301	ZNF654	c3
5.85471622450872e-06	0.325160350383575	0.071	0.055	0.196355472737573	NDUFAF5	c3
5.8755421349783e-06	0.247338959996257	0.049	0.036	0.197053932122902	PQLC2	c3
5.99572173676128e-06	0.27436763522824	0.073	0.056	0.2010845156075	ERCC2	c3
6.05852548270761e-06	-0.52298569312452	0.072	0.09	0.203190827639048	ZNF14	c3
6.07275470530672e-06	0.262910448615023	0.111	0.091	0.203668047306577	SLC38A5	c3
6.09824323556364e-06	-0.491883391148606	0.126	0.145	0.204522881634333	RAP2B	c3
6.10017187672219e-06	-0.398617277533323	0.027	0.041	0.204587564401509	DCLRE1B	c3
6.15397377464649e-06	-2.01663185570588	0.004	0.01	0.206391972454094	AL080250.1	c3
6.16208815024517e-06	0.108681463914761	0.133	0.11	0.206664112382922	RBM4B	c3
6.18584853883758e-06	0.714405177358178	0.011	0.006	0.207460988295535	AC005288.1	c3
6.31838221385087e-06	-0.586907988915445	0.055	0.071	0.21190590268813	GOLGA8A	c3
6.34031519923788e-06	0.242666927057221	0.082	0.064	0.21264149115204	TEX10	c3
6.35167175100162e-06	0.239724527330159	0.077	0.06	0.213022367185092	NIFK-AS1	c3
6.39127381734218e-06	0.147292318146904	0.161	0.135	0.214350541286022	BTBD10	c3
6.42485045147755e-06	-0.460786874404872	0.124	0.144	0.215476634441654	ORC4	c3
6.49378876107983e-06	0.385007537685587	0.017	0.01	0.217788687469095	PSMD6-AS2	c3
6.50439338758385e-06	-0.762930915925627	0.036	0.05	0.218144345432787	ZNF736	c3
6.52680989309427e-06	-0.370896963258527	0.073	0.093	0.218896150194596	NCAPD3	c3
6.53900374223742e-06	0.182586585592119	0.109	0.089	0.219305107507159	UBE3C	c3
6.53974218931909e-06	0.508540263791114	0.018	0.011	0.219329873545384	AL117379.1	c3
6.55030591989916e-06	0.163700857283309	0.165	0.139	0.219684159941578	PPM1D	c3
6.55203170867689e-06	-6.15818344342257	0.011	0.02	0.219742039445605	IGLV2-14	c3
6.55963843310574e-06	-1.14652010964209	0.015	0.025	0.2199971537695	CCDC122	c3
6.61929202108762e-06	-0.219057720303478	0.559	0.544	0.221997815803237	PRMT2	c3
6.64581837988555e-06	-0.781833481755758	0.007	0.015	0.222887456824601	ERI2	c3
6.75513708822923e-06	0.125585270662107	0.085	0.067	0.226553787665032	PAOX	c3
6.76867515123739e-06	0.251661467370154	0.055	0.041	0.2270078272222	MXRA7	c3
6.83937796316531e-06	-0.682089053547084	0.041	0.056	0.229379058128638	THAP9-AS1	c3
6.89788787280382e-06	0.603871327512466	0.019	0.011	0.231341363478095	PNPLA7	c3
6.97800616722342e-06	-1.51123340938545	0.006	0.013	0.234028370836339	C6orf99	c3
6.99554646705897e-06	-1.34070307406254	0.004	0.01	0.234616637412224	HIST1H4A	c3
7.01733706346276e-06	-0.110057883492885	0.709	0.703	0.235347450434414	RBM3	c3
7.03846182796863e-06	0.107335210577348	0.09	0.071	0.236055932786412	SPATA2	c3
7.14598158786123e-06	-1.35815859668524	0.007	0.014	0.23966193049369	CCDC102B	c3
7.28465332660741e-06	0.181759868736366	0.069	0.053	0.244312703267759	DHX58	c3
7.35895051905229e-06	-1.74080840824141	0.004	0.01	0.246804482507976	CPM	c3
7.43613167208177e-06	-0.384308441385832	0.049	0.066	0.249392984018278	CDK2	c3
7.46598198711874e-06	-1.00005900733336	0.008	0.016	0.250394103883988	HIST1H2AB	c3
7.57065088436255e-06	0.702147175710164	0.013	0.007	0.253904489359751	RAB4B-EGLN2	c3
7.58732595706968e-06	0.76107690585018	0.011	0.006	0.254463737948203	SERPINB9P1	c3
7.66801412690944e-06	-0.517261248151291	0.09	0.109	0.257169857788289	HIST2H2AC	c3
7.66927236779547e-06	0.434832609452434	0.019	0.012	0.257212056671125	FBXO10	c3
7.67754059451501e-06	0.257107650378536	0.08	0.063	0.257489356458844	SMAD7	c3
7.71370275565591e-06	0.108585713593778	0.155	0.129	0.258702163019188	APPBP2	c3
7.75818975134337e-06	0.102130425795043	0.186	0.157	0.260194167880554	EXOC2	c3
7.7617418767141e-06	1.12397591139486	0.013	0.007	0.260313299061237	USP49	c3
7.85308391049146e-06	-0.451163735112236	0.107	0.127	0.263376728190063	WDR75	c3
7.90739130558562e-06	0.172053798938242	0.132	0.11	0.26519808960673	RBM28	c3
7.95591602307627e-06	0.399799437694997	0.055	0.041	0.266825511581932	ELOVL6	c3
8.04305382327521e-06	-0.567567507035809	0.067	0.085	0.269747939125004	AC119396.1	c3
8.2063217029095e-06	-0.855993547840289	0.02	0.031	0.275223617272179	FAN1	c3
8.37192018074621e-06	-0.629010019568693	0.045	0.061	0.280777459021866	WDR53	c3
8.4443330404565e-06	0.679961593479267	0.02	0.012	0.28320604151083	RNFT1-DT	c3
8.44579254348511e-06	-0.202433311030925	0.63	0.615	0.283254990323404	SCML4	c3
8.46433441285094e-06	0.482811553149303	0.028	0.018	0.283876847538195	ACTL10	c3
8.66393588798644e-06	-0.593576026803904	0.041	0.056	0.290571081811289	B3GLCT	c3
8.72107836748631e-06	0.321803888054805	0.03	0.02	0.292487526288756	ZNF20	c3
8.77196806797324e-06	-0.409959236455538	0.181	0.199	0.294194265063686	QTRT1	c3
8.84246845347197e-06	0.194203335650536	0.137	0.114	0.296558706992543	POC1B	c3
8.89355686600837e-06	0.387234054773349	0.036	0.025	0.298272110172189	SLAIN1	c3
8.89407661798684e-06	0.44602113531247	0.036	0.026	0.298289541614043	MTPAP	c3
8.92491062090119e-06	0.139392777705547	0.145	0.121	0.299323652403784	KIAA0232	c3
9.13862891871534e-06	-0.591956178652584	0.05	0.066	0.306491336675875	KAT2A	c3
9.16646231632989e-06	-1.28330248707399	0.005	0.012	0.307424813165072	PLB1	c3
9.16741921561233e-06	-1.00381785341788	0.019	0.03	0.307456905653206	AC111182.1	c3
9.27185285672842e-06	0.934114864896204	0.011	0.006	0.310959401108958	AC091180.2	c3
9.31794124617017e-06	0.115486872763404	0.135	0.111	0.312505113514055	TARBP2	c3
9.3229994028048e-06	-0.659589639306062	0.02	0.032	0.312674753971267	RTTN	c3
9.35640262497074e-06	-0.538631219719364	0.03	0.043	0.313795031236269	CHAC2	c3
9.41990378142504e-06	0.381448339309208	0.032	0.022	0.315924733021433	ZCCHC18	c3
9.71216148696333e-06	0.480612072798524	0.038	0.027	0.325726471949776	SLC12A4	c3
9.75006115809253e-06	0.118934303629136	0.101	0.081	0.326997551120107	GCFC2	c3
9.77987754218276e-06	-0.667005755031442	0.031	0.044	0.327997533009725	LARP1B	c3
9.85109449334955e-06	-0.887176856366255	0.01	0.019	0.330386007117957	CMC4	c3
9.93664883557424e-06	-1.06484601846907	0.008	0.017	0.333255328647489	HIF1A-AS2	c3
1.00105593116095e-05	0.105886370770346	0.144	0.12	0.33573413819276	PARP6	c3
1.00108917498244e-05	-0.872773809968805	0.019	0.03	0.335745287505612	MATN1-AS1	c3
1.00618589530115e-05	0.192672182111684	0.099	0.08	0.3374546255661	GCNT1	c3
1.00639647522135e-05	0.188737319839918	0.114	0.094	0.337525249859735	SMARCAL1	c3
1.01057539205248e-05	0.194428660220284	0.078	0.061	0.338926774986561	AMN1	c3
1.03034298995195e-05	-0.689717883180287	0.061	0.077	0.345556431970084	APBA2	c3
1.03190042900403e-05	0.354638381041345	0.089	0.072	0.346078765879373	SEPHS1	c3
1.03331853745395e-05	-0.158033754941276	0.732	0.715	0.346554371091307	PDCD4	c3
1.03954113733549e-05	0.671126651464278	0.013	0.007	0.348641306639576	ASIC1	c3
1.04705041074825e-05	0.644257939751742	0.017	0.01	0.351159766756748	UBTD1	c3
1.04764152678784e-05	-0.369736311860104	0.084	0.103	0.351358015254105	TUBGCP3	c3
1.05655362650548e-05	0.428420611328877	0.058	0.044	0.354346955257409	ADNP2	c3
1.05693072796181e-05	0.129583597346595	0.144	0.12	0.354473427543831	TCHP	c3
1.06908176962347e-05	0.345893618605202	0.056	0.042	0.358548643896319	SYNGR3	c3
1.06945506251349e-05	0.275231791997299	0.048	0.035	0.358673838865775	DHFR2	c3
1.0786404986555e-05	0.59495182777722	0.021	0.013	0.361754450439083	NBPF10	c3
1.09411353602552e-05	0.452956059215794	0.04	0.029	0.366943797712238	TRIP6	c3
1.09538208715646e-05	-0.509132410169703	0.056	0.073	0.367369244390532	ARL4D	c3
1.096204610054e-05	0.180272286210306	0.093	0.074	0.367645102119911	RAB2B	c3
1.11070041959287e-05	0.242298067784988	0.039	0.028	0.372506706723058	PIK3C2B	c3
1.12370875106559e-05	-0.421554059662396	0.126	0.146	0.376869440932376	ATL3	c3
1.13977239416699e-05	0.223677582052578	0.063	0.049	0.382256865555726	SLC38A6	c3
1.1445818817325e-05	0.131195419730628	0.107	0.086	0.383869871495447	ZNF841	c3
1.14805566868365e-05	-1.04895522417467	0.031	0.044	0.385034910163124	HIST1H2AI	c3
1.15008295385744e-05	0.273106861206867	0.094	0.076	0.385714821064708	CHCHD4	c3
1.15963787321885e-05	0.591365218468225	0.025	0.016	0.388919349920138	HIST2H2BE	c3
1.17070691175243e-05	0.771447642228535	0.017	0.01	0.39263168406353	TRAV34	c3
1.17128387715444e-05	-0.384175511805833	0.164	0.184	0.392825186720055	PLEC	c3
1.19749126965784e-05	0.418574795808235	0.054	0.041	0.401614622017846	SLC31A1	c3
1.20865747080663e-05	0.501550247559173	0.024	0.016	0.405359542559129	CCDC120	c3
1.21235048959584e-05	0.25385076947057	0.048	0.036	0.406598107200652	SPOPL	c3
1.21308404002914e-05	0.119890021527767	0.177	0.151	0.406844125344972	ABHD12	c3
1.22197935272887e-05	-1.68210341303244	0.004	0.01	0.409827435318208	ZNF763	c3
1.23413098661174e-05	0.202268338508396	0.091	0.073	0.413902850289845	SRGAP2C	c3
1.23628905461968e-05	0.236981617707288	0.054	0.041	0.414626623138347	ZNF197	c3
1.23960192785445e-05	0.177034429377719	0.071	0.055	0.415737694563824	DCAF17	c3
1.24399451650336e-05	-0.534993958438855	0.056	0.073	0.417210880944897	ZNF680	c3
1.24741372988795e-05	0.571648687795908	0.017	0.01	0.418357616729822	AL109955.1	c3
1.27525549107805e-05	-0.480703569065863	0.09	0.108	0.427695186597756	HSDL2	c3
1.28119889075801e-05	-0.146734936588622	0.671	0.649	0.429688483982422	SELENOW	c3
1.28371788201114e-05	0.122950833892241	0.082	0.065	0.430533303268896	TMEM120B	c3
1.28395716690092e-05	-0.619176637337946	0.045	0.06	0.43061355463523	TMEM64	c3
1.28830017876282e-05	0.104241945971472	0.095	0.076	0.432070113953475	LMBRD2	c3
1.29021414547286e-05	0.337437401665407	0.036	0.025	0.432712020108687	SLC27A4	c3
1.30837519434583e-05	-1.03651284378982	0.017	0.028	0.438802872679705	ZNF528	c3
1.33960294906328e-05	-1.15427714513951	0.005	0.012	0.449276037056842	NHSL2	c3
1.34544206904099e-05	-0.621900560931884	0.043	0.058	0.451234361114967	FAM102B	c3
1.34724355633504e-05	0.117166419566692	0.095	0.076	0.451838543923647	TRIM23	c3
1.35013653759854e-05	-0.609788779468229	0.041	0.055	0.452808791979797	CCDC86	c3
1.35614596923007e-05	-0.798089868082319	0.018	0.029	0.45482423516038	MACROD1	c3
1.36851431214941e-05	0.296549252193545	0.087	0.07	0.458972330008669	CLPTM1L	c3
1.37274747171763e-05	-0.438011256687402	0.156	0.175	0.460392047064658	IL4R	c3
1.37477886778803e-05	0.101462045373573	0.18	0.152	0.461073336678749	MAN2B2	c3
1.37667231857265e-05	0.181037086107023	0.083	0.066	0.461708362202896	FRS2	c3
1.376881799438e-05	0.831333346322262	0.014	0.008	0.461778617895518	ZNF777	c3
1.38050637418505e-05	0.415707786562308	0.065	0.051	0.462994227774183	AKAP2	c3
1.39411787609042e-05	-0.455594808109672	0.102	0.121	0.467559253283206	THAP5	c3
1.40534855944341e-05	0.119953867311079	0.132	0.109	0.471325799866129	TNKS	c3
1.42183237237018e-05	0.173226421115008	0.147	0.124	0.476854141045512	GSR	c3
1.42506378432637e-05	-0.324875788338444	0.228	0.246	0.477937891987379	TVP23B	c3
1.45728971282338e-05	0.247413963617217	0.034	0.023	0.488745823886704	ZNF440	c3
1.46915401926712e-05	-1.31015055162173	0.008	0.016	0.492724874981806	NAP1L2	c3
1.47324967054116e-05	0.129280213942645	0.086	0.068	0.494098474506093	ZSCAN26	c3
1.48658801875069e-05	0.483290636220766	0.026	0.017	0.498571889728608	AC009133.3	c3
1.51147613857994e-05	-1.41007154622503	0.006	0.013	0.506918867356941	LIPT2	c3
1.5151329186771e-05	-0.845605079912082	0.069	0.085	0.508145278265927	FUCA1	c3
1.52132746140821e-05	-0.702643434329203	0.053	0.068	0.510222804007084	BTBD9	c3
1.52158915062559e-05	0.16820977534969	0.144	0.121	0.510310569336809	ELMO2	c3
1.53182988251179e-05	-0.361100744523986	0.224	0.241	0.513745105996803	IPCEF1	c3
1.53187936422836e-05	0.203990116050724	0.142	0.12	0.513761701174907	GPANK1	c3
1.53952962152642e-05	-0.977886598943234	0.02	0.031	0.516327444467531	PRRT3	c3
1.54083858718526e-05	0.232848540392211	0.075	0.059	0.516766445370193	FECH	c3
1.54112203219339e-05	0.111497562263509	0.119	0.098	0.516861507157021	ENG	c3
1.55567291848003e-05	-1.5122230304818	0.007	0.015	0.521741583399832	WDR19	c3
1.56484678263296e-05	-0.151791913543534	0.569	0.558	0.524818313959441	HNRNPM	c3
1.56591727653384e-05	-1.36820722047239	0.005	0.012	0.525177336203918	HIST1H4B	c3
1.5818348558946e-05	0.156739870440119	0.136	0.114	0.530515773969932	SPTSSA	c3
1.62156697278564e-05	-0.465672749109465	0.062	0.079	0.543841131332849	TRIM65	c3
1.62322160263685e-05	0.259758846042951	0.051	0.038	0.544396061092345	DHX35	c3
1.62847123967009e-05	-0.177887198374823	0.481	0.477	0.546156684360554	HNRNPH3	c3
1.63323918116172e-05	-0.995861794684033	0.02	0.031	0.547755756578017	QSER1	c3
1.63530888624496e-05	-0.181457450091175	0.494	0.488	0.548449894268835	NOL7	c3
1.64935773979994e-05	0.301401840510333	0.061	0.047	0.553161598774104	LRSAM1	c3
1.66477031972749e-05	-0.412467433851458	0.202	0.22	0.558330669830206	SNHG9	c3
1.68193013238652e-05	-0.392676859948484	0.146	0.165	0.56408572779979	ILF3-DT	c3
1.69058411814553e-05	-1.55633550371051	0.005	0.011	0.566988101543649	AL163973.2	c3
1.7059548822965e-05	-0.317275309307125	0.199	0.219	0.572143148424599	KDM6B	c3
1.72516444943944e-05	0.104871278633607	0.11	0.09	0.578585653052999	ZNF322	c3
1.73670285420459e-05	-0.354220149806688	0.432	0.43	0.582455403243135	SOCS3	c3
1.75478198006316e-05	-1.56824919849254	0.007	0.015	0.588518780473584	MTUS1	c3
1.77131323516598e-05	0.313561429713214	0.062	0.048	0.594063032809968	PAFAH2	c3
1.77296027297117e-05	0.332013477361153	0.024	0.016	0.594615416349072	MAP3K7CL	c3
1.7947991565196e-05	0.1485716110093	0.083	0.066	0.601939741113545	SMAD4	c3
1.80507246561206e-05	0.139092155892756	0.124	0.103	0.605385203516974	METTL13	c3
1.82918034246691e-05	0.127613369547728	0.188	0.161	0.613470503256552	NFYB	c3
1.89124473417543e-05	-1.62304961614454	0.005	0.011	0.634285658947756	HSF5	c3
1.89402270266333e-05	0.108382106276944	0.142	0.119	0.635217334019229	USPL1	c3
1.90816609379109e-05	-0.531236812989642	0.072	0.089	0.639960744535656	DCP1B	c3
1.91549545890184e-05	0.291403794508052	0.049	0.037	0.6424188670065	MFSD3	c3
1.91784592013978e-05	0.243504924323442	0.047	0.035	0.643207164696481	SMPD3	c3
1.92130183218441e-05	0.136707326416518	0.13	0.109	0.644366208478009	AC091959.3	c3
1.92812848689211e-05	0.106276953062509	0.235	0.203	0.646655731933876	AKAP8L	c3
1.93444481983413e-05	0.343278551995152	0.067	0.052	0.648774103675969	CCDC51	c3
1.95812985408123e-05	-0.285424595198141	0.032	0.046	0.656717590461763	TRBV2	c3
1.96109702228121e-05	-0.388194144476488	0.125	0.145	0.657712719332671	MAGOHB	c3
1.99325427870004e-05	0.169003044202243	0.136	0.114	0.668497619990421	PATL1	c3
2.01162763872348e-05	0.11591277450699	0.135	0.112	0.674659677475081	CPTP	c3
2.01310490887703e-05	-1.27955577963588	0.007	0.015	0.675155124339179	RPGRIP1L	c3
2.08281803698206e-05	0.149722588022255	0.08	0.064	0.698535513243044	TSTD2	c3
2.10024684778737e-05	0.582422808694715	0.012	0.006	0.704380787810927	FAM167B	c3
2.10174507074808e-05	0.436392974355391	0.122	0.103	0.704883261827492	C3orf58	c3
2.10893620249593e-05	-0.840071436751001	0.023	0.035	0.707295023593086	ZNF256	c3
2.12485761515194e-05	0.69125454316486	0.014	0.008	0.712634746969658	RAB15	c3
2.15334905421512e-05	-0.961724984404513	0.01	0.018	0.722190205802668	RFX2	c3
2.19520813840946e-05	-1.07923258366097	0.011	0.02	0.736228905459764	HTRA1	c3
2.19609699764068e-05	0.119767687946722	0.112	0.092	0.736527011068731	MAML1	c3
2.20734637183895e-05	-1.47541656711955	0.006	0.013	0.740299826187347	USP51	c3
2.22450287115096e-05	0.202971230597342	0.076	0.06	0.746053772926608	ZNF518A	c3
2.23332222441494e-05	0.219988217890381	0.109	0.09	0.749011607624281	ZFP91	c3
2.26590175795955e-05	-0.541601405918866	0.093	0.111	0.759938131584474	CAPN12	c3
2.27733511765907e-05	0.17879306440854	0.099	0.081	0.763772651760499	TMED8	c3
2.2833434588397e-05	0.194787831318879	0.076	0.06	0.765787729225657	PPP1R12C	c3
2.30045125804506e-05	0.433826035593056	0.025	0.017	0.771525342923153	EVA1B	c3
2.3056075252977e-05	-1.4610923357942	0.007	0.014	0.773254651834343	CDK20	c3
2.31796362754772e-05	0.225784093092591	0.096	0.078	0.777398641406954	NTHL1	c3
2.32663985302134e-05	0.12360813959183	0.08	0.063	0.780308473906299	TTBK2	c3
2.33235408212915e-05	-1.13648388099509	0.012	0.021	0.782224912064475	HDAC11	c3
2.33341523745526e-05	0.67960257272605	0.013	0.008	0.782580802337744	AL136987.1	c3
2.34994184730951e-05	-0.471930985423006	0.151	0.168	0.788123496750663	PRR7	c3
2.357474862493e-05	0.295442001456817	0.048	0.036	0.790649919382904	C1orf21	c3
2.36454772708961e-05	0.429641028766215	0.025	0.016	0.793022016711314	IRGQ	c3
2.36772935178874e-05	-1.37499862887334	0.005	0.011	0.794089070002906	HMGN5	c3
2.37643493358792e-05	0.234413534471182	0.06	0.046	0.797008748026715	CDYL	c3
2.39923861379782e-05	0.104565265392734	0.201	0.173	0.804656646295511	AFG3L2	c3
2.43407149998417e-05	0.161543984824589	0.1	0.082	0.816338899664691	C6orf106	c3
2.44057399244593e-05	-0.604874364849352	0.043	0.058	0.818519705586515	TRAV26-1	c3
2.45848818458162e-05	0.197388287156984	0.057	0.043	0.824527767344985	AZIN2	c3
2.47511481938219e-05	0.146157576961741	0.043	0.031	0.830104008124399	RMRP	c3
2.48577670849502e-05	0.407673318441192	0.041	0.03	0.83367979249506	LSM14B	c3
2.49022256515437e-05	0.257140717744023	0.072	0.056	0.835170843901473	NXT2	c3
2.5003231533197e-05	0.373489710034657	0.072	0.057	0.838558379160361	LINC002481	c3
2.52579821532622e-05	-1.53205326112447	0.004	0.011	0.847102205456108	COL9A2	c3
2.55054749676745e-05	0.825990379628388	0.052	0.04	0.855402619465868	TRBV9	c3
2.55080004911042e-05	-0.424860760469569	0.01	0.018	0.855487320470651	DNA2	c3
2.5668354678205e-05	-0.637690104045272	0.048	0.063	0.860865279197639	EHBP1	c3
2.56926374488596e-05	-0.371316222515662	0.167	0.187	0.861679674759854	COMMD10	c3
2.5778133044466e-05	-0.627745952255385	0.059	0.074	0.8645470260453	SIK1B	c3
2.58360526704396e-05	-0.308475821474472	0.24	0.258	0.866489534461204	USF2	c3
2.59196712653029e-05	0.217345307789683	0.059	0.045	0.869293934895728	UBOX5	c3
2.61412528082398e-05	-1.45344774445367	0.004	0.01	0.876725336682745	RIMS3	c3
2.6230548219777e-05	-1.31160694595048	0.018	0.028	0.87972012619488	IL22	c3
2.62440136434222e-05	-0.967998524961902	0.018	0.029	0.880171729573095	TMEM67	c3
2.64649453182204e-05	0.12302233119475	0.154	0.13	0.887581336082475	ZDHHC7	c3
2.68962557692244e-05	-0.453487980092333	0.057	0.073	0.902046625988246	CHST14	c3
2.70291952363138e-05	0.591116583287424	0.019	0.012	0.906505149835493	MOK	c3
2.70670210598212e-05	0.41056603970042	0.038	0.027	0.907773752304282	ZNF341	c3
2.73038686442593e-05	-0.251180704934942	0.325	0.337	0.915717146591169	SMARCA2	c3
2.79208030615007e-05	0.13741281114804	0.138	0.116	0.936407893076611	GTF2H3	c3
2.8511580042406e-05	0.169264173344549	0.109	0.089	0.956221371462212	ZBTB48	c3
2.85807313268971e-05	-0.923730935129534	0.015	0.024	0.958540567241476	ZCWPW1	c3
2.90113812488163e-05	0.121738117293464	0.142	0.119	0.972983704322802	TACO1	c3
2.90147825075695e-05	-1.10417704897793	0.007	0.014	0.973097775738865	ASRGL1	c3
2.90252926042214e-05	-0.845451101705581	0.013	0.022	0.973450263360377	CCNI2	c3
2.90323325271228e-05	-1.34140114003724	0.006	0.013	0.973686368294645	CBR3	c3
2.9057354192774e-05	-0.54056746920233	0.12	0.137	0.974525544917256	IFT57	c3
2.92098076854808e-05	0.45100514376609	0.037	0.026	0.979638530155653	PRDM15	c3
2.92698290443546e-05	-0.467559229506351	0.109	0.127	0.981651526489565	CLASP2	c3
2.93160221809567e-05	0.404213226178383	0.027	0.018	0.983200751904925	AL162258.2	c3
2.94371710241594e-05	0.414743571771118	0.043	0.032	0.987263841808259	PAXIP1	c3
2.95354536967131e-05	0.123481289042298	0.212	0.183	0.990560046080363	ECD	c3
2.95822722454612e-05	0.287210719794617	0.075	0.06	0.992130246568277	STIMATE	c3
0.000114442977800004	-5.96124317130288	0.004	0.01	1	IGHA1	c3
0.000194571187037579	-4.91351834076066	0.011	0.007	1	IGKV1-5	c3
0.120736999457748	-4.78014416164047	0.012	0.009	1	IGKV3-20	c3
0.306282799989573	-4.59982056123235	0.026	0.024	1	JCHAIN	c3
0.0059244356123149	-2.12535373061481	0.013	0.018	1	CD68	c3
3.7730191981601e-05	-1.90686566942579	0.004	0.01	1	AMY2B	c3
4.31778368904272e-05	-1.82841233843366	0.004	0.01	1	TTC8	c3
4.63424091193867e-05	-1.76384967205053	0.005	0.011	1	UBR5-AS1	c3
2.99194587505982e-05	-1.74188742375193	0.006	0.013	1	AC010624.3	c3
4.81521704444563e-05	-1.70648747563132	0.014	0.023	1	KLF4	c3
0.008185459949462	-1.61429132494352	0.006	0.01	1	S100B	c3
0.00144652494096084	-1.6003157045168	0.007	0.012	1	IGKV3OR2-268	c3
6.68091855400866e-05	-1.56788858998999	0.005	0.011	1	NPTXR	c3
0.0109589727838829	-1.53105603508213	0.202	0.202	1	STMN1	c3
5.45220382382436e-05	-1.50054128444342	0.006	0.012	1	CCDC30	c3
5.43817876518498e-05	-1.46967361486093	0.007	0.014	1	GALNT12	c3
0.000102958937307673	-1.46548531538166	0.005	0.011	1	ZNF502	c3
3.31185246025408e-05	-1.46110909997088	0.007	0.015	1	BTBD8	c3
0.000376737789339187	-1.41658299572932	0.005	0.01	1	ZNF703	c3
0.0293649702622846	-1.41053501238419	0.008	0.011	1	IFI27	c3
0.000121637193020368	-1.40835887246846	0.005	0.011	1	SNX30	c3
0.00192490194944069	-1.40517940674355	0.005	0.01	1	RNF207	c3
0.000762182525427899	-1.40362315680203	0.007	0.013	1	MEST	c3
0.00506905674755228	-1.39415453237489	0.007	0.012	1	CX3CR1	c3
0.000336287316302792	-1.36659843601768	0.005	0.011	1	AL135791.1	c3
3.48404752606186e-05	1.3562976070506	0.027	0.019	1	TRBV6-6	c3
0.000508889027474837	-1.34760150564981	0.005	0.01	1	VASH1	c3
0.000251206915517328	-1.32447635920789	0.006	0.012	1	JAM3	c3
7.28306851215544e-05	-1.3089465907764	0.007	0.014	1	ZNF607	c3
0.000269401947959944	-1.30451666154075	0.006	0.012	1	CNKSR2	c3
0.000403850799035547	-1.30306775480082	0.007	0.013	1	TSHR	c3
0.000132139114441964	-1.30292958079768	0.005	0.01	1	LINC00663	c3
0.000351345917336985	-1.299051912671	0.006	0.011	1	SRC	c3
0.000737182234832831	-1.29183604938554	0.005	0.01	1	RBM26-AS1	c3
4.77405053520669e-05	-1.28841495116438	0.004	0.01	1	SENCR	c3
0.35947762881529	-1.28736108203475	0.014	0.012	1	IGHM	c3
0.000315664021176119	-1.28148559613169	0.005	0.011	1	THAP9	c3
0.000426040244533977	-1.28087884005739	0.006	0.012	1	FTCDNL1	c3
0.000645750706421052	-1.27935901230841	0.005	0.01	1	GAS8	c3
0.0013986231395319	-1.27600151645419	0.005	0.01	1	TTC26	c3
0.000102438415776271	-1.27274742863752	0.005	0.011	1	WDR90	c3
0.000290862283249514	-1.26426919339347	0.019	0.028	1	CD200	c3
0.00050325900713539	-1.23137867783592	0.006	0.011	1	KIAA1958	c3
9.77300575024826e-05	-1.21761334175543	0.007	0.014	1	AGAP3	c3
0.00222587988845604	-1.21272054400434	0.007	0.012	1	ATP6V0E2-AS1	c3
0.000560683226931741	-1.20693039774683	0.007	0.013	1	CES4A	c3
0.00110051265660254	-1.20086924716365	0.006	0.011	1	FSBP	c3
0.0617629650391506	1.1927943846615	0.016	0.012	1	TRBV13	c3
0.00121641762576908	-1.18774309103755	0.006	0.011	1	ZNF19	c3
0.000282641662803709	-1.17221213773696	0.007	0.013	1	TEPP	c3
3.35907481431989e-05	-1.16942357275483	0.005	0.011	1	TTC16	c3
0.000287673494132089	-1.16050268803725	0.008	0.015	1	FAM169A	c3
0.00043140287347517	-1.15817208663801	0.006	0.012	1	ZNF772	c3
0.00191491434206721	-1.14835546652059	0.006	0.011	1	AC087741.1	c3
6.64710754567917e-05	-1.14727897630583	0.029	0.041	1	IGFBP4	c3
8.54096414754565e-05	-1.1453320820083	0.008	0.015	1	AC099778.1	c3
0.00220162472138544	-1.14522715137141	0.008	0.013	1	LRRC56	c3
0.000559621235927642	-1.13731718134436	0.005	0.011	1	TBC1D16	c3
0.00187956999884627	-1.13392832146286	0.005	0.01	1	ZNF470	c3
0.00156750470337718	-1.13160883050977	0.008	0.014	1	LAMP3	c3
4.99289673769088e-05	-1.12630257554507	0.012	0.021	1	ACCS	c3
0.00150493489210531	-1.12019418075394	0.008	0.014	1	IPO4	c3
0.0001828541939446	-1.11052830616472	0.006	0.012	1	ABCA3	c3
0.00034010839423433	-1.10844541502487	0.006	0.011	1	AC006333.2	c3
4.76559087878553e-05	-1.10657803126247	0.011	0.019	1	FZD3	c3
0.00420993141719104	-1.10251648558629	0.007	0.012	1	FP236383.3	c3
4.25470356558583e-05	-1.09738093344776	0.01	0.018	1	SMAD1	c3
7.05232854068676e-05	-1.08879466490928	0.015	0.024	1	FAM13A	c3
0.000480279512306796	-1.08788792732581	0.005	0.01	1	CARD9	c3
0.00117223847488328	-1.0851262932304	0.007	0.012	1	AL356481.1	c3
0.00394493596240703	-1.08487347043826	0.008	0.013	1	AC097103.2	c3
0.000585562325581594	-1.07880067575889	0.005	0.01	1	SIRT4	c3
7.65588333940785e-05	-1.0740169170987	0.009	0.017	1	ANKRD34A	c3
0.00382686287698975	-1.073095591493	0.007	0.011	1	GVQW3	c3
0.00718894402273788	1.07110999048631	0.019	0.014	1	RDM1	c3
0.0559375476207738	-1.06399059257398	0.015	0.019	1	HRASLS2	c3
0.000400248958932099	-1.05654777324961	0.009	0.015	1	PHLDB2	c3
0.0017207809047379	-1.05622438445649	0.007	0.012	1	KIAA1324L	c3
0.0360136746678497	-1.05602832777811	0.009	0.012	1	AL356599.1	c3
0.0002264243118658	-1.05101905288259	0.006	0.012	1	AC083880.1	c3
0.000502693587724722	-1.0494201024557	0.008	0.014	1	CEP112	c3
0.000297017991336416	-1.04790790069919	0.013	0.021	1	RASL11A	c3
0.000516483941057022	-1.0404997190572	0.012	0.019	1	CLDN7	c3
0.00232753303893805	-1.04043142539911	0.006	0.011	1	FLVCR2	c3
0.000111191406551281	-1.03821384216778	0.012	0.019	1	SESTD1	c3
0.00275382783179167	-1.0342534773078	0.006	0.01	1	HBEGF	c3
0.000115935301280852	-1.03396008535043	0.035	0.047	1	TRBV18	c3
0.000982929735426328	-1.03192687044899	0.041	0.051	1	TK1	c3
0.00251640985260784	-1.02941564985926	0.007	0.011	1	CAPS2	c3
0.00163584285637231	-1.02767123619926	0.005	0.01	1	ZNF320	c3
5.28116547846956e-05	-1.02268198911663	0.009	0.016	1	TRBV11-3	c3
0.000164161443251796	1.01771255716642	0.021	0.014	1	TRBV7-7	c3
9.83082471672675e-05	1.00710866937256	0.01	0.006	1	LINC01547	c3
0.000227800375950013	-1.00694128344726	0.007	0.014	1	TTYH2	c3
0.00018156816284974	-1.00652527498262	0.011	0.018	1	SLC30A4	c3
7.13808401593485e-05	-1.00253323759206	0.012	0.02	1	FXN	c3
8.51414512630616e-05	-1.00067787990446	0.012	0.021	1	CFAP54	c3
0.000923718807186764	-0.999997755174654	0.009	0.015	1	PODXL2	c3
0.000116126965340833	0.998746679985968	0.01	0.005	1	CYBRD1	c3
0.000139788589615645	-0.990369933406114	0.01	0.017	1	RXRA	c3
0.000100045215864697	-0.985577249896312	0.01	0.018	1	BOLA3-AS1	c3
0.039623503353575	-0.984468459474295	0.023	0.019	1	GSN	c3
3.13824352120521e-05	-0.984416446764763	0.01	0.018	1	GALNT4	c3
0.021253831639332	-0.979518657862066	0.009	0.013	1	AC093635.1	c3
0.00953164816988673	-0.978915012406979	0.017	0.023	1	EGLN3	c3
0.00170366280102368	-0.976587502219729	0.059	0.069	1	TRGV8	c3
9.19188971727678e-05	-0.973946434849536	0.019	0.028	1	ZNF525	c3
0.00163393699865663	-0.973040585636483	0.014	0.021	1	EPHA4	c3
7.84662475654906e-05	-0.971467205741488	0.018	0.028	1	AC091271.1	c3
4.61135447908658e-05	0.970053917376105	0.012	0.007	1	EHHADH	c3
0.0145549580167939	-0.969512378521916	0.014	0.019	1	DENND5A	c3
0.0715862318233166	-0.962210499495003	0.01	0.013	1	UST	c3
0.00889172412640407	-0.961905455267933	0.014	0.019	1	DECR2	c3
0.000372432217678949	-0.96104003531774	0.01	0.016	1	AC105020.6	c3
0.0027334390291636	-0.958695711592697	0.014	0.02	1	AC139720.1	c3
0.00442602955393495	-0.953308336108359	0.006	0.01	1	SYNJ2BP-COX16	c3
0.0160788688351646	-0.952701941573632	0.006	0.01	1	AC092803.2	c3
3.89836492292089e-05	-0.951912601669818	0.016	0.026	1	ZNF844	c3
0.00896787731476245	-0.950903940298906	0.007	0.012	1	BBOF1	c3
0.00301328537514446	-0.944476782091881	0.005	0.01	1	DNMBP	c3
6.64682963058991e-05	-0.941519390983474	0.011	0.019	1	PRPF40B	c3
0.0137528221046371	-0.941370400637806	0.01	0.014	1	AL161421.1	c3
0.00248611939896751	-0.941072652126445	0.005	0.01	1	AL033527.5	c3
0.0013195898047224	-0.933546787231187	0.005	0.01	1	ATAD3C	c3
5.44925730032682e-05	-0.932217701240422	0.024	0.034	1	ASAH2B	c3
0.0295934869684384	-0.932024149360402	0.008	0.011	1	FAM66C	c3
8.24383569307728e-05	-0.923760936953824	0.012	0.02	1	HIST1H3A	c3
0.000453389470563102	-0.923302050367517	0.008	0.014	1	CDKL2	c3
0.00508125738862968	-0.92098045439213	0.008	0.012	1	AMN	c3
0.0330063695067438	-0.920460026120033	0.007	0.011	1	MAP1A	c3
0.000182107301463811	-0.915680558790407	0.013	0.021	1	SNHG22	c3
0.00243121051691624	-0.912958930955026	0.021	0.029	1	METTL7A	c3
8.20735465368463e-05	-0.911682254279995	0.023	0.034	1	PLEKHG1	c3
0.00466370230215743	-0.908423486724891	0.009	0.014	1	AL645728.1	c3
0.0177879426512139	-0.908001910792454	0.01	0.014	1	NHLRC4	c3
0.00293594792214086	-0.906987385407336	0.011	0.016	1	LRFN3	c3
0.00200442930271471	-0.90484271302051	0.007	0.011	1	CCDC171	c3
0.0200849789296256	-0.904831288171027	0.008	0.012	1	RGS5.1	c3
6.19997503438515e-05	-0.902380591484491	0.019	0.028	1	TEX2	c3
0.000125911345030447	-0.89317820267321	0.014	0.022	1	FAM213A	c3
0.000984399736624231	0.892905847123152	0.048	0.039	1	TRBV6-5	c3
0.00134289126062461	-0.889624734076168	0.012	0.019	1	FITM2	c3
5.70652635615169e-05	-0.886739505265568	0.011	0.019	1	OTUD1	c3
0.0124079501448531	-0.886050005718462	0.007	0.01	1	SNX33	c3
0.00604774094530635	-0.885888036376589	0.01	0.015	1	PYROXD2	c3
0.000773465679992572	-0.885067577645358	0.025	0.033	1	GNAO1	c3
0.00044713138153648	-0.884395904320297	0.006	0.012	1	MAN1B1-DT	c3
0.000112709516284328	-0.88251582204196	0.014	0.022	1	NCEH1	c3
0.00275891805251229	-0.880516058646275	0.008	0.013	1	DARS-AS1	c3
0.00103719452424584	-0.880501486672466	0.01	0.016	1	NBPF9	c3
0.000220690771368511	-0.876048472648995	0.022	0.031	1	ALPK1	c3
0.0735362908073091	-0.87451379509155	0.044	0.05	1	TPX2	c3
0.000213870981466298	-0.869240434994025	0.017	0.025	1	C3orf33	c3
0.000595815234199772	-0.867746680511865	0.021	0.03	1	AGPAT4	c3
0.00881919754371791	-0.867047840094759	0.01	0.015	1	AC010654.1	c3
5.14256845410069e-05	-0.866232793041971	0.014	0.023	1	PFKM	c3
0.00187774975327971	-0.865432536436938	0.019	0.027	1	DHX32	c3
0.0124345888114261	-0.862256632327055	0.008	0.012	1	RND1	c3
0.0104606226820075	-0.858315840321171	0.007	0.011	1	SIAE	c3
7.88095034878367e-05	-0.851629452023037	0.013	0.021	1	MAP4K3	c3
3.3048433444771e-05	-0.851116422059614	0.023	0.033	1	SLC26A11	c3
0.000153936087630985	0.849932971418969	0.012	0.007	1	AC040169.1	c3
0.0103767905881497	-0.847998721582516	0.024	0.031	1	COL6A2	c3
0.00146984593846893	-0.846735471729047	0.012	0.018	1	ZNF30	c3
0.0371404277170307	0.84401494904448	0.013	0.01	1	TP73	c3
0.000197940712645622	-0.842365233780622	0.012	0.019	1	HIST1H4F	c3
0.0212783278861539	-0.836752708945086	0.006	0.01	1	PDE6G	c3
3.80667121575605e-05	-0.835509976310971	0.018	0.028	1	C21orf62-AS1	c3
0.00572493405134348	0.832848497836246	0.056	0.047	1	TRAV3	c3
0.0030892541873834	-0.829180509992817	0.011	0.017	1	AC016394.1	c3
5.00425138698548e-05	0.828515378774702	0.012	0.006	1	AL512625.2	c3
0.0188782923037159	-0.827450945707649	0.01	0.014	1	PTGR2	c3
0.00118644325991243	0.827290968757756	0.01	0.006	1	KCTD1	c3
0.00391352481212791	-0.826862365724873	0.011	0.016	1	NKD1	c3
0.000284424084059152	-0.823873803896212	0.022	0.032	1	ZNF382	c3
0.000240682162666001	0.821843699920671	0.013	0.008	1	AC009065.4	c3
0.00206625274226263	0.820155410853195	0.012	0.008	1	BATF3	c3
7.03798150147482e-05	-0.817700118962855	0.023	0.034	1	CLYBL	c3
0.00315349289899115	-0.817522282475242	0.016	0.023	1	BCORL1	c3
0.000163011925546228	-0.814566265922904	0.016	0.024	1	ZNF554	c3
0.00305723985673879	-0.813518347214895	0.007	0.012	1	ZFP69	c3
0.00483631223564685	-0.810743637697885	0.008	0.013	1	RTN4R	c3
0.00310148297355735	-0.807342012103874	0.006	0.01	1	CIB2	c3
0.000836291209549948	-0.80474622395587	0.017	0.025	1	PER3	c3
0.00767559176492945	-0.799600263268649	0.008	0.013	1	TTC30B	c3
0.00100625323062542	-0.799460268156809	0.014	0.021	1	CACNA1C-AS1	c3
0.000398580835750128	-0.798598901793634	0.023	0.032	1	CCDC71L	c3
0.00764089446838601	-0.797454167868885	0.059	0.068	1	CLU	c3
3.87796727514727e-05	-0.794920079106611	0.027	0.038	1	ZNF606	c3
0.143308983091582	0.793989083898127	0.026	0.023	1	BUB1B	c3
0.00025054887316737	-0.791559669630532	0.063	0.077	1	TRGV5	c3
0.00836424094465581	-0.788012766799278	0.012	0.017	1	AC008443.5	c3
0.000155073735753119	-0.787762114075508	0.012	0.02	1	AC136475.1	c3
0.0280893583988363	-0.785538874726595	0.067	0.058	1	CENPF	c3
0.0279263282163632	-0.784432248097834	0.011	0.015	1	MCF2L2	c3
0.000293555615304584	-0.783005749981307	0.02	0.029	1	AL627171.1	c3
0.00154178058140491	-0.778855443205109	0.024	0.033	1	BPHL	c3
0.000393535842196788	-0.778598515885832	0.015	0.022	1	ZNF582	c3
0.00582218781546395	-0.777193051491373	0.007	0.012	1	PEX12	c3
0.00293000640423249	-0.776812660470771	0.024	0.032	1	AC016831.1	c3
0.00363812651691138	-0.776367259751955	0.024	0.032	1	LIMS2	c3
0.000920235923727876	-0.775959148571344	0.018	0.025	1	SLC48A1	c3
0.0448760233945329	-0.775516815499095	0.007	0.01	1	AK4	c3
0.00238396844176523	-0.775300362688514	0.02	0.027	1	RRAS	c3
0.013461193672926	-0.774839704982305	0.006	0.01	1	HSD17B14	c3
0.000116907571858845	-0.773150717779545	0.012	0.02	1	CCDC136	c3
0.0863019056508788	-0.771669819802853	0.011	0.014	1	AC023157.3	c3
0.0034079890394498	-0.770814086444039	0.013	0.019	1	CD3EAP	c3
0.0427003175198446	-0.767521354063219	0.011	0.015	1	NOS3	c3
0.000399236317083028	0.765216424413374	0.012	0.007	1	QPRT	c3
0.000247717379578327	-0.763534891117452	0.027	0.037	1	KIFC2	c3
0.00150858928263861	-0.763065748193802	0.013	0.019	1	AC018816.1	c3
0.117291362398639	-0.760314687430759	0.01	0.013	1	LMLN	c3
0.0684483461711611	-0.759721664782836	0.045	0.039	1	TRAV2	c3
0.00856566157433147	-0.759238027609714	0.019	0.025	1	LINC00921	c3
0.0503419967144263	-0.758167268431985	0.008	0.012	1	AL139384.1	c3
0.0450582981441592	-0.75787505898433	0.01	0.013	1	FRS3	c3
0.0139947503572609	-0.757624723406486	0.018	0.023	1	MAMSTR	c3
0.0285083364863874	-0.755848447093502	0.012	0.017	1	C1orf54	c3
0.00686681573626878	-0.754559966095536	0.01	0.015	1	DYRK3	c3
6.31002924736597e-05	-0.754075745541305	0.025	0.035	1	LYL1	c3
3.06442177468013e-05	-0.754006132182237	0.014	0.023	1	ZNF724	c3
0.00941946350369517	-0.75395321798792	0.006	0.01	1	AL355075.4	c3
0.0170902901283446	-0.750037586162123	0.006	0.01	1	ENKD1	c3
0.00735946078981087	-0.749540979252215	0.008	0.012	1	AL118558.3	c3
0.0546262211731634	-0.748786039887717	0.008	0.011	1	AC005520.2	c3
0.000965203359032993	-0.746716989991742	0.013	0.02	1	SPAG4	c3
0.0466322697157439	-0.746421542367039	0.009	0.012	1	FKBP7	c3
0.02823061185848	-0.745091884440363	0.01	0.013	1	IL7	c3
0.00215081287654559	-0.7441838817002	0.009	0.014	1	SMIM1	c3
0.000684199523217954	-0.742753183587452	0.029	0.038	1	BIK	c3
0.000246496904486788	-0.742447379519891	0.02	0.029	1	MPP6	c3
0.000711062859669925	-0.742403151024043	0.026	0.035	1	MBLAC2	c3
0.00044546925461341	-0.74034392391116	0.028	0.038	1	IFIT2	c3
7.66220725679775e-05	-0.740201423838669	0.024	0.034	1	TRAV35	c3
4.233810081233e-05	-0.739047764764884	0.028	0.039	1	IQCG	c3
0.0154780856059777	-0.737005596119392	0.006	0.01	1	AL096678.1	c3
8.37772443328839e-05	-0.736703984281993	0.016	0.025	1	HSPA2	c3
0.0896571003937655	-0.73575742124865	0.013	0.016	1	BMP2K	c3
0.545926669418388	-0.735259449332457	0.011	0.012	1	SNHG25	c3
0.0167356750429699	-0.735143240591987	0.034	0.041	1	CENPE	c3
0.142230927552016	-0.734813655228551	0.012	0.014	1	FAM43A	c3
0.0350846619957053	-0.734483024764373	0.064	0.071	1	TRAV13-2	c3
0.00105964060583646	-0.732919206849663	0.016	0.023	1	CCDC65	c3
0.00872663075383965	-0.73204500968933	0.006	0.01	1	PIGZ	c3
3.35466502562882e-05	-0.731020056756557	0.019	0.03	1	RILP	c3
7.366392697231e-05	-0.730779182037805	0.005	0.012	1	XYLB	c3
0.000484025554814223	-0.730028048015082	0.026	0.035	1	AC006213.2	c3
0.00128156879391158	-0.729335574835051	0.011	0.018	1	TXNDC5	c3
0.0221732123770863	-0.729091862046128	0.018	0.023	1	AC133644.2	c3
7.24296372290315e-05	-0.727743804783711	0.025	0.036	1	SMARCD3	c3
0.00857241176666278	0.726766688400382	0.014	0.01	1	CCDC189	c3
0.00869511690651496	-0.725730507280958	0.01	0.015	1	DDIT4-AS1	c3
0.027808386306849	-0.724787306539186	0.019	0.024	1	THAP7-AS1	c3
0.0195158721178582	-0.722959643848187	0.013	0.017	1	ADAMTSL5	c3
0.00183962508249738	-0.721274461480853	0.014	0.02	1	LENG9	c3
0.000117540832680831	-0.718953346929129	0.021	0.031	1	ZNF682	c3
0.0281114440294916	-0.718699820306849	0.007	0.01	1	ZFP37	c3
0.00457335061417246	-0.716234451461009	0.017	0.023	1	MORC4	c3
0.0387013535872739	-0.716138090273916	0.01	0.014	1	SLC9A7	c3
0.00327936986015348	-0.715706440812003	0.019	0.026	1	PIK3R6	c3
6.67087352489214e-05	-0.714633618296284	0.018	0.027	1	PTCH2	c3
0.200783759763596	0.713872935492357	0.014	0.012	1	TRBV5-5	c3
0.00981770789996943	-0.712428056639093	0.006	0.01	1	GPC1	c3
0.00229221230685877	-0.712336035362804	0.014	0.02	1	LTB4R	c3
0.0417582130888238	-0.712196442709518	0.011	0.014	1	ZNF816-ZNF321P	c3
0.000385475636068045	-0.71219540895668	0.018	0.027	1	ZNF439	c3
0.011330781385809	-0.709211286214663	0.012	0.017	1	PPFIBP1	c3
0.0216997185523721	-0.708973029173712	0.011	0.015	1	FGFRL1	c3
0.000115332130697771	-0.707479744224112	0.022	0.032	1	UBE3D	c3
0.00284965316580677	-0.707434808689191	0.015	0.021	1	DPY19L1	c3
0.0019261975047802	-0.705849309778276	0.009	0.014	1	CCDC163	c3
6.35671042957295e-05	-0.705010892150106	0.023	0.034	1	ZNF891	c3
0.00224370092422456	-0.703072537080321	0.015	0.021	1	AC010522.1	c3
0.0122160055275527	-0.7028608849976	0.009	0.013	1	TIGD6	c3
0.117199835393765	0.702799892881208	0.01	0.008	1	CDKN2B-AS1	c3
0.00017234398807623	-0.702303306531696	0.012	0.019	1	DMTN	c3
0.000415997239826815	-0.701579489391936	0.016	0.024	1	ALCAM	c3
0.00734259472038939	-0.701129287140519	0.008	0.012	1	AL162231.1	c3
0.107087602262735	-0.700504045370582	0.017	0.02	1	PEX11A	c3
0.0161463288012888	-0.700372584571362	0.012	0.017	1	RPH3AL	c3
0.00114401682452274	-0.697281971857456	0.018	0.026	1	AC015912.3	c3
0.0449544795525327	-0.696536681226512	0.007	0.01	1	SALL2	c3
0.00298062348328486	-0.696358016080644	0.005	0.01	1	LSM11	c3
0.000124271713058606	-0.695823056383585	0.021	0.03	1	FAM120C	c3
0.000201461163315372	0.694571788507624	0.014	0.008	1	COL6A3	c3
0.00518033587072482	-0.692599156128484	0.018	0.025	1	S1PR2	c3
0.00557729483716578	-0.691044972530464	0.039	0.048	1	TRAV8-3	c3
0.0294432968203783	-0.690917457963597	0.008	0.011	1	SHISA4	c3
0.000827742711427157	-0.690397951263433	0.032	0.041	1	METAP1D	c3
0.0019503214696145	-0.689398091366325	0.015	0.022	1	PGAP1	c3
7.74783370388182e-05	-0.688653052463976	0.021	0.031	1	PLCH2	c3
0.00261952773005808	-0.687444268518097	0.022	0.03	1	PLD6	c3
5.08627759951231e-05	0.68594764263992	0.011	0.006	1	KCNH3	c3
0.049181168280443	-0.684545195587816	0.05	0.056	1	LYN	c3
3.95930557622615e-05	-0.683995960289319	0.014	0.023	1	AL031777.3	c3
0.00165704149788954	-0.68318986795119	0.026	0.034	1	ZNF419	c3
0.0655196473225564	-0.680908710803347	0.01	0.013	1	AL158835.1	c3
0.0378821126166038	-0.678862384715404	0.019	0.024	1	PARD6B	c3
0.0249860750891898	-0.678817772991498	0.012	0.016	1	TTLL11	c3
0.000135424268423308	-0.678465945274911	0.044	0.056	1	BBS9	c3
0.00726388683125181	0.678373489571721	0.011	0.008	1	IPO9-AS1	c3
0.000193181932195248	-0.676683688589957	0.028	0.038	1	TESK2	c3
0.000695799154260672	0.674509067606388	0.012	0.008	1	LRFN4	c3
0.0540027862018196	-0.674085477128219	0.008	0.011	1	KIF27	c3
0.309805992092689	0.673584359974989	0.015	0.017	1	TRBV24-1	c3
0.0110235347550857	-0.672569294734769	0.019	0.025	1	LNX2	c3
0.000434940462032382	-0.671916701839307	0.023	0.032	1	NECTIN3	c3
0.0567519304850136	-0.671875608128511	0.012	0.016	1	ZNF35	c3
0.000341674573857266	0.671568476630036	0.015	0.01	1	ASMT	c3
3.30169401766224e-05	0.670769101485952	0.012	0.007	1	HOXB3	c3
5.15694747581064e-05	0.666238461445745	0.011	0.006	1	PRSS36	c3
0.0132837214506736	-0.665709169436394	0.012	0.016	1	ZBTB42	c3
9.23174604190118e-05	-0.665550394499376	0.038	0.051	1	HIST1H2AG	c3
0.000242803143705114	-0.664842479252231	0.038	0.049	1	CLOCK	c3
0.00230926695697005	-0.664393280479506	0.026	0.034	1	ZNF681	c3
0.000477547707546345	-0.664243053890896	0.016	0.024	1	TRIM3	c3
0.0115043103528706	-0.66421086385748	0.014	0.019	1	KRBA1	c3
0.0263637190846034	-0.664193059469869	0.021	0.026	1	ZC4H2	c3
0.00108654086910313	-0.6627770139705	0.038	0.048	1	TAF4B	c3
0.0245889493690887	-0.662391846226404	0.008	0.012	1	MIR4458HG	c3
4.0461675612246e-05	0.660832831560164	0.013	0.008	1	AC027682.4	c3
0.0472732501868168	-0.659068707864176	0.01	0.013	1	AC005229.4	c3
0.00849201550248975	-0.658483945973261	0.03	0.038	1	FAM184A	c3
0.000531477789006136	0.658209536104047	0.01	0.006	1	MATR3	c3
0.0302090140730894	-0.654065113834664	0.011	0.015	1	YTHDF3-AS1	c3
0.000152015000909162	-0.653477721605151	0.029	0.039	1	ZNF583	c3
0.0179248222774862	-0.653252782405693	0.01	0.014	1	GAB2	c3
0.0628229983179394	-0.653167258441964	0.03	0.035	1	SELENON	c3
0.000255302039784129	-0.652954940144265	0.044	0.056	1	RREB1	c3
0.0126484617239404	-0.652648181785447	0.012	0.017	1	ACACB	c3
4.17413632814057e-05	-0.651987816508244	0.02	0.03	1	EIF3CL	c3
0.000151454541374277	0.651831357046847	0.017	0.011	1	HNRNPA1P48	c3
0.0227248765632541	-0.650929787232525	0.032	0.038	1	SOCS5	c3
0.0493419160946682	-0.650483402547542	0.008	0.011	1	AC004889.1	c3
9.11739068532202e-05	0.649165234970062	0.014	0.009	1	TMEM244	c3
0.000220582536588379	-0.648986048271444	0.023	0.032	1	ACO1	c3
0.2027120642788	-0.648175325497001	0.016	0.018	1	NCKAP5L	c3
0.0134517301800801	-0.645635218475895	0.029	0.036	1	NPIPB4	c3
5.15726597704908e-05	-0.64517008319381	0.053	0.067	1	UTP25	c3
0.0807352434134403	0.643668968455003	0.043	0.038	1	TRAV22	c3
0.000162242192545308	-0.643354358505059	0.021	0.03	1	PWWP2B	c3
0.258470426976967	-0.642862989508678	0.009	0.011	1	LINC01771	c3
0.0200144233285543	-0.641269986742993	0.01	0.014	1	ZNF793	c3
0.00602883058231153	0.641084422439208	0.012	0.008	1	MDGA1	c3
0.00120609256082899	-0.64038350247745	0.036	0.045	1	AC087623.3	c3
0.000282550613712815	-0.639626546185826	0.022	0.032	1	AC007388.1	c3
0.39184150008747	-0.638689335866202	0.01	0.011	1	ERP27	c3
3.6134000713953e-05	-0.633248134776853	0.035	0.048	1	ZBTB22	c3
0.106033115327349	-0.633199375204264	0.015	0.018	1	STARD5	c3
0.0184211819703742	-0.632792404398644	0.028	0.034	1	SORD	c3
0.0179861567047707	-0.632635412088102	0.009	0.013	1	C5orf34	c3
0.00221337338038477	-0.632052576913155	0.014	0.021	1	IRAK1BP1	c3
0.00325594491822043	-0.630039033931415	0.039	0.048	1	GORASP1	c3
0.00276134474842599	-0.628961037848787	0.014	0.02	1	ADPRH	c3
0.0333904743123674	-0.628291825461326	0.015	0.019	1	ATP6V0A1	c3
0.034017077999513	-0.627961705630787	0.014	0.018	1	ARL17B	c3
0.000178202730243413	-0.627754157641826	0.045	0.057	1	NLE1	c3
0.00137701221164054	-0.626770278895026	0.038	0.048	1	NUDT7	c3
0.115564586747494	-0.62575750333581	0.024	0.028	1	ARL6	c3
0.000135682622277661	-0.6250369734701	0.018	0.027	1	GPAT3	c3
0.034980386419158	-0.624526183244866	0.013	0.017	1	ARF4-AS1	c3
0.00127699198137516	-0.62219602724804	0.023	0.031	1	SLC18B1	c3
0.000859103758543375	-0.622183226466865	0.011	0.017	1	KRT86	c3
0.0161003246458069	-0.621211638779811	0.021	0.027	1	FAM161B	c3
0.000450074956034341	0.620807718544161	0.01	0.005	1	AC016957.2	c3
0.000639205466008866	-0.62003113288534	0.059	0.071	1	GRAP	c3
0.00736200645418583	-0.618441328503985	0.042	0.05	1	N6AMT1	c3
0.0120538771218381	-0.618355282442304	0.02	0.026	1	IKZF4	c3
0.00864325840257985	-0.617909030981606	0.015	0.021	1	C16orf74	c3
0.0157191937587929	-0.61705398914753	0.022	0.028	1	DET1	c3
6.87168115786418e-05	0.61703666210961	0.024	0.016	1	NAT14	c3
0.271438313658055	-0.615887035642171	0.009	0.011	1	LINC02265	c3
0.00778070256926996	-0.615581076043822	0.022	0.029	1	AC093157.1	c3
3.13803011740607e-05	0.613682160773126	0.026	0.018	1	PKN3	c3
0.00980731546038775	-0.609284229590894	0.015	0.021	1	CENPBD1	c3
0.000135901397498101	-0.608320583835903	0.041	0.053	1	ALMS1	c3
0.00348461340210887	0.608221090156914	0.013	0.009	1	AL451085.2	c3
0.00384589419421776	0.607044603494802	0.01	0.006	1	AC037459.3	c3
0.0117197177178365	-0.606167886880171	0.032	0.039	1	JHY	c3
0.00226146180261851	-0.605080469763836	0.033	0.042	1	ZNF559	c3
7.99873827137172e-05	-0.605000385855298	0.018	0.028	1	ARHGAP33	c3
0.000696532467453043	-0.604965962175471	0.038	0.048	1	CAD	c3
8.24040163744948e-05	-0.603630804607532	0.011	0.019	1	TMEM237	c3
0.0105571308678712	-0.603382221697079	0.018	0.023	1	DTX1	c3
0.000332209753533417	0.602749377751421	0.01	0.006	1	FP565260.6	c3
0.089595274143959	-0.602507902277421	0.017	0.02	1	ATG9B	c3
0.188140019954131	-0.600942024262371	0.011	0.013	1	C20orf96	c3
0.00142010753896724	0.600666919867819	0.012	0.008	1	C6orf52	c3
0.0122968250869399	-0.599709911499977	0.033	0.04	1	MTRNR2L12	c3
0.000121396025281706	-0.599655822782572	0.036	0.048	1	STX2	c3
0.00232390015717161	-0.599310178330841	0.024	0.032	1	SEMA4F	c3
0.000159562661206894	0.59927629189671	0.01	0.005	1	AP000311.1	c3
0.000512303949490363	0.597316242827104	0.013	0.008	1	CASTOR2	c3
0.0482256264132726	-0.596500541595486	0.017	0.021	1	FKTN	c3
0.0267047014119189	-0.595519192624021	0.022	0.027	1	ZNF416	c3
0.000967696927415253	0.593789828944082	0.011	0.007	1	AC098850.3	c3
0.00101945460777102	0.593661315296953	0.01	0.006	1	DLL3	c3
0.332746899363003	-0.592614044168961	0.01	0.011	1	TXLNB	c3
0.00180375893099886	-0.592555971719706	0.019	0.027	1	AC020765.2	c3
0.080010816545939	-0.590164284472381	0.012	0.015	1	GSTA4	c3
0.00349409620796085	-0.590046274856001	0.029	0.037	1	MFSD12	c3
0.00770339137389356	-0.589971036913342	0.017	0.023	1	IQCH-AS1	c3
0.000729720213206026	0.589501168552609	0.01	0.006	1	AP000704.1	c3
0.0488231720362896	-0.589377815032347	0.021	0.026	1	HIST1H2BF	c3
0.358265498478615	-0.588967587699999	0.01	0.011	1	AC005037.1	c3
4.17069841242752e-05	-0.588966096217915	0.05	0.064	1	PGAP3	c3
0.000809945614816099	-0.58824462380509	0.025	0.033	1	EMILIN2	c3
0.000211250477612087	-0.587139262640776	0.039	0.05	1	ZNF566	c3
0.133997150029256	-0.586380780742532	0.008	0.01	1	ABCB9	c3
0.00492876719299747	-0.586199663452512	0.019	0.025	1	WDR5B	c3
0.576175901076775	-0.585799956497145	0.012	0.013	1	USP44	c3
0.0373261505852268	-0.585364389684637	0.014	0.018	1	RAP1GAP2	c3
0.000722128315457537	-0.584676872152184	0.026	0.035	1	ZNF354B	c3
4.04710250596818e-05	-0.584232727838417	0.067	0.083	1	AC087239.1	c3
0.000166057191846206	0.584145042726338	0.031	0.022	1	NFIL3	c3
0.0581265369407936	-0.583447355623293	0.046	0.052	1	BEX3	c3
0.00157217293089292	-0.58294950850718	0.244	0.248	1	SPRY1	c3
0.0222901855007542	-0.582374112993769	0.043	0.05	1	APBB3	c3
0.0534767763577455	-0.580846736226862	0.02	0.024	1	URB2	c3
0.00135759894396238	-0.578653882933265	0.017	0.024	1	ZIK1	c3
0.00122645953525634	-0.578516319825649	0.014	0.021	1	ZNF530	c3
0.00105279137596052	-0.57671415849125	0.072	0.084	1	ATF5	c3
0.0555091532915973	-0.574673720062958	0.007	0.01	1	UFSP1	c3
0.0191036747532118	-0.574295254083503	0.014	0.019	1	AC025259.3	c3
0.0811461761481479	-0.5737216484595	0.012	0.016	1	PPM1L	c3
0.0273445859419894	-0.57343518264676	0.007	0.011	1	AC010226.1	c3
0.0092399988444373	0.572559899475324	0.011	0.008	1	GPRC5D-AS1	c3
7.78454766729639e-05	-0.572470580222882	0.114	0.13	1	PVT1	c3
0.047178034200921	-0.571566260414188	0.007	0.01	1	ADSSL1	c3
0.0740784036049057	-0.571469248217913	0.011	0.014	1	HSD11B1L	c3
0.0387768968633544	-0.570203505175853	0.012	0.015	1	C1orf56	c3
0.107855751546198	-0.570164916792937	0.016	0.019	1	MTMR8	c3
0.0466365412996072	-0.569580436255954	0.012	0.015	1	CHKA	c3
4.55789387779078e-05	0.569276530122495	0.013	0.008	1	AC008537.4	c3
0.000448922259872225	-0.567913440438438	0.033	0.044	1	MKL2	c3
0.118966536451895	-0.567793951700605	0.014	0.017	1	VSIG10	c3
0.000331433840831449	-0.567576600697421	0.041	0.053	1	SLC7A1	c3
6.41292057188145e-05	0.567066680046873	0.011	0.006	1	PSD	c3
8.02493920685086e-05	-0.566903352623	0.034	0.046	1	NCKIPSD	c3
0.0303422747836669	-0.56556376730564	0.008	0.012	1	RAB19	c3
0.000603754343343742	-0.56509385058869	0.023	0.032	1	PUS7	c3
0.0127183224917547	-0.564631082474743	0.01	0.015	1	ZNF630	c3
6.0161172022941e-05	0.563027585848703	0.017	0.011	1	AC007448.3	c3
0.000755269332736159	-0.56105177462294	0.057	0.069	1	FAM69A	c3
5.40733056370447e-05	-0.560412679695656	0.039	0.053	1	DUSP14	c3
0.0140318814701102	-0.560002251023793	0.013	0.017	1	ZNF547	c3
0.00587545319465315	-0.559279761121636	0.034	0.042	1	ZNF333	c3
0.00923014774794478	-0.559092715983944	0.009	0.014	1	ZNF888	c3
0.00132158596907439	-0.558953890771976	0.016	0.023	1	TREX1	c3
0.105343445031101	-0.558804843491262	0.014	0.017	1	RGS18	c3
0.412755259760752	-0.558600645348075	0.08	0.081	1	DHFR	c3
0.0109339312949759	0.557912932390138	0.024	0.019	1	SPINDOC	c3
0.0127842686360459	-0.557301578276645	0.03	0.037	1	SAP25	c3
0.0544519842630471	0.55641849274468	0.012	0.01	1	AC239868.2	c3
3.7610393882482e-05	-0.556051519465093	0.079	0.095	1	COQ7	c3
0.0480254984624547	-0.555650578798333	0.023	0.027	1	REEP6	c3
0.0764922322993374	-0.555347194971453	0.018	0.021	1	ZNF813	c3
7.24793963234903e-05	0.555172084455783	0.023	0.016	1	AC245060.5	c3
8.33021784901321e-05	-0.554912069307953	0.073	0.089	1	TMEM191C	c3
0.000139656032781933	0.554483952867184	0.01	0.006	1	AC022973.3	c3
0.00473358776274894	-0.553961424484577	0.03	0.038	1	KIFC3	c3
0.00156991516775191	0.553705389903998	0.011	0.007	1	POLR2J2	c3
0.00196721725108423	-0.552525233727953	0.025	0.033	1	THBS1	c3
0.0695983499446183	-0.552153447219958	0.009	0.012	1	AL035413.1	c3
0.00298987719448806	-0.551117549902508	0.028	0.036	1	SEPT8	c3
0.0840576760864876	-0.550468912354676	0.008	0.011	1	AL359834.1	c3
0.000317931664388068	-0.550299795956265	0.028	0.038	1	WDR4	c3
0.00301898446790379	-0.549306938650978	0.034	0.042	1	BRMS1L	c3
5.90945067935531e-05	-0.548934499503062	0.063	0.078	1	DPH2	c3
0.0197629288730067	-0.548825808857623	0.032	0.038	1	OSER1-DT	c3
0.069783880317182	-0.548598601932863	0.012	0.015	1	LINC01970	c3
0.729433933005391	-0.548394616912912	0.016	0.017	1	BHLHE40-AS1	c3
0.000563676992623463	-0.546882194415642	0.026	0.036	1	CLUH	c3
0.264150048125103	-0.546762184239045	0.035	0.037	1	NCR1	c3
0.00225539787947427	-0.546387734006924	0.027	0.035	1	MIR222HG	c3
0.0315632028359102	-0.546381235962424	0.011	0.015	1	IFIT1	c3
0.674592968308611	-0.545876169831418	0.01	0.011	1	AC092368.3	c3
0.00229935472380713	-0.545606864455472	0.029	0.037	1	AJM1	c3
0.00605971430406671	-0.545542454201676	0.036	0.044	1	NOL4L	c3
0.0647470334771933	-0.544968999793491	0.014	0.018	1	TRIM46	c3
0.0415422491200488	-0.54399330354847	0.024	0.029	1	TRAV8-1	c3
0.145087132345272	-0.543830071937554	0.02	0.023	1	HCG11	c3
0.0165938965819884	-0.542461907412249	0.054	0.062	1	ZNF429	c3
0.00692172585035717	0.541372156070901	0.01	0.007	1	AP001107.2	c3
0.00426984567191448	-0.540355424585329	0.044	0.053	1	IFT74	c3
0.000456810584280132	-0.54032762350573	0.036	0.046	1	STAG3	c3
0.00386017849639788	-0.539894418130958	0.173	0.18	1	HIST1H1D	c3
0.0100057516018823	-0.538903331189598	0.022	0.028	1	SLC19A2	c3
0.00093089279231596	0.538300875547404	0.013	0.009	1	AC015813.1	c3
0.00162280028538662	0.538005849860591	0.024	0.018	1	TTL	c3
0.244860642672313	-0.537603796100359	0.024	0.027	1	RLN2	c3
0.000437930578059029	-0.537156357491824	0.013	0.02	1	HAUS7	c3
0.000699799702941623	-0.537082928632857	0.014	0.021	1	GSTCD	c3
0.00136982536219996	0.536651331419741	0.013	0.008	1	AL357033.4	c3
0.17235968946691	-0.536261622177041	0.036	0.039	1	PCBP3	c3
0.0256373506493585	-0.534771544798266	0.008	0.012	1	SPA17	c3
0.00098478034725505	-0.534139577804743	0.048	0.059	1	LIPT1	c3
0.0877194470590809	-0.533692026821128	0.012	0.015	1	ANKRD16	c3
0.000233163853342896	-0.53320910016028	0.032	0.043	1	SLC16A1-AS1	c3
0.00420394509146069	-0.532135462130976	0.027	0.034	1	ZNF839	c3
0.0405577964820418	-0.531624015335792	0.015	0.019	1	B3GNT9	c3
0.00147263739631548	-0.531352152625893	0.032	0.042	1	NUBPL	c3
0.0201301155870744	-0.531210436438892	0.046	0.053	1	STRADB	c3
0.00593446411952999	0.530913316917042	0.014	0.01	1	TRBJ2-7	c3
0.129769971758028	-0.530443672152908	0.011	0.013	1	ZNF577	c3
0.241532889832439	-0.530360517058904	0.039	0.042	1	SPATC1L	c3
0.00621481710697504	0.529733074540846	0.017	0.012	1	AC104184.1	c3
0.000202730484334338	-0.528502922154969	0.043	0.055	1	ZNF71	c3
0.0296546307195123	-0.528239098512084	0.017	0.022	1	PPP1R13L	c3
0.00331725142046318	-0.528088356077792	0.061	0.071	1	ENPP4	c3
0.251742274989046	-0.527949196154642	0.014	0.017	1	CBWD3	c3
0.321741395757217	-0.527848450508906	0.009	0.01	1	AC021092.1	c3
0.00115811600661283	-0.525970708684777	0.034	0.043	1	HABP4	c3
0.0386778963470293	-0.525518269253599	0.028	0.033	1	C14orf28	c3
0.0192204885519486	-0.524965528221018	0.033	0.039	1	MARS2	c3
0.00482177087966262	-0.524601824821459	0.031	0.039	1	KBTBD7	c3
0.000210293661160824	-0.523924976728133	0.079	0.093	1	C1RL	c3
0.00202087134226997	-0.522256585817182	0.03	0.038	1	AC006504.5	c3
0.022058621892888	-0.522201850969941	0.033	0.039	1	TUT1	c3
9.28269047431539e-05	-0.52166530330794	0.066	0.081	1	SUN1	c3
0.000812168600057316	0.521140868569899	0.022	0.016	1	AC091729.3	c3
4.9207754394662e-05	-0.520579632617287	0.026	0.038	1	MSANTD2	c3
0.00322483995981091	-0.519652335045445	0.061	0.071	1	SGSH	c3
0.073160692204799	-0.518545872791561	0.019	0.023	1	ZNF619	c3
0.000297671749230199	-0.518270933940911	0.029	0.04	1	SYNE3	c3
0.00679430923761689	0.518039909115314	0.014	0.01	1	ICA1L	c3
0.0176913528474988	-0.517974115914086	0.052	0.06	1	DCUN1D4	c3
0.00274831232178605	0.517733691660272	0.059	0.05	1	TRAV21	c3
0.413636936215729	-0.517163113634885	0.181	0.179	1	ATF3	c3
0.307336563412993	-0.517004992914176	0.016	0.018	1	IL11RA	c3
0.00187662589617566	-0.515842010321621	0.037	0.047	1	ZNF318	c3
0.0019955743178354	-0.515806952711913	0.021	0.029	1	IFNL1	c3
0.0130749770524698	-0.515125901479474	0.052	0.06	1	EDARADD	c3
0.0222558719166447	-0.514430726596513	0.007	0.01	1	NEFH	c3
0.00896505008105953	-0.513965126889863	0.016	0.022	1	AL138895.1	c3
0.0450661196904896	-0.513776955086674	0.019	0.023	1	TSTD3	c3
0.000823900571472086	-0.513172700985439	0.044	0.055	1	MARCH8	c3
0.0114228167750803	-0.512655910818988	0.029	0.036	1	TLR1	c3
0.012551761235316	-0.512608201105168	0.024	0.03	1	WDR27	c3
0.0268837540759054	-0.512454255328646	0.028	0.033	1	ZXDA	c3
0.00148136128433733	-0.511182587248186	0.064	0.075	1	BCKDHB	c3
0.187918208694328	-0.51049890988683	0.065	0.068	1	CACNA2D4	c3
0.000506996379634086	-0.510364674721498	0.038	0.049	1	FAM221A	c3
0.000117824289357641	-0.510052020166014	0.075	0.091	1	TFB2M	c3
0.0211762635993358	0.508432290597034	0.018	0.014	1	AFMID	c3
0.00612289248009295	-0.508354531129401	0.021	0.027	1	ZNF823	c3
0.00663663897095667	0.507571429729846	0.014	0.01	1	ARPC1A	c3
0.0324616067546865	-0.507410502133578	0.019	0.024	1	AC090517.4	c3
0.100466237405704	-0.507346290310579	0.013	0.017	1	ZNF501	c3
0.210616040540992	-0.50608289894013	0.025	0.028	1	PLEKHM3	c3
0.000420066639285817	-0.506006890493409	0.041	0.052	1	ICK	c3
0.000810441486042069	0.505242740960858	0.014	0.009	1	AC139887.4	c3
0.00647592059878451	-0.50464983169323	0.016	0.022	1	KIAA1841	c3
0.000222627140426416	-0.504456375963465	0.078	0.092	1	HGSNAT	c3
0.00343421556911405	-0.504273178716711	0.021	0.028	1	FBXL14	c3
0.000304432233318012	0.503406685872824	0.014	0.009	1	LINC00987	c3
0.00301221875347018	-0.501342057536363	0.039	0.048	1	ALG9	c3
0.421022793393073	-0.501304348368154	0.014	0.016	1	ASCL2	c3
0.00173064735342443	-0.501023089994636	0.047	0.057	1	PICK1	c3
0.00143143362788217	-0.500656797135123	0.106	0.118	1	RNF139-AS1	c3
0.00118363499521545	-0.499814433075008	0.194	0.204	1	HIST1H1E	c3
0.000643666933819165	0.499039446156444	0.015	0.01	1	ADAM9	c3
0.174366009659171	-0.497534319685558	0.011	0.013	1	ZNF284	c3
0.000610960936782778	0.497466912410839	0.012	0.007	1	MRC2	c3
0.000157055819280723	-0.497343223493325	0.031	0.043	1	POMGNT2	c3
0.0134581840784577	-0.496768897998071	0.054	0.062	1	SLC5A6	c3
0.330902747740044	-0.496581266399478	0.012	0.014	1	RHOBTB2	c3
0.00514618490097932	0.496412184618864	0.014	0.01	1	PHETA2	c3
0.0267329219391635	-0.495959066357933	0.025	0.03	1	ZXDB	c3
0.00113513809367621	-0.495621301253926	0.036	0.046	1	DUS4L	c3
0.000113700664351161	0.495487431016488	0.017	0.01	1	AGBL2	c3
0.129840495571138	-0.495252123857296	0.01	0.012	1	CATSPERG	c3
0.00482360603549597	0.494685965397115	0.01	0.006	1	CPT1B	c3
0.461636547168786	-0.493836587224186	0.012	0.013	1	MUC12	c3
0.0144154252705325	-0.493682122751363	0.033	0.04	1	GSAP	c3
0.0655399428302062	0.493627016115056	0.022	0.018	1	LINC01572	c3
0.00837726118323115	0.493534002383327	0.032	0.026	1	MAP3K20	c3
0.000211019723550671	-0.493431036277284	0.063	0.076	1	DHRS12	c3
0.00219122269006615	-0.493183456787537	0.024	0.032	1	TOR4A	c3
0.00166843023080447	-0.493096470257111	0.027	0.036	1	NOL6	c3
0.0015778395628435	0.492907379810117	0.01	0.006	1	COG8.1	c3
0.00921283432914008	0.492820000809854	0.018	0.013	1	AC005944.1	c3
0.000889052946886447	-0.492586813696462	0.056	0.067	1	WDR3	c3
0.576898943154186	0.49217521915385	0.021	0.02	1	FAAP24	c3
0.649412768421535	-0.492136388528706	0.01	0.011	1	AC090114.2	c3
0.14473687508695	-0.492067721020412	0.025	0.029	1	WDPCP	c3
0.000598832532917097	-0.491442676065014	0.069	0.082	1	MRNIP	c3
0.0371483637801306	-0.491409276482037	0.028	0.033	1	PACS2	c3
0.0235733175012435	-0.491049652651974	0.032	0.038	1	LINC00957	c3
0.0134489988739959	-0.491034890855528	0.015	0.02	1	LINC01011	c3
0.0506393729952743	-0.490952751925725	0.058	0.064	1	SLC2A11	c3
0.0463353813367112	-0.490621719022052	0.02	0.024	1	ZNF74	c3
0.00493348176772957	-0.490021668851426	0.042	0.051	1	MECR	c3
0.000280081602552785	-0.489782088087282	0.047	0.059	1	UTP20	c3
0.000150132572454638	-0.489546055428435	0.079	0.094	1	SNRNP48	c3
0.00232476122807762	-0.489469826907302	0.093	0.104	1	NT5C3B	c3
0.00366080663337228	-0.48844124524766	0.041	0.051	1	YAE1D1	c3
4.08994669824733e-05	0.487916458127057	0.025	0.017	1	SLX1A	c3
0.591405195673994	0.487904215402741	0.011	0.011	1	C18orf54	c3
0.00569641506261704	-0.487612179545577	0.071	0.081	1	ABCD3	c3
0.00938825747938459	-0.487427960813932	0.078	0.087	1	MAN2C1	c3
0.651712426191912	-0.487337881422971	0.017	0.016	1	PLAT	c3
0.000311473218376327	-0.487191380216276	0.061	0.075	1	PPP1R3E	c3
0.00462503213218951	-0.486921851075014	0.027	0.035	1	AC006449.6	c3
0.00427534610097571	-0.486338440257058	0.047	0.056	1	HTD2	c3
0.000550537365391667	0.486294529545878	0.018	0.012	1	RBM15-AS1	c3
0.00134015590683693	-0.485256051773374	0.024	0.033	1	COL5A3	c3
0.055313223658565	-0.485219678591789	0.027	0.032	1	TRIM16	c3
0.000116603958497058	-0.484888982741325	0.113	0.129	1	SLC39A6	c3
4.75481211440408e-05	-0.484301522102123	0.051	0.066	1	SFR1	c3
0.0759063215075825	-0.483160459511393	0.019	0.023	1	TMEM182	c3
0.114359867538819	-0.483092867019871	0.018	0.021	1	CAMSAP1	c3
0.00212116292400288	-0.482517019282763	0.035	0.044	1	ZNF41	c3
0.00496300926393216	-0.482260927485412	0.083	0.093	1	NAT9	c3
0.265130590467044	-0.481562550124377	0.039	0.042	1	HHLA3	c3
9.48627514574408e-05	0.48096499101315	0.022	0.015	1	KIF3C	c3
8.40102596864823e-05	0.480788051976353	0.061	0.048	1	PDXP	c3
0.034628804870561	-0.480669195322577	0.017	0.022	1	ENC1	c3
0.278646077312058	-0.48062231145704	0.012	0.014	1	SPATA7	c3
0.283138682692317	-0.480401449824558	0.014	0.016	1	BCL9	c3
0.00118739061087085	-0.480163596815528	0.05	0.061	1	CFL2	c3
0.00147532089788883	-0.479859039772737	0.059	0.07	1	CDK8	c3
0.000418436000307584	0.479835255207472	0.041	0.032	1	TRAV25	c3
0.0233681320899882	-0.478786790554667	0.025	0.031	1	RNASEH1-AS1	c3
0.00327024460136471	-0.478645695677985	0.056	0.067	1	DHRS4L2	c3
0.00380865641247693	0.47837066513935	0.078	0.067	1	TRAV17	c3
0.149331521762395	-0.4783209490282	0.011	0.014	1	ANO8	c3
0.000228554964252263	-0.47750345213419	0.062	0.076	1	PRMT5	c3
0.0576007543325732	-0.477486058406982	0.035	0.04	1	AL359915.2	c3
0.0374857127625605	-0.4774676292905	0.031	0.037	1	SNHG10	c3
0.0159609806481984	-0.477261202128338	0.039	0.046	1	ERLIN1	c3
5.3132380746496e-05	-0.476047262037126	0.067	0.083	1	ANKRD46	c3
0.416746452966795	-0.475447078971853	0.012	0.013	1	AC092279.1	c3
0.17434555671909	-0.475251449889123	0.011	0.013	1	SLC29A2	c3
0.0514834930783303	-0.475196360935161	0.017	0.021	1	TMEM268	c3
0.000801580061497411	-0.474750455099137	0.053	0.064	1	TRMT61A	c3
0.11716780510659	-0.474163032797077	0.013	0.016	1	RCAN1	c3
0.000714842482652538	-0.473766893219215	0.126	0.139	1	LTBP4	c3
0.0497857841247496	-0.473340666825826	0.01	0.013	1	EXT1	c3
0.000228945159698695	0.473234223032746	0.019	0.012	1	EVI5L	c3
0.00305457951633643	-0.472409263648817	0.04	0.049	1	AARS2	c3
0.00461315472387518	-0.471515869835073	0.055	0.065	1	VAV3	c3
0.00175634053998522	-0.470994360898673	0.034	0.043	1	HYPK	c3
0.0738551797394787	-0.470504766574122	0.015	0.019	1	AC009126.1	c3
0.0678357997088158	-0.470342501742772	0.029	0.033	1	PXYLP1	c3
0.0170037569581616	0.470071170667376	0.043	0.037	1	TRBV6-1	c3
0.000769069052575979	-0.469966853836773	0.118	0.131	1	NSUN6	c3
0.00412145835200165	-0.469185058536948	0.047	0.056	1	RBM43	c3
0.000214259852645015	-0.467033975029713	0.134	0.149	1	KANSL1-AS1	c3
0.404443687664384	-0.466973334646195	0.034	0.036	1	PON2	c3
0.0103437014044759	-0.46678820520112	0.013	0.018	1	AVEN	c3
0.000188555507025884	-0.466330015418803	0.068	0.083	1	RFNG	c3
0.000183555906475938	-0.46610809608874	0.059	0.073	1	ATRIP	c3
0.0093013417838982	-0.465901653723216	0.037	0.044	1	NPEPL1	c3
0.000772835513884134	-0.465704614650698	0.071	0.084	1	ENTPD6	c3
0.00052823561972899	-0.46536217994533	0.033	0.044	1	CBY1	c3
0.00144510556842363	0.465082144589605	0.017	0.012	1	BCL7A	c3
0.00014682505955669	0.464546902594412	0.022	0.015	1	AC004241.1	c3
0.000149810141557	-0.464377510603812	0.075	0.09	1	IFIT5	c3
0.000215045733243082	-0.464366017082619	0.114	0.129	1	PREPL	c3
0.00163710471973369	-0.464247857301661	0.117	0.129	1	WWP1	c3
0.000426681415838945	0.464183350630467	0.015	0.01	1	C17orf97	c3
0.116258022742097	-0.463956394446186	0.023	0.027	1	CYP2U1	c3
0.067454809698785	-0.463092499331606	0.014	0.017	1	TWNK	c3
0.191283961201245	-0.462305182035252	0.011	0.013	1	MMACHC	c3
0.190706327663537	-0.461307899768611	0.013	0.015	1	CEBPA	c3
0.0762588610489954	-0.460083255278233	0.016	0.019	1	EXOC3-AS1	c3
4.45203981855958e-05	0.459958696690347	0.019	0.012	1	VPS9D1	c3
0.390912682433776	-0.459853913207895	0.044	0.047	1	ST8SIA1	c3
0.0132362026687694	0.45961421840768	0.018	0.013	1	ALDH4A1	c3
0.00819991638430323	0.459481671038308	0.015	0.011	1	DNAJB5	c3
0.0668373367458584	-0.459154269906761	0.014	0.018	1	ZNF837	c3
0.000291976944125841	0.458617824830191	0.019	0.013	1	ITPRIPL2	c3
0.16966896234092	-0.458133937968437	0.02	0.023	1	ZBTB9	c3
6.56016531812612e-05	-0.457411311457126	0.057	0.072	1	CTU2	c3
0.021228184595473	0.456734702753881	0.012	0.009	1	TFR2	c3
0.00204519453101765	-0.456285762673042	0.063	0.074	1	RECK	c3
0.000389546179904372	-0.456109226151141	0.068	0.082	1	CCDC58	c3
5.62257908555168e-05	-0.455406258198808	0.086	0.103	1	PIEZO1	c3
0.226290101539968	-0.455148938555504	0.018	0.02	1	KLHDC1	c3
0.360820396725585	-0.455129120970585	0.132	0.125	1	TRGV2	c3
0.175152196708982	-0.454776783277246	0.031	0.034	1	RUFY3	c3
0.660203054332899	-0.454065071516776	0.036	0.037	1	TRAV23DV6	c3
0.000783696514340608	-0.454048566806657	0.045	0.056	1	WWOX	c3
0.311992527042639	-0.454046404973652	0.017	0.019	1	ZNF354C	c3
0.0322160215693535	-0.451421796673858	0.035	0.041	1	MKS1	c3
0.000131360384260611	0.451084771207779	0.023	0.016	1	HIRA	c3
0.00212687579102325	-0.450882971027256	0.031	0.039	1	NEDD4	c3
0.0660434341727867	-0.450744024447348	0.039	0.045	1	AP002748.3	c3
0.119159208379371	-0.450693961852244	0.039	0.043	1	TMEM44-AS1	c3
0.00185303772904274	-0.449780605614261	0.041	0.051	1	C15orf41	c3
0.0217856670490438	-0.448543697462612	0.034	0.04	1	C22orf46	c3
4.24732967289492e-05	0.448526574894382	0.013	0.008	1	RASSF4	c3
0.00605715331556692	-0.448512278232153	0.01	0.015	1	THSD8	c3
6.41247464449175e-05	-0.44815158217685	0.012	0.021	1	XRCC3	c3
0.114508661929428	-0.448100484987695	0.072	0.076	1	HOTAIRM1	c3
0.00362773012976601	-0.44808884133182	0.013	0.019	1	ZNF726	c3
6.41380003953945e-05	-0.447488238481704	0.127	0.145	1	SC5D	c3
0.312884782329806	-0.447437831955771	0.015	0.017	1	RWDD2A	c3
0.00015929578886933	0.446157161440986	0.024	0.016	1	AL121832.2	c3
0.00387168447507899	-0.445330853084937	0.048	0.057	1	HIPK2	c3
0.0638841978645114	-0.445228247096055	0.036	0.041	1	RABL2A	c3
0.124214037550211	-0.444962640083263	0.016	0.019	1	TMTC2	c3
0.109237814357908	-0.443894823151114	0.033	0.037	1	PMEPA1	c3
0.0423815405325705	-0.443778124572908	0.029	0.035	1	TMEM177	c3
0.0156227139143346	-0.44356479603508	0.014	0.019	1	MESP1	c3
0.000447205429155064	0.443374498095022	0.014	0.009	1	CLHC1	c3
0.0998014990517243	-0.443371025790875	0.077	0.082	1	SH3TC1	c3
0.000559211601198405	-0.442895989934364	0.089	0.102	1	TMEM185B	c3
0.114573654333822	-0.442193486177297	0.037	0.041	1	AACS	c3
0.672886573913194	-0.441787242799121	0.01	0.01	1	TRBV6-4	c3
0.0122511633077136	-0.441661004273841	0.047	0.055	1	FAM234A	c3
0.0667081336694282	-0.441275448084438	0.029	0.034	1	IFT46	c3
0.108513322927746	-0.440115090046817	0.015	0.018	1	HYAL3	c3
0.912249491878256	-0.439971990525861	0.011	0.011	1	SPACA6	c3
0.00313100560419825	0.439181529946779	0.028	0.022	1	RNF122	c3
0.02719071527448	-0.438698406081763	0.017	0.022	1	FBXW9	c3
0.0367123449326145	-0.438697626466197	0.056	0.062	1	DTD2	c3
0.0881322584144698	-0.438306961775214	0.056	0.061	1	RAB43	c3
0.160792352318717	-0.43826323098514	0.008	0.011	1	AC073389.1	c3
3.98145702428407e-05	-0.438164421354639	0.048	0.063	1	CCDC34	c3
0.18905889202674	-0.43803259927673	0.019	0.022	1	LINC00526	c3
0.321166813824329	-0.437727422400608	0.015	0.017	1	ZNF546	c3
0.0109469976104635	-0.437638232739903	0.055	0.064	1	RPAP1	c3
0.000999687349757848	-0.437435259290766	0.082	0.095	1	NHEJ1	c3
0.038083852428893	-0.437145489264264	0.015	0.02	1	NOD2	c3
0.00662931386793033	0.436781326877341	0.01	0.007	1	B3GAT2	c3
0.00263084759710095	0.436665452094845	0.015	0.01	1	SUMO4	c3
0.10809923991806	0.43582217470687	0.02	0.017	1	BCAT1	c3
0.00117354741351892	-0.434626140425263	0.11	0.123	1	ZMAT3	c3
0.000393436043617709	-0.434451273273349	0.082	0.096	1	TMA16	c3
0.00252365227621791	-0.434115301944739	0.048	0.058	1	ZNF66	c3
0.000429855551269643	-0.434095703328982	0.121	0.136	1	PDLIM5	c3
3.93931160908217e-05	-0.433884995585887	0.098	0.116	1	CERS4	c3
0.00216774306674027	-0.433334824729085	0.048	0.058	1	POT1	c3
0.000137666523063609	-0.433124611118373	0.081	0.097	1	NUDCD1	c3
0.000915523169948807	-0.432505260998892	0.035	0.045	1	GIN1	c3
4.83018162829081e-05	0.431017980739905	0.023	0.015	1	SBK1	c3
0.00117809029915473	-0.430197624052427	0.017	0.025	1	PHF7	c3
0.000757222603590973	-0.429474267974892	0.08	0.094	1	PEMT	c3
0.00490034827962254	-0.429334250737916	0.112	0.123	1	LRRC8D	c3
0.297585920145028	-0.428977873068821	0.139	0.14	1	ZC3H12D	c3
0.00204268956086011	-0.428917203373879	0.039	0.049	1	MBNL3	c3
0.00163125777471961	-0.42886267289325	0.063	0.075	1	ST7L	c3
0.0132558978957794	-0.428650144087972	0.05	0.058	1	QTRT2	c3
0.0470368408806742	-0.428524758770676	0.029	0.034	1	DISC1	c3
5.60415198205021e-05	-0.42799794629881	0.159	0.176	1	SLC7A6	c3
0.0717725973423118	0.426875010026078	0.012	0.009	1	GNB4	c3
0.00144858167068277	-0.424419950081345	0.014	0.02	1	HILPDA	c3
0.019123743902419	0.424346374246608	0.019	0.015	1	MBLAC1	c3
0.187557223641965	-0.423858176306303	0.024	0.028	1	CSAD	c3
0.00400144435791724	-0.423585715908766	0.061	0.071	1	WDR12	c3
0.0246226781137532	-0.422961654350442	0.071	0.079	1	B4GALT4	c3
0.0209843996173147	-0.422621183906003	0.081	0.089	1	THG1L	c3
0.000558286591798	-0.422503301071709	0.082	0.096	1	PECR	c3
0.069139314004945	-0.422203029872229	0.014	0.017	1	L2HGDH	c3
0.106383601808656	-0.422122419095704	0.028	0.033	1	DDX28	c3
0.00127360323571205	-0.422027520415247	0.037	0.047	1	ERLIN2	c3
0.00243467456539652	-0.421905894050725	0.006	0.01	1	TRBV25-1	c3
0.00912064204305388	-0.421905301945528	0.098	0.108	1	AC100810.1	c3
7.92252113015363e-05	-0.421817099909918	0.154	0.17	1	BEX4	c3
0.130783415800915	-0.421681881644081	0.068	0.073	1	WHRN	c3
0.334457789740708	-0.421482664927415	0.013	0.015	1	ZDHHC9	c3
0.0151805484845595	-0.421396757240679	0.054	0.062	1	FAM206A	c3
0.158484117603603	-0.420962170109829	0.027	0.03	1	ZNF527	c3
0.181265972944205	-0.420672109801043	0.04	0.044	1	LIN7B	c3
0.0411879502895422	-0.420578865325075	0.062	0.069	1	ZNF557	c3
0.000889873417690398	0.420468708934798	0.012	0.007	1	ROM1	c3
0.00930305167178828	-0.420111625525952	0.062	0.071	1	SLC16A1	c3
0.0742017443945578	-0.420015912701527	0.044	0.05	1	ZBED5-AS1	c3
0.836522515457371	-0.41969297020802	0.014	0.013	1	KLHL3	c3
0.0234966208161911	0.419426325168021	0.021	0.016	1	AL080276.2	c3
0.0023474288673943	-0.418834110887198	0.123	0.136	1	ITGB2-AS1	c3
0.00805563316540794	0.418161816682543	0.011	0.007	1	AC114490.3	c3
0.160870668023183	-0.418121660078691	0.022	0.025	1	SETMAR	c3
0.00364264589253633	-0.417663041750913	0.135	0.145	1	HDHD3	c3
0.2507012973382	-0.417601360628132	0.016	0.018	1	ADCK1	c3
0.00899330856809525	-0.416844107041564	0.16	0.169	1	MCM5	c3
0.105304809533248	0.416610755774753	0.01	0.007	1	AC009005.1	c3
0.000824495168027	-0.416595525961112	0.076	0.089	1	AL157402.2	c3
0.0153930774233619	-0.415980702265176	0.06	0.068	1	DSTYK	c3
0.138678327477928	-0.415434405625605	0.046	0.05	1	ZNF780B	c3
0.0015903223026246	-0.415312785848722	0.092	0.104	1	SUMF1	c3
9.23864558876497e-05	-0.41519741370759	0.052	0.066	1	KIAA1328	c3
0.00107537738503449	-0.415183358002535	0.033	0.043	1	KNSTRN	c3
0.00164965401937616	-0.414948204724755	0.037	0.047	1	VEGFB	c3
0.000244345698045599	-0.414822425333178	0.077	0.092	1	COQ8A	c3
5.11563215206719e-05	0.41418165933955	0.042	0.031	1	IRAK2	c3
0.0393017145127459	-0.413656655100775	0.047	0.053	1	MYO1C	c3
0.000170103230036517	0.412380593325103	0.024	0.017	1	ST20	c3
0.274985858852908	-0.411631957058134	0.01	0.012	1	SNED1	c3
0.00585714503923664	-0.411535983896466	0.014	0.02	1	MTBP	c3
0.00143361880040087	-0.410859044440262	0.086	0.099	1	PLA2G12A	c3
0.160175553588524	-0.409609226689883	0.05	0.054	1	TRIT1	c3
0.00534381576161823	-0.409595453958969	0.065	0.075	1	ABHD15	c3
0.0048318915756729	0.409533355545012	0.017	0.012	1	CNNM4	c3
3.5923824561137e-05	-0.409133773371825	0.028	0.04	1	CTNNAL1	c3
0.201761363566282	-0.408694071037624	0.022	0.025	1	JRKL	c3
0.334658569474507	-0.408209371872421	0.017	0.018	1	NOCT	c3
0.0154528856306325	0.407097657051207	0.022	0.017	1	ZNF286B	c3
0.0118425428330315	-0.406996773391185	0.046	0.054	1	DNAAF5	c3
0.00195816957459917	-0.406632189099324	0.056	0.068	1	NUFIP1	c3
0.00624320735963586	-0.406028097724235	0.102	0.112	1	TASP1	c3
5.55257108041536e-05	-0.405710221941948	0.171	0.186	1	ZNF32	c3
0.000417746307111876	-0.40559419132063	0.053	0.066	1	RACGAP1	c3
0.00221882595510276	-0.404795268365818	0.081	0.093	1	ERGIC1	c3
0.00510967712962054	-0.404570077557716	0.034	0.043	1	C11orf80	c3
0.000226068846568687	-0.404486460846537	0.144	0.16	1	TYW3	c3
0.000174703741245528	-0.404366369672298	0.222	0.235	1	KMT2E-AS1	c3
0.00355225792038992	0.404337498627221	0.028	0.021	1	SLX4	c3
7.26808381211419e-05	-0.403960003919946	0.077	0.094	1	ILVBL	c3
0.000262533784595889	0.403640778822679	0.024	0.017	1	KCTD2	c3
3.60025101229248e-05	-0.402121874209715	0.114	0.132	1	P4HA1	c3
0.00152827810058028	-0.402008517609348	0.269	0.273	1	NEU1	c3
0.000785470577520296	0.401633322589872	0.019	0.013	1	DNAJC3-DT	c3
0.0341285535367112	-0.401589867724637	0.057	0.064	1	RALGAPA2	c3
0.000123159882554242	-0.401220292683353	0.082	0.099	1	MRPL23	c3
0.083278234248863	-0.400801111750654	0.016	0.019	1	CCNYL1	c3
0.23947010565814	-0.400340397762264	0.051	0.055	1	HEATR6	c3
0.000268540921125801	-0.400135388505515	0.081	0.096	1	SHQ1	c3
0.500902165938999	-0.400057496675974	0.015	0.016	1	AL353708.3	c3
0.0656565435765337	-0.399896782885885	0.03	0.035	1	EPN2	c3
0.128302046978614	-0.399608627473357	0.011	0.013	1	FGD2	c3
0.000112480723672119	-0.39952468492748	0.127	0.145	1	TBRG4	c3
0.0295739891956948	-0.399461266142215	0.01	0.014	1	LRTOMT	c3
0.00794721937886832	-0.398955822998386	0.151	0.162	1	GLA	c3
0.0221800775667667	0.398142287650307	0.021	0.017	1	ZNF133	c3
7.47987295451385e-05	0.397803938492625	0.038	0.028	1	KAT14	c3
0.0809302380626031	-0.396868561738755	0.073	0.078	1	CRY2	c3
0.00498981022156638	-0.396722277960945	0.164	0.172	1	PDK3	c3
0.00273835605527155	-0.396646657069653	0.077	0.089	1	B4GALT7	c3
0.233756210134061	-0.395026449042957	0.027	0.03	1	FPGT	c3
0.312831851656433	-0.39456182938324	0.028	0.026	1	TRAV20	c3
0.127177375360052	-0.394355131532859	0.01	0.013	1	ZNF280B	c3
0.0358659150100742	-0.394273884311723	0.037	0.043	1	ABHD6	c3
0.419465459363522	-0.393923814776191	0.01	0.012	1	C17orf100	c3
0.00044028385695741	-0.393188331284654	0.12	0.135	1	FUOM	c3
0.0955808959636159	-0.393132355023805	0.029	0.033	1	F8A3	c3
0.523847966617099	-0.39310401314795	0.031	0.032	1	RAPGEF2	c3
0.229560994814813	-0.392930574688041	0.054	0.057	1	RYK	c3
0.000162443363653647	0.392824691764479	0.037	0.028	1	CPNE2	c3
0.0129684476579348	-0.39253210237613	0.074	0.083	1	TRMT11	c3
0.00709046530270524	-0.392030796022127	0.078	0.088	1	CARMIL2	c3
7.51719520319112e-05	-0.391798205440067	0.117	0.135	1	SRFBP1	c3
0.018168978536897	-0.390949620236924	0.083	0.092	1	CETN3	c3
0.623924825708543	-0.390567956145917	0.01	0.01	1	AC084018.2	c3
0.000311015424871996	-0.390269626880318	0.054	0.067	1	NFYA	c3
0.0041569333094924	-0.390104131686209	0.054	0.064	1	MAK16	c3
0.00619138187355291	0.389385519962875	0.032	0.026	1	SRR	c3
0.0257113857919068	-0.389126639931156	0.103	0.111	1	DYRK2	c3
0.000218307100835864	-0.388920203038454	0.065	0.08	1	RNF26	c3
0.00148837465055189	-0.388650816733636	0.007	0.013	1	B4GALNT3	c3
0.000105621893293724	0.388230273233762	0.039	0.029	1	ZSCAN21	c3
0.000714721133910196	-0.387858602175723	0.073	0.086	1	DEF8	c3
0.000715263559878251	0.387691527017399	0.02	0.014	1	SLC30A1	c3
0.0944736426660194	-0.386758307321881	0.029	0.033	1	CACNB1	c3
0.00299805659174234	-0.386468072894411	0.063	0.074	1	TADA1	c3
0.00973042827186671	-0.386465447755903	0.053	0.062	1	IER5L	c3
0.0106995467536878	-0.386271574900837	0.054	0.063	1	LIG3	c3
0.000600855083989865	0.386194164081465	0.012	0.008	1	AC010969.2	c3
0.524462349577035	-0.385449858451558	0.033	0.035	1	PPIP5K1	c3
0.00800294930176743	-0.385431808906298	0.042	0.051	1	UGDH	c3
0.00263907639412616	-0.385005317702679	0.165	0.176	1	TGIF1	c3
0.00370303913796442	0.384838369430127	0.012	0.008	1	AL354696.2	c3
3.8924689310618e-05	0.384753434242637	0.047	0.035	1	BOLA2B	c3
0.000125030548982449	-0.3847228426792	0.091	0.108	1	LRRC14	c3
0.0521320283387041	-0.384351740862175	0.044	0.05	1	EOGT	c3
0.000436343800065435	-0.384241260716868	0.066	0.079	1	LIMK2	c3
0.000117508410873898	-0.383979653502981	0.145	0.162	1	GCLM	c3
0.868774438556015	-0.383873535627525	0.013	0.012	1	L3MBTL1	c3
0.00798471361383282	-0.38251623486087	0.018	0.024	1	CCSAP	c3
0.128285618592573	-0.381996522176403	0.075	0.08	1	RCL1	c3
0.000313574264414145	-0.381995043396331	0.044	0.056	1	RAD18	c3
0.181434598692891	-0.38156592192639	0.022	0.025	1	AC132192.2	c3
0.00123570635847027	0.381383775260153	0.012	0.008	1	AC091814.1	c3
0.816151157670349	-0.38135242347283	0.011	0.01	1	CDKL3	c3
0.365182157776025	-0.3805204535558	0.558	0.525	1	GADD45B	c3
0.00094469855268231	0.380109341240615	0.013	0.008	1	LINC01431	c3
0.00814972152906184	0.379874253838114	0.011	0.008	1	LBX2-AS1	c3
0.000839878333572918	0.379789239477949	0.019	0.013	1	AC002091.2	c3
0.00577416968256318	-0.379393175991296	0.063	0.073	1	EEF2KMT	c3
0.251005461538589	-0.379061146889185	0.04	0.043	1	PRKAB2	c3
0.0494793803008921	-0.378732347540068	0.043	0.049	1	ENTPD3-AS1	c3
0.457425869244067	-0.378348077801656	0.016	0.017	1	ZNF222	c3
7.38951247496613e-05	-0.377854143796829	0.073	0.058	1	TRAV16	c3
0.00331806154527064	-0.377829372252315	0.08	0.091	1	INTS5	c3
6.01069122608093e-05	-0.377401201194304	0.164	0.182	1	RNF168	c3
0.0604689712362793	-0.377325671160136	0.078	0.085	1	THEMIS2	c3
0.000677949671314908	0.377139122315441	0.015	0.01	1	DNAJC25-GNG10	c3
0.0271900735342513	0.377015740655354	0.022	0.017	1	KDELC1	c3
0.174546708611911	-0.376990658484591	0.276	0.27	1	CMC1	c3
0.00270892607048807	-0.376388030159213	0.121	0.134	1	TMEM205	c3
0.180367998611597	-0.375971544122483	0.077	0.081	1	UBE2T	c3
0.326017575730345	-0.375730978242149	0.04	0.042	1	KIAA0355	c3
0.000648715302128309	0.375686941963895	0.029	0.021	1	KRBA2	c3
0.0231541585553465	0.375279018059756	0.01	0.007	1	HIST2H4B	c3
0.251823428420694	-0.374866276993763	0.024	0.026	1	KBTBD6	c3
0.0474322856820109	-0.374605291350955	0.044	0.05	1	PGM3	c3
0.419332585629666	-0.374143586139535	0.054	0.056	1	ADHFE1	c3
0.000248840280606691	-0.373080516757272	0.192	0.205	1	DTD1	c3
0.000457863505985162	-0.372610111458474	0.124	0.14	1	GAR1	c3
0.692625773157183	-0.372273797355907	0.012	0.013	1	MORN1	c3
0.0173084215727437	-0.371687182427066	0.028	0.034	1	PLCB3	c3
0.00208752652581699	-0.371664628707168	0.031	0.04	1	DARS2	c3
0.000284679458423741	-0.371312453677101	0.091	0.107	1	DBP	c3
0.0345602440246166	-0.370543598733665	0.022	0.027	1	VPS37C	c3
0.988919026009418	-0.370542728405379	0.011	0.011	1	PRDM11	c3
8.79120294744456e-05	0.369949371767357	0.026	0.018	1	MAPK12	c3
0.0201358159512022	-0.369697986923021	0.084	0.093	1	PHYH	c3
0.0130540703283912	-0.369640570020504	0.052	0.06	1	AP1AR	c3
0.314510453363053	-0.369494431845252	0.023	0.025	1	STARD9	c3
0.00343562253015664	-0.369274330243673	0.073	0.084	1	NUP205	c3
0.000235140412605675	0.368836873043688	0.034	0.025	1	ZNF487	c3
0.00123872675781309	0.368608726525236	0.012	0.008	1	ZBED6CL	c3
0.166760134604313	-0.368409282076652	0.033	0.037	1	LINC01137	c3
0.00107696757469613	-0.368056147137698	0.144	0.157	1	MMGT1	c3
4.82019484074811e-05	-0.368052255991921	0.153	0.171	1	ATG16L2	c3
0.00123121040150805	0.367697838820953	0.063	0.053	1	CENPL	c3
0.00986025497492762	-0.367517922858901	0.126	0.135	1	LGALS3BP	c3
0.0277710284749548	-0.367502487102679	0.045	0.052	1	C1orf109	c3
0.0130637035557723	0.367436555047079	0.015	0.011	1	MED14OS	c3
3.6558808214448e-05	-0.367195916412939	0.097	0.116	1	REEP4	c3
0.00011405967334271	-0.366857976477405	0.065	0.08	1	DDX20	c3
0.374631272843806	0.366489648078634	0.021	0.019	1	C16orf95	c3
0.00288436998960205	0.366349169473471	0.021	0.015	1	FOXP4	c3
0.196125216804739	-0.365849988755231	0.013	0.016	1	DLGAP3	c3
0.000102068066739052	-0.365567229924109	0.12	0.137	1	ANO6	c3
0.0558285266376013	-0.365298593895378	0.016	0.02	1	KANK3	c3
0.0313824451727721	-0.365214817078996	0.083	0.09	1	NUDT9	c3
0.975135419760742	-0.364743007350727	0.024	0.023	1	TBC1D32	c3
0.051192588200584	-0.364167780884633	0.042	0.047	1	ZNF296	c3
0.201986767541534	-0.364066093751545	0.026	0.029	1	RAI1	c3
0.000965223726958911	0.363966318383434	0.018	0.012	1	AHRR	c3
0.00500414480847592	0.363725965858001	0.012	0.008	1	CA13	c3
0.0103418695704271	-0.363534403060491	0.096	0.107	1	THOC1	c3
0.681332484515316	-0.363441159956091	0.03	0.031	1	SNURF	c3
0.0887707798327223	-0.363225804126156	0.033	0.038	1	ARRB1	c3
0.0299562715679727	-0.363033357809843	0.033	0.039	1	CASP10	c3
0.00868495145558402	-0.362728954460427	0.058	0.067	1	ZNF569	c3
0.441399993967375	-0.362721176871919	0.031	0.033	1	BMPR2	c3
0.00523695282138685	-0.362591455033907	0.078	0.089	1	SLC30A6	c3
0.327759403893776	-0.361838701594277	0.041	0.043	1	POLI	c3
0.00326187547331523	-0.3616872536506	0.08	0.092	1	VARS	c3
0.18736881126109	-0.360599671085316	0.069	0.073	1	CCDC159	c3
0.0286540896008257	-0.358727977010884	0.03	0.036	1	MTHFD1L	c3
0.345630101745806	-0.358083975912108	0.053	0.055	1	TNK2	c3
0.000493182499323773	0.358010595320942	0.035	0.027	1	AP006621.3	c3
0.446238535136649	-0.357809306065491	0.048	0.05	1	AC022916.1	c3
0.803079530569976	-0.357632307180428	0.015	0.016	1	AP003392.6	c3
5.74531524213487e-05	-0.357248359139061	0.121	0.14	1	CDK5RAP1	c3
0.000709075417638262	-0.356768059741122	0.156	0.17	1	ESF1	c3
0.0463368745378172	-0.356715997104947	0.023	0.028	1	BLOC1S3	c3
0.0366017388575306	-0.356611528229707	0.028	0.033	1	ABL2	c3
0.809867640701976	-0.356348989508657	0.022	0.022	1	BLK	c3
0.323824998085806	-0.356257028659579	0.097	0.1	1	BBC3	c3
0.00880818380171772	-0.355950911367345	0.08	0.091	1	ZNF460	c3
0.0766732281192522	-0.355426152424466	0.04	0.045	1	SLC9A6	c3
0.812930963492123	-0.355266554730643	0.031	0.031	1	ZNF783	c3
0.0514096077831559	-0.355135355706913	0.048	0.055	1	TRIM32	c3
0.393598746696759	-0.354997298170725	0.013	0.015	1	HIST2H2AA3	c3
0.0307580862864348	-0.35444394204851	0.036	0.042	1	EFNA4	c3
0.153927717578726	-0.354155267665421	0.009	0.011	1	AL589765.4	c3
0.428659681230354	-0.353781178242528	0.01	0.011	1	AC024592.3	c3
0.578093416271973	-0.353423479598134	0.01	0.011	1	NBPF20	c3
0.00292165347783891	0.353208821906396	0.012	0.008	1	AC078795.1	c3
0.00824247687377783	-0.35312965392971	0.108	0.119	1	SUPV3L1	c3
0.762110896112451	-0.352987857513292	0.01	0.01	1	RORA-AS1	c3
0.0211585289436388	0.352980950893884	0.014	0.01	1	TIAM2	c3
0.2182464332501	-0.352961226723291	0.027	0.03	1	CKMT2-AS1	c3
0.0281557167572607	-0.35242490532663	0.049	0.056	1	TANGO6	c3
0.000582992838911352	-0.352284341311329	0.091	0.106	1	KDM1A	c3
0.000321420770021053	-0.351903289357059	0.145	0.161	1	C1orf174	c3
0.0146355657897296	-0.351782842027251	0.065	0.074	1	POLR3H	c3
0.0308403404623273	-0.351734400547399	0.032	0.039	1	SLCO4A1	c3
0.458072605980799	-0.351684601987601	0.045	0.047	1	CUL9	c3
0.000360952361586304	0.351235257118115	0.054	0.043	1	SNX8	c3
0.000150227183911711	-0.3512031268504	0.121	0.138	1	PGGHG	c3
0.697813720033129	-0.35067560024755	0.021	0.022	1	ZNF512B	c3
0.0237625142584399	-0.350354914232924	0.068	0.076	1	SLC35C1	c3
0.419996443928476	-0.350038776287271	0.016	0.018	1	C17orf107	c3
0.112394114522862	-0.349886848747108	0.061	0.066	1	ACADSB	c3
0.411916753163867	0.349826030104252	0.013	0.012	1	NRAV	c3
0.00442690568578793	0.349330462174184	0.017	0.012	1	AL031963.3	c3
0.489321295776117	-0.349070233143878	0.157	0.155	1	STAM	c3
0.020125301776183	-0.347870903971493	0.079	0.088	1	C6orf120	c3
0.427610272673181	-0.347792853434165	0.022	0.024	1	PER2	c3
0.0178354850473351	-0.347624835299202	0.051	0.059	1	GTSF1	c3
0.000421089381337939	-0.34703368203967	0.181	0.194	1	TAZ	c3
0.0534043976110073	-0.346793016891983	0.027	0.032	1	SSX2IP	c3
0.0123646617166311	-0.346629148458187	0.069	0.078	1	VPS50	c3
0.473700017689507	-0.346593350582252	0.019	0.021	1	ZNF155	c3
0.70788649790502	-0.346174402250804	0.013	0.013	1	AC074032.1	c3
0.271158545803694	-0.3458926498143	0.02	0.023	1	RAB11B-AS1	c3
0.32637051023829	-0.345850100076329	0.075	0.077	1	MAPK8	c3
0.233448794954975	-0.345499660636643	0.059	0.063	1	RHBDD1	c3
0.0676962379373156	-0.345475479968687	0.044	0.049	1	ALKBH8	c3
0.0014185486217464	-0.345301518274819	0.083	0.096	1	RRP9	c3
0.233404078333836	0.344977725584385	0.025	0.028	1	TRBV12-4	c3
6.91165001824694e-05	-0.344747537705411	0.214	0.229	1	CTDSP2	c3
0.00124260369251507	0.344684560351457	0.016	0.01	1	SMN2	c3
0.0145499979141919	-0.34438316705862	0.122	0.131	1	CA5B	c3
0.0149473982758465	-0.34430036518323	0.078	0.088	1	FCHSD2	c3
0.346354143710506	-0.344046740424982	0.027	0.029	1	TSNARE1	c3
0.627043433892373	-0.343771963880986	0.056	0.056	1	ZNF253	c3
0.294696673294173	-0.343273813884511	0.046	0.049	1	KLHL11	c3
0.00480440673095139	-0.34294231010277	0.058	0.068	1	PINK1	c3
0.000134960061434393	-0.342726620692374	0.122	0.139	1	GADD45A	c3
0.238267379893852	-0.342557409522025	0.019	0.022	1	ZNF23	c3
3.17314053294626e-05	0.342378028535682	0.033	0.024	1	CAB39L	c3
0.433784911451847	-0.3420335786673	0.02	0.022	1	C8orf58	c3
0.47403503898007	-0.341859717473301	0.187	0.183	1	NFATC1	c3
6.69305498235081e-05	-0.341302990289274	0.19	0.207	1	TNPO1	c3
0.000119036076420183	-0.341031598603463	0.139	0.158	1	CBX1	c3
0.0140137310895787	-0.3405574151247	0.088	0.097	1	ZBTB4	c3
0.874194318231037	-0.34001932491543	0.029	0.03	1	SMAGP	c3
0.000359580483909849	0.339956189734467	0.03	0.022	1	FBXL18	c3
0.310179174140956	-0.339853067757941	0.02	0.022	1	SH3PXD2A	c3
0.0851107009757621	-0.339790059858123	0.13	0.135	1	SIDT1	c3
0.00269313266004394	0.339784545771971	0.027	0.021	1	POMK	c3
0.0780844013824188	-0.339566755213005	0.057	0.063	1	MOSPD1	c3
0.482888098536777	-0.339547404464883	0.015	0.017	1	TMEM8B	c3
0.000635371164830573	-0.339439591643527	0.147	0.162	1	ABCF2.1	c3
0.00654901273149909	-0.339407169646246	0.118	0.128	1	CYHR1	c3
0.000249661116546127	-0.339093476917264	0.087	0.102	1	SEC22A	c3
0.0168740505245123	-0.339006469946148	0.068	0.077	1	TMEM229B	c3
0.373045061085899	-0.338905808917961	0.103	0.105	1	MAP7D3	c3
0.000903937001009366	-0.338900321571781	0.131	0.146	1	ACYP1	c3
0.0186312530102464	0.338506168589475	0.011	0.008	1	WDR92	c3
0.0173485376043244	-0.338276543483249	0.055	0.063	1	TMEM187	c3
0.00275022289037305	-0.338245280117108	0.204	0.213	1	ABHD13	c3
0.00265625250586237	-0.338200469429939	0.069	0.08	1	HSF2	c3
0.0665957018638174	-0.338151855681718	0.068	0.075	1	ETS2	c3
0.00372978316066847	-0.337685787430381	0.237	0.243	1	TMEM131L	c3
0.228095641327443	-0.337642493994963	0.009	0.011	1	AC069544.1	c3
0.0221959344664222	-0.337439833358731	0.084	0.093	1	ZNF141	c3
0.125466668653229	-0.337434684724344	0.072	0.077	1	CSPP1	c3
9.20338270160589e-05	0.337344110410355	0.074	0.06	1	TOP3A	c3
0.411579271801675	-0.337079366764506	0.029	0.031	1	ZNF446	c3
0.762362022016006	-0.336809348146947	0.015	0.014	1	AP004609.3	c3
0.000276080626580544	-0.336795632341071	0.053	0.067	1	HAUS5	c3
0.00193378460269773	-0.336308080539689	0.083	0.096	1	DPH5	c3
0.000102846742913202	-0.336022618293038	0.311	0.322	1	RIPOR2	c3
0.0669801050482852	-0.335460249293872	0.082	0.088	1	TUBD1	c3
0.0389197946564465	-0.335305782688599	0.087	0.095	1	PJA1	c3
0.00225008283196768	-0.335118055001704	0.151	0.164	1	MED31	c3
0.012657200734877	-0.334838239761415	0.113	0.123	1	LHPP	c3
0.115001630546272	-0.334481378755475	0.041	0.046	1	PDCD2L	c3
0.455166882651232	-0.334394686405279	0.028	0.03	1	KANTR	c3
0.000217264907340944	-0.334374505008079	0.088	0.104	1	UMPS	c3
0.0463782923575658	-0.333439914404994	0.014	0.018	1	NUDT6	c3
0.210039810685454	-0.333242024142772	0.015	0.018	1	LINC00092	c3
0.000239167115593033	0.333036390979681	0.04	0.03	1	SAP30	c3
0.521993400725804	-0.332923615227757	0.056	0.058	1	CLN8	c3
0.0747609831387114	-0.332538977337078	0.077	0.083	1	DUS1L	c3
0.0101484069138691	-0.332383319565608	0.052	0.061	1	HPSE	c3
0.611968254212367	-0.332054687580563	0.018	0.019	1	ABHD14A	c3
0.000377300983066812	0.331893020318017	0.026	0.019	1	ATP11A	c3
0.183768262095311	-0.331500006550392	0.018	0.021	1	TNFRSF12A	c3
0.0143145485334635	-0.331303811961573	0.101	0.111	1	VIM-AS1	c3
0.000270695659299317	0.331212271905884	0.03	0.022	1	AL021453.1	c3
0.0140717770841592	0.330849355257351	0.018	0.014	1	AC010618.3	c3
0.00123088838979128	-0.330697096271915	0.078	0.092	1	JMJD8	c3
0.0637230461114833	-0.330643102632936	0.139	0.145	1	DENND4A	c3
0.638282311987426	-0.330555814391252	0.029	0.03	1	SGPP2	c3
3.57204265205563e-05	-0.33052647798021	0.24	0.256	1	RASGEF1B	c3
0.0941746371854881	-0.330365967661384	0.071	0.076	1	URGCP	c3
0.11357480996727	-0.330112520267737	0.017	0.02	1	FUT4	c3
0.00409158860389118	-0.329899402190788	0.075	0.086	1	POGK	c3
0.00799465043587612	0.329469767516219	0.01	0.007	1	LANCL3	c3
0.0485620971860259	-0.329144417113844	0.107	0.114	1	ARFIP1	c3
0.301612220384272	-0.328823157450487	0.027	0.029	1	ZNF696	c3
0.135965358309252	-0.328682098214002	0.109	0.114	1	FAM122C	c3
0.000365209478581617	-0.328383148663999	0.23	0.242	1	TMEM30A	c3
0.000373934939005446	0.328173096049597	0.036	0.027	1	C19orf54	c3
0.000858607876204556	-0.328101629357699	0.083	0.097	1	DYNLL2	c3
0.0163136547814038	0.327747053616292	0.047	0.04	1	TRAV5	c3
0.0256608671640394	0.327137751662925	0.013	0.01	1	AC211476.2	c3
0.218622026447093	-0.326956021555072	0.061	0.065	1	CLUAP1	c3
0.000164156727260984	-0.326900495091736	0.163	0.18	1	CBR1	c3
0.874748053980974	-0.326354000668805	0.028	0.028	1	SWT1	c3
0.0030619123795995	0.3261051656404	0.019	0.014	1	ENO3	c3
0.774735846858589	-0.325930428985345	0.022	0.022	1	AC092683.1	c3
0.191316304442075	-0.325864532547245	0.08	0.084	1	XKR8	c3
0.100913585192724	-0.325853396309173	0.093	0.098	1	MSRA	c3
0.528902830609371	-0.325673587763619	0.044	0.045	1	LINC01588	c3
0.207397873782079	-0.325627764631168	0.145	0.146	1	CPT1A	c3
3.44323501630978e-05	-0.325587993031664	0.194	0.213	1	CUL4A	c3
0.0338997725596282	-0.325243805057675	0.086	0.094	1	FAM160A2	c3
0.301733300289006	-0.32507252971015	0.013	0.015	1	ZNF436	c3
0.223235251657578	0.324645505105854	0.016	0.013	1	GGPS1	c3
0.466399166434745	-0.324634286758623	0.026	0.028	1	ZNF202	c3
0.248060783729437	-0.324097936323171	0.039	0.042	1	CEP19	c3
0.0258586561670431	-0.323827961416723	0.156	0.163	1	TMEM216	c3
0.00114910201718191	-0.323590021601383	0.153	0.167	1	RSAD1	c3
0.553259609177242	-0.323364909915178	0.009	0.01	1	SGMS1-AS1	c3
0.766643820250415	0.323300820135538	0.01	0.01	1	SLC17A9	c3
0.000138058921253399	0.322794928047264	0.047	0.036	1	FAM216A	c3
0.443180481007807	-0.322790213936924	0.064	0.066	1	SYNGAP1	c3
0.178059896959349	-0.322326559341169	0.042	0.046	1	LYRM9	c3
0.796423983348112	-0.322000850198322	0.018	0.019	1	GPAT2	c3
0.0122742950044299	0.321856969969358	0.028	0.022	1	GTPBP2	c3
0.0015203985962926	-0.321639997293189	0.14	0.154	1	BAG5	c3
0.288605110965611	-0.321103235145258	0.052	0.055	1	ZBTB21	c3
0.0189174580226385	0.321048348412541	0.012	0.009	1	SPAG8	c3
0.0284692115864993	-0.321005625526836	0.094	0.103	1	MDN1	c3
0.00381226178449005	0.320610714200942	0.053	0.044	1	BORA	c3
0.00759403051913273	-0.32028647897705	0.12	0.131	1	UTP3	c3
0.0752935458591205	-0.320206442714275	0.054	0.06	1	CETN2	c3
0.0567782074294586	-0.320123957012831	0.156	0.16	1	WDR77	c3
0.00119776290610567	-0.320090883643653	0.098	0.112	1	RNF219	c3
0.00047207378819497	-0.320073792030494	0.148	0.164	1	HEBP2	c3
0.437996012562964	-0.320031950199461	0.016	0.017	1	LRRC37A2	c3
0.0389213303430907	-0.320027980671654	0.106	0.114	1	C19orf48	c3
0.425247765344858	-0.319624161788921	0.025	0.027	1	PACRGL	c3
0.410578002725068	-0.319444970126909	0.035	0.037	1	DCAF4	c3
0.00536926583043882	-0.319357431376003	0.103	0.115	1	ORC3	c3
0.0076511447789974	-0.319309762557091	0.035	0.043	1	SLC19A1	c3
0.0272578619013732	-0.319056693511059	0.082	0.09	1	STRBP	c3
0.148112856285873	-0.319011182845673	0.033	0.037	1	SFT2D3	c3
0.00303673507063435	0.318395655280318	0.02	0.015	1	CCDC106	c3
3.25004495527346e-05	0.318027843713004	0.033	0.023	1	AL136962.1	c3
0.00109360358642428	-0.317701146321583	0.104	0.118	1	ALG8	c3
0.000106277493705719	0.317571038643369	0.043	0.033	1	PQLC1	c3
0.556671893450447	0.317480698647381	0.018	0.019	1	CCNE1	c3
0.717539912044658	-0.317414263353753	0.011	0.011	1	AC093249.6	c3
0.0672447227003473	-0.317038234630472	0.045	0.051	1	PDIK1L	c3
0.0108322753312339	0.316908787772875	0.029	0.023	1	PLCXD1	c3
0.61558200934192	-0.316900814881867	0.094	0.095	1	NCR3	c3
0.000176778230348407	0.31649858239203	0.033	0.024	1	GNA12	c3
0.0419816247342332	-0.316493509211395	0.121	0.127	1	AKAP7	c3
0.8625811458337	-0.31640209518214	0.024	0.024	1	CCDC191	c3
0.000410759239443209	-0.316268546269177	0.164	0.18	1	PYGO2	c3
0.00573300290666774	-0.316210118039921	0.121	0.132	1	FASTKD2	c3
0.000736754052156799	0.316126847176514	0.09	0.077	1	BLM	c3
3.0457211468823e-05	0.31591126990757	0.071	0.056	1	SPATS2	c3
0.148317590570555	-0.315783888394328	0.052	0.057	1	C5orf63	c3
0.0287639518482861	-0.31573429821163	0.059	0.067	1	TTLL12	c3
0.699086637295132	-0.31559857137943	0.017	0.017	1	EXTL2	c3
0.0117914202781346	0.315475207062124	0.025	0.02	1	ARHGAP21	c3
0.00656123496936915	-0.315272156701226	0.084	0.094	1	NOC3L	c3
3.82143684896976e-05	-0.315203291020457	0.175	0.194	1	RPS6KA5	c3
7.58751687993966e-05	-0.315118152636692	0.178	0.197	1	CDKN2AIP	c3
0.0430841335728397	0.314887533110822	0.013	0.01	1	AL450326.1	c3
0.0465788482766741	-0.314874389955933	0.09	0.097	1	SHLD2	c3
0.201425265083462	-0.314829655608397	0.036	0.039	1	RBBP9	c3
0.00179442907435985	-0.314711051369248	0.058	0.07	1	UBL7-AS1	c3
0.810063556619356	-0.314684647453207	0.01	0.009	1	DICER1-AS1	c3
5.73027041120462e-05	0.314625421663429	0.035	0.025	1	IBA57	c3
0.00316789824980653	-0.314544758268479	0.149	0.161	1	RCE1	c3
0.000522931684636175	-0.314464123453922	0.098	0.114	1	HACD2	c3
0.516031031688919	-0.314135523383322	0.013	0.015	1	AC091982.3	c3
0.317497748316136	-0.314090404541139	0.018	0.02	1	GPAM	c3
0.140449582984501	-0.314037012186614	0.019	0.022	1	SDR42E1	c3
0.0525791998350197	-0.313602767844441	0.056	0.063	1	RFLNB	c3
3.24258645505943e-05	-0.313517061021374	0.023	0.035	1	CHAF1B	c3
0.0708101310377999	-0.313451318592607	0.058	0.064	1	GRK5	c3
3.60408533545017e-05	-0.312979627719545	0.254	0.267	1	MRPS26	c3
0.0186816768296804	-0.312913659336809	0.163	0.171	1	STMN3	c3
0.000841911862775405	-0.312848503144795	0.084	0.099	1	NUP85	c3
0.293385540024207	-0.312712036681247	0.026	0.029	1	METRN	c3
0.0122772777944458	-0.312411229193258	0.057	0.066	1	SPATS2L	c3
0.023500907755763	-0.312410108188447	0.047	0.055	1	ZW10	c3
0.123524277385584	-0.312201631485985	0.022	0.026	1	AC002310.1	c3
0.00910497847468045	-0.312054747047567	0.116	0.127	1	HDHD5	c3
0.00627356995800239	0.311832430191787	0.018	0.013	1	SULT1A3	c3
0.944704939487182	-0.311774123264487	0.033	0.032	1	FAM83G	c3
7.31934032493106e-05	0.311250976900106	0.045	0.034	1	TAF5L	c3
3.02868190380305e-05	0.310826643395501	0.033	0.023	1	AC016727.1	c3
0.000119985063928063	0.310559606095173	0.026	0.018	1	SOCS7	c3
0.155711515869559	-0.310247699910298	0.033	0.037	1	USP45	c3
0.0257980043289558	-0.310198527092687	0.114	0.122	1	RALB	c3
0.0922446923319615	-0.310093030153497	0.086	0.092	1	ALG11	c3
0.253545241050734	-0.309958057974305	0.122	0.125	1	MZF1	c3
0.00373630385283148	-0.309896439288395	0.126	0.138	1	GTF3C2	c3
8.4850612747738e-05	-0.309822089054047	0.151	0.17	1	HACD3	c3
0.899446298071022	-0.309652683214638	0.019	0.019	1	IFT140	c3
0.0403847658067638	-0.309625268452921	0.063	0.071	1	ZNF764	c3
0.307660338037876	-0.309512679303972	0.083	0.086	1	TRIM52	c3
0.0212227675133255	0.30930821491397	0.011	0.007	1	ZCCHC24	c3
0.00455968970420414	0.309097911926356	0.013	0.009	1	NOMO3	c3
0.0500302994038772	-0.309074319753067	0.131	0.138	1	ZNF75A	c3
0.242964824256243	-0.30900067328677	0.035	0.038	1	MFSD4B	c3
0.00237181738120514	-0.308010497430976	0.163	0.175	1	UBE2Q2	c3
0.000208380974490232	-0.307930157523205	0.222	0.235	1	KLHL28	c3
0.212419975169011	-0.307910938436263	0.03	0.034	1	FAM20B	c3
0.00766028415301561	0.307766719215208	0.035	0.028	1	KSR1	c3
3.29979053761495e-05	0.307636174334599	0.021	0.014	1	BX890604.1	c3
0.000817538723459856	0.307523036107475	0.034	0.026	1	KBTBD8	c3
0.15328996117189	-0.307062238342269	0.162	0.165	1	CBWD2	c3
0.0676365216386587	-0.30696127202496	0.033	0.039	1	SDC4	c3
0.0179246370796058	-0.305763935792229	0.16	0.168	1	NUDCD3	c3
0.479373276051076	-0.305743254914919	0.062	0.064	1	PIP4K2B	c3
0.115580324522236	-0.305451085981438	0.045	0.05	1	ZNF17	c3
0.00197179552424573	-0.305449707867779	0.204	0.215	1	PPA2	c3
0.0276138452216777	-0.305347435257943	0.115	0.124	1	KLHL9	c3
0.000433148652645102	-0.304767878044995	0.023	0.032	1	KIF11	c3
0.000341863381431993	-0.304736567853799	0.042	0.054	1	FANCI	c3
0.0302988909532795	-0.304430463312235	0.108	0.117	1	RIOK2	c3
4.19946784297387e-05	0.304429968689287	0.03	0.021	1	C9orf3	c3
0.0149550902506208	0.304332642509268	0.02	0.015	1	AC010616.1	c3
0.000213897311070468	-0.304244892885562	0.028	0.039	1	CCNF	c3
3.09470532496445e-05	0.30413287966176	0.04	0.029	1	EXTL3	c3
0.0597510003811692	0.304103028447739	0.014	0.011	1	CREB3L3	c3
0.0507085944398845	-0.303769054798305	0.071	0.078	1	FBXO4	c3
0.849124460411287	-0.303573289488959	0.022	0.021	1	SPACA9	c3
0.949679932588135	-0.30354888561293	0.038	0.038	1	ACTR3B	c3
0.117801317298961	-0.303295900418423	0.038	0.043	1	CSNK1E	c3
0.0355163400504151	-0.302510230527323	0.149	0.156	1	ZNF91	c3
0.00659576454956027	0.301487484254084	0.031	0.024	1	SV2A	c3
0.0522803795767781	0.301091327417231	0.013	0.01	1	ZNF653	c3
0.000491236472365665	-0.30107633703569	0.106	0.122	1	SMPD4	c3
0.000231935158194507	0.300928572699593	0.041	0.031	1	AC019205.1	c3
6.4509933062923e-05	0.300870273398142	0.034	0.025	1	C12orf42	c3
0.173534122227226	-0.300858912570751	0.1	0.105	1	ANAPC1	c3
0.00566971030015084	0.300504112795971	0.01	0.007	1	PRSS23	c3
0.0119905655763397	0.300458764483847	0.01	0.007	1	NEURL2	c3
0.0241642096587657	-0.300147690591825	0.06	0.068	1	ZNF398	c3
4.85490438100774e-05	-0.300085841152967	0.118	0.138	1	PEA15	c3
0.46154680747454	-0.299861762382635	0.051	0.053	1	FAM228B	c3
0.0828135000144273	-0.298723023118753	0.069	0.075	1	ZDHHC18	c3
0.0350666881090254	-0.298197358146966	0.054	0.061	1	DBR1	c3
0.00288052247406191	0.298154334358672	0.016	0.011	1	AC123768.3	c3
0.0435346941211284	-0.298020569077864	0.14	0.147	1	PLEKHF2	c3
0.616620658990426	-0.297906685820728	0.024	0.025	1	RHOQ	c3
0.199557514021533	-0.297546096063769	0.116	0.119	1	FRA10AC1	c3
0.47484343667502	-0.297386180950223	0.014	0.016	1	SAV1	c3
0.16976959061552	-0.297198191874624	0.07	0.075	1	ZNF420	c3
0.313095155551123	-0.296413962774857	0.078	0.081	1	FYCO1	c3
0.0595125042430562	-0.296411621295258	0.082	0.089	1	NAT10	c3
0.139585152125387	-0.296304629528416	0.047	0.052	1	NOTCH2NL	c3
0.0346759481357653	-0.29623593281262	0.088	0.096	1	PCYOX1L	c3
0.590675613723017	-0.296027861591468	0.018	0.019	1	ULBP2	c3
0.879517095411937	-0.295890455524016	0.017	0.018	1	LINC00665	c3
0.149705302275074	-0.295183180542771	0.098	0.103	1	PDP1	c3
0.0318871124319344	-0.295124411811025	0.688	0.652	1	CITED2	c3
0.107758311926858	-0.294899910980797	0.116	0.121	1	ZNF880	c3
0.0238269469718194	-0.294700787487101	0.092	0.101	1	PTRH2	c3
0.00539390390010509	-0.294610703458992	0.211	0.219	1	PPIL4	c3
0.591833915016688	-0.29457119283874	0.045	0.047	1	ZNF287	c3
0.727497079371037	-0.294338962094136	0.017	0.018	1	AC116407.2	c3
0.0956242834427573	-0.293599453161355	0.054	0.059	1	AL450998.2	c3
0.281174735375222	-0.293375652045298	0.01	0.012	1	PARS2	c3
0.00319581070731544	-0.293346007470018	0.191	0.201	1	NDEL1	c3
0.36607965059113	-0.293123686392644	0.035	0.038	1	DHX34	c3
0.413009313279709	-0.293078986389297	0.066	0.069	1	TMEM192	c3
0.037232657796448	-0.293037264740257	0.2	0.204	1	MCM3	c3
0.000191122933066884	0.292584589222877	0.051	0.04	1	ZNF316	c3
0.38861873966108	-0.292576601832543	0.009	0.01	1	OLMALINC	c3
0.085875105031573	-0.29246520331429	0.037	0.042	1	ZNF816	c3
0.677567716762716	-0.292412399366063	0.043	0.044	1	PNPLA4	c3
0.0593353596563423	-0.292403887257314	0.105	0.112	1	CGRRF1	c3
0.00172352215625652	0.291982080431518	0.029	0.022	1	CD274	c3
0.0112619974318358	0.291965027450417	0.026	0.021	1	OSBPL11	c3
0.000940275159453199	-0.291915910501222	0.25	0.26	1	PCID2	c3
0.306631012636259	-0.291811093467971	0.114	0.116	1	ZBTB43	c3
0.0972516556125691	-0.291618733384686	0.085	0.09	1	TMEM184C	c3
4.83213828236574e-05	-0.291355112851695	0.296	0.303	1	SSRP1	c3
0.00859160280102571	-0.291214448452254	0.311	0.309	1	SSH2	c3
4.56078964206742e-05	-0.290960150045556	0.312	0.321	1	BTF3L4	c3
0.0207533438390448	-0.290738071573026	0.073	0.082	1	ITPR3	c3
0.00616876043186325	0.290587482844157	0.016	0.012	1	AGAP4	c3
0.00766097530445174	-0.290416396565879	0.085	0.096	1	TTC4	c3
0.807890647520019	-0.290093474020139	0.009	0.01	1	CCNT2-AS1	c3
0.193434178349992	-0.289982095200219	0.039	0.043	1	ZNF181	c3
0.000544003258627351	-0.289915606651057	0.136	0.153	1	ZC3H6	c3
0.135815642049948	-0.28977461632341	0.014	0.017	1	BMP1	c3
0.000431926287549777	0.289354934210965	0.017	0.011	1	GCNA	c3
0.756721050403467	-0.289137770013887	0.034	0.035	1	BBS1	c3
0.281319855402827	-0.288868232533893	0.039	0.042	1	ENGASE	c3
0.105081772471177	-0.288460873425068	0.098	0.103	1	BICD2	c3
0.0166223774073761	-0.288437676549093	0.047	0.055	1	TUBGCP5	c3
0.00376862806624891	-0.288282127838618	0.182	0.195	1	PMAIP1	c3
0.0712249002328472	-0.288252575465981	0.113	0.12	1	OGFOD1	c3
0.0154792067110853	-0.288048058507818	0.194	0.201	1	NIT2	c3
0.000830885042464586	0.287962927712911	0.033	0.025	1	ABL1	c3
0.054875049569018	-0.287960990387607	0.097	0.104	1	FAHD2B	c3
0.0113265405419498	-0.287858309092926	0.124	0.134	1	BMS1	c3
0.197217152026716	-0.287813043060838	0.028	0.031	1	ENTPD5	c3
0.000979603226151499	0.287708033259943	0.047	0.037	1	SEPSECS	c3
0.00295547596994772	-0.287517284037981	0.125	0.138	1	IMMP1L	c3
0.10209873326893	-0.287438345269578	0.036	0.04	1	ZNF230	c3
0.00022623116805227	0.287069477653552	0.04	0.03	1	FAM185A	c3
0.503048003761045	-0.287013952788223	0.147	0.146	1	ETV6	c3
0.000429716493415576	0.286312510179214	0.052	0.041	1	CARD17	c3
0.000174404508239568	0.285803700970719	0.046	0.035	1	ALS2	c3
0.349056939223357	-0.285403801387853	0.048	0.051	1	ZNF786	c3
0.0181540837774977	-0.285321367200281	0.095	0.104	1	HEATR1	c3
0.202659762657995	-0.285309608946659	0.133	0.136	1	TTC37	c3
0.000584670321563854	-0.284808559442549	0.279	0.287	1	SMS	c3
0.403016525063418	-0.28473106928886	0.031	0.033	1	MBTPS2	c3
0.995710846804273	-0.2843777175819	0.166	0.158	1	AC026979.2	c3
0.565738024394098	-0.283856876796989	0.016	0.015	1	RMDN2	c3
0.0398032223649495	-0.283817724558855	0.159	0.165	1	DNAJA3	c3
0.645367429672304	-0.283708516195233	0.012	0.013	1	ZNF175	c3
0.0937743964400364	-0.283351489419262	0.091	0.097	1	GALC	c3
0.328766795732644	-0.283218226734349	0.127	0.129	1	NQO2	c3
0.813892642633211	-0.283158028947951	0.012	0.012	1	DISP1	c3
0.164044024312441	-0.283035326832024	0.159	0.162	1	HIVEP2	c3
0.0890419777183533	-0.282591265967108	0.15	0.155	1	SPTLC2	c3
0.271686469846477	-0.282574693482737	0.051	0.054	1	AL392172.1	c3
0.0114523424592168	-0.282558305596466	0.056	0.065	1	ZNF718	c3
0.207037526433278	0.282546592485272	0.014	0.012	1	SMARCA5-AS1	c3
0.640258388116133	-0.282419005922549	0.035	0.036	1	NBPF3	c3
0.00448490336638981	0.282261349296106	0.047	0.039	1	CEP131	c3
0.10459167387268	-0.282213775319729	0.138	0.143	1	HELQ	c3
0.121682860474805	-0.281979502524303	0.028	0.032	1	MIPEP	c3
0.243631096946131	-0.28134186641217	0.115	0.118	1	WDR36	c3
0.00914799327003411	-0.281301699479379	0.218	0.225	1	NARS	c3
0.112127534303828	-0.28099952808024	0.066	0.072	1	ZNF324	c3
0.000639487707678365	0.280660297704787	0.038	0.029	1	USP30	c3
0.376909561811243	-0.280496804987277	0.22	0.215	1	BORCS5	c3
0.00302563979937412	-0.280049282235936	0.178	0.19	1	NOL11	c3
0.491986733865041	-0.280031464568315	0.043	0.045	1	PAXIP1-AS1	c3
0.000111612896945593	-0.279713703306551	0.151	0.17	1	CENPT	c3
0.00179765225426855	0.279586806084496	0.031	0.024	1	AC009779.2	c3
0.00146193694643843	-0.279449239558508	0.216	0.227	1	ABCE1	c3
0.000146991015372916	-0.279355881293639	0.036	0.048	1	INCENP	c3
0.00184466797731504	0.278526026538954	0.017	0.012	1	AC092747.4	c3
0.0534228876301562	0.278062415342069	0.01	0.007	1	MAP3K9	c3
0.120857100316532	-0.27783292808927	0.028	0.032	1	HNRNPUL2-BSCL2	c3
0.253850626577923	-0.277786537709467	0.066	0.069	1	LCLAT1	c3
6.59941652478994e-05	0.277785766181097	0.051	0.039	1	ZNF212	c3
0.199265497074371	-0.277550942491914	0.063	0.068	1	PGLYRP2	c3
0.00424198564304887	-0.277546271898295	0.14	0.153	1	EGLN1	c3
0.480401695332244	-0.277245404927287	0.018	0.02	1	TIGD1	c3
5.21975216135119e-05	-0.277200339241519	0.345	0.346	1	MRPL18	c3
0.00254549919849727	-0.276975958037581	0.174	0.186	1	EBAG9	c3
0.00234631242692556	-0.276791678105374	0.321	0.322	1	PTP4A1	c3
0.000100579518136767	-0.276775176384729	0.548	0.498	1	HSPA1A	c3
0.0354365118764921	-0.276591283110386	0.035	0.041	1	PGAM5	c3
0.204393284272245	-0.276560991547305	0.036	0.04	1	ZNF248	c3
0.13687155849958	-0.276339813819973	0.057	0.062	1	HSPBAP1	c3
0.128412101367482	-0.276212699540182	0.15	0.154	1	PGRMC1	c3
0.457513994549177	-0.27614411475564	0.011	0.01	1	FAM157C	c3
0.241012186360252	-0.27613762400018	0.037	0.04	1	GORAB	c3
0.0955679882851967	-0.275723586202489	0.072	0.078	1	THAP2	c3
9.28098000950001e-05	-0.275532175264552	0.315	0.323	1	SNRPA1	c3
0.027642732894568	0.275506295397374	0.019	0.015	1	KLHL17	c3
3.86423935796476e-05	-0.275120562443928	0.253	0.268	1	UBE2E3	c3
0.592813882282613	-0.274958701286346	0.017	0.018	1	AC138969.1	c3
0.00430203083441045	-0.274842030153617	0.079	0.091	1	MTERF3	c3
0.847960993740245	-0.274789897188723	0.081	0.081	1	SLC8B1	c3
0.000666143347345736	-0.274204942463815	0.252	0.264	1	DHX15	c3
0.13730339608613	-0.274129195893864	0.26	0.256	1	FAM173A	c3
0.0778412783144176	-0.274008088790061	0.159	0.164	1	HAUS4	c3
0.13450139671546	-0.273997056195947	0.051	0.056	1	WDSUB1	c3
0.000331156795719031	-0.273672001148764	0.271	0.281	1	THUMPD1	c3
0.0138795522300963	-0.273651154354245	0.089	0.098	1	TMEM250	c3
0.00968787926103814	0.273576992707786	0.051	0.043	1	CEP162	c3
0.071036210431554	-0.273499720174777	0.243	0.242	1	NORAD	c3
0.548554090842125	-0.273441720830872	0.076	0.073	1	CTSZ	c3
0.724969184678507	-0.27341129478129	0.043	0.044	1	USP46	c3
0.209917019585134	-0.2730731561578	0.044	0.048	1	HMGB3	c3
0.341980869261993	-0.272930287716865	0.177	0.175	1	COG5	c3
0.948097079478739	-0.272903468791979	0.066	0.065	1	ATXN7L1	c3
0.00101354917397942	-0.272897728388353	0.254	0.263	1	RTN3	c3
0.718989042470965	-0.272829228654394	0.013	0.012	1	RTCA-AS1	c3
0.0136367555128982	-0.272608504262742	0.107	0.117	1	MARCH2	c3
0.00542705491624127	-0.272596339021403	0.181	0.192	1	PRKRA	c3
0.0119696190733488	-0.272542857450789	0.206	0.213	1	PEPD	c3
0.000109464815229808	-0.27250476910035	0.234	0.25	1	TFAM	c3
0.511773709875773	-0.27245724313147	0.032	0.034	1	IFFO2	c3
0.868457901917294	-0.272266033750573	0.067	0.066	1	ADPRM	c3
0.131298256069432	-0.272201917057282	0.036	0.041	1	FBXO2	c3
8.10774133590508e-05	0.271832316838753	0.034	0.024	1	SLC25A23	c3
0.17238650295152	-0.271706480590303	0.157	0.159	1	CREBL2	c3
0.531671014175148	-0.271421791263652	0.038	0.039	1	ZNF25	c3
0.000125304083121228	0.271088037475051	0.035	0.026	1	SS18L1	c3
0.265257432898467	-0.27063112318769	0.037	0.04	1	PEX7	c3
0.0181633926626259	0.270566960375151	0.013	0.009	1	ARSD	c3
0.00192434795391938	-0.270356063024264	0.171	0.184	1	MPHOSPH10	c3
0.455474819697615	-0.270279098166	0.037	0.038	1	PKD1	c3
0.822315400116858	-0.270268736727433	0.013	0.013	1	TEF	c3
0.000966142900758707	-0.270253983957085	0.28	0.286	1	ATIC	c3
0.857923715878103	-0.270111051622393	0.031	0.031	1	AC027644.3	c3
0.177802894270695	-0.269908390161449	0.066	0.07	1	RBM34	c3
6.83130565642654e-05	0.269728344267526	0.037	0.027	1	AC005261.1	c3
0.849756117783809	-0.269584904347803	0.095	0.094	1	LIN7C	c3
0.742035665046636	-0.269361430581612	0.034	0.033	1	BAHD1	c3
0.908506380107781	-0.26918681322685	0.782	0.718	1	H2AFZ	c3
0.00924767943193563	-0.268807352417697	0.222	0.228	1	DIMT1	c3
0.336738653300794	-0.268768011486289	0.056	0.059	1	ZNF568	c3
0.000493205968788478	-0.268637080002033	0.06	0.074	1	HAUS8	c3
6.06204897811856e-05	-0.268308347694161	0.261	0.276	1	MAPKAPK3	c3
0.000374617100907055	-0.268199990278202	0.606	0.583	1	PSAP	c3
0.00302710226855429	0.268096365760476	0.04	0.032	1	GAREM2	c3
0.126833314709474	-0.267993356721946	0.126	0.13	1	PEX3	c3
0.144312591112283	-0.267982402936678	0.022	0.025	1	MAST2	c3
0.267972101420309	-0.267687811269792	0.113	0.115	1	FAM210B	c3
0.0109761096536542	0.267686221694993	0.027	0.022	1	TLE1	c3
0.00609940276811053	-0.267473279036967	0.245	0.25	1	DPM3	c3
0.788540513797811	-0.266901199115942	0.029	0.029	1	AC124016.1	c3
7.5544046690916e-05	-0.26646981053045	0.023	0.034	1	PARPBP	c3
0.838276409832154	-0.266412107706892	0.09	0.087	1	HIPK3	c3
0.000230722967476983	-0.26615177201575	0.293	0.302	1	TMBIM1	c3
0.338101670289338	-0.266012969497713	0.069	0.072	1	SIK2	c3
0.0135770171246766	-0.265790657759643	0.04	0.048	1	CEP57L1	c3
0.0323377030020244	-0.265668583943833	0.2	0.205	1	UTP18	c3
0.13126148440356	-0.265473839475026	0.119	0.124	1	OXR1	c3
0.0813089144401192	-0.265357861216105	0.137	0.143	1	IDH3A	c3
0.00347015208799015	0.265272753758649	0.044	0.036	1	EID2B	c3
0.201401856060057	0.265122828666247	0.04	0.037	1	CDC7	c3
0.493909039661858	-0.265099944990731	0.01	0.009	1	AP003068.2	c3
0.00193896083445263	0.264946045319732	0.018	0.013	1	TOLLIP-AS1	c3
0.633666608209156	-0.264785805498242	0.024	0.025	1	PHLPP2	c3
0.117627684973592	-0.264747480257159	0.115	0.121	1	SMYD3	c3
0.71371946752059	0.264480337135152	0.029	0.028	1	MCM8	c3
0.273179363623835	-0.264466689534059	0.141	0.143	1	IL18RAP	c3
0.516898024908303	-0.264068641710387	0.068	0.07	1	RAD51B	c3
0.0153588438613953	-0.263883555636084	0.147	0.156	1	DEXI	c3
0.476708968706108	-0.263865649091708	0.076	0.077	1	HEMK1	c3
0.0167622885925638	0.263680991092841	0.016	0.012	1	GCNT2	c3
0.665156698587029	-0.263452024570387	0.051	0.052	1	ABCC5	c3
0.43735968184503	-0.263202268396229	0.11	0.111	1	SLC39A10	c3
0.000155450068541873	0.262978043350961	0.098	0.082	1	THOP1	c3
0.0239147511182115	0.26287444244937	0.015	0.012	1	RTP5	c3
4.91759979637384e-05	0.262846029975367	0.074	0.059	1	MPV17L2	c3
0.00739381096360919	-0.262797901084517	0.068	0.078	1	NUP155	c3
0.10121545913391	-0.26253089579442	0.08	0.086	1	SLC17A5	c3
0.0275761573128587	-0.262436246561014	0.242	0.243	1	CDK4	c3
0.0178525491236596	-0.262412198203694	0.076	0.085	1	CARS2	c3
0.0404520969466336	-0.262271842704995	0.044	0.05	1	OSGEPL1	c3
0.789563217689624	-0.262169640189659	0.041	0.04	1	TGFBR3L	c3
0.0169668563432888	-0.262159398751465	0.223	0.229	1	CDIP1	c3
0.157025298879085	-0.26201958307383	0.073	0.078	1	AMFR	c3
0.723156153544997	-0.261964819222992	0.032	0.033	1	ZNF251	c3
0.794755344125357	0.261447965631071	0.03	0.031	1	TRBV5-4	c3
0.282937919287137	-0.261405108836585	0.026	0.028	1	NEU3	c3
0.405766763758675	-0.260931944539433	0.139	0.139	1	TRMO	c3
0.52909186186562	-0.26088357975392	0.097	0.098	1	VWA8	c3
4.66138143067723e-05	-0.260769845120852	0.302	0.314	1	CEBPZ	c3
0.19203434853405	-0.260680006906424	0.071	0.075	1	PAXIP1-AS2	c3
0.837457524204451	-0.260428402445933	0.021	0.022	1	MAGEE1	c3
0.000314977643732209	0.260418318573668	0.044	0.034	1	ZFAT	c3
0.163417663598431	-0.260407775893056	0.176	0.177	1	NSUN2	c3
0.00657494313772618	0.260090062566952	0.027	0.021	1	HIST1H4J	c3
0.0934115494007844	0.259974393147841	0.013	0.011	1	C19orf73	c3
0.308098538778075	-0.259771115012816	0.11	0.112	1	TRMT6	c3
0.0809696465677266	0.259676444738902	0.018	0.014	1	AL118506.1	c3
0.891068192193887	-0.259527374523848	0.016	0.016	1	TMEM256-PLSCR3	c3
0.0816345764081846	-0.259512913765245	0.182	0.185	1	TMEM87B	c3
0.000334338662836872	0.259218996136164	0.033	0.025	1	STX1A	c3
0.150418229854744	-0.259135913429978	0.052	0.057	1	XRCC4	c3
0.000350796125697836	0.259059636517083	0.035	0.026	1	GTF3C4	c3
0.860742239101015	-0.258979602193882	0.03	0.03	1	ZNF543	c3
0.0205058549492302	-0.258907237514687	0.146	0.156	1	HADH	c3
0.108210768546039	0.258848040222325	0.019	0.016	1	AC002467.1	c3
0.440391228389426	0.258484610283301	0.015	0.014	1	CDAN1	c3
0.268785328020466	-0.258444000583991	0.024	0.027	1	AL662899.2	c3
0.0607395747718557	-0.258183077423941	0.053	0.06	1	ZNF701	c3
0.729480480388226	-0.257963790530759	0.066	0.067	1	GCSH	c3
0.91633832902204	-0.257931457409252	0.033	0.034	1	AC079922.2	c3
0.0560828228225393	-0.257869822626434	0.189	0.193	1	C20orf27	c3
0.0605709227727177	-0.257856593763849	0.121	0.128	1	RUSC1	c3
0.455207253452155	0.257694278051957	0.023	0.021	1	KHDC1	c3
0.48157388221132	-0.257393472432521	0.026	0.027	1	KYAT1	c3
0.209497975683346	0.257316333233117	0.02	0.017	1	SLC25A29	c3
0.354409064876278	-0.256776104847711	0.065	0.068	1	PPAT	c3
0.0039650959745681	-0.25676694628006	0.236	0.244	1	ARMC10	c3
0.453570451896463	-0.256690052832111	0.037	0.039	1	ZNF549	c3
0.00344829553705038	-0.256471178741843	0.256	0.264	1	DHX9	c3
0.000702187033794304	-0.256349694593579	0.385	0.382	1	CYTH1	c3
0.0206278349410116	0.256321828341431	0.033	0.027	1	FBRSL1	c3
0.975481765808634	-0.25612879353741	0.029	0.029	1	TUBB4A	c3
4.24138269271959e-05	-0.256006581447111	0.294	0.308	1	UBQLN1	c3
0.00254828986754487	-0.255708249553172	0.095	0.108	1	LMNB2	c3
0.00224807114186468	-0.255623258264294	0.121	0.135	1	GMPPB	c3
0.0391602210311271	-0.255586602812799	0.078	0.086	1	TOE1	c3
0.584489723530583	-0.255119582003362	0.026	0.027	1	APTR	c3
0.000104127747981117	0.254540822197944	0.068	0.054	1	GID4	c3
0.519857881882398	-0.25447952985623	0.044	0.046	1	PEX5	c3
0.00246549360032071	-0.25432794824254	0.388	0.384	1	CEBPB	c3
0.118209256033826	-0.254296003329145	0.04	0.045	1	F8	c3
0.780848230634564	-0.254269709869219	0.132	0.129	1	CARD19	c3
0.0638593204953612	-0.254123109114392	0.199	0.202	1	MRPL40	c3
0.233589767487362	0.25410840109411	0.071	0.067	1	TRBV5-1	c3
0.000251306413791417	-0.253938900629838	0.221	0.237	1	UCHL5	c3
0.0182237366625508	0.253072075114411	0.033	0.027	1	SLC25A28	c3
0.579148610901831	-0.252398850177901	0.071	0.068	1	RRM2B	c3
0.551682115154489	-0.252243764132863	0.023	0.022	1	AC020928.1	c3
0.0203320190038268	0.252213051601551	0.012	0.009	1	AL163051.1	c3
0.0718260095871101	-0.252121539278141	0.205	0.208	1	TARDBP	c3
0.649057339378058	-0.252075082102641	0.076	0.077	1	NOMO2	c3
0.517289539503748	-0.251695248581529	0.083	0.084	1	SKI	c3
0.407267580252327	-0.251663907840393	0.067	0.069	1	DDX47	c3
0.168466567160875	-0.251408450886915	0.161	0.164	1	TMEM60	c3
0.54987739427332	-0.251052390089451	0.01	0.009	1	LINC01569	c3
0.00022650301503963	-0.250989404541321	0.234	0.25	1	URI1	c3
0.0270924997885623	-0.250763398599939	0.198	0.205	1	COMTD1	c3
0.00923088329773899	-0.250678325018959	0.216	0.225	1	KAT8	c3
0.0376610667432431	-0.250594636404663	0.102	0.11	1	MUTYH	c3
0.0134508279593374	-0.250515255999588	0.219	0.226	1	NEK7	c3
0.48848957358747	-0.250483862907468	0.018	0.02	1	HSPA1L	c3
0.0375587460099432	-0.250334583553714	0.184	0.191	1	ACBD6	c3
0.921953595136872	-0.250280820811525	0.029	0.028	1	H2AFY2	c3
0.134451575351308	-0.250198109252469	0.155	0.159	1	SOAT1	c3
0.760825436519967	-0.25009103549511	0.02	0.02	1	TCTE3	c3
0.961170152191805	-0.249991533991709	0.076	0.075	1	IL9R	c3
0.018810979107835	-0.249951054537803	0.153	0.162	1	NOP14	c3
0.0723640166720763	-0.249947342211365	0.08	0.087	1	FTO	c3
0.168543732898419	-0.249907944966579	0.119	0.123	1	ZNF664	c3
0.000188998925410584	-0.249786182242532	0.357	0.359	1	DNAJC19	c3
0.00102179514538168	-0.249757151449211	0.335	0.336	1	LMBRD1	c3
0.132412530135527	-0.249750142373548	0.06	0.065	1	TMEM62	c3
0.00277702302710182	-0.249456693630522	0.282	0.286	1	MED30	c3
0.00254124198545765	0.249366781533722	0.028	0.022	1	SEC61A2	c3
0.964029442613372	-0.249069883456465	0.013	0.013	1	ZNF324B	c3
0.839867238766108	-0.248914160875175	0.012	0.012	1	ZNF514	c3
0.260277103462864	-0.248748916141022	0.037	0.041	1	ZNF550	c3
0.222843680101849	-0.248727669835978	0.188	0.188	1	BBIP1	c3
0.0107613300574103	-0.248684759523782	0.196	0.205	1	ANKLE2	c3
0.205218382027717	-0.248453555836691	0.089	0.093	1	FUBP3	c3
0.00460267846463058	0.248217810828753	0.033	0.026	1	TAF4	c3
0.196105079383522	-0.247855397901879	0.041	0.045	1	IRF2BP1	c3
0.00041703016667584	0.247533961781869	0.069	0.056	1	TCF20	c3
0.246728665410774	-0.24749121267869	0.074	0.077	1	EMC1	c3
0.198222505090644	-0.247468787793423	0.114	0.118	1	METTL16	c3
0.809328081056335	-0.247367810067458	0.136	0.133	1	PRRC1	c3
0.0346643933787202	0.247354571762929	0.014	0.011	1	AL139011.1	c3
0.589521188762295	-0.247327891296199	0.083	0.084	1	TMEM102	c3
0.000237556543629852	-0.247265884675138	0.208	0.226	1	ATPAF1	c3
0.197130769960169	-0.247159233101354	0.119	0.123	1	POLRMT	c3
0.965739506154462	-0.246966268081307	0.084	0.082	1	MYO9A	c3
8.52107868839808e-05	-0.246933928502064	0.371	0.371	1	RPA2	c3
0.121730732012393	-0.246528404977901	0.085	0.091	1	ATP13A2	c3
0.0242051692016641	-0.246146117662841	0.205	0.21	1	MLLT6	c3
0.916954040970549	-0.24603482521892	0.017	0.017	1	AL445472.1	c3
0.103443295497189	-0.245901468412377	0.159	0.163	1	ELMSAN1	c3
0.00199001411254656	-0.245661936154327	0.166	0.18	1	ERAP1	c3
0.00160933868707781	-0.245556024627658	0.134	0.15	1	DCAF15	c3
0.160378754538908	-0.245538534203014	0.024	0.027	1	TRAV6	c3
0.858264544168361	-0.245486658757939	0.083	0.082	1	ATG14	c3
0.399871664096616	-0.245169782004723	0.056	0.059	1	NOM1	c3
0.555379487986815	-0.245168772103188	0.018	0.02	1	ZNF304	c3
0.012246293722075	0.24493867113519	0.023	0.018	1	TSPAN2	c3
0.726874853574461	-0.244923727037813	0.026	0.027	1	CIPC	c3
0.0698978394369758	-0.244869610246041	0.258	0.258	1	NFKB2	c3
0.991112638577435	-0.244786787711678	0.101	0.099	1	ARRDC3	c3
0.00395772843100102	-0.244753702154205	0.074	0.086	1	POLD3	c3
0.386937929151897	-0.244555455134805	0.016	0.015	1	XXYLT1-AS2	c3
0.78733058131226	-0.244317886391438	0.011	0.012	1	SEMA4A	c3
0.679056126542242	-0.244197647694608	0.023	0.022	1	AC139887.2	c3
0.228078399443952	-0.244109113404027	0.183	0.184	1	PRPSAP2	c3
0.00415968677017606	-0.244041689001065	0.297	0.302	1	CENPC	c3
0.00311070968904016	-0.243927779954899	0.29	0.294	1	NGDN	c3
0.19137195602404	-0.243897778213908	0.067	0.072	1	NNT-AS1	c3
0.0652752063312906	-0.243892556090962	0.094	0.101	1	PIGK	c3
0.031496459500191	0.243832540334455	0.014	0.011	1	PROB1	c3
0.559267904121786	-0.243609929250288	0.036	0.034	1	RGPD2	c3
0.294496847308981	-0.243530064461547	0.017	0.019	1	KLHL15	c3
0.0675716399131073	-0.243519577223602	0.119	0.126	1	RABL2B	c3
0.294579880059244	-0.243073861433104	0.235	0.232	1	PFKFB3	c3
0.123111483772576	-0.243042696946843	0.02	0.023	1	SHPK	c3
0.00952120193323413	0.24292230101654	0.013	0.01	1	AC087500.1	c3
0.915015396749629	-0.242766782320801	0.091	0.089	1	ZFP14	c3
0.00192528801632414	0.242751185880716	0.041	0.032	1	ABCB10	c3
0.0896273135039909	-0.242242029391183	0.105	0.112	1	TCEA2	c3
0.183690853432011	-0.242219000105406	0.104	0.108	1	WDTC1	c3
0.148050631654614	0.241942927580657	0.013	0.011	1	CCDC144A	c3
0.000126322956460767	0.241638096561265	0.062	0.049	1	CCHCR1	c3
0.0947276783852426	0.241529373965257	0.01	0.008	1	HOMER2	c3
0.133493435020756	-0.241445555791307	0.118	0.123	1	CCDC71	c3
0.000337196733819148	0.241426178026745	0.072	0.058	1	IMPAD1	c3
0.603828172078425	-0.241208609796165	0.038	0.039	1	BMPR1A	c3
0.0175296818410654	-0.241175697817813	0.117	0.127	1	CREB3L2	c3
0.217743801062076	-0.24109338443604	0.033	0.03	1	TMEM91	c3
0.0362581539927253	-0.24104692347557	0.167	0.176	1	DDB2	c3
0.160575063314822	-0.240843503010182	0.221	0.22	1	NPTN	c3
0.88916316019997	-0.24070364110787	0.071	0.071	1	ANKMY1	c3
0.148681721940175	-0.240648026161411	0.125	0.129	1	NAA16	c3
0.0233063220618789	-0.240532511376966	0.103	0.113	1	CNPY2	c3
0.100987948674298	-0.2404938111574	0.061	0.066	1	FOXJ2	c3
0.963103380865357	-0.240123426435524	0.091	0.089	1	ZNF609	c3
0.153832096448718	-0.240102158592605	0.031	0.035	1	NOP9	c3
0.173115063837263	-0.240039546291132	0.013	0.015	1	AC023055.1	c3
0.00303188099261585	-0.239987339576292	0.236	0.246	1	CCDC47	c3
0.156902445330621	-0.239933155053231	0.224	0.222	1	ATXN7L3B	c3
0.104384312533032	-0.239875593317641	0.115	0.121	1	ANKRD36B	c3
0.307234833381758	0.239456164329105	0.023	0.021	1	ZMYND19	c3
0.0336906282773502	-0.239402646461298	0.115	0.124	1	NUDT14	c3
0.00898709811466311	-0.239278960218416	0.182	0.193	1	UBQLN2	c3
0.163495870804349	-0.239096290667164	0.152	0.156	1	FNDC3A	c3
0.525805461753023	0.239087905541464	0.033	0.032	1	NET1	c3
0.306083902970685	-0.238895168601168	0.037	0.04	1	ZNF552	c3
0.0377304259119208	-0.238851950538074	0.17	0.177	1	REPS1	c3
0.450963194514736	-0.238477219766082	0.091	0.093	1	TAMM41	c3
7.55096522833754e-05	0.238409067203139	0.049	0.038	1	ZNF234	c3
0.205517380986898	-0.238407233101508	0.083	0.087	1	RBM14	c3
0.000145159922966569	0.238342029995054	0.125	0.107	1	SHMT1	c3
0.510581702834368	-0.238235253274198	0.038	0.036	1	FOXK1	c3
0.000149223941920145	0.238110126808357	0.044	0.033	1	ACAD10	c3
4.57627973497002e-05	0.237637796664832	0.523	0.604	1	KLRB1	c3
0.360805056355626	-0.237299670143317	0.105	0.107	1	ZBED1	c3
0.000408301790450198	0.237197241813482	0.034	0.026	1	RGPD8	c3
0.0898480478174875	-0.237166746188863	0.124	0.13	1	STK40	c3
0.0201127930444632	0.23692197306711	0.029	0.023	1	FUT10	c3
0.0215757035470977	-0.236861368228529	0.087	0.096	1	PI4K2B	c3
0.10101018696391	-0.236687243287925	0.097	0.103	1	UTP4	c3
0.583004593957654	-0.235900764907771	0.054	0.051	1	OXSM	c3
0.334384364763031	0.235848790349174	0.012	0.01	1	TMEM147-AS1	c3
0.820022044736275	-0.235704906925745	0.055	0.054	1	PGBD2	c3
0.284618712406006	-0.235317426744931	0.071	0.074	1	LDOC1	c3
0.000261611135543479	0.235305852752568	0.1	0.084	1	CTPS1	c3
0.00298538639823837	0.23501270572716	0.032	0.025	1	ACSF2	c3
0.902954089402035	-0.234540616988974	0.026	0.026	1	HYAL2	c3
0.565691131463004	-0.234513797794769	0.038	0.039	1	TWSG1	c3
0.485617874057134	-0.233586663213847	0.089	0.09	1	SNTB1	c3
0.278927050986587	-0.233584916612126	0.125	0.128	1	GPATCH4	c3
0.000579416689860702	0.233531454539773	0.066	0.054	1	FAM24B	c3
0.203375490547841	-0.233417093297619	0.044	0.048	1	DHRS7B	c3
0.825508059600699	-0.233104561880967	0.013	0.013	1	CYB5D1	c3
0.824308606958742	-0.233094717932555	0.045	0.044	1	WDR91	c3
0.460516811504143	-0.233091410258989	0.083	0.085	1	INTS6L	c3
0.403643010265815	-0.233090141482427	0.029	0.031	1	PYCR3	c3
0.97322745456903	-0.233020252093084	0.149	0.144	1	UBXN2A	c3
0.348667688435855	-0.233016440499034	0.024	0.026	1	ZEB1-AS1	c3
0.00104330189031702	-0.232611441755409	0.098	0.113	1	HRAS	c3
0.287058958151637	-0.23256795214561	0.132	0.134	1	AGL	c3
0.213377674621826	-0.232543140567223	0.181	0.182	1	SEPT11	c3
0.00867300164547663	0.232318037146256	0.022	0.016	1	AC242426.2	c3
0.688631544261905	-0.232192483932059	0.013	0.014	1	UBTD2	c3
0.00152542861913155	-0.2321480299833	0.392	0.387	1	VAMP2	c3
0.246332504277602	-0.232139320442992	0.026	0.029	1	FDX2	c3
0.00631012513894478	-0.231964715896275	0.216	0.226	1	SEC63	c3
0.000324761846644785	-0.231681131436785	0.312	0.319	1	PRKDC	c3
0.630677201978509	-0.231568497557125	0.097	0.098	1	BCL9L	c3
0.0545960344161275	-0.231233141072302	0.097	0.105	1	EIF2B3	c3
0.137524412070594	-0.231190346216737	0.084	0.089	1	MANEA	c3
0.124873303846905	0.231114621231368	0.012	0.01	1	ZBTB34	c3
0.263526632897519	-0.231087744898543	0.136	0.139	1	MGA	c3
0.0107125653984204	-0.230778612279132	0.178	0.189	1	WDR54	c3
0.400834226500243	-0.23060347364987	0.078	0.074	1	TCAF2	c3
0.0795453982459926	-0.230475868911294	0.183	0.188	1	PIP4P1	c3
0.642647684223895	-0.230466552925066	0.016	0.017	1	ZNF829	c3
0.279124455156761	0.230368311151433	0.015	0.013	1	NEURL1	c3
0.638646396337077	-0.230179555090227	0.077	0.078	1	ZHX2	c3
0.0017481808119015	-0.230059956624466	0.287	0.294	1	PRPS1	c3
0.00704979835774489	-0.229640884064665	0.183	0.195	1	RSRC1	c3
0.868290175392364	-0.229347892137852	0.016	0.016	1	KCTD21	c3
4.60996942988232e-05	0.229036429664414	0.043	0.032	1	FOXK2	c3
0.00646957295113694	-0.228833867204882	0.286	0.29	1	SNX2	c3
0.224754760146467	-0.228604692533895	0.202	0.202	1	CD151	c3
0.962453160897418	-0.22850691009152	0.105	0.103	1	SLC35A1	c3
0.0143353162545847	0.228347146939698	0.021	0.016	1	ENTPD7	c3
0.000705991643766224	0.228060324728846	0.051	0.041	1	KLHL5	c3
0.329604378533087	-0.227913443592004	0.104	0.106	1	SFXN3	c3
0.0430100183409527	-0.227824927766869	0.081	0.089	1	LIN54	c3
0.00121568490311311	0.227614461008835	0.023	0.016	1	PPM1N	c3
0.361810467610442	-0.227585804932294	0.022	0.024	1	PALB2	c3
0.104539505650108	-0.227498468048	0.236	0.235	1	CHMP2B	c3
0.000698974865964243	-0.227448349909921	0.02	0.028	1	PRR11	c3
0.924596876318078	-0.22728593057042	0.071	0.069	1	TMEM184B	c3
0.822257767488964	-0.226861767377461	0.097	0.096	1	CORO2A	c3
0.278046732264223	-0.225981120108823	0.013	0.015	1	WFS1	c3
0.476713922519743	-0.225930338073075	0.078	0.08	1	TRIM39	c3
0.824464451553292	-0.225888618390704	0.028	0.028	1	ZFP30	c3
0.00166764804648945	0.22567681083977	0.067	0.056	1	GK5	c3
0.179044365615898	-0.225498699240748	0.009	0.011	1	HIST1H3I	c3
3.81895884400154e-05	0.224808878547008	0.062	0.048	1	LRRC8B	c3
0.333741404786533	-0.224484583230546	0.119	0.121	1	ZNF84	c3
0.808322778749165	-0.224454972802851	0.033	0.033	1	ZBTB11-AS1	c3
0.011956275623446	-0.224290380948492	0.088	0.098	1	AC093323.1	c3
0.000329541594253194	0.224263291899874	0.043	0.033	1	ATAT1	c3
0.92450803116304	-0.224207597728542	0.017	0.017	1	CAPS	c3
0.000623948781072287	-0.223994815718028	0.359	0.361	1	TMED5	c3
0.00567721187767569	0.223976506805695	0.042	0.034	1	PHC2	c3
0.737988892794782	-0.223786743717127	0.018	0.019	1	ZNF565	c3
0.956409560602925	-0.223717017386826	0.022	0.022	1	STX18-AS1	c3
0.613462111291504	-0.22362305901266	0.105	0.105	1	PITRM1	c3
0.131697152326333	-0.223615699297384	0.08	0.086	1	NAGA	c3
0.640745837233654	-0.223484144731438	0.027	0.028	1	RAD52	c3
0.000640359597102972	0.22293503650905	0.046	0.036	1	CCDC142	c3
0.863138212926014	-0.222887343727173	0.022	0.022	1	ERMAP	c3
0.84070457790003	-0.222886328856029	0.017	0.016	1	QPCTL	c3
0.000239849508410464	0.222614641329001	0.084	0.07	1	CAPN10	c3
0.115649018026871	-0.222582013686591	0.028	0.032	1	ZNF789	c3
0.00157276480927396	-0.222566286817722	0.347	0.348	1	FAM102A	c3
0.374823750242771	-0.222488989298459	0.083	0.085	1	ZNF44	c3
0.00780679353469456	0.222328464480109	0.017	0.012	1	EME2	c3
0.00156011611644113	-0.222114125441361	0.418	0.404	1	DDX39A	c3
0.739631377094019	-0.222075995594444	0.081	0.078	1	PLCD1	c3
0.595317336724614	-0.222050128013397	0.078	0.079	1	C16orf58	c3
0.23132769583778	-0.222042208292786	0.112	0.116	1	TMEM209	c3
0.294034732734736	-0.222030340384972	0.155	0.147	1	TRGV3	c3
0.843736717644041	-0.221964328206992	0.057	0.057	1	PEX10	c3
0.556682126842172	-0.221954690646371	0.059	0.061	1	ANKAR	c3
0.0197334548778901	-0.221940793183864	0.086	0.095	1	ZXDC	c3
0.559207806253156	-0.221573290752452	0.015	0.014	1	AC138150.1	c3
0.000853927143470518	0.221311720628103	0.027	0.02	1	LINC01534	c3
0.252686529781515	-0.221212985415853	0.057	0.061	1	MICALL1	c3
0.00049717484686852	0.22112113615449	0.02	0.014	1	CACFD1	c3
0.0739363544008867	-0.220894001742681	0.079	0.086	1	PRADC1	c3
0.0284091026745038	0.220701302071854	0.014	0.011	1	CLEC11A	c3
0.563769656759577	-0.220438667936807	0.082	0.083	1	LRRC23	c3
0.00321487381628918	-0.220430608730062	0.191	0.205	1	AC007384.1	c3
0.289339050909456	-0.220402266394956	0.041	0.038	1	SLC29A3	c3
0.000221967933963493	0.220071046107179	0.034	0.025	1	STPG1	c3
0.165755089191492	-0.21990813710378	0.225	0.226	1	RAB11FIP1	c3
9.03642274429382e-05	-0.219907428952887	0.45	0.436	1	VPS29	c3
0.223133699414746	-0.219738597091109	0.031	0.035	1	FBXO45	c3
0.0341606774505606	0.219655387229277	0.026	0.021	1	AZIN1-AS1	c3
0.82733106570872	-0.219473197585665	0.068	0.068	1	PUS1	c3
0.841957247844265	-0.219219172523906	0.016	0.015	1	ZNF555	c3
0.600274759380599	-0.219201310007111	0.135	0.135	1	ATP5PO	c3
0.000283089219319234	0.219180229152272	0.042	0.032	1	MTMR1	c3
0.247399931698959	-0.219171263191162	0.176	0.178	1	AL365205.1	c3
0.142835888701035	-0.219149748800019	0.101	0.106	1	RIOX1	c3
0.192477837445578	-0.219082498405704	0.034	0.038	1	AP005019.1	c3
0.928704802498587	-0.21900634704096	0.017	0.017	1	AC036176.1	c3
0.684400059959665	-0.218948718622586	0.093	0.093	1	KCNK6	c3
0.00498449818414316	0.218863899706239	0.079	0.068	1	TADA2A	c3
0.789900806962157	-0.21859331934207	0.043	0.043	1	TRMT10A	c3
0.207899313999752	-0.218579638729029	0.161	0.164	1	PURA	c3
0.800256167891692	-0.218481761829758	0.097	0.096	1	HPS4	c3
0.19071827248337	-0.218117935316113	0.171	0.174	1	TRIAP1	c3
3.1406734484379e-05	0.217883689737203	0.052	0.039	1	AC078883.1	c3
3.79156281908463e-05	0.217827107299474	0.079	0.063	1	EEF1AKMT1	c3
0.168098240647683	-0.21743452239783	0.227	0.227	1	IFNAR1	c3
0.709905096473453	-0.21736590242767	0.029	0.03	1	ZNF16	c3
0.864187770813702	-0.217123217604813	0.012	0.012	1	AC062017.1	c3
0.000137248514678355	0.216992344856235	0.05	0.039	1	ZFYVE26	c3
0.00410075225003612	0.216655111903556	0.065	0.055	1	MYO1E	c3
0.705537857556894	-0.216596258995628	0.158	0.155	1	RASA3	c3
0.00142528384927474	0.216340985443151	0.037	0.029	1	ZNF182	c3
0.111412406506044	-0.216259722614253	0.032	0.036	1	FANCM	c3
0.322083606149579	-0.216226325376856	0.27	0.262	1	CHMP3	c3
0.566669929372204	-0.216219177774211	0.033	0.034	1	ZNF438	c3
0.000530421237090112	0.216023966163363	0.043	0.033	1	FBXO46	c3
0.795471212689521	-0.215863717095084	0.085	0.085	1	TNFAIP8L2	c3
0.0131359420491417	-0.215800863930396	0.04	0.048	1	MMS22L	c3
0.0231867248387062	-0.215713570418058	0.062	0.071	1	CEP295	c3
4.83684468653407e-05	0.215669616332959	0.07	0.056	1	IFT22	c3
0.940415507978176	-0.215525919104032	0.052	0.051	1	DOCK9	c3
0.642196839034777	-0.215279589511744	0.078	0.079	1	TMCO6	c3
0.993057268375335	-0.215229108262033	0.031	0.03	1	FBXO30	c3
0.068075374005251	-0.215208049339991	0.209	0.212	1	BET1L	c3
0.194554271691496	-0.215056569557645	0.267	0.264	1	TIPARP	c3
0.003642258854227	0.214773292523033	0.058	0.048	1	CMPK2	c3
0.828575001401712	-0.214607815130982	0.037	0.037	1	ANKRD40	c3
0.000197548649973515	0.214141080206921	0.069	0.056	1	ROCK2	c3
0.436316434572015	-0.214011643142019	0.034	0.036	1	RNASEK-C17orf49	c3
0.051694373518101	-0.213955606013728	0.056	0.063	1	GEMIN2	c3
0.0962631868135825	-0.213731962983545	0.164	0.169	1	WDR43	c3
0.564165749570718	-0.213719912348166	0.02	0.021	1	NEK8	c3
0.263607929707568	-0.213530222364862	0.189	0.189	1	CBFA2T2	c3
0.916357364844426	-0.213429390883538	0.023	0.023	1	KLF16	c3
0.682857551671574	-0.213254642854127	0.156	0.15	1	IL12RB2	c3
0.0239817102192788	0.213241208430167	0.01	0.007	1	AC008763.1	c3
0.000157326515490048	0.213122347083513	0.09	0.074	1	RBBP8	c3
0.0634715262745204	-0.212957011176165	0.256	0.257	1	APPL1	c3
0.358241956442181	-0.212805204556712	0.045	0.047	1	WRN	c3
0.519951143478793	-0.21278654729197	0.042	0.043	1	ZNF570	c3
0.0033161209735827	-0.212782864989429	0.077	0.09	1	LRR1	c3
0.0491572675038329	-0.212549715751618	0.149	0.156	1	FBXO21	c3
0.422376228574841	-0.212326669465837	0.027	0.025	1	SUCLG2-AS1	c3
0.986346626338897	-0.212283615558086	0.092	0.09	1	NPRL3	c3
0.904798754336495	-0.212267216153834	0.093	0.091	1	FAM98A	c3
0.870577888215461	-0.21224190819021	0.089	0.086	1	RPTOR	c3
0.00172583679821911	0.211743234316471	0.054	0.044	1	MTERF2	c3
0.699851855800424	-0.211517319142713	0.134	0.133	1	ENOSF1	c3
0.0133099462622046	0.211506567051238	0.027	0.022	1	MREG	c3
0.0450475003255967	-0.211413684130359	0.202	0.208	1	CYTH2	c3
0.837867536395132	-0.21110218819645	0.012	0.012	1	DPY19L2	c3
0.277111079322959	-0.210727301096013	0.099	0.103	1	NUP88	c3
0.460070429828308	-0.210633941576291	0.079	0.081	1	PRUNE1	c3
0.544210585834998	-0.210608234347766	0.145	0.145	1	PLIN3	c3
0.169153685558136	-0.210212356954392	0.078	0.083	1	TP53I11	c3
0.0180981520362689	0.21020545317534	0.011	0.008	1	SLC11A1	c3
0.583735188146505	-0.210180441350366	0.031	0.032	1	ZNF584	c3
0.241303104376112	-0.209942711552262	0.114	0.118	1	NUP160	c3
0.847918230254044	-0.20993545432017	0.025	0.025	1	ZC3H10	c3
0.000680375876372148	0.209522992283026	0.028	0.021	1	FKRP	c3
0.00819202874546996	-0.209109181115968	0.13	0.142	1	THUMPD3	c3
6.18508944614027e-05	0.208714824706906	0.071	0.056	1	AC005332.5	c3
0.35982338124211	-0.208255648858644	0.032	0.035	1	AK9	c3
0.119183001799147	-0.208227552468629	0.113	0.119	1	TICAM1	c3
0.763095660177451	-0.207773884697214	0.117	0.116	1	METTL2B	c3
0.686910482399447	-0.207635378983757	0.054	0.052	1	RRAGB	c3
0.985990682065545	-0.207628935413223	0.072	0.071	1	TCAF1	c3
0.000387633006573757	0.207619133923916	0.097	0.082	1	NAA35	c3
0.25342692014107	-0.207461097098459	0.03	0.033	1	AL121603.2	c3
0.218003627859811	-0.207361963283202	0.038	0.042	1	NEMP1	c3
0.0490189873472896	-0.207302015335514	0.195	0.202	1	OTULINL	c3
0.00760265379897331	0.207198405034813	0.045	0.037	1	FBF1	c3
0.282431184732739	-0.206895275981854	0.105	0.109	1	HAUS6	c3
0.434269642279185	-0.206549419343942	0.012	0.011	1	AL132780.1	c3
0.00577652091260166	0.206398183898645	0.062	0.053	1	ZNRF2	c3
0.00825868735380402	0.20633238810426	0.05	0.042	1	MTHFSD	c3
7.13322208428454e-05	0.206300388392316	0.089	0.072	1	ZNF346	c3
0.687349736231353	-0.206153559001304	0.076	0.077	1	RANBP6	c3
0.930641295289867	-0.205932036709132	0.063	0.062	1	AHCYL2	c3
0.596496969879408	-0.205869733934031	0.014	0.015	1	DUSP8	c3
0.577042608175775	-0.205793697048249	0.028	0.026	1	ZBTB39	c3
0.000599765107635315	0.205622359690233	0.055	0.044	1	GZF1	c3
0.660047640505643	-0.205601548670296	0.031	0.03	1	ZNF280C	c3
0.000612855151241309	0.205582585960021	0.032	0.024	1	ACAD11	c3
0.561236233351273	-0.205523061632427	0.143	0.137	1	MYO5A	c3
0.934909337121451	-0.205484812285833	0.102	0.099	1	TTC32	c3
0.0693869784959574	-0.20532404497201	0.076	0.083	1	PINX1.1	c3
0.118528385512729	-0.204956795093097	0.174	0.179	1	IKBIP	c3
0.0527031873922048	-0.204775479414677	0.138	0.146	1	PGM1	c3
0.295563648020908	-0.204657689407506	0.125	0.128	1	INO80	c3
0.000566264592842415	0.204522318053862	0.093	0.078	1	RFXAP	c3
0.0655201065239958	-0.204520347904278	0.139	0.147	1	PELP1	c3
0.576798154140562	-0.20447567281679	0.024	0.026	1	FAM86C1	c3
0.586726752957364	-0.204378736188849	0.11	0.106	1	BTLA	c3
0.943145590747693	-0.20429363571777	0.057	0.057	1	TTC21B	c3
0.630272153474792	-0.204255647849045	0.22	0.213	1	CBX5	c3
0.0417019229776132	-0.204047148576071	0.24	0.244	1	NOP56	c3
0.0773294349683874	-0.204043287681086	0.264	0.261	1	RNF11	c3
0.0567529288939974	-0.203960866226148	0.187	0.193	1	CCNQ	c3
0.852143096541998	-0.203903386895492	0.101	0.098	1	NOTCH2	c3
0.641631404335727	-0.203360298305559	0.13	0.124	1	GMFB	c3
0.330344642388136	-0.203271450570105	0.204	0.202	1	TIMM9	c3
0.000228943584352108	0.203213367801258	0.076	0.062	1	MCOLN1	c3
0.0653549020270801	0.202795313436484	0.018	0.014	1	TRAF3IP1	c3
0.601303355963481	-0.202782550284792	0.063	0.064	1	CENPN	c3
0.909641485350295	-0.202778277002619	0.012	0.012	1	AL158152.1	c3
0.462338568496784	-0.202764991596672	0.099	0.094	1	SMURF2	c3
0.0234622480596937	0.202750076984792	0.089	0.08	1	IFI27L1	c3
0.00421649283457274	-0.202734716735402	0.293	0.301	1	CLINT1	c3
0.00012798307262996	-0.202621200936423	0.428	0.426	1	TMEM35B	c3
0.970093284832664	-0.202591014909733	0.058	0.057	1	MROH1	c3
0.768012954186915	-0.20234874699884	0.025	0.026	1	ZNF624	c3
0.00130030916547304	0.202247949881847	0.054	0.043	1	TMEM104	c3
0.121131871551212	-0.202039124939225	0.337	0.327	1	TM9SF2	c3
0.797580173018733	-0.201911228820084	0.066	0.066	1	PDK1	c3
0.689112595492001	-0.201747614633455	0.021	0.02	1	BRPF3	c3
0.129467222485238	-0.201691952673477	0.104	0.11	1	MMD	c3
0.396465166512655	-0.20146420671399	0.028	0.03	1	ALG10	c3
0.429360594375654	-0.201238341237484	0.072	0.074	1	COQ2	c3
0.000167667659893963	0.201116437100182	0.057	0.045	1	PHF2	c3
0.000324224605556684	0.200796250048185	0.076	0.062	1	NIPA1	c3
0.307529731870083	-0.200686132064212	0.182	0.182	1	HNRNPH2	c3
0.352738246409401	-0.200465535044783	0.159	0.16	1	WASHC4	c3
0.313161810663562	-0.200288503666157	0.243	0.237	1	NUDT1	c3
6.7789190420567e-05	0.200237952740192	0.061	0.048	1	ZFYVE1	c3
0.00125877259194618	-0.20014728185965	0.352	0.355	1	RNF126	c3
0.803504433583006	-0.200026216147108	0.016	0.015	1	ZNF283	c3
0.822277430119331	-0.199988907084722	0.01	0.009	1	USP31	c3
0.00467714883092153	0.199920848633493	0.047	0.038	1	BYSL	c3
0.579384243170193	-0.199878366003219	0.134	0.134	1	STXBP3	c3
0.156772875277147	-0.199851949514372	0.179	0.182	1	PSMG4	c3
0.792547162428415	-0.199811567912224	0.015	0.015	1	JMJD7-PLA2G4B	c3
0.253123454354666	-0.199808807908863	0.066	0.07	1	ZNF641	c3
0.786505873102944	-0.199764005389479	0.02	0.02	1	ZKSCAN3	c3
0.377783946706357	-0.199626825090045	0.211	0.208	1	VEZF1	c3
0.0922429181172501	0.199623204254238	0.011	0.008	1	AL669831.5	c3
0.575340053268201	-0.199621455438078	0.04	0.042	1	ZNF773	c3
0.836476916071255	-0.199197854973664	0.028	0.028	1	AC015982.1	c3
0.0870272385243315	-0.199177879182781	0.237	0.239	1	ARFGAP3	c3
0.0267291608772042	-0.199169072490429	0.108	0.117	1	PRPF4	c3
0.637048974566049	-0.199168165255376	0.047	0.048	1	TIRAP	c3
0.521168135805391	-0.199005198943123	0.201	0.197	1	OSBPL9	c3
0.0194996209291359	-0.198849780943919	0.115	0.126	1	NOP16	c3
0.970400799611717	-0.198849756086579	0.032	0.032	1	CNNM3	c3
0.345271132405507	-0.198826319164266	0.178	0.179	1	TMEM223	c3
0.294167596605648	-0.198568491969946	0.035	0.031	1	AC098484.3	c3
0.852889057358948	-0.198541551801055	0.082	0.082	1	SIRT5	c3
0.509794551365213	-0.198440538853335	0.05	0.052	1	TDRKH	c3
0.0423512012578586	-0.198234305560003	0.143	0.151	1	KIF21A	c3
0.978827425957514	-0.197638125356675	0.151	0.148	1	MAP3K4	c3
0.0474432598520269	-0.197424841201608	0.202	0.208	1	DAP	c3
0.767146513538096	0.197092440137165	0.035	0.036	1	GINS4	c3
0.284200888840449	-0.196679245808911	0.106	0.109	1	ASTE1	c3
0.430247086729598	-0.196601703266316	0.2	0.199	1	MRPS25	c3
0.842646291613741	-0.196454426299352	0.023	0.023	1	OTUD3	c3
0.320553326780622	-0.196389330496644	0.066	0.069	1	DHRS4-AS1	c3
0.00182372967370322	0.196332348709324	0.012	0.008	1	EFCAB8	c3
0.0110513504961011	-0.196191995799825	0.028	0.035	1	CHEK2	c3
0.113411216658763	-0.196178198299658	0.045	0.04	1	IFI30	c3
0.9901179130188	-0.196117378284002	0.014	0.014	1	DDTL	c3
4.68669093236799e-05	0.195911604395897	0.098	0.081	1	RPE	c3
0.76602509031415	-0.195800412185732	0.121	0.12	1	ALKBH3	c3
0.394484901909105	-0.195695039540177	0.121	0.114	1	KLF9	c3
0.708624485534168	-0.195424796078291	0.183	0.174	1	TARSL2	c3
0.160953593515039	-0.195335071516574	0.091	0.096	1	CLK2	c3
0.0642936916115504	-0.195272454527906	0.083	0.091	1	CPOX	c3
0.00234398284043844	0.194910327559242	0.045	0.037	1	ATRN	c3
0.946574326886873	-0.194767847011059	0.17	0.164	1	ZBED5	c3
0.626685780676656	-0.194690552274259	0.189	0.185	1	WASHC1	c3
0.257414862547992	-0.194374153621333	0.261	0.257	1	CDK6	c3
0.00116984413953171	0.194095427829545	0.041	0.032	1	UNC119B	c3
0.491793822906161	-0.19389003931019	0.078	0.08	1	SGPP1	c3
0.078344938798267	-0.193875564957803	0.12	0.127	1	RFC4	c3
0.962193387194768	-0.19374683080267	0.134	0.13	1	ZNF160	c3
0.0292311355158119	-0.193624559517117	0.035	0.042	1	KMT5A	c3
0.000564336639202879	0.193608106974803	0.084	0.07	1	GUF1	c3
0.0285925323677032	-0.193585776977719	0.171	0.18	1	MCMBP	c3
0.653708162351278	-0.193518542179889	0.114	0.114	1	PNO1	c3
0.0423607283195947	-0.19332435861143	0.042	0.049	1	CEP85	c3
0.000217712706478954	0.193136679579581	0.052	0.04	1	L3HYPDH	c3
0.939207889279889	-0.193062959127881	0.138	0.134	1	FAM208B	c3
0.139065726829425	-0.193043416030613	0.092	0.084	1	HEATR5B	c3
0.208827601972623	-0.19303108579825	0.238	0.235	1	ZNF146	c3
0.748587672726307	-0.192810408652911	0.294	0.279	1	TPP1	c3
0.86834734242704	-0.192652951433703	0.116	0.115	1	ZNF224	c3
0.0116643993444431	0.192585082424451	0.038	0.031	1	AC021188.1	c3
0.847591964732869	-0.192135004332503	0.085	0.085	1	SIN3B	c3
0.323748809414285	-0.191922165850481	0.173	0.174	1	MKKS	c3
0.189073504569934	-0.191848725517833	0.066	0.07	1	ZNF749	c3
0.0156369193315601	0.191776355653445	0.013	0.01	1	AC243960.3	c3
0.219785298583216	-0.191533677841372	0.153	0.157	1	TCOF1	c3
0.00189630392801405	0.1913581592094	0.06	0.05	1	CEP97	c3
0.000305956438286566	0.191341862097247	0.057	0.045	1	SARDH	c3
0.312633158453134	-0.191319051271314	0.189	0.19	1	ALG5	c3
0.00114939805762593	-0.191187920229397	0.226	0.242	1	RNF220	c3
0.19467068442142	-0.190637559959557	0.255	0.252	1	IL17RA	c3
0.781908480883591	-0.190616073712746	0.034	0.035	1	MRM1	c3
0.597912066886973	-0.190565951317507	0.096	0.092	1	KBTBD3	c3
0.946524984854593	-0.19045981558626	0.068	0.067	1	CD99L2	c3
0.246890043483798	0.190311989138317	0.026	0.023	1	TRBV29-1	c3
0.00104981893411104	0.190080646991097	0.072	0.06	1	POLR3F	c3
0.570318390605758	-0.190034576216287	0.039	0.037	1	AC114490.2	c3
0.562733973727394	-0.189961351658343	0.038	0.04	1	KLHL26	c3
0.874759146245732	-0.189847219242056	0.034	0.034	1	ELOA-AS1	c3
0.497936393333491	-0.189761820505582	0.129	0.122	1	RTL8A	c3
0.299748039324627	-0.189728126352839	0.088	0.092	1	TSPAN3	c3
0.00769568341941115	0.189382257587084	0.032	0.026	1	EEF1AKMT4	c3
0.380034510595121	-0.189221464543138	0.082	0.085	1	LRRC40	c3
0.930955054908625	-0.188282659187154	0.037	0.036	1	MSANTD3	c3
0.540931095456548	-0.188239022352785	0.034	0.036	1	TMCC1	c3
0.59879052648638	-0.188146050627507	0.18	0.177	1	YWHAG	c3
0.83822809956781	-0.188086296869672	0.015	0.015	1	CTPS2	c3
0.561502900903823	-0.187820863773256	0.055	0.057	1	LONP1	c3
3.50688402787049e-05	0.187515974187645	0.085	0.069	1	OSBP	c3
0.755229802088642	-0.187443848596433	0.011	0.011	1	BRICD5	c3
0.878268105484631	-0.187443076378826	0.079	0.078	1	MUT	c3
0.059197624757834	0.187422093544671	0.042	0.036	1	FKBPL	c3
0.168969524804116	-0.187420281445851	0.157	0.161	1	C1orf35	c3
0.0011246236496738	0.187257090861748	0.033	0.026	1	CLCN6	c3
0.00429891390655554	0.187025613644102	0.068	0.057	1	C10orf88	c3
0.2393589240112	-0.18701182299777	0.03	0.026	1	ZSCAN5A	c3
0.255819386713819	-0.186611346217346	0.048	0.044	1	TRIM34	c3
0.00929967040837558	0.186582123368908	0.016	0.011	1	FAM66B	c3
0.52766641239206	-0.18649485034668	0.066	0.063	1	SLC20A2	c3
0.0377883385356784	0.186383577233882	0.02	0.016	1	SEC31B	c3
0.000136182318894095	-0.186358457123651	0.455	0.445	1	NHP2	c3
0.00110838731511873	0.186147368401966	0.032	0.024	1	ZNF613	c3
0.0783837208974533	-0.186015087982979	0.065	0.072	1	ALYREF	c3
0.110806068889301	0.185964230808894	0.037	0.032	1	ZCCHC3	c3
0.0077919043560817	0.185729060244241	0.066	0.057	1	FBXO5	c3
3.47685897095094e-05	0.185552488663773	0.091	0.074	1	SLC43A1	c3
0.592770433411044	-0.185238938107178	0.092	0.088	1	MAP4K4	c3
0.00160821092189862	0.185199682954912	0.07	0.059	1	TUBGCP4	c3
0.000904108079102668	0.185184903782224	0.031	0.023	1	RALGPS1	c3
0.000246218563016895	0.185141532118211	0.147	0.127	1	TMEM127	c3
0.501143091916897	-0.185008949086412	0.213	0.209	1	XPA	c3
0.68844253322151	-0.184964010817716	0.017	0.017	1	ZDHHC8	c3
0.230623534093207	-0.184866592818207	0.198	0.184	1	FAM3C	c3
0.0500490399569772	-0.18455167580113	0.273	0.274	1	API5	c3
0.0028511649949009	0.184550071543843	0.027	0.021	1	AL354733.3	c3
0.458920520165795	-0.184493680834394	0.045	0.047	1	VARS2	c3
0.551269699396669	-0.184405296127021	0.173	0.163	1	SEC23A	c3
0.583612330222822	-0.184314512366423	0.01	0.009	1	NPIPB11	c3
0.135499622139049	-0.184261017699539	0.226	0.229	1	NUMA1	c3
0.758580816804956	-0.184257944101323	0.08	0.078	1	GNPDA2	c3
0.829910296283917	-0.184172284869778	0.157	0.151	1	AHCY	c3
0.208358089277629	-0.183994113762223	0.312	0.304	1	AKR1A1	c3
0.314539923785057	0.183907330520411	0.023	0.02	1	P4HA2	c3
0.623395252534092	-0.183819989080612	0.206	0.202	1	TRIM28	c3
0.00175196352122778	-0.183548343205092	0.782	0.74	1	DNAJA1	c3
5.17113797039248e-05	0.182929428947518	0.074	0.059	1	NPLOC4	c3
0.126538864854848	0.182768849473738	0.023	0.02	1	AC009163.4	c3
0.404586931578814	-0.182692042706854	0.189	0.187	1	WDR6	c3
0.0306727111030779	0.182683142819541	0.022	0.017	1	LENG8-AS1	c3
0.0664220083399389	0.182645549624092	0.02	0.017	1	AC026471.1	c3
0.00804299456791677	0.182578253771709	0.011	0.016	1	BRIP1	c3
0.000197661433709095	0.182270820921099	0.045	0.035	1	SIPA1L3	c3
0.771332707252294	-0.182122367337744	0.167	0.164	1	ZC3H8	c3
0.00114395826355625	-0.18203728733927	0.519	0.466	1	ZNF331	c3
0.00092695245658331	0.182028381900944	0.02	0.014	1	FAM19A2	c3
0.904578350959803	-0.181995461013763	0.057	0.056	1	TRIM35	c3
0.347359354764575	-0.181878877682602	0.23	0.227	1	ATAD1	c3
0.00240075499261091	-0.181644108487936	0.385	0.378	1	SNRPE	c3
0.667838413349575	-0.181357444732543	0.024	0.023	1	ZNF852	c3
0.0913909352963773	0.181347563676162	0.049	0.044	1	SLC39A11	c3
0.870907987823809	-0.181264641507531	0.094	0.091	1	C6orf203	c3
0.80044096581106	-0.181264490582935	0.122	0.121	1	NUDT3	c3
3.62681677996253e-05	0.181194947504734	0.102	0.084	1	LINC01003	c3
0.766408909775153	-0.181063260284056	0.049	0.048	1	GANC	c3
0.723524765080189	-0.180962972306609	0.177	0.174	1	SNX10	c3
0.971423526377044	-0.180833111095674	0.026	0.026	1	DRAM1	c3
0.760527517089527	-0.180771969930134	0.048	0.048	1	SIRT1	c3
0.0150007083394449	-0.18062156817759	0.204	0.214	1	SNX9	c3
0.386018933783912	-0.180521080729945	0.238	0.234	1	UFL1	c3
0.987324622282767	-0.180487925982227	0.069	0.069	1	MRPL53	c3
0.583002738715451	-0.180401008739488	0.138	0.132	1	DUSP16	c3
0.906913960984248	-0.180311186887265	0.15	0.147	1	TSFM	c3
0.00056989773805324	0.179923654614052	0.107	0.091	1	CLN6	c3
0.688395384983488	-0.179817806859193	0.277	0.263	1	USP1	c3
0.57106924875632	-0.179782217773395	0.149	0.141	1	SMAD3	c3
0.588953005272953	-0.179771566921238	0.364	0.351	1	HSPH1	c3
0.852344827385047	-0.179675476232986	0.03	0.031	1	CRYBG2	c3
6.16145969663437e-05	0.179665937509069	0.072	0.057	1	IPP	c3
0.0442521244955658	0.179663450499763	0.018	0.014	1	CPLANE2	c3
0.0219383185241083	0.17966196940219	0.039	0.033	1	KDM8	c3
0.015530447377445	0.179557420560776	0.013	0.01	1	GDPD3	c3
0.825211181520568	-0.179484074109151	0.14	0.135	1	MCRIP2	c3
3.88843620316646e-05	0.179447699518553	0.121	0.102	1	KCMF1	c3
0.0575831051296363	0.179195532658976	0.01	0.007	1	AL139393.2	c3
0.686060967596512	-0.178613659355172	0.08	0.081	1	EXT2	c3
0.211973040924172	-0.178494617734823	0.18	0.181	1	MX1	c3
0.00631096212908866	0.17847346047905	0.043	0.035	1	ZNF79	c3
0.233136559010145	-0.178468266767012	0.069	0.073	1	ING2	c3
0.728496444775689	-0.178274292405291	0.243	0.23	1	CDC25B	c3
0.243007988442794	-0.178249260238992	0.01	0.011	1	NT5M	c3
0.234710872186674	-0.178192550009266	0.083	0.077	1	PIGL	c3
0.187412185191478	-0.178176072625813	0.334	0.325	1	PPM1K	c3
0.881787387166717	-0.178041937006733	0.073	0.073	1	SUFU	c3
0.644273688010499	-0.177213221299423	0.04	0.039	1	ZNF337	c3
0.387867948743079	-0.177207300637795	0.051	0.054	1	ATL2	c3
0.101742042490977	-0.177205555764848	0.181	0.186	1	EBNA1BP2	c3
0.774695470477082	-0.177051530420423	0.063	0.061	1	MIB1	c3
0.636902558939219	-0.177020768628942	0.012	0.011	1	AC011632.1	c3
0.000804707363672644	-0.177001695189846	0.035	0.046	1	WDHD1	c3
0.000208993096748514	0.17693873797756	0.074	0.06	1	ACAP3	c3
0.920205123305421	-0.176793122657766	0.039	0.039	1	PSTK	c3
0.0585604347530238	0.176731165349153	0.014	0.011	1	AL035530.2	c3
0.0314753672785731	0.176697301816811	0.032	0.027	1	TMEM106A	c3
0.864970193001488	-0.176664301347664	0.084	0.083	1	PKNOX1	c3
0.128273563769667	0.17650873033111	0.024	0.021	1	HES6	c3
0.466740606336674	-0.176192081457804	0.024	0.026	1	NR2F6	c3
0.0844931107317873	-0.1761792508649	0.348	0.341	1	PPP1CB	c3
0.572669337348255	-0.175915130248465	0.169	0.16	1	ZSWIM7	c3
0.559155717446297	-0.175836785094968	0.088	0.084	1	GCC1	c3
0.00210606305898612	0.175807881851485	0.062	0.051	1	ACACA	c3
5.45033967482462e-05	0.175730728338955	0.063	0.049	1	METTL22	c3
0.000422901900853652	0.175729988275163	0.094	0.079	1	UBAP2	c3
0.000723994748064464	0.175659933684387	0.119	0.102	1	EAF1	c3
0.243996989907506	-0.175503728497373	0.164	0.168	1	CBLL1	c3
0.918645063253076	-0.175433095099904	0.01	0.01	1	AL035071.1	c3
0.225944794813807	-0.175227489697237	0.152	0.155	1	POLK	c3
0.0099040710618314	0.175188139857782	0.048	0.04	1	ZNF678	c3
0.962552533855781	-0.175150046702391	0.163	0.158	1	TDP1	c3
0.598015786044065	-0.17498944697323	0.011	0.01	1	SCO2.1	c3
0.399569451738669	-0.174809439823516	0.263	0.257	1	USP10	c3
0.04370826157267	-0.174709556596505	0.188	0.195	1	NUP62	c3
0.00367523708757225	0.174661291798583	0.073	0.062	1	HDAC6	c3
0.539513005123232	-0.174641885541751	0.028	0.03	1	LINC02482	c3
0.22808802992328	-0.174606958251437	0.099	0.103	1	DDX10	c3
0.756704219136932	-0.174512175645242	0.108	0.108	1	GNL3L	c3
0.564839507628825	-0.174028229644957	0.08	0.081	1	ARL13B	c3
0.792673735024449	-0.173999262625479	0.202	0.196	1	MLLT10	c3
0.0335580536808005	0.173658175731396	0.049	0.042	1	VKORC1L1	c3
0.431680792652179	0.17357150070244	0.026	0.025	1	AP002495.2	c3
0.883684937643526	-0.173453465348218	0.025	0.025	1	TCAF2C	c3
0.823972886327458	-0.173390715434165	0.036	0.035	1	TMTC3	c3
0.574213671929	-0.173338758860488	0.016	0.015	1	AGAP6	c3
0.376997737103021	-0.173182725278062	0.244	0.239	1	TTC19	c3
0.94018634408266	-0.173058266341138	0.145	0.14	1	SCAPER	c3
0.000475699092953378	0.173058195688858	0.023	0.016	1	AL606807.1	c3
0.690349041463476	-0.172877539842982	0.031	0.029	1	ZNF461	c3
0.00124683284368355	0.172701419527833	0.077	0.065	1	NEMP2	c3
0.30114754885072	-0.172536544185595	0.039	0.042	1	CCZ1B	c3
0.0034638938646738	0.172466745511479	0.048	0.039	1	SPRYD4	c3
0.964618477557176	-0.172346154225613	0.127	0.124	1	TIMM10B	c3
0.00100565515699474	0.172240397807694	0.036	0.027	1	CUL7	c3
0.511274077657009	-0.172187858329151	0.083	0.085	1	TELO2	c3
0.098250222402361	0.172116927912014	0.043	0.038	1	POLA1	c3
5.12873653719041e-05	0.172061782610995	0.064	0.05	1	ZNF562	c3
0.530357509923556	-0.171826165002285	0.067	0.068	1	SIAH1	c3
0.0953299684967957	-0.171705084982992	0.143	0.15	1	CASP8AP2	c3
0.267183818821799	-0.171629572429068	0.073	0.068	1	MARCH3	c3
0.697012103627605	-0.171601118649476	0.024	0.025	1	PMF1	c3
0.0931342031643297	0.171494620039891	0.021	0.018	1	ZNF343	c3
0.00426764325428641	0.171458042492073	0.032	0.025	1	ZSWIM3	c3
0.76481486158322	-0.17127422767093	0.064	0.065	1	TTLL1	c3
0.693063923160818	-0.171249216186686	0.123	0.118	1	RNF2	c3
0.569264656634305	-0.171248810296566	0.231	0.217	1	KDM4C	c3
0.000508703058347271	0.170860131381279	0.095	0.08	1	ACAD9	c3
0.000152976840552794	0.170832467811283	0.08	0.065	1	TBL2	c3
0.669192584830165	-0.170827638801984	0.197	0.193	1	UTP23	c3
0.794599224043778	-0.170799440826803	0.09	0.089	1	ZNF136	c3
0.940535209609362	-0.170639911170943	0.058	0.057	1	LRIG2	c3
0.000209070274219745	0.170573251337255	0.027	0.019	1	AC104986.2	c3
0.944403934301731	-0.170387434390602	0.159	0.155	1	PCNX4	c3
3.25701518151929e-05	0.170378324046963	0.118	0.098	1	VPS11	c3
0.543274586534619	-0.170376340234454	0.05	0.047	1	LMF1	c3
0.696324783165969	-0.170372977362585	0.134	0.133	1	SHISAL2A	c3
4.36410127142074e-05	0.170325070539	0.096	0.079	1	TEFM	c3
0.162780662258331	-0.17026029182221	0.06	0.065	1	TRAV8-6	c3
0.00264190866431062	0.170186870354469	0.04	0.032	1	TECPR2	c3
0.00398069877891139	0.170145656790183	0.098	0.085	1	MGME1	c3
0.000213071603149028	0.170048697531849	0.031	0.022	1	AC008040.5	c3
0.00327954761734388	0.169977734040368	0.059	0.049	1	CCDC85C	c3
0.839252855214621	-0.169903063048919	0.043	0.043	1	ZFP82	c3
0.532995211532525	-0.169791773364222	0.203	0.199	1	DHRS4	c3
0.0605057821253368	-0.169731045106861	0.527	0.491	1	NUCKS1	c3
3.82268739097435e-05	0.169631404871365	0.059	0.045	1	ZNF765	c3
0.247354310166747	-0.169617902790302	0.098	0.102	1	USP37	c3
0.338410519848839	-0.169520178919185	0.21	0.208	1	CLK4	c3
0.000122489775701468	0.169434608566989	0.066	0.053	1	SAMD4B	c3
0.220152858800738	-0.169313740304231	0.108	0.1	1	PAM	c3
0.00020128011099761	0.16892858585759	0.043	0.033	1	GAN	c3
0.831267725889135	-0.168624151976449	0.099	0.099	1	TRMT61B	c3
0.18763617309847	-0.168598195350338	0.067	0.072	1	EXOSC2	c3
0.00284632392133875	-0.168553829985671	0.619	0.58	1	TXN	c3
0.85366309895016	-0.168551674089429	0.017	0.017	1	SNPH	c3
0.223243070106961	-0.168353113340785	0.058	0.053	1	RAB34	c3
0.0342358587499005	0.168307016694873	0.048	0.042	1	CENPB	c3
0.0487679228813177	0.168191145455523	0.022	0.018	1	ZNF787	c3
0.0874964229234106	-0.168066183110597	0.035	0.041	1	RMI1	c3
0.855804816475647	-0.168031726107223	0.115	0.114	1	GLRX2	c3
0.257564673933639	-0.167911336578754	0.134	0.138	1	AAAS	c3
0.67627435922107	-0.16745585997359	0.027	0.028	1	VPS33B	c3
0.542812907611586	-0.167406094119855	0.043	0.045	1	MARCH9	c3
0.993207147975694	-0.167298281965289	0.027	0.027	1	SNX16	c3
0.0861632323696253	0.166914872660755	0.06	0.054	1	TIMM8A	c3
9.84824570578485e-05	0.166908970549558	0.068	0.054	1	INVS	c3
0.0204856385230527	0.166905868886627	0.03	0.024	1	PMF1-BGLAP	c3
0.390779732211833	-0.1668371347866	0.017	0.019	1	UBAC2-AS1	c3
0.947919579182014	-0.166770516920688	0.212	0.205	1	RAB9A	c3
0.491956059293734	-0.166734911420356	0.019	0.017	1	LRRIQ3	c3
0.000243142749138965	0.166730798848771	0.045	0.035	1	VWA5A	c3
0.891404976030199	-0.166578747739463	0.029	0.028	1	ZNF169	c3
0.897269615218852	-0.166450264692939	0.283	0.27	1	PCF11	c3
0.170506289625856	-0.166373508191682	0.358	0.348	1	SUMF2	c3
0.845013492185365	-0.166365576523728	0.234	0.226	1	UBE2E1	c3
0.0496440438123458	0.166333477289003	0.016	0.013	1	RAB11FIP3	c3
0.708966254360154	-0.166322804811204	0.103	0.1	1	KLHL18	c3
0.155393300676257	-0.166089206916657	0.02	0.017	1	DRAIC	c3
0.209542958786291	-0.165680934447352	0.064	0.069	1	ATAD3B	c3
0.278055654404712	-0.165677280194725	0.108	0.112	1	ECE1	c3
0.0175963331051976	-0.16554370592662	0.395	0.385	1	HPCAL1	c3
0.807704033379768	-0.165476326000747	0.219	0.208	1	MFSD1	c3
0.0045295820618155	0.16544344074385	0.053	0.044	1	MMAA	c3
0.242345150444458	-0.165429319867896	0.04	0.044	1	CCDC138	c3
0.686972739237396	-0.165426218621871	0.08	0.077	1	AP3S2	c3
0.750619715457362	-0.165417231006601	0.084	0.084	1	NR2C1	c3
0.000330528827173712	0.16522318190529	0.09	0.075	1	PPP1R37	c3
0.505980798503933	-0.165181881339842	0.046	0.048	1	ZNF544	c3
0.40518398794705	-0.165062144211899	0.052	0.048	1	CRTC1	c3
0.205818768268309	-0.164933331066503	0.06	0.065	1	SH3GLB2	c3
0.416625636488682	-0.164920071487298	0.069	0.065	1	HERC3	c3
4.46156824868584e-05	0.164896440895271	0.078	0.062	1	CPEB4	c3
0.859373093738616	-0.164890810168635	0.027	0.028	1	JMJD7	c3
0.208242534954418	-0.164545527010667	0.333	0.322	1	AMZ2	c3
0.0802121459070037	-0.164447576932449	0.294	0.293	1	BUD23	c3
0.867295451284643	-0.164396779028872	0.149	0.147	1	DDX1	c3
7.78824791226353e-05	0.164322744489263	0.101	0.084	1	DUSP28	c3
0.81504232561237	-0.164203125473221	0.019	0.018	1	CBWD6	c3
0.831975676658366	-0.164140733544627	0.114	0.113	1	NOC4L	c3
0.587282404651472	-0.164116317197864	0.083	0.084	1	CCDC61	c3
0.247701099041118	-0.164078807245651	0.034	0.031	1	AC058791.1	c3
0.00936639683315543	0.164073853757283	0.063	0.054	1	NDOR1	c3
0.000197169329710062	-0.164069766394932	0.214	0.232	1	TNFSF14	c3
0.0236710763207471	-0.164045957667303	0.037	0.031	1	NAIP	c3
0.675873081408453	-0.163750701151297	0.071	0.069	1	KTI12	c3
0.539537506163033	-0.163750227832807	0.024	0.023	1	ZNF597	c3
0.806217378224062	-0.163696014019661	0.067	0.067	1	PIGU	c3
0.167094799228281	-0.163566456595098	0.286	0.283	1	CSRP1	c3
0.82303596639584	-0.163562336683488	0.124	0.123	1	FMNL3	c3
0.229642146702484	-0.163495190106141	0.205	0.206	1	MALSU1	c3
0.535187930756883	-0.163446112442847	0.048	0.05	1	TMEM186	c3
0.556438211958708	-0.163263116205775	0.126	0.127	1	RRP8	c3
0.686345488040995	-0.163141638100812	0.19	0.181	1	NFX1	c3
0.00433262598377624	-0.162923813818911	0.424	0.417	1	SEC11C	c3
0.122293636703003	-0.16264485110223	0.282	0.28	1	NIFK	c3
0.635819137340879	-0.162506219709979	0.098	0.095	1	KIAA1586	c3
0.636551921866966	0.162448925310025	0.014	0.013	1	CD109	c3
0.117111594598375	-0.162300655845811	0.152	0.158	1	RAD51C	c3
0.956757942391489	-0.16206902189145	0.435	0.413	1	MAP3K8	c3
0.00135349403425872	-0.161828685653982	0.027	0.036	1	TRAV36DV7	c3
0.040129873668725	-0.161660378509703	0.402	0.389	1	NENF	c3
0.0324954172051832	-0.16161158807311	0.422	0.408	1	TMBIM4	c3
0.300868514373525	-0.161495515841208	0.117	0.11	1	ATXN7.1	c3
0.998332899029014	-0.161389110912908	0.054	0.054	1	CXorf56	c3
0.88437421345533	-0.161383637223583	0.014	0.014	1	ST20-AS1	c3
0.731734277817833	-0.161380024648436	0.111	0.111	1	SMIM4	c3
6.90943589530117e-05	0.161213846826481	0.096	0.079	1	ANKRD26	c3
0.424538703003662	-0.160931973524382	0.08	0.082	1	INTS4	c3
0.306209279150758	-0.160724750390541	0.055	0.051	1	LCORL	c3
0.828944932779917	-0.160647062018137	0.019	0.02	1	AL359513.1	c3
0.00109861349515798	0.160513121974401	0.127	0.111	1	PPP2R2D	c3
0.368034950217333	-0.160472351829776	0.139	0.141	1	ABCF3	c3
0.65683861789413	-0.160445646581262	0.151	0.145	1	TFB1M	c3
0.500741995992142	-0.160356606688	0.085	0.088	1	PAAF1	c3
0.586218653859099	-0.160153510603008	0.093	0.089	1	ASB16-AS1	c3
0.0466979637781163	-0.160115485131027	0.533	0.479	1	CTSW	c3
0.309152590952721	-0.160045543666239	0.249	0.246	1	GTPBP6	c3
0.718611210582429	-0.160004348315668	0.104	0.1	1	MAP3K13	c3
0.865266658460383	-0.159886141856716	0.038	0.037	1	PIGA	c3
4.69539735866166e-05	0.159884460439683	0.074	0.059	1	ZBTB14	c3
0.000690497256005521	-0.159712087523644	0.495	0.485	1	SRPRA	c3
0.0765903885833516	0.159658998073487	0.017	0.014	1	ZNF517	c3
0.00137695834129844	0.159636956460521	0.014	0.009	1	AC103736.1	c3
0.159216671856254	-0.159488220046423	0.171	0.176	1	R3HDM2	c3
0.808499737985813	-0.159141262773876	0.159	0.156	1	ALG2	c3
0.0688167496622047	-0.159061482893251	0.104	0.112	1	AARS	c3
0.0209778457481593	0.158919331019746	0.061	0.053	1	FANCL	c3
6.87298145602331e-05	-0.158893376644409	0.622	0.608	1	IDS	c3
0.47107482794944	-0.158771551189805	0.214	0.211	1	ARL1	c3
0.583357145043743	-0.158727464191132	0.182	0.181	1	EIF2B5	c3
0.292416254434731	-0.158622677766111	0.115	0.108	1	ABI2	c3
0.131431446097008	0.158607053257206	0.013	0.01	1	TBCE.1	c3
0.396063629723824	-0.158603765028168	0.079	0.074	1	GPR35	c3
0.177877348028216	-0.158599101070244	0.147	0.137	1	PHACTR2	c3
0.208623666213289	0.158584712662753	0.01	0.008	1	ARL11	c3
0.233484126615451	-0.158446628634132	0.282	0.278	1	CHTF8	c3
0.842024392176896	-0.158415246896763	0.184	0.18	1	NINJ1	c3
0.0379548521637082	0.158410784683974	0.025	0.021	1	SLC35E4	c3
0.375167139328813	-0.158329320917507	0.202	0.201	1	MED21	c3
0.00324497226126706	0.158189363076613	0.048	0.039	1	RAD54L2	c3
0.00228556884591878	0.158137950249304	0.051	0.041	1	KIAA0513	c3
0.575336440850998	-0.15809752149032	0.03	0.031	1	TMTC4	c3
0.435234907163042	-0.157986792237319	0.025	0.026	1	ZSCAN9	c3
0.0160696103981795	-0.157931569183751	0.471	0.456	1	STAT4	c3
0.611595267718751	-0.157913928859317	0.06	0.057	1	POLR1B	c3
0.856715040141218	-0.157903891507135	0.293	0.276	1	ALG13	c3
0.300446625360447	0.157702904679405	0.014	0.012	1	TNS4	c3
0.0103684245097651	0.157625875230603	0.033	0.027	1	ZNF93	c3
0.667190008093273	-0.157533267738324	0.059	0.057	1	GRAMD2B	c3
0.572999416883353	-0.157190673809319	0.087	0.088	1	CCDC84	c3
0.838320613966669	-0.157093834456306	0.035	0.035	1	NKIRAS1	c3
0.513815859975906	-0.157011662500188	0.244	0.239	1	ENOPH1	c3
8.97287906100044e-05	0.157006304213771	0.075	0.061	1	POFUT2	c3
0.780958911791538	-0.156826943100777	0.064	0.065	1	LZTR1	c3
0.00980501789659758	-0.156626027694802	0.302	0.309	1	MANF	c3
0.00307624163156841	0.156545083025609	0.022	0.016	1	FAM149B1	c3
3.91317037893695e-05	0.156533746003006	0.089	0.072	1	PARG	c3
0.000692873014548235	0.156476150970871	0.09	0.076	1	TRMT2B	c3
0.50090309696293	-0.156467128677248	0.028	0.03	1	AC105446.1	c3
0.55289562395913	-0.156453502275377	0.276	0.267	1	TMEM106B	c3
0.0503440831006944	0.15644476042497	0.03	0.025	1	TTLL4	c3
0.964207638410863	-0.156338334277085	0.063	0.062	1	HERC6	c3
0.871351297337684	-0.156136616068355	0.015	0.016	1	EFNB1	c3
0.245582326700728	-0.156054678534884	0.159	0.148	1	PHF19	c3
0.0452826182278716	-0.15580541787918	0.068	0.076	1	FOXRED1	c3
0.683822296836	-0.155697591107134	0.203	0.192	1	TCEAL8	c3
0.889333109018197	-0.155604661931959	0.065	0.064	1	UBR3	c3
0.391973220777226	-0.155540298407105	0.184	0.184	1	FAM89B	c3
0.970044452011926	-0.155509144669782	0.15	0.147	1	MAPK14	c3
0.00294067143548863	0.155440213096629	0.073	0.061	1	BRF2	c3
0.173882772319282	-0.155309556006617	0.108	0.1	1	LINC01184	c3
0.186810275483159	-0.155128486162041	0.44	0.421	1	YME1L1	c3
0.000582702582864151	0.154786055240281	0.055	0.044	1	LMAN2L	c3
0.917504657453192	-0.154661348561522	0.256	0.243	1	TACC3	c3
0.000505447666983325	0.154537869766299	0.058	0.046	1	SLC25A15	c3
0.00977851093733777	0.154483019277944	0.046	0.039	1	PPP1R12B	c3
0.561240610486946	-0.154293717563683	0.232	0.218	1	RCC1	c3
0.99997579859645	-0.154255503001307	0.159	0.155	1	SGSM3	c3
0.18122864733933	-0.154038930820308	0.278	0.275	1	EIF2S1	c3
0.00292430726007503	0.153741518950607	0.073	0.062	1	YTHDF1	c3
0.909772444229423	-0.153710838611195	0.238	0.228	1	MRPL50	c3
0.776262749015595	-0.153407965099717	0.308	0.294	1	TMEM134	c3
0.157295009144214	0.153264069982107	0.01	0.008	1	MORC2-AS1	c3
0.825046398334598	-0.153252809674009	0.119	0.119	1	NCAPD2	c3
0.651855674326395	-0.153152637824284	0.096	0.093	1	PDE4A	c3
0.70519045730491	-0.153143624783261	0.158	0.157	1	UBIAD1	c3
0.632479116532491	-0.153128664112561	0.091	0.087	1	WASL	c3
0.915311124498223	-0.153031517608568	0.054	0.054	1	PPP1R3F	c3
0.464506583453655	-0.152975021073343	0.217	0.202	1	DALRD3	c3
0.457725198568315	-0.152771632955969	0.055	0.052	1	IFT88	c3
3.07921002213902e-05	0.152608887453657	0.109	0.09	1	MTFMT	c3
0.871201633763233	-0.152597943396844	0.118	0.117	1	COG1	c3
0.932988668991789	-0.152587314129792	0.195	0.188	1	DDX56	c3
0.899018903497951	-0.152479365678977	0.041	0.04	1	TEX261	c3
0.360672006905859	-0.152471838879117	0.078	0.073	1	ZNHIT6	c3
0.202538586349766	-0.152411061965649	0.191	0.194	1	CBFB	c3
0.312497110849193	-0.152161016482985	0.039	0.036	1	ZNF790	c3
0.361266280634136	-0.15209585736348	0.025	0.023	1	TRAV18	c3
0.116154063690358	0.151949406505543	0.015	0.013	1	TMEM241	c3
0.46093168184051	-0.151938187344467	0.206	0.204	1	STX17	c3
0.440751742890581	-0.151925535748235	0.079	0.075	1	GOLPH3L	c3
0.00368690410016499	0.151832315743841	0.077	0.065	1	UEVLD	c3
0.858750889094093	-0.15178936419732	0.237	0.225	1	TMEM14A	c3
0.981881533944952	-0.151708814814546	0.193	0.187	1	PTPRE	c3
0.094639824783367	-0.15166433589295	0.431	0.411	1	KIF2A	c3
0.148784909903222	-0.151654899739968	0.025	0.029	1	C17orf58	c3
0.0292949177198046	-0.151482827631056	0.501	0.478	1	ABHD14B	c3
0.543145138806935	-0.151242587857999	0.031	0.03	1	ZNF845	c3
0.00354903737927184	0.151195734165118	0.043	0.035	1	BCR	c3
0.399348894253681	-0.151186638694484	0.063	0.066	1	PCBP4	c3
0.36237463017419	-0.151129752616251	0.029	0.027	1	AL390728.6	c3
0.576972235733529	-0.150957856815139	0.271	0.261	1	USP14	c3
0.845872374248217	-0.150953984575603	0.195	0.189	1	METAP1	c3
0.373508275521011	-0.150850895487982	0.012	0.014	1	ZFP3	c3
0.000227798914098913	0.150650443903843	0.126	0.108	1	FZR1	c3
0.255534107810021	-0.15055866742781	0.129	0.133	1	HSPA13	c3
0.00157026815514788	0.150316098919674	0.056	0.046	1	DAG1	c3
0.382749336460774	-0.150273933678622	0.292	0.285	1	LMF2	c3
3.05545388386855e-05	0.150204568127621	0.158	0.135	1	DUSP12	c3
0.00161147085255271	0.150110721659855	0.064	0.053	1	CORO7	c3
0.0491400494403423	-0.149948111916914	0.098	0.088	1	SAMD8	c3
4.50853144641316e-05	0.14993229087734	0.032	0.022	1	RBAK	c3
0.933982103404077	-0.149796020712659	0.033	0.033	1	PLA2G15	c3
0.00371134638184671	0.149765289313711	0.071	0.06	1	TAF6L	c3
0.000427652270515122	0.149711584197746	0.094	0.079	1	ZNF507	c3
0.568550217130284	-0.1496237125657	0.065	0.062	1	UVSSA	c3
8.81032857853605e-05	0.149542794033421	0.072	0.058	1	AC009779.3	c3
0.561187011726824	-0.149422080780836	0.144	0.144	1	LTV1	c3
0.727297175328782	-0.149370297872508	0.331	0.317	1	SMIM37	c3
0.0421965940948206	0.149283220525338	0.028	0.023	1	AC135457.1	c3
0.60143473453047	-0.149048218518431	0.281	0.263	1	PCMTD1	c3
0.860487996749109	-0.148853654524949	0.196	0.19	1	IARS	c3
0.777153335808087	-0.14885234031798	0.043	0.044	1	LSS	c3
0.145506950861544	0.148835221609305	0.017	0.014	1	ZNF57	c3
0.329176734723256	-0.148700979954135	0.37	0.339	1	CTSA	c3
0.0685607122393993	-0.148569961798309	0.444	0.401	1	RANBP2	c3
0.662753221385325	-0.148532499482702	0.303	0.289	1	MRPL14	c3
0.287226694324872	-0.148528804816111	0.118	0.11	1	AL139246.5	c3
0.652128930442595	0.14835918292274	0.062	0.061	1	FANCG	c3
0.518882422257134	-0.148328339501588	0.091	0.087	1	PLCL2	c3
0.936979808247859	-0.148298028335062	0.093	0.093	1	TMEM251	c3
0.000760390828220145	0.147979233687144	0.031	0.023	1	LINC00115	c3
0.25996805162691	-0.14796979301499	0.062	0.058	1	HOMEZ	c3
3.79833500001441e-05	0.147727050529036	0.099	0.081	1	INTS9	c3
5.13425493121656e-05	0.147476836184696	0.084	0.068	1	IMPACT	c3
0.265608373245864	0.147031176212691	0.021	0.018	1	FBXL19	c3
0.735575137868067	-0.146992023260511	0.169	0.167	1	HDDC3	c3
0.242130808123818	-0.146965046198713	0.323	0.314	1	SF3A3	c3
0.680022184494042	-0.146774352662213	0.033	0.032	1	ADAL	c3
0.788043058947419	-0.146658273634985	0.123	0.122	1	XPOT	c3
0.646958619779525	-0.146624201243832	0.122	0.123	1	PMM2	c3
0.0443382548268426	0.146241816521592	0.032	0.027	1	DNAJC25	c3
4.89529341924042e-05	0.14622961978261	0.074	0.059	1	TIMM23B	c3
0.469498274490285	-0.146146405855166	0.257	0.251	1	TSR2	c3
0.8524387263673	-0.1460240520014	0.128	0.124	1	EIF2B4	c3
0.0421276582466288	-0.146014508407014	0.01	0.007	1	ENPP2	c3
0.00321975977808264	0.14599537993556	0.06	0.05	1	CCDC7	c3
0.0167396297141994	-0.145978540836621	0.508	0.49	1	CLK1	c3
0.018040443358508	0.145932951106215	0.026	0.021	1	ANKS1A	c3
0.500117194328699	-0.145900679557886	0.049	0.047	1	APPL2	c3
0.924686476085363	-0.145898407429787	0.047	0.047	1	RTL10	c3
0.609828857963503	-0.145870554188724	0.094	0.095	1	C7orf43	c3
0.89842161112307	-0.145772438358888	0.028	0.028	1	B4GAT1	c3
0.0824628224774094	0.145659699907862	0.044	0.038	1	OSGIN2	c3
0.193647714588176	-0.145649878977537	0.01	0.008	1	MPZ	c3
0.174810550799441	0.145576626516984	0.012	0.01	1	LINC00910	c3
0.011403031860151	0.145534382759192	0.053	0.045	1	INTS2	c3
0.553229980293982	-0.145394840781569	0.183	0.174	1	APIP	c3
0.164435914826846	0.14516631520141	0.016	0.013	1	NANP	c3
0.0545152021003568	0.145026095778047	0.036	0.03	1	CARD6	c3
0.729306711349856	-0.145019003299383	0.205	0.2	1	TOMM40	c3
0.306480108877885	-0.144753672202986	0.032	0.035	1	C1orf159	c3
0.837218454004639	-0.144385819423458	0.016	0.016	1	ZNF225	c3
0.842540309017162	-0.144312080211385	0.132	0.13	1	AL390728.5	c3
0.560936635161691	-0.144062079445145	0.071	0.073	1	RBSN	c3
0.665440696719112	-0.143911496671948	0.231	0.225	1	ASNSD1	c3
0.5731274901974	-0.143635899043285	0.07	0.067	1	TMEM267	c3
0.178554411370611	-0.143547552041786	0.257	0.258	1	TP53I13	c3
0.267857486897737	-0.143485164814657	0.04	0.037	1	ZNF846	c3
0.542891480828333	-0.14347119105793	0.327	0.313	1	BAG6	c3
0.0771090270431441	-0.143346195153849	0.401	0.383	1	PHB	c3
0.0243622748368735	-0.142922846873497	0.379	0.374	1	SARS	c3
5.36248168379936e-05	0.142835384765995	0.082	0.066	1	TXNL4B	c3
0.47856727353757	0.142797478285703	0.013	0.012	1	ZSCAN22	c3
0.000447696703289274	0.142608701405559	0.071	0.058	1	ZSCAN16	c3
0.0156233270182386	0.142605956463437	0.084	0.074	1	PUSL1	c3
0.905838753181758	-0.142501025862031	0.215	0.209	1	MRPS23	c3
0.363443663344899	-0.142478885922663	0.064	0.068	1	OAS3	c3
0.37455932197416	-0.142472646896006	0.098	0.1	1	C2orf69	c3
0.00287814693241394	0.142472352189918	0.087	0.074	1	BOLA1	c3
0.41801824728895	-0.142260250023488	0.038	0.036	1	RSAD2	c3
0.845870662125169	-0.14209332243235	0.122	0.12	1	ZNF766	c3
0.746511852645006	-0.142015367840043	0.193	0.184	1	SLC25A36	c3
0.00199953451061591	0.141977068047833	0.098	0.084	1	LRRC42	c3
0.340937482438312	-0.14192421088152	0.078	0.073	1	NFS1	c3
0.347974309301308	-0.141889325974199	0.243	0.227	1	ERCC5	c3
0.80703487459681	-0.141879801789624	0.152	0.147	1	C1GALT1C1	c3
0.44448952102497	-0.141823083919679	0.154	0.147	1	TMEM107	c3
0.637886719636776	-0.141776365979207	0.029	0.03	1	CNTROB	c3
0.000123242556697919	0.141523944036633	0.153	0.132	1	BUD13	c3
0.00317595451308181	0.141434125390019	0.071	0.059	1	MANBAL	c3
0.105255452471023	-0.14140746225747	0.233	0.237	1	RAB22A	c3
0.000165844521965478	0.141364566660361	0.118	0.1	1	PELO	c3
0.67531361610077	-0.141329433393193	0.199	0.195	1	IPO7	c3
0.617430866678663	-0.1413261669961	0.077	0.074	1	OTUD6B	c3
0.0206107320685921	-0.141290342534513	0.45	0.441	1	CCNH	c3
0.380682836286407	-0.141267595286977	0.071	0.066	1	MGLL	c3
0.934829399130006	-0.141243951449305	0.171	0.167	1	CHID1	c3
0.0225145086253123	-0.141206704772109	0.052	0.044	1	ITGAV	c3
0.440543118587114	-0.141187659671948	0.171	0.172	1	CEBPG	c3
0.0325499282968159	0.141106077498055	0.022	0.017	1	ELMO3	c3
0.613739140154116	-0.141058023107663	0.117	0.112	1	PNPT1	c3
0.00028889794923614	0.141026209932297	0.072	0.059	1	TAF1C	c3
0.0839849117534469	-0.140790893549314	0.013	0.01	1	STK36	c3
0.481137322684179	-0.140704785474079	0.163	0.155	1	G2E3	c3
0.808106295126645	-0.140701212202653	0.038	0.037	1	ZNF585B	c3
0.797152010773559	-0.140613091515819	0.045	0.044	1	TK2	c3
0.00338532103825849	0.140323746863853	0.025	0.019	1	TRBV5-6	c3
6.85785645709376e-05	0.140213537159763	0.076	0.061	1	PBX2	c3
0.0468059885164455	0.140182736814202	0.013	0.01	1	AL135999.1	c3
0.432889403716538	-0.140159471456482	0.229	0.216	1	IFRD1	c3
0.709431821847693	-0.140121708824999	0.102	0.098	1	PEX13	c3
0.692142684866124	-0.139989920677833	0.15	0.15	1	UTP6	c3
0.000640622640305608	0.139960754519969	0.066	0.054	1	TNFAIP1	c3
0.0255033623681568	0.139922025051367	0.013	0.009	1	CDC37L1-DT	c3
0.312452080762409	-0.139914172714067	0.09	0.084	1	SLC25A51	c3
0.91873749396203	-0.139906905957213	0.026	0.025	1	RPP40	c3
0.538457564141221	0.139802496204918	0.026	0.028	1	GEN1	c3
0.0132060286276208	0.139692474859486	0.039	0.033	1	SNAPC4	c3
0.769407787477002	-0.139434156086916	0.191	0.188	1	GTPBP4	c3
0.742966445726395	-0.139396861350662	0.053	0.052	1	ALDH5A1	c3
0.971136688748619	-0.13932944664362	0.198	0.191	1	LRPPRC	c3
0.728941763074906	-0.139296321096501	0.169	0.167	1	NDUFV3	c3
0.345071019557039	-0.139258406193697	0.087	0.082	1	DLAT	c3
0.218123273944449	-0.138881687123066	0.471	0.445	1	PNPLA2	c3
0.247709094795328	-0.13886972006329	0.02	0.018	1	TBCE	c3
0.765809176398582	-0.138868155178536	0.026	0.027	1	ADAMTS17	c3
7.71340022880142e-05	0.138819528976462	0.118	0.098	1	CEP290	c3
0.220230869427124	-0.138750171859531	0.151	0.14	1	AC118549.1	c3
0.514986487259158	-0.13850506295893	0.251	0.245	1	ZPR1	c3
0.00202491520984998	-0.138436390641561	0.655	0.628	1	TOMM20	c3
0.0093416662076337	0.138300482556915	0.068	0.058	1	NUP43	c3
0.44752406506577	-0.138000224967491	0.026	0.024	1	MORC2	c3
0.813930517701654	-0.137556997719287	0.143	0.141	1	CD2AP	c3
0.0194443186843583	0.137412248096996	0.05	0.043	1	HSPA14	c3
0.299599650070814	-0.137265972827218	0.06	0.064	1	PPCDC	c3
0.816935751845456	-0.137249142083403	0.027	0.026	1	ARL10	c3
0.069018212984958	0.137192593542098	0.028	0.024	1	FAM131A	c3
0.0175351755320366	0.137174924625846	0.042	0.035	1	TMSB15B	c3
0.121955443068383	0.137139535295192	0.052	0.047	1	ZNF85	c3
0.193590258806048	0.137134278984186	0.048	0.044	1	SAMD1	c3
0.0209981627561171	0.137122258755537	0.045	0.038	1	AP002360.1	c3
4.11148446422687e-05	0.136999016849975	0.069	0.054	1	ZNF468	c3
0.0135716148382983	0.136899670197292	0.049	0.041	1	CACTIN	c3
0.269992405677582	-0.136894637779049	0.122	0.114	1	LYPLAL1	c3
0.429358903249129	-0.136880196409606	0.042	0.039	1	ZMYM6	c3
8.82027708007999e-05	0.13687328180509	0.084	0.069	1	SMARCD2	c3
0.896219503258785	-0.136847599126611	0.099	0.098	1	COQ6	c3
0.0204465201756656	0.136726089273585	0.062	0.054	1	ZNF48	c3
0.359937370551627	-0.136461662092618	0.096	0.1	1	MRM2	c3
0.432369941447559	-0.136359356185745	0.261	0.244	1	NUP58	c3
0.000720904982527478	-0.136314150115797	0.582	0.571	1	FLT3LG	c3
0.00253937637949495	-0.136055902484493	0.007	0.012	1	SMTN	c3
6.6992950436833e-05	0.136036063383875	0.09	0.073	1	RCBTB1	c3
0.916782021146229	-0.135973346230491	0.07	0.069	1	PRDM4	c3
0.152760489571175	0.135967498305678	0.03	0.027	1	FARP2	c3
0.890877752066274	-0.135855593971983	0.217	0.211	1	KATNBL1	c3
0.00351348015686637	0.135786559162151	0.035	0.028	1	PAQR3	c3
0.623240616975476	-0.135639572520256	0.082	0.079	1	RINT1	c3
0.00802452460699597	0.135633381751635	0.043	0.036	1	APOOL	c3
0.000442045850961726	0.135521287274124	0.066	0.053	1	RANBP10	c3
0.375426620723477	-0.135469150356663	0.011	0.01	1	IER3-AS1	c3
0.0465383096053359	0.135428789177359	0.01	0.007	1	TBC1D3L	c3
0.00125405177573002	0.135158191158819	0.083	0.07	1	AL365361.1	c3
0.286872149965776	0.135109965130911	0.031	0.028	1	HIC2	c3
0.83752872716067	-0.135073144100684	0.029	0.03	1	MIEF2	c3
0.777167271505544	-0.135043651520391	0.196	0.192	1	NSMCE4A	c3
3.88148546897671e-05	0.134934835230311	0.079	0.063	1	GATAD1	c3
8.61716943759441e-05	0.134915892828205	0.071	0.057	1	TMCO4	c3
0.0978444079038261	-0.134658688988086	0.188	0.171	1	TATDN1	c3
0.617217231065737	-0.134638667789012	0.087	0.084	1	ZNF567	c3
0.419452362816817	-0.134616997034055	0.015	0.014	1	RASA4	c3
0.00467435262285013	0.13460220654958	0.051	0.043	1	TRIM68	c3
0.797438868286604	-0.134587431087982	0.157	0.152	1	TMEM245	c3
0.799910717584496	-0.134573881153295	0.025	0.025	1	TXNDC16	c3
0.000474051513908186	0.134482191548303	0.043	0.033	1	TVP23C	c3
0.958500808923189	-0.134332931561189	0.05	0.05	1	ALKBH1	c3
0.000226536794595069	0.134174595514216	0.088	0.073	1	GMEB2	c3
0.484983353632382	-0.134086087048978	0.332	0.32	1	TM2D3	c3
0.348361766312828	-0.13403996289197	0.082	0.077	1	ZMIZ2	c3
0.318388725586279	-0.134036978584945	0.278	0.273	1	TBC1D10A	c3
0.822242575105311	-0.133938618111023	0.276	0.261	1	SMU1	c3
0.31394472642289	-0.133882286852705	0.122	0.126	1	NEDD1	c3
3.40837575370954e-05	0.133817455252618	0.162	0.138	1	UBL4A	c3
0.167060907440192	-0.133755252488864	0.102	0.107	1	PRIM2	c3
0.000572116811937446	0.133733586079644	0.08	0.067	1	AC027097.1	c3
0.44605671905086	-0.133657577504398	0.252	0.235	1	MICAL1	c3
0.809570739355433	-0.133644202492442	0.038	0.037	1	ENDOG	c3
0.325894573899131	-0.133541632004401	0.06	0.055	1	ZNF836	c3
0.227884837409749	-0.133503103145638	0.277	0.255	1	ATOX1	c3
0.378790200559153	-0.133452143219524	0.279	0.274	1	ISG20L2	c3
0.0127508645583979	-0.133245827760337	0.474	0.456	1	CCT6A	c3
0.0274690145098371	0.13318598981372	0.027	0.022	1	PCOLCE	c3
0.622304792895631	-0.133031933979109	0.06	0.058	1	SOS2	c3
0.905724307427999	-0.133020998342685	0.081	0.08	1	ZNF808	c3
0.000116070843767916	0.132920592036743	0.115	0.097	1	GMNN	c3
0.00105783019389524	0.132860121855564	0.056	0.045	1	SPATA5L1	c3
0.636563840027036	-0.132844457147161	0.172	0.165	1	PRPF3	c3
0.327268792078114	-0.132843164136222	0.051	0.048	1	ASH1L-AS1	c3
0.000279810856735727	0.132665944401371	0.099	0.082	1	MIEF1	c3
0.00515962802491881	0.132630316665362	0.029	0.023	1	AC106791.1	c3
0.567085859761672	-0.132538989300271	0.092	0.088	1	SMIM8	c3
0.367715940967477	-0.131954507757487	0.011	0.01	1	C19orf44	c3
0.000127070608894283	0.131926918210667	0.033	0.024	1	HOXB-AS1	c3
0.892578209256962	-0.131799206597274	0.092	0.09	1	TMEM68	c3
4.37159049629684e-05	0.131744864364864	0.799	0.751	1	PKM	c3
0.667425194502091	-0.131669199338987	0.269	0.261	1	SMAD2	c3
0.481939555424942	-0.131649789705675	0.116	0.11	1	NCK2	c3
0.0173519400298806	0.131191365663512	0.032	0.026	1	CHKB-DT	c3
0.000306431679086143	0.130493046369384	0.11	0.093	1	ZHX1	c3
0.12663461184705	-0.130343279554027	0.056	0.05	1	BICRA	c3
0.889005219378659	-0.130330552642089	0.362	0.338	1	ATP6V0E2	c3
0.988465110904124	-0.130284211075638	0.022	0.022	1	RASA4B	c3
0.00166751137380754	0.130106219529938	0.031	0.023	1	SLC33A1	c3
0.000204800987926219	0.130063638975885	0.131	0.112	1	SEC24D	c3
0.356992163637418	-0.130057970556081	0.179	0.18	1	SIGMAR1	c3
0.379032630452109	-0.130054370982072	0.098	0.093	1	FANCF	c3
0.393318332903417	-0.130025245650419	0.101	0.095	1	RARS2	c3
0.000788279841160714	0.129950972082775	0.063	0.052	1	PSKH1	c3
0.00223717682108375	-0.129910612234732	0.022	0.03	1	CENPO	c3
0.000703368948590702	0.129772677310982	0.052	0.041	1	CCDC125	c3
0.848388564243792	-0.129686357200578	0.124	0.123	1	EDEM1	c3
0.395285756763168	-0.12963596632109	0.012	0.01	1	AC009309.1	c3
0.00140942389475247	0.129572762330896	0.083	0.07	1	PRR12	c3
0.000186459617548515	0.129572296091766	0.106	0.089	1	GCN1	c3
0.322859195859788	-0.129535486017613	0.01	0.008	1	AL117336.3	c3
0.11992315541184	-0.129511238880378	0.055	0.049	1	TRAV12-1	c3
0.000306566884712865	0.129293505197045	0.059	0.047	1	MFAP3	c3
8.66363653035175e-05	0.129242619441464	0.113	0.094	1	DVL2	c3
0.11402286596178	-0.129238002583867	0.478	0.429	1	PIK3IP1	c3
8.16532209001112e-05	0.129189582350874	0.08	0.065	1	PTBP2	c3
0.490715276264308	0.129137812952369	0.026	0.025	1	SPAG1	c3
0.181517397711042	-0.129038567452845	0.145	0.135	1	HUS1	c3
0.841861545273208	-0.129010623939535	0.049	0.048	1	ZNF180	c3
0.495525896037075	-0.128735341346701	0.097	0.092	1	NAA25	c3
0.781613681735492	-0.128727213952736	0.021	0.021	1	USP40	c3
0.331187859243018	-0.128692902214491	0.082	0.077	1	INPP5B	c3
0.00978740369240632	-0.128553945241377	0.566	0.531	1	BANF1	c3
0.989913720241548	-0.128545953085045	0.138	0.136	1	AFF1	c3
0.582260290475621	-0.128360855264521	0.058	0.056	1	SLC9B2	c3
0.700968406525192	-0.128296827407591	0.016	0.015	1	DCUN1D2	c3
0.958785785782558	-0.128252727929642	0.072	0.071	1	DCAKD	c3
0.00438768567318054	0.128060318621429	0.02	0.014	1	SLC9B1	c3
0.00983166310925462	-0.128050566301902	0.038	0.046	1	CEP152	c3
0.358054511647233	-0.127916588127425	0.104	0.097	1	ENDOD1	c3
0.787487854596501	-0.127914884372291	0.123	0.119	1	BRD8	c3
0.0438624712877176	0.127864184865624	0.109	0.099	1	BARD1	c3
0.94334732041278	-0.127775857058382	0.123	0.12	1	INSIG2	c3
0.487600531389669	-0.127706700314394	0.073	0.07	1	NSUN4	c3
0.638358384443341	-0.127671237756194	0.081	0.078	1	ASNS	c3
0.0159015673135091	-0.127306376077859	0.553	0.53	1	SNRPN	c3
0.520865513427087	-0.127255148873362	0.091	0.094	1	CCDC18	c3
0.546560217569295	-0.127083313929479	0.249	0.234	1	ATF1	c3
0.320712547130501	-0.126944060078579	0.061	0.064	1	EIF3C	c3
0.384753164670027	-0.126848063913884	0.255	0.251	1	RETREG2	c3
0.859819997048611	-0.126824566580399	0.047	0.046	1	PBX3	c3
0.188557742146045	-0.126562754760353	0.521	0.482	1	COX17	c3
0.10508643723016	-0.126510341380738	0.08	0.086	1	RBL1	c3
0.829861418777218	-0.126396536369637	0.265	0.255	1	MRPS35	c3
0.389191065344304	-0.12627724439266	0.392	0.377	1	TMED4	c3
0.00713122660347759	0.126135392075974	0.087	0.076	1	ACBD3	c3
0.0985236656232698	-0.126124935793527	0.096	0.087	1	VILL	c3
0.930037077595102	-0.125930564116414	0.312	0.297	1	OFD1	c3
0.857559385518542	-0.12587404752368	0.033	0.034	1	PTCD1	c3
0.438390603092515	-0.125866616932369	0.177	0.167	1	DUS3L	c3
0.0332213880951442	0.12578480683653	0.019	0.015	1	LINC02062	c3
0.527370631022958	-0.125724457950019	0.046	0.044	1	PRICKLE3	c3
0.327097338833128	-0.125702640156985	0.203	0.191	1	ZNF267	c3
0.795894367704002	-0.125605717838089	0.074	0.072	1	AASDH	c3
0.000172305636930291	0.125562373543947	0.11	0.092	1	KLHL22	c3
0.512140964299189	-0.125489812535524	0.084	0.086	1	MOB3C	c3
0.428079318847869	-0.125465232636594	0.318	0.308	1	U2AF2	c3
0.997076372134445	-0.125388841578552	0.014	0.014	1	CHML	c3
4.70621832545748e-05	0.125347808015371	0.099	0.081	1	SLC25A53	c3
0.292394892812686	-0.125321735276353	0.236	0.217	1	LINC00667	c3
0.821956402644497	-0.12532046507357	0.322	0.304	1	CD58	c3
0.447120563956706	-0.125294904322381	0.122	0.125	1	LNPK	c3
0.142031868722075	-0.125232596036462	0.01	0.013	1	SRXN1	c3
0.0946712353518771	-0.125205552610239	0.346	0.341	1	PDIA4	c3
0.5938077514335	-0.124636326242442	0.014	0.015	1	SH3BP5-AS1	c3
0.0145284692599715	0.124629858099704	0.08	0.07	1	LDB1	c3
0.27276062000167	-0.124486468181347	0.103	0.096	1	TRMT13	c3
0.00329529035638655	0.124462013905181	0.034	0.027	1	RSPH3	c3
0.857861784809059	-0.124438984195322	0.044	0.043	1	SLC35F2	c3
0.310262121295004	-0.124412180394036	0.074	0.069	1	ZNF121	c3
0.0551317456866577	0.124307391229603	0.043	0.038	1	POP1	c3
0.254412025783591	-0.124285630939868	0.133	0.125	1	TBC1D14	c3
0.709859070663154	-0.124277303078927	0.103	0.103	1	SURF6	c3
0.0287014227812119	0.124238239737003	0.166	0.153	1	HYOU1	c3
0.960452907318861	-0.124124145686563	0.354	0.33	1	NDUFAF8	c3
0.930363509367879	-0.123996288901477	0.346	0.326	1	CISD3	c3
0.978823549890763	-0.123985786509306	0.064	0.064	1	KDELC2	c3
0.901785636860485	-0.123564953068611	0.013	0.013	1	KIAA1211L	c3
3.77283982745377e-05	0.123483309647662	0.149	0.127	1	NUP153	c3
0.919167421635625	-0.123085179968863	0.298	0.285	1	SEC31A	c3
0.344712558596243	-0.122811183977988	0.227	0.226	1	PAIP1	c3
0.181165874326558	-0.122788738185927	0.115	0.107	1	C21orf2	c3
0.598604690235646	-0.122748909510145	0.032	0.031	1	MLLT1	c3
9.55824718885594e-05	0.122629437325427	0.118	0.099	1	TRAPPC10	c3
0.516788385384698	-0.122241069087125	0.12	0.115	1	FCF1	c3
0.540475793570734	-0.122193340790213	0.044	0.042	1	RAB40C	c3
0.279688518730903	-0.122140297359603	0.409	0.391	1	GDI1	c3
0.967188232220553	-0.122022350197003	0.299	0.285	1	VPS4A	c3
0.241783675876089	0.121916214223064	0.034	0.031	1	PHF13	c3
0.427340893416449	-0.121718029177831	0.075	0.071	1	BCDIN3D	c3
0.897958681385745	-0.121655847519288	0.234	0.225	1	INTS10	c3
0.0581976713547693	0.121522653131486	0.014	0.011	1	AC007541.1	c3
0.566374779071944	-0.121518080898668	0.062	0.059	1	GEMIN5	c3
0.00480119395836973	0.121388950787138	0.083	0.071	1	LRRC57	c3
0.211381843750781	-0.121356962101438	0.421	0.402	1	CYB5R3	c3
0.000198013069005934	0.121255432534479	0.064	0.051	1	HSDL1	c3
0.728294603965079	-0.12115939882661	0.118	0.114	1	DNAJC5	c3
0.954888804275522	-0.121141550866445	0.109	0.107	1	SACS	c3
0.0215582988115963	0.121014363178778	0.025	0.02	1	SPATA24	c3
9.72508731537645e-05	0.120964322792086	0.118	0.099	1	VAC14	c3
0.335599998025553	-0.120716070038057	0.09	0.084	1	COG6	c3
0.699342033147834	-0.120666809224573	0.128	0.124	1	MMS19	c3
0.487322456534854	-0.120555446606185	0.339	0.327	1	EPRS	c3
0.0801538582556405	0.120504114175558	0.059	0.053	1	MON1A	c3
0.117338918811963	0.120413927372669	0.029	0.025	1	TENT4A	c3
0.00901514335362413	0.120389053262482	0.08	0.069	1	AGPAT3	c3
0.824528338909459	-0.120354602084783	0.133	0.13	1	ULK3	c3
0.724132117753336	-0.120338907906463	0.115	0.115	1	GAMT	c3
0.60524105483788	-0.120185583856721	0.066	0.063	1	DAAM1	c3
0.577303089492708	-0.12018323055068	0.073	0.07	1	TMEM161B-AS1	c3
0.535231304875749	-0.120150417785162	0.129	0.123	1	SLC25A45	c3
0.84966111261395	-0.119871777622989	0.256	0.247	1	PSMD12	c3
0.531259648810302	-0.119870072517334	0.177	0.169	1	GSKIP	c3
0.733065300296829	0.119708407762347	0.033	0.035	1	CEP76	c3
0.0551009333767412	-0.119676149704405	0.144	0.13	1	ENTPD4	c3
0.00338967224164109	0.119639407712621	0.04	0.032	1	LINC01806	c3
0.381746593243832	-0.119592046914416	0.02	0.022	1	DUSP7	c3
0.380637884827035	-0.119585997917392	0.092	0.087	1	RNASEL	c3
4.60818878669272e-05	0.119351050804295	0.106	0.087	1	ZNF7	c3
0.649058781518894	-0.119328548080301	0.068	0.07	1	ATG10	c3
0.523428543896964	-0.119322800880522	0.084	0.087	1	FBXL6	c3
0.000210355446008089	0.119284650084544	0.127	0.107	1	FEM1A	c3
0.0736872852577194	-0.119249972784602	0.125	0.134	1	MFSD14B	c3
0.0226759730013727	0.119008572304004	0.071	0.062	1	STRN3	c3
0.95603026471041	-0.11900222716931	0.428	0.403	1	ZFAND5	c3
0.818247362275429	-0.118805640061481	0.204	0.196	1	PTPMT1	c3
0.338519392887453	0.118680563643184	0.02	0.018	1	ZNF337-AS1	c3
0.758388016813692	-0.118642597497865	0.038	0.039	1	TTC22	c3
0.0265180096920994	-0.118558219880577	0.226	0.202	1	NCOA3	c3
0.00564820516907497	0.118551107023579	0.106	0.093	1	GEMIN6	c3
0.937232074982866	-0.118516918739147	0.386	0.365	1	TTC3	c3
0.00256963475910004	0.11848292592572	0.059	0.048	1	PHKA2	c3
4.31958131418459e-05	0.118203325161109	0.13	0.109	1	TAF1	c3
0.857254946471709	-0.117978717754792	0.3	0.286	1	RRAGA	c3
0.000466380285158021	0.117975254276045	0.072	0.059	1	MIER2	c3
0.00414166641727685	0.117973749683466	0.082	0.07	1	SLC35B4	c3
0.513438950804448	-0.117969616443725	0.038	0.036	1	CPEB2	c3
0.000727918394990452	0.11793876421278	0.075	0.062	1	ZNF174	c3
0.00227189501042382	-0.117894948313904	0.589	0.57	1	LAMP1	c3
0.478798557618237	-0.117841536592365	0.06	0.057	1	MLH3	c3
0.0208270675476158	0.117833229456117	0.025	0.02	1	MPND	c3
0.0695945485480186	-0.117514571020574	0.431	0.415	1	GGNBP2	c3
9.39726867929567e-05	0.117375070721722	0.137	0.116	1	PTAR1	c3
0.0508975706576973	0.117333320686568	0.01	0.008	1	SLC35G2	c3
0.00335311924927785	0.117329654233755	0.054	0.045	1	CLPB	c3
0.742990012883525	-0.117276445591648	0.013	0.014	1	STBD1	c3
0.000414968561230209	0.117245671826685	0.159	0.139	1	TRAF2	c3
0.928926722421689	-0.117174459969491	0.037	0.037	1	URB1	c3
0.680304884127602	-0.117098684353066	0.138	0.134	1	NUP133	c3
0.675333420104794	-0.117079664211313	0.244	0.231	1	CERS2	c3
0.0469455942792763	-0.117060459623033	0.345	0.309	1	UBE2J1	c3
0.0125474652353193	0.117051343451685	0.061	0.053	1	REXO1	c3
0.00125847087981491	-0.116998700270609	0.129	0.11	1	ACTA2	c3
0.528541259597174	-0.116908365939381	0.137	0.131	1	METTL15	c3
0.00179290759217531	0.116905537348594	0.085	0.072	1	HSPA14.1	c3
0.698085737178099	-0.116789918770983	0.134	0.134	1	FH	c3
0.888176755009874	-0.116724931605522	0.048	0.047	1	CAPRIN2	c3
0.000996330098407222	0.116715308671191	0.12	0.103	1	SLC25A40	c3
0.0598129360257742	-0.116683535475649	0.024	0.029	1	EXO5	c3
0.533370692139854	-0.116665442527567	0.092	0.088	1	USP12	c3
0.168269904773381	-0.116593788842533	0.03	0.026	1	THNSL1	c3
6.00917393543699e-05	0.116558317074761	0.067	0.052	1	ZNF254	c3
0.00247788232931258	0.116547618628573	0.06	0.05	1	ARMC5	c3
0.755142820389283	-0.116425285374339	0.291	0.28	1	RABGGTB	c3
0.949315329326665	-0.116407472233323	0.116	0.115	1	RPP38	c3
0.3234232383204	-0.116389687347077	0.265	0.262	1	CCDC167	c3
0.000205240674494934	-0.116376981981807	0.639	0.608	1	PA2G4	c3
0.761454017839971	-0.1163219499288	0.027	0.026	1	ZNF776	c3
0.524563712221575	-0.115931111421253	0.044	0.041	1	RTN4IP1	c3
0.0453083660894728	0.115807141479137	0.028	0.023	1	LINC00342	c3
0.789717325944142	-0.115799758456871	0.013	0.014	1	AC114271.1	c3
0.0023338309475151	0.115718799350092	0.087	0.074	1	TRAV4	c3
0.31637151529441	-0.115703699021629	0.345	0.316	1	C6orf48	c3
0.904870266839237	-0.115642740891854	0.028	0.028	1	HIST1H2BH	c3
0.00813260218534997	0.115327783791475	0.029	0.023	1	NOMO1	c3
0.834514995919546	-0.115311160935605	0.054	0.053	1	FBXL17	c3
0.251148661211778	-0.115069264878797	0.073	0.068	1	ERCC6	c3
0.639291300836302	-0.114995271162542	0.384	0.365	1	HNRNPH1	c3
0.164508434087177	-0.114873736978228	0.029	0.025	1	DNAL1	c3
0.852730769316939	-0.114862738353586	0.069	0.067	1	FAM76A	c3
0.331882602544838	-0.114810715623978	0.199	0.186	1	PRKAA1	c3
0.0134538947395498	0.114749571046617	0.006	0.01	1	TRBV10-1	c3
0.0726585095697137	0.114633779320693	0.826	0.804	1	LDHA	c3
0.0162427518961798	-0.114587365997127	0.604	0.567	1	SSBP1	c3
0.866655177448093	-0.114503624409697	0.018	0.018	1	F8A1	c3
0.163143171577382	-0.114493764760414	0.496	0.473	1	G3BP1	c3
8.67013349726781e-05	0.114466844218889	0.175	0.151	1	HDGF	c3
0.179635471510492	-0.114298309101189	0.206	0.19	1	SUCLA2	c3
0.450239517622239	-0.114249020586193	0.072	0.075	1	CCDC9	c3
0.000344489170853537	-0.114241143875426	0.6	0.581	1	CCT4	c3
0.816471348149059	-0.114217083633884	0.08	0.079	1	ALDH3A2	c3
0.00253585881898223	0.114062410236432	0.108	0.093	1	TMEM39B	c3
0.717651545853386	-0.114015224119913	0.228	0.217	1	EBP	c3
0.679969327038385	0.113963962095987	0.057	0.055	1	SRD5A3	c3
0.119398866627042	0.113772680556118	0.035	0.031	1	LINC02325	c3
0.474619051078329	-0.113763870220334	0.341	0.316	1	SRSF1	c3
0.0530828021229446	0.113558248167901	0.074	0.067	1	SSFA2	c3
0.823433792405665	-0.113458390050624	0.104	0.104	1	CTNNA1	c3
0.322670433140267	-0.113407757910816	0.078	0.073	1	FAM220A	c3
0.000319827971779902	0.11338868451118	0.086	0.071	1	DHDDS	c3
0.0665846651883943	-0.113317501318477	0.045	0.04	1	BCL6	c3
0.0141823766472027	0.113314093092633	0.047	0.039	1	ZBTB41	c3
0.00135333605703513	0.113233539844905	0.095	0.081	1	GATC	c3
0.000546805466282768	-0.113184027501949	0.699	0.671	1	DDX24	c3
0.593339067377146	-0.11312756979355	0.023	0.021	1	GRK4	c3
0.413452057138402	-0.11292232599029	0.333	0.322	1	TMEM147	c3
0.552648195872181	-0.112839440705622	0.092	0.088	1	NDUFAF6	c3
0.273188846007547	-0.112825056399975	0.125	0.117	1	ANAPC4	c3
0.0312797818459811	-0.112633900502228	0.514	0.492	1	MRPL57	c3
0.9710511845056	-0.112625622972224	0.029	0.028	1	EID2	c3
0.00169431519639829	0.112529804178613	0.058	0.048	1	DNASE1L1	c3
0.138044712656509	-0.112526236978117	0.11	0.101	1	SNX29	c3
0.00410731129689035	0.112199746049017	0.063	0.053	1	FAHD1	c3
0.267688369247399	-0.112180550177861	0.072	0.067	1	RBM12B	c3
0.553748280735615	-0.112095732441614	0.179	0.17	1	RBM7	c3
5.46365346174023e-05	0.112093160568676	0.135	0.114	1	EIF3B	c3
0.235988610495842	-0.111990480133032	0.041	0.037	1	AP4S1	c3
0.0260477844525506	-0.111878757484794	0.205	0.184	1	TMEM106C	c3
0.0660164413828191	0.111826705154427	0.048	0.042	1	GATB	c3
0.476376138908681	-0.111662178591507	0.038	0.036	1	STARD10	c3
0.659050160427723	-0.111661051580097	0.349	0.325	1	COX20	c3
0.854478345162373	-0.111646693823348	0.118	0.118	1	PRMT7	c3
0.829436360854021	-0.111592955221231	0.327	0.307	1	RRP7A	c3
0.809785607300057	-0.111495281954626	0.465	0.439	1	NSMCE3	c3
9.59640773163316e-05	0.111436954012561	0.109	0.09	1	SLF2	c3
0.00247571031112067	0.111314876320914	0.122	0.107	1	ZC3H3	c3
0.0134232265761571	0.111311472062605	0.035	0.029	1	LINC00265	c3
0.930684980517857	-0.11123653614322	0.024	0.024	1	KCNQ1OT1	c3
0.00840777550896302	0.111078042575241	0.033	0.027	1	ZNF587	c3
0.623515907551824	-0.110965466756841	0.023	0.022	1	AGBL3	c3
0.00506666191871444	0.110814790116064	0.108	0.095	1	CDC23	c3
0.337547644005702	-0.110689097018695	0.188	0.177	1	GNB5	c3
0.00789877683263885	-0.110678929272639	0.685	0.653	1	ISCU	c3
0.0896554937084853	-0.110560394253824	0.043	0.038	1	DFFB	c3
0.539435788701031	-0.110492027719898	0.17	0.17	1	PDXK	c3
0.251025575311276	-0.110367875903483	0.022	0.025	1	HIST1H2BJ	c3
0.0130595383300803	0.110314663497099	0.043	0.035	1	SPSB2	c3
0.00647279456460548	0.110221100107229	0.129	0.115	1	RAD1	c3
0.891596762675802	-0.11021834968269	0.303	0.287	1	PFKL	c3
0.351358836082633	-0.110139033980865	0.207	0.196	1	TAPBPL	c3
0.936262837768881	-0.10995544605969	0.373	0.35	1	DNMT1	c3
0.00031858062652897	0.109886527097202	0.053	0.042	1	HEATR3	c3
0.0110854869248337	0.109779305632302	0.082	0.072	1	GGT1	c3
0.119582102468432	-0.109707126794095	0.086	0.078	1	AC008555.5	c3
0.276643185740878	-0.109246771830894	0.046	0.042	1	WDR35	c3
0.378221353752916	-0.109091441522592	0.117	0.111	1	COG2	c3
0.000490672963475994	0.109046515029154	0.077	0.063	1	GOLGA1	c3
0.946748861777557	-0.1089032492727	0.054	0.054	1	ZNHIT2	c3
8.89551229768021e-05	0.108697712833305	0.229	0.2	1	MARS	c3
3.4451942614419e-05	0.108693322792665	0.126	0.105	1	VPS53	c3
0.728093152438824	-0.108615478666653	0.066	0.064	1	THTPA	c3
0.692127652387214	-0.108557904536244	0.129	0.125	1	CTDSPL2	c3
0.776753742546052	-0.108404800102727	0.43	0.395	1	LSM3	c3
0.000132946203157297	0.108404728313152	0.087	0.071	1	BPGM	c3
0.271510888677099	-0.108205909360822	0.08	0.074	1	CRAT	c3
0.729346932095881	-0.10816035061391	0.339	0.324	1	IER3IP1	c3
0.174364352993197	-0.108157318759627	0.139	0.129	1	APTX	c3
0.623161117996095	-0.108118353338877	0.069	0.066	1	NEK4	c3
0.000722585518281106	-0.107969573701405	0.384	0.336	1	CEMIP2	c3
0.65644805961922	-0.107834047911764	0.082	0.079	1	MTERF1	c3
0.544717413270184	-0.107776818582531	0.388	0.371	1	PTDSS1	c3
0.853943421521058	-0.107727312978746	0.412	0.387	1	ARL2BP	c3
0.0725902466404957	-0.107660674491011	0.552	0.526	1	STUB1	c3
0.819055233476032	-0.107648600791104	0.019	0.019	1	AC004556.1	c3
0.635449237200329	-0.107629210693425	0.087	0.083	1	FLYWCH1	c3
0.000346463293687125	0.107580713574227	0.124	0.105	1	ARID3B	c3
0.577832531497908	-0.107544571346518	0.088	0.084	1	PMS2	c3
0.205884651032068	-0.107364210199447	0.247	0.229	1	DDX39B	c3
0.0126687254584556	0.107313705513976	0.029	0.023	1	ZNF674-AS1	c3
0.156756625109017	-0.10725155838521	0.182	0.168	1	TOM1	c3
0.831439640932984	-0.107177714930995	0.025	0.025	1	ARSB	c3
0.702002437883613	-0.107166540768991	0.257	0.243	1	SLC10A3	c3
3.22612109960697e-05	0.107017672991196	0.153	0.129	1	RFK	c3
0.00108143639938405	0.106882717407603	0.044	0.035	1	MTMR10	c3
0.893667731336398	-0.106868861431496	0.064	0.063	1	RDH13	c3
0.0582145212135836	0.106745919303397	0.023	0.019	1	DNAH1	c3
0.318822980014276	-0.106716078475849	0.13	0.122	1	SCAMP1	c3
0.940269034876167	-0.106672322948663	0.099	0.098	1	C17orf75	c3
9.52933624600484e-05	0.106668992117755	0.168	0.144	1	RIPK1	c3
0.00115389471722819	0.106640582349408	0.139	0.121	1	CHD1L	c3
0.340520379198062	-0.106613585570679	0.115	0.109	1	MRM3	c3
0.112452327754531	-0.106596402145179	0.228	0.211	1	ZC3H12A	c3
5.80021784647586e-05	0.106542379999927	0.072	0.057	1	MTA3	c3
0.211559907826985	-0.106506061251252	0.023	0.02	1	AC034236.2	c3
0.822693561826267	-0.106495595687093	0.065	0.064	1	ZNF200	c3
0.642167690970168	-0.106386480643351	0.104	0.1	1	GTF2H2	c3
0.569916880377105	-0.106103216766967	0.159	0.152	1	NOP2	c3
0.328693205043062	-0.106085447086452	0.268	0.251	1	FOSL2	c3
0.130724527095784	-0.105901436439354	0.137	0.126	1	AP2A2	c3
0.250514461464342	-0.105873303302194	0.04	0.037	1	ZNF500	c3
0.0371707532198205	-0.105826235140963	0.054	0.047	1	TTN	c3
0.00043063207179763	-0.105798733229669	0.798	0.769	1	ANAPC16	c3
0.25182284702186	-0.105685323893618	0.008	0.01	1	CENPS	c3
0.144269554263608	-0.105635210869223	0.15	0.138	1	SEC24B	c3
0.846502639342727	-0.105496065637064	0.327	0.309	1	GPR108	c3
0.4507186546836	-0.105384848463862	0.039	0.036	1	SSH3	c3
0.0275741215427125	0.105339675338556	0.071	0.063	1	LLGL1	c3
0.254743252077073	-0.105279410118931	0.219	0.204	1	SNAPC5	c3
0.48975188695504	0.105250392666341	0.015	0.014	1	SLC16A11	c3
0.000118192098038267	0.105152437412833	0.113	0.094	1	PIAS3	c3
0.317075459303223	-0.104997024962729	0.032	0.035	1	ALG14	c3
0.13518570204367	-0.104915609989855	0.124	0.115	1	KIAA0391	c3
0.667779117628212	-0.104371588038646	0.063	0.064	1	FEM1C	c3
0.213937824584982	-0.10430197040088	0.163	0.153	1	BRD9	c3
0.37037622179789	-0.104266421029541	0.175	0.164	1	SH2B1	c3
0.0131381333470483	0.104141609972376	0.056	0.048	1	ESRRA	c3
0.873594537258225	-0.103965384510014	0.012	0.012	1	AL355338.1	c3
0.00840382147180981	0.103913568263752	0.122	0.109	1	NUP93	c3
0.589351537590226	-0.103907968158751	0.158	0.151	1	TBC1D9B	c3
0.000204552477949998	0.103823635959094	0.638	0.578	1	RBL2	c3
0.000327582581602677	0.103789072144377	0.074	0.06	1	ARFGEF2	c3
0.119389124005771	-0.103785749471656	0.449	0.428	1	NUDC	c3
0.809370480509113	-0.103722330190851	0.128	0.128	1	ANKRD36	c3
0.000254950850304926	0.10342593918659	0.078	0.064	1	RAB30-AS1	c3
0.868743998581811	-0.103217592536947	0.039	0.04	1	GNE	c3
0.000656858075692513	0.102943957723828	0.086	0.072	1	SIMC1	c3
0.189277211866238	-0.102602880918931	0.541	0.513	1	MAX	c3
0.177484301802241	0.102577843841669	0.044	0.04	1	AP5B1	c3
0.246028750108127	-0.102528849048123	0.092	0.086	1	TP53	c3
0.0590094797849823	0.102513549648275	0.026	0.022	1	PITPNM2	c3
0.922425516616269	-0.10248964060467	0.029	0.028	1	HIST1H2AK	c3
0.879805462238045	-0.102484438836257	0.27	0.258	1	TFG	c3
0.516114759724254	-0.102384818759581	0.179	0.171	1	EXOSC7	c3
0.000584030545838083	0.102222256052245	0.055	0.044	1	AL136454.1	c3
0.340690804936722	-0.102182946638779	0.395	0.362	1	TMOD3	c3
0.20947115472104	-0.102128549050819	0.163	0.152	1	SNAPC2	c3
0.333491354446833	-0.101990280605099	0.121	0.115	1	ZBTB24	c3
0.839211127860455	-0.101886746211557	0.062	0.061	1	NSDHL	c3
0.630623896772514	-0.101881969584792	0.1	0.096	1	PARP16	c3
0.00217139030721418	0.101854080942934	0.067	0.056	1	SZT2	c3
0.718200562456266	-0.101824354064131	0.064	0.065	1	PXMP4	c3
0.000925313335343445	0.101514441593948	0.142	0.124	1	SYVN1	c3
0.419102407830815	-0.101508521076837	0.024	0.022	1	BBS12	c3
0.928152785088661	-0.101393062023194	0.183	0.178	1	AK6	c3
0.707429993315967	-0.101186238237106	0.057	0.056	1	STK32C	c3
0.885751789031402	-0.100997630651753	0.399	0.377	1	PHF3	c3
0.783566080375374	-0.100982107392773	0.044	0.045	1	ZNF273	c3
0.261414469709246	-0.100835068293756	0.071	0.066	1	B3GNTL1	c3
0.0640792065668413	-0.10081292102256	0.128	0.116	1	ZNF138	c3
0.600588363881254	-0.100794036789334	0.19	0.182	1	SETD3	c3
0.0653522235725015	0.100650695839336	0.05	0.044	1	ATN1	c3
0.223758753822225	-0.100446359519262	0.171	0.159	1	VAMP3	c3
0.0572575073422066	-0.100282638651239	0.141	0.127	1	VCPIP1	c3
0.970761025275105	-0.100242857620691	0.026	0.026	1	MORN3	c3
0.867938021036524	-0.1002112810804	0.271	0.263	1	MTFP1	c3
0.0204097114421676	0.100039851932812	0.097	0.086	1	MCEE	c3
