p_val	avg_log2FC	pct.1	pct.2	p_val_adj	gene	seurat_clusters
0	-8.96452948412893	0.001	0.151	0	KLRC2	c1
0	-8.63697576301298	0.001	0.161	0	KLRC3	c1
0	-8.54320023908519	0	0.104	0	AC068775.1	c1
0	-8.23795712190869	0.001	0.135	0	KIR2DL4	c1
0	-7.2380581891013	0.005	0.26	0	LINC02446	c1
0	-7.22014368782013	0	0.1	0	LAYN	c1
0	-6.94455354924042	0.002	0.166	0	CRTAM	c1
0	-6.55648796691027	0.003	0.199	0	ENTPD1	c1
0	-6.48449438347488	0.001	0.106	0	CD248	c1
0	-6.44783515419474	0.008	0.391	0	KLRD1	c1
0	-6.2372873144638	0.005	0.223	0	CD160	c1
0	-6.06498985761325	0.006	0.16	0	ZNF683	c1
0	-5.99293370089517	0.003	0.134	0	HLA-DQA1	c1
0	-5.79944614279573	0.004	0.205	0	PECAM1	c1
0	-5.77171838334246	0.003	0.147	0	KLRK1	c1
0	-5.65532541825495	0.01	0.252	0	HLA-DRA	c1
0	-5.62427425350745	0.004	0.139	0	IKZF2	c1
0	-5.44786418828313	0.005	0.157	0	TOX2	c1
0	-5.41939912233671	0.017	0.488	0	CD8B	c1
0	-5.20059314673908	0.005	0.153	0	HLA-DRB5	c1
0	-5.17833681265071	0.027	0.321	0	GZMB	c1
0	-5.17608705975891	0.005	0.168	0	ZEB2	c1
0	-5.06819485513611	0.008	0.185	0	SELL	c1
0	-4.68911375419602	0.006	0.154	0	TNIP3	c1
0	-4.63199226091434	0.004	0.106	0	NPDC1	c1
0	-4.54800396247099	0.006	0.157	0	JAKMIP1	c1
0	-4.50883683184052	0.043	0.421	0	HLA-DRB1	c1
0	-4.42343962299786	0.005	0.113	0	GEM	c1
0	-4.41588918075137	0.005	0.115	0	CDCA7	c1
0	-4.4119604426436	0.096	0.535	0	CD8A	c1
0	-4.38781396665838	0.008	0.162	0	CCL3	c1
0	-4.34308281393784	0.027	0.253	0	XCL2	c1
0	-4.15908277086376	0.008	0.13	0	FCRL6	c1
0	-4.15206883354911	0.007	0.112	0	DBN1	c1
0	-3.98775766136613	0.031	0.211	0	GNLY	c1
0	-3.91554433164951	0.032	0.312	0	CD38	c1
0	-3.89652307111828	0.036	0.246	0	GZMH	c1
0	-3.88712686928217	0.058	0.473	0	TIGIT	c1
0	-3.80009481321452	0.027	0.272	0	FABP5	c1
0	-3.74298417759479	0.052	0.42	0	HLA-DPB1	c1
0	-3.73599973795504	0.018	0.219	0	CD244	c1
0	-3.68319774801233	0.017	0.161	0	PLEK	c1
0	-3.55326060671717	0.021	0.206	0	HLA-DQB1	c1
0	-3.42585211400542	0.047	0.376	0	DUSP4	c1
0	3.29190506667623	0.143	0.019	0	ADAM23	c1
0	-3.26153868635651	0.008	0.109	0	CCL3L1	c1
0	-3.13105974003829	0.018	0.165	0	GPR34	c1
0	-3.12869764204776	0.301	0.625	0	NKG7	c1
0	-3.0796106916462	0.029	0.236	0	IL21R	c1
0	-3.06976559247133	0.102	0.485	0	HLA-DPA1	c1
0	-2.95658260546139	0.27	0.565	0	GZMA	c1
0	-2.90373457908014	0.039	0.253	0	TOX	c1
0	-2.81742068197497	0.018	0.148	0	SYT11	c1
0	-2.79672011734223	0.021	0.155	0	DAPK2	c1
0	-2.7772836606631	0.031	0.163	0	HAVCR2	c1
0	-2.68042563691055	0.088	0.262	0	GZMK	c1
0	-2.67416007477907	0.057	0.259	0	CLIC3	c1
0	-2.64119201727304	0.085	0.354	0	CTLA4	c1
0	-2.57914666174408	0.033	0.163	0	CHI3L2	c1
0	-2.47284573158451	0.021	0.145	0	MYL6B	c1
0	-2.43733592208598	0.049	0.251	0	HLA-DMA	c1
0	-2.42863889467519	0.06	0.25	0	CCL4L2	c1
0	-2.35966318586779	0.06	0.198	0	XCL1	c1
0	2.27207671373898	0.294	0.09	0	IL2	c1
0	-2.17831529661298	0.095	0.303	0	TMIGD2	c1
0	-2.07614984013345	0.137	0.386	0	MIR4435-2HG	c1
0	-2.01891057968146	0.046	0.196	0	SMCO4	c1
0	-1.9879334433267	0.191	0.486	0	ITGAE	c1
0	1.97706355013594	0.253	0.078	0	CCR2	c1
0	-1.96406953377019	0.084	0.296	0	GABARAPL1	c1
0	-1.89570301051063	0.056	0.214	0	CD84	c1
0	-1.89161592308575	0.151	0.311	0	KLF2	c1
0	-1.86566199789462	0.06	0.204	0	CEBPD	c1
0	-1.84664889067091	0.117	0.346	0	AOAH	c1
0	-1.81292332905556	0.072	0.22	0	SMC4	c1
0	-1.81083003975001	0.066	0.22	0	NDFIP2	c1
0	-1.80290431394072	0.241	0.458	0	LAG3	c1
0	-1.75368635013193	0.081	0.241	0	LYST	c1
0	1.73348990955308	0.148	0.048	0	SLC40A1	c1
0	1.69820368945498	0.205	0.074	0	IGFBP3	c1
0	1.68318310664299	0.195	0.073	0	PLCB1	c1
0	1.67568518862788	0.247	0.093	0	DHRS3	c1
0	-1.64391094462045	0.142	0.383	0	ACP5	c1
0	-1.62314997844452	0.144	0.361	0	C12orf75	c1
0	-1.62198607041699	0.23	0.491	0	CCL4	c1
0	1.6113064761721	0.743	0.292	0	CD40LG	c1
0	-1.59996684262692	0.13	0.331	0	PTTG1	c1
0	1.59874719374265	0.329	0.156	0	AC020571.1	c1
0	-1.57499470026549	0.077	0.218	0	TESC	c1
0	-1.57366122469288	0.065	0.206	0	GPR18	c1
0	-1.57268871984818	0.316	0.552	0	PRF1	c1
0	-1.56480697766135	0.142	0.322	0	FASLG	c1
0	-1.54675017904641	0.829	0.915	0	CD74	c1
0	-1.47613867546154	0.139	0.317	0	PTMS	c1
0	1.47021408100071	0.223	0.09	0	SPART	c1
0	-1.46113768094146	0.094	0.257	0	BCAS4	c1
0	-1.44810290908084	0.197	0.4	0	BATF	c1
0	-1.41459600689745	0.097	0.258	0	RAB37	c1
0	-1.40007037848078	0.159	0.35	0	LDLRAD4	c1
0	1.38043091287372	0.277	0.124	0	SSBP2	c1
0	-1.37015596393162	0.11	0.282	0	TRIB2	c1
0	1.34836016978767	0.974	0.611	0	IL7R	c1
0	1.34453771916157	0.387	0.241	0	TNF	c1
0	-1.34246007389037	0.168	0.376	0	ASB2	c1
0	-1.33489742751542	0.311	0.524	0	GBP5	c1
0	1.33136433098	0.991	0.872	0	FOS	c1
0	1.30608361650827	0.977	0.655	0	ANXA1	c1
0	1.25620089870217	0.237	0.117	0	DPP4	c1
0	-1.25267153069596	0.141	0.336	0	B3GNT2	c1
0	1.24213764154044	0.26	0.13	0	SORBS3	c1
0	-1.21253131527066	0.813	0.901	0	COTL1	c1
0	1.2121623633074	0.776	0.443	0	GPR183	c1
0	-1.18154086160089	0.183	0.354	0	ARID5B	c1
0	1.17602649450021	0.877	0.667	0	FOSB	c1
0	1.16252453099139	0.465	0.257	0	TIMP1	c1
0	-1.15392985379782	0.288	0.493	0	LITAF	c1
0	1.12314596329665	0.346	0.174	0	PLAC8	c1
0	1.11469825160689	0.561	0.28	0	CD4	c1
0	-1.06888431618306	0.33	0.534	0	GBP2	c1
0	-1.05488715303867	0.476	0.658	0	UCP2	c1
0	-1.05016784134064	0.836	0.906	0	CD7	c1
0	1.0240576750015	0.508	0.31	0	PTGER2	c1
0	-1.0152002025311	0.314	0.489	0	APOBEC3G	c1
0	1.0136590543135	0.422	0.268	0	IFNGR1	c1
0	-1.0134812379884	0.389	0.611	0	IL2RB	c1
0	-1.01287075955602	0.27	0.475	0	FLNA	c1
0	-0.990770811157267	0.22	0.427	0	CCDC69	c1
0	-0.988849686726709	0.285	0.488	0	IKZF3	c1
0	-0.980150015957022	0.232	0.415	0	DNPH1	c1
0	-0.977104471483104	0.355	0.568	0	PTPN22	c1
0	-0.955438172824483	0.335	0.519	0	NEAT1	c1
0	0.953686511207083	0.742	0.507	0	AHNAK	c1
0	0.921460967815049	0.872	0.545	0	KLRB1	c1
0	-0.820850217082778	0.259	0.445	0	FDFT1	c1
0	-0.811736285250331	0.41	0.597	0	ITGA4	c1
0	0.803065045772275	0.74	0.615	0	RGCC	c1
0	-0.796744880062786	0.417	0.582	0	ABI3	c1
0	0.795180759294156	0.596	0.4	0	LGALS3	c1
0	-0.792810329414863	0.466	0.606	0	IDH2	c1
0	0.785430969065109	0.91	0.748	0	S100A11	c1
0	-0.775674108432159	0.585	0.737	0	CTSC	c1
0	0.740799071692903	0.937	0.863	0	TSC22D3	c1
0	-0.734579122672871	0.579	0.729	0	RGS1	c1
0	0.733800762921736	0.842	0.702	0	PTGER4	c1
0	-0.72342450793442	0.607	0.777	0	GYPC	c1
0	-0.715821702055141	0.468	0.648	0	ARHGAP9	c1
0	-0.715450549456905	0.474	0.673	0	PRKCH	c1
0	0.708237098711317	0.945	0.87	0	TNFAIP3	c1
0	0.695367027446119	0.991	0.947	0	DUSP1	c1
0	-0.685945631047323	0.637	0.762	0	SLC25A5	c1
0	-0.679958550553057	0.567	0.735	0	FYN	c1
0	0.666726029808839	0.685	0.563	0	MYADM	c1
0	-0.656476522412732	0.58	0.733	0	C9orf16	c1
0	-0.646911955477727	0.763	0.871	0	LIMD2	c1
0	-0.645375516613871	0.521	0.693	0	CSK	c1
0	-0.644749827350486	0.967	0.985	0	PTPRCAP	c1
0	0.639182371017439	0.961	0.904	0	KLF6	c1
0	0.617679995887653	0.964	0.874	0	IFITM2	c1
0	-0.609015615368717	0.61	0.743	0	PSMB8	c1
0	0.604589610526535	0.994	0.923	0	VIM	c1
0	0.600181808780566	0.87	0.759	0	CXCR4	c1
0	-0.595064340153641	0.574	0.711	0	DYNLL1	c1
0	-0.566697122815994	0.594	0.732	0	WDR1	c1
0	0.558037868691943	0.835	0.719	0	TXNIP	c1
0	0.55343338876979	0.872	0.715	0	EMP3	c1
0	-0.553207300353336	0.994	0.99	0	GAPDH	c1
0	0.546068142819101	0.949	0.927	0	ZFP36	c1
0	0.528006246072571	0.971	0.958	0	JUNB	c1
0	0.505278010206351	0.937	0.865	0	RPL36A	c1
0	0.502139237460184	0.987	0.869	0	S100A4	c1
0	0.495714819781345	0.977	0.961	0	CD69	c1
0	0.470677473686019	0.985	0.963	0	ZFP36L2	c1
0	0.464611448942255	0.999	0.996	0	FTH1	c1
0	-0.448421668442349	0.958	0.978	0	CD3D	c1
0	-0.445593847686586	0.9	0.935	0	ARPC1B	c1
0	0.440715604576711	0.921	0.825	0	S100A10	c1
0	-0.439910925201436	0.935	0.953	0	ARPC2	c1
0	0.438507166994066	0.994	0.976	0	EEF1B2	c1
0	-0.420660367457413	0.997	0.995	0	ACTG1	c1
0	0.418474861940163	0.988	0.971	0	RPL38	c1
0	0.40094247671057	1	0.996	0	RPS14	c1
0	0.399113777770383	1	0.997	0	TPT1	c1
0	0.397123545489932	1	0.996	0	RPL34	c1
0	-0.393744425619243	0.965	0.983	0	PTPRC	c1
0	0.391552341715862	1	0.998	0	RPLP1	c1
0	0.387496610972813	1	0.996	0	RPL39	c1
0	-0.386766069008695	0.998	0.996	0	PFN1	c1
0	0.383758388383065	1	0.997	0	RPL32	c1
0	0.382692974164446	1	0.999	0	RPL10	c1
0	0.381065084786274	0.989	0.973	0	ITM2B	c1
0	0.380987844856499	0.998	0.991	0	RPL9	c1
0	0.375083567577985	0.999	0.994	0	RPS21	c1
0	0.37475960363754	0.977	0.957	0	TOMM7	c1
0	0.374126244290014	0.997	0.99	0	RPS29	c1
0	-0.366072697563317	0.999	0.999	0	HLA-A	c1
0	0.364601830075433	1	0.995	0	RPS25	c1
0	0.36443550639785	1	0.995	0	RPLP0	c1
0	0.361450950941608	1	0.997	0	RPS27A	c1
0	0.352092992465898	1	0.999	0	EEF1A1	c1
0	0.350370443849354	0.998	0.989	0	RPL35	c1
0	-0.333889023618464	0.978	0.984	0	CORO1A	c1
0	0.330091422767172	1	0.997	0	RPL30	c1
0	-0.325076588793854	1	0.999	0	ACTB	c1
0	-0.324489848930237	0.951	0.968	0	OAZ1	c1
0	0.317507642560899	1	0.997	0	RPS3	c1
0	0.314967176449033	0.999	0.995	0	RPL3	c1
0	0.311512053779781	0.982	0.96	0	MT-ND2	c1
0	0.309090959229997	0.962	0.922	0	FXYD5	c1
0	0.299458837570158	1	0.996	0	RPS3A	c1
0	0.291395015020707	1	0.997	0	RPS28	c1
0	0.289304889027474	0.965	0.947	0	RPL27A	c1
0	0.286890458732912	1	0.997	0	RPS12	c1
0	0.28595819662656	1	0.995	0	RPL35A	c1
0	0.284432008173519	0.998	0.993	0	RPL41	c1
0	0.283679337081464	1	0.997	0	RPS23	c1
0	0.280022655726221	1	0.997	0	RPL11	c1
0	0.267841611103085	0.983	0.966	0	EEF1G	c1
0	0.267589813629147	0.997	0.993	0	RPSA	c1
0	0.264666652825062	0.999	0.994	0	RPL36	c1
0	0.260049679614547	1	0.996	0	RPLP2	c1
0	0.256122370706306	0.999	0.995	0	MT-ND3	c1
0	0.253301798600372	0.999	0.996	0	RPL14	c1
0	0.251949700820573	0.998	0.993	0	RPL5	c1
0	0.250489363713579	0.998	0.991	0	RPL21	c1
0	0.250213359800636	0.992	0.98	0	MYL12A	c1
0	0.250118352986098	1	0.996	0	RPS18	c1
0	0.248122478769197	1	0.996	0	RPS13	c1
0	0.242962169372822	1	0.998	0	RPS19	c1
0	0.24212867880151	0.99	0.981	0	RPL27	c1
0	0.236965377337284	0.998	0.994	0	RPL17	c1
0	0.236276605882011	1	0.998	0	RPS27	c1
0	0.235930955873339	1	0.996	0	RPL37	c1
0	0.235419607488755	0.998	0.991	0	RPS5	c1
0	0.234239544270709	0.998	0.991	0	RPL10A	c1
0	0.226679913940895	0.995	0.99	0	SARAF	c1
0	0.21964976965595	1	0.995	0	RPL12	c1
0	0.218562236063856	1	0.997	0	RPL19	c1
0	0.21381803863372	0.998	0.99	0	RPL22	c1
0	0.213765735905932	0.999	0.996	0	RPL8	c1
0	0.205975253312305	0.999	0.994	0	RPL23A	c1
0	0.205073576432391	0.999	0.995	0	RPS6	c1
0	0.203540346878692	1	0.997	0	RPL18	c1
0	0.203062308356901	0.999	0.996	0	RPS24	c1
0	0.202881360624707	1	0.997	0	RPS8	c1
0	0.195648282191049	0.999	0.994	0	RPS16	c1
0	0.189331528076813	0.999	0.997	0	FAU	c1
0	0.155441015766611	1	0.998	0	RPL13	c1
0	0.153717844333168	1	0.997	0	RPS15A	c1
3.88838162066318e-307	-0.594719473782333	0.163	0.331	1.30408542793802e-302	IFNG	c1
4.24646639959684e-305	-0.491590489230369	0.908	0.937	1.42417990109679e-300	HMGB1	c1
4.46332975719454e-302	-2.27950887468411	0.029	0.144	1.49691153396791e-297	BCL2L11	c1
3.35904930044201e-301	-0.471171744756081	0.788	0.859	1.12655795438224e-296	PSMB9	c1
2.41440609917383e-300	0.219704382990384	1	0.997	8.09743517540919e-296	MT-CYB	c1
2.54022386070573e-300	-0.73512717831284	0.426	0.591	8.51940278403486e-296	SIRPG	c1
4.79359902457689e-300	-0.33320240149128	0.911	0.933	1.6076772408626e-295	ARPC3	c1
1.03497878403679e-299	0.251289470308506	0.996	0.991	3.47111184590258e-295	MT-ND1	c1
4.01230623198223e-298	-4.03687750044402	0.005	0.1	1.3456472640822e-293	MIR181A1HG	c1
4.51969529737654e-297	-0.599761773522757	0.69	0.779	1.51581540883414e-292	CNN2	c1
3.31935568488004e-294	-0.817839570308322	0.23	0.412	1.11324550959507e-289	TSPAN14	c1
3.397211889287e-294	-0.955077404881225	0.186	0.356	1.13935692342907e-289	MTHFD2	c1
9.86641794853712e-293	-1.94650050999284	0.035	0.152	3.30899925158038e-288	AC090152.1	c1
2.51280129908144e-291	-0.853356240416918	0.265	0.442	8.42743299685935e-287	NUCB2	c1
5.84153073077965e-290	-0.34904668193097	0.873	0.923	1.95913257648888e-285	LCK	c1
8.03237972582634e-290	-1.36528268367723	0.112	0.258	2.69389951244764e-285	CDC25B	c1
2.07713495219485e-288	-2.26890235652679	0.024	0.131	6.96629520267108e-284	P2RY11	c1
2.18956174903241e-288	-0.537699610989652	0.874	0.898	7.34335219390489e-284	RARRES3	c1
4.24823956228564e-288	0.408379111462999	0.862	0.786	1.42477458439936e-283	PPP1R15A	c1
2.02491660772145e-286	0.971604818755674	0.322	0.193	6.79116531897619e-282	SORL1	c1
2.06629251561611e-284	-2.64956139266294	0.015	0.114	6.92993183887329e-280	SCCPDH	c1
2.4087464192292e-284	-0.80352582322843	0.269	0.447	8.07845374081088e-280	RAB27A	c1
2.9999164084551e-284	0.150645595264738	1	0.996	1.00611196506767e-279	RPL29	c1
4.13452911461336e-284	0.149719697890917	0.999	0.997	1.38663837445903e-279	RPL7A	c1
1.19585609895857e-283	0.530213926311359	0.709	0.613	4.01066218468725e-279	CSRNP1	c1
1.26255166488389e-282	0.709284191864893	0.498	0.369	4.2343457736876e-278	INPP4B	c1
1.89008515734194e-282	-4.50248000733802	0.004	0.093	6.3389676006934e-278	PLCG2	c1
2.78203760951612e-282	-0.550682198915297	0.559	0.688	9.33039773479518e-278	COX5A	c1
5.82375408908583e-282	1.08048447543349	0.297	0.172	1.95317064639761e-277	MYBL1	c1
1.56042846386705e-281	-0.283134354862375	0.976	0.98	5.23336498211731e-277	RAC2	c1
3.14267422646995e-280	-0.546173574552131	0.568	0.725	1.05399008207349e-275	RHOH	c1
8.8226635362738e-280	-0.519300998730055	0.621	0.743	2.95894489679551e-275	PPP1R18	c1
2.39368306847176e-279	-5.39621527022507	0.002	0.089	8.02793427504058e-275	ADGRG1	c1
2.84751471671187e-279	-1.03035146946134	0.134	0.289	9.54999485690826e-275	USP11	c1
1.26319014835237e-277	0.570822010316079	0.616	0.496	4.23648711954419e-273	PLP2	c1
8.56409501136263e-275	-0.434545187387519	0.736	0.814	2.8722261849108e-270	PPP1CA	c1
1.49897588316674e-274	-1.03653241826521	0.152	0.31	5.02726531696462e-270	NAMPT	c1
9.72043898784884e-274	1.43556926138148	0.377	0.259	3.26004082774474e-269	EGR1	c1
1.52040850525106e-273	-5.5586800372853	0.002	0.086	5.09914604491099e-269	YBX3	c1
1.39041267743218e-271	-6.84614217685855	0.001	0.083	4.66316603757206e-267	AKAP5	c1
2.78213122334801e-271	-0.995468636870623	0.169	0.327	9.33071169686457e-267	GBP4	c1
7.13531188801218e-271	-0.739843572075833	0.337	0.508	2.39304090100153e-266	LIMS1	c1
4.30406390020148e-270	-1.99723662801458	0.03	0.136	1.44349695084957e-265	HAPLN3	c1
2.39136425646411e-269	-3.08809299313911	0.014	0.108	8.02015744332932e-265	S1PR1	c1
3.33044873606272e-267	-1.96972528848152	0.029	0.134	1.11696589710071e-262	CDKN2A	c1
5.00659315089639e-267	-0.326739668271667	0.88	0.916	1.67911121094763e-262	SUMO2	c1
8.93382509874036e-264	0.793955569879613	0.419	0.293	2.99622626161554e-259	DYNLT3	c1
1.18845841561558e-263	-0.539807349494597	0.61	0.73	3.98585183429154e-259	ZYX	c1
3.18375175356414e-263	-0.807164557106785	0.404	0.547	1.06776666311034e-258	CYTOR	c1
4.49266737394112e-263	-0.5146527566361	0.563	0.697	1.50675078387237e-258	DBI	c1
8.73125141181802e-262	-0.668311517527638	0.557	0.689	2.92828709849553e-257	ISG20	c1
3.21605047085481e-261	-2.18646116628283	0.025	0.125	1.07859900691529e-256	MT1E	c1
7.07020018814954e-261	0.799181084574297	0.832	0.8	2.37120373910159e-256	JUN	c1
4.95213830597103e-260	-0.460799884729376	0.676	0.778	1.66084814505656e-255	PARK7	c1
2.55263928907745e-259	-1.12535420476014	0.114	0.254	8.56104164770795e-255	PLA2G16	c1
3.68889843898867e-259	0.830689365888006	0.532	0.41	1.23718275846802e-254	PHLDA1	c1
5.35993254830672e-259	1.23374214879945	0.237	0.127	1.79761417805111e-254	LMNA	c1
8.17103768834848e-258	-0.585248685340803	0.515	0.657	2.74040261991831e-253	TAP1	c1
2.87744276422544e-255	-3.91495419319568	0.007	0.091	9.65036754265928e-251	ATP8B4	c1
3.08992324692411e-255	-0.653987943807942	0.544	0.684	1.03629845855341e-250	RNF213	c1
7.67495798463127e-255	-1.37706403426313	0.056	0.174	2.57402740888564e-250	IRF4	c1
7.95658670603017e-254	0.141450152284492	1	0.996	2.6684800494684e-249	RPL26	c1
1.57601227160149e-253	-5.53695232885574	0.002	0.08	5.28562995649708e-249	KLRC4	c1
2.50596049638222e-253	-0.962356435767581	0.143	0.291	8.40449031276668e-249	INSIG1	c1
2.94241308436628e-253	-3.22056858245652	0.01	0.097	9.86826500234763e-249	NMUR1	c1
5.86011163521438e-253	-1.83072023800357	0.044	0.154	1.9653642402182e-248	PLPP1	c1
1.00857280368659e-250	0.474522287119435	0.629	0.475	3.38255146900408e-246	RPS4Y1	c1
1.19912496376634e-250	-1.1195194339952	0.102	0.237	4.02162530347954e-246	CKAP2	c1
7.88435491284681e-250	-0.490023980487748	0.556	0.711	2.64425495067056e-245	ZAP70	c1
1.26503820341002e-249	-6.32495445594248	0.001	0.078	4.24268512659652e-245	PCLAF	c1
1.62031988903342e-249	-0.768690316173029	0.241	0.409	5.43422884384027e-245	JAK3	c1
1.98762285916893e-249	-2.65192486220089	0.029	0.127	6.66608954508075e-245	TBC1D4	c1
5.01705110963866e-249	-0.920417449078286	0.146	0.292	1.68261860115061e-244	CKS2	c1
7.31381436291926e-249	0.234216975207981	0.988	0.953	2.45290706103586e-244	IFITM1	c1
1.47162190627387e-248	-5.0152548765819	0.002	0.081	4.93552554926131e-244	CD8B2	c1
1.68870333254149e-247	-2.70770293351828	0.013	0.101	5.66357323667765e-243	TOGARAM2	c1
6.42467520176883e-247	0.145068886015604	1	0.997	2.15470756916923e-242	RPS2	c1
1.1213819348733e-246	-1.37876149674004	0.094	0.223	3.76089073317807e-242	KPNA2	c1
2.54436816975095e-246	1.75558458991152	0.131	0.053	8.53330196771073e-242	CLU	c1
7.34778034086843e-246	0.234046259796613	0.985	0.971	2.46429857072045e-241	CALM1	c1
8.3405858724463e-246	-3.6412280967052	0.006	0.087	2.79726568990104e-241	PIK3AP1	c1
3.58718660903503e-245	-0.831970189828853	0.739	0.76	1.20307064493817e-240	CST7	c1
1.67404141458414e-244	-1.07503949422691	0.104	0.239	5.61440009623228e-240	PLSCR1	c1
1.99628559269309e-244	1.00712057741495	0.229	0.122	6.69514262077408e-240	TNFSF13B	c1
2.40450551343687e-244	-1.09670611296501	0.138	0.278	8.06423059096458e-240	TRG-AS1	c1
3.62225294490592e-244	-0.853165694466792	0.207	0.365	1.21483119266255e-239	CEMIP2	c1
2.8562107729138e-243	-2.34032226774562	0.017	0.107	9.57915969019829e-239	EZH2	c1
5.4077990733492e-243	-0.236533445396706	0.992	0.991	1.81366765321985e-238	ARHGDIB	c1
5.1181500785968e-242	-6.87524761689999	0.001	0.075	1.7165251733598e-237	MKI67	c1
6.69312269515355e-242	0.12469787583808	1	0.998	2.2447394895006e-237	RPL28	c1
5.71150261374629e-240	0.610644967121561	0.57	0.458	1.91552374659823e-235	AC020916.1	c1
2.48545987017664e-239	-0.829676439563369	0.16	0.312	8.33573531259842e-235	MAD2L2	c1
3.72803623882977e-238	-0.417322020775655	0.722	0.808	1.25030879377873e-233	SLC9A3R1	c1
4.57569299188551e-238	-1.56595571793937	0.043	0.149	1.53459591561856e-233	PTPRJ	c1
3.16824433865306e-237	-2.28307809814387	0.021	0.112	1.06256578629746e-232	CCNG2	c1
1.1605737329071e-236	-0.275959193668601	0.989	0.988	3.89233218542384e-232	CFL1	c1
4.90458819850311e-236	0.281015933568362	0.997	0.994	1.64490079001397e-231	H3F3B	c1
7.74989544229674e-236	0.638399008981161	0.528	0.416	2.59915993343748e-231	NCF1	c1
6.89433870055471e-235	-0.85474111240668	0.229	0.384	2.31222331339204e-230	SLA2	c1
7.59459152163421e-235	-0.337256082775666	0.914	0.929	2.54707410452568e-230	LSP1	c1
9.82713583974e-235	-2.4101877030443	0.019	0.108	3.295824817932e-230	NINJ2	c1
2.36691213239885e-234	-1.2886751864003	0.083	0.204	7.93814990963927e-230	LMNB1	c1
2.33985114048603e-233	-2.10280418745276	0.029	0.123	7.84739275496204e-229	CENPM	c1
2.72778038360315e-233	-0.769893980008465	0.29	0.452	9.14842985052823e-229	RNF19A	c1
1.47926289936958e-232	0.6271693884885	0.767	0.687	4.96115191190569e-228	NFKBIA	c1
1.48493957483348e-231	0.14911566360296	0.999	0.996	4.98019034607653e-227	RPL6	c1
7.35657488141465e-231	-0.942117482195849	0.146	0.287	2.46724808372884e-226	FAM173A	c1
2.4735299430146e-230	0.765314599461461	0.409	0.293	8.29572472288238e-226	ERN1	c1
3.76412521186218e-230	1.99911614235442	0.085	0.027	1.26241231355434e-225	PHLDA2	c1
1.19340591840512e-229	0.963596076467393	0.228	0.124	4.0024447691471e-225	FBLN7	c1
2.87492251577644e-228	-0.762441046212278	0.222	0.379	9.64191513341102e-224	ARID5A	c1
8.1664198805717e-228	-0.885227481054049	0.178	0.322	2.73885389954614e-223	CARHSP1	c1
1.29162979003824e-227	-0.891216856804207	0.166	0.311	4.33186798983023e-223	EPSTI1	c1
1.0426125967478e-226	0.156508176162872	1	0.997	3.49671412697279e-222	MT-ND4L	c1
1.0094196702565e-225	-0.668290113945074	0.381	0.545	3.38539169010626e-221	CARD16	c1
5.57260786802748e-225	-0.811008363414146	0.159	0.306	1.86894122677906e-220	DCP2	c1
4.38351948622542e-224	-0.534675153511849	0.456	0.618	1.47014476529028e-219	AKAP13	c1
5.14365862280384e-224	-1.5532536937187	0.041	0.141	1.72508022891595e-219	PRKAR1B	c1
9.7176579995215e-224	-2.26981988050125	0.029	0.12	3.25910813987952e-219	NCR3	c1
2.84802664535821e-223	-3.23448649889439	0.007	0.082	9.55171176320236e-219	GPR82	c1
1.92425600648154e-222	-0.587524979760115	0.656	0.735	6.45356979453779e-218	ALOX5AP	c1
2.53904185102113e-222	-5.83308639533824	0.002	0.072	8.51543855995466e-218	TNFRSF9	c1
3.03907924913004e-222	1.52381566010068	0.145	0.066	1.01924639857323e-217	HYI	c1
7.36982281420798e-222	-6.82574804200449	0.001	0.07	2.47169117542907e-217	KLRC1	c1
8.3438127211559e-222	0.818698340254095	0.324	0.21	2.79834791042126e-217	SESN1	c1
1.32260330646942e-219	-0.759596038785152	0.228	0.384	4.43574696923714e-215	CTSA	c1
4.47857209806316e-219	-1.13188682560358	0.069	0.183	1.50202351024842e-214	C16orf87	c1
5.0380427032231e-219	-1.04801617166211	0.109	0.236	1.68965876180696e-214	CARS	c1
5.65219544449356e-219	-7.76241145534471	0.001	0.068	1.89563330817425e-214	TYMS	c1
1.47505128462845e-218	0.846835159541956	0.347	0.237	4.94702699838691e-214	PERP	c1
1.91300030400747e-218	-0.512212140991517	0.475	0.625	6.41582041958024e-214	FAM49B	c1
2.30977772516545e-218	-0.589656219762731	0.396	0.558	7.74653253465988e-214	CASP4	c1
4.21020747940369e-218	-5.27675787694556	0.002	0.071	1.41201938444241e-213	CXXC5	c1
5.64233720963331e-218	0.618994977438418	0.44	0.321	1.89232705336682e-213	ICAM2	c1
1.04022110055137e-217	-2.28028288813058	0.016	0.097	3.48869352702919e-213	SLC27A2	c1
4.96902268105315e-217	-0.571439284087557	0.366	0.527	1.66651082677161e-212	LSM2	c1
3.06598786178034e-214	0.177728390479808	0.996	0.99	1.02827100908389e-209	RPL37A	c1
1.88566674571418e-213	-0.610091523756677	0.287	0.45	6.32414913177621e-209	C11orf98	c1
2.10151951313189e-213	-0.49218933766977	0.538	0.675	7.04807614314173e-209	SASH3	c1
3.59065129142646e-213	-2.61610425905816	0.022	0.105	1.20423263011861e-208	EOMES	c1
3.85631770231306e-213	0.24738089411573	0.959	0.922	1.29333183100175e-208	MIF	c1
4.22855500595245e-213	-0.530394375831431	0.503	0.651	1.41817277789633e-208	TRAC	c1
7.69559072181997e-213	0.39512155801887	0.752	0.67	2.58094721628398e-208	SAMSN1	c1
1.82121990602755e-212	-0.731737502568587	0.247	0.4	6.1080073208352e-208	TPST2	c1
1.00754111627081e-211	1.96179939089333	0.072	0.021	3.37909139574903e-207	CFH	c1
3.68215290147898e-211	-1.53099039376087	0.055	0.156	1.23492044009802e-206	TRGC2	c1
1.49987659728586e-210	-0.288997364160819	0.946	0.961	5.03028613197733e-206	EVL	c1
6.11107840764154e-210	-0.866957122829729	0.142	0.277	2.04953347635482e-205	PPP1R16B	c1
1.30937490556667e-208	-0.519280092803466	0.396	0.555	4.39138155828949e-204	UQCRFS1	c1
2.2759920620524e-208	-1.02297149698528	0.105	0.226	7.63322217771134e-204	ATP8A1	c1
6.64638039635266e-208	-0.139927900963323	1	1	2.22906305732876e-203	B2M	c1
1.5236792882542e-207	-0.983055626912281	0.083	0.199	5.11011559694693e-203	MPST	c1
1.62369847607966e-207	-0.69119042559166	0.36	0.509	5.44555994907598e-203	CBLB	c1
1.90093600453169e-207	-1.10221183966925	0.38	0.48	6.37535917199838e-203	CTSW	c1
2.22908146734377e-207	-0.543119201137565	0.401	0.557	7.47589342517753e-203	PRDX6	c1
3.94202532360422e-207	-0.868577484039948	0.174	0.31	1.32207645303038e-202	LINC00861	c1
8.14150269833571e-207	-0.389020165990793	0.783	0.854	2.73049717496783e-202	STK17A	c1
2.88856143742275e-206	-1.46514113388552	0.093	0.205	9.68765734882842e-202	PASK	c1
1.49734851104647e-205	-1.20534242700167	0.076	0.185	5.02180743634765e-201	DZIP3	c1
1.82901623553568e-205	-0.938917480832608	0.333	0.462	6.13415465073958e-201	CXCR6	c1
2.14629755043119e-205	-0.376637430568208	0.835	0.876	7.19825272463613e-201	SUB1	c1
2.1521545560697e-205	-1.2946595937209	0.061	0.165	7.21789595014655e-201	SH3BP5	c1
6.50531895365155e-205	-4.3902167105788	0.003	0.068	2.18175387067566e-200	MYO1E	c1
4.62805174452657e-204	-4.69039052133804	0.004	0.07	1.55215599407932e-199	NUSAP1	c1
3.25675575519118e-203	-0.574123513372516	0.369	0.524	1.09225074517602e-198	ARPC5L	c1
5.66245000361019e-203	0.29450697563998	0.9	0.867	1.89907248221078e-198	CD48	c1
7.9622388065134e-203	-0.442314401478228	0.662	0.748	2.67037565092847e-198	FKBP1A	c1
1.41275880463762e-202	1.34380182870527	0.157	0.078	4.73811047899365e-198	CYB561	c1
2.19411861974787e-202	-1.1359295952492	0.074	0.183	7.35863502691041e-198	LIMA1	c1
3.5383342275188e-202	-2.38077483248411	0.016	0.093	1.18668653322526e-197	CCRL2	c1
1.1678240853876e-200	-3.0078418643473	0.01	0.082	3.91664841757293e-196	TRDC	c1
1.9950892362158e-199	-0.565010440105682	0.322	0.485	6.69113028042053e-195	RBCK1	c1
3.08855119492083e-199	-2.22102254290855	0.022	0.101	1.03583829975255e-194	CCR4	c1
9.67346050847915e-199	-1.42336479192621	0.048	0.143	3.24428518533374e-194	MAP1LC3A	c1
8.33681259887839e-198	-0.720222564127312	0.17	0.309	2.79600020941183e-193	RPS6KA1	c1
1.34919518411512e-197	-0.695797002882776	0.79	0.854	4.52493080848528e-193	HMGN2	c1
9.80463058142687e-197	-0.57769862040592	0.307	0.465	3.28827700439895e-192	MIEN1	c1
1.55203952967416e-195	-2.4530881434359	0.108	0.216	5.2052301746212e-191	STMN1	c1
1.06181789059813e-194	-0.751001584427585	0.172	0.309	3.561124841488e-190	PPM1M	c1
2.13160957877296e-193	-1.40200064203258	0.044	0.136	7.14899220528874e-189	ZNRF1	c1
3.11993341873124e-193	-3.58608169461811	0.007	0.073	1.04636326997408e-188	ICA1	c1
8.14789267043824e-193	-2.73046190731861	0.01	0.08	2.73264024381158e-188	VAV3	c1
1.34947113974538e-192	-0.949746252987841	0.094	0.208	4.52585630847804e-188	ATXN1	c1
2.1858201453541e-192	-0.643262875482941	0.255	0.407	7.33080360348858e-188	VOPP1	c1
2.58325079745965e-192	-2.3993829512152	0.013	0.084	8.66370652452019e-188	HELLS	c1
4.64927962798304e-192	-2.8022673460555	0.012	0.083	1.55927540163295e-187	TIAM1	c1
1.10925668847054e-191	-0.587258744499983	0.329	0.485	3.72022508179251e-187	LASP1	c1
1.15445970445932e-191	-0.475320126915817	0.453	0.597	3.87182695681567e-187	PPP4C	c1
1.35753489575183e-191	-0.737380878943728	0.146	0.271	4.55290053337247e-187	SPRY1	c1
1.58506959581558e-191	-0.498893072885179	0.431	0.582	5.31600641044631e-187	SCAND1	c1
1.58986394996494e-191	0.954100692398055	0.286	0.189	5.3320857153924e-187	CD200R1	c1
1.87192694471948e-191	-4.03189645427293	0.007	0.072	6.27806858720019e-187	CXCR5	c1
1.89049751522273e-191	-0.159808761214682	1	0.999	6.340350566554e-187	TMSB4X	c1
2.08146668013538e-191	-0.54539945063694	0.402	0.559	6.98082295183805e-187	SMCHD1	c1
2.58120952811759e-191	-0.54303030003815	0.356	0.513	8.65686051540078e-187	SH3BP1	c1
8.38952021369599e-191	-0.406151380155207	0.622	0.746	2.81367728926936e-186	TBC1D10C	c1
8.74765745126187e-191	-0.68215369738207	0.258	0.406	2.93378935600421e-186	PYHIN1	c1
4.53847925608563e-190	0.551955684575365	0.608	0.53	1.522115172906e-185	TTC39C	c1
5.35321343578282e-190	-0.335068254878717	0.728	0.808	1.79536072209284e-185	SLC25A3	c1
5.55866675323416e-190	1.35686957322948	0.127	0.058	1.86426565569967e-185	FHL1	c1
6.36288178145225e-190	-1.73120868346998	0.055	0.148	2.13398329186345e-185	ID3	c1
1.32351855149088e-189	-4.21259205522984	0.003	0.065	4.43881651799011e-185	LYN	c1
3.52244996540691e-189	-0.604875153242446	0.257	0.407	1.18135926939817e-184	RNASEH2B	c1
1.19752274537063e-188	-0.296789861818015	0.9	0.923	4.01625178342402e-184	YBX1	c1
2.02723711181604e-188	-1.74389345136698	0.085	0.184	6.79894782560863e-184	CCR7	c1
2.77697953160888e-188	-0.88154221773027	0.107	0.224	9.31343395310986e-184	FAM110A	c1
3.13353573563263e-187	1.71109927460912	0.086	0.031	1.05092521501647e-182	PDE9A	c1
7.30766407822507e-187	-3.92351134093097	0.007	0.071	2.45084437855513e-182	CENPF	c1
1.152708980872e-186	-0.519951418022001	0.39	0.54	3.86595538004852e-182	RAB5IF	c1
6.07046513531531e-186	-0.377096995819683	0.633	0.756	2.03591259708205e-181	UBXN1	c1
8.68631587605816e-186	-0.510470292103879	0.711	0.791	2.91321661851239e-181	CALR	c1
9.22443169698981e-186	-0.83829826476467	0.215	0.348	3.09368990253644e-181	RIPOR2	c1
2.63621323718872e-185	0.50186803634462	0.643	0.587	8.84133195488354e-181	ARHGAP15	c1
4.15505178106188e-185	-1.09290456496705	0.097	0.206	1.39352126633253e-180	FAM3C	c1
8.73173695864851e-185	-0.70232213650676	0.185	0.322	2.92844994119154e-180	MED15	c1
2.0008066552959e-184	-0.712759077112896	0.212	0.35	6.7103053605314e-180	PCED1B	c1
3.75223174275494e-184	-0.504493682660917	0.389	0.534	1.25842348188515e-179	CLTA	c1
7.93872903200591e-184	-0.607511757913029	0.327	0.477	2.66249094275414e-179	ISG15	c1
1.52865466857878e-183	-1.2760755914026	0.052	0.144	5.12680202747951e-179	AC022706.1	c1
2.59876417161499e-183	-1.99000691254453	0.019	0.092	8.71573527876235e-179	LDLR	c1
1.40616464169857e-182	-1.23375328435631	0.061	0.156	4.71599497532866e-178	PHACTR2	c1
1.51355042795586e-182	-0.229866538364316	0.999	0.999	5.07614542527837e-178	HLA-B	c1
1.35755748619935e-181	-1.21565824727494	0.069	0.167	4.55297629721539e-177	OASL	c1
2.33616038754404e-181	-0.930533960352521	0.081	0.187	7.8350147077452e-177	RAB33A	c1
2.754493735178e-181	-0.393616454295443	0.676	0.787	9.23802108903997e-177	MYH9	c1
4.11720213625457e-181	-1.25218822935619	0.053	0.145	1.38082725245706e-176	MCOLN2	c1
1.71446843453385e-180	-0.607104610846189	0.283	0.434	5.74998423573964e-176	PHYKPL	c1
2.05456775152186e-180	-0.391767454866705	0.593	0.707	6.89060932505403e-176	SEM1	c1
3.07659499754597e-180	-4.50037783760841	0.003	0.062	1.03182843027697e-175	TK1	c1
3.1128631254927e-180	-5.00486758028988	0.002	0.06	1.04399203502774e-175	TPX2	c1
7.26062083506829e-180	-0.423602593357509	0.576	0.708	2.4350670156652e-175	CELF2	c1
2.59734164113724e-179	-7.07823567467493	0.001	0.057	8.71096439604607e-175	FCER1G	c1
3.34627350131618e-179	-1.63983683120634	0.033	0.113	1.12227320687142e-174	GFOD1	c1
1.91938055164902e-178	0.299443756816918	0.846	0.814	6.4372184941205e-174	RPS10	c1
1.09552847937748e-177	-1.02724498410176	0.897	0.723	3.67418341413618e-173	CCL5	c1
1.21647893648013e-177	-1.16069182863768	0.062	0.157	4.07982705716705e-173	FAM160B1	c1
1.89667280277772e-177	-1.00246764992924	0.138	0.255	6.36106124595591e-173	IL6ST	c1
2.40247856254419e-177	-1.51947740105244	0.036	0.118	8.05743260306071e-173	NAB1	c1
3.16497886052349e-177	-3.51042694086156	0.024	0.096	1.06147061024237e-172	FOXP3	c1
7.47519962421492e-177	0.340753100404986	0.853	0.807	2.5070324499692e-172	SLC2A3	c1
2.87529384728562e-176	-0.94940410052149	0.089	0.195	9.6431605050265e-172	HSH2D	c1
3.41195388939426e-176	-0.311362178879646	0.998	0.995	1.14430109542505e-171	TMSB10	c1
8.33933119292385e-176	-0.73149876026892	0.247	0.386	2.7968448954828e-171	PIM3	c1
1.15959990526997e-175	1.78023933815662	0.105	0.045	3.88906616229443e-171	EDARADD	c1
1.5775530919676e-175	-0.79372628367258	0.108	0.223	5.29079755984094e-171	CASP3	c1
1.69511808331961e-175	-1.07067878895224	0.067	0.164	5.6850870278373e-171	FAM53B	c1
1.76118705304412e-175	-1.09983943064958	0.086	0.189	5.90666913849936e-171	PELI1	c1
2.70435538460507e-175	-0.500440631773214	0.385	0.532	9.06986708888849e-171	PPM1G	c1
1.31383465281851e-174	-1.23915569891426	0.047	0.135	4.40633865862273e-170	SREBF2	c1
1.5040029422658e-174	0.281807399235618	0.924	0.883	5.04412506777104e-170	TAGLN2	c1
2.08038076918776e-174	-0.610738859449342	0.196	0.334	6.97718102370191e-170	OVCA2	c1
2.79628909028536e-174	-0.463706928949099	0.412	0.562	9.37819435099903e-170	SEC11A	c1
8.93553000988928e-174	-0.866719402315661	0.104	0.214	2.99679805471667e-169	MSL3	c1
3.54336021394099e-173	-0.609433528479832	0.352	0.485	1.18837214855153e-168	HMGA1	c1
3.79420104246604e-173	-1.78181540792987	0.019	0.09	1.27249914562226e-168	RBBP8	c1
4.16257266658039e-173	-0.515202229603033	0.419	0.564	1.39604362091773e-168	PPP1CC	c1
7.37090222000173e-173	-0.375278955551195	0.699	0.776	2.47205318654418e-168	ATP5MC3	c1
7.41128874466376e-173	-0.58057066483405	0.348	0.495	2.48559801918533e-168	CFLAR	c1
1.04570080160358e-172	-0.573985700971611	0.235	0.38	3.50707134841808e-168	ASNA1	c1
2.13525064106709e-172	-0.589849020437178	0.24	0.383	7.16120360001081e-168	SFT2D1	c1
2.18699260047702e-172	0.205432488993344	0.947	0.89	7.33473578347983e-168	S100A6	c1
5.64092009771679e-172	-1.9881583154214	0.015	0.082	1.89185178237226e-167	PSAT1	c1
7.35752591546212e-172	-1.00275932408223	0.072	0.169	2.46756704152769e-167	FBXO6	c1
1.72660256029967e-171	-4.26705485132385	0.003	0.06	5.79067966673304e-167	CDT1	c1
3.69292431176904e-171	-0.75823367633374	0.128	0.245	1.2385329556811e-166	G6PD	c1
4.51175574634496e-171	-0.810257241032234	0.093	0.201	1.51315264220917e-166	GGCT	c1
6.0791580194428e-171	-4.52885797260393	0.002	0.057	2.03882801656073e-166	MSC	c1
1.99079821088207e-170	-0.445881792621988	0.526	0.649	6.67673903965628e-166	YWHAQ	c1
2.47784157493192e-170	-0.262467142446714	0.876	0.915	8.31018507400668e-166	YWHAB	c1
2.85814803787103e-170	-0.497441141856317	0.442	0.588	9.58565688941187e-166	MBP	c1
5.1436848209592e-170	-0.765249813397292	0.383	0.515	1.7250890152533e-165	TNFRSF1B	c1
5.61926760981958e-170	-1.01728797027701	0.073	0.171	1.88458997098129e-165	GALNT2	c1
1.96115210610806e-169	-0.909629421061927	0.108	0.217	6.5773119334652e-165	RAB3GAP1	c1
2.21887415619123e-169	-1.46540123065483	0.046	0.13	7.44166014503415e-165	GK	c1
2.80858454617628e-169	-3.61806469171873	0.004	0.06	9.41943085096601e-165	FSD1	c1
9.99196392582785e-169	-0.655673757092967	0.227	0.362	3.35110486144414e-164	APOBEC3C	c1
1.07156409117218e-168	1.19543299104747	0.147	0.075	3.59381164897325e-164	NSG1	c1
1.57626488402811e-168	0.403549429705809	0.647	0.567	5.28647716805348e-164	FLT3LG	c1
6.80373073754538e-168	-0.570348047442465	0.243	0.382	2.28183521475797e-163	TXNDC17	c1
6.88692093527273e-168	-0.433254545126385	0.537	0.68	2.30973554327177e-163	PNISR	c1
1.2650688104741e-167	0.140687865916157	0.997	0.991	4.24278777656804e-163	UBA52	c1
2.65884713985988e-167	-0.524225510956689	0.328	0.478	8.91724153766208e-163	NSD3	c1
4.83709390001252e-167	-1.25224878882717	0.049	0.135	1.6222645521862e-162	LINC00426	c1
7.53921526128481e-167	-1.09550668556029	0.058	0.148	2.5285020143297e-162	MXD4	c1
4.6217357171646e-166	-0.451714965495154	0.628	0.724	1.55003772482266e-161	CLEC2B	c1
4.91666594514827e-166	-3.41725833177787	0.007	0.066	1.64895142468383e-161	ACTN1	c1
6.04919648713417e-166	-0.379749327591448	0.657	0.745	2.02877951785506e-161	PSMB10	c1
1.89740814448133e-165	-0.506259705764992	0.411	0.56	6.36352743496149e-161	SYNGR2	c1
2.6146673118887e-165	0.943099761387124	0.23	0.145	8.76907123061233e-161	CD300A	c1
3.29572481859659e-165	-1.89962388594684	0.018	0.086	1.10532018966093e-160	SPSB1	c1
4.66474949639201e-165	-0.965939499716054	0.082	0.181	1.56446368609995e-160	GLCCI1	c1
8.47790449984223e-165	-1.3275684375124	0.05	0.135	2.84331961115709e-160	MIAT	c1
1.08594103766478e-164	-0.313682326974842	0.81	0.868	3.64202905212015e-160	CD3G	c1
2.59897076052212e-164	-0.741799060121524	0.128	0.244	8.71642813663908e-160	SAMD9L	c1
3.5180747279516e-164	1.01376283535906	0.205	0.123	1.17989190226041e-159	LGALS3BP	c1
3.63606303886037e-164	-6.81556496674016	0.001	0.052	1.21946282197299e-159	FCRL3	c1
4.05881137220578e-164	-0.496441655379211	0.422	0.565	1.36124415801037e-159	NAP1L4	c1
4.15321716087284e-164	-3.27797469605596	0.005	0.06	1.39290597141353e-159	AC103702.2	c1
4.44656252825609e-164	-3.81873567126729	0.004	0.059	1.49128814072653e-159	ZWINT	c1
4.49911536806051e-164	-0.573618060694933	0.347	0.485	1.50891331214013e-159	SLA	c1
4.50199126655369e-164	-0.592835685909055	0.23	0.368	1.50987783097678e-159	CHST11	c1
1.06661915742282e-163	-1.13257765991357	0.05	0.136	3.57722733016465e-159	PDLIM7	c1
1.12025151840546e-163	-2.27226373252769	0.013	0.076	3.75709954242822e-159	NDC80	c1
1.21218792773358e-163	-0.914572198838829	0.101	0.206	4.06543587203288e-159	LINC01934	c1
2.92523765534626e-163	-0.406273955202819	0.508	0.635	9.81066204850028e-159	PSMA5	c1
3.88157695385917e-163	-0.526732625632732	0.264	0.409	1.30180327878529e-158	BUD31	c1
4.3852336433892e-163	-4.35705913140712	0.003	0.056	1.47071965931987e-158	TSHZ2	c1
6.61728105937933e-163	-0.709386005781163	0.138	0.255	2.21930372169464e-158	BAK1	c1
7.73731165479949e-163	0.470526251499597	0.509	0.399	2.59493958278665e-158	LGALS1	c1
1.80420616904852e-162	0.701539202331546	0.377	0.283	6.05094664975491e-158	ARL4A	c1
2.64231823330253e-162	-6.58161825397089	0	0.051	8.86180689085004e-158	TTC24	c1
2.69893605576863e-162	0.414986605181163	0.598	0.505	9.05169174383683e-158	TC2N	c1
3.34740191285504e-162	-1.99747458223928	0.014	0.077	1.12265165353332e-157	CENPN	c1
6.0369641465121e-162	-0.225347872024406	0.962	0.968	2.02467703545723e-157	H3F3A	c1
1.10649272378781e-161	-0.575947372290515	0.187	0.32	3.71095529703956e-157	UBL7	c1
2.99315218345816e-161	1.56936961264772	0.083	0.032	1.0038433792882e-156	BEX5	c1
4.36237377338555e-161	-0.396197031428304	0.657	0.744	1.46305291611805e-156	CALM3	c1
7.24646987405864e-161	2.59280355475403	0.039	0.008	2.43032106636179e-156	EMP1	c1
8.98233008197602e-161	-0.914182544345428	0.133	0.241	3.01249386289312e-156	SLAMF7	c1
1.15194501016369e-160	-0.568453612149742	0.208	0.344	3.86339317508699e-156	YIPF3	c1
1.19196747844619e-160	-1.6649726118838	0.024	0.093	3.99762052921285e-156	HIVEP3	c1
2.09252918433457e-160	-0.536064482648031	0.261	0.404	7.01792437842129e-156	MPG	c1
2.74880777896338e-160	-2.02551336732217	0.017	0.081	9.21895152908739e-156	MARCH3	c1
3.07051867572843e-160	-2.68591355447641	0.009	0.067	1.0297905534658e-155	SLAMF8	c1
8.9480563990857e-160	0.719823696711596	0.307	0.214	3.00099915512536e-155	NCF4	c1
1.49288543616678e-159	0.132086241244124	0.995	0.991	5.00683917581613e-155	RPS9	c1
2.46584533918561e-159	-2.97077702582576	0.007	0.064	8.26995209856071e-155	TRIB1	c1
4.63716500680529e-159	0.330722820063258	0.883	0.86	1.55521239998236e-154	MCL1	c1
9.94388247346664e-159	0.242174235502035	0.911	0.892	3.33497930395124e-154	RPS20	c1
1.22226139946344e-158	1.00673521990166	0.181	0.103	4.09922028152048e-154	ANTXR2	c1
2.39399194201374e-158	-0.834974077535197	0.083	0.182	8.02897017512568e-154	R3HDM1	c1
2.95558836680848e-158	-0.559734149343432	0.29	0.425	9.91245226460229e-154	PSMA4	c1
3.68872479853636e-158	-0.599036897767553	0.226	0.36	1.23712452293313e-153	ARHGAP25	c1
5.69625881043952e-158	0.393585817548835	0.491	0.372	1.91041127984521e-153	CAPG	c1
7.80469989355756e-158	0.642050087946134	0.252	0.158	2.61754025030133e-153	MAL	c1
8.73972495853298e-158	-1.57178136937542	0.027	0.097	2.93112895659279e-153	INPP1	c1
1.60638733245677e-157	-0.283678248846398	0.795	0.859	5.38750183559351e-153	HCLS1	c1
2.04306098412904e-157	-0.522355974384861	0.283	0.426	6.85201792857197e-153	TADA3	c1
3.91020803433221e-157	-5.94073213865519	0.001	0.052	1.31140557055434e-152	TOP2A	c1
4.17774146785441e-157	-0.304116638455904	0.779	0.839	1.40113093348901e-152	ACTR3	c1
5.02525417579895e-157	-0.650083299396481	0.235	0.365	1.68536974547945e-152	HSPH1	c1
5.30942426147728e-157	-1.4619780240743	0.028	0.1	1.78067470881425e-152	DLEU2	c1
1.02867697199343e-156	-0.541558981240682	0.345	0.479	3.44997682867157e-152	IFI16	c1
1.75120437967401e-156	-0.476244537740028	0.368	0.512	5.87318924855068e-152	ROCK1	c1
1.92318912415586e-156	-1.20941841574927	0.066	0.154	6.44999168459393e-152	SESN3	c1
4.75336274505371e-156	-6.64299258950691	0.001	0.049	1.59418279743611e-151	AC243829.4	c1
5.45987849044687e-156	1.47926187726167	0.085	0.034	1.83113404812607e-151	CYSLTR1	c1
1.04061177164172e-155	-1.55320784183044	0.031	0.103	3.49000375973201e-151	REC8	c1
1.38353538768241e-155	-0.358237071997375	0.684	0.784	4.64010098320926e-151	JAK1	c1
1.45589976360439e-155	-1.8116759442424	0.026	0.095	4.88279662717642e-151	AC119396.1	c1
3.04048419549453e-155	-0.66019961051083	0.161	0.282	1.01971758948496e-150	COA1	c1
3.82936352773408e-155	-0.556721117121539	0.204	0.338	1.28429193993146e-150	TMEM165	c1
7.16096188690331e-155	-0.707596400796431	0.179	0.3	2.40164339762963e-150	TNIK	c1
7.78570353165882e-155	-0.50913480246794	0.422	0.553	2.61116925044774e-150	PTPN7	c1
1.21992462051105e-154	-0.475956723137857	0.35	0.496	4.09138319226996e-150	MOB1A	c1
2.17251855528159e-154	-0.646317369674608	0.134	0.249	7.2861927307034e-150	IP6K2	c1
2.47248430421698e-154	-0.684318823844053	0.164	0.282	8.2922178594829e-150	PDE3B	c1
4.07810134088761e-154	-0.603672972238686	0.182	0.309	1.36771362770689e-149	MRPL28	c1
4.98812104034392e-154	-0.645664776712551	0.173	0.296	1.67291603451054e-149	TSPAN5	c1
5.40422490149166e-154	-1.1792805047378	0.052	0.135	1.81246894746227e-149	XIST	c1
6.43137581445332e-154	-2.86536376602043	0.008	0.064	2.15695482065136e-149	ASF1B	c1
7.89178443711233e-154	-0.915153934013225	0.095	0.193	2.64674666451873e-149	FAM118A	c1
1.19656951660626e-153	-2.33107495742235	0.015	0.075	4.01305484479409e-149	RORC	c1
1.45425735763728e-153	-8.20662787719804	0	0.048	4.87728832604391e-149	NCR1	c1
1.70463948408672e-153	-5.66668562924961	0.001	0.049	5.71701990173005e-149	PHGDH	c1
2.00973697639835e-153	-0.416721868036128	0.774	0.844	6.74025587144479e-149	TRBC2	c1
2.60554293027107e-153	-0.50561009749548	0.329	0.47	8.7384698795431e-149	MAP4K1	c1
2.6331114807813e-153	-0.486361563140282	0.326	0.473	8.83092928424431e-149	CYBC1	c1
2.65211392185382e-153	-0.457571507660196	0.356	0.501	8.89465967111333e-149	PIN1	c1
3.29112741657004e-153	-0.365189551565105	0.658	0.757	1.10377831296926e-148	WIPF1	c1
3.7237798383788e-153	-0.596764687248197	0.26	0.393	1.24888128219548e-148	PLEKHF1	c1
5.50725475441264e-153	-0.595263566059343	0.189	0.316	1.84702309953491e-148	ABHD17A	c1
2.48642873490613e-152	-7.96170993037989	0	0.048	8.33898469112819e-148	RRM2	c1
3.34359561305454e-152	-3.0250034587643	0.007	0.06	1.12137509670623e-147	CHST2	c1
4.35342744153513e-152	-0.210353209766442	0.937	0.949	1.46005249534205e-147	RHOA	c1
6.24608592452972e-152	-2.60405502116574	0.027	0.094	2.09481229736878e-147	TRGV9	c1
7.81428539431349e-152	-1.0582512831895	0.053	0.135	2.62075503554486e-147	GTDC1	c1
1.17344849149021e-151	-1.1587801532201	0.053	0.136	3.93551155075988e-147	TFRC	c1
1.59025583374089e-151	-7.25917735902425	0	0.047	5.33340001520019e-147	BIRC5	c1
1.72850084606329e-151	-0.632966325351011	0.174	0.295	5.79704613752705e-147	ZBTB1	c1
3.35596707526836e-151	-0.648360224093751	0.125	0.236	1.1255242377035e-146	NABP2	c1
5.27631295230165e-151	-0.590442226830569	0.169	0.292	1.76956983794293e-146	CDV3	c1
6.25375409609426e-151	-0.559389084504482	0.187	0.315	2.09738404874809e-146	NUDT22	c1
1.5006614905648e-150	-1.95535428129935	0.031	0.1	5.03291850705623e-146	CTSH	c1
1.62165243705225e-150	-2.10206439149702	0.015	0.075	5.43869794338585e-146	KIAA1671	c1
1.71193222499415e-150	-3.42119164114756	0.005	0.056	5.7414782961854e-146	FES	c1
1.72463043335889e-150	-0.748832084406327	0.106	0.209	5.78406554739906e-146	RFX5	c1
1.94224996667059e-150	-0.50216972329406	0.28	0.42	6.51391793821981e-146	CMC2	c1
8.50270566185003e-150	-0.872629107101062	0.1	0.199	2.85163742487126e-145	NINJ1	c1
1.06267495295507e-149	-0.649002938417012	0.111	0.217	3.5639992572207e-145	TRAF7	c1
1.69764377047621e-149	-0.45456226196823	0.371	0.517	5.69355767742312e-145	CDC42SE1	c1
5.4192319092991e-149	-0.953110449102279	0.061	0.146	1.81750199774073e-144	PHTF1	c1
8.68991525758925e-149	-3.08352698601988	0.007	0.061	2.91442377909028e-144	CDKN3	c1
1.76257222065721e-148	-2.55445067479632	0.009	0.064	5.91131471364014e-144	CHN1	c1
2.3302065528982e-148	-0.911809972244543	0.072	0.161	7.81504673710997e-144	STX11	c1
2.36588914145103e-148	-0.782877173955452	0.287	0.406	7.93471900259847e-144	SH2D1A	c1
3.16610026557768e-148	-0.522347707125002	0.271	0.407	1.06184670706944e-143	UBE2A	c1
6.94497619614226e-148	-0.415998058287742	0.487	0.624	2.32920611666219e-143	NCOR1	c1
1.60646680408559e-147	-2.06277243184806	0.017	0.077	5.38776836754225e-143	SEMA7A	c1
1.85818662103633e-147	-0.653438188466575	0.21	0.332	6.23198628963164e-143	ADA	c1
1.99890568373569e-147	-0.366296838923606	0.537	0.654	6.70392988211274e-143	RTRAF	c1
2.70970975123114e-147	-1.59745898965445	0.06	0.142	9.087824563679e-143	MIR155HG	c1
8.20895767913006e-147	-0.391443779135725	0.601	0.709	2.75312022642664e-142	IL2RG	c1
1.15595812617999e-146	-0.604722068506544	0.276	0.399	3.87685236358246e-142	GBP1	c1
1.96534155812039e-146	-0.527632009570017	0.244	0.377	6.59136251762416e-142	HSPB11	c1
5.45239089281697e-146	-0.529724595945308	0.242	0.374	1.82862285763295e-141	ARPC4	c1
1.1576987826949e-145	-0.989480859209624	0.056	0.138	3.88269017740215e-141	ITPK1	c1
1.98358739200444e-145	-0.337625727078127	0.985	0.975	6.6525553953045e-141	CD52	c1
2.17918320905107e-145	0.660504110349624	0.582	0.506	7.30854464651546e-141	NR4A1	c1
2.2355681697567e-145	-0.711432611985636	0.124	0.229	7.49764852773001e-141	MT1F	c1
2.38319911128912e-145	-0.996509209499372	0.051	0.131	7.99277317944145e-141	FAM126A	c1
2.48757313450694e-145	-0.534993995666837	0.242	0.372	8.34282277850938e-141	DECR1	c1
3.38918580564497e-145	-0.448499036377737	0.366	0.509	1.13666513549721e-140	ELOVL5	c1
7.52631811066868e-145	-0.722515537204875	0.413	0.526	2.52417656795606e-140	PIM2	c1
7.52820256707875e-145	1.80798514618407	0.059	0.02	2.52480857694687e-140	TPBG	c1
8.95759119317959e-145	0.171267400080686	0.983	0.971	3.00419693436857e-140	RPL31	c1
9.91099124176908e-145	-3.8009610118923	0.004	0.054	3.32394824266451e-140	LAIR2	c1
1.12735420312615e-144	-0.429575588808547	0.397	0.543	3.78092052644447e-140	ARID4B	c1
2.84512045000477e-144	0.238764612812424	0.979	0.973	9.541964965226e-140	RPS26	c1
2.8806817363868e-144	-0.701359432097757	0.137	0.244	9.66123040749404e-140	MAD1L1	c1
5.41879289298618e-144	-0.564792652283314	0.157	0.275	1.81735476044971e-139	ZCRB1	c1
6.40736757635159e-144	-0.224887610148205	0.901	0.925	2.1489029377568e-139	SLC25A6	c1
6.5325242753761e-144	-0.718330375582291	0.129	0.235	2.19087799147564e-139	GPR137B	c1
8.41568201845656e-144	-0.585802668032226	0.148	0.262	2.82245143534996e-139	CCDC28A	c1
1.31497117715227e-143	-0.647024137755011	0.23	0.353	4.41015033393329e-139	S1PR4	c1
1.54080725732234e-143	-2.21281603787916	0.01	0.064	5.16755937960768e-139	STARD4	c1
1.72451797355047e-143	0.117634756901466	1	0.997	5.78368837969358e-139	RPS4X	c1
2.14851864832139e-143	-1.41687285745006	0.036	0.106	7.20570184274029e-139	HAGHL	c1
2.43628358650897e-143	-1.99786964636768	0.014	0.072	8.17080789243377e-139	PKIA	c1
2.66591768331624e-143	-0.571974845500802	0.165	0.283	8.94095472630602e-139	PTRHD1	c1
4.42830770676079e-143	-0.941241747709604	0.063	0.146	1.48516583869343e-138	SH3BP2	c1
9.43008043862851e-143	-0.849086599923891	0.082	0.174	3.16266037750723e-138	ATP6V0A2	c1
1.13353355955874e-142	-0.151639369128271	0.795	0.726	3.8016448520481e-138	HIST1H4C	c1
1.3812372017161e-142	-0.497880136897032	0.334	0.465	4.63239332711544e-138	H2AFY	c1
2.06626634283944e-142	-0.551067496130057	0.199	0.324	6.92984406061492e-138	MAZ	c1
2.59449050758416e-142	-0.700682436194126	0.18	0.294	8.70140226433575e-138	BCL3	c1
3.31619298530402e-142	-0.987297015536606	0.057	0.138	1.11218480341126e-137	CENPK	c1
5.76328416343202e-142	-0.550012758243289	0.209	0.335	1.93289024273183e-137	STARD7	c1
1.1533456436062e-141	-3.87162410137661	0.003	0.049	3.86809061952647e-137	MIR3142HG	c1
2.37886597977789e-141	-0.378620247899663	0.68	0.775	7.97824072297909e-137	CD247	c1
5.28559226514925e-141	-0.250929447333053	0.892	0.92	1.77268193388575e-136	CHCHD2	c1
8.48046578907945e-141	-1.34831579413825	0.038	0.108	2.84417861634147e-136	TRPS1	c1
1.00716762821078e-140	-1.61004393134161	0.029	0.095	3.37783879149333e-136	DHFR	c1
1.01296930652541e-140	-0.81217833182779	0.107	0.205	3.39729646022491e-136	SLC16A3	c1
1.28986183629275e-140	-0.97335892694741	0.086	0.176	4.32593862655863e-136	STAM	c1
1.54822261979494e-140	-0.524240468246779	0.216	0.344	5.19242902226828e-136	NRDC	c1
1.55297460466269e-140	-0.5172248969431	0.204	0.331	5.20836622911774e-136	CD2BP2	c1
4.99673429133891e-140	-0.710316681834821	0.396	0.512	1.67580474662924e-135	HSPA1A	c1
5.59804504475981e-140	-1.5096601541422	0.024	0.087	1.87747234711155e-135	SQLE	c1
7.33271115745817e-140	-0.369163846795659	0.542	0.654	2.45924466798832e-135	ATP5F1C	c1
1.36033294008767e-139	-0.684198681040954	0.129	0.234	4.56228461446604e-135	TFDP1	c1
1.53113696479947e-139	-3.97653961206318	0.004	0.052	5.13512715254446e-135	CDK1	c1
2.51508688677003e-139	-0.402861236566548	0.5	0.615	8.43509840084931e-135	POMP	c1
2.64474189890034e-139	-1.7167890738337	0.023	0.084	8.86993538053195e-135	CPNE7	c1
1.05051611798221e-138	-3.12092632640413	0.004	0.051	3.52322095648874e-134	RMI2	c1
2.41787166738846e-138	-3.43161949223135	0.005	0.053	8.10905799808742e-134	ZC2HC1A	c1
4.12324426006178e-138	-0.497914878132558	0.265	0.397	1.38285365993952e-133	CYC1	c1
4.84036178834236e-138	-1.14215462332833	0.051	0.127	1.62336053657426e-133	HIST1H2AC	c1
5.8179775752302e-138	-4.24913119110712	0.002	0.047	1.9512333191807e-133	KNL1	c1
7.41728628531195e-138	-0.739905843765987	0.099	0.195	2.48760947436792e-133	PPIF	c1
8.28605832071761e-138	-0.482678178934225	0.349	0.487	2.77897823960227e-133	CMTM6	c1
9.55284097399143e-138	-0.276868093483488	0.712	0.793	3.20383180585725e-133	ATP5F1D	c1
2.50494715739689e-137	-0.374759623449768	0.556	0.659	8.4010917764777e-133	PSMB3	c1
4.29796024272849e-137	-0.9032300194993	0.064	0.147	1.44144990620628e-132	OTULIN	c1
5.40051280857901e-137	-0.597079314347727	0.14	0.249	1.81122398574123e-132	USB1	c1
5.85273078308565e-137	-2.66176254918277	0.008	0.058	1.96288885003127e-132	CLSPN	c1
7.20160938968423e-137	-0.660300986121075	0.144	0.251	2.4152757571123e-132	SLAMF6	c1
9.68852536139868e-137	-0.276790373272794	0.809	0.858	3.24933763570589e-132	CAPZB	c1
1.12471072973855e-136	-0.355948119462435	0.751	0.809	3.77205484539716e-132	PSME2	c1
1.21444662184341e-136	-0.575510597237968	0.177	0.294	4.07301108033842e-132	SHMT2	c1
1.38983466540603e-136	0.366199346202711	0.67	0.596	4.66122750083876e-132	SCML4	c1
1.41795146943446e-136	-0.359207803395362	0.558	0.671	4.7555256381893e-132	RALY	c1
1.82778874451638e-136	-0.742826341680085	0.08	0.169	6.13003789135904e-132	ACOT7	c1
2.37413241977731e-136	-1.76679130741702	0.038	0.106	7.96236530944913e-132	GPR25	c1
4.38196439943791e-136	-5.00933703969668	0.002	0.046	1.46962322028349e-131	FCGR3A	c1
4.75177721305056e-136	-0.56298373666632	0.148	0.26	1.5936510417129e-131	NAA60	c1
4.84571356211992e-136	-2.77085052866433	0.005	0.053	1.62515541446378e-131	C3orf14	c1
6.97848954758672e-136	-1.5679020574875	0.037	0.105	2.34044582446963e-131	NELL2	c1
1.27525990864181e-135	-0.608837327426658	0.154	0.265	4.27696668160291e-131	YARS	c1
1.46209001927457e-135	-0.632423719209624	0.16	0.27	4.90355750664304e-131	SKA2	c1
2.46811493893366e-135	-0.527408886253123	0.181	0.3	8.27756388219571e-131	FAM104A	c1
3.17871448496409e-135	0.740124838871236	0.287	0.205	1.06607726396725e-130	THEM4	c1
5.50134411253988e-135	-2.49616237870381	0.008	0.058	1.84504078846362e-130	HMGB3	c1
5.84665008103652e-135	-0.639906576250002	0.128	0.231	1.96084950417803e-130	MIIP	c1
6.83565225899962e-135	-0.558999478240521	0.253	0.38	2.29254105462329e-130	TMEM167A	c1
7.80166499895417e-135	-2.31755237424526	0.01	0.061	2.61652240734925e-130	CENPW	c1
8.47094430692486e-135	-0.708450022154379	0.087	0.178	2.84098530165646e-130	ZDHHC24	c1
9.17682324048399e-135	0.153801376926547	0.986	0.981	3.07772297839352e-130	PFDN5	c1
1.0880565780976e-134	-0.751314551286357	0.11	0.206	3.64912415162372e-130	LINC00649	c1
1.27440955879525e-134	-0.526465551756475	0.169	0.286	4.27411477828751e-130	DCAF11	c1
1.51660147522696e-134	-0.91547071566251	0.07	0.153	5.08637802761619e-130	MCM6	c1
1.51947876441185e-134	-0.478168017200861	0.312	0.443	5.09602788008448e-130	VAMP5	c1
1.80777751067616e-134	-0.601522896296892	0.164	0.276	6.06292421530572e-130	RAB29	c1
2.03262681199628e-134	0.107541836457374	1	0.996	6.81702380207312e-130	RPS7	c1
2.09270794079004e-134	-0.679646651371576	0.426	0.528	7.01852389182162e-130	MT2A	c1
2.18634997477859e-134	-2.28863578984648	0.042	0.109	7.33258054541242e-130	TRGV4	c1
2.59266167768607e-134	-0.349209857720958	0.538	0.656	8.69526873462355e-130	CSNK2B	c1
2.69074077932888e-134	-0.561233224877897	0.181	0.298	9.02420642571318e-130	NAA50	c1
3.85529615789769e-134	0.89262793217217	0.184	0.111	1.29298922543573e-129	RNF144A	c1
7.69228827787762e-134	-0.604339199151288	0.144	0.252	2.5798396426346e-129	TRPC4AP	c1
1.30489304797807e-133	-0.490935989963957	0.25	0.381	4.37635030430884e-129	AKIRIN2	c1
1.40429674492379e-133	-5.97914533750181	0.001	0.043	4.70973042312539e-129	UHRF1	c1
3.8838831211181e-133	-2.66637018310336	0.006	0.053	1.30257672116059e-128	NCAPH	c1
4.35595212010319e-133	-3.51501195260142	0.003	0.048	1.46089922204021e-128	ADGRG5	c1
5.71160780569728e-133	-5.23786869670972	0.001	0.044	1.91555902587475e-128	ADTRP	c1
1.50402161067615e-132	1.42336734021363	0.108	0.053	5.04418767788567e-128	EGR3	c1
1.51346094275881e-132	-0.807495464890502	0.118	0.213	5.0758453098245e-128	RIN3	c1
1.7135870820164e-132	-0.474896633075811	0.295	0.426	5.7470283556666e-128	GTF3C6	c1
2.41695893975521e-132	0.508779010630298	0.411	0.324	8.10599689215102e-128	TMEM173	c1
2.92410921523869e-132	-0.287679585821872	0.764	0.822	9.8068774860675e-128	CAP1	c1
2.9718923652873e-132	0.267459484852432	0.945	0.905	9.96713261470053e-128	CRIP1	c1
3.65665810823076e-132	-1.90943635888427	0.012	0.064	1.22636999633843e-127	FANCI	c1
6.33588380483854e-132	0.990923197386768	0.177	0.106	2.12492871046675e-127	NME4	c1
6.79113219469282e-132	-5.97216324720094	0.001	0.042	2.27760991545608e-127	CCNB2	c1
1.02488263983681e-131	-0.760305814562229	0.083	0.171	3.43725139748469e-127	MVD	c1
1.11723667313901e-131	0.151400772345101	0.979	0.96	3.74698835437361e-127	MT-ND4	c1
1.79823722977241e-131	-0.630535901274267	0.152	0.259	6.03092802121071e-127	NLRC3	c1
3.17130609852179e-131	-5.90626125682933	0.001	0.042	1.06359263932224e-126	ASPM	c1
4.12834248777352e-131	0.68533387058784	0.352	0.274	1.38456350354948e-126	ADI1	c1
6.32438030603531e-131	-0.587517854835598	0.159	0.268	2.12107066703812e-126	B4GALT1	c1
7.82052208417037e-131	-6.1758795554338	0	0.041	2.62284669658906e-126	CEP55	c1
1.14708505404792e-130	-0.321245117918035	0.638	0.725	3.8470938542659e-126	GNG5	c1
1.29302006558234e-130	-2.86634565954447	0.007	0.054	4.33653069595006e-126	GINS2	c1
1.38348872739254e-130	-0.549958170237907	0.163	0.275	4.63994449392909e-126	GLRX3	c1
1.52344388069256e-130	-0.279987112987047	0.718	0.807	5.1093260870667e-126	RNASEK	c1
1.53649656262335e-130	-0.440314122253592	0.365	0.497	5.15310217172618e-126	PARP1	c1
1.983026693869e-130	-0.213371570634099	0.92	0.938	6.65067492589784e-126	UBB	c1
2.30122349514348e-130	-0.441837129582182	0.318	0.453	7.71784335801221e-126	DNAJC15	c1
2.92363504463406e-130	-2.93765382429332	0.008	0.056	9.80528721269372e-126	BEX3	c1
3.60982104106533e-130	-2.14422402289796	0.011	0.062	1.21066178075249e-125	CENPU	c1
7.54739532663853e-130	-0.835926185792885	0.112	0.204	2.53124544464803e-125	PMAIP1	c1
8.41956083670741e-130	-0.541580613304388	0.153	0.263	2.82375231341493e-125	TAF10	c1
9.40495189733889e-130	-0.409115618731597	0.462	0.59	3.15423276732952e-125	BIN1	c1
9.54178825777717e-130	-5.18119642201538	0.002	0.043	3.20012494589331e-125	CCNA2	c1
1.03624616420996e-129	-6.42474088127891	0.001	0.043	3.47536238552736e-125	UBE2C	c1
1.18902533570622e-129	-0.73961769007952	0.086	0.174	3.98775317089152e-125	ARL3	c1
1.81504070610656e-129	-1.37993810790559	0.055	0.128	6.08728352014017e-125	MCM7	c1
1.91885136141408e-129	-0.534561502851188	0.154	0.265	6.43544369591054e-125	UBN1	c1
2.13474599357664e-129	-0.416613931804859	0.524	0.632	7.15951111325732e-125	DEK	c1
2.18029984401921e-129	-0.449718595329411	0.308	0.443	7.31228961687163e-125	IGBP1	c1
3.16356187722164e-129	-0.393553350907605	0.422	0.555	1.06099538238259e-124	NDUFS8	c1
3.93071372941394e-129	-1.17850455551156	0.045	0.115	1.31828277057085e-124	AHI1	c1
4.46382630926362e-129	-0.911380381059498	0.079	0.163	1.49707806760083e-124	UBASH3B	c1
4.77580563124557e-129	-4.01758727449986	0.003	0.046	1.60170969260714e-124	KIFC1	c1
7.41221756713198e-129	-0.241053063120468	0.811	0.869	2.48590952766473e-124	TRIR	c1
7.79894051663898e-129	0.14133333792044	0.999	0.996	2.61560867047038e-124	MT-ATP6	c1
1.0873394708258e-128	-0.90366171822239	0.066	0.145	3.64671911725557e-124	MEF2D	c1
1.39673362208286e-128	-4.93864706353075	0.001	0.042	4.6843652217415e-124	GOLIM4	c1
1.5569502434263e-128	-0.943526901932362	0.055	0.131	5.22169972640314e-124	GNGT2	c1
2.40340246393277e-128	-0.602426184369746	0.229	0.344	8.06053118353771e-124	TMPO	c1
2.85544935997761e-128	-0.512584094609949	0.212	0.334	9.57660606349291e-124	NARF	c1
4.25036650290764e-128	-0.280792454579091	0.698	0.776	1.42548791774516e-123	BRK1	c1
7.15241681345166e-128	-1.99196141269732	0.014	0.066	2.39877755089542e-123	PRR5L	c1
7.49840259291892e-128	0.616307799615827	0.424	0.352	2.51481426161315e-123	DNAJB9	c1
1.66352502129806e-127	-0.282150970867869	0.685	0.767	5.57913021642942e-123	UQCRH	c1
2.04858554186958e-127	-1.24920252538756	0.038	0.104	6.8705461903222e-123	HS3ST3B1	c1
2.12252104251459e-127	-1.38081648262455	0.02	0.076	7.11851107238544e-123	UCK2	c1
3.91013758706911e-127	-1.65366589798559	0.02	0.076	1.31138194395124e-122	C15orf53	c1
6.2477461993877e-127	-3.1678901819618	0.004	0.048	2.09536912035065e-122	MFGE8	c1
1.15415075050127e-126	-1.61060729025052	0.018	0.072	3.87079078703115e-122	WDR34	c1
1.18219754102302e-126	0.362294341092844	0.59	0.506	3.964854113083e-122	ANXA2	c1
1.27783115219065e-126	0.419095771497859	0.554	0.492	4.285590118217e-122	RBMS1	c1
1.68029060652253e-126	-0.769342080334573	0.077	0.16	5.63535863615527e-122	DUSP10	c1
1.80831597576226e-126	-1.41524267845261	0.033	0.096	6.06473011951145e-122	UBE2T	c1
2.81641654110601e-126	-0.598770942046905	0.158	0.265	9.44569779556132e-122	RALGDS	c1
3.06341256224092e-126	-3.16140404270037	0.005	0.049	1.02740730512436e-121	PDLIM1	c1
5.27831289152491e-126	-0.51833920668282	0.201	0.318	1.77024057755963e-121	GTF2I	c1
6.9571112875011e-126	0.255592691870817	0.842	0.812	2.33327598360212e-121	APRT	c1
8.20750248635868e-126	-0.560231963782745	0.217	0.333	2.75263218387497e-121	GALM	c1
1.15779502465197e-125	-0.154143955839923	0.988	0.986	3.88301295367777e-121	SERF2	c1
1.43851621893929e-125	-0.557274490829165	0.167	0.276	4.82449569507859e-121	SNX20	c1
1.6575713949874e-125	-0.825563418668688	0.076	0.157	5.55916294450875e-121	CMIP	c1
1.780070026793e-125	-2.89004801083972	0.005	0.049	5.96999885585837e-121	DOCK5	c1
2.0030007684056e-125	-0.42782362211245	0.499	0.606	6.71766397707869e-121	CDK2AP2	c1
2.04374388394037e-125	0.509833181604948	0.451	0.373	6.8543082379592e-121	CDC42EP3	c1
3.05983466580752e-125	-0.665102297052504	0.124	0.221	1.02620735021853e-120	NLRC5	c1
3.4321834291303e-125	-0.463208666219296	0.564	0.666	1.15108567846172e-120	GZMM	c1
3.5573481070291e-125	-0.405517034499624	0.4	0.534	1.19306340813542e-120	ARHGAP30	c1
6.13868287739517e-125	-3.93712370833718	0.002	0.043	2.05879146342079e-120	PIF1	c1
6.43769898348359e-125	-0.599277634521235	0.181	0.291	2.15907548508073e-120	GLRX	c1
6.54977241464918e-125	1.79056641632486	0.058	0.021	2.19666267242504e-120	RAB27B	c1
1.08349835363545e-124	-0.407043844320129	0.524	0.63	3.63383677842258e-120	NDUFV2	c1
1.79939244227113e-124	-0.988987845766993	0.046	0.115	6.03480237288891e-120	HIST1H2BK	c1
1.93248613132239e-124	-2.67834931055427	0.006	0.051	6.48117198722903e-120	AGMAT	c1
3.2814059996223e-124	-0.932408511411307	0.046	0.115	1.10051794415333e-119	BARD1	c1
3.62158406174199e-124	-1.86744703293491	0.015	0.067	1.21460686262703e-119	PLAGL1	c1
3.71765326517956e-124	-1.78325066915372	0.033	0.094	1.24682655207592e-119	LAT2	c1
1.03825462763548e-123	1.29093639663087	0.103	0.051	3.48209837016387e-119	AC004832.6	c1
1.36899443803594e-123	-0.602724574018823	0.121	0.218	4.59133354628492e-119	GCH1	c1
1.43863088015407e-123	-0.493980472290039	0.334	0.46	4.82488024586073e-119	GPRIN3	c1
1.47791651744307e-123	-3.0883247469808	0.006	0.05	4.95663641620057e-119	CENPE	c1
1.5592960752688e-123	-4.79682687890388	0	0.039	5.22956717723652e-119	HMOX1	c1
1.79313166186939e-123	-0.809551843240717	0.051	0.123	6.01380496757756e-119	TBC1D7	c1
2.06452163904808e-123	-0.442327602703811	0.24	0.366	6.92399267303943e-119	KXD1	c1
2.14697172743194e-123	-0.61204401980576	0.126	0.224	7.20051377946125e-119	ZNF791	c1
2.25977933692858e-123	-0.359084866047269	0.439	0.574	7.57884794019108e-119	NDUFS7	c1
3.17035198472918e-123	-0.856183337956316	0.061	0.137	1.06327264863847e-118	TSPOAP1-AS1	c1
3.39389405404588e-123	-5.46948640964037	0.001	0.04	1.13824418784591e-118	AURKB	c1
3.39682772361102e-123	-0.41477656640571	0.393	0.53	1.13922808194466e-118	SCAMP2	c1
4.18509345933485e-123	-0.502094566597038	0.282	0.404	1.40359664439172e-118	ZBTB38	c1
5.75795862614361e-123	-0.768771731857486	0.105	0.194	1.93110416403604e-118	OLFM2	c1
6.65638110693016e-123	-1.42745215435519	0.024	0.081	2.23241709564224e-118	LIMK1	c1
7.50165146765608e-123	-0.836153570670457	0.058	0.132	2.5159038692225e-118	TIGAR	c1
1.18545075400083e-122	-4.22921984286237	0.002	0.042	3.975764738768e-118	CRACR2B	c1
1.33395523483368e-122	0.268368249972189	0.812	0.784	4.47381906658519e-118	DAD1	c1
1.6670435209739e-122	-6.17056086242657	0	0.039	5.59093056064225e-118	PKMYT1	c1
1.78779494309756e-122	-0.681684151924256	0.087	0.173	5.99590668016058e-118	ZNF580	c1
1.81934628784968e-122	-3.16070142993528	0.003	0.045	6.10172358019024e-118	ZBTB32	c1
2.00854470582285e-122	-1.00819601931342	0.053	0.125	6.73625723438866e-118	SFMBT2	c1
2.67824223070241e-122	3.51928872181086	0.017	0.002	8.98228879332974e-118	SNCA	c1
5.9178536293104e-122	-0.493086742443706	0.215	0.333	1.98472975019812e-117	IDI1	c1
7.12225151633274e-122	-0.835828233278144	0.064	0.14	2.38866071354767e-117	UBALD1	c1
7.31239455206043e-122	-0.180274352700941	0.999	0.998	2.45243088487003e-117	HLA-C	c1
1.06672346873891e-121	-0.536454958241374	0.157	0.264	3.57757716945655e-117	AP2A1	c1
1.68819033662171e-121	-0.337395582872697	0.611	0.713	5.6618527509619e-117	EZR	c1
1.70177007123524e-121	1.53831582185972	0.06	0.022	5.70739646490874e-117	COLQ	c1
2.11147273039729e-121	-1.04263333363067	0.058	0.131	7.08145724320644e-117	SMC2	c1
2.14398302125392e-121	-0.41818806847877	0.316	0.445	7.1904902566814e-117	GNAI2	c1
2.17571652286434e-121	-0.406348941481133	0.349	0.481	7.29691807438244e-117	ADRM1	c1
3.0413655723905e-121	-2.3734301383659	0.008	0.054	1.02001318566833e-116	BUB1	c1
3.58959495050729e-121	-0.404174986721415	0.44	0.567	1.20387835450113e-116	SURF4	c1
6.89513908201929e-121	0.266666266584659	0.774	0.718	2.31249174532763e-116	PDCD4	c1
7.27852828623882e-121	-0.764932175737404	0.078	0.16	2.44107281663877e-116	FUT8	c1
7.50904911408313e-121	-1.025464177371	0.07	0.146	2.5183848918812e-116	CD101	c1
1.08269601725282e-120	-3.12109271951561	0.004	0.046	3.6311459026625e-116	PIK3R3	c1
1.15544486048698e-120	0.199257286017296	0.99	0.986	3.87513097310125e-116	BTG1	c1
2.47588418551554e-120	-0.497146347196326	0.184	0.296	8.30362038138203e-116	NUTM2B-AS1	c1
5.30546037510672e-120	-3.42371249313001	0.005	0.048	1.77934530060329e-115	AC004585.1	c1
6.80655970201238e-120	-3.97523588175977	0.002	0.041	2.28278399286091e-115	NCAPG	c1
6.98450908137818e-120	-1.18670346291789	0.028	0.088	2.34246465571261e-115	FANCA	c1
7.12298592352262e-120	-0.771038778037854	0.088	0.172	2.38890701903101e-115	TMEM140	c1
1.09161294508173e-119	0.217616361488828	0.507	0.396	3.6610514952151e-115	AQP3	c1
1.12128417191693e-119	-0.351185067802578	0.513	0.636	3.76056285577499e-115	LPXN	c1
1.18084723382372e-119	-0.584348528523508	0.108	0.2	3.96032545279798e-115	NUPL2	c1
1.19939641756915e-119	-2.85485290229396	0.008	0.053	4.0225357052434e-115	AC017002.3	c1
1.76919597408531e-119	-0.486641154165388	0.195	0.31	5.93352945788732e-115	TSTA3	c1
2.06113575696099e-119	-0.444618217951166	0.251	0.376	6.91263710169578e-115	NT5C	c1
2.44063293819555e-119	-0.430424742152958	0.346	0.475	8.18539474812023e-115	FAM107B	c1
2.9866524167951e-119	-1.024697276605	0.03	0.09	1.00166348754474e-114	AL441992.1	c1
4.01279550778425e-119	-0.674187337366001	0.091	0.177	1.34581135740068e-114	MPHOSPH9	c1
4.13078692714982e-119	-0.532847597180089	0.171	0.278	1.38538331962751e-114	LRBA	c1
4.37238553119304e-119	-0.447267688146233	0.344	0.466	1.46641065945152e-114	ACTN4	c1
5.43242202419987e-119	-0.33628489799549	0.571	0.684	1.82192569847615e-114	BUB3	c1
6.2690901916041e-119	-0.601306353628125	0.105	0.195	2.10252746846018e-114	RABEP1	c1
6.45008038285075e-119	-0.63033865699136	0.09	0.176	2.16322795880048e-114	DPP3	c1
6.64922012642525e-119	-1.73920392459147	0.014	0.063	2.2300154460005e-114	PAQR4	c1
1.00171274130402e-118	-0.221370579455959	0.845	0.887	3.35954419178542e-114	ALDOA	c1
1.06537247825259e-118	-3.52264588002146	0.002	0.042	3.57304621756353e-114	SGO1	c1
1.28514703033224e-118	-0.914760738082872	0.054	0.125	4.31012611032826e-114	SNX18	c1
1.4594169898603e-118	-0.467759878610218	0.187	0.301	4.89459270059346e-114	CHCHD5	c1
1.58021465638047e-118	-0.440616844872268	0.284	0.411	5.29972391456882e-114	SLC25A39	c1
1.76612387328637e-118	-0.302404535253056	0.585	0.692	5.92322624622781e-114	ARF5	c1
1.80243641328148e-118	0.459689490778075	0.445	0.368	6.04501124286344e-114	CTSB	c1
4.45530087305998e-118	-0.805611212245912	0.108	0.196	1.49421880680685e-113	WARS	c1
8.64382874151953e-118	-0.482189018860078	0.275	0.396	2.89896728333082e-113	AC116366.3	c1
9.76196877349802e-118	-0.570699603222282	0.135	0.234	3.27396908725577e-113	PSMA2	c1
1.21972327758477e-117	-0.793958946570315	0.071	0.148	4.09070792836379e-113	GSTM4	c1
1.44509007783527e-117	-5.19237029482575	0.001	0.038	4.84654310304392e-113	TROAP	c1
1.89666854062631e-117	-0.599138284653661	0.14	0.238	6.3610469515525e-113	PRKCB	c1
1.98597698281491e-117	-0.886418595494298	0.085	0.165	6.66056960496463e-113	RASA3	c1
2.44326953714491e-117	-0.450737079065037	0.319	0.446	8.19423737367659e-113	WNK1	c1
2.48783450491065e-117	-3.01622344156702	0.018	0.068	8.34369936256934e-113	TRDV1	c1
3.74788331216449e-117	-0.432014386113936	0.233	0.357	1.25696510523372e-112	PIH1D1	c1
4.20584112680593e-117	-5.4475533098984	0.001	0.038	1.41055499710817e-112	GTSE1	c1
4.34507912998745e-117	-0.561541329657096	0.13	0.227	1.45725263861519e-112	NFKBIB	c1
4.35630588969903e-117	-1.05865088245225	0.037	0.099	1.46101786928726e-112	ZMIZ1	c1
4.95230949594131e-117	0.113908275340144	0.997	0.992	1.6609055587488e-112	RPL24	c1
5.22520927578716e-117	-3.1824200774123	0.004	0.044	1.7524306869135e-112	C1orf21	c1
6.52838317976937e-117	-0.649268457937158	0.101	0.189	2.18948915083105e-112	ARSA	c1
7.96802367370286e-117	-0.416385619885084	0.304	0.433	2.67231577968647e-112	SHKBP1	c1
1.00227144884206e-116	-0.224195864139695	0.993	0.985	3.36141798512651e-112	SH3BGRL3	c1
1.25376211515528e-116	-2.8365119883072	0.004	0.044	4.20486738180777e-112	DHCR24	c1
1.33710534338445e-116	-0.821486699505998	0.075	0.153	4.48438390064278e-112	KIF20B	c1
2.19054873375203e-116	-0.440532965739504	0.254	0.376	7.34666234325756e-112	FIBP	c1
2.80481060453449e-116	-0.379299981481082	0.423	0.548	9.40677380548778e-112	TWF2	c1
3.89181507749757e-116	-0.571092598256955	0.154	0.257	1.30523694069113e-111	STARD3NL	c1
4.32426177243822e-116	-0.56511661355677	0.114	0.206	1.45027091324033e-111	STK16	c1
4.37927077850843e-116	-1.13825346240453	0.043	0.107	1.46871983369616e-111	USP28	c1
4.640089528213e-116	-8.69004156663592	0	0.036	1.55619322597208e-111	DLGAP5	c1
4.7417137393504e-116	-3.93344168975857	0.002	0.041	1.59027595390334e-111	CXorf21	c1
6.94906455829627e-116	-0.702402550128527	0.085	0.166	2.3305772715614e-111	RMND5A	c1
1.02650323830534e-115	-2.03759942935801	0.013	0.061	3.44268656062846e-111	VNN2	c1
1.0515137021685e-115	-0.180143097108338	0.941	0.949	3.5265666543327e-111	ATP5MG	c1
1.14677286351302e-115	-0.182210639884935	0.948	0.956	3.84604682964998e-111	ATP5MC2	c1
1.49741133620124e-115	-0.707777820994442	0.079	0.159	5.02201813935173e-111	ST6GALNAC4	c1
2.02670316845996e-115	-0.492132526403053	0.168	0.275	6.79715708638101e-111	LAP3	c1
2.30840950869904e-115	-0.535143711644468	0.133	0.23	7.74194381027484e-111	DESI1	c1
2.74300893358159e-115	-0.375266441676319	0.371	0.505	9.19950336144592e-111	ZNF207	c1
3.7357168161319e-115	-0.418496912448132	0.324	0.446	1.25288470579432e-110	YWHAE	c1
4.17298530455513e-115	-4.27111419449131	0.001	0.039	1.3995358114417e-110	CERS6	c1
6.5880334047759e-115	-0.419049960667681	0.235	0.358	2.20949464329374e-110	URM1	c1
7.06929431500911e-115	-0.227122213789919	0.84	0.881	2.37089992736776e-110	GABARAP	c1
9.32279827253035e-115	-0.923191014984432	0.046	0.111	3.12668008464123e-110	GMNN	c1
9.81524534867225e-115	-0.516948349122052	0.152	0.255	3.2918369850377e-110	TRPT1	c1
1.43279896990547e-114	-0.43892552989265	0.246	0.368	4.80532118526896e-110	UFD1	c1
1.54140026530003e-114	-0.438127185475845	0.221	0.34	5.16954820976323e-110	MRPS15	c1
1.69244211606103e-114	-0.428877702989121	0.253	0.372	5.67611236884547e-110	MT1X	c1
2.42032146432358e-114	-0.345030784641785	0.518	0.626	8.11727412704844e-110	PSMD8	c1
2.60584709102028e-114	-0.988990727696266	0.036	0.098	8.73948997386381e-110	MSRB1	c1
2.75099710484915e-114	-0.426646597187684	0.292	0.416	9.22629409024307e-110	NUDT21	c1
4.07582135259024e-114	-0.944543513473032	0.061	0.132	1.36694896523171e-109	FURIN	c1
6.6974282768966e-114	-0.845867802795305	0.047	0.114	2.24618349550558e-109	EMC9	c1
7.15649898312658e-114	1.63661187997772	0.074	0.032	2.40014662896099e-109	NLRP3	c1
8.66753943902429e-114	-0.85069865898782	0.054	0.123	2.90691937705997e-109	PCK2	c1
1.0033510365224e-113	-0.750585803161173	0.072	0.148	3.36503870628883e-109	MAN1A1	c1
1.21166651878252e-113	0.132226168361114	0.995	0.988	4.06368717069282e-109	MT-ND5	c1
1.35021994734952e-113	-0.445934551418016	0.34	0.464	4.52836765942082e-109	GPR174	c1
1.93356787037935e-113	-0.762177140089688	0.07	0.145	6.48479992367825e-109	MFSD6	c1
3.5176194676947e-113	-1.07096268242761	0.028	0.085	1.17973921707545e-108	RCC2	c1
4.34678476541176e-113	-0.230728795240176	0.799	0.855	1.4578246746238e-108	UBE2D3	c1
4.99224757725271e-113	-0.638822180691076	0.117	0.207	1.67429999245901e-108	DDHD1	c1
5.59972758263712e-113	-0.571251192274203	0.142	0.24	1.87803663666484e-108	DIP2A	c1
6.55979581411564e-113	-0.609734962247815	0.099	0.184	2.2000243201381e-108	SMC6	c1
7.17634736844082e-113	-5.25921536288705	0.001	0.038	2.40680338042768e-108	CDC20	c1
7.93577303475247e-113	-2.2510469330085	0.011	0.056	2.66149956039528e-108	CPA5	c1
8.52407374916071e-113	-0.542481840890758	0.154	0.254	2.85880385399352e-108	MYO9B	c1
1.09326167321388e-112	-0.669167462465629	0.085	0.166	3.6665809996247e-108	HIST3H2A	c1
1.17535216760983e-112	-0.547854933294749	0.437	0.531	3.94189609972986e-108	TRBC1	c1
1.2929770879434e-112	0.367349031500619	0.55	0.476	4.33638655754458e-108	FKBP11	c1
1.41922246870409e-112	-0.793647943713602	0.068	0.142	4.75978831553979e-108	EIF4G3	c1
1.69642611411703e-112	-0.34674848997773	0.537	0.638	5.68947390152571e-108	SRSF3	c1
1.73592063709682e-112	-0.932904020263487	0.045	0.11	5.82193063269531e-108	NSD2	c1
1.87806171448721e-112	-0.640864884211881	0.098	0.183	6.29864337804721e-108	DTX2	c1
1.97572903061355e-112	-5.89061430981673	0.001	0.036	6.62620002287172e-108	HMMR	c1
2.30146559832915e-112	-0.421301826086288	0.312	0.438	7.71865532367629e-108	ARHGEF3	c1
2.36324141337324e-112	-0.404730311748606	0.495	0.617	7.92583905217116e-108	STAT3	c1
2.48470717986475e-112	-0.459505876541526	0.162	0.268	8.33321093983038e-108	SCNM1	c1
2.79854111273986e-112	-0.279348328472905	0.488	0.616	9.38574718390693e-108	BAX	c1
2.98745004439736e-112	-0.371307451886079	0.393	0.525	1.00193099588999e-107	RAB11B	c1
3.62483364529303e-112	-0.44334901175894	0.304	0.426	1.21569670795838e-107	SPTAN1	c1
4.08462966374179e-112	-0.514336274683473	0.16	0.263	1.36990309662572e-107	TBL1XR1	c1
4.19805586406566e-112	-0.498465464154407	0.161	0.265	1.40794397569034e-107	MAN1A2	c1
5.29824297976121e-112	-0.529540734913189	0.147	0.245	1.77692473055231e-107	TRIM8	c1
5.31786907664533e-112	-0.450545721668988	0.158	0.262	1.78350693092531e-107	PABPN1	c1
6.58892155972087e-112	-1.56145137042954	0.022	0.075	2.20979251269919e-107	CAMK1	c1
1.35907031290817e-111	-0.919954082800643	0.045	0.108	4.55805001543141e-107	CD70	c1
1.61526431404299e-111	0.569770015849296	0.676	0.64	5.41727345643738e-107	CITED2	c1
1.68784857824916e-111	-0.569515048413692	0.124	0.215	5.66070656173204e-107	TMEM120A	c1
1.69992694002984e-111	-0.414413821124998	0.466	0.58	5.70121497147207e-107	TNFRSF14	c1
1.87217918819415e-111	-0.421638293424578	0.248	0.371	6.27891456136555e-107	ARIH2	c1
2.54692913306596e-111	-0.481578852682068	0.165	0.269	8.54189092647663e-107	ETNK1	c1
3.29601353343341e-111	-0.376034703134209	0.342	0.472	1.1054170188429e-106	COPZ1	c1
3.38726889274181e-111	-0.457604785940905	0.182	0.291	1.13602224124775e-106	VPS26B	c1
3.93110809506294e-111	-0.471356120199661	0.163	0.268	1.31841503292221e-106	DCPS	c1
4.2134655478678e-111	-1.09133864860731	0.081	0.155	1.4131120754439e-106	ARMH1	c1
4.68318418151891e-111	0.233148394339684	0.8	0.754	1.57064631079781e-106	CD44	c1
6.36718528608637e-111	-0.778073950779704	0.049	0.116	2.13542660124765e-106	CDK5	c1
8.60524978656326e-111	-0.780703976320121	0.056	0.125	2.88602867341759e-106	TFDP2	c1
1.42674172934159e-110	-0.24580991990775	0.759	0.825	4.78500641186583e-106	PSMA7	c1
1.80858698003386e-110	-0.347327699474854	0.486	0.615	6.06563901363757e-106	TAX1BP1	c1
2.13801576995196e-110	-0.357160155419896	0.423	0.548	7.17047728926489e-106	AURKAIP1	c1
2.18549178742781e-110	-0.793267814945094	0.065	0.136	7.3297023566754e-106	IVD	c1
3.41014056694891e-110	-0.623130357599167	0.079	0.157	1.14369294334333e-105	TOR2A	c1
5.94932612500853e-110	1.10723077015659	0.103	0.053	1.99528499580536e-105	ANK3	c1
6.28420914506804e-110	-0.336421320393827	0.567	0.666	2.10759806307292e-105	PRELID1	c1
7.58679614474481e-110	-0.986744585250858	0.034	0.093	2.54445969102452e-105	BLM	c1
9.96105762036691e-110	-0.421028605826402	0.196	0.308	3.34073950471865e-105	TMEM183A	c1
1.03117018750273e-109	-0.453996778831817	0.239	0.354	3.45833857484666e-105	IFI35	c1
3.23120090849923e-109	-0.374983842208304	0.406	0.53	1.08368016069247e-104	CCT3	c1
3.40267205444305e-109	-0.347158069051373	0.626	0.704	1.14118815361911e-104	NME2	c1
3.54118581163909e-109	-0.37754631650522	0.416	0.546	1.18764289750752e-104	ANKRD44	c1
5.94448995779055e-109	-0.473572887345277	0.45	0.548	1.9936630420438e-104	ANXA5	c1
7.22369662014991e-109	-4.01733776391914	0.002	0.038	2.42268337246588e-104	CDCA5	c1
8.36716107528318e-109	-4.8540537608703	0.001	0.036	2.80617848142847e-104	CDCA2	c1
8.73319461655901e-109	-0.528997247047646	0.126	0.219	2.92893881050156e-104	MPDU1	c1
2.67348258379006e-108	-3.47097060793861	0.003	0.039	8.96632588951509e-104	KIF23	c1
2.68602800160465e-108	-0.423011474168811	0.225	0.343	9.00840071178168e-104	ATP6V0D1	c1
3.25219846678766e-108	-0.562287633723162	0.118	0.207	1.09072232179125e-103	PPP6R2	c1
3.38756727893457e-108	-0.724297367243264	0.081	0.157	1.13612231400908e-103	ZFAND2A	c1
3.40139945428884e-108	-0.466286121417516	0.232	0.345	1.14076134897939e-103	BTG3	c1
4.63697722962399e-108	-0.471037458483097	0.256	0.371	1.55514942327129e-103	RASSF1	c1
5.61381276739484e-108	-5.5178889785299	0.001	0.036	1.88276052592888e-103	CD79A	c1
6.75992973559088e-108	-1.11623167522621	0.041	0.102	2.26714523472247e-103	MAST4	c1
7.36710980864573e-108	-0.374709946679624	0.362	0.487	2.4707812876236e-103	POLR2G	c1
1.06382643755419e-107	-3.49693320862589	0.003	0.04	3.56786110626924e-103	SGPP2	c1
1.16655429814109e-107	-0.284196299531796	0.657	0.734	3.91238980510558e-103	ATP5MF	c1
1.32189435221445e-107	-0.674822549436313	0.081	0.158	4.43336927845681e-103	MTHFD1	c1
1.5738109660186e-107	-0.434094927042808	0.194	0.303	5.27824721783319e-103	MRPS12	c1
1.82789990128202e-107	-0.388076975915705	0.32	0.444	6.13041068891965e-103	SLTM	c1
1.93694448630749e-107	0.484639271827517	0.546	0.492	6.49612441817807e-103	GATA3	c1
2.85235675439516e-107	-0.386229461900741	0.364	0.484	9.5662340828905e-103	MRPL51	c1
3.31281306177656e-107	-0.471198695930611	0.183	0.288	1.11105124465862e-102	ATP1B3	c1
4.09300486294442e-107	-0.43041319733353	0.263	0.383	1.3727119709343e-102	NCKAP1L	c1
4.3515993091262e-107	-0.497591526418423	0.161	0.261	1.45943937629474e-102	MARK3	c1
4.83979617081324e-107	-0.780756213727764	0.128	0.212	1.62317083976734e-102	SAMD3	c1
5.55132317373789e-107	-0.722482467213658	0.058	0.126	1.86180276600821e-102	EXOSC4	c1
5.69916147405231e-107	-0.695317015829545	0.09	0.169	1.91138477516766e-102	STAMBPL1	c1
5.75942846686251e-107	-1.8702214860136	0.021	0.07	1.93159711921635e-102	HPGD	c1
6.23536371059935e-107	-0.815364570004649	0.056	0.123	2.09121628126081e-102	LRRC61	c1
6.77493961140683e-107	-0.401592810619784	0.235	0.354	2.27217924687362e-102	NDUFS3	c1
7.90184600833698e-107	-0.436723450527422	0.22	0.332	2.65012111427606e-102	SEPHS2	c1
1.16288143342605e-106	-3.21522405099501	0.002	0.038	3.90007175142427e-102	KIF11	c1
1.16329141126313e-106	-0.468095466536425	0.136	0.232	3.90144673509427e-102	RPUSD3	c1
1.7537907675199e-106	-0.452272711352555	0.445	0.55	5.88186347610824e-102	JPT1	c1
1.79150877543884e-106	1.76943080510458	0.039	0.012	6.00836213106678e-102	F2RL1	c1
2.01262839336303e-106	-1.81844706135639	0.009	0.052	6.74995310566094e-102	ARHGAP11A	c1
2.97624604023829e-106	-0.750863040493037	0.078	0.153	9.98173396975117e-102	TSPAN17	c1
4.5285258167941e-106	-2.77732162973698	0.006	0.045	1.51877698843641e-101	CDCA8	c1
5.81119748096711e-106	-0.930341452324972	0.07	0.141	1.94895941116675e-101	SLC9A9	c1
7.0476611783736e-106	-0.38156901481322	0.309	0.435	2.36364460600294e-101	TXNL1	c1
7.75441525666743e-106	-5.11853179600287	0	0.034	2.60067578878112e-101	FOXM1	c1
8.04538049570067e-106	-0.96987663012541	0.049	0.113	2.69825971064809e-101	MZB1	c1
8.51105700597464e-106	-0.452928925574437	0.187	0.294	2.85443829866378e-101	MTCH2	c1
1.09065973208293e-105	-0.402810798530354	0.188	0.298	3.65785460945972e-101	CUEDC2	c1
1.24971726922319e-105	-5.98744980287298	0	0.034	4.19130177752073e-101	CENPA	c1
1.66037663061653e-105	-0.535758677941762	0.147	0.242	5.56857114376173e-101	U2AF1L4	c1
1.89018584481855e-105	-0.351076320939938	0.457	0.569	6.33930528635244e-101	PSMA1	c1
1.96174706711693e-105	-0.420195419896767	0.245	0.363	6.57930731369676e-101	MAP2K2	c1
3.37503239893744e-105	-0.451781086148924	0.253	0.366	1.13191836595564e-100	FDPS	c1
3.94292939781381e-105	-6.17164125023654	0	0.033	1.32237966143879e-100	CDC45	c1
5.04348106716693e-105	-0.632962647658951	0.132	0.22	1.69148268030644e-100	NFAT5	c1
6.13980788274879e-105	-7.32312908581772	0	0.033	2.05916876771629e-100	ADAM28	c1
6.60594788738906e-105	-0.532993963685225	0.105	0.19	2.21550280247254e-100	CHFR	c1
7.44003866650952e-105	-0.386440040452856	0.403	0.524	2.49524016797396e-100	PPP1R12A	c1
1.8585910762707e-104	-1.16621079387643	0.041	0.1	6.23334275159669e-100	GADD45G	c1
2.15992027275317e-104	-0.422580731470707	0.18	0.285	7.24394061075958e-100	ELOF1	c1
2.7660183453733e-104	-1.40841110895074	0.02	0.069	9.27667232671297e-100	LINC00539	c1
2.77645449421853e-104	-0.48664108050279	0.208	0.315	9.3116730827101e-100	SERPINB9	c1
2.90032782713999e-104	-0.487898391467027	0.131	0.223	9.7271194666621e-100	SLC52A2	c1
3.05509220032899e-104	-0.518030302093154	0.217	0.321	1.02461682214634e-99	NEDD9	c1
4.62754569816344e-104	-0.635539303712784	0.074	0.147	1.55198627625006e-99	MBD2	c1
6.08244283329884e-104	-0.307222508136673	0.511	0.627	2.03992967743177e-99	NDUFB10	c1
6.66623346942506e-104	-3.89890767580039	0.002	0.037	2.23572138097578e-99	PDE7B	c1
6.68768865859274e-104	-5.22769389911436	0	0.033	2.24291702231883e-99	MND1	c1
7.40111944273002e-104	-4.63125234383096	0.001	0.034	2.48218743870279e-99	MELK	c1
7.61581640578092e-104	-5.6563815832111	0	0.033	2.5541925061708e-99	CKAP2L	c1
8.1261383645505e-104	-0.38694452386514	0.362	0.488	2.72534428470295e-99	CALCOCO2	c1
8.79037648195379e-104	-0.355620532675053	0.535	0.632	2.94811646451766e-99	UBE2L6	c1
9.03988528310433e-104	-0.446346291898309	0.175	0.279	3.03179672624753e-99	PPP5C	c1
9.39415830896097e-104	-0.4947799568685	0.121	0.21	3.15061281365933e-99	PRKAG1	c1
9.97831730548245e-104	-0.714703669924198	0.101	0.181	3.3465280579127e-99	SLC7A5	c1
1.14695528846239e-103	-0.833996410494105	0.052	0.116	3.84665864644517e-99	RTP4	c1
1.22462952920519e-103	-0.835011665848084	0.083	0.156	4.10716251504835e-99	PXN	c1
1.38090346283425e-103	-0.473051349648457	0.2	0.305	4.63127403365352e-99	ABTB1	c1
2.12852059807557e-103	-2.42578442572816	0.004	0.041	7.13863238182585e-99	CHEK1	c1
2.13670637109286e-103	-0.557450601332827	0.111	0.196	7.16608582737122e-99	SEC14L1	c1
2.21010634938974e-103	-2.20289753057646	0.012	0.054	7.4122546745833e-99	TTN	c1
3.47681333629137e-103	-6.84960381793196	0	0.033	1.1660536567254e-98	F5	c1
3.94748983941121e-103	-0.540772357045251	0.103	0.186	1.32390914234173e-98	SUZ12	c1
3.9936660655987e-103	-0.453118179851805	0.186	0.29	1.33939572508049e-98	TRIM69	c1
4.61082384418863e-103	0.262250401028775	0.739	0.699	1.54637810086398e-98	PEBP1	c1
4.64126665660928e-103	1.27395104577583	0.081	0.039	1.55658801129362e-98	RASGRF2	c1
5.53063350745698e-103	-0.340260806967604	0.431	0.547	1.85486386573092e-98	UBE2L3	c1
6.2051214818235e-103	-0.3527327413807	0.384	0.511	2.08107364257396e-98	SSBP4	c1
7.92709185112087e-103	-1.9392125598625	0.009	0.049	2.65858806502892e-98	PRC1	c1
7.98091578096055e-103	-0.572956826442893	0.097	0.178	2.67663953461855e-98	SNAP47	c1
8.13060061503145e-103	-0.472170973489423	0.138	0.232	2.72684083426925e-98	NIPA2	c1
8.33467383348333e-103	-0.502921465230342	0.108	0.194	2.79528291027364e-98	EMC8	c1
8.64169009892465e-103	-0.499670867126488	0.133	0.224	2.89825002537735e-98	DBF4	c1
8.73467568524077e-103	-0.314968424824195	0.546	0.657	2.92943553131605e-98	VCP	c1
9.70712345344578e-103	-0.672166567567806	0.098	0.177	3.25557506381664e-98	SGMS1	c1
1.03192365001977e-102	-0.375060227130854	0.4	0.515	3.46086553743631e-98	VDAC1	c1
1.06732223121983e-102	-4.18981823047982	0.001	0.035	3.57958529906507e-98	KIF2C	c1
1.6721048101956e-102	-0.479301253759179	0.125	0.216	5.60790511243401e-98	PDZD11	c1
1.82011503513168e-102	-0.416438026340887	0.195	0.303	6.10430180482462e-98	MIF4GD	c1
1.96554898399647e-102	0.176863180136179	0.937	0.924	6.59205818252737e-98	COMMD6	c1
1.98965975536279e-102	-0.390942510154126	0.273	0.392	6.67292088753574e-98	PSMB4	c1
2.01340336700746e-102	-0.506246822312573	0.135	0.227	6.75255221226962e-98	TRIP12	c1
2.18520576363065e-102	-0.564072701493651	0.147	0.239	7.32874309006447e-98	XAF1	c1
2.22405833789405e-102	-0.472325837112083	0.113	0.201	7.45904685362907e-98	FAM207A	c1
2.39179113884164e-102	-0.211922974230147	0.825	0.875	8.0215891214471e-98	EIF3F	c1
2.4432961678744e-102	-0.454871038101928	0.135	0.229	8.19432668781715e-98	MRPS11	c1
2.53943144851222e-102	-0.392771112099066	0.439	0.558	8.51674519202029e-98	TPR	c1
2.79846974324703e-102	-0.464657573694462	0.178	0.28	9.38550782490189e-98	RIOK3	c1
3.15458660849825e-102	-0.208108961142726	0.925	0.928	1.05798525675814e-97	CLIC1	c1
3.33631004403478e-102	-9.11472702604082	0	0.032	1.11893166256838e-97	SPC25	c1
3.38349977888711e-102	-0.380727575440894	0.322	0.447	1.13475815584316e-97	DNAJB6	c1
3.650189742668e-102	-4.31029210805041	0.002	0.036	1.22420063589599e-97	CD200	c1
4.72814915464865e-102	-0.324267550694862	0.509	0.626	1.58572666348607e-97	POLD4	c1
4.98479387797402e-102	-0.592864644049015	0.121	0.207	1.67180017079493e-97	GGA1	c1
5.37890737255606e-102	-0.474003818593554	0.371	0.473	1.80397795460785e-97	LIME1	c1
5.9670034122093e-102	-0.279489622487154	0.649	0.74	2.00121360438676e-97	HNRNPA3	c1
7.66589630776001e-102	-0.475099113726341	0.167	0.264	2.57098830369655e-97	RB1CC1	c1
7.92137338480182e-102	-0.408756911725942	0.199	0.307	2.65667020579483e-97	ZNF655	c1
8.04075816971711e-102	-0.422397828228028	0.181	0.285	2.69670947495972e-97	RTCA	c1
1.05940792189903e-101	0.330033278229294	0.672	0.635	3.55304228846496e-97	SNHG8	c1
1.06280523942665e-101	-0.251845279190443	0.76	0.811	3.56443621198911e-97	ATP5F1B	c1
1.2799018706506e-101	1.13109594518592	0.124	0.072	4.29253489378798e-97	MPP1	c1
1.57441082573763e-101	-0.487214976224408	0.139	0.231	5.28025902735885e-97	TPP2	c1
2.13205629184766e-101	-0.790386398513546	0.075	0.146	7.15049039159868e-97	ATAD2	c1
2.84113721258497e-101	-2.20066219495313	0.008	0.047	9.52860598356748e-97	NUF2	c1
3.44677088044183e-101	-1.51879767763513	0.019	0.066	1.15597801788258e-96	MCM2	c1
3.72218657233698e-101	-0.484296517409717	0.167	0.266	1.24834693263038e-96	DNAJB11	c1
4.40475089531663e-101	-0.603966919847901	0.093	0.171	1.47726535527129e-96	STYXL1	c1
5.47559388920091e-101	-0.475167836035514	0.101	0.184	1.8364046785602e-96	HAUS1	c1
7.16438841670551e-101	-2.84774216484565	0.012	0.053	2.40279258719469e-96	TYROBP	c1
8.35402297153631e-101	0.480968314105738	0.475	0.417	2.80177222419385e-96	PNP	c1
8.9703702435797e-101	0.395818025069401	0.519	0.464	3.00848277229176e-96	MGST3	c1
9.63281644794257e-101	-0.349991094449535	0.382	0.507	3.23065398031098e-96	OXA1L	c1
1.00237613682182e-100	-0.810803810767686	0.069	0.137	3.36176908767301e-96	ACTA2	c1
1.10249443698919e-100	-0.429716811473378	0.257	0.371	3.69754584277435e-96	CCM2	c1
1.17364334175906e-100	-2.02577651382971	0.009	0.049	3.93616503959153e-96	SLCO4A1	c1
1.28712865112635e-100	-3.55296192627106	0.001	0.034	4.31677207014756e-96	DEPDC1B	c1
1.30791737652852e-100	-0.516329067370735	0.147	0.239	4.38649329740135e-96	RGS3	c1
1.67162925585172e-100	-0.643886656303644	0.085	0.161	5.6063101982755e-96	STAT5B	c1
1.74142878316012e-100	-1.58500680414087	0.029	0.08	5.84040385296241e-96	IL23R	c1
1.83371930913712e-100	-5.52337944822616	0	0.032	6.14992781898406e-96	DTL	c1
1.83975878006414e-100	-0.390805520171224	0.709	0.78	6.1701829965791e-96	DUSP2	c1
2.16603201578762e-100	-0.275142838653584	0.67	0.748	7.26443817454852e-96	ATP5IF1	c1
3.30019604245157e-100	-0.408326941773458	0.189	0.296	1.10681974871741e-95	BRMS1	c1
3.5574658594618e-100	-2.65438903561711	0.003	0.038	1.1931028999463e-95	RAD51AP1	c1
4.08029592137284e-100	-0.328440113842862	0.466	0.58	1.36844964611002e-95	UBE2N	c1
5.75335298971821e-100	-0.452967347697324	0.166	0.265	1.92955952569169e-95	POP4	c1
6.09684802917779e-100	0.958312273055218	0.128	0.074	2.04476089202565e-95	ZSCAN18	c1
6.21939538312895e-100	-0.831848035512604	0.053	0.115	2.08586082359379e-95	NUDT18	c1
6.49796151359781e-100	-0.298383275026924	0.885	0.905	2.17928633243043e-95	FYB1	c1
7.22211793400349e-100	-4.38783115625984	0.001	0.033	2.42215391270609e-95	CDCA3	c1
7.68760883196375e-100	-0.465643665088925	0.175	0.275	2.578270250064e-95	SIRT7	c1
9.26295322422825e-100	-0.525588554162309	0.139	0.229	3.10660925234167e-95	ABHD3	c1
1.1270660856822e-99	-0.352933256187102	0.465	0.59	3.77995423816095e-95	ARGLU1	c1
1.30123669351642e-99	-0.964953882185343	0.045	0.104	4.36408762271536e-95	SSH1	c1
1.41044369809858e-99	-0.731642034293202	0.082	0.154	4.73034607468303e-95	LPCAT1	c1
1.46953808109221e-99	-0.384478595238711	0.58	0.681	4.92853681636704e-95	SAT1	c1
1.72005344779801e-99	0.890149236375656	0.143	0.087	5.76871525322498e-95	PTP4A3	c1
2.7718030463629e-99	-0.417697716132149	0.201	0.307	9.29607305689189e-95	TIMM8B	c1
3.21909681950571e-99	-5.35567805004818	0	0.032	1.07962069132583e-94	KIF15	c1
3.34034234228507e-99	-0.5383981878183	0.097	0.176	1.12028401475557e-94	MEMO1	c1
4.01500313947853e-99	-0.848237658758464	0.062	0.127	1.34655175291831e-94	TP53INP1	c1
4.62021970523779e-99	-0.437797158566272	0.212	0.319	1.54952928474265e-94	PPM1B	c1
5.28142125051254e-99	0.514367563936235	0.423	0.363	1.77128305899689e-94	RCAN3	c1
6.03348598361402e-99	-0.387555177055268	0.444	0.557	2.02351052918447e-94	DOK2	c1
7.05022545349257e-99	-0.427710888300456	0.174	0.274	2.36450461259234e-94	SREK1	c1
8.06172058379486e-99	-3.82754443413361	0.002	0.035	2.70373984939312e-94	WWTR1	c1
8.13842598527019e-99	-0.373961832973362	0.363	0.477	2.72946530693991e-94	AP2S1	c1
8.99267463884117e-99	-0.442203042565265	0.196	0.299	3.01596322037455e-94	TTC14	c1
9.11773740695249e-99	-3.15359377909722	0.003	0.036	3.05790677154373e-94	IL21	c1
1.0138075731356e-98	-0.413990678360166	0.322	0.437	3.40010783878217e-94	KRAS	c1
1.04738313334924e-98	-0.808989101921227	0.111	0.189	3.51271355262668e-94	MCM5	c1
1.33479101384066e-98	-0.371044630040325	0.776	0.816	4.47662210221879e-94	LAT	c1
2.29601306877171e-98	-3.14655353434078	0.004	0.038	7.70036863004657e-94	VDR	c1
2.45150173525561e-98	-0.251926318907255	0.712	0.785	8.22184651970026e-94	HIGD2A	c1
3.01082483722037e-98	-0.353179230075846	0.385	0.503	1.00977043390697e-93	NDUFA2	c1
3.09840145005272e-98	-0.389414840864668	0.206	0.316	1.03914187831868e-93	SRA1	c1
4.84280720886552e-98	-4.66954359783425	0.002	0.035	1.62418068170932e-93	PLK1	c1
5.23801796553153e-98	-0.454043068056493	0.136	0.228	1.75672646527996e-93	ATP6V1D	c1
5.41599229975882e-98	-0.461032020805996	0.216	0.321	1.81641549749311e-93	NIN	c1
5.56272213000789e-98	-1.14666903010026	0.033	0.087	1.86562574796205e-93	INPP5F	c1
7.22384342135348e-98	0.881020104323142	0.146	0.089	2.42273260665353e-93	RNF130	c1
7.6609700363491e-98	-0.720304992201948	0.058	0.122	2.56933613079076e-93	APOBEC3H	c1
8.11113809769552e-98	-0.405138988723029	0.212	0.321	2.72031349520512e-93	YIPF4	c1
1.12754452271229e-97	0.416353728815158	0.269	0.192	3.78155882027249e-93	KLRG1	c1
1.16153235031076e-97	-0.487544982866768	0.17	0.265	3.89554719647221e-93	RFTN1	c1
1.18977026319662e-97	-0.45584998481185	0.157	0.252	3.99025150870883e-93	NFATC2IP	c1
1.57380701927535e-97	-0.337084884739293	0.473	0.581	5.27823398124568e-93	PSMB6	c1
1.69747657430151e-97	-0.340463985453103	0.507	0.615	5.69299693489241e-93	GPI	c1
1.94278646282473e-97	-0.512966548807418	0.144	0.235	6.51571723902158e-93	TRAFD1	c1
2.19598440497304e-97	-0.785435641543598	0.057	0.121	7.36489249739859e-93	UBE2F	c1
2.57854751811006e-97	-0.378770471186699	0.436	0.548	8.64793266623752e-93	ITGB7	c1
2.67955745814017e-97	-1.4869171384465	0.019	0.064	8.98669980311049e-93	SRGAP3	c1
2.75031469667867e-97	-1.6233672303299	0.019	0.064	9.22400542972094e-93	JAKMIP2	c1
3.44031735359603e-97	-1.81009025823289	0.014	0.056	1.15381363404904e-92	NUGGC	c1
3.78644585921353e-97	0.140356781869632	0.978	0.976	1.26989821226303e-92	DDX5	c1
4.04485659876137e-97	1.46585954377102	0.057	0.024	1.35656400609259e-92	WDR86	c1
4.08115045080745e-97	-0.453646213174089	0.156	0.251	1.3687362381918e-92	PPP6R1	c1
4.47852262891722e-97	-2.77551257749341	0.006	0.041	1.50200691928626e-92	COL5A3	c1
6.61338204689546e-97	0.799761389185958	0.19	0.127	2.2179960708878e-92	TMEM273	c1
7.34890920431268e-97	-0.596338173464157	0.101	0.179	2.46467716894239e-92	IKBKE	c1
7.71417867733683e-97	-0.844371989984578	0.069	0.136	2.58718124480522e-92	METTL8	c1
7.93738483437955e-97	-0.984019860562322	0.045	0.103	2.66204012575421e-92	CCDC50	c1
8.26240194920717e-97	-0.418827266979949	0.171	0.27	2.7710443657251e-92	PLEKHB2	c1
8.33523444284575e-97	-1.85476917140032	0.009	0.047	2.79547092744161e-92	PLOD1	c1
8.37356128447836e-97	-0.386119960077776	0.201	0.308	2.80832498358835e-92	LSM1	c1
8.973928671387e-97	-0.414755323319616	0.172	0.272	3.00967619780977e-92	CHMP1A	c1
9.74993120215787e-97	-4.90620064650827	0.001	0.032	3.26993192657971e-92	CADM1	c1
1.06534405451688e-96	-0.265210245087966	0.677	0.752	3.5729508900387e-92	SERBP1	c1
1.51253373960699e-96	-8.54923561788351	0	0.03	5.07273565589394e-92	SH2D1B	c1
1.57123245697513e-96	-0.736081951058057	0.064	0.13	5.26959941420318e-92	N4BP2	c1
1.57282160365091e-96	-1.45962419568599	0.016	0.06	5.27492909432441e-92	SLC2A8	c1
1.89258229523694e-96	-0.309443970167765	0.506	0.622	6.34734250176566e-92	ACTR2	c1
2.36234920572207e-96	-0.4321182796284	0.189	0.29	7.92284676615068e-92	RASGRP1	c1
2.52720753732879e-96	-0.349644419015693	0.357	0.481	8.47574863869329e-92	PPP2CA	c1
2.78010776782336e-96	-0.689028520554997	0.06	0.125	9.32392543172599e-92	USP30-AS1	c1
2.98090587941011e-96	0.299653467352231	0.61	0.563	9.99736213836562e-92	TMEM123	c1
3.01129259438939e-96	-0.517371022912224	0.109	0.19	1.00992731030631e-91	EED	c1
3.2418352953905e-96	-2.02753413774904	0.006	0.042	1.08724672136806e-91	ORC6	c1
3.72958665896983e-96	-3.37383246116175	0.002	0.035	1.2508287736853e-91	E2F1	c1
4.16772974903296e-96	-0.436240560682276	0.248	0.358	1.39777320323067e-91	OGT	c1
4.3328546760831e-96	-0.375699834795166	0.532	0.635	1.45315280126475e-91	PTPN6	c1
4.52640536215795e-96	-4.2766981403608	0.001	0.033	1.51806583036053e-91	IL26	c1
5.2008699351456e-96	0.389408273021514	0.844	0.839	1.74426775884913e-91	BTG2	c1
5.38875359869723e-96	-0.353972207130221	0.366	0.491	1.80728018193108e-91	TRABD	c1
5.83094896008029e-96	-0.436607959156288	0.15	0.244	1.95558366223173e-91	TMED3	c1
5.97913541095305e-96	-0.466231829171697	0.163	0.258	2.00528243412543e-91	PREX1	c1
7.15781888858413e-96	-1.35652550249331	0.026	0.075	2.40058929885334e-91	ETV7	c1
9.92924102047393e-96	-0.405898670353163	0.225	0.333	3.33006885344655e-91	MOB3A	c1
1.0180176768939e-95	-0.909945285144935	0.045	0.103	3.41422768476678e-91	TRERF1	c1
1.340760919307e-95	1.01317494865926	0.138	0.084	4.49664397117182e-91	RNF24	c1
1.53151461884323e-95	-7.09251689832283	0	0.03	5.13639372867641e-91	MYBL2	c1
2.99093878883317e-95	-0.581435738127619	0.088	0.162	1.00310105099887e-90	GDE1	c1
3.558173323483e-95	-0.341815585064002	0.386	0.51	1.19334016922973e-90	CLTB	c1
3.85791306104684e-95	-0.40471983559551	0.175	0.275	1.29386688241389e-90	VPS25	c1
4.15684091701208e-95	-0.554304762250228	0.088	0.162	1.39412130674751e-90	MRPL1	c1
4.70442494289287e-95	-0.454450737036006	0.143	0.234	1.57777003734741e-90	RAB35	c1
4.97055707100537e-95	-0.613334822313904	0.074	0.143	1.66702543047378e-90	KLHDC4	c1
7.06842177429404e-95	1.7552643301006	0.041	0.014	2.37060729466273e-90	PCSK5	c1
7.33731321291784e-95	-0.418937422688115	0.219	0.325	2.46078810534839e-90	SRPK2	c1
9.7122816920796e-95	-0.518927269841084	0.133	0.219	3.25730503388966e-90	PTPN11	c1
9.86988556975672e-95	-0.920447864773566	0.037	0.092	3.31016222238501e-90	SLC1A4	c1
1.85764709658571e-94	-0.373100030151089	0.275	0.392	6.23017683252917e-90	NDUFS2	c1
1.86026567300797e-94	-0.38142314222082	0.446	0.556	6.23895901413412e-90	RAD21	c1
2.06682434744725e-94	-2.06883529472019	0.016	0.059	6.93171549646857e-90	TRAV1-2	c1
2.72937642796723e-94	-0.448167201166999	0.151	0.243	9.15378266411649e-90	PARP14	c1
2.97015426108481e-94	-1.22665896028195	0.017	0.06	9.96130336082623e-90	TIMELESS	c1
5.59029111329218e-94	-0.686392442764313	0.093	0.167	1.87487183357593e-89	MAN2A1	c1
5.73728221037848e-94	-2.00186384994393	0.029	0.078	1.92416970771674e-89	TRGV8	c1
5.75226633491478e-94	-1.85548900922758	0.016	0.059	1.92919508340372e-89	CA10	c1
6.06715164287768e-94	-1.43512584749149	0.018	0.062	2.03480131798831e-89	MCM4	c1
6.81037424851935e-94	-5.75812646715306	0.001	0.03	2.28406331546842e-89	METTL7A	c1
6.81697341943877e-94	-1.18558247367935	0.026	0.074	2.28627654541137e-89	ASAP1	c1
6.99610566734889e-94	-2.43138436945384	0.003	0.035	2.34635391871547e-89	OIP5	c1
7.28085957900624e-94	-0.450235310664896	0.139	0.227	2.44185468560711e-89	NAPRT	c1
1.00262573758214e-93	-4.48429241145524	0.001	0.031	3.36260619870297e-89	MSC-AS1	c1
1.14000965442695e-93	-0.430634244725234	0.377	0.486	3.82336437901711e-89	GYG1	c1
1.18508860618275e-93	-0.871482957881152	0.06	0.123	3.9745501674157e-89	BTLA	c1
1.19249472891972e-93	-0.430327055694817	0.146	0.237	3.99938882185095e-89	FAM192A	c1
1.46123516532793e-93	-0.398651159709329	0.162	0.258	4.9006904974768e-89	DCUN1D5	c1
1.54719248775174e-93	0.282363602459399	0.649	0.604	5.1889741654218e-89	DHRS7	c1
1.73864757803467e-93	-0.331893540325992	0.344	0.467	5.83107624721269e-89	RPS19BP1	c1
1.87166798245907e-93	-1.66543928672034	0.01	0.048	6.27720007957123e-89	CDCA7L	c1
1.95053422367533e-93	-0.566399645182983	0.075	0.145	6.54170167936234e-89	COMMD3	c1
2.04589188980974e-93	-3.74357245795848	0.001	0.032	6.86151222004391e-89	SHCBP1	c1
2.25001945951553e-93	-0.475472719187773	0.211	0.31	7.5461152633232e-89	SYNE1	c1
2.46301677303949e-93	-0.400485855786423	0.175	0.274	8.26046565341984e-89	CHCHD1	c1
2.9185359689743e-93	-0.593675492836725	0.157	0.244	9.78818593274599e-89	KIF22	c1
3.89550616540113e-93	-0.480510304811887	0.13	0.215	1.30647485775223e-88	MKNK2	c1
4.21724794003358e-93	0.815017366946286	0.157	0.099	1.41438061412846e-88	SPINK2	c1
4.28362996308612e-93	-0.520861070313748	0.113	0.193	1.43664381701982e-88	FBRS	c1
4.38937742923505e-93	-0.337492133112175	0.33	0.453	1.47210940221685e-88	MAF1	c1
4.49797892416925e-93	-1.70586573918784	0.008	0.045	1.50853217158788e-88	BRCA1	c1
4.56184290058436e-93	-0.483814343248835	0.178	0.273	1.52995087199798e-88	TYMP	c1
4.86691315994484e-93	-4.74011091909475	0	0.03	1.6322653355823e-88	ESCO2	c1
4.9877430149703e-93	-0.509576634481901	0.12	0.202	1.67278925236074e-88	MPPE1	c1
5.76656784961791e-93	-0.395653285829765	0.209	0.313	1.93399152540486e-88	GMIP	c1
6.16930906879718e-93	-0.354940774757758	0.434	0.557	2.0690628754932e-88	G3BP2	c1
7.29183523142425e-93	-0.845382332565361	0.039	0.094	2.44553569991507e-88	CCDC117	c1
7.36522217010609e-93	-0.80800843217275	0.059	0.121	2.47014821141018e-88	SBNO2	c1
7.88099630362205e-93	-0.340241502590027	0.442	0.552	2.64312854030876e-88	NDUFA6	c1
8.64078059811603e-93	-0.381661564005377	0.191	0.294	2.89794499699615e-88	MRPL47	c1
8.72264319346041e-93	-1.27628025933535	0.018	0.061	2.92540007422275e-88	AKAP2	c1
9.89844346691234e-93	-0.409916115299798	0.172	0.269	3.31973996993306e-88	TOR1A	c1
1.00008703894668e-92	-0.632031220170133	0.069	0.135	3.35409191121937e-88	TPMT	c1
1.4104838618462e-92	1.28386050825842	0.072	0.034	4.73048077585977e-88	SBF2	c1
1.76014119562186e-92	-0.432338057895887	0.276	0.384	5.90316154187661e-88	MYO1F	c1
1.76537222927747e-92	-0.338403187331759	0.369	0.493	5.92070538255076e-88	UBAC2	c1
1.8399480520227e-92	-2.30345100397164	0.005	0.039	6.17081777687373e-88	FAM83D	c1
2.32757385528658e-92	-0.484454685169408	0.139	0.225	7.80621719586012e-88	FAM13B	c1
2.63220084502982e-92	-0.396763403474524	0.188	0.288	8.827875194061e-88	MYD88	c1
3.01743309715935e-92	-0.436870876936935	0.214	0.316	1.0119867121253e-87	IRF7	c1
3.42444652745683e-92	-6.50243195244316	0	0.029	1.14849087637847e-87	KLRC4-KLRK1	c1
3.49189836756038e-92	-0.368989351940645	0.229	0.338	1.1711128745124e-87	MCRIP1	c1
3.54379838110487e-92	-1.18998173545913	0.025	0.072	1.18851910105495e-87	PLEKHG2	c1
3.72507862596329e-92	-0.623846108316664	0.11	0.187	1.24931686957557e-87	GPR68	c1
4.00834706175972e-92	-0.409192384830972	0.341	0.453	1.34431943757298e-87	GRAP2	c1
4.40351319987118e-92	-0.505233864025455	0.104	0.182	1.4768502569728e-87	ZNF593	c1
5.19545943878551e-92	-0.715719192631883	0.052	0.111	1.74245318657988e-87	HSCB	c1
5.62325528718941e-92	-0.389038679045632	0.186	0.286	1.88592735821758e-87	DDA1	c1
5.77546585333461e-92	-1.20582598846722	0.028	0.077	1.93697573789136e-87	TSPOAP1	c1
7.09096110947053e-92	0.364180663022575	0.593	0.552	2.37816653689423e-87	JUND	c1
9.86394870445827e-92	-2.22596872902637	0.006	0.04	3.30817111650121e-87	VANGL1	c1
9.93919508579209e-92	-0.380392862244381	0.236	0.345	3.33340724787295e-87	DNAJC7	c1
1.19131853621267e-91	-0.495932543238483	0.155	0.244	3.99544410675004e-87	OGDH	c1
1.30909306494803e-91	-0.524077524466776	0.126	0.209	4.3904363212227e-87	POLG	c1
1.4325618520464e-91	-0.416755088194715	0.16	0.254	4.80452593939323e-87	RABL6	c1
1.50601690145262e-91	-0.943004642312403	0.04	0.094	5.0508794840918e-87	DYRK1B	c1
1.79994300537268e-91	-0.424672485332056	0.133	0.22	6.03664885141889e-87	NCBP2-AS2	c1
2.00468260736139e-91	-2.76317215298401	0.004	0.037	6.72330452856863e-87	SCUBE1	c1
2.32430524114141e-91	-0.598294041979367	0.077	0.146	7.79525491774005e-87	SNRNP25	c1
2.67558774441832e-91	-0.386955284652504	0.177	0.276	8.97338617723016e-87	RAMMET	c1
2.69567992930832e-91	-0.41339733852294	0.196	0.296	9.04077134691425e-87	RAB24	c1
3.53095363515939e-91	-1.12098173970487	0.029	0.077	1.18421123015976e-86	SPATS2L	c1
3.83380668475445e-91	-0.451070726681277	0.263	0.367	1.28578208593295e-86	ADD3	c1
3.9428469556318e-91	0.152529609399912	0.981	0.972	1.32235201197979e-86	RPL36AL	c1
4.56944794266289e-91	-0.396339920963611	0.171	0.268	1.53250145101028e-86	COA6	c1
5.23935098897623e-91	-0.403548857822415	0.176	0.272	1.75717353468285e-86	PNKP	c1
5.88104729470615e-91	-0.563246989159944	0.092	0.165	1.97238564169855e-86	UBA6	c1
6.67129878053517e-91	-0.347931182757674	0.276	0.391	2.23742018501589e-86	MRPS24	c1
9.18871880035001e-91	-0.386680071783874	0.216	0.319	3.08171251126139e-86	HINT2	c1
9.21287288773392e-91	-0.549349933600143	0.088	0.161	3.0898133090882e-86	FAM45A	c1
9.27748982957687e-91	-5.85702569056931	0	0.029	3.11148453904349e-86	HJURP	c1
9.85364876552576e-91	0.991942472138019	0.134	0.082	3.30471672298203e-86	ACSL6	c1
1.00421459858542e-90	-2.00183081901274	0.008	0.043	3.36793492073578e-86	AURKA	c1
1.11045685813459e-90	0.832505743955962	0.135	0.082	3.7242502108118e-86	EPHA1	c1
1.47721741648638e-90	-0.319368464537935	0.568	0.675	4.95429177141201e-86	LBH	c1
1.64553883018519e-90	-0.456799121788815	0.139	0.225	5.51880812867508e-86	OSER1	c1
1.88113516326657e-90	-0.427958784733777	0.109	0.19	6.30895111056341e-86	RPL26L1	c1
2.06524088958431e-90	-0.503367601217805	0.129	0.212	6.92640489548784e-86	MPRIP	c1
2.15003734759031e-90	-0.345077107945157	0.398	0.517	7.21079525634839e-86	ATRX	c1
2.41639936346288e-90	-0.346990974966657	0.327	0.445	8.1041201851818e-86	GSDMD	c1
2.84232740541036e-90	-0.744907087934975	0.061	0.123	9.53259765226528e-86	UBE2H	c1
2.99779611126487e-90	-0.384491879851891	0.232	0.338	1.00540085979601e-85	TNFRSF1A	c1
6.50439545991348e-90	-0.32922608859046	0.326	0.446	2.18144414934578e-85	XRN2	c1
7.79113223200916e-90	-0.469157752914853	0.097	0.172	2.61298992797123e-85	MUS81	c1
8.62437087916204e-90	-4.29837896894184	0.001	0.03	2.89244150545336e-85	SETBP1	c1
9.71622811072209e-90	-0.688855543620934	0.047	0.104	3.25862858377397e-85	CLN6	c1
1.17666488270264e-89	-0.365788533765229	0.268	0.38	3.9462986836081e-85	DAXX	c1
1.23723024455938e-89	-0.453824607269408	0.111	0.191	4.14942279420325e-85	C8orf76	c1
1.25881380755319e-89	-0.632236780143278	0.076	0.143	4.2218097477719e-85	ODF3B	c1
1.29690161091421e-89	-0.400098528697574	0.343	0.458	4.34954862268408e-85	ITK	c1
1.32861887636751e-89	-0.541543844242211	0.084	0.155	4.45592198756137e-85	MON1B	c1
1.52880984048038e-89	-0.479560949260962	0.12	0.202	5.12732244300311e-85	TMEM70	c1
1.65135810908263e-89	-0.463071206889696	0.142	0.229	5.53832482624133e-85	NADSYN1	c1
1.65310400901308e-89	-0.321290415036543	0.313	0.434	5.54418022542807e-85	NDUFB5	c1
1.97980957634002e-89	-0.428485126198284	0.197	0.296	6.63988535712915e-85	MAP2K3	c1
2.06356580788145e-89	-1.16852166286487	0.029	0.077	6.92078700647282e-85	RACGAP1	c1
2.23505286523347e-89	-0.819473093954651	0.048	0.105	7.49592029942e-85	E2F3	c1
2.56033069215759e-89	-0.412763136408289	0.245	0.349	8.58683707535814e-85	HPRT1	c1
2.70003236913807e-89	-4.31113418389964	0.004	0.035	9.05536855961526e-85	IL10	c1
2.90038639832929e-89	-1.10810415341235	0.039	0.091	9.72731590271677e-85	SH3TC1	c1
2.91703453841683e-89	-0.398682186504384	0.252	0.359	9.78315043494236e-85	ATP2B4	c1
2.96042163413355e-89	-6.06692797644874	0	0.028	9.92866207655711e-85	KIF14	c1
3.31840700559299e-89	-0.721039861635005	0.057	0.117	1.11292734153578e-84	NCOA1	c1
3.64487626336392e-89	-7.79506443858754	0	0.028	1.22241860120699e-84	FGR	c1
4.33021511618839e-89	-0.347007374940362	0.253	0.364	1.45226754566726e-84	FAM96A	c1
4.38739546940319e-89	-0.424412939905376	0.175	0.269	1.47144469252844e-84	MIS18BP1	c1
4.55030435008074e-89	-0.389271027366102	0.162	0.256	1.52608107293008e-84	DPF2	c1
4.68382401542661e-89	-0.371409912995057	0.233	0.342	1.57086089829378e-84	TIPRL	c1
4.69242660336794e-89	-0.541307144528165	0.067	0.132	1.57374603423754e-84	COQ9	c1
4.84143450336625e-89	-0.309310429892935	0.493	0.609	1.62372030373897e-84	PAK2	c1
5.00827370477872e-89	0.348151521532405	0.559	0.502	1.67967483510869e-84	XBP1	c1
5.4504217821118e-89	-0.36824483709168	0.244	0.353	1.82796245728466e-84	SMARCB1	c1
6.30067006130763e-89	-0.286856125779029	0.662	0.728	2.11311872516135e-84	ARPC5	c1
7.26967989795231e-89	-1.20324946596598	0.02	0.064	2.43810524417524e-84	FANCL	c1
7.37065254954083e-89	1.07775997689894	0.102	0.057	2.471969452065e-84	SPON1	c1
7.98786327031121e-89	1.55166955779354	0.044	0.017	2.67896958359697e-84	COLGALT2	c1
8.09256163317531e-89	-1.30358645812893	0.022	0.066	2.71408332053434e-84	FBXO5	c1
1.07744767919558e-88	-0.302887463946654	0.487	0.595	3.61354402648613e-84	SUMO1	c1
1.11880820206413e-88	-0.427262569634723	0.149	0.238	3.75225894808266e-84	PLGRKT	c1
1.47124448344841e-88	-0.393008075413406	0.181	0.277	4.93425974858929e-84	CHD4	c1
1.51536186485398e-88	-0.734335836323762	0.061	0.122	5.08222062234728e-84	TBC1D2B	c1
1.6365359066142e-88	-0.273638479239478	0.577	0.67	5.48861412360272e-84	ATP5F1A	c1
1.95036454714298e-88	-0.796601957351448	0.091	0.159	6.54113261820814e-84	TXK	c1
2.77349053318143e-88	-0.439739681430369	0.119	0.2	9.30173255018387e-84	RAE1	c1
3.10108034488528e-88	0.462657325394181	0.696	0.673	1.04004032606762e-83	TUBA1A	c1
3.19838292223903e-88	-0.500827417084348	0.083	0.153	1.07267366446053e-83	SIRT6	c1
3.77452125010634e-88	-0.408914137660601	0.161	0.254	1.26589893686066e-83	KEAP1	c1
5.69676995856136e-88	-0.408439470792173	0.184	0.281	1.91058270870231e-83	PTPN18	c1
6.58363177933779e-88	-0.815924613440243	0.069	0.131	2.20801842615431e-83	PILRB	c1
6.90655467238871e-88	-0.347973293607027	0.329	0.444	2.31632030602572e-83	TOP1	c1
7.44095034372095e-88	-0.401710022886187	0.239	0.343	2.49554592627713e-83	PIK3CD	c1
7.94122829739061e-88	-0.375307679703987	0.239	0.346	2.66332914637886e-83	STOML2	c1
1.02301848631826e-87	-0.386423668728156	0.159	0.251	3.43099939941417e-83	QARS	c1
1.07543742015107e-87	0.320910062428696	0.64	0.6	3.60680201970265e-83	ADGRE5	c1
1.07980053252665e-87	-0.826112486567424	0.134	0.208	3.62143502598787e-83	LEF1	c1
1.11024458352803e-87	-0.516382510330744	0.097	0.17	3.7235382842363e-83	TFIP11	c1
1.18242187037325e-87	-0.426411137259721	0.189	0.285	3.9656064688578e-83	JMJD6	c1
1.24492558819989e-87	-0.367140977489506	0.236	0.343	4.17523143770481e-83	HPS1	c1
1.50809905492285e-87	-0.372696556615418	0.182	0.28	5.05786261040027e-83	TSSC4	c1
1.58193826058946e-87	-0.294591850958149	0.564	0.656	5.30550453836492e-83	PRDX5	c1
1.78320908954161e-87	-0.4074925050669	0.156	0.246	5.98052664450467e-83	INPP5K	c1
2.06374198496228e-87	-0.394917681823671	0.187	0.283	6.92137786916649e-83	NSD1	c1
2.1252732903092e-87	1.03967422642381	0.106	0.06	7.12774156103899e-83	ARHGAP5	c1
2.22031785186956e-87	-3.32684629621633	0.004	0.036	7.44650201160014e-83	SLC4A10	c1
2.2392075346666e-87	-0.397516333179475	0.218	0.32	7.50985422976485e-83	XRN1	c1
2.27889361679148e-87	-0.36735187430681	0.251	0.359	7.64295341199526e-83	ACIN1	c1
3.00714638483367e-87	-0.487057491268801	0.136	0.219	1.00853675454552e-82	ARHGAP18	c1
3.37197392984504e-87	-0.305451435559962	0.416	0.535	1.13089261659143e-82	MRPL41	c1
4.02950513950283e-87	-0.880910955305476	0.063	0.122	1.35141543368646e-82	CD9	c1
4.23046229061015e-87	-0.367897067302311	0.279	0.388	1.41881244302483e-82	CTSS	c1
4.48254995507118e-87	-5.11785004665336	0.001	0.029	1.50335760393177e-82	ADRB1	c1
5.58590171330895e-87	-4.02788508384934	0.004	0.035	1.87339971660956e-82	IL17A	c1
6.52644480138888e-87	-0.438219949611291	0.207	0.303	2.1888390574898e-82	RBM38	c1
6.86860979787477e-87	-0.489575566809515	0.115	0.193	2.30359435401124e-82	APBA3	c1
8.40258903018976e-87	-0.302911653662676	0.403	0.527	2.81806030894504e-82	ATP6V0B	c1
9.28045895555744e-87	-2.69591125984866	0.002	0.032	3.11248032451486e-82	MTFR2	c1
1.07793957633899e-86	-0.425366711837937	0.128	0.211	3.61519375112569e-82	FAM136A	c1
1.18438673453685e-86	-0.35660403549216	0.746	0.68	3.97219623028968e-82	TUBA1B	c1
1.2157216988441e-86	-0.343227458428408	0.19	0.287	4.07728743358333e-82	SYAP1	c1
1.74518815662852e-86	-0.343390809762373	0.235	0.343	5.85301203970072e-82	CPSF6	c1
2.39372603408457e-86	-0.501846267057879	0.09	0.162	8.02807837311283e-82	RNASEH1	c1
2.65462327194648e-86	-1.54358998401905	0.009	0.044	8.90307552945411e-82	CIP2A	c1
2.69215817743389e-86	-0.376008966359668	0.346	0.456	9.02896009547779e-82	LBR	c1
2.72819666791146e-86	-0.316069251603608	0.392	0.491	9.14982598484147e-82	ZNF331	c1
2.78756395635974e-86	0.197980722668888	0.876	0.86	9.34893199683928e-82	SSR4	c1
2.94889743846718e-86	-0.28433945787451	0.593	0.676	9.89001222913122e-82	SNRPB	c1
3.1330340578126e-86	-0.266764097395002	0.704	0.78	1.05075696230919e-81	PAXX	c1
3.18571517107788e-86	-0.49241876411091	0.102	0.176	1.0684251540761e-81	PGD	c1
3.79798675050737e-86	-1.04884658598088	0.029	0.076	1.27376879638516e-81	HLA-DMB	c1
4.17702206935423e-86	-1.10632837243402	0.025	0.07	1.40088966162002e-81	FHL3	c1
4.21052127083381e-86	-0.255684883172419	0.627	0.728	1.41212462381224e-81	PRRC2C	c1
4.70225117268042e-86	-0.503621360205144	0.101	0.175	1.57704099829356e-81	TYK2	c1
4.71328240992404e-86	-0.452513336471253	0.181	0.273	1.58074065464033e-81	CHMP7	c1
6.19348420466873e-86	-0.39714118545794	0.149	0.239	2.0771707325618e-81	KLHDC3	c1
6.47395296685308e-86	-0.366550483395526	0.299	0.411	2.17123434602318e-81	FBXW5	c1
6.90338795549337e-86	-0.569661936693759	0.157	0.24	2.31525825251336e-81	GNPTAB	c1
9.05400057909539e-86	-0.404347758372472	0.201	0.298	3.03653071421701e-81	PRKD2	c1
1.30555569826126e-85	-4.42751475468034	0.001	0.028	4.37857270082863e-81	NEIL3	c1
1.47586862093385e-85	-0.389183848444561	0.231	0.334	4.94976818088795e-81	NFATC3	c1
1.6750803444267e-85	-1.3869066503393	0.011	0.048	5.61788445913825e-81	GGH	c1
1.99922131620437e-85	-4.22312537461852	0.002	0.031	6.70498845028622e-81	POU2AF1	c1
2.02481323913369e-85	-0.342808930302816	0.26	0.373	6.79081864140658e-81	LYPLA1	c1
2.06008977503155e-85	-3.09474725890586	0.007	0.041	6.9091290875008e-81	HIST1H1B	c1
2.06161089883043e-85	-0.884743275439799	0.041	0.094	6.91423063249751e-81	AIM2	c1
2.5269473482771e-85	0.840227248738936	0.195	0.138	8.47487601665174e-81	SLC39A8	c1
2.87613800147387e-85	-0.351132507054121	0.226	0.331	9.64599162934308e-81	HSBP1	c1
3.01578588405769e-85	-0.34193971811704	0.278	0.39	1.01143426979527e-80	DR1	c1
3.046860304338e-85	-0.891788437521007	0.035	0.084	1.02185600886888e-80	SLC25A33	c1
3.0971486688414e-85	-0.344705238031237	0.2	0.301	1.03872172055603e-80	PFDN4	c1
3.49471870385052e-85	-0.454675391945382	0.111	0.188	1.17205875889739e-80	MARCH5	c1
3.67730673350249e-85	-0.389041564227879	0.186	0.281	1.23329513228206e-80	DUSP23	c1
3.75403489462166e-85	-0.290177505693951	0.459	0.576	1.25902822295821e-80	EIF5	c1
3.87044789157423e-85	-0.523622663849255	0.086	0.155	1.29807081387617e-80	LYRM4	c1
3.94043555812304e-85	-0.866849129347748	0.048	0.103	1.32154327748331e-80	TTC38	c1
4.38233130597504e-85	-0.450259227153837	0.464	0.569	1.46974627339791e-80	ARL6IP1	c1
6.23811416314308e-85	-0.883885484251858	0.041	0.093	2.09213872803493e-80	BICDL1	c1
6.61926550837251e-85	-0.828370651095512	0.188	0.268	2.21996926619797e-80	PDCD1	c1
6.8033330159695e-85	-0.362017028074757	0.18	0.276	2.28170182689585e-80	ILKAP	c1
1.09243619115237e-84	-0.716070254762983	0.063	0.124	3.66381249788682e-80	KDM7A	c1
1.26970137805532e-84	-0.41107450380058	0.143	0.229	4.25832448172194e-80	ETF1	c1
1.28422125143019e-84	-1.90250416397948	0.004	0.035	4.30702123304656e-80	POC1A	c1
1.36636036468344e-84	-0.306478270314253	0.444	0.553	4.58249939107531e-80	NONO	c1
1.68660464600117e-84	-0.253816250007613	0.753	0.804	5.65653466175873e-80	COX8A	c1
1.74253004358331e-84	-0.959307985219961	0.025	0.07	5.84409726016969e-80	CCDC28B	c1
1.92910899569102e-84	-0.373218270691128	0.364	0.473	6.46984574974854e-80	YPEL3	c1
2.17834100624618e-84	-0.371353925701449	0.244	0.347	7.30572006674843e-80	RBBP7	c1
2.19075310819146e-84	-0.131821169986051	0.978	0.978	7.3473477742525e-80	BTF3	c1
2.19925098622295e-84	-0.320805036800965	0.381	0.499	7.37584795759452e-80	PNRC2	c1
2.22605898571349e-84	-0.516328130669035	0.089	0.159	7.46575662628589e-80	GLMN	c1
2.50705641364357e-84	-0.309758872188472	0.355	0.473	8.40816580007782e-80	PRPF40A	c1
2.52112043396498e-84	-0.408077308564018	0.587	0.664	8.45533371143176e-80	H2AFV	c1
3.11537586331752e-84	-2.24617105726498	0.014	0.051	1.04483475703943e-79	CCNB1	c1
3.34005276628486e-84	-0.344869366869799	0.322	0.437	1.12018689675662e-79	TBCC	c1
3.85808508233936e-84	-0.356497792119792	0.231	0.335	1.29392457491497e-79	ZFAND6	c1
4.01690838919288e-84	-0.486157232452589	0.104	0.177	1.34719073556751e-79	HSD17B7	c1
4.28295205507893e-84	-0.321314272678216	0.292	0.408	1.43641646023237e-79	SH3GLB1	c1
5.15013804037531e-84	-1.08459182503946	0.074	0.135	1.72725329598107e-79	MAGEH1	c1
5.17418414522809e-84	-3.66811273691465	0.001	0.028	1.7353178786266e-79	BUB1B	c1
5.51996014025309e-84	-0.412438921732154	0.111	0.189	1.85128423183808e-79	ELP6	c1
6.86264305590016e-84	-0.409446067649227	0.251	0.349	2.3015932280878e-79	DUSP5	c1
6.93899742242441e-84	-0.422605888011512	0.195	0.289	2.3272009555327e-79	IL12RB1	c1
7.25494972393027e-84	-0.460624559163568	0.132	0.213	2.43316503841174e-79	SLC25A46	c1
8.69304442602991e-84	-0.80875381620737	0.041	0.093	2.91547323960191e-79	ASNS	c1
1.46950963560491e-83	-0.247419590491076	0.63	0.719	4.92844141589175e-79	WDR83OS	c1
1.52073377495183e-83	-0.364470628241247	0.173	0.266	5.10023693443346e-79	MRPL36	c1
1.59065678211793e-83	-2.87601835787167	0.005	0.037	5.33474471586711e-79	HIST1H2AJ	c1
1.63792752839915e-83	-1.60804602963655	0.012	0.049	5.49328134474506e-79	SLC25A35	c1
1.94604137770335e-83	0.253505246600547	0.6	0.539	6.52663357254148e-79	RORA	c1
2.00733508524612e-83	-0.392911332372604	0.214	0.311	6.73220040889843e-79	SIPA1	c1
2.02166993927503e-83	-0.590269478983618	0.079	0.144	6.78027664234059e-79	RFC4	c1
2.48731835637029e-83	-0.367134554915434	0.156	0.245	8.34196830359468e-79	MCRS1	c1
2.57827430934622e-83	-0.564058910703735	0.126	0.203	8.64701637868534e-79	TMEM106C	c1
2.61363360706572e-83	-1.67928681882427	0.013	0.05	8.76560439137701e-79	CCR1	c1
3.01433835907485e-83	-0.707861741488117	0.05	0.105	1.01094879886652e-78	ATP2A2	c1
3.07636809796212e-83	1.00150767032184	0.124	0.076	1.03175233269454e-78	TMEM200A	c1
3.76642226331011e-83	-0.342509567163302	0.249	0.357	1.26318269866895e-78	EIF4E2	c1
3.79878454431586e-83	-2.24435323941331	0.005	0.035	1.27403636047265e-78	CCNE2	c1
3.79956041453135e-83	-2.10396665798048	0.015	0.053	1.27429657182552e-78	RTKN2	c1
3.88621552115559e-83	-0.761260636138441	0.044	0.096	1.30335896148516e-78	RANBP9	c1
4.01753578196115e-83	-0.32074489116803	0.376	0.489	1.34740115055413e-78	SSNA1	c1
4.60549014169181e-83	-0.491498455299256	0.112	0.188	1.5445892837206e-78	LGALS9	c1
4.7383359456484e-83	-0.371056768298894	0.209	0.308	1.58914310945156e-78	WBP1	c1
4.89135575855975e-83	-2.96652717176394	0.002	0.03	1.64046289430577e-78	CDC6	c1
5.75442095182095e-83	-8.37923533244851	0	0.026	1.92991769882171e-78	STYK1	c1
6.41818298614766e-83	-0.334265335473257	0.318	0.433	2.1525302098942e-78	GOLGA7	c1
6.523191785258e-83	-0.334648596477532	0.347	0.461	2.18774806093983e-78	PSMD13	c1
6.60560955460801e-83	-0.51334319012942	0.079	0.145	2.21538933242444e-78	NRAS	c1
6.88994881883146e-83	-5.32408985383366	0	0.026	2.3107510348597e-78	KIF4A	c1
6.94767387000148e-83	-0.369390746021056	0.146	0.232	2.3301108625211e-78	CCDC32	c1
8.32925994598199e-83	-0.425680711859131	0.112	0.188	2.79346720068344e-78	CASP7	c1
8.82820298324843e-83	-0.351999375827546	0.161	0.251	2.96080271652186e-78	PDE6D	c1
9.22014583072378e-83	0.49368104158044	0.201	0.137	3.09225250870814e-78	SPINT2	c1
1.05150462366041e-82	-0.525634778888596	0.117	0.192	3.52653620683229e-78	RUNX1	c1
1.09254509716053e-82	-3.81683126367848	0.001	0.027	3.664177746857e-78	SKA3	c1
1.21957123859722e-82	-0.406631841380275	0.2	0.294	4.09019802000735e-78	PCSK7	c1
1.36442897177119e-82	-2.37555429634509	0.004	0.033	4.57602188552623e-78	PRR11	c1
1.37225932720728e-82	-0.380995061532032	0.216	0.315	4.60228333158776e-78	SPPL2A	c1
1.55158733599591e-82	-1.37603990288582	0.014	0.052	5.20371360746307e-78	HIST1H2AM	c1
1.74021151888601e-82	-4.2224276891556	0.001	0.027	5.8363213920399e-78	MCM10	c1
1.87155535419111e-82	-0.384736049071794	0.142	0.226	6.27682234688616e-78	TAF11	c1
2.15524329651154e-82	-0.264195614771445	0.786	0.836	7.22825496784041e-78	SOD1	c1
2.28226981676272e-82	1.32306754895204	0.054	0.024	7.65427651145881e-78	KCNQ1	c1
2.32656307660768e-82	-0.521963569189388	0.119	0.195	7.80282724632683e-78	ABCC1	c1
2.50269467219406e-82	-0.70423898741851	0.077	0.14	8.39353739160443e-78	PVT1	c1
2.66477882271416e-82	-0.765326961382906	0.07	0.131	8.93713521561875e-78	DGKD	c1
2.80470564323347e-82	-0.226360631903643	0.787	0.844	9.40642178627643e-78	LCP2	c1
3.48055935666645e-82	-0.593821042494555	0.067	0.128	1.16730999703879e-77	SCLT1	c1
3.75197750175331e-82	-0.760150032755218	0.053	0.109	1.25833821453802e-77	BACH1	c1
4.08937520524594e-82	-0.569984045695158	0.062	0.121	1.37149465633538e-77	RITA1	c1
5.15260373925686e-82	-0.58924103188578	0.07	0.131	1.72808024207197e-77	PITPNM1	c1
5.42118140076505e-82	-2.77750627618455	0.005	0.036	1.81815581818858e-77	CPNE2	c1
5.45599010853107e-82	-3.44763182915543	0.001	0.029	1.82982996259915e-77	DSCC1	c1
7.57137848989524e-82	-0.440716809663927	0.182	0.272	2.53928891794106e-77	ORMDL3	c1
7.9859473389105e-82	-0.32103635915205	0.439	0.548	2.6783270185238e-77	VASP	c1
8.57905654079178e-82	-0.409356433940646	0.123	0.202	2.87724398265075e-77	FAM120A	c1
9.13920334182777e-82	-0.363586834024729	0.261	0.365	3.0651060167822e-77	P2RY10	c1
9.15785401327532e-82	-1.53243212003161	0.013	0.049	3.07136107897228e-77	NETO2	c1
1.02684768523009e-81	-9.81338274710556	0	0.025	3.44384176672468e-77	VCAM1	c1
1.09535196590253e-81	-0.385313438837913	0.188	0.282	3.6735914232439e-77	BRD4	c1
1.23899872673356e-81	-0.598236033635096	0.089	0.157	4.15535392971902e-77	OTUD5	c1
1.32276274144242e-81	-0.367038998950421	0.263	0.369	4.4362816822496e-77	DNM2	c1
2.11760563292348e-81	-0.337551109465055	0.21	0.31	7.10202577169878e-77	PDHB	c1
2.15640653865982e-81	-0.193366329386669	0.798	0.846	7.2321562493573e-77	ELOB	c1
3.5823132163923e-81	-1.09042055674223	0.016	0.054	1.20143620651365e-76	WDHD1	c1
3.6036945038073e-81	-0.291293071349616	0.69	0.75	1.20860706268689e-76	PGAM1	c1
4.4836751339352e-81	-0.342948263546954	0.226	0.328	1.50373496641919e-76	HDLBP	c1
4.67664462215205e-81	-0.52884132905059	0.088	0.155	1.56845307337736e-76	ZNF720	c1
5.05777724071241e-81	-0.496271232126132	0.086	0.154	1.69627733099013e-76	MCCC2	c1
5.42740310013558e-81	-2.59763031759651	0.004	0.032	1.82024245172347e-76	LINC01358	c1
5.84077933558165e-81	-0.352701952823416	0.245	0.347	1.95888057356737e-76	HNRNPD	c1
6.11180328069198e-81	-0.285504777550969	0.502	0.609	2.04977658427848e-76	CAPZA1	c1
6.16293621336273e-81	-0.327819938337235	0.245	0.35	2.06692554723759e-76	GID8	c1
7.75961167124925e-81	-0.482649840123295	0.239	0.332	2.60241856230357e-76	RBPJ	c1
9.0271745897674e-81	-0.46378847734048	0.107	0.18	3.02753381391619e-76	ASPSCR1	c1
9.04404426171383e-81	-0.355154651929626	0.2	0.297	3.03319156449359e-76	YIF1A	c1
1.08784396617455e-80	-0.578055144618486	0.111	0.182	3.6484110937562e-76	RRM1	c1
1.16901963114546e-80	-0.389161287068169	0.143	0.227	3.92065803893563e-76	TOR3A	c1
1.26083440341389e-80	-0.301908134692538	0.53	0.632	4.22858642216951e-76	RNF167	c1
1.33296978069143e-80	-0.931490822167069	0.051	0.105	4.47051405048291e-76	FEN1	c1
1.50458009866301e-80	-0.414367071183018	0.137	0.218	5.046060734896e-76	RB1	c1
1.51307704169454e-80	-5.31372290410544	0.001	0.026	5.07455778243514e-76	REG4	c1
1.55281840197943e-80	-0.309648563245875	0.289	0.402	5.20784235655862e-76	TMUB1	c1
1.71760067618773e-80	-0.460196531679762	0.11	0.184	5.76048914779841e-76	ATG4D	c1
1.97453822505554e-80	-0.641184915051852	0.054	0.111	6.62220629919126e-76	TUBG1	c1
2.29751185817566e-80	-0.357971880937793	0.219	0.317	7.70539526994952e-76	NBDY	c1
2.35701369491063e-80	-0.36895068463225	0.187	0.281	7.90495252999127e-76	ASXL1	c1
2.6470514995302e-80	-0.804653027584064	0.053	0.108	8.87768131912437e-76	ATP10D	c1
3.60251523637956e-80	-0.333099970582828	0.166	0.256	1.20821155997698e-75	SNAPIN	c1
3.98960166867958e-80	-0.303668719800377	0.444	0.555	1.33803260764176e-75	SRSF9	c1
4.06745975303306e-80	-1.02616948042087	0.033	0.08	1.36414465197223e-75	RAB30	c1
4.60021040343722e-80	-0.319863953289429	0.351	0.464	1.54281856510478e-75	PSMD4	c1
4.84387803173601e-80	-3.54453732989184	0.001	0.027	1.62453981428362e-75	SKA1	c1
4.91061837775093e-80	-0.385309096733027	0.212	0.308	1.64692319153011e-75	ST8SIA4	c1
5.55079371301715e-80	-0.479716195221313	0.085	0.151	1.86162519547169e-75	AIFM1	c1
5.6706947818064e-80	-0.22118097932134	0.625	0.718	1.90183761592223e-75	IRF1	c1
6.08146779072735e-80	-0.367633817703198	0.155	0.242	2.03960266765414e-75	COMMD4	c1
6.51322254915873e-80	-0.316498139700579	0.306	0.42	2.18440457853685e-75	PPP1R7	c1
7.64044775023661e-80	-0.347812676011864	0.173	0.264	2.56245336647435e-75	TXNDC9	c1
7.86220757124583e-80	-5.7571134220545	0	0.026	2.63682717524443e-75	CLNK	c1
7.89411613456742e-80	-0.585528161778532	0.097	0.165	2.64752866921122e-75	ADORA2A	c1
1.25774740368097e-79	-0.360265031016038	0.133	0.215	4.21823324246523e-75	AP1S1	c1
1.30274193737633e-79	-0.335464484388498	0.372	0.484	4.36913590957273e-75	BTN3A2	c1
1.32261523587453e-79	-0.309840417777862	0.335	0.451	4.435786978076e-75	LUC7L3	c1
1.54836348603137e-79	-0.584769626247414	0.072	0.134	5.192901459452e-75	NCAPD2	c1
1.66080227149414e-79	-0.603093004041714	0.068	0.128	5.56999865813706e-75	DCLRE1C	c1
1.86543113554607e-79	-0.361579906189896	0.182	0.273	6.25628294239441e-75	IRAK4	c1
2.12090123010921e-79	1.12574482773066	0.094	0.052	7.11307854554026e-75	CSF2	c1
2.12185459258455e-79	-0.320669956164407	0.386	0.494	7.11627593261008e-75	NDUFS6	c1
2.17463780467718e-79	-0.344882630947114	0.21	0.307	7.29330026932632e-75	UBA1	c1
3.13113042493714e-79	-0.3651473831879	0.163	0.25	1.05011852191542e-74	HMG20B	c1
3.91371648923798e-79	-0.369780335996584	0.199	0.294	1.31258223616063e-74	CIAO1	c1
3.93974163809124e-79	-5.89579814047943	0	0.025	1.32131055058304e-74	PBK	c1
4.68677142554079e-79	0.523162597578817	0.332	0.271	1.57184940069787e-74	KCNA3	c1
5.20395973605455e-79	-0.316447203827937	0.354	0.465	1.74530401627798e-74	MMADHC	c1
6.062556013474e-79	-0.144112682987379	0.991	0.994	2.03326003579891e-74	HLA-E	c1
6.263671815322e-79	-0.450392774877836	0.097	0.168	2.10071025342269e-74	DNTTIP1	c1
6.99977374000321e-79	-0.444333588561935	0.112	0.185	2.34758411692228e-74	TRIM26	c1
8.07111282058969e-79	-3.8084661854728	0.001	0.026	2.70688981776937e-74	SPC24	c1
8.23282126626363e-79	-0.414669430462333	0.158	0.242	2.7611235962795e-74	PARP9	c1
9.17405714784748e-79	-0.452758165364264	0.086	0.153	3.07679528624509e-74	NIT1	c1
9.74835202686683e-79	-0.566869769867776	0.055	0.111	3.2694023027706e-74	MRPL12	c1
1.07996949300192e-78	-0.616181854926555	0.064	0.122	3.62200168562985e-74	TATDN3	c1
1.46073327304544e-78	-0.453995257206062	0.094	0.163	4.89900725113981e-74	ALDH16A1	c1
1.57326802562501e-78	-0.302185617753615	0.392	0.507	5.27642630434117e-74	CSNK1A1	c1
1.9873822166986e-78	-0.33655252536916	0.222	0.323	6.66528247836378e-74	EMC3	c1
1.98874781466032e-78	-0.480331932697914	0.085	0.15	6.66986242080777e-74	DFFA	c1
2.05416590265587e-78	-0.414231141843387	0.21	0.303	6.88926160432726e-74	DGKZ	c1
2.21737496758788e-78	-4.59680583301705	0.001	0.026	7.43663216629622e-74	LMCD1	c1
2.3224842227008e-78	-0.520290069798551	0.116	0.189	7.78914758609394e-74	CCR5	c1
2.70588776132261e-78	-6.78388105059419	0	0.025	9.07500637392376e-74	SPRY2	c1
2.99028865640874e-78	-0.341021337341234	0.189	0.282	1.00288300958636e-73	SLU7	c1
3.00920070816574e-78	-0.383972095081865	0.153	0.238	1.00922573350462e-73	VHL	c1
3.24011321010072e-78	-0.284043579461347	0.516	0.611	1.08666916840358e-73	CBX3	c1
3.3048443494496e-78	-0.405466286695984	0.243	0.338	1.10837869791841e-73	GPR171	c1
3.56670616550985e-78	-0.355011874588945	0.21	0.307	1.19620191378869e-73	RANGRF	c1
4.00709451544348e-78	-0.29282693048012	0.475	0.582	1.34389935858943e-73	RAB1B	c1
4.3644094676662e-78	-0.317379628868727	0.239	0.342	1.46373564726589e-73	BECN1	c1
4.65894241802878e-78	-0.456148657002165	0.1	0.17	1.56251610815849e-73	TP53RK	c1
4.83471007134691e-78	-0.318717285665737	0.328	0.443	1.62146506372833e-73	ITSN2	c1
7.73747939418014e-78	-0.407630534530385	0.122	0.198	2.59499583922014e-73	TMEM222	c1
8.59810777007017e-78	-0.328571646795207	0.234	0.337	2.88363338392613e-73	HSD17B10	c1
8.60610884684623e-78	-0.309748804625738	0.283	0.393	2.88631678505529e-73	MRPS36	c1
8.61533990319713e-78	-0.559314113358941	0.089	0.155	2.88941269673425e-73	SDCCAG8	c1
9.13015778401107e-78	-0.327875966521617	0.178	0.269	3.06207231760163e-73	FRG1	c1
9.17300641102927e-78	-0.448984480003747	0.161	0.244	3.076442890131e-73	ASXL2	c1
9.55788492276839e-78	-0.577000297838762	0.064	0.122	3.20552344539806e-73	SHMT1	c1
9.56901352392164e-78	0.615462294114911	0.363	0.307	3.20925575565284e-73	BCL2A1	c1
1.10126276096462e-77	-0.330108157969049	0.233	0.335	3.69341504772316e-73	CYB5B	c1
1.15944063918413e-77	-0.335658123967195	0.179	0.271	3.88853201569573e-73	UBE2K	c1
1.37059201432374e-77	-0.315625624552285	0.23	0.332	4.59669149763896e-73	ZNHIT3	c1
1.37619467443737e-77	-0.415318096358324	0.119	0.194	4.61548169912804e-73	SLC25A20	c1
1.51893026648367e-77	-5.96278068818869	0	0.025	5.09418832773293e-73	DRAIC	c1
1.81253241269494e-77	-0.327522602868534	0.326	0.435	6.0788712056963e-73	ATF7IP	c1
1.85779272369267e-77	-0.286529102468326	0.391	0.51	6.23066523672049e-73	STRAP	c1
1.93032920880145e-77	-0.343193804732951	0.306	0.41	6.47393810047831e-73	MYO1G	c1
1.97947228847247e-77	-0.389057098196529	0.149	0.232	6.63875416107897e-73	WDR45	c1
2.26421064942763e-77	-1.08387379186941	0.065	0.12	7.59370967605039e-73	IL6R	c1
2.39278070796355e-77	-0.279814741524235	0.481	0.591	8.02490793836817e-73	POLR1D	c1
2.42236733698582e-77	-1.04556677384556	0.028	0.071	8.12413557478305e-73	IRF8	c1
2.64198083786191e-77	-0.364068702766383	0.201	0.294	8.86067533402127e-73	STAT5A	c1
2.93597021811533e-77	-0.470017288513084	0.068	0.128	9.84665691751521e-73	DMAC2	c1
3.01493206552951e-77	-0.413907010945755	0.188	0.276	1.01114791613729e-72	ZBTB7A	c1
3.12419902621794e-77	-0.539449129179137	0.078	0.14	1.04779386941297e-72	ZNF672	c1
3.40527206795064e-77	1.7524256735326	0.034	0.012	1.14206014614929e-72	PIANP	c1
3.43824592424831e-77	-2.06871147748039	0.014	0.049	1.1531189180744e-72	IGFBP4	c1
3.66529307425898e-77	-0.3342241129947	0.171	0.261	1.22926599124498e-72	C22orf39	c1
3.77566466303108e-77	-0.634899323181429	0.052	0.105	1.26628241468736e-72	TOMM34	c1
4.2048304626676e-77	-0.21875861597945	0.905	0.917	1.41021604056946e-72	HCST	c1
4.40648618526977e-77	-0.308412442852646	0.331	0.443	1.47784733681578e-72	RTF2	c1
4.49348951643458e-77	-0.350152163394562	0.185	0.276	1.50702651402183e-72	PEX16	c1
4.58872138795828e-77	-1.72319671126394	0.006	0.037	1.53896537909345e-72	ECT2	c1
4.68991076472836e-77	-0.350884883015424	0.151	0.236	1.5729022722746e-72	AGGF1	c1
4.93064085142175e-77	-0.745121805817103	0.038	0.086	1.65363832874983e-72	KCTD9	c1
4.93553793459485e-77	-0.636045051345446	0.048	0.101	1.65528071250442e-72	LRR1	c1
5.1892757334821e-77	-0.387630722979631	0.125	0.202	1.74037929549523e-72	PLAA	c1
5.49339844888695e-77	-5.98326118109384	0	0.024	1.84237597178771e-72	ANLN	c1
6.27370467362682e-77	-2.33830156501379	0.004	0.033	2.10407507344096e-72	AC091057.6	c1
6.3366496449564e-77	-0.40684438663917	0.133	0.21	2.12518555792548e-72	CUL5	c1
7.50586760085852e-77	-0.380464709284451	0.156	0.24	2.51731787597593e-72	ZNF106	c1
7.507104056611e-77	-0.343118280411587	0.163	0.25	2.5177325585062e-72	ARFGAP2	c1
8.03565147784403e-77	-0.34440824344464	0.243	0.343	2.69499679263933e-72	CCAR1	c1
9.26597947222901e-77	-0.33593025198374	0.18	0.27	3.10762419539617e-72	TIMM13	c1
9.95064284359097e-77	-0.344036483773098	0.725	0.78	3.33724659688354e-72	PKM	c1
1.08743174731876e-76	-1.69015208230975	0.014	0.049	3.64702859415766e-72	TRGC1	c1
1.11100264519874e-76	-0.55053685742313	0.074	0.135	3.72608067146753e-72	ACSL4	c1
1.30154855314758e-76	-0.315505142326206	0.385	0.494	4.36513353754637e-72	EIF3A	c1
1.30315590938792e-76	-0.310624732621308	0.332	0.444	4.37052428890519e-72	SNRNP70	c1
1.32050293386267e-76	-0.322677969465053	0.345	0.457	4.42870273958862e-72	ADAR	c1
1.5694956344419e-76	-0.445499480920682	0.096	0.165	5.26377445879123e-72	TMEM199	c1
1.58444625590768e-76	-0.657616145580942	0.051	0.103	5.31391585306318e-72	CEP78	c1
1.59681639769434e-76	-0.436107166858118	0.113	0.185	5.35540283458727e-72	TBK1	c1
1.65106000936583e-76	-0.398534809718148	0.146	0.227	5.53732505941112e-72	MIDN	c1
1.77540534316504e-76	-0.44828953089178	0.091	0.157	5.9543544399069e-72	CSTF1	c1
2.1289841581641e-76	-0.767400069803957	0.044	0.093	7.14018706965075e-72	GALNT1	c1
2.40347087997984e-76	-0.443626723315266	0.082	0.146	8.06076063727637e-72	GOT1	c1
2.49242319438291e-76	-1.21204590073978	0.013	0.048	8.3590889093214e-72	BRCA2	c1
2.77946816129182e-76	-1.35473120207294	0.008	0.04	9.3217803193405e-72	PARPBP	c1
2.90909359083263e-76	-0.29193104030178	0.442	0.557	9.75651808493447e-72	ARHGAP45	c1
2.92130118858889e-76	-0.338613472565458	0.267	0.371	9.79745992628943e-72	BPTF	c1
2.96678120446004e-76	-0.390812309655481	0.11	0.183	9.94999080351809e-72	IFT20	c1
2.98413795731395e-76	-0.500940813551976	0.083	0.147	1.00082018812395e-71	ASB1	c1
3.32971293918464e-76	-0.355108175413139	0.187	0.279	1.11671912554375e-71	TIMM17A	c1
3.39940303133094e-76	-0.382652108896541	0.18	0.268	1.14009178864777e-71	CNTRL	c1
3.42397046388875e-76	-0.324411868551397	0.334	0.443	1.14833121417901e-71	BAZ1A	c1
3.89998074840754e-76	-0.271344407424136	0.497	0.608	1.30797554340092e-71	TUFM	c1
3.95515035150993e-76	-0.336170375524793	0.17	0.258	1.3264783248894e-71	C19orf25	c1
4.77742326782891e-76	-0.361451870218699	0.152	0.235	1.60225221556446e-71	AK3	c1
4.96691805749018e-76	1.36630675634329	0.053	0.024	1.66580497812106e-71	IFNL1	c1
5.37408203081231e-76	-0.336067090406108	0.218	0.315	1.80235963149383e-71	ACTR1A	c1
5.80248043417282e-76	-0.286344833335908	0.384	0.501	1.94603588801288e-71	SYF2	c1
7.9058939703825e-76	-0.554289399597236	0.083	0.146	2.65147871978688e-71	ST3GAL5	c1
8.0539292376096e-76	-0.396388630408435	0.155	0.237	2.70112678770951e-71	USP34	c1
8.30990333247373e-76	-0.438037244628976	0.091	0.157	2.78697537964504e-71	CCNB1IP1	c1
8.49053900114969e-76	-0.334450305422452	0.387	0.496	2.84755697020558e-71	AKNA	c1
8.56804735684758e-76	-1.04998018968192	0.024	0.064	2.87355172253954e-71	CCDC102A	c1
9.14018616698032e-76	-4.54172416763508	0	0.025	3.06543563668186e-71	DIAPH3	c1
9.16861568693697e-76	-8.94335290583521	0	0.024	3.07497032908492e-71	FGFBP2	c1
1.03324606255721e-75	-0.23230652715191	0.705	0.772	3.46530064460436e-71	DRAP1	c1
1.13573433548495e-75	-0.292105624501412	0.563	0.67	3.80902581434944e-71	DDX17	c1
1.15409921829617e-75	-0.378418859338139	0.126	0.202	3.8706179583217e-71	CYB5R4	c1
1.22166478095802e-75	-0.334632538774749	0.271	0.374	4.097219342377e-71	ZNF292	c1
1.25441439118288e-75	-0.268091020548544	0.502	0.601	4.20705498514914e-71	SET	c1
1.30135939878906e-75	-0.310722263720851	0.245	0.348	4.36449915165876e-71	TOX4	c1
1.48380906821029e-75	1.75265252652064	0.036	0.013	4.97639885296366e-71	MPZL2	c1
1.5263049636469e-75	-2.08985758093161	0.005	0.034	5.11892158707897e-71	HIST1H2BH	c1
1.67701134667099e-75	-5.75858996894899	0	0.024	5.62436065446515e-71	FAM111B	c1
1.91383452687302e-75	-0.357014299553251	0.119	0.195	6.41861823622673e-71	MRPL58	c1
1.92106177053321e-75	-0.324831241995753	0.311	0.421	6.44285696601429e-71	GLG1	c1
2.06045749054292e-75	-0.406090139578414	0.177	0.263	6.91036233178284e-71	ADAM10	c1
2.27779752033443e-75	-0.325442099903454	0.244	0.344	7.6392773236976e-71	BLOC1S1	c1
2.66959800555122e-75	0.321962165183402	0.496	0.447	8.95329779101768e-71	VSIR	c1
2.70589307947399e-75	-5.04653072519194	0	0.024	9.07502420993986e-71	BEND4	c1
3.48620479302415e-75	-0.586165203121778	0.059	0.114	1.16920336348444e-70	PDRG1	c1
3.51964463554208e-75	-0.356855533979996	0.179	0.267	1.1804184178681e-70	UPF3A	c1
3.56853342192015e-75	-1.27500117629039	0.011	0.044	1.19681473904358e-70	CTNNAL1	c1
4.14043422666044e-75	-0.452648009554355	0.672	0.741	1.38861883093738e-70	H2AFZ	c1
4.57014801528069e-75	-1.77714380929803	0.011	0.044	1.53273624136484e-70	FAM184A	c1
4.74168216161782e-75	-0.205319779996389	0.748	0.807	1.59026536336339e-70	EIF3H	c1
5.11558170429782e-75	-0.584610464533159	0.078	0.138	1.7156637919874e-70	ZNF281	c1
5.37769966751492e-75	-0.480071670835476	0.118	0.19	1.80357291449116e-70	ITCH	c1
5.39169006392209e-75	-0.388450517895732	0.125	0.2	1.80826501363819e-70	DCTN6	c1
5.45743655944453e-75	-0.355547708377357	0.266	0.366	1.83031507330651e-70	SMC3	c1
5.47954089591275e-75	-0.621259470442988	0.067	0.124	1.83772842567122e-70	PHF21A	c1
5.64964333247264e-75	-0.79303344153244	0.088	0.148	1.89477738084467e-70	ITGB2-AS1	c1
5.98661518980908e-75	-0.396606454790701	0.119	0.193	2.00779100235817e-70	HENMT1	c1
6.04781204373051e-75	-0.383342716692206	0.092	0.159	2.02831520322634e-70	ERAL1	c1
6.17018201596863e-75	-0.324797450856527	0.275	0.379	2.06935564451556e-70	TCIRG1	c1
6.55760692531871e-75	-3.44619527517361	0.002	0.027	2.19929021061339e-70	PTPRK	c1
7.41274455135463e-75	0.849875580895243	0.25	0.192	2.48608626763331e-70	MYC	c1
7.59225274830323e-75	-0.449186746059086	0.115	0.187	2.54628972672594e-70	ZFX	c1
8.29497247909242e-75	-0.423947015224313	0.188	0.273	2.78196787003801e-70	GRINA	c1
8.48172117809043e-75	-0.335560198901566	0.282	0.386	2.84459964870797e-70	RNF166	c1
8.72642835128371e-75	-0.446423756144753	0.127	0.202	2.92666954045353e-70	TBCD	c1
9.85156423098029e-75	-0.380060261504891	0.112	0.184	3.30401761178617e-70	GATD3B	c1
1.34835958712835e-74	-2.07755402590514	0.006	0.034	4.52212838331107e-70	MXD3	c1
1.36601647378019e-74	-1.51912839041127	0.008	0.039	4.58134604976401e-70	SPAG5	c1
1.56320017514603e-74	-0.4511767309244	0.128	0.203	5.24266074740477e-70	ATP11B	c1
1.63269527199537e-74	-0.426262003328623	0.098	0.166	5.47573340321807e-70	TOP2B	c1
1.94718443589354e-74	-0.307572469139324	0.268	0.374	6.53046716109975e-70	RTF1	c1
2.05887065015097e-74	-0.839103367471264	0.034	0.078	6.90504038647632e-70	STK39	c1
2.06444367422763e-74	-0.308172794418989	0.327	0.441	6.92373119462464e-70	CCDC12	c1
2.12849827350543e-74	2.95847290501399	0.013	0.002	7.13855750968252e-70	TLCD2	c1
2.14234043436823e-74	-0.337472204453744	0.231	0.327	7.18498134878419e-70	DNAJC4	c1
2.19931030538179e-74	-0.359132453273438	0.217	0.311	7.37604690218943e-70	NUDT4	c1
2.89740590980416e-74	-1.23539866271329	0.012	0.045	9.71731994030118e-70	CCNF	c1
2.93484333425342e-74	-0.289921962334032	0.486	0.59	9.84287757441912e-70	PTP4A2	c1
3.23736695286468e-74	-0.386683029319893	0.118	0.191	1.08574812865176e-69	ZDHHC3	c1
3.27268872040031e-74	-0.253647608642376	0.513	0.615	1.09759434304786e-69	ENSA	c1
4.18221162203503e-74	-0.323961374473786	0.266	0.371	1.40263013379811e-69	AATF	c1
4.25568177125093e-74	-0.447105350932528	0.092	0.157	1.42727055244214e-69	TANGO2	c1
4.52043878404855e-74	-0.301252331992512	0.382	0.494	1.5160647593942e-69	SRSF4	c1
5.10097661927979e-74	-0.323153680343721	0.237	0.336	1.71076553857406e-69	CSNK1D	c1
5.10629108788481e-74	-0.479688458851864	0.105	0.173	1.71254790505481e-69	UHRF2	c1
5.95102308045706e-74	-0.179074380660827	0.85	0.878	1.99585412072369e-69	COX6A1	c1
6.56533999661585e-74	1.25584169436492	0.073	0.038	2.20188372806502e-69	PLAUR	c1
7.13938009862317e-74	0.428863248517804	0.375	0.313	2.39440529747624e-69	PRNP	c1
7.90175534264792e-74	-0.3529222171749	0.138	0.217	2.65009070681726e-69	SNRNP35	c1
8.12966928797272e-74	-0.403394186997026	0.186	0.273	2.72652848580029e-69	HDAC7	c1
8.37505066250764e-74	0.179596270036079	0.847	0.832	2.80882449119181e-69	C12orf57	c1
8.4675725586053e-74	-0.560010075779676	0.093	0.158	2.83985448470505e-69	ETV6	c1
1.045962427337e-73	-0.407835332952605	0.158	0.239	3.50794878880285e-69	SPATA13	c1
1.0906531224757e-73	-0.863857926641581	0.425	0.511	3.65783244215902e-69	HMGB2	c1
1.11872907990965e-73	1.01063813639387	0.093	0.053	3.75199358820098e-69	FAM241B	c1
1.12164278857403e-73	-0.30248974656396	0.348	0.456	3.76176558431959e-69	UQCRC1	c1
1.1885050037359e-73	-0.410934248468119	0.14	0.217	3.98600808152945e-69	BOD1L1	c1
1.25260428345798e-73	-0.374227068766428	0.188	0.276	4.20098424586136e-69	CTSD	c1
1.26109522438955e-73	-0.382497229643565	0.141	0.221	4.22946116355769e-69	ATG4B	c1
1.57541914067203e-73	-0.41066961384451	0.299	0.394	5.28364071398584e-69	SDF2L1	c1
1.77100768602115e-73	-0.334992656784752	0.359	0.458	5.93960557737772e-69	PRDX3	c1
1.7765543552781e-73	-0.418857652245148	0.09	0.155	5.9582079967317e-69	TMEM11	c1
1.83639652683861e-73	-0.390163136157075	0.099	0.167	6.15890667171133e-69	DDX49	c1
1.90911236526191e-73	-0.579994418915403	0.074	0.133	6.40278105061539e-69	IFNAR2	c1
1.95569223236606e-73	-0.345399412485437	0.144	0.224	6.55900060890929e-69	COMMD5	c1
1.99530277770145e-73	-0.380379516683975	0.143	0.222	6.69184645585513e-69	MTF2	c1
2.51351478033731e-73	-0.606085396736769	0.051	0.102	8.42982587029527e-69	PCNT	c1
2.58273406795862e-73	-0.459561623717901	0.095	0.161	8.66197351711963e-69	DICER1	c1
2.65807094241727e-73	-0.304560150261224	0.323	0.431	8.91463832667903e-69	ANKRD11	c1
2.66727374123516e-73	-0.386786763789346	0.133	0.209	8.94550267335448e-69	TBC1D20	c1
3.07927362733709e-73	-1.08098044280383	0.023	0.062	1.03272678913631e-68	HVCN1	c1
3.16606088942502e-73	-0.905825806634942	0.034	0.078	1.06183350109536e-68	CASS4	c1
4.01562802258592e-73	-0.353084434109039	0.199	0.289	1.34676132621487e-68	LPIN1	c1
4.12274769233316e-73	-0.642345681878719	0.049	0.099	1.38268712105469e-68	UBE2R2	c1
4.22938059362733e-73	0.152627086237834	0.911	0.906	1.41844966349073e-68	CNBP	c1
4.43323804627156e-73	-0.333027478404279	0.176	0.263	1.48681937595856e-68	PPP2R5E	c1
5.04772335691577e-73	-0.923206709802217	0.039	0.085	1.69290545944241e-68	HOTAIRM1	c1
5.27022634181907e-73	-0.344907165752128	0.157	0.239	1.76752851051928e-68	COA5	c1
5.52403852827734e-73	-3.88321288858391	0.002	0.027	1.85265204161366e-68	HIST1H3B	c1
5.74229443515577e-73	-0.392753704418392	0.107	0.177	1.92585070766254e-68	CCDC137	c1
6.02792944008017e-73	-0.419286005807261	0.129	0.203	2.02164697561409e-68	GATAD2B	c1
7.2667144766177e-73	-0.467991062041666	0.091	0.155	2.43711070116805e-68	ING3	c1
8.5045229629851e-73	-0.398064404056116	0.135	0.211	2.85224691132594e-68	JPX	c1
9.28839354230938e-73	-0.464287598234102	0.118	0.189	3.11514142621972e-68	CPD	c1
9.61028966325516e-73	-0.325436071772229	0.241	0.337	3.22309894726251e-68	H2AFJ	c1
9.67702739712026e-73	-0.306986443075654	0.238	0.338	3.24548144844619e-68	EMC6	c1
9.93428693428422e-73	-0.365421258390175	0.272	0.367	3.33176115202024e-68	NASP	c1
1.05023477436168e-72	-0.31283166741245	0.186	0.276	3.52227738625419e-68	ITPA	c1
1.0564477178962e-72	-0.379599352517214	0.13	0.206	3.54311435628027e-68	GMDS	c1
1.10869157994587e-72	-0.250086350215773	0.545	0.643	3.71832982082246e-68	TCEA1	c1
1.18481380294695e-72	-4.52432209644742	0.001	0.025	3.97362853232348e-68	SOX4	c1
1.24172349048539e-72	-0.423212797266464	0.134	0.209	4.1644922423899e-68	AFTPH	c1
1.24886371769743e-72	-0.499775017202529	0.095	0.16	4.18843913641365e-68	MSMO1	c1
1.25990348902785e-72	-0.317988382441816	0.192	0.283	4.22546432150161e-68	MRPL22	c1
1.47102847411379e-72	-0.295754081465833	0.228	0.326	4.93353529648282e-68	SMIM29	c1
1.54179125794895e-72	-0.381414653412722	0.1	0.168	5.1708595209092e-68	CIAPIN1	c1
1.63474790832731e-72	-0.466777909281254	0.074	0.134	5.48261753494812e-68	YKT6	c1
1.71917703242871e-72	-0.580838892434416	0.042	0.09	5.7657759313594e-68	IFI27L1	c1
1.81032265325371e-72	0.165790174211268	0.871	0.866	6.07146011448229e-68	NOP53	c1
1.82312178668639e-72	-0.294495131255516	0.392	0.496	6.11438584818882e-68	NDUFB3	c1
1.97416285441712e-72	-0.349969207986618	0.165	0.248	6.62094738114412e-68	IWS1	c1
2.8046345889529e-72	-0.422880379751124	0.11	0.18	9.40618348443022e-68	COG4	c1
3.02864025233581e-72	-0.492425166257825	0.096	0.161	1.01574536782838e-67	HERC2	c1
3.11428545382959e-72	-0.781297749223099	0.04	0.087	1.04446905550537e-67	TET2	c1
3.13082744684629e-72	-0.422700608617886	0.083	0.146	1.05001690912331e-67	PGP	c1
3.75675201000426e-72	-0.535516805362172	0.07	0.127	1.25993948911523e-67	DAPK3	c1
3.78874434985327e-72	-0.503391581596861	0.064	0.119	1.27066908005379e-67	DERA	c1
3.88953291923804e-72	-0.267860683765774	0.574	0.667	1.30447155045405e-67	RHOG	c1
4.16847296165328e-72	0.402336543144355	0.391	0.335	1.39802246187928e-67	SYPL1	c1
4.63157111575171e-72	-0.610868172216048	0.067	0.123	1.55333632080081e-67	HMGCS1	c1
4.70469152673925e-72	-0.340888206066839	0.149	0.23	1.57785944423781e-67	TIMM23	c1
5.05040945226294e-72	-0.5713044447274	0.047	0.097	1.69380632209994e-67	ASL	c1
5.14236451339174e-72	0.452765885863181	0.393	0.341	1.72464621050132e-67	LAIR1	c1
5.28713565889745e-72	-0.448423163290586	0.176	0.257	1.77319955728103e-67	IPCEF1	c1
5.82681775387964e-72	-0.417342513543876	0.13	0.205	1.95419813829616e-67	HDAC10	c1
6.2131451467953e-72	-0.299127495941653	0.47	0.576	2.08376461933221e-67	BIN2	c1
6.92530908022027e-72	0.103755150207094	0.962	0.929	2.32261015932427e-67	CD2	c1
6.95056010963375e-72	-0.340539743932349	0.199	0.289	2.33107884956897e-67	ANKRD10	c1
7.00763434029178e-72	-0.244081958437718	0.565	0.66	2.35022040504706e-67	EWSR1	c1
7.0981433645265e-72	-0.326283817470265	0.177	0.264	2.3805753215949e-67	MRPL37	c1
7.84860491940093e-72	-0.323294672118611	0.219	0.314	2.63226511786868e-67	IST1	c1
8.20016038769251e-72	-0.491819117299692	0.073	0.131	2.75016979082431e-67	TAF8	c1
9.31147917362123e-72	-1.0162434417854	0.03	0.072	3.12288388524909e-67	ATXN7L1	c1
9.5769351457874e-72	-0.330825812261698	0.249	0.348	3.21191250919418e-67	NSMCE1	c1
9.64406949517838e-72	-4.06980091959635	0.003	0.028	3.23442802729292e-67	LGMN	c1
1.00552863843037e-71	-0.292319612081255	0.233	0.332	3.37234194756777e-67	TRAPPC2L	c1
1.16818771888129e-71	-0.341541447861418	0.194	0.283	3.91786797158406e-67	BRWD1	c1
1.24108626100663e-71	-0.310716432972008	0.246	0.345	4.16235510216405e-67	SNF8	c1
1.28063967565704e-71	-0.272926707205924	0.364	0.479	4.29500934421858e-67	MLF2	c1
1.55754132731153e-71	-0.309562135023108	0.189	0.279	5.22368210353741e-67	WAC	c1
1.64401153689014e-71	-0.283222702488678	0.406	0.52	5.51368589242215e-67	GRB2	c1
1.7431330817631e-71	-0.513073730725918	0.071	0.129	5.84611972961708e-67	NADK	c1
1.76863905604864e-71	-0.290501078135841	0.235	0.335	5.93166166617594e-67	PEF1	c1
1.79979829567656e-71	-0.699595773123913	0.051	0.101	6.03616352404004e-67	GSE1	c1
1.9427931530331e-71	-1.03605801792679	0.024	0.063	6.51573967664241e-67	AC008105.3	c1
1.98599072930597e-71	-5.80931017917424	0	0.022	6.66061570794637e-67	DEPDC1	c1
2.03783123963205e-71	-1.05303165110016	0.019	0.056	6.83447841147798e-67	TRIM59	c1
2.14254881898521e-71	-0.596428509125649	0.052	0.103	7.1856802291126e-67	AGFG1	c1
2.37507921056141e-71	-3.58950852829791	0.001	0.025	7.96554065638087e-67	CCNE1	c1
2.44891354318322e-71	-0.301115920898745	0.183	0.272	8.21316624112789e-67	EIF3J	c1
2.56619540408035e-71	-0.480726269698368	0.124	0.194	8.60650614620469e-67	KDM5B	c1
2.93679119358355e-71	-0.278405651190609	0.309	0.419	9.84941030504052e-67	FAAP20	c1
2.99079615498655e-71	-0.323509356353619	0.187	0.276	1.00305321445939e-66	CLTC	c1
3.20660044107303e-71	1.43495412336931	0.055	0.026	1.07542965592707e-66	SPINT1	c1
3.40679734201577e-71	-0.572983873922543	0.065	0.12	1.14257169256525e-66	NHLRC3	c1
3.56270122878273e-71	-0.843594085091391	0.032	0.075	1.19485873810915e-66	IDH1	c1
3.83342693621602e-71	-0.288912436229598	0.248	0.349	1.28565472586813e-66	EAPP	c1
4.01453552383646e-71	-0.346123343758702	0.324	0.424	1.34639492398427e-66	NFATC2	c1
4.14661148404404e-71	-0.274531838036464	0.42	0.527	1.39069055951869e-66	POLR2E	c1
4.42665622642535e-71	-5.66122197092274	0	0.022	1.48461196521853e-66	E2F2	c1
5.05070345102884e-71	-0.347817899787689	0.126	0.2	1.69390492340605e-66	ACOT8	c1
5.4840445856576e-71	-0.344893087725926	0.163	0.246	1.83923887313784e-66	SIRT2	c1
6.07817405328006e-71	-0.376298092753054	0.099	0.166	2.03849801398906e-66	HDGF	c1
6.25509369138813e-71	-0.431674092761612	0.077	0.137	2.09783332221775e-66	C18orf21	c1
6.43000546864203e-71	-0.436867990821181	0.116	0.186	2.15649523407316e-66	ARID1B	c1
7.75846763422516e-71	-0.481460554648262	0.1	0.165	2.60203487516643e-66	GBP3	c1
8.53909566117264e-71	-0.475061147448626	0.099	0.164	2.86384190284408e-66	TMEM154	c1
8.76218708609971e-71	-0.257435288804336	0.542	0.641	2.93866230493612e-66	RHOF	c1
9.23801258921979e-71	-0.355642017609303	0.131	0.206	3.09824466217253e-66	BRD7	c1
9.46039197908009e-71	-0.293507036258152	0.394	0.506	3.17282626194388e-66	R3HDM4	c1
1.00255275519083e-70	-0.398891018506407	0.174	0.255	3.36236143035899e-66	STK38	c1
1.02359200974993e-70	-0.431323735570127	0.099	0.165	3.43292288229931e-66	ABHD12	c1
1.06137811700854e-70	-1.00898221499422	0.015	0.05	3.55964992882326e-66	NCAPG2	c1
1.33791309195443e-70	-0.404991447668436	0.091	0.155	4.48709292779676e-66	MVB12A	c1
1.34112053715224e-70	-0.518420137898346	0.088	0.15	4.49785005750119e-66	SLC43A3	c1
1.38101557780144e-70	-2.09382638763807	0.007	0.035	4.63165004483047e-66	UBXN10-AS1	c1
1.42248169714997e-70	-0.380392810697507	0.136	0.211	4.77071911590156e-66	TRIM11	c1
1.56649067238623e-70	-0.439879851503388	0.08	0.141	5.25369641704894e-66	TTC9C	c1
1.64225675278745e-70	-0.966551292819926	0.035	0.078	5.50780069749855e-66	ABCA2	c1
1.74145387837537e-70	-0.334045322191257	0.594	0.657	5.84048801729532e-66	GSTP1	c1
1.84660845177618e-70	-0.339265323068239	0.161	0.243	6.19315542556695e-66	PEX2	c1
1.95720283617601e-70	-0.382865168785884	0.089	0.152	6.5640668719671e-66	EIF2B2	c1
2.00134983173042e-70	-0.311996818615743	0.177	0.264	6.7121270656575e-66	NOB1	c1
2.20109150808945e-70	-0.590738869505019	0.036	0.08	7.38202069983039e-66	PXMP2	c1
2.31416785720506e-70	-0.252154008538028	0.468	0.585	7.76125615949433e-66	TSC22D4	c1
2.72160057662456e-70	-0.299985424466012	0.218	0.311	9.12770401388344e-66	MRPL10	c1
2.73715555733737e-70	-0.450671264144042	0.076	0.134	9.17987230819807e-66	EIF4EBP1	c1
2.91057462593814e-70	-0.400691944160369	0.086	0.148	9.76148518047135e-66	MED25	c1
2.9281523151807e-70	-0.326815642112178	0.379	0.478	9.82043723465305e-66	SNRPD1	c1
3.01172597010199e-70	-8.17969427919597	0	0.022	1.01007265585281e-65	KRT86	c1
3.07414163946022e-70	-0.308551929953305	0.233	0.331	1.03100562304217e-65	PLEKHJ1	c1
3.23772988040242e-70	-0.844696447915166	0.032	0.073	1.08586984728936e-65	RELL2	c1
3.24840501242942e-70	-0.329874623021488	0.191	0.278	1.08945007306858e-65	GARS	c1
3.55372189413884e-70	-0.545033388481543	0.066	0.121	1.19184724885629e-65	AKIP1	c1
4.06031636286537e-70	-0.337586697683913	0.158	0.24	1.36174890177779e-65	PSME3	c1
4.3779608667199e-70	-0.424836545107831	0.202	0.286	1.46828051548052e-65	CCDC167	c1
4.56805062102389e-70	-0.286326217191886	0.236	0.334	1.53203281727899e-65	PSMC6	c1
4.91243995635117e-70	-0.509008952686522	0.119	0.187	1.64753411256105e-65	TOB1	c1
4.91574630449437e-70	-0.603042500302132	0.053	0.103	1.64864299560132e-65	SRGAP2	c1
5.11232005939562e-70	-5.14929082105091	0.001	0.023	1.7145699015201e-65	LINC01480	c1
5.29731181803802e-70	-0.409130690613807	0.122	0.193	1.77661243753359e-65	DTNBP1	c1
5.42215979422917e-70	-0.443849628779494	0.117	0.185	1.81848395178858e-65	HIST1H1C	c1
5.53510524104681e-70	-0.271129441427072	0.289	0.396	1.85636359574228e-65	ZMAT2	c1
6.32274376435173e-70	-0.53196165696669	0.073	0.13	2.12052180368828e-65	GTF3C1	c1
6.61589029095519e-70	-0.639013820097889	0.06	0.112	2.21883728578055e-65	JMY	c1
6.95215658707357e-70	-0.285753530204477	0.275	0.379	2.33161427617273e-65	RBM42	c1
7.110414237434e-70	-0.487927042542711	0.093	0.156	2.38469072695061e-65	KDM5C	c1
7.14467852649617e-70	-0.286478192834409	0.448	0.548	2.39618228421628e-65	HNRNPR	c1
9.21647480496177e-70	-0.559965392677634	0.056	0.108	3.09102132008808e-65	ZBTB17	c1
9.35915938496926e-70	0.307173952828364	0.598	0.578	3.13887487453099e-65	TMED10	c1
9.47544541763877e-70	-0.312110957814277	0.189	0.277	3.17787488416769e-65	LARP7	c1
1.00379205003537e-69	-5.53216636112266	0	0.022	3.36651777740863e-65	LILRB1	c1
1.03630484759543e-69	-0.732996105056424	0.062	0.114	3.47555919786556e-65	YPEL2	c1
1.07107012332944e-69	-0.290335649745241	0.36	0.465	3.59215497962227e-65	TKT	c1
1.26875271311377e-69	-0.324400670914359	0.128	0.202	4.25514284924097e-65	MED8	c1
1.28291034401342e-69	-0.617426026595028	0.056	0.108	4.30262471175221e-65	TBC1D31	c1
1.32109265074162e-69	0.109552127122549	0.998	0.995	4.43068053205724e-65	MT-ATP8	c1
1.36369895074768e-69	-0.401208462737909	0.085	0.147	4.57357354101758e-65	CTNNBIP1	c1
1.48491535791554e-69	-1.010910130914	0.023	0.061	4.98010912737714e-65	BTN2A2	c1
1.54241773925954e-69	-0.557266481085942	0.149	0.222	5.17296061392864e-65	ITGB1	c1
1.74029223574647e-69	-0.302512412768623	0.289	0.393	5.83659210024652e-65	SDHA	c1
1.79948590611755e-69	1.3803199830887	0.046	0.02	6.03511583193706e-65	ENPP5	c1
1.82316657695448e-69	-3.64772017600315	0.002	0.025	6.11453606578995e-65	ENC1	c1
1.93939708114073e-69	-0.393331511926003	0.182	0.264	6.50434993072978e-65	BTN3A1	c1
2.00645321618531e-69	-0.322719965782197	0.211	0.303	6.72924279644229e-65	B4GALT3	c1
2.02069857449189e-69	0.586571842904897	0.281	0.227	6.77701887913091e-65	PBX4	c1
2.05195245919383e-69	-0.291524062206134	0.276	0.379	6.88183815764428e-65	KDM5A	c1
2.30028502164607e-69	-0.315485497912847	0.192	0.282	7.7146959055966e-65	SAR1B	c1
2.38034302999005e-69	-0.278107829462134	0.232	0.33	7.98319445398064e-65	BLOC1S2	c1
2.44641668504502e-69	-3.57284414681606	0.001	0.024	8.20479227830399e-65	CIITA	c1
2.59492481339915e-69	-1.03192596928033	0.028	0.068	8.70285883917806e-65	PLCXD2	c1
2.62184430992877e-69	-0.565187820027265	0.038	0.082	8.79314144663912e-65	ALYREF	c1
2.72421078541038e-69	-5.88946338260913	0	0.022	9.13645813210934e-65	E2F8	c1
2.77202944863981e-69	-0.258270434222089	0.594	0.696	9.2968323648482e-65	RSRP1	c1
2.90005567597799e-69	-0.441445138437691	0.124	0.194	9.72620672609498e-65	FBXO44	c1
3.0342816117897e-69	-0.30070890427301	0.181	0.27	1.01763736696203e-64	NDUFA8	c1
3.07521852877693e-69	-0.41255593742024	0.491	0.556	1.03136679018121e-64	TPM4	c1
3.0900489204687e-69	-0.314523744038167	0.296	0.397	1.03634060694679e-64	NUDT5	c1
3.19851518423264e-69	-0.594819106027155	0.047	0.096	1.07271802248794e-64	POLD3	c1
3.22086506831059e-69	-0.350924409028056	0.116	0.186	1.08021372661001e-64	RWDD4	c1
3.4657928484335e-69	-0.29255047107303	0.204	0.296	1.16235760550763e-64	EXOSC1	c1
3.78468766249837e-69	0.477065702981793	0.342	0.284	1.2693085482487e-64	BCL2	c1
3.86673282519332e-69	-0.445707889955676	0.075	0.133	1.29682485491334e-64	THOC5	c1
4.27154072229292e-69	-0.344730630479443	0.113	0.183	1.4325893274426e-64	MRPL44	c1
4.46694991551308e-69	0.807772031374164	0.227	0.175	1.49812566266478e-64	MID1IP1	c1
4.83793154985309e-69	-0.352631434253568	0.184	0.269	1.62254548318973e-64	NELFCD	c1
5.33459540479892e-69	-0.479311859690652	0.096	0.159	1.78911660686146e-64	LINC00847	c1
5.35633280408992e-69	0.897830686665567	0.091	0.052	1.79640689583568e-64	NT5E	c1
5.39875482435226e-69	-0.373791909312414	0.254	0.343	1.81063439299126e-64	RPA3	c1
5.40695108725213e-69	-0.354239850222981	0.124	0.197	1.81338325564262e-64	TOLLIP	c1
5.98748655463315e-69	-0.333432832427929	0.322	0.422	2.00808324069286e-64	PYCARD	c1
7.44202995625881e-69	-0.749929154799383	0.031	0.073	2.49590800673008e-64	CDK2	c1
7.66699104297869e-69	-0.307660003516893	0.152	0.232	2.57135545599419e-64	TIMMDC1	c1
7.80648732959416e-69	-0.27944090636136	0.401	0.512	2.61813972059929e-64	CCNDBP1	c1
8.46591084754553e-69	-0.352594770592545	0.333	0.427	2.83929718004982e-64	HNRNPAB	c1
8.93337599477387e-69	-0.368983145469173	0.099	0.164	2.99607564112726e-64	SGTA	c1
9.13302148724281e-69	-0.329573727534271	0.153	0.232	3.0630327463915e-64	NIP7	c1
9.42879650163813e-69	-0.446646495929564	0.508	0.591	3.1622297707194e-64	FCMR	c1
9.56511594478894e-69	-0.309675146272233	0.346	0.447	3.20794858556331e-64	IFI27L2	c1
9.91929730395372e-69	-0.478412265684738	0.068	0.123	3.3267339298e-64	ASCC1	c1
1.10951064039275e-68	-0.445467759207966	0.091	0.154	3.72107678574919e-64	GLMP	c1
1.26359314964837e-68	-0.345214934139569	0.129	0.203	4.23783870529069e-64	DEDD	c1
1.3154494903507e-68	-0.119686711382227	0.99	0.991	4.41175450073819e-64	EEF1D	c1
1.40647923217372e-68	-0.303651366196391	0.299	0.402	4.71705004886422e-64	DENND1C	c1
1.59091402551559e-68	-2.58808409935682	0.003	0.027	5.33560745877417e-64	FHL2	c1
1.64042099503979e-68	-0.365192409439476	0.119	0.189	5.50164393316446e-64	YAF2	c1
1.72563946378586e-68	-0.44781603657974	0.089	0.151	5.78744963364502e-64	ZNF581	c1
1.72621421656896e-68	-1.58867646198451	0.009	0.039	5.78937723952897e-64	MAPK11	c1
1.74053926956271e-68	-0.29495729453735	0.268	0.37	5.83742060225942e-64	RNF10	c1
1.87214751755512e-68	-5.61712218723216	0	0.022	6.27880834437635e-64	MYO7A	c1
1.92919124267429e-68	-0.263562644736384	0.451	0.559	6.47012158968105e-64	KPNB1	c1
1.93002898546061e-68	-0.464979724599933	0.053	0.104	6.47293121143781e-64	TCTEX1D2	c1
1.93515267796147e-68	-0.285451083806239	0.24	0.338	6.49011505134717e-64	SDF2	c1
1.96301436238559e-68	-0.198115728161636	0.783	0.828	6.5835575685688e-64	HNRNPF	c1
2.62050017760131e-68	-0.639679499067038	0.055	0.105	8.78863349563928e-64	POMC	c1
2.8196395048319e-68	-0.493388135732101	0.064	0.118	9.45650697130521e-64	ACOT2	c1
3.33835054922725e-68	-0.450416094301603	0.072	0.129	1.11961600719983e-63	CPSF3	c1
3.40467546148883e-68	-0.304332917119574	0.158	0.24	1.14186005627412e-63	RFXANK	c1
3.40562713460163e-68	-0.733409333378084	0.045	0.091	1.14217922840269e-63	GXYLT1	c1
3.52049889001197e-68	-0.387196348980947	0.147	0.222	1.18070491773222e-63	ZMYM5	c1
3.64783478444547e-68	-2.322134765677	0.006	0.033	1.22341083000732e-63	CCDC141	c1
3.69130019833948e-68	-0.306006781064417	0.407	0.503	1.23798826051909e-63	PSMB2	c1
3.77674418954533e-68	-0.396008974733042	0.095	0.159	1.26664446628971e-63	ATG13	c1
4.26129304614808e-68	-0.406605133489399	0.092	0.155	1.42915246181714e-63	ALG12	c1
4.62452237164391e-68	-0.299159833433873	0.18	0.266	1.55097231300193e-63	WIPI2	c1
4.73235296846218e-68	-0.417135587494975	0.09	0.152	1.58713653856285e-63	PCYT2	c1
4.7820163010434e-68	-0.390360571582084	0.122	0.192	1.60379262704394e-63	TRAF3	c1
4.87284654172025e-68	-0.489848497330616	0.155	0.228	1.63425527316214e-63	MCM3	c1
5.02795420124453e-68	-1.22021298434709	0.011	0.042	1.68627528001339e-63	GINS4	c1
6.22867474326829e-68	-0.468652126737662	0.093	0.155	2.08897293539732e-63	CKAP5	c1
6.98831345310912e-68	-0.260591244701135	0.457	0.558	2.34374056590374e-63	EIF3I	c1
7.09109012025733e-68	-1.84187067646481	0.004	0.029	2.3782098045319e-63	PLK4	c1
8.36575149551238e-68	-0.546490998516893	0.083	0.142	2.80570573656494e-63	SUSD6	c1
8.66487675267969e-68	-0.288647280003145	0.288	0.392	2.90602636531371e-63	COQ10B	c1
8.67171316958363e-68	-0.308431511174263	0.189	0.276	2.90831916281496e-63	MRPS16	c1
8.76086000050556e-68	-1.68809494332317	0.012	0.043	2.93821722696955e-63	KIFC3	c1
9.81783547818237e-68	-0.337086893316903	0.125	0.197	3.2927056626728e-63	PTPA	c1
1.01592729446037e-67	-0.363652618010467	0.151	0.227	3.40721696016118e-63	ERBIN	c1
1.10864472129364e-67	-0.281877655019356	0.214	0.307	3.7181726662746e-63	PRPF38A	c1
1.22208690752948e-67	-0.340214731842496	0.118	0.188	4.09863507047237e-63	EIPR1	c1
1.43181899323868e-67	-0.386000544190633	0.107	0.174	4.80203453952387e-63	RBM26	c1
1.43467649170464e-67	-0.514441842108535	0.083	0.141	4.81161801787902e-63	MARF1	c1
1.50228785003732e-67	-0.564683854515528	0.064	0.118	5.03837299145516e-63	PIGB	c1
1.61757260957677e-67	-0.420442356860555	0.084	0.144	5.42501501799857e-63	ISOC2	c1
1.68320413522083e-67	-0.317264853775124	0.163	0.244	5.64513002870361e-63	ANAPC15	c1
1.76027288407611e-67	-0.640709291455	0.069	0.123	5.90360319861446e-63	SLC12A6	c1
1.90879898830266e-67	-0.376686218194569	0.116	0.185	6.40173004696947e-63	ING4	c1
1.96427107374629e-67	-0.288693998173804	0.254	0.355	6.58777232713031e-63	PHF5A	c1
2.03293008986771e-67	0.319562694331871	0.504	0.459	6.81804093539833e-63	MGAT4A	c1
2.2551868919427e-67	-5.10256863470886	0.002	0.025	7.56344579819742e-63	TRDV3	c1
2.2570188172373e-67	-0.237782058778364	0.566	0.657	7.56958970925045e-63	NDUFB4	c1
2.47220528432712e-67	-0.212191120663625	0.736	0.8	8.29128208257629e-63	SEPT7	c1
2.47501651611007e-67	-0.799658257476608	0.03	0.071	8.30071039172994e-63	TCF19	c1
2.86792594787057e-67	-0.284901059254584	0.256	0.356	9.6184500439683e-63	FAM32A	c1
2.89225469261162e-67	-2.74894074978686	0.007	0.035	9.70004378808085e-63	IL22	c1
3.0692560837137e-67	-0.37833949455694	0.089	0.15	1.0293671053559e-62	HDGFL2	c1
3.37499825864823e-67	-0.292186717946494	0.178	0.263	1.13190691598544e-62	PRCC	c1
3.45132473364413e-67	-0.37429001129665	0.135	0.208	1.15750528916957e-62	ALKBH6	c1
3.59757992089574e-67	-0.50325759217059	0.067	0.121	1.20655635387001e-62	SELENOI	c1
3.64436956271896e-67	-0.696332364271595	0.028	0.067	1.22224866394468e-62	DSN1	c1
3.83252555045914e-67	-0.415391074870107	0.081	0.14	1.28535241911299e-62	APOL2	c1
4.20782972183293e-67	-2.27853939189585	0.006	0.033	1.41122193210833e-62	AC243829.1	c1
4.40815868969801e-67	-0.30431306342764	0.195	0.283	1.47840826135092e-62	RPS6KB2	c1
4.58057421928522e-67	-0.386876857305912	0.156	0.232	1.53623298166388e-62	BTN3A3	c1
4.76041441105808e-67	0.212402774049006	0.553	0.489	1.59654778518066e-62	ICOS	c1
4.87844612693683e-67	-0.527382827639176	0.054	0.104	1.63613326205207e-62	MTRF1L	c1
4.97459985261216e-67	-0.315076561611357	0.14	0.216	1.66838129856907e-62	DELE1	c1
5.11121352391096e-67	-0.300279400728058	0.172	0.255	1.71419879164926e-62	OXLD1	c1
5.1853196400721e-67	-0.387560242516729	0.135	0.208	1.73905250088738e-62	CREBZF	c1
5.84247968407799e-67	-0.269944873736191	0.206	0.298	1.95945083644607e-62	UBE2J2	c1
5.87126975095882e-67	-0.346708619645105	0.158	0.236	1.96910644907657e-62	GRK2	c1
6.38665325895358e-67	-4.54020837382416	0.001	0.023	2.14195576998785e-62	HACD1	c1
6.87937763977004e-67	-0.330681166735045	0.18	0.263	2.30720567282607e-62	ZGPAT	c1
8.71261387476051e-67	-0.398552189112959	0.099	0.163	2.92203644131718e-62	BORCS6	c1
1.0247014921063e-66	-0.500658349788787	0.072	0.128	3.4366438642261e-62	GPKOW	c1
1.14945996686373e-66	-0.78022611444693	0.039	0.083	3.85505883686757e-62	ZNF490	c1
1.19016195166403e-66	-0.798673217488858	0.041	0.085	3.99156515349081e-62	HELZ2	c1
1.47795681384218e-66	-0.334601857523774	0.198	0.284	4.95677156226391e-62	CLIP1	c1
1.52838934269171e-66	-0.557429458390685	0.078	0.134	5.12591217751946e-62	LRRC8C	c1
1.62122925922842e-66	-0.355606987355384	0.152	0.229	5.43727868960027e-62	N4BP2L1	c1
1.64415098232662e-66	-0.301920693334486	0.539	0.631	5.51415356452703e-62	CLEC2D	c1
2.29709074054746e-66	-0.273568353014322	0.255	0.355	7.70398292564807e-62	COPS5	c1
2.32805840758031e-66	2.46562371957816	0.016	0.004	7.80784228734285e-62	PLEK2	c1
2.5878384914409e-66	-0.314921260627178	0.236	0.328	8.67909273259448e-62	SMG1	c1
2.66812806245389e-66	-0.658190315786618	0.03	0.071	8.94836789585785e-62	FANCG	c1
2.84795849831214e-66	-0.594604810325025	0.06	0.11	9.55148321163924e-62	MICAL2	c1
2.90097397357383e-66	-0.333656906057839	0.15	0.226	9.7292865125719e-62	TERF1	c1
2.99320359005843e-66	-0.294869411588164	0.288	0.389	1.0038606200338e-61	CCDC88C	c1
2.9970709210209e-66	-0.292166912278739	0.211	0.302	1.00515764549199e-61	PHF20L1	c1
3.16393856223843e-66	-0.278398822268747	0.207	0.297	1.06112171500352e-61	TPGS1	c1
3.20744663507575e-66	-0.248267734978085	0.542	0.643	1.0757134524717e-61	UBXN4	c1
3.65559538832238e-66	-0.344489684462667	0.137	0.211	1.22601358133556e-61	CDK11B	c1
4.59236417460741e-66	-0.276212620636919	0.36	0.467	1.54018709687983e-61	ACP1	c1
4.62871084859088e-66	-5.31836497602079	0	0.021	1.55237704440041e-61	ASCL2	c1
4.74789091054867e-66	-0.376966065268308	0.088	0.149	1.59234765357981e-61	NUP37	c1
4.82005562341419e-66	-0.294845611027944	0.232	0.326	1.61655025498065e-61	CISD2	c1
4.88927693213891e-66	-0.276901867654955	0.18	0.265	1.63976569750075e-61	MRPL42	c1
4.90539567657835e-66	-0.250142491194252	0.405	0.518	1.64517160201085e-61	RBBP6	c1
5.045621303902e-66	-0.254459966372445	0.533	0.633	1.69220047290265e-61	OTUB1	c1
5.05988038597243e-66	-0.574395493703819	0.078	0.134	1.69698268384743e-61	OAS1	c1
5.1573265452966e-66	-0.322879118177867	0.197	0.283	1.72966417676157e-61	ADD1	c1
5.33279747276097e-66	-4.05759252230539	0	0.022	1.78851361641458e-61	TTK	c1
5.35897086427422e-66	-0.287031646514981	0.232	0.327	1.79729164846029e-61	GPS1	c1
5.45511737769057e-66	-0.413094143921509	0.08	0.138	1.82953726612986e-61	UTP11	c1
5.52484464270152e-66	-0.355556395312307	0.12	0.189	1.85292239626923e-61	RHNO1	c1
6.57211885884631e-66	-0.249606353759589	0.5	0.603	2.20415722287988e-61	AIP	c1
6.5949751695524e-66	-0.456676888069064	0.062	0.115	2.21182277236448e-61	HDAC8	c1
7.67686531506257e-66	-0.930422734294937	0.027	0.065	2.57466708936568e-61	SGO2	c1
9.95167044062183e-66	-0.558514206053284	0.055	0.105	3.33759123237575e-61	LETM1	c1
1.02823445948058e-65	-0.513541762906633	0.377	0.448	3.44849273020597e-61	ITM2C	c1
1.07110315936221e-65	-0.64197267269125	0.047	0.094	3.59226577586897e-61	KCTD17	c1
1.14486105614696e-65	-0.330274615343517	0.247	0.341	3.83963501010566e-61	SFXN1	c1
1.17147048530419e-65	-0.275362341042634	0.347	0.455	3.9288777136132e-61	RNF181	c1
1.25258189086077e-65	-0.278726419423016	0.236	0.332	4.20090914556885e-61	MRPS18C	c1
1.36067281226099e-65	-0.277103618072423	0.457	0.548	4.5634244777609e-61	TALDO1	c1
1.36552771730374e-65	-0.31578517955769	0.259	0.356	4.57970685829329e-61	RHBDD2	c1
1.38406790606921e-65	-0.256138784452715	0.321	0.429	4.64188694337491e-61	PAFAH1B1	c1
1.39360843890309e-65	-0.849290178070812	0.027	0.065	4.6738839823932e-61	WSB2	c1
1.53066423961858e-65	-0.628410076734871	0.031	0.072	5.1335417268328e-61	CCDC34	c1
1.53812329224578e-65	-0.315258928682693	0.145	0.221	5.15855789753389e-61	DPM2	c1
1.54039433839143e-65	-0.263103422009451	0.485	0.59	5.16617453209716e-61	ZNF706	c1
1.68163101737577e-65	-0.240274158181728	0.475	0.579	5.63985410607484e-61	AP2M1	c1
1.76936096248141e-65	-0.341428446060605	0.158	0.235	5.93408279597016e-61	CCDC186	c1
1.76951433675587e-65	-0.530459118181309	0.061	0.113	5.93459718261183e-61	METTL3	c1
1.7818459601651e-65	-0.131148458422353	0.945	0.955	5.97595498120172e-61	PCBP1	c1
1.9309870071532e-65	-0.666927639494941	0.462	0.493	6.47614422459041e-61	HOPX	c1
2.21198902387898e-65	-0.40014136046256	0.096	0.158	7.41856878828533e-61	GTF3C5	c1
2.59792431028015e-65	-0.48101014858984	0.078	0.134	8.71291855181758e-61	SDHAF1	c1
2.73092131122447e-65	-0.315341327888176	0.195	0.28	9.15896389358464e-61	TIA1	c1
2.83143659027437e-65	-0.354055606630592	0.144	0.219	9.49607203646218e-61	GAK	c1
2.84723852709405e-65	-0.38018695084335	0.147	0.219	9.54906857216802e-61	MARCKSL1	c1
3.13450249094254e-65	-3.26149950194542	0.001	0.022	1.05124944541231e-60	HIST1H3C	c1
3.53397789167375e-65	-6.72407428823772	0	0.02	1.18522550530954e-60	BCAT1	c1
3.77783081828142e-65	-0.736058245046738	0.044	0.089	1.26700889983522e-60	FCGRT	c1
3.94532291726386e-65	-0.314468645101629	0.161	0.239	1.32318239999195e-60	PANK2	c1
4.01355669755216e-65	-0.391144604396944	0.138	0.209	1.34606664522504e-60	RFFL	c1
4.04029015599939e-65	-0.303356352735738	0.284	0.384	1.35503251251908e-60	PPP3CC	c1
4.04476337982237e-65	-0.326542689677009	0.16	0.237	1.35653274232483e-60	RC3H1	c1
4.50934182795234e-65	-0.310699566115484	0.215	0.304	1.51234306225866e-60	HSPA4	c1
4.58594474566374e-65	-0.448672687442142	0.081	0.139	1.53803414880071e-60	KCTD5	c1
4.69116081853696e-65	-0.30926566525727	0.204	0.292	1.57332151532092e-60	RPIA	c1
4.75916722839484e-65	-0.516443954302662	0.054	0.103	1.59612950505906e-60	NCAPD3	c1
4.81928264233953e-65	-0.419497586829705	0.073	0.128	1.61629101258783e-60	ZNF326	c1
5.44919271493095e-65	-0.30383370386379	0.234	0.325	1.82755025273354e-60	CEP350	c1
5.81756424815383e-65	-0.388706293044656	0.128	0.197	1.95109469754583e-60	S100PBP	c1
7.68696327308757e-65	-0.492468578529511	0.079	0.136	2.57805374252811e-60	DTX3	c1
9.08922544259196e-65	-0.272569889405058	0.188	0.275	3.04834442893649e-60	MRPL27	c1
9.14151504511556e-65	-0.361283726742645	0.147	0.22	3.06588131583086e-60	PSMA3-AS1	c1
9.2893265565162e-65	-0.46331980277152	0.125	0.191	3.1154543405244e-60	ABCB1	c1
9.34437976401749e-65	-0.299139454890636	0.268	0.364	3.13391808525619e-60	MAPK1	c1
9.41878053996351e-65	-0.353148331725883	0.212	0.297	3.15887061749296e-60	SMC1A	c1
9.52358813606438e-65	-0.28160920031224	0.181	0.265	3.19402098907327e-60	PFDN6	c1
9.57879197332649e-65	-0.345093548231986	0.145	0.22	3.21253525201424e-60	VAV1	c1
1.07073313774185e-64	-0.31449899128684	0.142	0.216	3.5910247973586e-60	PSPC1	c1
1.13531315806913e-64	-0.458434028379436	0.073	0.128	3.80761326953224e-60	NUP93	c1
1.14513811421303e-64	-0.194589732586471	0.686	0.753	3.84056420744765e-60	NDUFB11	c1
1.16140641156145e-64	-0.296380950116583	0.254	0.35	3.8951248230948e-60	WAPL	c1
1.22940450608133e-64	-0.3041110600003	0.289	0.385	4.12317683249557e-60	PSMC3	c1
1.23550879042594e-64	-0.263342772756719	0.362	0.465	4.14364938133053e-60	EIF2S2	c1
1.25269052144593e-64	-0.344278913134456	0.17	0.249	4.20127347082536e-60	BIRC2	c1
1.30854755092556e-64	-0.326010799815229	0.156	0.234	4.38860677629414e-60	APOL3	c1
1.40282128933504e-64	-0.492052179719219	0.063	0.115	4.70478204017187e-60	TIMM29	c1
1.41002278679379e-64	-0.393907649440556	0.098	0.161	4.72893442234903e-60	TOPBP1	c1
1.43281177587721e-64	-0.27418215207741	0.193	0.281	4.805364133937e-60	ELP5	c1
1.48388182014025e-64	-0.215720930583533	0.595	0.685	4.97664284838637e-60	UBE2I	c1
1.53023091242209e-64	-0.260185441307954	0.396	0.504	5.13208843408121e-60	ERGIC3	c1
1.54257183215702e-64	-0.307710256886697	0.155	0.232	5.17347741068821e-60	VRK3	c1
1.63611400082407e-64	-0.364107332400128	0.115	0.183	5.48719913596378e-60	PDXK	c1
1.7828628717473e-64	-0.161273252856191	0.92	0.934	5.9793654992661e-60	SRP14	c1
1.83392497864876e-64	-0.323337103899893	0.444	0.543	6.15061759339221e-60	REL	c1
1.86988793269024e-64	-0.702627392647237	0.033	0.074	6.27123014865653e-60	INTS7	c1
1.97826842351791e-64	-0.309115836154228	0.102	0.166	6.63471663879437e-60	RMDN1	c1
1.99792515418133e-64	-0.528876760414059	0.058	0.108	6.70064138209334e-60	APOBEC3F	c1
2.08259588779956e-64	-0.259995596432925	0.401	0.507	6.98461008850216e-60	RER1	c1
2.21915534582289e-64	-0.520238833475865	0.047	0.093	7.44260319882082e-60	TTF2	c1
2.29639189923279e-64	-0.345240832384167	0.152	0.227	7.70163915164693e-60	USP22	c1
2.36801585010698e-64	-0.124299037482126	0.979	0.978	7.94185155808879e-60	HNRNPA1	c1
2.45812716425333e-64	-1.29766532922198	0.008	0.035	8.24406688347283e-60	CENPO	c1
2.49756530378318e-64	-0.316317574104365	0.23	0.32	8.37633451582801e-60	BIRC6	c1
2.80100415495086e-64	-0.30752235031175	0.164	0.243	9.39400773487419e-60	PML	c1
3.10902156385623e-64	-0.783165490383536	0.026	0.063	1.0427036520861e-59	CENPL	c1
3.30226283240631e-64	-0.296749297744383	0.175	0.257	1.10751290873243e-59	CNOT1	c1
3.3176482621625e-64	-0.356228668301942	0.106	0.171	1.11267287416406e-59	VPS16	c1
3.52677223079794e-64	-0.307851631383335	0.119	0.188	1.18280887076501e-59	RBM18	c1
3.56986947259338e-64	-0.933338648855379	0.019	0.054	1.19726282371837e-59	INCENP	c1
3.97443629299299e-64	0.209687395617542	0.824	0.82	1.33294644394399e-59	SERP1	c1
4.0631112968614e-64	-0.578358328509011	0.04	0.084	1.36268626674138e-59	HAUS8	c1
4.32900642218355e-64	-5.33259904432487	0	0.02	1.45186217387192e-59	CEND1	c1
4.5928345259032e-64	-0.200100444159409	0.96	0.967	1.54034484329742e-59	LAPTM5	c1
6.15280156757823e-64	-0.410704553541743	0.079	0.136	2.06352658973439e-59	TAF1B	c1
6.40387359313358e-64	-0.303555401407064	0.287	0.383	2.14773112566514e-59	AHSA1	c1
6.44699858908828e-64	-0.247886416097448	0.267	0.367	2.16219438680843e-59	SMIM7	c1
6.60057795333064e-64	-0.324472385698338	0.202	0.286	2.21370183398803e-59	CTNNB1	c1
6.8494802162332e-64	1.00916979405292	0.098	0.06	2.29717867492029e-59	CCDC184	c1
6.90265043273102e-64	-0.490446629757335	0.076	0.131	2.31501090212933e-59	MAGED1	c1
7.05822690161503e-64	-1.94077351254908	0.009	0.037	2.36718813826365e-59	LIMS2	c1
7.08388095550602e-64	-0.264538090592962	0.24	0.336	2.37579199485761e-59	UBE2G1	c1
7.52615064609406e-64	-0.767797410960699	0.025	0.062	2.52412040368703e-59	DONSON	c1
7.60567869974921e-64	-0.375795416101448	0.193	0.273	2.55079252232189e-59	CYTH4	c1
7.85707497756282e-64	-0.332190431528196	0.121	0.191	2.63510580597502e-59	MRPS9	c1
8.03885880112205e-64	-6.82492555242864	0	0.02	2.69607246472031e-59	B3GNT7	c1
8.88227651073841e-64	-0.302244144840108	0.197	0.281	2.97893789617145e-59	ACSL5	c1
8.88570360716248e-64	-0.319282610376344	0.131	0.202	2.98008727577015e-59	UPF3B	c1
9.43323733782676e-64	-0.175288594313711	0.771	0.821	3.16371913836034e-59	COX5B	c1
9.68001289413309e-64	-0.272407722412216	0.319	0.424	3.24648272443436e-59	CHIC2	c1
9.70044408315067e-64	-0.435835489266473	0.076	0.131	3.25333493660707e-59	GBA	c1
9.95326557405899e-64	-0.281462005433596	0.188	0.273	3.33812620822791e-59	TMEM208	c1
1.05572766369699e-63	-0.377003411429004	0.158	0.234	3.54069943850697e-59	TRAF5	c1
1.10259977153021e-63	-0.463524254780084	0.109	0.172	3.69789911375803e-59	MBD5	c1
1.12754382500473e-63	-0.318310086985838	0.158	0.234	3.78155648030088e-59	RCC1	c1
1.14628155652848e-63	-0.431063459264593	0.083	0.14	3.84439908428521e-59	N4BP1	c1
1.17230796003125e-63	-0.393811341503168	0.118	0.185	3.9316864363528e-59	YTHDC2	c1
1.21319649476326e-63	-1.31721723353324	0.005	0.029	4.06881840413702e-59	TRIP13	c1
1.24532348025362e-63	-0.287664598053667	0.254	0.349	4.17656588807458e-59	BAZ1B	c1
1.45050037545406e-63	-0.285694523657173	0.197	0.282	4.86468815919783e-59	SLC25A38	c1
1.45695999994227e-63	-0.402436920391039	0.1	0.162	4.88635244780637e-59	EXOG	c1
1.4881723481226e-63	-0.530600918956713	0.046	0.092	4.99103242113359e-59	NTHL1	c1
1.52433953573282e-63	-0.313698981395311	0.21	0.297	5.11232993494074e-59	SMARCC1	c1
1.73012463962951e-63	0.929637938446971	0.099	0.061	5.80249201638946e-59	HSBP1L1	c1
1.73537630345917e-63	-0.26114747012166	0.336	0.443	5.82010504654137e-59	MPC2	c1
1.91721779619266e-63	-0.294866402278593	0.184	0.267	6.42996504487094e-59	VMA21	c1
2.38871235854501e-63	-0.489951493384117	0.06	0.11	8.01126350808826e-59	ESS2	c1
2.53779188580856e-63	-1.26228993777763	0.013	0.043	8.51124642662473e-59	HIST1H3H	c1
2.72503052465477e-63	-0.265775108968893	0.436	0.536	9.13920737358718e-59	ANP32A	c1
2.87394918645103e-63	-0.298715350179949	0.25	0.344	9.63865078151946e-59	CEP57	c1
3.19740465128757e-63	-0.922219111500398	0.029	0.067	1.07234557194882e-58	GRAMD2B	c1
3.20893328511432e-63	-0.321272011112914	0.263	0.354	1.07621204516164e-58	PTPN4	c1
4.32003000955492e-63	-0.305888610483737	0.119	0.187	1.44885166460453e-58	C1orf122	c1
4.34501115315532e-63	-8.22955950409033	0	0.02	1.45722984054523e-58	KIF20A	c1
4.47582064442109e-63	-0.311393932801045	0.184	0.266	1.50110072772595e-58	HEXA	c1
4.62872594365931e-63	-0.275887149803097	0.336	0.438	1.55238210698446e-58	PSMC4	c1
5.14987270875061e-63	-0.274468276469638	0.249	0.345	1.72716430906078e-58	SPG21	c1
5.60167701950972e-63	-0.303283965787855	0.137	0.21	1.87869043880317e-58	NOA1	c1
5.6430899417148e-63	-1.31759869740618	0.026	0.062	1.89257950465231e-58	HES4	c1
5.80108228444138e-63	-0.748045278704515	0.031	0.07	1.94556697655595e-58	DLG3	c1
5.84825395886354e-63	-0.281718419572674	0.197	0.282	1.96138741272366e-58	CTCF	c1
5.91712599446786e-63	-0.232551884227428	0.555	0.642	1.98448571602463e-58	NOP10	c1
6.01800033389657e-63	-0.383130622248893	0.106	0.17	2.01831695198223e-58	BTBD1	c1
6.12329742097195e-63	-5.23578839494443	0	0.021	2.05363148904557e-58	CCR8	c1
6.24779336354955e-63	-1.37970857779704	0.009	0.036	2.09538493826725e-58	C1orf112	c1
6.7773215838493e-63	-0.456701289529063	0.288	0.215	2.27297811279138e-58	TNFRSF4	c1
7.00826087838651e-63	-0.395202637045963	0.099	0.16	2.35043053339327e-58	WDR48	c1
7.07718766963902e-63	1.15205088183671	0.064	0.034	2.37354720064354e-58	ZNF677	c1
7.32230892238042e-63	-0.282101640183245	0.261	0.357	2.45575596638794e-58	CDC123	c1
7.51171533159872e-63	-0.358119531826673	0.147	0.22	2.51927908791158e-58	FAM111A	c1
8.54309650136484e-63	-0.401787634693475	0.101	0.163	2.86518370462774e-58	OSBPL3	c1
8.84346782447213e-63	-0.415348868050718	0.1	0.161	2.96592223897146e-58	KDM2B	c1
8.87769377511366e-63	-0.397180700530098	0.097	0.158	2.97740093829762e-58	ATE1	c1
9.18860389855254e-63	-0.484794479442651	0.077	0.131	3.08167397549655e-58	DNMT3A	c1
9.58897042017912e-63	-0.281471452955443	0.122	0.192	3.21594889951967e-58	NDUFA7	c1
9.83468718988853e-63	-0.420498333978599	0.112	0.175	3.29835738974482e-58	FOXO1	c1
1.00712062876884e-62	-0.323414810767065	0.105	0.169	3.37768116476492e-58	POP7	c1
1.02445947690256e-62	-0.26454046267577	0.351	0.456	3.4358321936358e-58	KIF5B	c1
1.04539951463487e-62	-0.362083758637816	0.131	0.201	3.50606089218243e-58	PRR14	c1
1.05375843485774e-62	-0.246607469919017	0.455	0.556	3.53409503882588e-58	SF3B6	c1
1.15047841976504e-62	-0.273639170420033	0.244	0.338	3.85847452420798e-58	SLC25A11	c1
1.22361601922891e-62	-1.12684867047515	0.01	0.039	4.10376340528993e-58	CENPP	c1
1.24937933948849e-62	-0.419853704132607	0.109	0.173	4.19016842877649e-58	NBEAL2	c1
1.25450188405371e-62	-0.274148748385001	0.339	0.44	4.20734841873934e-58	HDAC1	c1
1.28414022958279e-62	-0.27265171905494	0.236	0.33	4.30674950197478e-58	ACAA1	c1
1.30846189695224e-62	-0.751422875473492	0.021	0.056	4.38831950999842e-58	GSTZ1	c1
1.33932245152954e-62	-0.283780838717791	0.145	0.22	4.49181963793977e-58	SNAP29	c1
1.4883226329246e-62	-0.267913341248914	0.271	0.368	4.99153644630254e-58	SLIRP	c1
1.49947417856438e-62	-0.37902589025745	0.076	0.131	5.02893650006923e-58	CNP	c1
1.74149904675315e-62	-0.465917565041242	0.051	0.099	5.84063950300072e-58	CPPED1	c1
1.87768406503625e-62	-0.343380132509656	0.11	0.175	6.29737681731856e-58	VRK1	c1
1.89729286217936e-62	-0.360384781663	0.103	0.166	6.36314080117715e-58	AHCY	c1
2.00359300046143e-62	-0.29257680244136	0.188	0.271	6.71965020494753e-58	PPID	c1
2.08467153702134e-62	-1.1232834180804	0.01	0.038	6.99157140086215e-58	KIF18A	c1
2.17360345676461e-62	-0.303294799499592	0.199	0.283	7.28983127329717e-58	ZNF394	c1
2.31435098675458e-62	-0.687004888222794	0.052	0.098	7.7618703393775e-58	TULP4	c1
2.36948603350218e-62	-3.37191872613522	0.003	0.025	7.94678225915962e-58	DKK3	c1
2.38230795877731e-62	-0.362005092073206	0.106	0.17	7.98978443214734e-58	CYB561A3	c1
2.39010664530478e-62	-1.73980474030212	0.005	0.029	8.01593966702316e-58	MAP3K20	c1
2.43914000735206e-62	-0.280746802537698	0.25	0.343	8.18038775665735e-58	PTPRA	c1
2.5661934981017e-62	-0.417264270337328	0.078	0.133	8.60649975393348e-58	UBR7	c1
3.06915129054312e-62	-0.341243496679811	0.123	0.191	1.02933195982235e-57	FBXO9	c1
3.14517058976336e-62	-0.272394338037755	0.243	0.339	1.05482731239483e-57	CCDC124	c1
3.64010152209151e-62	-0.497866041272214	0.083	0.139	1.22081724847905e-57	SERTAD2	c1
3.66996453141359e-62	0.437043478487943	0.406	0.369	1.23083270454549e-57	GLO1	c1
3.89202640314071e-62	-0.39518023725327	0.114	0.179	1.30530781508533e-57	ACSF3	c1
3.94679394262023e-62	-0.802286829568521	0.019	0.052	1.32367575247597e-57	COPRS	c1
4.01890220779139e-62	-0.353342722693082	0.237	0.322	1.34785942244908e-57	VPS37B	c1
4.04335128514258e-62	-0.318414231395843	0.206	0.291	1.35605915401112e-57	NBR1	c1
4.05703712510044e-62	-0.270875002008944	0.179	0.261	1.36064911101619e-57	MTG1	c1
4.25567982377391e-62	-0.276724793645437	0.164	0.244	1.4272698992973e-57	POLDIP2	c1
4.5461123390967e-62	-0.27425518600695	0.188	0.271	1.52467515628625e-57	JAGN1	c1
4.84814631344383e-62	-0.647597729962551	0.047	0.092	1.62597131060279e-57	JAK2	c1
5.42416125000194e-62	-0.350553044775161	0.137	0.208	1.81915520002565e-57	UBR2	c1
5.51104516776204e-62	-0.388126247834615	0.11	0.173	1.84829432836403e-57	PTEN	c1
5.80343923004998e-62	-0.466789294294346	0.129	0.195	1.94635744897416e-57	AD000671.2	c1
6.54059416677221e-62	-0.363066730730585	0.097	0.158	2.19358447165206e-57	NTAN1	c1
7.50556718560071e-62	-0.247902297458715	0.411	0.522	2.51721712270677e-57	PAPOLA	c1
7.68416222225885e-62	-0.725378049949234	0.029	0.067	2.57711432610117e-57	CEP41	c1
7.7438377896535e-62	-0.24386946165936	0.242	0.338	2.59712831789399e-57	TRAPPC5	c1
7.80143916443952e-62	-0.275047345640615	0.243	0.336	2.61644666696973e-57	STARD3	c1
8.63546009224416e-62	-0.289185599301549	0.173	0.254	2.89616060573685e-57	MTMR14	c1
8.84218531662299e-62	-0.325533602401433	0.151	0.224	2.96549211148902e-57	THUMPD3-AS1	c1
9.02878054771565e-62	-0.255575599382581	0.248	0.345	3.02807242009288e-57	AAMP	c1
9.27072813599869e-62	-0.332160538315544	0.173	0.252	3.10921680225124e-57	RBM5	c1
9.45700286261695e-62	-0.284155218257505	0.14	0.213	3.17168962006447e-57	CRIPT	c1
9.58389135524866e-62	0.101143041451798	0.981	0.97	3.21424548272329e-57	RPL7	c1
9.74947562590782e-62	-0.305325516407821	0.113	0.179	3.26977913541696e-57	ZMAT5	c1
1.21724571440849e-61	-5.32767586882903	0	0.02	4.0823986769832e-57	PDGFD	c1
1.25669801882805e-61	-2.61807684803825	0.003	0.026	4.21471381554551e-57	SLC2A6	c1
1.28565309100142e-61	0.943531605245765	0.108	0.069	4.31182333660056e-57	MZF1-AS1	c1
1.29206280771772e-61	-0.695525046410584	0.035	0.076	4.3333202445237e-57	ATP13A3	c1
1.31343409680082e-61	-0.359196898245234	0.127	0.194	4.4049952738506e-57	ESCO1	c1
1.44010675059293e-61	-2.82483219026466	0.003	0.025	4.82983002013857e-57	HIST1H2AL	c1
1.68172448779384e-61	-4.39422125419784	0.001	0.021	5.64016758716298e-57	AL122035.1	c1
1.74713330530907e-61	-0.3302186712102	0.166	0.243	5.85953567934554e-57	USP48	c1
1.824211836864e-61	-0.250372201638408	0.406	0.512	6.1180416584745e-57	LAMTOR1	c1
1.88530160597906e-61	-0.266592178058143	0.2	0.287	6.32292452613257e-57	MRPL38	c1
1.98160624739372e-61	-0.227224736851357	0.602	0.7	6.64591103250907e-57	SHISA5	c1
2.00940725575944e-61	-0.257114304710338	0.297	0.398	6.739150054366e-57	EIF6	c1
2.25855379449214e-61	-0.856752295236326	0.028	0.065	7.57473771596774e-57	NECAB3	c1
2.50413438688428e-61	-0.255309032652928	0.326	0.43	8.39836590673251e-57	CAPZA2	c1
2.53081299646737e-61	-0.26890287175457	0.263	0.36	8.48784062755226e-57	PSMB7	c1
2.54401362340301e-61	-0.260812412342725	0.272	0.371	8.53211289016903e-57	PQBP1	c1
2.58985189978975e-61	-0.290689296552132	0.164	0.242	8.68584530151486e-57	MBD4	c1
2.92647067102288e-61	-0.269063740272659	0.353	0.455	9.81479733647654e-57	PSMD7	c1
3.0311382061349e-61	0.63689250040703	0.143	0.096	1.01658313157352e-56	PTGDR	c1
3.04933742493884e-61	-0.280124507162487	0.27	0.365	1.02268678557599e-56	TRA2A	c1
3.62018804776807e-61	-0.249566887808212	0.378	0.484	1.21413866746045e-56	NAA10	c1
4.50989629043544e-61	-0.641316765060961	0.051	0.096	1.51252901788624e-56	MXD1	c1
4.7740941314007e-61	-0.624216214887223	0.045	0.089	1.60113568978917e-56	NFKBIE	c1
5.10521924004735e-61	-0.285877018818978	0.345	0.446	1.71218842872708e-56	LNPEP	c1
5.51941002609203e-61	-0.416909121788308	0.102	0.162	1.85109973455075e-56	TRPM7	c1
5.73013684067181e-61	-0.907633884107647	0.019	0.052	1.92177329362451e-56	WEE1	c1
5.79380378149776e-61	-0.294830720928884	0.118	0.186	1.94312591223872e-56	MTX1	c1
6.23967172473927e-61	-0.452637214670519	0.284	0.361	2.09266110304306e-56	MATK	c1
6.31681584614453e-61	-0.447155877366345	0.076	0.13	2.11853369847995e-56	WDR26	c1
6.99403891441491e-61	-0.449176659878877	0.083	0.138	2.34566077111647e-56	STX6	c1
7.9095446212245e-61	0.439686337888573	0.707	0.708	2.65270307506627e-56	IER2	c1
7.93016592376997e-61	-0.41794292954718	0.135	0.203	2.65961904751397e-56	SPTBN1	c1
7.93765634297542e-61	-0.284260500919783	0.17	0.248	2.6621311843071e-56	PPP2R3C	c1
8.22637225365132e-61	-0.278537038195858	0.171	0.251	2.75896072642958e-56	MRPL55	c1
8.33076955003531e-61	-0.2827572875311	0.194	0.278	2.79397349169084e-56	PIGT	c1
8.35231697650047e-61	-0.346944338568589	0.125	0.192	2.80120006757873e-56	GRIPAP1	c1
8.51320913960171e-61	-0.804155168982046	0.031	0.069	2.85516008123962e-56	TAP2	c1
8.51777248879659e-61	-0.399039159319289	0.094	0.153	2.8566905372926e-56	BOP1	c1
8.65847943791182e-61	-0.25889011329908	0.472	0.566	2.90388083388687e-56	PSMA6	c1
8.94072468618651e-61	-0.55299071930004	0.052	0.097	2.99854024525323e-56	IPO8	c1
9.06014252013157e-61	-0.334377425742421	0.116	0.181	3.03859059840173e-56	RNF6	c1
9.45199014084783e-61	-0.266552062857448	0.264	0.36	3.17000845343755e-56	SARNP	c1
1.01794341210848e-60	-0.323329633762712	0.149	0.221	3.41397861552943e-56	TUT7	c1
1.04415891534013e-60	-0.507236522542354	0.061	0.11	3.50190017026772e-56	TRIM33	c1
1.12068251647481e-60	-0.302903549701855	0.31	0.407	3.75854502375322e-56	VMP1	c1
1.30617001713288e-60	-0.291613431847408	0.173	0.252	4.38063300346025e-56	AP3D1	c1
1.33424931005258e-60	-0.261867407603132	0.21	0.299	4.47480533605435e-56	TAF9	c1
1.39116479181108e-60	-0.339617999798191	0.125	0.193	4.665688478776e-56	ZC3H18	c1
1.42811940214974e-60	-0.233833192840801	0.594	0.687	4.78962685092978e-56	SH3BGRL	c1
1.51240871498111e-60	-3.40555561583097	0.001	0.02	5.07231634830364e-56	POLQ	c1
1.58065287638753e-60	-0.416511230870132	0.093	0.151	5.30119361682851e-56	DHX8	c1
1.66821600990475e-60	-0.422765319357723	0.092	0.15	5.59486285401854e-56	ATP13A1	c1
1.96848306598464e-60	-0.364746849040751	0.102	0.163	6.60189850669929e-56	SLC25A12	c1
1.97788371192061e-60	-0.279835904260264	0.183	0.264	6.63342639303935e-56	CCNK	c1
2.04628075906974e-60	-0.269483492076078	0.213	0.3	6.86281640976808e-56	SMNDC1	c1
2.07005781659811e-60	-0.306466614881213	0.229	0.316	6.94255990530676e-56	CNOT6L	c1
2.30174494091259e-60	-0.336135208387033	0.118	0.183	7.71959218283265e-56	SLC39A7	c1
2.50642491179262e-60	-0.167349468039216	0.777	0.828	8.4060478691701e-56	GUK1	c1
2.54942583967359e-60	0.795623742626523	0.139	0.095	8.55026438109727e-56	LINC02273	c1
2.70563493864295e-60	-0.428354645774326	0.105	0.165	9.07415845722074e-56	PHF19	c1
2.73514405073004e-60	-0.279569725198806	0.241	0.332	9.1731261173384e-56	ARRDC1	c1
2.91651173951586e-60	-0.228988343178651	0.54	0.628	9.7813970719883e-56	MDH2	c1
3.16720183825179e-60	-0.270325796325826	0.189	0.272	1.06221615251289e-55	MRPL13	c1
3.80872032309253e-60	-0.309093097755542	0.113	0.177	1.27736862195877e-55	PPIL3	c1
4.14949328690472e-60	-0.304164770589883	0.109	0.172	1.39165705856211e-55	SLC35B1	c1
4.36119512263382e-60	-0.336726227641703	0.147	0.218	1.46265762022893e-55	ACAT2	c1
4.38712438484663e-60	-1.98942804229974	0.005	0.029	1.47135377618986e-55	RYR1	c1
4.44393803349808e-60	-0.271699822941848	0.221	0.309	1.49040793767459e-55	GPAA1	c1
4.69890755218319e-60	-0.268351971743654	0.172	0.252	1.5759196148512e-55	MPV17	c1
4.87883195334981e-60	-0.687170928413488	0.041	0.083	1.63626266051446e-55	ATG2A	c1
5.00407680055014e-60	-0.413207315854038	0.089	0.146	1.6782672773685e-55	SEC23IP	c1
5.11901658267731e-60	-0.281898409516113	0.172	0.251	1.71681578149832e-55	SURF2	c1
5.44321734329292e-60	-0.575372806835617	0.051	0.096	1.82554623259358e-55	DENND6B	c1
5.80823452395313e-60	-0.154625266265083	0.836	0.862	1.9479656946434e-55	COX6B1	c1
5.90201253279539e-60	-0.257080588745178	0.231	0.322	1.97941696324892e-55	ARPP19	c1
6.09589396644036e-60	-7.74856126428582	0	0.019	2.04444091846477e-55	EBI3	c1
6.3271178809005e-60	-0.891619407517878	0.021	0.054	2.12198879489641e-55	SRGAP2B	c1
7.0941450140261e-60	-1.62608736305883	0.018	0.05	2.37923435480407e-55	HIST1H2AI	c1
7.8928477826939e-60	-1.27286647431296	0.011	0.038	2.64710328935988e-55	SLC29A1	c1
8.24898391119685e-60	-0.327426250575984	0.161	0.235	2.7665442241372e-55	AC004687.1	c1
8.331170437727e-60	-0.844588139622799	0.033	0.071	2.79410794140488e-55	DGKH	c1
8.64522528324092e-60	-0.271585776714619	0.254	0.349	2.89943565549334e-55	SDHB	c1
9.22436957581136e-60	-0.234067996685067	0.716	0.775	3.09366906833561e-55	SEPT6	c1
1.14314327336967e-59	-0.249558576323437	0.346	0.451	3.83387391022719e-55	LAMTOR5	c1
1.3722740516112e-59	-0.36626153330459	0.105	0.167	4.60233271429363e-55	ABHD18	c1
1.42575603371559e-59	-0.298327117176107	0.441	0.536	4.78170058587536e-55	SLFN5	c1
1.52681869692944e-59	-0.338219517572773	0.1	0.161	5.12064454576196e-55	DCTN5	c1
1.54249241991454e-59	-0.261725143113149	0.249	0.343	5.17321107790938e-55	UBE2V2	c1
1.65099955572976e-59	-0.561422280715588	0.057	0.104	5.53712231000648e-55	MTOR	c1
1.66844149679125e-59	-0.372392534650359	0.107	0.169	5.59561909193851e-55	GABPB1	c1
1.66880612333553e-59	-3.48072882107759	0.002	0.022	5.59684197644271e-55	IL1R2	c1
1.84400504109284e-59	-0.318695926280006	0.129	0.197	6.18442410681717e-55	LPCAT3	c1
1.99478203689704e-59	-0.306167473425686	0.154	0.227	6.69009999534529e-55	RPAP2	c1
2.11447936162955e-59	-0.315293357258809	0.339	0.43	7.0915408830332e-55	DDX39A	c1
2.58653384075331e-59	0.516144892728996	0.317	0.272	8.67471719511845e-55	TESPA1	c1
2.5925527462171e-59	-0.258611078196495	0.239	0.331	8.69490340026291e-55	DERL2	c1
2.71569773132768e-59	-4.43752690692592	0.001	0.02	9.10790705132678e-55	MEOX1	c1
2.7841249475054e-59	-0.26528677461575	0.224	0.314	9.33739824894362e-55	PRELID3B	c1
2.81915164758447e-59	-0.248889117773751	0.211	0.299	9.45487079566879e-55	SMIM12	c1
2.86678293867396e-59	-0.45970340045916	0.101	0.159	9.61461661972472e-55	LRMP	c1
2.95221629087937e-59	-0.296773161071408	0.13	0.198	9.90114299635124e-55	MRPS27	c1
3.0084206583886e-59	-0.246806755531831	0.358	0.463	1.00896412041037e-54	DBNL	c1
3.06896293410886e-59	-0.316395641088434	0.104	0.165	1.02926878884143e-54	DCAF12	c1
3.07236968784985e-59	-0.368145744634208	0.095	0.154	1.03041134591108e-54	SYMPK	c1
3.13565695402246e-59	-0.52018470053921	0.069	0.119	1.05163662924005e-54	ZNF335	c1
3.30153684769628e-59	-0.253872078328413	0.817	0.842	1.10726942798038e-54	TPI1	c1
3.42579631452364e-59	-0.326778621410812	0.103	0.164	1.14894356796494e-54	AP1B1	c1
4.16035351584538e-59	-0.260197207942698	0.202	0.287	1.39529936214422e-54	PSMD14	c1
4.30126227272337e-59	-0.365176648293174	0.105	0.165	1.44255734102596e-54	ADIPOR2	c1
4.45409910765585e-59	-0.679274692184396	0.03	0.067	1.49381575872562e-54	RRP36	c1
4.72777113284436e-59	-0.276636689430115	0.195	0.277	1.58559988253334e-54	PCIF1	c1
5.03849254412779e-59	-0.311964830312208	0.149	0.221	1.68980962944958e-54	HAT1	c1
5.42762427228387e-59	-0.393310088144964	0.071	0.122	1.82031662843856e-54	FGFR1OP	c1
6.30141983539519e-59	-0.268146510400391	0.364	0.469	2.11337018439484e-54	DNAJA2	c1
7.13817113984636e-59	-0.373385968814205	0.09	0.147	2.39399983688167e-54	DHX38	c1
7.15278317680875e-59	-1.54657270568084	0.013	0.041	2.39890042183812e-54	SMPD3	c1
7.64498758670494e-59	-0.497223146452812	0.068	0.118	2.5639759368291e-54	FBXL12	c1
7.68501269015534e-59	-0.238289424345588	0.187	0.269	2.5773995560243e-54	RAB4A	c1
7.78910260257045e-59	-0.749527214696285	0.036	0.075	2.61230923085008e-54	NAB2	c1
8.45810866797393e-59	-2.44727882076886	0.002	0.023	2.8366804850651e-54	CA2	c1
9.21846825910424e-59	-0.322401156345218	0.137	0.206	3.09168988473838e-54	NOL8	c1
9.31958636043386e-59	-0.294302318120437	0.198	0.279	3.12560287356231e-54	PPP4R3A	c1
9.32950931955461e-59	-4.36841010366085	0	0.019	3.12893083559223e-54	NEK2	c1
9.91641664007183e-59	-0.406928646407792	0.102	0.161	3.32576781274729e-54	MSI2	c1
1.00578173793941e-58	0.407802251871753	0.399	0.349	3.3731907927012e-54	BHLHE40	c1
1.05262964992353e-58	-0.459069386278272	0.052	0.098	3.53030931991352e-54	CTPS1	c1
1.07688088558524e-58	-0.280856289967917	0.274	0.367	3.61164311407577e-54	DNAJB14	c1
1.18476110078278e-58	-0.345676874498274	0.077	0.13	3.9734517798053e-54	BCKDK	c1
1.20032706206773e-58	-0.445112974100131	0.057	0.104	4.02565690076276e-54	WDR83	c1
1.27069553315916e-58	-0.426529788373146	0.093	0.15	4.2616586791092e-54	CCDC14	c1
1.28271531554129e-58	-0.720596164562378	0.041	0.082	4.30197062526236e-54	NOTCH1	c1
1.35065814261375e-58	0.741721747340569	0.121	0.08	4.52983727869799e-54	APP	c1
1.35077860817158e-58	-0.382692291780761	0.074	0.126	4.53024129608586e-54	ABCB8	c1
1.44293376211808e-58	-0.275572162470118	0.16	0.236	4.83931125139163e-54	ISY1	c1
1.51103521958645e-58	-0.408757221653042	0.094	0.152	5.06770991944905e-54	HAUS3	c1
1.51277471104556e-58	-0.271371358150561	0.201	0.285	5.0735438259046e-54	NUBP2	c1
1.54748336894808e-58	-0.232915282996487	0.671	0.748	5.18994972277806e-54	TRAF3IP3	c1
1.6142895883036e-58	1.23985310476572	0.052	0.026	5.41400442125263e-54	STX3	c1
1.70853357047032e-58	-0.267203883140694	0.234	0.322	5.73007988864335e-54	TACC1	c1
1.7436703944754e-58	-3.01886909370011	0.001	0.02	5.8479217689916e-54	RAD54L	c1
1.75450585911134e-58	-1.24588251248145	0.016	0.045	5.88426175028762e-54	KCNK5	c1
1.81230777820337e-58	0.374942053060626	0.442	0.406	6.07811782653846e-54	GLIPR2	c1
1.93694806378856e-58	-0.234659425249232	0.236	0.328	6.49613641633407e-54	PNKD	c1
2.01194567395031e-58	-0.243523336490136	0.272	0.371	6.74766340129456e-54	C1D	c1
2.21532672076389e-58	-1.32024953249819	0.007	0.032	7.42976275609793e-54	GEN1	c1
2.35733031963524e-58	-0.478241776792817	0.086	0.141	7.90601442599267e-54	ATG16L1	c1
2.40244510493645e-58	-0.317649035153253	0.18	0.257	8.05732039293585e-54	DEDD2	c1
2.57365591536076e-58	-0.269403909290214	0.241	0.331	8.6315272089369e-54	LAGE3	c1
2.72233417345248e-58	-1.08056537534497	0.021	0.054	9.13016435092492e-54	SLC25A15	c1
2.73711766055119e-58	-0.269326128413766	0.204	0.287	9.17974520995659e-54	NMI	c1
2.74597047888162e-58	-2.9859480690523	0.003	0.023	9.20943579207319e-54	ADAM12	c1
2.75271658996504e-58	-0.417064332396841	0.119	0.181	9.23206089942476e-54	LAX1	c1
2.76044739996941e-58	-0.260941793336747	0.186	0.266	9.25798849001741e-54	GNL1	c1
2.95056409395919e-58	0.156839596844807	0.838	0.828	9.89560185832033e-54	LEPROTL1	c1
2.99968550703703e-58	-0.262555813886772	0.25	0.341	1.00603452535008e-53	SPAG7	c1
3.0404580033093e-58	-1.98422950446934	0.008	0.034	1.01970880514987e-53	PTPN13	c1
3.38864178445682e-58	-0.253465896219619	0.226	0.315	1.13648268167113e-53	CDIPT	c1
3.39206404559749e-58	-0.263673619759365	0.171	0.248	1.13763043961248e-53	DDX39B	c1
4.55369795638251e-58	-0.34835171292876	0.089	0.145	1.52721922061157e-53	APEX2	c1
4.63126216528395e-58	-0.246050207092383	0.332	0.432	1.55323270499293e-53	NDUFB6	c1
5.18723309304197e-58	-0.268174710109511	0.188	0.268	1.73969423474441e-53	TBC1D1	c1
5.28073576877971e-58	-0.419096826732908	0.078	0.13	1.77105316213334e-53	MRE11	c1
5.41473893801434e-58	-0.279735264871544	0.139	0.21	1.81599514503125e-53	PAFAH1B3	c1
5.6045784844165e-58	-0.300651353975561	0.121	0.186	1.87966353210361e-53	MED27	c1
5.68096686781329e-58	-0.270001948883783	0.332	0.432	1.90528266812722e-53	TGOLN2	c1
6.08819569003404e-58	-0.144834737911954	0.934	0.942	2.04185907052362e-53	PSME1	c1
6.27356441483399e-58	-0.241881791538567	0.502	0.605	2.10402803344703e-53	RASAL3	c1
7.0802135080087e-58	-0.489751846877573	0.056	0.102	2.37456200631596e-53	MTMR2	c1
7.46480631679626e-58	-0.57201871883722	0.094	0.15	2.50354674252713e-53	SPON2	c1
7.78785351161213e-58	-0.258587064956389	0.342	0.44	2.61189031072448e-53	TCP1	c1
7.81045001610506e-58	-0.282015413376647	0.131	0.2	2.61946872640132e-53	MRPS2	c1
7.96748532655155e-58	0.143719534954019	0.929	0.921	2.67213522881886e-53	OST4	c1
1.04572305418849e-57	-0.326041902693855	0.156	0.227	3.50714597913737e-53	PRDM2	c1
1.06381648719073e-57	-0.434182796280398	0.089	0.145	3.56782773474028e-53	VPS39	c1
1.07001062416973e-57	-0.312533706519345	0.204	0.285	3.58860163134045e-53	SAMD9	c1
1.09353911219261e-57	-0.38963886246886	0.08	0.133	3.66751147447159e-53	RAD9A	c1
1.29772796373244e-57	-0.383908069628282	0.093	0.15	4.35232004476586e-53	ZDHHC20	c1
1.3374227785391e-57	-0.458195460613633	0.075	0.127	4.48544851466444e-53	AARS	c1
1.43807240491249e-57	-0.352089047187711	0.12	0.183	4.82300723159551e-53	CDK11A	c1
1.43995868205646e-57	-0.687135065601325	0.046	0.089	4.82933342788094e-53	SGPP1	c1
1.46684965969914e-57	0.240731774293037	0.464	0.409	4.91952038869898e-53	SLAMF1	c1
1.56426673631518e-57	-0.691775956091208	0.032	0.069	5.24623778025386e-53	MPV17L2	c1
1.57574274504266e-57	-0.669306623895773	0.042	0.083	5.28472601832406e-53	PROSER1	c1
1.60271613439814e-57	-0.238081372439746	0.4	0.509	5.3751893715445e-53	RBM4	c1
1.70827928416563e-57	-0.6772602680421	0.034	0.071	5.72922706323468e-53	ASB7	c1
1.78515170223818e-57	-0.479126773477383	0.069	0.118	5.98704177896641e-53	SLC27A3	c1
1.87062909411034e-57	1.81059880873467	0.023	0.008	6.27371585582726e-53	IL5RA	c1
1.92654047202248e-57	-0.403020777214493	0.088	0.143	6.46123143506901e-53	TAB2	c1
2.12986572950936e-57	0.43624212336193	0.559	0.521	7.14314368362848e-53	RGS2	c1
2.13510232754652e-57	-0.27276002480099	0.164	0.238	7.16070618612552e-53	SMIM10L1	c1
2.14702664892372e-57	-0.624012589898717	0.027	0.062	7.20069797516038e-53	CHAF1A	c1
2.17004904844658e-57	-0.379864764993579	0.099	0.158	7.27791049868015e-53	NIPAL3	c1
2.23881452352511e-57	-0.546932862029971	0.044	0.086	7.50853614899853e-53	ACAD8	c1
2.27593664540532e-57	-0.319524338102689	0.085	0.14	7.63303632136037e-53	COQ5	c1
2.3395587837415e-57	1.58705552362974	0.03	0.012	7.84641224891226e-53	RIN1	c1
2.34060352763461e-57	-0.2364278224614	0.808	0.844	7.84991611098095e-53	RAN	c1
2.7825247740232e-57	-0.130437179025262	0.888	0.911	9.33203158711901e-53	EIF3K	c1
2.97094773032669e-57	-0.280457937727437	0.2	0.281	9.96396449796965e-53	ATOX1	c1
3.2015607669125e-57	-0.373389389203316	0.225	0.304	1.07373945000711e-52	SMS	c1
3.28034353504483e-57	-0.241027646908701	0.283	0.381	1.10016161478333e-52	RCN2	c1
3.30262164141439e-57	-0.341886350957882	0.078	0.132	1.10763324609756e-52	DOHH	c1
3.39189896253756e-57	-0.296464812000364	0.144	0.214	1.13757507405585e-52	DRG2	c1
3.67503099481437e-57	-0.550203082818091	0.043	0.085	1.23253189504084e-52	LDAH	c1
3.73278591000585e-57	-0.250897283351856	0.22	0.306	1.25190173849776e-52	ZBTB8OS	c1
4.14914098158492e-57	-0.321523645386761	0.106	0.167	1.39153890240395e-52	NNT	c1
4.38202518900224e-57	-0.240908364721168	0.301	0.4	1.46964360788757e-52	PRPF4B	c1
4.84653495562075e-57	-0.247815474605001	0.849	0.706	1.62543089341609e-52	LTB	c1
5.20044457003842e-57	-0.316081672910887	0.179	0.254	1.74412509989949e-52	KANSL1	c1
5.57614600406767e-57	-0.419689975598645	0.081	0.134	1.87012784684422e-52	ALG1	c1
5.65910634884911e-57	-0.301008378253923	0.161	0.234	1.89795108727701e-52	UNC50	c1
5.85362215840502e-57	-0.255164669747969	0.299	0.396	1.96318779948587e-52	RAB10	c1
5.93102701503448e-57	-0.779560019135292	0.033	0.07	1.98914784030227e-52	FRAT2	c1
6.65517766304715e-57	-0.501611337638743	0.058	0.104	2.23201348463275e-52	KLHL22	c1
7.06273471263762e-57	0.748767109519304	0.131	0.089	2.36869996792441e-52	FBLN5	c1
7.72571966310398e-57	-0.263864858171905	0.215	0.3	2.59105186061181e-52	ECHDC1	c1
7.9457049854086e-57	-0.232466915963234	0.302	0.402	2.66483053800633e-52	PDCD2	c1
8.34766746816826e-57	-0.314673517694059	0.15	0.22	2.79964071547427e-52	MARS	c1
8.41763473435573e-57	-2.58376502746756	0.002	0.022	2.82310633720823e-52	HDGFL3	c1
8.60940209141849e-57	-0.375278892882808	0.083	0.137	2.88742127341993e-52	ELOA	c1
8.91367853429494e-57	-0.277808672743904	0.166	0.241	2.98946950683184e-52	POLDIP3	c1
9.09635984977903e-57	-0.232309647250253	0.251	0.343	3.05073716641889e-52	DNTTIP2	c1
9.22348864946505e-57	-0.304114986431085	0.223	0.306	3.09337362325759e-52	CCDC91	c1
9.30905745424018e-57	-0.258544701016171	0.194	0.275	3.12207168900307e-52	HDDC2	c1
9.43583108819903e-57	-0.288334233442137	0.089	0.145	3.16458903036019e-52	ABHD5	c1
9.8823614492129e-57	-0.311412491964032	0.107	0.168	3.31434638283702e-52	SNX4	c1
1.04127072904514e-56	-0.242831805446841	0.288	0.386	3.49221377107159e-52	PMPCB	c1
1.09202841443045e-56	-0.264121979826773	0.282	0.376	3.66244489631684e-52	LMAN1	c1
1.10474171940216e-56	-0.336749041849874	0.127	0.192	3.70508277853096e-52	VTI1A	c1
1.12550110984393e-56	-0.239977128607565	0.478	0.569	3.77470562219458e-52	NDUFA12	c1
1.14875169222123e-56	-0.247468036244558	0.256	0.35	3.85268342537156e-52	CYB561D2	c1
1.15363971692001e-56	-0.463608034924306	0.059	0.106	3.86907688260633e-52	HOXB4	c1
1.28221380951188e-56	0.462904125790234	0.348	0.305	4.30028867434094e-52	LIX1L	c1
1.30599262736992e-56	-2.09260236305291	0.007	0.03	4.38003807367324e-52	MMP23B	c1
1.43435470221336e-56	-0.5094370539082	0.041	0.081	4.81053880028315e-52	WDR76	c1
1.47879197302589e-56	-0.325300219556794	0.109	0.17	4.95957251913422e-52	SRSF6	c1
1.50297653329568e-56	-0.32757106616257	0.122	0.186	5.04068269736707e-52	REV3L	c1
1.56700817830019e-56	-0.297539999115817	0.136	0.203	5.25543202838318e-52	SFSWAP	c1
1.61811761892649e-56	-0.453855803667084	0.123	0.184	5.42684287035567e-52	LINC01550	c1
1.81805000883953e-56	-0.430120831834066	0.058	0.104	6.097376119646e-52	RABEP2	c1
2.02618720979969e-56	-5.4470650297594	0	0.018	6.7954266642262e-52	XXYLT1-AS2	c1
2.13196007426907e-56	-0.342126837809616	0.105	0.165	7.1501676970836e-52	IFT27	c1
2.22773424383825e-56	-0.362700841444966	0.087	0.142	7.47137510698473e-52	MAPK6	c1
2.47906876024049e-56	0.241895836787946	0.548	0.503	8.31430080809456e-52	MCUB	c1
2.53316354200305e-56	-0.267024134954516	0.279	0.373	8.49572388716984e-52	SNRNP40	c1
2.74397186144779e-56	-0.243766540929134	0.29	0.387	9.2027328289236e-52	ATF6B	c1
2.83674122021279e-56	-0.239651638055761	0.285	0.382	9.51386270434964e-52	SUCLG1	c1
2.90406609396209e-56	-0.589809969050186	0.045	0.086	9.73965686593006e-52	CNBD2	c1
2.95555851208896e-56	-0.326676087608608	0.176	0.25	9.91235213784395e-52	AGTRAP	c1
2.97413665232892e-56	-0.279352241511678	0.259	0.349	9.97465950458074e-52	OGA	c1
2.98082531585792e-56	-0.551250849014564	0.058	0.104	9.9970919443243e-52	TECPR1	c1
3.29504484837002e-56	-0.333161571870031	0.324	0.411	1.10509214124634e-51	SLBP	c1
3.62330834330846e-56	-0.242707069620036	0.159	0.235	1.21518515217879e-51	MRPS14	c1
3.8061080881246e-56	-0.26262162623343	0.266	0.359	1.27649253059523e-51	UBE3A	c1
3.89578993952937e-56	-0.269711826474649	0.124	0.19	1.30657002991936e-51	TMEM101	c1
3.9364226852155e-56	-0.383267542396297	0.092	0.147	1.32019744016757e-51	AP5M1	c1
3.99579572668706e-56	-0.256735659071376	0.374	0.474	1.34010997081631e-51	SF3B4	c1
4.04911677793547e-56	-0.397093876218221	0.083	0.137	1.357992784984e-51	RNASEH2A	c1
4.16547720519393e-56	-0.360140829789379	0.123	0.185	1.39701774507794e-51	UBE4A	c1
4.34112622039071e-56	-3.20933466582436	0.002	0.021	1.45592691179463e-51	RAP1GAP2	c1
4.39209780714587e-56	-0.342251684033884	0.107	0.167	1.47302176256058e-51	MDM2	c1
4.59281608055271e-56	-0.253940446145891	0.196	0.277	1.54033865709577e-51	LETMD1	c1
4.82161989971818e-56	-0.662764795674067	0.027	0.061	1.61707488196748e-51	TRIOBP	c1
5.06537025822505e-56	-0.225348069056422	0.205	0.29	1.69882387720352e-51	MPLKIP	c1
5.07883858457401e-56	-0.234632844580979	0.362	0.465	1.70334088449443e-51	DGUOK	c1
5.21092802965963e-56	-0.231735016426592	0.231	0.32	1.74764104258725e-51	STX10	c1
5.329666501435e-56	-0.320571506758341	0.129	0.195	1.78746355125127e-51	PREP	c1
5.39253832857354e-56	-0.395974530662534	0.071	0.121	1.80854950463699e-51	SAYSD1	c1
5.63331393680557e-56	-0.217763900290432	0.48	0.587	1.88930082812585e-51	OCIAD2	c1
5.88219182651892e-56	-0.283431258311043	0.139	0.207	1.97276949477792e-51	CCAR2	c1
6.2306975869663e-56	-0.346928945337943	0.095	0.152	2.08965135671676e-51	LARP4	c1
6.41572370803957e-56	-0.518502774693425	0.05	0.093	2.15170541720231e-51	FBXL6	c1
6.53096344022561e-56	-0.27649789460941	0.167	0.242	2.19035451858286e-51	GUSB	c1
6.83775441524392e-56	-0.244122212921805	0.375	0.476	2.29324607578451e-51	C4orf48	c1
7.04889166670733e-56	0.486882961515957	0.328	0.282	2.3640572871803e-51	SVIP	c1
7.40717129373288e-56	-0.255074696038484	0.238	0.328	2.48421710849213e-51	PSENEN	c1
7.56925497674084e-56	0.256479178959094	0.642	0.621	2.53857673409934e-51	RPL22L1	c1
8.22835720045898e-56	-0.308486033336174	0.125	0.189	2.75962643788993e-51	C3orf38	c1
8.75647566872178e-56	-0.331147634084973	0.161	0.232	2.93674680977591e-51	ECI2	c1
8.78132523609473e-56	-1.56287569213786	0.008	0.032	2.94508085768145e-51	GLIDR	c1
1.00151186210738e-55	-0.208959804745968	0.67	0.757	3.35887048313574e-51	TAPBP	c1
1.00271827323537e-55	0.114114382473425	0.808	0.75	3.36291654477677e-51	GIMAP4	c1
1.01194335681869e-55	-0.26719320334833	0.172	0.248	3.39385563009851e-51	ZNF524	c1
1.04966755947443e-55	-0.423475205118747	0.089	0.143	3.52037506096534e-51	ZBTB2	c1
1.11883626422634e-55	-0.384989904530802	0.073	0.123	3.75235306296229e-51	SHLD1	c1
1.21000481081309e-55	-0.250991660388167	0.272	0.366	4.05811413450495e-51	PSMC1	c1
1.22734838426474e-55	-0.248682310762431	0.294	0.39	4.11628101114709e-51	ZNF800	c1
1.22805452964525e-55	-0.38088961037497	0.12	0.182	4.11864928152425e-51	KDM6A	c1
1.23770228560563e-55	-0.141870315358626	0.869	0.899	4.15100592546416e-51	HNRNPK	c1
1.26683877038282e-55	-0.233666095751185	0.419	0.522	4.24872386810989e-51	C1orf43	c1
1.30336664998769e-55	-0.224155949919823	0.55	0.63	4.37123107072873e-51	NAP1L1	c1
1.37238493044418e-55	-2.20802213231667	0.004	0.025	4.60270457972368e-51	HIST1H2AH	c1
1.43598440041279e-55	-0.303170469248627	0.109	0.169	4.81600448210443e-51	RPP25L	c1
1.44029306601627e-55	-0.462055009649672	0.049	0.091	4.83045488480538e-51	GEMIN8	c1
1.4675194227875e-55	-0.256042963495058	0.39	0.486	4.92176664014472e-51	RBBP4	c1
1.55003399507543e-55	-0.245152344299487	0.172	0.248	5.19850401268399e-51	LLPH	c1
1.60930333311219e-55	-0.427741700162446	0.077	0.128	5.39728151859167e-51	VCPKMT	c1
1.90497107078781e-55	-0.286258728700309	0.153	0.223	6.38889197720814e-51	PTGES2	c1
2.00277924324036e-55	-0.261572172530825	0.138	0.207	6.7169210259795e-51	SSSCA1	c1
2.17513575693895e-55	-0.426301199612692	0.087	0.141	7.29497030162184e-51	GPR89B	c1
2.38800417574053e-55	-0.503736510687677	0.055	0.1	8.0088884045986e-51	CASP2	c1
2.43672343755233e-55	-0.259298733475833	0.195	0.275	8.17228306486299e-51	SRPK1	c1
2.59902024841221e-55	-0.484258728467374	0.074	0.124	8.71659410912486e-51	RIC1	c1
2.74989284433611e-55	-0.294246189232585	0.328	0.423	9.22259062133446e-51	MYCBP2	c1
2.88274434882473e-55	-1.28320077711981	0.015	0.043	9.66814799708838e-51	ARHGEF12	c1
2.9472524487561e-55	-0.408750148251909	0.058	0.104	9.88449526263822e-51	TEN1	c1
3.18326602570375e-55	-5.97906033771471	0	0.017	1.06760375970052e-50	KIF18B	c1
3.32314069166055e-55	-0.368536818984641	0.066	0.115	1.11451492516911e-50	KHSRP	c1
3.45435031787772e-55	-0.304554481013688	0.153	0.223	1.15852000960983e-50	CD151	c1
3.51532610478794e-55	-0.398715992719334	0.105	0.162	1.17897006902378e-50	MTMR6	c1
3.66450343920793e-55	-0.484090330076851	0.073	0.123	1.22900116344156e-50	ECE1	c1
4.08160994985769e-55	-0.341043439567775	0.125	0.188	1.36889034498327e-50	UBR5	c1
4.70228831164985e-55	-0.23188788614024	0.454	0.547	1.57705345396113e-50	ODC1	c1
4.7647058613977e-55	-0.287249242268008	0.187	0.264	1.59798705179556e-50	STIM1	c1
4.98562642733651e-55	-0.280801026812386	0.165	0.237	1.67207939120012e-50	CCNT1	c1
5.08354581443595e-55	0.839332392016944	0.095	0.059	1.70491959524553e-50	SMIM14	c1
5.60414520896717e-55	-2.95757885578513	0.002	0.021	1.87951822018341e-50	PSRC1	c1
5.98137497331099e-55	-4.66113564026951	0.001	0.018	2.00603353854904e-50	AC012368.1	c1
5.98850041915967e-55	-0.301214284607378	0.138	0.205	2.00842327057777e-50	TRIM56	c1
6.01260818710141e-55	-0.266070393134675	0.164	0.238	2.01650853379007e-50	IKBKG	c1
6.31383403029983e-55	-0.480683098459621	0.062	0.109	2.11753365708196e-50	SLC6A6	c1
6.327967751527e-55	0.568943174837914	0.266	0.222	2.12227382450713e-50	TPD52	c1
6.67394878942984e-55	-0.220256881123181	0.439	0.547	2.23830894499898e-50	RNF7	c1
6.92337926760985e-55	1.12596391543415	0.088	0.055	2.32196293877099e-50	FAR2	c1
8.06513445984005e-55	-0.348310742254312	0.118	0.179	2.70488479514116e-50	RC3H2	c1
8.19470405797094e-55	-0.31397206620089	0.092	0.148	2.74833984696229e-50	RPUSD1	c1
8.29486909846994e-55	-0.217080274346848	0.509	0.6	2.78193319824485e-50	RBX1	c1
9.35693198836326e-55	-0.816058500402092	0.019	0.05	3.13812785025727e-50	KNSTRN	c1
9.64094883711821e-55	-0.379623966180263	0.102	0.16	3.23338142099271e-50	WDFY1	c1
9.98532585458174e-55	-0.277505307189992	0.153	0.223	3.34887858510962e-50	ATP6V1H	c1
1.1087790109593e-54	-0.360718389098354	0.09	0.145	3.71862304695531e-50	JARID2	c1
1.11340766835549e-54	-0.364925622926497	0.081	0.134	3.73414663813064e-50	YIPF1	c1
1.22626654800345e-54	-0.527404570577752	0.043	0.083	4.11265274869398e-50	SMUG1	c1
1.26671548955994e-54	-0.574109187148035	0.047	0.088	4.24831040888611e-50	ACOX1	c1
1.32572540223374e-54	-0.48882299325452	0.058	0.103	4.4462178540115e-50	THUMPD2	c1
1.33821185969966e-54	-5.35960381869574	0.001	0.018	4.48809493506073e-50	LINC01281	c1
1.4571778063513e-54	-0.425226154852478	0.066	0.113	4.88708292694099e-50	TBC1D15	c1
1.67213251538031e-54	-0.299214548674851	0.184	0.258	5.60799803008247e-50	HERC1	c1
1.76826519530347e-54	-0.430388814703683	0.095	0.15	5.93040781200878e-50	ITPR2	c1
1.84774980417262e-54	-1.08795387579075	0.01	0.035	6.19698329323415e-50	ZNF367	c1
1.87350166109649e-54	-0.283994573336126	0.184	0.26	6.28334987098542e-50	GON4L	c1
1.87495575939418e-54	-0.253079184613168	0.315	0.411	6.28822662585621e-50	RAB8B	c1
1.88377541603688e-54	-0.239652827193633	0.563	0.659	6.31780599030447e-50	ELF1	c1
1.9081358098804e-54	-0.376085421457026	0.1	0.156	6.39950587917688e-50	PIK3C3	c1
1.96092610991889e-54	-0.397121116955266	0.082	0.134	6.57655398744598e-50	ADCY7	c1
1.99335020472475e-54	-0.277670621521656	0.154	0.225	6.68529791660588e-50	USP39	c1
2.08454170599223e-54	-0.546183292567316	0.037	0.075	6.99113597355673e-50	SMARCD2	c1
2.14615610302928e-54	-0.246617193324564	0.349	0.447	7.19777833833958e-50	RBM17	c1
2.3229526021138e-54	-0.23317797164552	0.18	0.257	7.79071843696926e-50	TUBGCP2	c1
2.52488171605792e-54	-0.282583727706584	0.345	0.442	8.46794829931504e-50	MACF1	c1
2.53487066776959e-54	-0.319502436160504	0.074	0.125	8.50144924556565e-50	SPTSSA	c1
2.58707216627736e-54	-5.20080203662592	0.001	0.018	8.67652263126102e-50	CLEC7A	c1
2.67028988744728e-54	-0.32155218182829	0.088	0.143	8.95561822452068e-50	CDK16	c1
2.69846844469298e-54	-0.270455606189342	0.122	0.186	9.05012346981131e-50	AZI2	c1
2.7908886583603e-54	-0.263386224223522	0.154	0.224	9.36008238240877e-50	GPS2	c1
2.81313599776486e-54	1.4306914021519	0.032	0.013	9.43469550930378e-50	MID2	c1
2.88258259369564e-54	-1.03401897968256	0.022	0.053	9.66760550273642e-50	CARD17	c1
3.39808836871713e-54	-0.260042338728954	0.18	0.256	1.13965087710035e-49	NPEPPS	c1
3.41480782533754e-54	-0.210048517646146	0.702	0.766	1.1452582484617e-49	MSN	c1
3.61135319894969e-54	-2.30863548738177	0.002	0.02	1.21117563586375e-49	ORC1	c1
3.64731905374739e-54	-0.255145118642365	0.161	0.233	1.2232378642458e-49	SUDS3	c1
3.6820339576888e-54	-0.244505258139324	0.25	0.341	1.23488054872967e-49	TTC1	c1
4.03682339063263e-54	-0.301002319582233	0.196	0.273	1.35386982875037e-49	HECTD1	c1
4.11728884291757e-54	-0.350893878890486	0.107	0.165	1.3808563321377e-49	HIBCH	c1
4.17785579906171e-54	-0.257308100955257	0.307	0.402	1.40116927788932e-49	DYNC1H1	c1
4.21972777996372e-54	-0.195478401669764	0.662	0.749	1.41521230284423e-49	RBM39	c1
4.3212570055699e-54	-0.267982045875435	0.151	0.221	1.44926317452803e-49	ACLY	c1
4.36051504421913e-54	0.822560231026211	0.108	0.071	1.46242953553021e-49	GCSAM	c1
4.38855069617026e-54	-0.228687622664654	0.213	0.298	1.47183213248158e-49	GTF2E2	c1
4.73922059756706e-54	-1.08256187383773	0.016	0.045	1.58943980401204e-49	ABAT	c1
5.43069946769884e-54	-0.332776346389847	0.086	0.14	1.82134798747684e-49	MICB	c1
5.5155009443665e-54	-0.26702503747301	0.114	0.175	1.84978870672164e-49	HPF1	c1
5.65134989633731e-54	-0.300972277908136	0.117	0.178	1.89534972823361e-49	MARK2	c1
5.79135836249274e-54	-3.94248753552406	0.001	0.018	1.94230576761281e-49	SAPCD2	c1
6.16792676474642e-54	-0.339193915241414	0.082	0.134	2.06859927836065e-49	YJU2	c1
6.66918852343705e-54	-0.311419008348859	0.453	0.54	2.23671244699032e-49	CREM	c1
6.92430180975043e-54	-0.295335917430739	0.097	0.153	2.3222723409541e-49	HCFC1	c1
7.02556224831682e-54	-0.610940434666928	0.025	0.058	2.3562330668405e-49	ATAD5	c1
7.25430326177714e-54	-0.237419464023409	0.363	0.465	2.43294822793482e-49	DDX46	c1
7.64429933349136e-54	-0.533729476001616	0.047	0.089	2.56374511046633e-49	PAXBP1	c1
7.66234115431573e-54	-0.368859274823648	0.111	0.169	2.56979597633441e-49	COL4A3BP	c1
8.53384610313837e-54	-0.292017645355764	0.152	0.221	2.86208130607055e-49	EHMT1	c1
8.69148954932465e-54	-0.466912056441197	0.222	0.294	2.9149517650525e-49	H2AFX	c1
8.81636993883575e-54	-5.22320161303066	0.002	0.02	2.95683415008674e-49	TRDV2	c1
8.99389971748702e-54	-0.891792357733418	0.019	0.049	3.0163740872508e-49	AC009403.1	c1
9.07155932382431e-54	-1.26166101832646	0.005	0.026	3.0424195660242e-49	STIL	c1
9.65686410841311e-54	-0.303424216189391	0.113	0.173	3.23871908467959e-49	PHF23	c1
1.05682188148563e-53	-0.209665019835604	0.181	0.259	3.54436922612651e-49	RABIF	c1
1.07153043094534e-53	-0.273074134379289	0.138	0.204	3.59369875930449e-49	C6orf62	c1
1.10402089218425e-53	-0.746407901022869	0.019	0.048	3.70266526820752e-49	SPDL1	c1
1.19286612139601e-53	-3.12954952040317	0.002	0.021	4.00063439793794e-49	AL606807.1	c1
1.24291112504389e-53	-0.478021464260724	0.051	0.094	4.16847533117221e-49	ZUP1	c1
1.25131056609497e-53	0.44303613322042	0.37	0.334	4.19664537656932e-49	TRAPPC6A	c1
1.3441844795647e-53	-0.455376446721413	0.067	0.114	4.5081259075641e-49	AUH	c1
1.90868830882371e-53	-0.265737713486308	0.113	0.174	6.40135885013297e-49	NUDT2	c1
1.99429296189289e-53	-0.547997063288022	0.039	0.077	6.68845973559636e-49	CDK19	c1
2.00087608177595e-53	-0.559860619325163	0.042	0.081	6.71053820306019e-49	SPHK2	c1
2.01667035193823e-53	-0.234920044312939	0.157	0.229	6.76350902633043e-49	DPH3	c1
2.09146987695202e-53	-5.88564826793321	0	0.017	7.01437167332168e-49	HIST1H3G	c1
2.10844909330962e-53	-0.246754385479378	0.351	0.449	7.0713165691418e-49	SP110	c1
2.12005757886422e-53	-0.479445733474761	0.07	0.117	7.11024910799484e-49	ATP2C1	c1
2.20430658937546e-53	-0.167189471754714	0.751	0.802	7.39280343944743e-49	HNRNPC	c1
2.24692048191305e-53	-0.303293111827571	0.103	0.161	7.53572191223999e-49	BOLA2-SMG1P6	c1
2.25938133688428e-53	-0.391428500747165	0.103	0.159	7.5775131276425e-49	LMBR1	c1
2.401772313477e-53	-0.307388651120516	0.155	0.223	8.05506398493918e-49	SH2D3C	c1
2.54568183031826e-53	-1.58978192564784	0.004	0.024	8.53770772252139e-49	POLE2	c1
2.58141999372421e-53	-0.261912507109887	0.208	0.289	8.65756637495225e-49	RRP1B	c1
2.70617208119505e-53	-0.288372777510358	0.11	0.169	9.07595992591197e-49	CPSF2	c1
3.00114896431115e-53	-0.290712798343067	0.127	0.19	1.00652533965067e-48	LYRM1	c1
3.23023430288088e-53	-3.50382156250579	0.001	0.019	1.08335598050019e-48	SBK1	c1
3.24035943029163e-53	-0.704502462056621	0.074	0.121	1.08675174573121e-48	CKS1B	c1
3.31012555776214e-53	-0.309329073617477	0.137	0.202	1.11014990956227e-48	DCTPP1	c1
3.53145259677719e-53	1.66094281862105	0.025	0.009	1.18437857190714e-48	ZNF208	c1
3.69450692261781e-53	-0.230411118770352	0.143	0.211	1.23906373170756e-48	PCBD1	c1
3.70287338566669e-53	-0.514045010403887	0.05	0.091	1.24186967608489e-48	ANKIB1	c1
3.74798754928953e-53	-4.02099923957905	0	0.017	1.25700006428072e-48	APOBEC3B	c1
4.2176527365491e-53	-0.143155483404763	0.841	0.875	1.41451637478384e-48	UBL5	c1
4.29032637947004e-53	-0.243694932299511	0.178	0.252	1.43888966114666e-48	OXCT1	c1
4.43963484361131e-53	-2.61769502052476	0.004	0.023	1.48896473385036e-48	SMAD1	c1
4.52806042776847e-53	-1.62179887807265	0.017	0.045	1.51862090626499e-48	KIR3DL2	c1
4.60748442001927e-53	-0.21366640334395	0.23	0.318	1.54525812478606e-48	TAF12	c1
4.6897373991928e-53	-0.476862932952847	0.063	0.109	1.57284412894128e-48	MED13	c1
4.91479118191024e-53	-0.244489078901013	0.236	0.322	1.64832266658906e-48	FUBP1	c1
4.91928116742182e-53	-0.235276015691592	0.395	0.499	1.64982851792993e-48	IRF2	c1
4.97351924845953e-53	-0.246181760244773	0.189	0.266	1.66801888554836e-48	NT5C3A	c1
5.27015624121727e-53	-0.390956512598528	0.067	0.115	1.76750500017945e-48	C1orf50	c1
5.30136027157442e-53	-0.330527254976153	0.083	0.136	1.77797020788063e-48	NTPCR	c1
5.36341696848804e-53	0.184814943735469	0.735	0.721	1.79878278289152e-48	GPX4	c1
6.51106349290116e-53	-0.131215064821965	0.921	0.943	2.18368047424919e-48	CCNI	c1
6.66385130881996e-53	-0.342926387384059	0.129	0.191	2.23492245195204e-48	PPP1R21	c1
6.87272463655897e-53	-0.550610046352864	0.044	0.084	2.30497438860915e-48	C2CD3	c1
7.80822339313071e-53	-0.254715867589168	0.313	0.409	2.61872196158818e-48	RSBN1L	c1
8.12082478337917e-53	-0.254254699059146	0.165	0.237	2.72356221584971e-48	TIMM10	c1
8.18042271232333e-53	-0.230241179104176	0.25	0.34	2.743550169259e-48	DDRGK1	c1
8.18244836317544e-53	-0.252807023887924	0.337	0.433	2.74422953204178e-48	DDX6	c1
8.462538207979e-53	-0.283473703718048	0.138	0.204	2.838166064192e-48	WRAP73	c1
1.01105267268489e-52	-0.239556831588209	0.154	0.225	3.39086845365058e-48	COX19	c1
1.02083292001635e-52	-0.268535826154637	0.184	0.259	3.42366944715082e-48	KLF13	c1
1.04276690185514e-52	-1.42021345630622	0.009	0.034	3.49723163544176e-48	HIST1H2BN	c1
1.05762832273758e-52	-0.324448452190804	0.13	0.193	3.5470738687973e-48	CAMK2D	c1
1.09788238286288e-52	-0.262271825703418	0.198	0.275	3.68207793564553e-48	CRELD2	c1
1.13786721274199e-52	-0.303079189675403	0.124	0.186	3.8161790580941e-48	SLMAP	c1
1.17027175246712e-52	-4.02339655837069	0.001	0.019	3.92485740342423e-48	IL1R1	c1
1.27146974610508e-52	-0.231526488865814	0.195	0.274	4.26425523448723e-48	CHTOP	c1
1.29375546686863e-52	-0.390826858459487	0.065	0.111	4.338997084784e-48	CWF19L1	c1
1.31899214076928e-52	-0.312795778432843	0.115	0.175	4.423635841712e-48	STIM2	c1
1.42150986982132e-52	-0.269638373736595	0.199	0.277	4.76745980140674e-48	MAN2B1	c1
1.55687308612492e-52	-0.216362000065588	0.329	0.429	5.22144095624577e-48	MRFAP1	c1
1.62585202411595e-52	-0.276559038457459	0.168	0.24	5.45278251848009e-48	CAB39	c1
1.65456485596596e-52	-0.455469284935692	0.046	0.087	5.54907961393865e-48	UBFD1	c1
1.75490286639351e-52	-0.258032348656791	0.211	0.29	5.88559323331055e-48	USP4	c1
1.77929943442373e-52	-0.303527748147056	0.118	0.179	5.9674144431703e-48	PLEKHA2	c1
1.8002970010839e-52	-1.18531381260224	0.011	0.036	6.03783608223518e-48	GDAP1	c1
1.82247861394475e-52	-0.292976315919544	0.156	0.224	6.1122287754479e-48	ZC3H7A	c1
1.87039698964515e-52	-0.217311319261631	0.29	0.386	6.27293742387191e-48	OGFR	c1
1.87801275732899e-52	-0.583149409888304	0.041	0.079	6.29847918552998e-48	RFWD3	c1
1.94985749472125e-52	-0.315467126977337	0.106	0.163	6.53943206579611e-48	CUL3	c1
1.99930712956367e-52	-0.329776539373353	0.14	0.204	6.70527625113065e-48	SPEN	c1
2.16349599002254e-52	-0.22320446455882	0.237	0.323	7.25593285133759e-48	MITD1	c1
2.16404518070586e-52	-0.362173508409771	0.133	0.195	7.2577747270513e-48	KLHL24	c1
2.320170645232e-52	-0.247856657679199	0.136	0.202	7.78138830997907e-48	STAMBP	c1
2.43782801702363e-52	-0.47865328727139	0.072	0.12	8.17598760349386e-48	FAM214A	c1
2.5481965147798e-52	-0.313296235908775	0.111	0.169	8.54614147126849e-48	TCOF1	c1
2.62866406300553e-52	-0.49948767981427	0.042	0.081	8.81601353450793e-48	RAD51D	c1
2.67645300772314e-52	-0.279614323591006	0.199	0.276	8.97628809730187e-48	DENND1B	c1
2.68495568862471e-52	-0.22745818848292	0.427	0.524	9.00480438850956e-48	DNAJC8	c1
2.69347205350135e-52	0.233202324025356	0.64	0.613	9.03336657303282e-48	GLIPR1	c1
2.69364350908808e-52	-0.235034911676296	0.216	0.298	9.03394160077959e-48	TUSC2	c1
3.00223960476452e-52	-0.25047778986005	0.108	0.167	1.00689111864593e-47	NUBP1	c1
3.00794907923353e-52	-2.47475463716696	0.002	0.02	1.00880596219334e-47	CIT	c1
3.03389596563359e-52	-0.330498072210362	0.103	0.159	1.0175080289542e-47	GBF1	c1
3.06915676109452e-52	-0.43936382256137	0.112	0.168	1.02933379453588e-47	ZBP1	c1
3.11312376038941e-52	-0.450047017856554	0.058	0.101	1.0440794467594e-47	SCO2	c1
3.53820410295587e-52	-0.237082410443885	0.29	0.382	1.18664289204934e-47	SUMO3	c1
3.54621842003968e-52	-0.258034579010209	0.304	0.396	1.18933073371291e-47	SNX5	c1
3.63154430724149e-52	-0.430869604123215	0.058	0.102	1.21794732976265e-47	CCDC18	c1
3.70305101093679e-52	-0.343612835939156	0.082	0.133	1.24192924804798e-47	ATP6V1A	c1
3.74702674754353e-52	-0.314399350374904	0.316	0.404	1.25667783059115e-47	APMAP	c1
3.78155274287209e-52	-0.837807368436669	0.019	0.049	1.26825715890444e-47	ADAT3	c1
3.95479067819437e-52	-1.24994195643469	0.009	0.033	1.32635769765283e-47	AIFM2	c1
4.1394737868197e-52	-0.443851867510439	0.066	0.112	1.38829671862359e-47	YBEY	c1
4.20021766259929e-52	-0.616826883299296	0.04	0.077	1.40866899968255e-47	OTUD4	c1
4.21609346261198e-52	-0.31513008714656	0.121	0.181	1.4139934254908e-47	ISOC1	c1
4.3973619531674e-52	-0.436667661232992	0.086	0.137	1.47478725185328e-47	RNPC3	c1
5.24191980517739e-52	-0.303554644563851	0.111	0.17	1.75803506426039e-47	ZNF688	c1
5.84622618550609e-52	-0.253924044576338	0.123	0.186	1.96070733809503e-47	NOL12	c1
5.93525972571013e-52	-0.240090470179133	0.294	0.388	1.99056740680866e-47	PPP4R2	c1
6.03659173423315e-52	-0.249569356182149	0.3	0.392	2.02455213582712e-47	GSPT1	c1
6.88850077912414e-52	-3.50094000383842	0.001	0.018	2.31026539130265e-47	MYB	c1
7.3255575063865e-52	-0.252302185943488	0.153	0.222	2.45684547649191e-47	YY1AP1	c1
7.77467888793171e-52	-0.266780485338642	0.169	0.241	2.60747180543454e-47	KPNA3	c1
8.05649364102742e-52	-0.261297235440753	0.194	0.27	2.70198683732778e-47	PUM2	c1
8.50815243123068e-52	-0.277514099802503	0.159	0.228	2.85346416238615e-47	C19orf12	c1
8.57230292748553e-52	-0.330139424131865	0.083	0.134	2.8749789558201e-47	C12orf49	c1
8.63730628110477e-52	-0.508507187976399	0.091	0.142	2.89677978055692e-47	GADD45A	c1
8.97544666784727e-52	-5.88654806529569	0	0.016	3.01018530346262e-47	ANKS1B	c1
9.44768746033052e-52	-0.282583857923956	0.186	0.26	3.16856542044565e-47	SAE1	c1
9.48892625523514e-52	0.212194459145072	0.622	0.6	3.18239608748076e-47	TNFAIP8	c1
1.01126509902066e-51	-0.231505951710441	0.277	0.37	3.39158088909551e-47	MRPS7	c1
1.06517241293441e-51	-0.255249644118827	0.144	0.211	3.57237523849944e-47	PMM1	c1
1.07177497817218e-51	-0.221364620538068	0.191	0.27	3.59451892179385e-47	EPN1	c1
1.08103024008586e-51	-0.260192066832761	0.184	0.258	3.62555921919995e-47	USP8	c1
1.09841462284982e-51	-0.279469752726948	0.12	0.181	3.68386296211372e-47	CXorf38	c1
1.12513079828655e-51	-0.256155385818094	0.238	0.322	3.77346367129342e-47	CLINT1	c1
1.17119043012405e-51	-0.562466300508604	0.08	0.127	3.92793846455003e-47	ISYNA1	c1
1.20487247873345e-51	-0.736652207821685	0.026	0.058	4.04090131917625e-47	CASP9	c1
1.22296035608793e-51	-0.36366660756815	0.075	0.124	4.10156444224771e-47	COX10	c1
1.27237860499011e-51	-0.222506705935562	0.214	0.296	4.26730336541583e-47	RNF115	c1
1.28054668875589e-51	-0.524251541634916	0.046	0.085	4.2946974847495e-47	SLC43A1	c1
1.37708263826765e-51	-0.567986823274304	0.044	0.082	4.61845975222205e-47	SLC9A8	c1
1.43978919808347e-51	-0.266250277778771	0.117	0.178	4.82876501253235e-47	CANT1	c1
1.44378221864141e-51	-0.225077364472358	0.512	0.609	4.84215680487957e-47	FMNL1	c1
1.44658080462417e-51	-0.269311455163484	0.532	0.609	4.85154270254854e-47	PDIA6	c1
1.50999012086561e-51	-0.367432953368325	0.075	0.124	5.06420486735908e-47	C19orf48	c1
1.51179807125808e-51	-0.405189916341372	0.066	0.111	5.07026837138534e-47	PELO	c1
1.61477225115302e-51	-0.234626458372029	0.168	0.241	5.41562317591701e-47	SNRNP27	c1
1.70436410664515e-51	-0.505967020083256	0.051	0.092	5.71609634086651e-47	CHUK	c1
1.73317335212212e-51	-0.36260827159914	0.098	0.153	5.81271678834716e-47	CEACAM21	c1
1.7474984295775e-51	-0.920837407612773	0.011	0.035	5.86076023311703e-47	NET1	c1
1.82255172489331e-51	-0.230661442506262	0.284	0.375	6.1124739749472e-47	TXN2	c1
1.82297711908894e-51	-0.244782857980984	0.186	0.261	6.11390066200049e-47	TM2D1	c1
1.8430950680931e-51	-0.214096067130444	0.559	0.656	6.18137223937065e-47	PAIP2	c1
1.85840304042368e-51	-0.233986940671929	0.16	0.231	6.23271211697295e-47	PLPBP	c1
2.02114735684405e-51	-0.218719728116856	0.294	0.39	6.77852400538356e-47	RNF114	c1
2.04100551799195e-51	-1.37606937784297	0.01	0.033	6.84512430624141e-47	B4GALT5	c1
2.12457432370739e-51	-0.258577338575007	0.135	0.199	7.12539736684984e-47	ERCC3	c1
2.38713701255012e-51	1.77683132333839	0.026	0.01	8.0059801126906e-47	LZTS1	c1
2.41783549888067e-51	-0.4453410165495	0.04	0.078	8.10893669614598e-47	CENPH	c1
2.52933111285058e-51	-4.17676567524666	0	0.017	8.48287068627826e-47	EXO1	c1
2.53051575061454e-51	-0.26824480821361	0.139	0.204	8.48684372441103e-47	XRCC1	c1
2.65603908708545e-51	-0.286170516940752	0.099	0.155	8.90782389026717e-47	GON7	c1
2.69943590382085e-51	-0.229631023408522	0.317	0.414	9.05336813423438e-47	YY1	c1
2.7865358950736e-51	-0.256470572894156	0.298	0.386	9.34548408489785e-47	SNRPA	c1
2.80494833018323e-51	-0.239846051425908	0.286	0.375	9.40723570976851e-47	RNASEH2C	c1
2.94058229472426e-51	-0.249531617010506	0.285	0.375	9.86212490004621e-47	GOLGA4	c1
2.968065438415e-51	-5.65102678977265	0	0.016	9.95429786735624e-47	AMZ1	c1
3.07100869079466e-51	-0.180773279841698	0.584	0.676	1.02995489471871e-46	JTB	c1
3.09954872401077e-51	-0.280377597880453	0.084	0.135	1.03952665105873e-46	HAUS2	c1
3.12026126400117e-51	-0.232000942513968	0.258	0.346	1.04647322272071e-46	ALDH9A1	c1
3.13595169178063e-51	-0.245700476893655	0.207	0.286	1.05173547838939e-46	TNIP2	c1
3.18725379448461e-51	-1.07224904255717	0.048	0.086	1.06894117759425e-46	FAAH2	c1
3.27948714791748e-51	-0.255844729159771	0.207	0.286	1.09987439966856e-46	ZNF148	c1
3.29365724017829e-51	-0.357110796942933	0.118	0.176	1.104626765211e-46	MCM3AP	c1
3.61148662658769e-51	-0.353493286952598	0.137	0.198	1.21122038482498e-46	CREBRF	c1
3.67774522614122e-51	-0.306612352296927	0.127	0.189	1.23344219394324e-46	RDH14	c1
4.09210672227659e-51	-0.327233001010693	0.106	0.162	1.37241075251712e-46	SCRN2	c1
4.24755486317062e-51	-0.391858207275491	0.058	0.102	1.42454495001016e-46	COX15	c1
4.40861783850089e-51	-0.341124237329431	0.108	0.164	1.47856225067643e-46	UBR1	c1
4.74131467384571e-51	-0.218505482239719	0.251	0.341	1.59014211531437e-46	NDUFA10	c1
4.77335750563813e-51	-0.223527072213856	0.247	0.333	1.60088864024091e-46	UHMK1	c1
4.90359582064635e-51	-0.27177753798162	0.146	0.213	1.64456796632837e-46	NCBP3	c1
4.96309894381163e-51	-0.231007612787246	0.29	0.383	1.66452412377554e-46	EIF4E	c1
4.98072856311821e-51	-0.454121271684213	0.061	0.105	1.67043674549859e-46	MIOS	c1
5.12769401156807e-51	-0.234970420417995	0.462	0.566	1.7197260175997e-46	SNX6	c1
5.14851485140881e-51	-0.91872840343098	0.022	0.051	1.72670891086549e-46	PI4K2A	c1
5.20257018821195e-51	-0.283884301038128	0.127	0.189	1.74483798972253e-46	ODF2	c1
5.51426961165698e-51	-0.285018720288417	0.131	0.194	1.84937574235752e-46	CASC3	c1
5.89038214380684e-51	-0.22597607175446	0.27	0.361	1.97551636338994e-46	PSMD11	c1
5.90487880243904e-51	-0.523333708450081	0.041	0.078	1.98037825276201e-46	CLPTM1L	c1
5.95206358410989e-51	-0.393796252098284	0.071	0.118	1.99620308483877e-46	PTRH1	c1
6.28816285530584e-51	-0.402422616074686	0.085	0.135	2.10892405841247e-46	FCHSD1	c1
6.3901426029257e-51	-0.266940361436265	0.147	0.214	2.14312602616922e-46	AAGAB	c1
6.50304934056452e-51	-0.315334740247385	0.318	0.402	2.18099268783853e-46	ABLIM1	c1
6.67275304594724e-51	-0.360267757423359	0.08	0.13	2.23790791654978e-46	UBE2Z	c1
7.37752689982911e-51	-0.344794220131929	0.1	0.154	2.47427497166469e-46	AP5Z1	c1
7.63634908832743e-51	-0.282369416903842	0.254	0.339	2.56107875724325e-46	INPP5D	c1
8.93496925928607e-51	-0.277828309723844	0.134	0.198	2.99660999017936e-46	SFT2D2	c1
1.01941442168204e-50	-0.230478048794127	0.378	0.479	3.41891208743724e-46	TMEM179B	c1
1.02026163508175e-50	-0.220598509772057	0.342	0.438	3.42175347173717e-46	TMEM256	c1
1.09467495734138e-50	-0.249969445619889	0.134	0.197	3.67132087193152e-46	SUPT7L	c1
1.1118594619184e-50	-0.315453557369717	0.121	0.181	3.72895426338194e-46	CHD8	c1
1.11348227459074e-50	-0.232694818591997	0.325	0.421	3.73439685252244e-46	MGAT1	c1
1.16640879291103e-50	-0.327511533418118	0.102	0.156	3.91190180966501e-46	TOPORS	c1
1.2141432397887e-50	-1.59669846639188	0.009	0.032	4.07199359760333e-46	PIK3R6	c1
1.2224371948226e-50	-0.458425468001707	0.044	0.082	4.09980986399604e-46	FOXRED1	c1
1.24578702639207e-50	-0.403495090097199	0.072	0.119	4.17812052911374e-46	PRAF2	c1
1.30331666829582e-50	-0.854882445909464	0.025	0.056	4.37106344213052e-46	TARBP1	c1
1.31843284895821e-50	-0.230014626841524	0.173	0.246	4.42176008883606e-46	STX5	c1
1.32548244867673e-50	-0.644461003183277	0.085	0.133	4.445403036372e-46	KLF3	c1
1.42381516705349e-50	-0.235686319084502	0.295	0.388	4.775191307264e-46	ELAVL1	c1
1.44740349067151e-50	-0.271978927725408	0.17	0.241	4.85430182701412e-46	RBM33	c1
1.52963130880572e-50	-0.496965755294196	0.035	0.07	5.13007748347261e-46	TEDC1	c1
1.57647493344244e-50	-3.36426743402861	0.001	0.018	5.28718163177924e-46	DRAXIN	c1
1.62268614487663e-50	-0.225819376859079	0.454	0.551	5.44216479268725e-46	SRSF10	c1
1.6847435004881e-50	-0.380224146536714	0.055	0.098	5.650292751937e-46	SFXN4	c1
1.77172716839819e-50	-0.22084066728743	0.153	0.222	5.94201857737385e-46	GET4	c1
1.85385304345833e-50	-0.293731321896623	0.091	0.144	6.21745233715054e-46	ATP6V1C1	c1
1.94409956639415e-50	-0.246500823011791	0.125	0.187	6.52012112577271e-46	HTRA2	c1
1.98779770180296e-50	-1.27896829164457	0.011	0.035	6.66667593230678e-46	CDYL2	c1
2.08450056072216e-50	-0.340641999015792	0.108	0.164	6.99099798054998e-46	IREB2	c1
2.09362320538632e-50	1.73432322953287	0.022	0.008	7.02159350622462e-46	COL6A1	c1
2.10840817953192e-50	-0.235982038646622	0.293	0.385	7.07117935251416e-46	ETFA	c1
2.15934467005526e-50	-0.398461121120863	0.068	0.114	7.24201015443131e-46	EMSY	c1
2.22393889879906e-50	-0.293795822665661	0.087	0.139	7.4586462787923e-46	RDX	c1
2.25385538130017e-50	-0.287085667094291	0.115	0.173	7.55898017780451e-46	TMEM156	c1
2.3071738845171e-50	-0.28318336221673	0.117	0.175	7.73779977389344e-46	NFYB	c1
2.43984547157983e-50	-0.372966448628224	0.088	0.139	8.18275374258443e-46	SBF1	c1
2.44839992748346e-50	-0.294808809792783	0.119	0.179	8.21144367679403e-46	DNAJB12	c1
2.60915825611903e-50	0.145333936881999	0.711	0.662	8.75059495937202e-46	CD6	c1
2.65800380804398e-50	-0.463512154458727	0.06	0.103	8.91441317141789e-46	HMGCR	c1
2.69226227122292e-50	-0.401906988195184	0.112	0.168	9.02930920522744e-46	TCTN3	c1
2.85424165636319e-50	-3.11073576884125	0.001	0.017	9.57255566711087e-46	TEDC2	c1
3.01161495555626e-50	-0.24600398383865	0.145	0.212	1.01003542379446e-45	TARS	c1
3.07963509536905e-50	-0.39894428226727	0.095	0.147	1.03284801828487e-45	PIK3CG	c1
3.31188022819611e-50	-0.36582107753421	0.085	0.135	1.11073839093241e-45	CEP250	c1
3.33532774352704e-50	-0.146174855604704	0.776	0.819	1.1186022186241e-45	COX7A2	c1
3.36229084471634e-50	-0.223001416759868	0.399	0.498	1.12764510350097e-45	CHMP2A	c1
3.49747600629497e-50	-0.219390103954592	0.19	0.266	1.17298350299121e-45	SLC25A1	c1
3.58160996376007e-50	-0.313222825629353	0.127	0.188	1.20120034964585e-45	TSEN34	c1
3.72295489184513e-50	-0.495718175291392	0.043	0.082	1.24860461162702e-45	FAM118B	c1
3.78138284318988e-50	-0.430696341659701	0.06	0.103	1.26820017794902e-45	SOCS4	c1
3.81415686920754e-50	-0.220428097717906	0.25	0.338	1.27919193079483e-45	COMT	c1
3.88132511238334e-50	-1.17407026304603	0.015	0.041	1.30171881619112e-45	AC004865.2	c1
4.20817685058825e-50	-0.430333492343968	0.07	0.116	1.41133835215029e-45	KHDC4	c1
4.56952420555261e-50	-0.881837691898459	0.011	0.036	1.53252702805823e-45	MASTL	c1
4.59420186295017e-50	-0.385928957948373	0.055	0.097	1.54080342079623e-45	SARS2	c1
4.8135137572663e-50	-0.715371784595975	0.031	0.064	1.61435624391197e-45	GLUL	c1
4.88255845162639e-50	-0.476208774318785	0.042	0.08	1.63751245350646e-45	TKFC	c1
4.92445194470651e-50	-6.49741632182283	0	0.016	1.65156269321567e-45	GPA33	c1
5.01134123017009e-50	-0.542066758859542	0.054	0.095	1.68070362177445e-45	SLC5A3	c1
5.01611418959229e-50	-0.925419074629734	0.019	0.047	1.68230437690546e-45	ADAP1	c1
5.03447584277293e-50	-0.280221014679231	0.133	0.195	1.68846250814918e-45	MTA2	c1
5.2155413782301e-50	-0.275203125276984	0.329	0.417	1.74918826743081e-45	HNRNPLL	c1
5.32828612142625e-50	-0.250692896497257	0.191	0.266	1.78700059940394e-45	CAND1	c1
5.6478284705374e-50	-0.717339574532065	0.016	0.042	1.89416871244883e-45	CDC7	c1
5.67965524141761e-50	-0.240653673177859	0.139	0.204	1.90484277486664e-45	PEX11B	c1
5.6859240252468e-50	-0.270488810529294	0.185	0.258	1.90694519958727e-45	NUP58	c1
5.80302503537526e-50	-0.339762967662058	0.075	0.123	1.94621853636416e-45	RFC2	c1
6.18388570855641e-50	-0.858771578267206	0.028	0.06	2.07395158893565e-45	AC099063.4	c1
6.65854089853206e-50	-0.368536088547442	0.091	0.142	2.23314144654968e-45	TGIF2	c1
6.80397660535172e-50	-0.804500922577891	0.026	0.058	2.28191767390286e-45	ANKRD35	c1
7.00498237272073e-50	-0.441741341308853	0.059	0.101	2.34933098816308e-45	PIP5K1A	c1
7.07023961288281e-50	-0.395975980657054	0.09	0.141	2.37121696136864e-45	MAP3K5	c1
7.37627835881537e-50	-3.33756075097628	0	0.016	2.4738562359795e-45	IL7	c1
7.47552651689215e-50	-0.219642390872931	0.284	0.376	2.50714208323529e-45	OLA1	c1
7.90083636590143e-50	-0.256079164267049	0.363	0.452	2.64978250039602e-45	SP140	c1
7.94035750860867e-50	-0.260349538957528	0.104	0.16	2.66303710123718e-45	MRPL15	c1
8.19162829209594e-50	-0.492070607886371	0.056	0.098	2.74730829660314e-45	TMEM135	c1
8.52369187488112e-50	-0.346273786922613	0.065	0.11	2.85867578099763e-45	KATNB1	c1
8.59139912098976e-50	-0.302248746920807	0.093	0.147	2.88138343719755e-45	CDKN2AIPNL	c1
8.74945549785174e-50	-0.229059056099107	0.138	0.203	2.93439238486952e-45	GFER	c1
8.95422553812998e-50	-0.268403350703557	0.132	0.195	3.00306816097803e-45	IKBIP	c1
9.13389082030193e-50	-1.26375299474265	0.01	0.034	3.06332430331286e-45	ADCY3	c1
9.21025885292394e-50	-0.190576041038327	0.137	0.202	3.08893661409363e-45	C1orf131	c1
9.30587000223729e-50	-0.263794816690161	0.135	0.199	3.12100268135034e-45	TIMM50	c1
9.42430365168806e-50	-0.269688791663421	0.123	0.183	3.16072295870314e-45	CEBPG	c1
9.43105687555898e-50	0.260767520066469	0.601	0.596	3.16298785492497e-45	CMPK1	c1
9.4958650516893e-50	-0.261605462080522	0.187	0.261	3.18472322103556e-45	NUP210	c1
9.52430231470817e-50	-0.184180260577842	0.633	0.702	3.19426051030683e-45	PSMB1	c1
9.96589151306559e-50	-0.246028501448089	0.28	0.368	3.34236069565194e-45	STIP1	c1
1.01097694477759e-49	-0.238882599050794	0.211	0.29	3.39061447739509e-45	IDH3B	c1
1.05643307095708e-49	-0.40183694165556	0.082	0.131	3.54306523337587e-45	PSEN1	c1
1.05993284657847e-49	-0.258284826170671	0.115	0.173	3.55480278085487e-45	CAAP1	c1
1.06542847425706e-49	-0.345404327109842	0.074	0.122	3.57323401696333e-45	FBXW7	c1
1.06871034773913e-49	-0.233494231022587	0.218	0.299	3.58424076424749e-45	PSMD3	c1
1.09382395761044e-49	-0.326555177522931	0.111	0.167	3.66846678903388e-45	NSF	c1
1.10381296981834e-49	-0.415259017497635	0.063	0.108	3.70196793817676e-45	NARFL	c1
1.12146409801841e-49	-0.456376409912684	0.039	0.076	3.76116629193414e-45	LRRC45	c1
1.21654029617395e-49	-2.5823692403525	0.004	0.023	4.0800328453082e-45	ZNF80	c1
1.244991292571e-49	-0.267938371851873	0.25	0.333	4.17545179702462e-45	PLSCR3	c1
1.24689097469233e-49	-0.239219105073439	0.174	0.246	4.18182295092312e-45	RHOT2	c1
1.41368877301081e-49	-0.229604427319651	0.167	0.236	4.74122940692366e-45	SKIL	c1
1.51205738685051e-49	-0.449444309823836	0.058	0.1	5.07113806401926e-45	GPALPP1	c1
1.54139745607628e-49	-0.296818728041284	0.101	0.155	5.16953878818862e-45	DHRSX	c1
1.55139946452296e-49	-0.237659380094476	0.285	0.374	5.20308352411709e-45	ATP2A3	c1
1.56683252775261e-49	-0.220123568653989	0.596	0.668	5.25484293157672e-45	SNRPG	c1
1.57166865496054e-49	-0.196046596068437	0.719	0.787	5.27106233500667e-45	STK17B	c1
1.75394316573666e-49	-1.79658894942084	0.005	0.025	5.88237458924762e-45	NFIL3	c1
1.79919811771291e-49	-1.12205330949186	0.016	0.042	6.03415064718555e-45	AFAP1L2	c1
2.1171460388326e-49	-0.332794954545615	0.061	0.105	7.10048438503677e-45	AHCYL1	c1
2.17623956928536e-49	-0.392845129867311	0.072	0.119	7.29867226746923e-45	CTDP1	c1
2.28651897387533e-49	-0.461376451476881	0.037	0.073	7.66852733458309e-45	POLA2	c1
2.5302107862241e-49	-0.223347309483756	0.165	0.236	8.48582093483839e-45	GLRX5	c1
2.57706952920434e-49	-0.672728933535615	0.027	0.059	8.6429757870455e-45	ZNF738	c1
2.59443932483759e-49	-0.272770277772228	0.137	0.2	8.70123060764031e-45	ABHD16A	c1
2.59725157970994e-49	-0.196245775679061	0.284	0.379	8.71066234803121e-45	FDX1	c1
2.6524647631362e-49	-0.251773080088335	0.178	0.249	8.8958363226062e-45	GSK3B	c1
2.7292319517621e-49	-0.264349213427857	0.112	0.17	9.15329811981974e-45	ZMPSTE24	c1
2.77101971917554e-49	-0.398550321035933	0.062	0.106	9.29344593417094e-45	TXLNA	c1
2.85657579582882e-49	-0.367555489368408	0.083	0.132	9.58038390405071e-45	SCYL2	c1
2.87538925673959e-49	-0.351102680864315	0.198	0.269	9.64348048925325e-45	IGFLR1	c1
2.98098609239346e-49	-0.223702541877411	0.166	0.236	9.99763115666919e-45	STK25	c1
3.04798338405306e-49	-0.435870887771786	0.051	0.092	1.02223266734372e-44	SNX11	c1
3.05181060685203e-49	-0.468974259825384	0.048	0.087	1.02351624132603e-44	AKT1	c1
3.24334074688794e-49	-0.281110753236806	0.104	0.159	1.08775161969128e-44	ADPRHL2	c1
3.30479408087493e-49	-0.258001484105484	0.124	0.184	1.10836183884384e-44	ECSIT	c1
3.49810977311535e-49	-0.394448386147298	0.073	0.12	1.17319605570743e-44	PANK4	c1
3.56926017662954e-49	-6.23896123865096	0	0.016	1.19705847803801e-44	CX3CR1	c1
3.68306240946633e-49	-4.9029688217389	0	0.016	1.23522547088682e-44	GNG4	c1
3.71046288192438e-49	-0.164332115428026	0.696	0.763	1.2444150413398e-44	UQCR10	c1
3.72805959642258e-49	-0.270850946961192	0.143	0.207	1.25031662744821e-44	PHKG2	c1
3.80335563652292e-49	-0.216755645663378	0.23	0.312	1.27556941337706e-44	NFYC	c1
3.85587468259492e-49	-0.226136688897756	0.242	0.325	1.29318325104869e-44	BDP1	c1
3.872230961884e-49	-0.2461141420396	0.456	0.542	1.29866881999666e-44	ILF2	c1
4.05542759081816e-49	-0.313099178467325	0.108	0.164	1.36010930540859e-44	VPS33A	c1
4.1994855349151e-49	-0.418771104966686	0.078	0.126	1.40842345869983e-44	DTNB	c1
4.44273031767124e-49	-0.223609515170974	0.159	0.228	1.49000289394058e-44	ZDHHC6	c1
4.64085247607832e-49	-0.545229508893916	0.055	0.096	1.55644910342715e-44	ABCD2	c1
4.64179962789453e-49	-0.216081377110328	0.221	0.303	1.55676675920327e-44	WASHC3	c1
4.74626342099453e-49	-0.296999492300572	0.088	0.139	1.59180182613315e-44	APTX	c1
5.10553129913784e-49	-0.781974658468157	0.027	0.058	1.71229308710485e-44	ZSWIM8	c1
5.1873292533477e-49	1.79385767164327	0.021	0.007	1.73972648498775e-44	P3H3	c1
5.25657401292778e-49	-0.238201918143988	0.134	0.197	1.76294979245572e-44	WDR18	c1
5.27295945300145e-49	-0.224030161691185	0.328	0.424	1.76844514134763e-44	ANAPC5	c1
5.33490562170224e-49	-0.447401348521955	0.053	0.094	1.7892206474065e-44	FAM91A1	c1
5.56666959149207e-49	1.17803372354274	0.044	0.022	1.86694964759461e-44	PLAG1	c1
5.81095033773037e-49	-0.380504929510869	0.057	0.099	1.94887652426801e-44	ZFP91	c1
5.85891363699668e-49	-0.219942732260272	0.377	0.474	1.96496245557594e-44	PSMG2	c1
6.08662839565743e-49	-0.283367854559656	0.161	0.228	2.04133343133559e-44	EML2	c1
6.11258628103022e-49	-0.210996349094442	0.152	0.221	2.05003918693191e-44	EXOSC3	c1
6.28203049724654e-49	-0.207443016476579	0.152	0.221	2.10686738816654e-44	MRPS18A	c1
6.39217193029996e-49	-0.276477998567252	0.114	0.172	2.143806621984e-44	TBP	c1
6.87674098913192e-49	-0.295781929809023	0.113	0.169	2.30632139293506e-44	KPNA6	c1
7.60940339720841e-49	-0.249521568789823	0.127	0.188	2.55204171135576e-44	ZCCHC10	c1
7.9993247321611e-49	-0.232028390822165	0.129	0.19	2.68281352867219e-44	COASY	c1
8.11611058566195e-49	-0.188306260645486	0.548	0.636	2.72198116821931e-44	PHB2	c1
8.37493657293606e-49	-0.206066182455322	0.591	0.685	2.8087862278313e-44	KMT2E	c1
9.1795753256269e-49	-0.4710481502401	0.061	0.104	3.07864597270875e-44	ZNF675	c1
1.10132817523238e-48	-0.380781634539536	0.074	0.121	3.69363443409436e-44	RRBP1	c1
1.12579051482255e-48	-0.418789470021299	0.064	0.107	3.77567622861186e-44	ZNF37A	c1
1.22904410952876e-48	1.05017077701817	0.062	0.035	4.12196813453754e-44	PDE8A	c1
1.27476953434468e-48	-0.250856115716405	0.41	0.503	4.27532206428519e-44	OPTN	c1
1.33972487942373e-48	-2.2275026309722	0.003	0.022	4.49316930061132e-44	MAPK12	c1
1.38271821498882e-48	-0.300147437156569	0.071	0.117	4.63736034942949e-44	ARMC6	c1
1.41775647850831e-48	-0.315760952130045	0.086	0.135	4.75487167762118e-44	NCBP1	c1
1.4526330075529e-48	-0.235022954067656	0.446	0.545	4.87184058073092e-44	SYNRG	c1
1.46405929654253e-48	-0.207109237574327	0.535	0.634	4.91016206874435e-44	MAT2B	c1
1.47139234111975e-48	-0.325422973658265	0.087	0.137	4.9347556336474e-44	WIPF2	c1
1.54740395491341e-48	-2.21772912952643	0.002	0.018	5.1896833839886e-44	FAM72B	c1
1.5896682153171e-48	-0.472323656887398	0.06	0.103	5.33142926053047e-44	RAB4B	c1
1.59837630726127e-48	-0.500616797556218	0.066	0.109	5.36063445929285e-44	SNX29	c1
1.88770780072033e-48	-0.264875574878943	0.123	0.183	6.33099442205583e-44	MAPKAPK5-AS1	c1
1.94384264297721e-48	-0.32405339389999	0.062	0.105	6.51925945601697e-44	OAZ2	c1
2.00613126080561e-48	-0.220206995106315	0.243	0.329	6.72816302248985e-44	NDUFA9	c1
2.04811724603352e-48	-0.981774672460435	0.016	0.042	6.86897561974721e-44	ATXN7L2	c1
2.11499595153482e-48	-0.226963764279025	0.184	0.257	7.09327342225749e-44	UBAP1	c1
2.25524717799314e-48	-0.654646210938824	0.02	0.048	7.56364798555338e-44	FANCD2	c1
2.35101695781237e-48	-0.287503945035627	0.108	0.163	7.88484067311114e-44	PIGH	c1
2.35281946746254e-48	-0.211268278830872	0.282	0.374	7.89088592997587e-44	RSU1	c1
2.37518350658422e-48	-3.43426041823453	0.001	0.017	7.96589044438214e-44	AC017002.1	c1
2.42579090768143e-48	-0.215953125045722	0.271	0.362	8.13561754618199e-44	LAMTOR2	c1
2.59401227344039e-48	-0.417627977683021	0.161	0.224	8.69979836266439e-44	SNX9	c1
2.73066544798296e-48	-0.281903205531042	0.14	0.202	9.15810577944526e-44	MAP2K4	c1
2.82950273245313e-48	-0.402347805028203	0.057	0.098	9.4895862641013e-44	SYNJ2	c1
2.87223722791106e-48	-0.328095948260307	0.083	0.132	9.63290921496812e-44	CDK5RAP2	c1
2.87873921695241e-48	-0.434326622909971	0.062	0.105	9.65471558581498e-44	KLHDC7B	c1
2.88663853550402e-48	-0.332867433905888	0.121	0.178	9.68120832037338e-44	EP300	c1
2.93837417751157e-48	-1.10926968870964	0.017	0.043	9.85471931653829e-44	AC078883.1	c1
3.0123004209542e-48	-0.210819331167379	0.19	0.265	1.01026531517962e-43	SAMM50	c1
3.04645854845504e-48	-1.34355783664951	0.01	0.033	1.02172126798085e-43	METRN	c1
3.11451207079293e-48	-6.46268857627913	0	0.015	1.04454505830253e-43	PIMREG	c1
3.12015631270246e-48	-0.272485070923969	0.172	0.241	1.04643802415415e-43	KAT6B	c1
3.2716367941893e-48	-0.215959035203916	0.289	0.381	1.09724154803521e-43	SZRD1	c1
3.30461143953341e-48	-0.240451107751185	0.249	0.333	1.10830058459071e-43	SNRNP200	c1
3.42817536323324e-48	-0.231002278632167	0.114	0.172	1.14974145332117e-43	PGM2	c1
3.45732605177859e-48	-0.265275654160651	0.127	0.188	1.1595180112455e-43	ZNF410	c1
3.57725247619544e-48	-1.69653630030536	0.003	0.022	1.19973893546643e-43	DNA2	c1
3.63263719898422e-48	-0.225937534303619	0.258	0.344	1.21831386379533e-43	PDCD6IP	c1
3.71418576013327e-48	-0.294470140888315	0.12	0.178	1.24566362023349e-43	DPP8	c1
3.87138124947751e-48	-0.248048610613482	0.118	0.177	1.29838384344977e-43	RUVBL1	c1
3.97121036306813e-48	1.20193779827564	0.045	0.023	1.33186453156579e-43	FBP1	c1
4.06332961345741e-48	-0.332580263114368	0.145	0.207	1.36275948576135e-43	PRR5	c1
4.07726098086186e-48	-1.78796355312475	0.005	0.025	1.36743178776145e-43	HES6	c1
4.14415554082824e-48	-0.232995581678752	0.222	0.301	1.38986688528298e-43	DAZAP1	c1
4.37713038362461e-48	-0.41130330485796	0.057	0.098	1.46800198806002e-43	SLC39A9	c1
4.51494339076687e-48	-0.436312228957114	0.047	0.086	1.51422171439539e-43	TCAIM	c1
4.52621210669077e-48	-0.613240807194901	0.054	0.093	1.51800101634195e-43	CHN2	c1
4.52765123004073e-48	-0.183606144439346	0.712	0.781	1.51848366953106e-43	APBB1IP	c1
4.69311895208385e-48	-5.41212203208369	0	0.016	1.57397823414988e-43	TSHR	c1
4.70405065642488e-48	-0.328270962604805	0.079	0.126	1.57764450915177e-43	NKAPD1	c1
5.0271949435864e-48	-0.209864892038292	0.181	0.255	1.68602064018001e-43	C12orf10	c1
5.08253530009909e-48	-0.478056227055067	0.056	0.097	1.70458068894723e-43	GTPBP1	c1
5.16208509177998e-48	-2.70571443989272	0.003	0.02	1.73126009808117e-43	CDHR3	c1
5.19250013479694e-48	-0.228611747307807	0.399	0.494	1.7414606952082e-43	TLN1	c1
5.19897985599674e-48	-0.541913053191624	0.048	0.086	1.74363386410419e-43	TRIB3	c1
5.54563243798864e-48	-0.389977173418708	0.11	0.164	1.85989420705263e-43	ZNF101	c1
5.82603379326983e-48	-0.424654734673765	0.506	0.546	1.95393521358684e-43	LINC01871	c1
5.95792458742962e-48	-7.15148002135154	0	0.015	1.99816874813215e-43	HLA-DOA	c1
6.58237005759807e-48	-0.250655333746248	0.354	0.446	2.20759526991724e-43	STK10	c1
6.61099390457322e-48	-0.278743677847533	0.136	0.198	2.21719513571577e-43	SPNS1	c1
6.61519031965542e-48	-0.3885807640602	0.062	0.105	2.21860252940604e-43	TMEM39B	c1
6.92648363397569e-48	-2.38730335413008	0.003	0.02	2.32300408116277e-43	AC245595.1	c1
7.02552005839669e-48	1.83860222335271	0.016	0.004	2.35621891718508e-43	ZNF365	c1
7.20320877224511e-48	-0.246998947991274	0.109	0.166	2.41581215803557e-43	HMGXB4	c1
7.44172258326202e-48	-0.210024934181884	0.402	0.502	2.49580491997442e-43	NDUFV1	c1
7.57371422756507e-48	-0.270629084643337	0.122	0.18	2.54007227764077e-43	VAMP7	c1
9.12536379112872e-48	-2.70163599403077	0.001	0.017	3.06046450826875e-43	CDC25C	c1
9.32221126855263e-48	-0.225360560404241	0.158	0.226	3.12648321524718e-43	SART1	c1
9.41462644101459e-48	-0.251686843712107	0.221	0.299	3.15747741578747e-43	AFF4	c1
9.7598992424925e-48	-0.289673852517871	0.076	0.124	3.27327500794713e-43	MOCS2	c1
9.92132653182923e-48	0.713927807788375	0.12	0.083	3.32741449224489e-43	TCEAL4	c1
1.02133191661959e-47	-0.322726964699122	0.102	0.155	3.42534298195879e-43	POM121	c1
1.09308978054778e-47	-0.150931056157207	0.761	0.817	3.66600450600113e-43	UBE2D2	c1
1.15638371097413e-47	-0.218895527414147	0.182	0.255	3.87827968986504e-43	LRRC59	c1
1.16007800160385e-47	-0.339411101469292	0.083	0.132	3.89066960177901e-43	C6orf226	c1
1.17344663781429e-47	-0.292893066880237	0.207	0.279	3.93550533390156e-43	SNHG15	c1
1.1991093479705e-47	-0.281850689310128	0.091	0.142	4.02157293122346e-43	WBP4	c1
1.2003478054292e-47	-0.344147663915302	0.07	0.115	4.02572646984846e-43	HMGCL	c1
1.22052007130957e-47	-0.413581975232202	0.076	0.122	4.09338021515805e-43	SEC16A	c1
1.24130500866556e-47	-0.604416235319156	0.028	0.059	4.16308873806254e-43	PIDD1	c1
1.31265496335675e-47	-0.339905849827527	0.076	0.123	4.40238221610587e-43	EIF3B	c1
1.42787458186419e-47	-0.244392477199779	0.157	0.224	4.78880577265612e-43	GNPAT	c1
1.48037276570977e-47	-0.399894412625601	0.072	0.117	4.96487418163743e-43	ABI2	c1
1.64155231880363e-47	-0.218022986791666	0.488	0.582	5.50543816680362e-43	DEF6	c1
1.65397194076721e-47	-0.422704324843662	0.05	0.089	5.54709109494507e-43	CHP1	c1
1.66690454101823e-47	-0.457224748820172	0.049	0.087	5.59046444966695e-43	COPG2	c1
1.68958848621324e-47	-0.295288564583325	0.139	0.2	5.66654186506197e-43	SEL1L3	c1
1.71762652731422e-47	-0.387342158995797	0.062	0.105	5.76057584730642e-43	DDX19B	c1
1.72470580786662e-47	-0.438908145508877	0.074	0.12	5.78431833842306e-43	NXPE3	c1
1.73649554459119e-47	1.18116737201889	0.041	0.02	5.82385875744994e-43	RIMKLB	c1
1.77167400964994e-47	-0.249167160515144	0.673	0.735	5.94184029356397e-43	AES	c1
1.86570752733984e-47	-0.25220098744908	0.192	0.265	6.25720990519237e-43	ZFAND3	c1
1.88367292490322e-47	-0.247342782542953	0.196	0.268	6.31746225554041e-43	SLFN12L	c1
1.9057983422667e-47	-0.22808839210624	0.209	0.285	6.39166648029407e-43	THOC3	c1
1.94218871300994e-47	1.33491250628064	0.043	0.022	6.51371250569272e-43	MMP25	c1
1.99499562952597e-47	-0.203710265054412	0.197	0.271	6.69081634230421e-43	CCNG1	c1
2.13135344701324e-47	-0.307219158904214	0.089	0.139	7.14813319059302e-43	STAU2	c1
2.13722420473064e-47	-0.461651431318092	0.067	0.111	7.16782253782564e-43	PTPRN2	c1
2.17146208939139e-47	-0.215492870772878	0.234	0.316	7.28264955540086e-43	FLII	c1
2.34040469880401e-47	-0.289645807767441	0.091	0.142	7.8492492788489e-43	TM2D2	c1
2.36123212689488e-47	1.27734686752788	0.033	0.014	7.91910030718005e-43	TGFBI	c1
2.36661118356959e-47	-0.25354278265684	0.159	0.224	7.9371405874557e-43	USP33	c1
2.42229304200666e-47	-0.21930220545803	0.401	0.5	8.12388640428192e-43	SRRM2	c1
2.48137880877826e-47	-0.289047056823221	0.165	0.231	8.32204824888052e-43	SETD2	c1
2.53080666018685e-47	-0.251547477051738	0.129	0.189	8.48781937693464e-43	NDUFB8	c1
2.56654428836867e-47	-0.243388201428745	0.128	0.188	8.60767623433085e-43	DESI2	c1
2.76003869702129e-47	-0.211640996828984	0.604	0.679	9.25661778207001e-43	SRSF2	c1
2.77034590185731e-47	-0.255742452807196	0.133	0.193	9.29118608564904e-43	PIGS	c1
2.84047366366041e-47	-1.18720318165628	0.01	0.033	9.5263805731843e-43	ANKDD1A	c1
2.8500361075811e-47	-0.2171782677122	0.26	0.346	9.55845109760549e-43	STAU1	c1
2.89301553956175e-47	-0.326782305718318	0.104	0.157	9.70259551658219e-43	LEMD2	c1
2.98314118186327e-47	-0.206042705635208	0.185	0.259	1.0004858895733e-42	DHX30	c1
3.01227357266445e-47	-0.469417113780042	0.078	0.124	1.0102563108002e-42	MAD2L1	c1
3.05049239046547e-47	0.756579782053426	0.131	0.094	1.02307413791431e-42	AKT3	c1
3.09775317210864e-47	-0.41064902083664	0.065	0.108	1.0389244588618e-42	DEAF1	c1
3.11470763345045e-47	-0.215539629767583	0.277	0.366	1.04461064610661e-42	RNF4	c1
3.40073880067459e-47	-0.625800441721743	0.03	0.062	1.14053977897024e-42	FASN	c1
3.60941295912367e-47	-0.216061535927347	0.566	0.656	1.2105249182309e-42	RAP1A	c1
3.77345230051268e-47	-0.205494192147795	0.243	0.326	1.26554043254594e-42	CWC15	c1
3.87770517701203e-47	-0.225899344842761	0.186	0.259	1.30050476226629e-42	RTCB	c1
3.88928893963122e-47	-0.357423930363442	0.105	0.158	1.30438972457352e-42	DTYMK	c1
3.92295294808941e-47	-0.535384704776398	0.047	0.085	1.31567995973023e-42	ZNF100	c1
4.13930346764126e-47	-0.269986275712182	0.563	0.636	1.38823959697752e-42	SELPLG	c1
4.43174876416477e-47	-0.350339760112572	0.085	0.133	1.48631990052558e-42	TRIP4	c1
4.62152063493405e-47	-0.575898461250728	0.047	0.084	1.54996559054418e-42	SYNJ1	c1
4.64084316303063e-47	-0.211762691418045	0.416	0.515	1.55644598001721e-42	NAPA	c1
4.84763330374973e-47	-0.37197836178761	0.08	0.127	1.62579925741158e-42	MANBA	c1
5.25166317581057e-47	-0.232112121715916	0.199	0.272	1.76130279590335e-42	FAM208A	c1
5.99307510974618e-47	-0.248910436206077	0.199	0.272	2.00995753030667e-42	C1GALT1	c1
6.04097576244766e-47	-0.476987274790384	0.095	0.145	2.0260224512097e-42	UGCG	c1
6.23940443946768e-47	-0.402885754809788	0.074	0.119	2.09257146090867e-42	KLHL6	c1
6.68450027734832e-47	-0.236466361533008	0.316	0.404	2.24184770301708e-42	SLC44A2	c1
6.69484752749601e-47	-0.557848191239405	0.128	0.182	2.24531796377161e-42	PCNA	c1
6.74376524381447e-47	-0.359478651992658	0.095	0.145	2.2617239874705e-42	BTAF1	c1
7.07617741202494e-47	-0.319611909989461	0.1	0.152	2.37320838044492e-42	AP1G1	c1
7.12207007765874e-47	-0.276000233389432	0.139	0.2	2.38859986264519e-42	CRTC3	c1
7.35410721575091e-47	-0.388876695633784	0.083	0.13	2.46642047801854e-42	UBXN7	c1
8.33439735478889e-47	-0.230518861846301	0.145	0.209	2.7951901848491e-42	NFU1	c1
8.37783980824707e-47	-0.228135569020256	0.177	0.247	2.8097599148899e-42	PYM1	c1
8.42179694989373e-47	-0.195654634384887	0.552	0.639	2.82450226105536e-42	EIF3M	c1
8.43579325426349e-47	-0.44122203467236	0.056	0.096	2.82919634161489e-42	RNF121	c1
8.444720402596e-47	-0.216480615208888	0.164	0.234	2.83219032862265e-42	DLD	c1
8.50678326090961e-47	-0.336593218770871	0.063	0.106	2.85300497004387e-42	PPP1R8	c1
9.02514314707888e-47	-0.5388687083538	0.026	0.056	3.02685250866732e-42	ZWILCH	c1
9.18479386638255e-47	-0.430833059957474	0.038	0.073	3.08039616690738e-42	GGCX	c1
1.00538041448368e-46	-0.22503382815778	0.162	0.23	3.37184483409537e-42	ZCCHC17	c1
1.00716629104747e-46	-0.326540758485302	0.256	0.329	3.37783430691501e-42	PRDM1	c1
1.01137653725898e-46	-0.347937267727596	0.077	0.124	3.39195463065916e-42	USP7	c1
1.02483944618756e-46	-0.285344596097095	0.081	0.13	3.43710653462384e-42	AIMP2	c1
1.06775695114896e-46	-0.225903408747874	0.398	0.495	3.5810432627634e-42	SEPT2	c1
1.086795767413e-46	-0.228657208624569	0.142	0.206	3.64489564474971e-42	HBS1L	c1
1.09996833373643e-46	-0.229173322027227	0.16	0.227	3.68907379768526e-42	AKT2	c1
1.10835858611964e-46	-0.264345973156879	0.112	0.168	3.71721302612804e-42	KIN	c1
1.10927517147093e-46	-0.343955442305562	0.085	0.133	3.7202870700792e-42	SMG5	c1
1.129053756991e-46	-0.21842950096145	0.234	0.316	3.78662049019643e-42	APEH	c1
1.16577036297146e-46	-0.350908738336117	0.054	0.094	3.90976064333369e-42	THOP1	c1
1.23989433294114e-46	-0.198660676071479	0.255	0.341	4.158357613818e-42	ARL5A	c1
1.25190447704553e-46	-0.210121478569718	0.316	0.41	4.19863723511529e-42	PDCD10	c1
1.30722632921829e-46	-0.258256236380779	0.096	0.148	4.38417566293232e-42	DUSP12	c1
1.38402500928221e-46	-0.369510240160301	0.075	0.12	4.64174307613067e-42	ADNP	c1
1.39464940669009e-46	-0.286964045833821	0.067	0.112	4.67737518015721e-42	KCMF1	c1
1.40699311876294e-46	-0.222690783061882	0.184	0.256	4.71877352170716e-42	RNF34	c1
1.41734050157492e-46	-0.27749385266388	0.077	0.124	4.75347657418197e-42	C17orf49	c1
1.48273783870696e-46	-0.460172214256239	0.037	0.071	4.9728061634554e-42	ATAD3A	c1
1.52442578673317e-46	-0.301916210065929	0.068	0.113	5.11261920354572e-42	RNF8	c1
1.57815831699324e-46	-0.213112923610182	0.318	0.414	5.29282736353193e-42	MOB4	c1
1.58065614813956e-46	-0.243086966402445	0.143	0.205	5.30120458963045e-42	CBFB	c1
1.58652103656638e-46	-0.218658901990689	0.403	0.503	5.32087425243631e-42	SS18L2	c1
1.60006714675733e-46	-0.293443549217415	0.14	0.201	5.36630519679473e-42	FBXW11	c1
1.61511299625306e-46	-0.204502735836649	0.211	0.29	5.41676596683352e-42	GNG10	c1
1.61661119167889e-46	-1.1136590701532	0.017	0.042	5.42179061465267e-42	ADARB2	c1
1.65807938423588e-46	-0.758010784813351	0.025	0.055	5.56086663885031e-42	LRRC8B	c1
1.67779295141521e-46	-0.20747262280776	0.257	0.344	5.62698200045633e-42	MLX	c1
1.7219874260196e-46	-0.682208761279705	0.032	0.064	5.77520142938453e-42	ST3GAL2	c1
1.79306554399269e-46	-0.222587966440166	0.198	0.273	6.01358322144268e-42	EIF2AK1	c1
1.79687158284626e-46	0.338311088425329	0.463	0.438	6.02634791454979e-42	FKBP2	c1
1.89255342113841e-46	-0.236599049462195	0.124	0.182	6.347245663814e-42	AGK	c1
2.00862398388562e-46	-1.38588251750433	0.01	0.033	6.73652311715558e-42	LINC01684	c1
2.05398724567994e-46	-0.187392323324925	0.202	0.279	6.8886624245614e-42	LCMT1	c1
2.0915494683056e-46	-0.213926238094425	0.264	0.352	7.01463860680331e-42	MRPL4	c1
2.24173169966911e-46	-0.240067122284245	0.098	0.151	7.51831977435025e-42	DPM1	c1
2.24985143314812e-46	-0.356059744579441	0.093	0.142	7.54555173649216e-42	FAM126B	c1
2.50122320271571e-46	-0.477592929226442	0.093	0.141	8.38860237726794e-42	SKAP2	c1
2.53827064692282e-46	-0.275215843409831	0.136	0.196	8.51285209564976e-42	MKL1	c1
2.61262622847195e-46	-0.418913955928093	0.078	0.124	8.76222584504923e-42	ARAP1	c1
2.62336819546964e-46	-0.662548428613793	0.031	0.063	8.79825225396607e-42	KLHL2	c1
2.62817572648783e-46	-4.35909830368476	0.001	0.016	8.81437575149488e-42	KIR2DL3	c1
2.99822366211529e-46	-0.13389007547817	0.985	0.981	1.00554425180022e-41	MYL6	c1
3.00162051061599e-46	-0.451998047389487	0.064	0.106	1.00668348685039e-41	BISPR	c1
3.06582976597764e-46	-0.205394152215039	0.287	0.378	1.02821798691358e-41	C14orf119	c1
3.10054222339717e-46	-0.196191639647427	0.286	0.375	1.03985985088294e-41	CHMP4A	c1
3.1700075419376e-46	-0.261193742993096	0.118	0.175	1.06315712941503e-41	TRMT2A	c1
3.23860199744568e-46	-0.206224246865584	0.311	0.404	1.08616233790333e-41	GOLPH3	c1
3.27553196932899e-46	-0.2121839430974	0.156	0.223	1.09854791187356e-41	ATP6V1B2	c1
3.29793593266543e-46	-0.576438731348646	0.034	0.067	1.10606175309733e-41	TAF6L	c1
3.32515590170961e-46	-0.188666317897079	0.495	0.588	1.11519078631537e-41	SF3B5	c1
3.50930617001345e-46	-0.424121091707872	0.08	0.127	1.17695110329911e-41	NPC1	c1
3.61675682386944e-46	-1.38657465708986	0.003	0.02	1.21298790358933e-41	RECQL4	c1
3.62568096702933e-46	-0.255299988112122	0.12	0.177	1.2159808827223e-41	RBM10	c1
3.66617669938645e-46	-0.191046162373692	0.216	0.295	1.22956234144023e-41	UBA3	c1
3.66976124344071e-46	-0.822942763480248	0.012	0.035	1.23076452582515e-41	TST	c1
3.80068463606711e-46	-0.24574145222345	0.181	0.251	1.27467361324419e-41	TRIM38	c1
3.89262952535737e-46	-0.370147217730944	0.058	0.099	1.30551009021436e-41	LRRC28	c1
4.03224611887992e-46	-0.266998362823705	0.121	0.179	1.35233470334995e-41	TMEM138	c1
4.08329937639049e-46	-0.186440570136151	0.12	0.178	1.36945694485384e-41	BLMH	c1
4.28318408376561e-46	-0.19492535604582	0.552	0.635	1.43649427801331e-41	NDUFB9	c1
4.42355425815414e-46	-0.745439604784864	0.022	0.051	1.48357162709974e-41	PABPC1L	c1
4.42458594820185e-46	-0.519189452802018	0.041	0.076	1.48391763530794e-41	UBL7-AS1	c1
4.70779879925316e-46	-0.572013818257762	0.029	0.06	1.57890156129352e-41	ZNF714	c1
5.3750869270768e-46	-0.202764855987078	0.171	0.241	1.80269665360302e-41	ATG101	c1
5.42638356548796e-46	-0.37854615494454	0.058	0.098	1.81990052019335e-41	GLYCTK	c1
5.91914702972522e-46	-0.251500414554247	0.128	0.187	1.98516353082924e-41	FLYWCH2	c1
5.95656126308436e-46	-0.27530062022763	0.128	0.187	1.99771151641323e-41	LUC7L	c1
6.15326841648435e-46	-0.235019708450157	0.166	0.232	2.06368316152052e-41	NMRAL1	c1
6.15547858549322e-46	-1.69152990576078	0.004	0.022	2.06442440800272e-41	ARHGEF39	c1
6.24113266877992e-46	-0.233180997819998	0.254	0.336	2.09315107445541e-41	ZNF638	c1
6.38614525698112e-46	-0.177809513346374	0.189	0.263	2.14178539628633e-41	NRBF2	c1
6.66299484224375e-46	-0.228993964818195	0.163	0.229	2.23463521019171e-41	UBALD2	c1
6.69527220190831e-46	-0.43557118578862	0.057	0.097	2.24546039107601e-41	SLC12A9	c1
7.00424109001475e-46	-0.404025586400105	0.071	0.115	2.34908237676915e-41	POLR2J3.1	c1
7.52386193055783e-46	-0.36789689479407	0.062	0.104	2.52335281427049e-41	ACP2	c1
8.1940568432523e-46	-0.210577175961036	0.322	0.411	2.74812278408996e-41	SUPT4H1	c1
8.38055959302357e-46	-0.353508192703178	0.068	0.112	2.81067207630824e-41	RAB21	c1
8.69047772088953e-46	-1.02645274787139	0.019	0.046	2.91461241803193e-41	MYO6	c1
8.73789923907639e-46	-0.17081738542226	0.673	0.752	2.93051664680144e-41	ATP6V0C	c1
8.90609320410431e-46	-0.54466652484817	0.052	0.09	2.9869255387925e-41	RASA1	c1
9.22685117100665e-46	-0.240774996011644	0.236	0.314	3.09450134573221e-41	SETX	c1
9.40201392202297e-46	-0.381144910158378	0.089	0.137	3.15324742916806e-41	TNRC6A	c1
9.56204766577415e-46	-0.509231598651081	0.054	0.093	3.20691954614733e-41	SESN2	c1
9.69149322977103e-46	-0.175122164863646	0.184	0.257	3.25033299940061e-41	GRHPR	c1
9.73448910976884e-46	-0.274891987172102	0.116	0.171	3.26475295763427e-41	CNOT3	c1
1.00520150494084e-45	-0.273854664175206	0.131	0.19	3.37124480727059e-41	CCDC82	c1
1.0341200188005e-45	-1.1249631850003	0.006	0.025	3.46823171905313e-41	C21orf58	c1
1.04864360836112e-45	-0.22210560966357	0.18	0.251	3.51694093372151e-41	PBRM1	c1
1.05245633302147e-45	-0.386195439363263	0.061	0.103	3.5297280496874e-41	POLR2J3	c1
1.08278170885243e-45	-0.224446017898124	0.371	0.462	3.63143329514929e-41	PRKACB	c1
1.08429278925968e-45	-0.408891137882928	0.067	0.11	3.63650115661911e-41	WDR59	c1
1.10764380473883e-45	-0.341902451008694	0.063	0.105	3.71481579233308e-41	PSME4	c1
1.12295359543624e-45	-0.18492906694908	0.19	0.264	3.76616176837406e-41	JOSD2	c1
1.14982049920535e-45	-0.225866392350824	0.285	0.372	3.85626799023489e-41	ATXN2L	c1
1.17196459349073e-45	-0.311595578189017	0.053	0.092	3.93053485364921e-41	BAG2	c1
1.24394677875239e-45	-2.24302237957877	0.004	0.022	4.17194870657975e-41	BFSP2	c1
1.28567996923436e-45	-0.302587624184812	0.161	0.224	4.31191348081818e-41	CNST	c1
1.40154888303927e-45	-0.345115186820408	0.071	0.115	4.70051464393709e-41	TRMU	c1
1.4239743768558e-45	-0.214913978037479	0.12	0.177	4.77572526509898e-41	MRPL46	c1
1.48468676311581e-45	-0.259554231517291	0.116	0.172	4.97934246613781e-41	POLR2D	c1
1.52101472021766e-45	-0.344364665437118	0.103	0.154	5.10117916866598e-41	DDAH2	c1
1.53615914380737e-45	-0.440325636615864	0.04	0.076	5.15197053650115e-41	SASS6	c1
1.60207238918345e-45	-0.223886503156802	0.16	0.226	5.37303037884346e-41	DCAF8	c1
1.65655829494029e-45	-0.31664314476231	0.067	0.111	5.55576520957073e-41	TMED1	c1
1.71461217026777e-45	-0.268080785393576	0.085	0.133	5.75046629664406e-41	CREB3	c1
1.81700933697359e-45	-0.397149278012409	0.049	0.087	6.09388591434203e-41	C12orf73	c1
1.88547659609609e-45	-0.336788933827158	0.115	0.169	6.32351140798706e-41	CCNT2	c1
2.03593256859635e-45	-0.193032624845391	0.625	0.705	6.82811064855843e-41	HNRNPU	c1
2.04200927780889e-45	-0.220574215656133	0.226	0.303	6.84849071591545e-41	ARID4A	c1
2.08176638890649e-45	-0.254631520025347	0.1	0.152	6.98182811511458e-41	TRAF2	c1
2.09456952725091e-45	-0.247693125018826	0.167	0.234	7.02476728049411e-41	HUWE1	c1
2.18617447864886e-45	0.538367046852017	0.21	0.165	7.33199196649253e-41	LRRN3	c1
2.18667314110959e-45	-0.262593783997313	0.148	0.211	7.33366438065334e-41	SCAF4	c1
2.2969208590771e-45	-0.368683852504353	0.073	0.117	7.70341317717278e-41	SCAMP4	c1
2.5589783033248e-45	-0.237821641090039	0.102	0.155	8.5823014336907e-41	DDX52	c1
2.60468465853593e-45	-0.309752263831084	0.09	0.139	8.73559140779779e-41	BROX	c1
2.62220666325527e-45	-0.307605075407217	0.103	0.155	8.79435670722552e-41	TWF1	c1
2.92265898743408e-45	-0.219526304633196	0.194	0.267	9.80201371205641e-41	HARS	c1
2.99298721353083e-45	-0.237771313580496	0.166	0.232	1.00378805167397e-40	EBP	c1
3.07284534790204e-45	-0.190214829456576	0.199	0.275	1.03057087277939e-40	SMIM15	c1
3.25208049627487e-45	-1.32129175984242	0.008	0.028	1.09068275684067e-40	LINC00467	c1
3.28002486946871e-45	-0.247192903751493	0.136	0.196	1.10005474072242e-40	GIGYF2	c1
3.53824242626253e-45	-0.315477810807346	0.072	0.117	1.18665574491993e-40	TTC7A	c1
3.62820582107325e-45	-0.324317323677359	0.087	0.135	1.21682766827155e-40	POLB	c1
3.70297990118787e-45	-0.348732525148782	0.061	0.102	1.24190539926039e-40	UCK1	c1
3.74374166066508e-45	-0.311639976185193	0.077	0.122	1.25557607815385e-40	RBM4B	c1
3.75808640795538e-45	-0.987398974589699	0.013	0.036	1.26038701950007e-40	FADS2	c1
3.77775450765201e-45	-0.200185720014581	0.277	0.363	1.26698330677633e-40	ATF4	c1
3.8466243511675e-45	-0.190756443566894	0.165	0.234	1.29008087489456e-40	HDAC3	c1
3.89060505261133e-45	-0.394468799368761	0.099	0.148	1.30483112254479e-40	MYO5A	c1
4.01146942585351e-45	-1.9259731370766	0.005	0.023	1.34536661604275e-40	LINC02384	c1
4.08235808792316e-45	-0.723890153622399	0.015	0.04	1.36914125552767e-40	CHEK2	c1
4.20870884058744e-45	-0.203687377972344	0.32	0.412	1.41151677095622e-40	DCTN2	c1
4.25727731004582e-45	-0.241916241776904	0.226	0.302	1.42780566424317e-40	COMMD7	c1
4.29499474588587e-45	-0.325867879787765	0.131	0.188	1.4404553378752e-40	CALCOCO1	c1
4.69739946650518e-45	-0.33341545136915	0.081	0.128	1.57541383307651e-40	BRAP	c1
4.76280574132011e-45	-0.319682781716423	0.076	0.121	1.59734978952394e-40	ARV1	c1
4.92334691030983e-45	-0.196476335747962	0.252	0.337	1.65119208677971e-40	COMMD8	c1
5.32131051262211e-45	-0.55962013940384	0.055	0.094	1.7846611197232e-40	NF1	c1
5.4272817314672e-45	-0.215580645917506	0.084	0.133	1.82020174709947e-40	TACO1	c1
6.08517432309545e-45	-0.202886788259102	0.244	0.327	2.04084576447975e-40	B3GAT3	c1
6.17199856310735e-45	-0.210015849233704	0.185	0.256	2.06996487809494e-40	GLTP	c1
6.30659538227765e-45	-0.578936525550411	0.038	0.072	2.11510595930828e-40	KLHL42	c1
6.64875115178504e-45	-1.75066011701043	0.004	0.022	2.22985816128567e-40	LINC01572	c1
6.68617779616967e-45	-0.202316097271234	0.111	0.166	2.24241030927938e-40	COMMD9	c1
6.77003433190214e-45	-0.204391578200057	0.289	0.378	2.27053411423334e-40	IRF3	c1
6.8242575450252e-45	-0.301005536877897	0.076	0.122	2.28871949545055e-40	MAD2L1BP	c1
6.96588500557879e-45	-0.200193306233694	0.153	0.218	2.33621851317101e-40	CTBP1	c1
7.62270313445312e-45	-0.255980814977123	0.129	0.187	2.55650217723289e-40	GLB1	c1
7.70218820266271e-45	-0.219133116191022	0.249	0.33	2.58315987940902e-40	CHORDC1	c1
7.94968997918557e-45	-0.34837872297337	0.069	0.113	2.66616702521926e-40	ALG6	c1
8.76825602036242e-45	-0.224559131218482	0.333	0.425	2.94069770410915e-40	STXBP2	c1
9.27487514159914e-45	-0.459599548507904	0.034	0.067	3.11060762498952e-40	APOPT1	c1
1.00084884803834e-44	-0.34061249162074	0.084	0.131	3.35664686655097e-40	HMGXB3	c1
1.00103048616794e-44	-0.198336226296497	0.39	0.488	3.35725604451005e-40	POLR2J	c1
1.01893466902379e-44	-0.204349186110092	0.205	0.279	3.41730309297198e-40	FAM133B	c1
1.04081232441766e-44	-0.219604953250122	0.879	0.898	3.49067637363193e-40	ZFP36L1	c1
1.08491624425997e-44	-0.16674296469683	0.75	0.806	3.63859209999908e-40	SEPT9	c1
1.12974886537453e-44	-0.420911136042913	0.059	0.099	3.78895174469311e-40	SLF2	c1
1.15252961750578e-44	-0.213150475893313	0.132	0.193	3.8653538311909e-40	DNASE2	c1
1.21983337979773e-44	-0.24485951958609	0.413	0.501	4.09107718916564e-40	HERPUD1	c1
1.24234492459979e-44	-0.206323315858855	0.119	0.176	4.16657640812279e-40	GNL2	c1
1.26295281540997e-44	-0.386315649466911	0.056	0.096	4.23569115232194e-40	FAM76B	c1
1.33058714712809e-44	-0.251454525048538	0.136	0.195	4.46252317403819e-40	ZRSR2	c1
1.36047033530694e-44	-1.08460543049891	0.006	0.025	4.56274541055241e-40	GINS3	c1
1.36392936731454e-44	-0.191383906367137	0.303	0.391	4.57434631209952e-40	GLUD1	c1
1.37165591045941e-44	-0.237777103043116	0.12	0.176	4.60025959249876e-40	RNPEP	c1
1.42158192560366e-44	-0.286826069166862	0.124	0.181	4.76770146208955e-40	ANKRD13D	c1
1.48262590711931e-44	-0.21179678760151	0.216	0.292	4.97243076729675e-40	MECP2	c1
1.51197639673339e-44	-0.267608262087511	0.102	0.154	5.07086643936444e-40	SMG6	c1
1.52766838497346e-44	-0.210458567085262	0.179	0.248	5.12349422952399e-40	POLR3K	c1
1.58510639431248e-44	-0.337539429582849	0.072	0.116	5.31612982524519e-40	GPATCH2	c1
1.66271092587741e-44	-0.189361224664843	0.631	0.707	5.57639990320766e-40	WAS	c1
1.71206071618652e-44	-0.455751207371704	0.051	0.089	5.74190922994635e-40	ZDHHC21	c1
1.85773312978253e-44	-0.259124876232391	0.183	0.251	6.23046537066464e-40	SMC5	c1
1.8618065436894e-44	-0.360843361316839	0.048	0.085	6.2441267862255e-40	AC084033.3	c1
1.88754099542749e-44	-0.172199987692643	0.627	0.703	6.33043499046471e-40	SELENOH	c1
2.05066738498656e-44	-0.286294503847795	0.239	0.315	6.87752827576794e-40	IFI6	c1
2.05716115761844e-44	-0.359369567642024	0.075	0.119	6.89930709042074e-40	HSDL2	c1
2.07929143214064e-44	-0.24080074094304	0.076	0.121	6.97352760511327e-40	UBE2M	c1
2.11846004384244e-44	-0.297884420406203	0.11	0.163	7.10489129503877e-40	USP9X	c1
2.13774160543253e-44	-1.11501988695284	0.012	0.034	7.16955779629961e-40	HIST1H4H	c1
2.23840975599978e-44	-0.185087180053918	0.305	0.395	7.50717863967205e-40	GSTO1	c1
2.42694500639574e-44	-0.46011434393348	0.042	0.077	8.13948816245002e-40	VIPAS39	c1
2.42879198523183e-44	-0.346686570413894	0.103	0.153	8.14568256007052e-40	LEMD3	c1
2.52002004401167e-44	-0.758865438634032	0.027	0.056	8.45164322360634e-40	MAFG	c1
2.62367057949968e-44	-0.204211762366397	0.445	0.544	8.79926638952603e-40	SF3A2	c1
2.64235943422774e-44	-0.37407354733358	0.078	0.123	8.861945070513e-40	NR2C2	c1
2.75047249378943e-44	-0.298271259185278	0.139	0.197	9.22453464967099e-40	GGA2	c1
2.76661974768479e-44	-0.336987187354724	0.075	0.12	9.27868930978525e-40	PXK	c1
2.78172856915677e-44	-3.93194108209567	0.001	0.016	9.32936127523796e-40	TIMD4	c1
2.81123490186196e-44	-0.221181068379789	0.089	0.138	9.42831961386463e-40	MRPL35	c1
2.88575321801768e-44	-0.474910736397482	0.056	0.095	9.67823914258768e-40	TMEM206	c1
2.91448578666658e-44	-0.214862385000881	0.204	0.279	9.77460243132237e-40	TDG	c1
3.01070540774996e-44	-0.370811124555092	0.062	0.103	1.00973037965118e-39	ZHX1	c1
3.02844174372817e-44	-0.368098319142667	0.092	0.14	1.01567879201156e-39	GSR	c1
3.0591683549542e-44	1.39658540507361	0.028	0.012	1.02598388288454e-39	KLF5	c1
3.22081245431766e-44	-0.204538371946758	0.113	0.168	1.08019608092906e-39	CINP	c1
3.26519909030782e-44	-0.203564059697438	0.263	0.346	1.09508247090744e-39	STAG2	c1
3.41477753597485e-44	-0.199067206433871	0.573	0.655	1.14524809001525e-39	BSG	c1
3.46035477612746e-44	-0.318088368801909	0.088	0.135	1.16053378481763e-39	DPH7	c1
3.46176500670981e-44	-0.107554653086812	1	0.997	1.16100674795034e-39	PTMA	c1
3.71399629579233e-44	-1.07979710154376	0.021	0.047	1.24560007768283e-39	AF165147.1	c1
3.74598880920153e-44	-0.303093568084613	0.234	0.307	1.25632972683001e-39	FAS	c1
3.87481481185073e-44	-0.481474714369052	0.047	0.083	1.2995353915985e-39	ZNF668	c1
4.35545897400749e-44	-4.37375539048975	0.001	0.015	1.46073383070263e-39	IGHM	c1
4.51543386284219e-44	-0.178633850249683	0.618	0.687	1.51438620892001e-39	COPE	c1
5.19826879959899e-44	-0.358859341380204	0.07	0.113	1.74339539000951e-39	SUGP2	c1
5.268306349859e-44	-0.22575004973824	0.135	0.194	1.76688458361571e-39	CDK9	c1
5.30096462544372e-44	-0.482630237461696	0.057	0.095	1.77783751608131e-39	KDM4B	c1
5.33017801887003e-44	-2.14868965611764	0.004	0.022	1.78763510396863e-39	EPHA4	c1
5.4133764005323e-44	-0.577881135491739	0.042	0.077	1.81553817721052e-39	OSBPL7	c1
5.52859868315198e-44	-0.262671769425899	0.083	0.129	1.85418142635551e-39	C16orf91	c1
5.53212975280114e-44	-0.468276560743241	0.06	0.1	1.85536567649444e-39	ZNF266	c1
5.63447760284941e-44	-0.297756179392921	0.124	0.179	1.88969109844363e-39	CDK13	c1
5.82760300124889e-44	-0.178529803592086	0.216	0.293	1.95446149455885e-39	BFAR	c1
6.26656826639965e-44	-0.423003651636424	0.057	0.097	2.10168166518511e-39	GMDS-DT	c1
6.7027760185586e-44	-0.215296379787331	0.171	0.238	2.24797702110418e-39	PITPNB	c1
6.87494403037666e-44	-3.88145879127222	0.001	0.015	2.30571872890773e-39	DPF3	c1
7.15734105836373e-44	-0.19956106519244	0.155	0.219	2.40042904415403e-39	BABAM1	c1
7.27410812192346e-44	-0.332027872184156	0.083	0.129	2.43959038193069e-39	ICAM1	c1
7.27967062242143e-44	-0.253154230585518	0.16	0.223	2.4414559333477e-39	GPCPD1	c1
7.3840909427795e-44	-0.200919265228244	0.13	0.189	2.47647642038939e-39	TRIAP1	c1
7.42775234376598e-44	-1.08400776190997	0.018	0.043	2.49111958105223e-39	SLC14A1	c1
7.49680890299109e-44	-0.398225775247822	0.045	0.081	2.51427976988515e-39	SPATA33	c1
7.63983706809263e-44	-0.319446373843291	0.065	0.107	2.56224855589691e-39	PUDP	c1
8.24262060933193e-44	-0.216637791331225	0.41	0.5	2.76441009995774e-39	MRPL54	c1
8.33636974227943e-44	-0.284240481422686	0.105	0.156	2.79585168416567e-39	DOCK11	c1
8.40679287411517e-44	-0.20916708742065	0.169	0.236	2.81947019412075e-39	TRNAU1AP	c1
8.57823401404044e-44	-0.330050781643026	0.108	0.16	2.87696812362888e-39	MAP3K4	c1
8.8045097559613e-44	-0.308092199163422	0.192	0.256	2.9528564819543e-39	NUDT1	c1
8.97697998249167e-44	-0.345699560975682	0.054	0.092	3.01069954652806e-39	PCCB	c1
8.99909651941707e-44	-0.223091989781031	0.136	0.196	3.0181169906821e-39	GSS	c1
9.03517545429112e-44	-0.197575637984	0.321	0.411	3.03021714386015e-39	PCM1	c1
9.69814013293798e-44	-0.306815684737855	0.06	0.1	3.25256223778474e-39	GPN2	c1
1.03420901814069e-43	-0.208709677874503	0.21	0.284	3.46853020504026e-39	SP3	c1
1.05322967846058e-43	-1.70553955195543	0.006	0.025	3.53232169562109e-39	MIR9-3HG	c1
1.0575067848242e-43	-0.550130078231626	0.034	0.066	3.54666625494342e-39	XXYLT1	c1
1.07145018682435e-43	-0.263896304392941	0.098	0.149	3.59342963657152e-39	PDS5B	c1
1.0724874166618e-43	-0.19772677947806	0.392	0.49	3.59690829800033e-39	MAPK1IP1L	c1
1.09730204947894e-43	-0.196126682579085	0.317	0.409	3.68013161354246e-39	PPP6C	c1
1.21345146329869e-43	-0.379916479071929	0.087	0.133	4.06967351761116e-39	LRCH3	c1
1.33501591916979e-43	-0.267030016340983	0.296	0.373	4.47737638971165e-39	DNMT1	c1
1.40540994907258e-43	-0.273069519217588	0.089	0.136	4.71346388719962e-39	PIGBOS1	c1
1.42516472623194e-43	-0.245425177214869	0.103	0.154	4.77971745883667e-39	DPP9	c1
1.45239913770648e-43	1.12262609609821	0.043	0.022	4.87105622804001e-39	AC103724.3	c1
1.45933852005435e-43	-2.47668632200049	0.004	0.02	4.89432952855829e-39	LINC00891	c1
1.54886490590571e-43	-0.210520364304543	0.467	0.563	5.19458312142658e-39	LSM8	c1
1.56956722963489e-43	-0.167719502045047	0.863	0.88	5.2640145747495e-39	LCP1	c1
1.69927409598566e-43	-0.173857231216337	0.225	0.304	5.69902546311672e-39	COPS2	c1
1.7236411452787e-43	-0.186537867352011	0.213	0.289	5.7807476730357e-39	CHMP4B	c1
1.72489696185398e-43	-1.16874327635435	0.011	0.032	5.78495943066589e-39	AC093157.1	c1
1.74015343618108e-43	-0.268067686176477	0.26	0.338	5.83612659426411e-39	PTP4A1	c1
1.75612557705717e-43	-1.29823824296113	0.014	0.037	5.88969396033433e-39	IL17RE	c1
1.7593319550775e-43	-0.202672820698832	0.14	0.201	5.9004475109389e-39	UCHL3	c1
1.82804941294126e-43	-0.175072741934125	0.579	0.666	6.1309121211224e-39	GNAS	c1
1.85226069086705e-43	-0.353880646242465	0.077	0.121	6.21211190502993e-39	SPRTN	c1
1.8987503221043e-43	-0.188587909769085	0.131	0.19	6.3680288302734e-39	CISD1	c1
1.92061590559378e-43	-0.228178984175494	0.17	0.236	6.44136162418042e-39	DNAJC2	c1
2.00744820097542e-43	-0.341216074915206	0.071	0.113	6.73257977643138e-39	TRIM41	c1
2.12521677776416e-43	-0.400147232524529	0.056	0.095	7.12755202926544e-39	MINPP1	c1
2.12766544541957e-43	-0.20816135410886	0.284	0.369	7.13576437084814e-39	ITGB1BP1	c1
2.15371691664237e-43	-0.216405990481131	0.188	0.257	7.22313579503516e-39	CLPTM1	c1
2.40923621838866e-43	-6.82791819416078	0	0.014	8.08009642923189e-39	IGKV3OR2-268	c1
2.4872991383331e-43	1.54333542415721	0.027	0.011	8.34190385014154e-39	SECTM1	c1
2.49649152230376e-43	-0.3623004258455	0.08	0.125	8.37273326750233e-39	SLC35B3	c1
2.53797587197307e-43	-0.282390540654567	0.087	0.134	8.5118634794233e-39	FBXO22	c1
2.73995853839473e-43	-0.236736050598009	0.115	0.169	9.18927294606824e-39	SLC50A1	c1
2.88498699000092e-43	-0.21009547354961	0.183	0.252	9.67566936706508e-39	ARID1A	c1
2.92760220173359e-43	0.18352957195604	0.764	0.754	9.8185922641741e-39	ZFAS1	c1
3.0024642869876e-43	-0.485463258736059	0.027	0.056	1.0069664725699e-38	CORO1C	c1
3.0321989047582e-43	-0.214446233146276	0.183	0.252	1.0169388686778e-38	IL10RB	c1
3.03833202573509e-43	-0.198257584267513	0.505	0.604	1.01899579479103e-38	UBE2B	c1
3.07312909332126e-43	-0.26439300118728	0.16	0.222	1.03066603531808e-38	FKBP4	c1
3.26092758163989e-43	0.422556001371499	0.296	0.25	1.09364989233039e-38	CISH	c1
3.26238893749541e-43	-0.15413155996441	0.756	0.811	1.09414000185721e-38	PRR13	c1
3.33318189681499e-43	-0.444585993620657	0.084	0.129	1.11788254455381e-38	MAP3K1	c1
3.44254098251477e-43	-0.225393574999844	0.122	0.178	1.1545593947158e-38	RPF1	c1
3.45219621459713e-43	-0.606811228330656	0.023	0.051	1.15779756645158e-38	BORA	c1
3.46723257911991e-43	-0.20171071691936	0.276	0.36	1.16284046238523e-38	DCAF7	c1
3.62125386610048e-43	-0.596559088410988	0.037	0.069	1.21449612161278e-38	PPP2R5B	c1
4.08529794840842e-43	-0.288540228199658	0.127	0.182	1.37012722593722e-38	POR	c1
4.10315223842617e-43	-0.303179447692127	0.095	0.144	1.37611519772337e-38	OPA1	c1
4.17671667247532e-43	-0.157057694657017	0.691	0.75	1.40078723761477e-38	TRAPPC1	c1
4.40372351408989e-43	-0.351064399143483	0.057	0.096	1.47692079215547e-38	USF1	c1
4.58231343200501e-43	-0.33485056831919	0.066	0.108	1.53681627882584e-38	GOSR2	c1
4.90668704057225e-43	-2.66074580979318	0.001	0.015	1.64560469966712e-38	WDR62	c1
4.92677601668433e-43	-0.29752152135273	0.063	0.104	1.65234214047559e-38	OGFOD2	c1
4.98729906191468e-43	-0.780193398652214	0.012	0.035	1.67264035938495e-38	SAP30	c1
5.15633585657447e-43	1.07363305275624	0.052	0.029	1.72933191957794e-38	LOXL1-AS1	c1
5.18322220633593e-43	-0.213514217582121	0.175	0.242	1.73834906356095e-38	NUP50	c1
5.26332086181045e-43	-0.576702052812208	0.025	0.053	1.76521255063399e-38	PDXP	c1
5.30705748535199e-43	-0.668518707265646	0.036	0.068	1.77988093943735e-38	PDK1	c1
5.4739562522127e-43	-0.239084470057526	0.096	0.146	1.83585544786709e-38	BUD13	c1
5.50419121596364e-43	-0.180680731601876	0.247	0.331	1.84599565000988e-38	LSM10	c1
5.50670550819483e-43	-0.21482589575278	0.201	0.274	1.84683889333838e-38	EML3	c1
5.61048644117405e-43	-0.371976458409998	0.089	0.135	1.88164494264095e-38	SLC35E2B	c1
5.64271023804495e-43	-0.481028346151354	0.066	0.107	1.89245215963552e-38	THADA	c1
6.15579475734504e-43	-1.61641910773655	0.007	0.025	2.06453044571838e-38	DMWD	c1
6.28857067834888e-43	-0.239059260564042	0.084	0.131	2.10906083410465e-38	WDR5	c1
6.59844268240982e-43	-0.255305839555734	0.147	0.207	2.2129857068266e-38	KRI1	c1
7.08003388827942e-43	-0.408748172074851	0.057	0.095	2.37450176545115e-38	USP12	c1
7.33318968470397e-43	-0.663568460096916	0.028	0.057	2.45940515645602e-38	ZNRF2	c1
7.41801477483073e-43	-0.236225869129064	0.111	0.164	2.48785379518273e-38	MAP3K11	c1
7.87351889758149e-43	-0.353961730188515	0.088	0.134	2.64062076787088e-38	POLM	c1
7.99690602564246e-43	-0.425006354556373	0.063	0.103	2.68200234287997e-38	BCOR	c1
8.0347387651812e-43	-0.302616805253586	0.091	0.138	2.69469068706647e-38	LARP1	c1
8.08354651419725e-43	-0.2687334333028	0.095	0.144	2.71105982993147e-38	CHAMP1	c1
8.17969293678451e-43	-0.247334513959059	0.129	0.186	2.74330541713879e-38	SPAG9	c1
8.46856284921085e-43	-0.218813189746056	0.226	0.301	2.84018660836833e-38	UBASH3A	c1
9.13523559897292e-43	-1.25602834206495	0.007	0.026	3.06377531518354e-38	HIST1H2AE	c1
9.25057195980371e-43	-0.208480497677205	0.487	0.585	3.10245682387897e-38	EPC1	c1
9.52781718868401e-43	-0.222344586276497	0.133	0.191	3.19543932874084e-38	DCAF13	c1
1.03034547678661e-42	-1.2164996779628	0.007	0.027	3.45557266004693e-38	HIST1H2BJ	c1
1.07290266968952e-42	-0.556435360261542	0.026	0.055	3.59830097360473e-38	NUDT8	c1
1.07545636348822e-42	-0.324244055364629	0.092	0.14	3.60686555186681e-38	ZNF195	c1
1.08935514485355e-42	-0.507681110040886	0.042	0.076	3.65347928480982e-38	SLC4A2	c1
1.12868680996244e-42	-0.180550663551064	0.602	0.671	3.78538982325205e-38	COX7B	c1
1.13146858151435e-42	-0.242522325408604	0.126	0.182	3.79471932868284e-38	LRRC41	c1
1.17053101258288e-42	-0.193666512448026	0.429	0.526	3.92572691000047e-38	LSM14A	c1
1.17090376340435e-42	-6.54189977291564	0	0.013	3.92697704170552e-38	AC120193.1	c1
1.20952798166919e-42	-0.22684941465239	0.275	0.357	4.05651494492214e-38	MLEC	c1
1.22150120299554e-42	-0.308976499484701	0.092	0.139	4.09667073460643e-38	ACSS1	c1
1.23000890110671e-42	-0.200801465658458	0.524	0.614	4.1252038525317e-38	DYNLRB1	c1
1.26135322250989e-42	-0.218363899569902	0.205	0.277	4.23032643765368e-38	PPWD1	c1
1.27383754610267e-42	-0.221066372458236	0.1	0.151	4.27219636211914e-38	PIGX	c1
1.34583328514267e-42	-0.242873665064447	0.15	0.211	4.51365567171148e-38	GLYR1	c1
1.41556588543051e-42	-0.225420023696821	0.209	0.281	4.74752486655683e-38	MFSD14A	c1
1.49787957408302e-42	-0.606261748060012	0.052	0.088	5.02358851555965e-38	PGM2L1	c1
1.50008794037784e-42	-0.204267463574845	0.162	0.227	5.0309949344392e-38	TSN	c1
1.59512953174377e-42	-0.265466898638169	0.136	0.193	5.34974542356227e-38	RRN3	c1
1.59600645265153e-42	-0.200980850888328	0.26	0.343	5.35268644090272e-38	TRAPPC4	c1
1.62031169071399e-42	-0.324448606673057	0.08	0.125	5.43420134831657e-38	ATF7	c1
1.64257314977217e-42	1.73466049514277	0.021	0.008	5.50886182970591e-38	C11orf74	c1
1.83489460904536e-42	-0.227442889708686	0.116	0.17	6.15386953981634e-38	RAVER1	c1
1.87808006358486e-42	0.624885323784597	0.149	0.112	6.29870491725089e-38	C3AR1	c1
1.97021864776801e-42	-0.216874980751802	0.352	0.442	6.60771930088434e-38	KIF2A	c1
2.04476605440074e-42	-0.561126109287313	0.03	0.06	6.85773639324921e-38	RHBDD3	c1
2.05426888604764e-42	-0.389745679963264	0.068	0.109	6.88960699002659e-38	WDR11	c1
2.08433654291536e-42	-0.211652866130041	0.168	0.232	6.99044789762952e-38	PEPD	c1
2.10281231349012e-42	-0.240323716206828	0.199	0.267	7.05241193698318e-38	MORC3	c1
2.10307702019171e-42	-2.26495210224278	0.003	0.019	7.05329971031895e-38	RDH10	c1
2.1105252908368e-42	-0.192237996900477	0.551	0.635	7.07827972040847e-38	BZW1	c1
2.1424337407414e-42	-0.409454472334587	0.073	0.115	7.18529427969851e-38	DGKE	c1
2.20730972925004e-42	-0.248051232732708	0.138	0.195	7.4028753699588e-38	TIFA	c1
2.22086199844156e-42	-0.182421083333674	0.159	0.224	7.44832697037331e-38	MRPS10	c1
2.32490408086958e-42	-0.261411557904594	0.107	0.159	7.79726330642041e-38	MAGOHB	c1
2.49961841959978e-42	-0.23976522539678	0.179	0.245	8.38322025565374e-38	RBM6	c1
2.53902360401597e-42	-1.09355528104963	0.013	0.036	8.51537736314875e-38	SLFN12	c1
2.55467974618635e-42	0.211772194998368	0.673	0.665	8.56788493275978e-38	SEC61G	c1
2.58016055291385e-42	-0.445987405802232	0.049	0.085	8.65334246236246e-38	ANKRD26	c1
2.60409882861189e-42	-0.211869985819853	0.275	0.358	8.73362665139854e-38	RAD23B	c1
2.89158052303884e-42	-0.530685338461415	0.043	0.077	9.69778275816766e-38	DNASE1	c1
2.94888486238007e-42	-0.39767628806872	0.053	0.091	9.88997005145028e-38	C2orf68	c1
3.01359958374691e-42	-0.625335927653107	0.025	0.053	1.01070102839704e-37	SRF	c1
3.02451173007424e-42	-0.287778731467652	0.094	0.142	1.0143607440323e-37	MAP3K7	c1
3.04788724927023e-42	-0.57929741349168	0.01	0.03	1.02220042566025e-37	CENPS-CORT	c1
3.05945133134252e-42	-1.46031749470537	0.002	0.018	1.02607878750565e-37	GINS1	c1
3.06619621434637e-42	-0.176694449881607	0.184	0.253	1.02834088636748e-37	TGS1	c1
3.07725744856095e-42	-0.44184732521708	0.023	0.05	1.03205060309837e-37	CEP152	c1
3.15300882645937e-42	-5.64311529627551	0	0.013	1.05745610021794e-37	ESPL1	c1
3.16991730320677e-42	-0.419759925100893	0.059	0.098	1.06312686514949e-37	BRPF1	c1
3.25920864122209e-42	-0.175078110527234	0.121	0.177	1.09307339409306e-37	MRPL2	c1
3.36006209871593e-42	-0.182047787223098	0.595	0.679	1.12689762666735e-37	SF3B2	c1
3.42433824194155e-42	-0.241309373846458	0.322	0.407	1.14845455958236e-37	CNIH1	c1
3.5061858250345e-42	-0.235032924641453	0.488	0.574	1.17590460200007e-37	SH3KBP1	c1
3.52794960248912e-42	-0.262508596937399	0.088	0.135	1.1832037376828e-37	WDR55	c1
3.69505397857357e-42	-0.216564476811669	0.19	0.258	1.23924720333401e-37	ME2	c1
3.84398597383533e-42	-0.410563790976846	0.04	0.073	1.28919601590489e-37	G6PC3	c1
3.85400319664506e-42	-0.294778532467937	0.184	0.248	1.29255559209082e-37	ZMYM2	c1
3.97065989988895e-42	-0.217055228487148	0.369	0.459	1.33167991722475e-37	ILF3	c1
4.52431273278185e-42	-0.445376518617222	0.048	0.083	1.51736400432038e-37	PDPR	c1
4.53108899690713e-42	-0.205894577291544	0.146	0.206	1.51963662778271e-37	KIAA1143	c1
4.68521459886954e-42	-0.239530787156828	0.112	0.164	1.57132727216887e-37	TPRA1	c1
4.74732651116619e-42	-0.186180045851867	0.149	0.211	1.59215836531492e-37	MFAP1	c1
4.92756865207895e-42	-0.226934918070784	0.284	0.363	1.65260797453424e-37	ERAP2	c1
5.04266325685665e-42	-1.13782832151534	0.014	0.036	1.69120840308458e-37	SPECC1	c1
5.26375442851843e-42	0.359373618118117	0.406	0.381	1.76535796023651e-37	LYSMD2	c1
5.28034730162112e-42	-0.230284459572548	0.115	0.168	1.77092287801769e-37	PPP2R5D	c1
5.38007302515509e-42	-0.205527055920272	0.121	0.176	1.80436889117651e-37	MRPL39	c1
5.50520548541583e-42	-0.289215082809138	0.124	0.178	1.84633581569876e-37	SFI1	c1
5.62796923430822e-42	-0.242531821005712	0.159	0.22	1.88750832180229e-37	DIDO1	c1
5.69164641711307e-42	-0.357268780524248	0.059	0.098	1.90886437537138e-37	GNB1L	c1
5.81983770363273e-42	-0.181102947177023	0.175	0.242	1.95185716904435e-37	CDK12	c1
6.14470120869998e-42	-0.194684182473293	0.109	0.161	2.0608098913738e-37	MCUR1	c1
6.23056463352788e-42	-0.226176011580454	0.177	0.242	2.08960676679258e-37	PACS1	c1
6.30292899483888e-42	-0.205150208186251	0.142	0.202	2.11387632628906e-37	PMPCA	c1
6.34936114253302e-42	-0.218107870291421	0.371	0.46	2.12944873998272e-37	PSTPIP1	c1
6.76727484783824e-42	-0.363403582803498	0.051	0.087	2.26960863846799e-37	C12orf4	c1
6.87310761529375e-42	-0.514834744451685	0.047	0.081	2.30510283201722e-37	ARL15	c1
7.13339497315984e-42	-0.45093555829926	0.101	0.148	2.39239800609835e-37	ZC3H12D	c1
7.30197384406163e-42	-0.188003961295786	0.195	0.266	2.44893598782139e-37	PDCD7	c1
7.41349007538097e-42	-4.19779463200999	0.001	0.015	2.48633630148127e-37	KLF7	c1
7.48841086475173e-42	-0.184733312430919	0.191	0.261	2.51146323582043e-37	TPGS2	c1
7.50691438573867e-42	-0.620851708668225	0.049	0.084	2.51766894668904e-37	AL157402.2	c1
7.52763064604211e-42	-0.242139534416984	0.099	0.148	2.5246167660696e-37	POLR2M	c1
7.6777553419511e-42	0.240295761958507	0.527	0.501	2.57496558658356e-37	PARP8	c1
7.84927388345703e-42	-0.193346102916809	0.367	0.461	2.63248947503382e-37	NUDC	c1
7.88246340389922e-42	-0.193762880783188	0.229	0.306	2.64362057639972e-37	CNOT8	c1
7.9088446878185e-42	-0.563760230992162	0.045	0.079	2.65246833140057e-37	DIP2B	c1
8.46243618392133e-42	-0.195426921796981	0.291	0.377	2.83813184736353e-37	USP16	c1
8.48453549284961e-42	-0.23740644966778	0.258	0.334	2.8455435135919e-37	TRAF1	c1
8.62081129598079e-42	-0.433423632238487	0.046	0.081	2.89124769244604e-37	AC025159.1	c1
8.79126507265975e-42	-0.274578574611614	0.088	0.135	2.94841448006863e-37	CLPX	c1
8.85163654798793e-42	-0.211219471103685	0.156	0.219	2.96866186546419e-37	IBTK	c1
8.95421493543265e-42	-0.386650316490261	0.051	0.088	3.0030646050454e-37	SCLY	c1
9.21463989655505e-42	-0.683049828218367	0.035	0.066	3.09040592850663e-37	AL359220.1	c1
9.23878423263564e-42	-0.207791081974983	0.46	0.551	3.09850345594134e-37	IQGAP1	c1
9.66835346879803e-42	-0.29239975772	0.076	0.119	3.24257238636548e-37	MRRF	c1
9.71181531875185e-42	-0.177082863649855	0.708	0.781	3.25714862160299e-37	ACAP1	c1
9.71926765864902e-42	-0.254417652384909	0.068	0.11	3.25964798735771e-37	FAHD2A	c1
1.00112790755647e-41	-0.34486805681327	0.067	0.108	3.3575827763629e-37	METTL4	c1
1.00523127114962e-41	-0.303672790838779	0.092	0.139	3.37134463718161e-37	AGPAT5	c1
1.00529756620239e-41	-0.222194821867964	0.13	0.186	3.37156697752957e-37	AP3M1	c1
1.03786833163424e-41	-0.210281923620335	0.084	0.13	3.48080281063492e-37	CCDC43	c1
1.06920295098495e-41	-0.224514890500567	0.414	0.501	3.58589285701333e-37	DCTN3	c1
1.11490381604897e-41	-0.407556263738271	0.061	0.1	3.73916441826504e-37	NRROS	c1
1.1294336620198e-41	-0.213763267219616	0.345	0.434	3.78789461568202e-37	CHD2	c1
1.14253025151509e-41	-0.327002683635698	0.065	0.106	3.83181795753132e-37	ABHD2	c1
1.17433551412879e-41	-0.517929207040211	0.05	0.086	3.93848644728513e-37	INPP5B	c1
1.17883397835036e-41	-0.635781484576171	0.023	0.049	3.95357339659145e-37	HIST1H2BC	c1
1.19889963937919e-41	-0.185394174401193	0.544	0.63	4.02086961054994e-37	FAM96B	c1
1.22457806100993e-41	-0.226540346805707	0.162	0.225	4.1069899010151e-37	ITFG1	c1
1.27347619241676e-41	-0.254498364085705	0.082	0.127	4.27098445412733e-37	RAD1	c1
1.27468866898556e-41	-0.195793121664095	0.345	0.435	4.27505085804376e-37	MEA1	c1
1.33772213249699e-41	-0.371400512792321	0.061	0.1	4.48645248796841e-37	UHRF1BP1L	c1
1.35573045437233e-41	-0.275931501911971	0.082	0.128	4.54684879787392e-37	ICMT	c1
1.36896973880574e-41	-0.856352727538966	0.017	0.041	4.5912507100067e-37	SLC26A6	c1
1.40075680082623e-41	-0.332893354512843	0.048	0.083	4.697858158611e-37	SEPHS1	c1
1.45089997981124e-41	-0.210894689296892	0.115	0.169	4.86602835229093e-37	YEATS4	c1
1.49296378742726e-41	-0.258607523337506	0.101	0.15	5.00710195027355e-37	PGS1	c1
1.51059110337966e-41	-0.239221565923136	0.257	0.334	5.06622044251471e-37	CENPX	c1
1.53010639435723e-41	-0.232986558447334	0.074	0.118	5.13167082539527e-37	PRIM2	c1
1.62396848587882e-41	-0.321705003683063	0.084	0.129	5.44646550794038e-37	DIS3	c1
1.66060285663975e-41	-0.344470197473306	0.056	0.093	5.56932986059838e-37	WDR41	c1
1.69367413080275e-41	-0.202849054312016	0.158	0.221	5.68024429988627e-37	DHX29	c1
1.69736323528256e-41	-0.294093651842544	0.094	0.141	5.69261681849065e-37	MEF2A	c1
1.85018614738764e-41	-0.195331041795247	0.267	0.349	6.20515430110868e-37	HIKESHI	c1
1.93996922704744e-41	-0.433992684957996	0.046	0.081	6.50626879367171e-37	IDNK	c1
1.98772490107179e-41	-0.230741451788806	0.141	0.199	6.66643177321458e-37	EXOSC9	c1
2.01585610716263e-41	-2.55591993109223	0.002	0.017	6.76077821220202e-37	CEBPA	c1
2.02383035262878e-41	-0.205340734207946	0.283	0.366	6.78752223664639e-37	TMEM259	c1
2.05677977728089e-41	-0.240603868163132	0.135	0.192	6.89802801704464e-37	SLAIN2	c1
2.13102437367198e-41	0.685180188267272	0.143	0.107	7.14702954442109e-37	SGK3	c1
2.142182958592e-41	-0.187611876140578	0.223	0.298	7.18445320652586e-37	FKBP3	c1
2.15737684077351e-41	-0.184288798769176	0.215	0.291	7.23541044858619e-37	MCTS1	c1
2.19894443377114e-41	-0.649456191859711	0.026	0.054	7.37481984198166e-37	IFT80	c1
2.22581422931983e-41	-1.58101639266457	0.004	0.02	7.46493576229285e-37	SCD	c1
2.39639324165625e-41	-0.20900420687878	0.212	0.284	8.03702365386672e-37	MZT1	c1
2.50460875822506e-41	-0.186388155709002	0.235	0.313	8.3999568533352e-37	PKN1	c1
2.57094485428217e-41	-0.322334821769298	0.145	0.201	8.62243485229153e-37	NLRP1	c1
2.63139673589815e-41	-0.377774052518324	0.069	0.11	8.82517837285521e-37	ALOX12-AS1	c1
2.63533463202344e-41	-0.303023100376552	0.078	0.121	8.83838528888022e-37	INTS12	c1
2.769958275661e-41	-0.280397052484241	0.124	0.178	9.28988606491185e-37	DMTF1	c1
2.77406546607477e-41	-0.154956291032079	0.179	0.248	9.30366076012157e-37	GNB1	c1
2.80608426633902e-41	-0.217596732732228	0.228	0.301	9.4110454124478e-37	GOLGB1	c1
2.88798743243368e-41	-0.289990276299586	0.086	0.131	9.68573225089607e-37	USP38	c1
2.89815545469582e-41	-0.196850153041089	0.246	0.323	9.71983376395882e-37	NEMF	c1
3.03298114907483e-41	-0.370936062263894	0.06	0.098	1.01720121777672e-36	TTC31	c1
3.09553300873548e-41	-0.279537606680763	0.074	0.117	1.03817986046971e-36	IPO9	c1
3.0988441799988e-41	-0.181890139118794	0.197	0.269	1.039290361088e-36	MRPL21	c1
3.10549769401665e-41	-0.317921400203163	0.064	0.104	1.0415218166193e-36	SLC38A5	c1
3.2212051134381e-41	-0.199399397232384	0.307	0.394	1.08032777094487e-36	SMARCA5	c1
3.33672956511889e-41	-0.324768612597	0.082	0.126	1.11907236154957e-36	TRAPPC2	c1
3.4129661122126e-41	-0.184883931447735	0.217	0.294	1.14464057471386e-36	PIN4	c1
3.47698945646385e-41	-0.423846552267922	0.045	0.08	1.16611272390884e-36	SLC16A1	c1
3.50768062777049e-41	-0.263535698576871	0.085	0.13	1.17640592894167e-36	IFT52	c1
3.61435196367126e-41	-0.460900130846433	0.04	0.073	1.21218136157607e-36	NEMP2	c1
3.61660527205497e-41	-0.221438945981023	0.161	0.223	1.2129370761418e-36	CCDC57	c1
4.0336485889382e-41	0.993559644870126	0.066	0.04	1.35280506375809e-36	EPAS1	c1
4.09529528224813e-41	-0.868991350271036	0.02	0.045	1.37348013176038e-36	UAP1L1	c1
4.10000384943334e-41	-0.588326540711644	0.025	0.052	1.37505929102295e-36	ARHGEF18	c1
4.1342537294004e-41	-1.75355488330474	0.005	0.022	1.38654601576631e-36	TMPRSS3	c1
4.22442989271094e-41	-0.241993400845306	0.086	0.131	1.4167892974174e-36	REXO4	c1
4.2817269059161e-41	-0.321026096860594	0.067	0.107	1.43600556970614e-36	FUCA2	c1
4.34873505689429e-41	-6.34343365769851	0	0.013	1.45847876338121e-36	PRRG4	c1
4.48595344591621e-41	-0.191690891991411	0.396	0.491	1.50449906669138e-36	RSF1	c1
4.62476158004077e-41	-0.371139590431874	0.036	0.068	1.55105253871407e-36	RIDA	c1
4.68830360905762e-41	-4.40986728860874	0	0.014	1.57236326440574e-36	IFITM10	c1
4.95119556242519e-41	-0.284585375855914	0.096	0.144	1.66053196772616e-36	ANGEL2	c1
5.25029540252161e-41	-0.230755067794547	0.29	0.371	1.7608440720977e-36	BCL11B	c1
5.38011094014501e-41	-0.312511706519706	0.074	0.117	1.80438160710583e-36	MOV10	c1
5.4002236645641e-41	-0.215693963709462	0.12	0.174	1.81112701262151e-36	SMG7	c1
5.64818833446707e-41	-0.186579022170168	0.351	0.444	1.89428940361357e-36	NRBP1	c1
5.7524224650844e-41	-0.216898556776018	0.146	0.205	1.92924744634001e-36	GMCL1	c1
5.89786124364984e-41	-0.398505755846895	0.05	0.086	1.97802470389528e-36	SAC3D1	c1
5.91981624054373e-41	-0.195537892962153	0.161	0.223	1.98538797075356e-36	SUPT6H	c1
6.01078669696364e-41	-0.158436046570607	0.847	0.867	2.01589764242767e-36	GMFG	c1
6.02701265828629e-41	-0.200264633621397	0.424	0.517	2.02133950533605e-36	LRP10	c1
6.240437359319e-41	-0.214669941011781	0.245	0.321	2.0929178815684e-36	HELZ	c1
6.29782999874611e-41	-0.207540262984012	0.37	0.459	2.11216622497947e-36	MRPL52	c1
6.35336516995291e-41	-0.341929380262419	0.08	0.124	2.13079161069881e-36	ZNF92	c1
6.60305836952234e-41	-0.168247479490369	0.163	0.228	2.2145337159704e-36	DRG1	c1
6.65067612211899e-41	-0.187160340032779	0.13	0.186	2.23050375783627e-36	GTF2F2	c1
6.91757213896877e-41	-0.489360774029728	0.217	0.285	2.32001534396735e-36	CMC1	c1
7.10692373406533e-41	0.454143998220574	0.32	0.286	2.38352008193083e-36	MDFIC	c1
7.18899980339692e-41	-0.190081928377965	0.288	0.373	2.41104675406326e-36	RNF126	c1
7.26216439269085e-41	-0.180007604669729	0.412	0.508	2.43558469402066e-36	ZC3H15	c1
7.36514170685672e-41	-0.426889319343499	0.06	0.098	2.47012122564561e-36	SLC46A3	c1
7.48287565838595e-41	-0.164674036564971	0.139	0.198	2.50960683830948e-36	UROD	c1
7.64161007547874e-41	-0.195503532506329	0.26	0.342	2.56284318711406e-36	ELOVL1	c1
7.78252414510092e-41	0.180168668155706	0.772	0.759	2.61010294778395e-36	SEC61B	c1
8.27671952041813e-41	-1.16938011397252	0.014	0.037	2.77584619275783e-36	C2CD2	c1
8.44211279031325e-41	-0.269280709088379	0.129	0.183	2.83131578761526e-36	MOAP1	c1
8.46292407769308e-41	-2.88767198909913	0.001	0.015	2.83829547717671e-36	CREB3L3	c1
8.90482120574225e-41	-0.165980358812526	0.218	0.294	2.98649893598183e-36	HCFC1R1	c1
8.9654666699258e-41	-0.489916702783884	0.046	0.08	3.00683821175972e-36	RBM15	c1
9.08291552933571e-41	-0.191998929344899	0.219	0.293	3.04622821022861e-36	CDC40	c1
9.21941189206883e-41	-0.255164216049949	0.364	0.445	3.09200636036204e-36	PIK3IP1	c1
9.24387983714343e-41	-0.224273928749805	0.133	0.19	3.10021241978117e-36	LRRFIP2	c1
9.58285224574738e-41	-0.186577019638713	0.254	0.335	3.21389698617876e-36	SNX1	c1
9.58976801823585e-41	-0.286798682366262	0.07	0.111	3.21621639795594e-36	SLC25A40	c1
9.99301229518738e-41	-0.192184239475446	0.191	0.259	3.35145646355995e-36	BABAM2	c1
1.03160897352001e-40	-0.183968299907175	0.207	0.278	3.45981017539142e-36	CTR9	c1
1.03639368472429e-40	-0.26763866656686	0.076	0.119	3.47585713982833e-36	PIAS4	c1
1.04280607427557e-40	-3.17741051129853	0.002	0.016	3.49736301190541e-36	KIT	c1
1.09784046150176e-40	-0.357949226962299	0.055	0.092	3.68193733978461e-36	SENP1	c1
1.13490176162827e-40	-0.285307156723105	0.082	0.126	3.80623352814889e-36	FAM168B	c1
1.14688378317797e-40	-0.176430752435732	0.223	0.299	3.84641883202229e-36	ATG5	c1
1.16333322568919e-40	-0.272320641073583	0.091	0.137	3.9015869723164e-36	L3MBTL2	c1
1.16481182203163e-40	-0.785466697670585	0.02	0.045	3.90654588872967e-36	RAP2A	c1
1.17021639521166e-40	-0.261368564886499	0.154	0.213	3.92467174626088e-36	UBL3	c1
1.17932562432049e-40	-0.241874015816479	0.127	0.181	3.95522227884607e-36	CERS5	c1
1.37170752845581e-40	-0.238493634754521	0.1	0.149	4.60043270893511e-36	FTSJ3	c1
1.40162261729476e-40	-0.296104878630312	0.096	0.143	4.70076193388317e-36	CDC37L1	c1
1.45265017548766e-40	-0.191707201783831	0.222	0.297	4.87189815855052e-36	AKR7A2	c1
1.53204905571726e-40	-0.160613630694711	0.167	0.233	5.13818612306455e-36	TMEM126A	c1
1.53885984406631e-40	0.665334483113026	0.117	0.083	5.1610281450296e-36	LINC02256	c1
1.62813392064635e-40	-0.714971009901569	0.015	0.037	5.46043554306372e-36	NQO1	c1
1.63334220308397e-40	-0.158801253850964	0.121	0.177	5.47790308070302e-36	HAUS4	c1
1.67526602625532e-40	-0.283573941027138	0.078	0.121	5.61850719885508e-36	CDK7	c1
1.71435731597788e-40	-0.314239572314709	0.042	0.075	5.7496115663266e-36	WRAP53	c1
1.81161681884538e-40	1.19599999689431	0.039	0.02	6.07580048704362e-36	H1F0	c1
1.90245424495555e-40	-0.199354093356233	0.146	0.206	6.38045104673192e-36	TM7SF3	c1
2.09603643407617e-40	-0.35320109111761	0.043	0.076	7.02968699260467e-36	AP5S1	c1
2.0963932943228e-40	-0.156327722166945	0.135	0.192	7.03088383049979e-36	MRPL19	c1
2.13344255336559e-40	-0.182877447192818	0.272	0.354	7.15513963547752e-36	ETHE1	c1
2.15957966499267e-40	0.155965760988024	0.763	0.76	7.2427982804524e-36	HNRNPA0	c1
2.21935941962693e-40	-0.255922519667463	0.099	0.148	7.44328762154481e-36	HIF1AN	c1
2.25903684538228e-40	-0.182178752052461	0.387	0.479	7.57635777204309e-36	RSRC2	c1
2.28778002121529e-40	-0.229833434558353	0.111	0.163	7.67275663515183e-36	GLE1	c1
2.29604923327615e-40	-1.00438369184471	0.025	0.052	7.70048991856154e-36	LINC02084	c1
2.32588490113606e-40	-5.07829645945966	0	0.013	7.80055278143011e-36	AL359834.1	c1
2.36883168820085e-40	-0.275214128782124	0.05	0.086	7.94458771588803e-36	RFC5	c1
2.50051767098533e-40	-1.18237469371451	0.01	0.031	8.3862361649506e-36	CHST10	c1
2.51483265356539e-40	-0.324561332805609	0.088	0.133	8.43424575352761e-36	RHBDF2	c1
2.5206908536263e-40	-0.33104757231212	0.1	0.148	8.45389298489187e-36	LCOR	c1
2.54596080892154e-40	-0.348818739070067	0.053	0.089	8.53864336096105e-36	P3H1	c1
2.59573585467525e-40	-0.176029385441769	0.19	0.26	8.70557890940986e-36	BCKDHA	c1
2.63277454253584e-40	-0.176301049993152	0.226	0.302	8.8297992607567e-36	RIC8A	c1
2.71362608308796e-40	-0.35688318241248	0.07	0.111	9.10095915746039e-36	PPME1	c1
2.74050939971695e-40	-0.18047942228782	0.331	0.419	9.1911204247707e-36	CPNE1	c1
2.77078529927001e-40	-0.250200805782398	0.124	0.177	9.29265973669176e-36	DGLUCY	c1
2.83570592868744e-40	-0.20868878924187	0.372	0.457	9.51039054363194e-36	PSMA3	c1
2.87735634168495e-40	-0.185151809050191	0.284	0.369	9.65007769874297e-36	FXR1	c1
3.00466037860395e-40	-0.399035267901707	0.064	0.103	1.00770299777619e-35	MFSD8	c1
3.0079781645884e-40	-0.273856950043147	0.106	0.155	1.00881571683966e-35	DNAJC10	c1
3.08775542995257e-40	-0.251227374794954	0.088	0.134	1.03557141609749e-35	BCL2L12	c1
3.13575968168716e-40	-0.226224819134357	0.118	0.171	1.05167108204424e-35	RSPRY1	c1
3.16080911103521e-40	-0.177996235933877	0.177	0.244	1.06007215965899e-35	BAD	c1
3.25044133304668e-40	-0.510131014897967	0.036	0.067	1.0901330142772e-35	ERCC2	c1
3.30419247627769e-40	-0.196059168069265	0.304	0.389	1.10816007269401e-35	PSMD2	c1
3.35261275411127e-40	-0.362566432449926	0.068	0.108	1.12439926547384e-35	MAPK3	c1
3.40435595556839e-40	-0.261533070307592	0.12	0.172	1.14175290037853e-35	DNAJB2	c1
3.64063606613844e-40	-0.330627902453614	0.084	0.128	1.22099652386151e-35	PDZD8	c1
3.67132629800868e-40	-0.225085381504843	0.132	0.187	1.23128941382615e-35	GMEB1	c1
3.68640344090599e-40	-0.351073771197862	0.037	0.069	1.23634598601105e-35	PPCDC	c1
3.75840351312782e-40	-0.26548816802247	0.11	0.16	1.26049337023281e-35	TRAPPC6B	c1
3.7720858266468e-40	-0.261874884806045	0.342	0.424	1.2650821445408e-35	CMTM7	c1
3.83385456353898e-40	-0.152741763233746	0.656	0.73	1.2857981435197e-35	C19orf53	c1
3.84678065426999e-40	-2.15757430390154	0.005	0.021	1.29013329582907e-35	FAM174B	c1
3.84997362954097e-40	-0.227700138598013	0.14	0.197	1.29120415587545e-35	STX12	c1
4.07202427415534e-40	-0.185544860104498	0.208	0.279	1.36567550106622e-35	PWP1	c1
4.07394570388757e-40	-0.201044100280833	0.352	0.438	1.36631991016981e-35	MAPRE2	c1
4.0949447222758e-40	-0.392037505020954	0.033	0.064	1.37336256095686e-35	IFT22	c1
4.15074775577844e-40	-0.911250674237305	0.014	0.036	1.39207778233297e-35	PTPN12	c1
4.51689030579092e-40	-0.174940215706333	0.302	0.391	1.51487467075616e-35	MRFAP1L1	c1
4.60373118545719e-40	-0.204933532509977	0.209	0.279	1.54399936497863e-35	FRYL	c1
4.74399863016749e-40	-0.441507650157688	0.054	0.09	1.59104226058557e-35	ATG9A	c1
4.75327997651302e-40	-0.236651460924112	0.086	0.132	1.59415503852294e-35	AGPS	c1
5.13822423588969e-40	-0.19775484143152	0.117	0.17	1.72325764423268e-35	HADH	c1
5.20360833106368e-40	-0.207005841464549	0.202	0.27	1.74518616207214e-35	SF3B3	c1
5.32386779570386e-40	-0.136055137757694	0.824	0.86	1.78551878132316e-35	SEPT1	c1
5.52720245725089e-40	-0.318218774347809	0.08	0.123	1.8537131601128e-35	KLC2	c1
6.22535132883747e-40	-0.154710051238872	0.178	0.246	2.08785832866551e-35	TPRKB	c1
6.27501522228143e-40	-0.208014989020161	0.137	0.194	2.10451460524875e-35	STAG1	c1
6.33533087181111e-40	-0.352998324948815	0.08	0.123	2.12474326778801e-35	RALGAPB	c1
6.68094310167583e-40	-0.197007986129905	0.151	0.211	2.24065469744004e-35	DDX23	c1
6.79199839792741e-40	-0.205921650038953	0.137	0.194	2.2779004226969e-35	FBXW2	c1
7.27216417167432e-40	-0.30021575903968	0.073	0.115	2.43893841989613e-35	PDK2	c1
7.27508421614435e-40	1.27982547605368	0.036	0.018	2.43991774441049e-35	CCDC112	c1
7.3465897261028e-40	-0.198855226689014	0.124	0.178	2.46389926234036e-35	AGPAT1	c1
7.35499319485504e-40	-0.291358247726278	0.065	0.105	2.46671761769048e-35	GRAMD1B	c1
7.99075001063478e-40	-0.33574544904726	0.084	0.128	2.67993773856669e-35	SIPA1L1	c1
8.11098914387699e-40	-0.196526324993917	0.211	0.282	2.72026353907346e-35	POLR2A	c1
8.23038407365096e-40	-0.286720059057411	0.085	0.129	2.76030621062106e-35	ZNF76	c1
8.38014198912361e-40	-0.715494152817408	0.022	0.047	2.81053202031227e-35	AL137003.1	c1
9.23908801928262e-40	-0.281986412261856	0.08	0.124	3.098605339907e-35	MED24	c1
9.43800837692928e-40	-0.171169999244876	0.283	0.369	3.16531924945454e-35	IDH3G	c1
1.03865638850034e-39	-0.175184693660439	0.207	0.279	3.48344579575244e-35	FARSA	c1
1.05238923341415e-39	-1.80974904335651	0.005	0.021	3.52950301102437e-35	KLHL23	c1
1.09144273174259e-39	-0.526299870356935	0.024	0.05	3.66048063371828e-35	SNX8	c1
1.12312930799136e-39	-0.386396274678534	0.05	0.085	3.76675107314142e-35	AP3S2	c1
1.1622435603828e-39	-0.187355280499913	0.326	0.415	3.89793245281183e-35	DERL1	c1
1.20863783527774e-39	-0.195693920214454	0.136	0.193	4.05352957195448e-35	NSUN5	c1
1.24741203468096e-39	-0.223913663405573	0.158	0.218	4.183570481913e-35	TENT2	c1
1.30146147293839e-39	-0.359973701125909	0.083	0.126	4.36484148794078e-35	EDRF1	c1
1.33189568863644e-39	-0.393345823378989	0.059	0.097	4.46691176054891e-35	TRIM37	c1
1.33880617558381e-39	-0.187587758114828	0.139	0.197	4.49008815167297e-35	TMEM223	c1
1.43499232255995e-39	-0.256643184374247	0.107	0.156	4.81267725140157e-35	PARP12	c1
1.46261314501427e-39	-0.227171429336989	0.161	0.222	4.90531196574884e-35	HERC4	c1
1.46743242981219e-39	-0.181765133377465	0.301	0.387	4.92147488310412e-35	TAOK3	c1
1.50317412177413e-39	-0.193056043707333	0.233	0.308	5.04134536960608e-35	PSMC2	c1
1.60522168161483e-39	-0.302353060428548	0.088	0.132	5.3835924757998e-35	KIAA1468	c1
1.60927058485674e-39	-0.52401406192412	0.017	0.04	5.39717168749253e-35	CHAF1B	c1
1.61684657684772e-39	-0.232507340311456	0.119	0.171	5.42258004943187e-35	AP4B1	c1
1.61788448384914e-39	-0.382849025277801	0.059	0.096	5.42606098193323e-35	C5orf22	c1
1.62706056067996e-39	-0.42392394412639	0.07	0.11	5.45683570840844e-35	ITPRIP	c1
1.75054411484036e-39	-0.252530499354923	0.105	0.154	5.8709748523516e-35	CRKL	c1
1.85024158114373e-39	-0.47246307304296	0.053	0.089	6.20534021483983e-35	ARSG	c1
1.90140431586477e-39	-0.25032758835787	0.105	0.155	6.37692979454725e-35	BLVRA	c1
1.99276336928329e-39	-0.369862754666926	0.052	0.087	6.6833297879023e-35	FMR1	c1
2.00287093789505e-39	-0.274446699417485	0.096	0.143	6.71722855151241e-35	CSNK1G3	c1
2.0315640134472e-39	-0.348669063580129	0.081	0.124	6.8134593882992e-35	PLEKHM1	c1
2.03440209744467e-39	-0.283986289064223	0.4	0.474	6.82297775440992e-35	RUNX3	c1
2.0497822533118e-39	-0.179963135935244	0.093	0.14	6.8745597211571e-35	MLH1	c1
2.11768656732883e-39	-0.2701142917735	0.109	0.158	7.10229720950744e-35	RAB3GAP2	c1
2.16969976944314e-39	-0.30006066519513	0.089	0.134	7.27673908675841e-35	CREBBP	c1
2.23795370764832e-39	-0.252143690284492	0.085	0.129	7.50564914471095e-35	ANAPC2	c1
2.24737819959058e-39	-0.54478359064312	0.028	0.055	7.5372570057869e-35	CLP1	c1
2.32345479962519e-39	-0.222126219684787	0.116	0.168	7.79240270698295e-35	TMEM33	c1
2.42052923002879e-39	-0.912499918035978	0.014	0.036	8.11797093167056e-35	MLLT11	c1
2.51712228473099e-39	-0.174407092090035	0.233	0.309	8.44192471853079e-35	HADHB	c1
2.5708198763827e-39	-0.163729552667371	0.981	0.981	8.62201570141229e-35	SRGN	c1
2.60492858404544e-39	-0.327046000797138	0.083	0.125	8.73640948517159e-35	CEP135	c1
2.82018404934312e-39	0.403343149064664	0.362	0.339	9.45833326468695e-35	ESD	c1
2.84151378368424e-39	-0.166183981610132	0.627	0.695	9.5298689277202e-35	EID1	c1
2.97361535563764e-39	-0.543968241232541	0.019	0.043	9.97291117973751e-35	POLA1	c1
2.97887628972147e-39	-0.259598156647033	0.058	0.096	9.99055530046787e-35	LRRC42	c1
2.9887720172189e-39	-0.680907410056902	0.027	0.054	1.00237435913488e-34	INPPL1	c1
3.03784803931741e-39	-0.299352875964254	0.087	0.131	1.01883347542627e-34	MKRN2	c1
3.04133342952201e-39	-0.539882864322695	0.027	0.055	1.02000240559309e-34	SLX1B	c1
3.10498568356136e-39	-0.752201853490797	0.011	0.032	1.04135009855281e-34	MCM8	c1
3.1485476118664e-39	-0.302496530857098	0.061	0.099	1.05595989806775e-34	THAP3	c1
3.21001147552746e-39	2.55652718514904	0.01	0.002	1.0765736486624e-34	ADGRE2	c1
3.28252512166295e-39	-0.183283092788093	0.176	0.241	1.10089327530332e-34	MRPS30	c1
3.31069509443503e-39	-0.170577551256555	0.126	0.181	1.11034092077162e-34	TMEM189	c1
3.34416096218972e-39	-0.201101436259476	0.105	0.155	1.12156470349919e-34	DDX41	c1
3.63021635352959e-39	-0.242968052548012	0.056	0.093	1.21750196064675e-34	MGME1	c1
3.81100512060324e-39	-0.174506918588575	0.543	0.633	1.27813489734792e-34	SRSF11	c1
4.18236507633739e-39	-0.606531038100401	0.03	0.058	1.40268159930203e-34	CCDC152	c1
4.21767768093447e-39	-0.209276354746991	0.143	0.2	1.4145247406318e-34	SMARCD1	c1
4.76360026771426e-39	-0.199925296574894	0.198	0.266	1.59761625778601e-34	QRICH1	c1
4.98125839088681e-39	0.743526330186664	0.108	0.076	1.67061443913562e-34	AC013264.1	c1
5.20059595955991e-39	-0.37696784893612	0.055	0.091	1.7441758729172e-34	FBXO33	c1
5.24766805823253e-39	-0.36465631294234	0.061	0.098	1.75996291337003e-34	ATG7	c1
5.26251578312263e-39	-0.332299320629826	0.039	0.071	1.76494254334367e-34	HMBS	c1
5.28648181593404e-39	-0.264146794129851	0.107	0.156	1.77298027142796e-34	FAM122B	c1
5.34870267043814e-39	2.31697040215642	0.011	0.003	1.79384790161154e-34	MYO16	c1
5.39940504023323e-39	-0.194574399075467	0.2	0.268	1.81085246239342e-34	USP47	c1
5.47663603870351e-39	-0.328902286255344	0.095	0.14	1.83675419466038e-34	AL390728.5	c1
5.66601553865004e-39	-0.855455688384404	0.005	0.022	1.90026829135245e-34	TRAIP	c1
5.82366635842479e-39	-4.3275731940582	0.001	0.014	1.95314122328851e-34	FANK1	c1
5.88085349963004e-39	-0.194458439808091	0.291	0.375	1.97232064670592e-34	NAXE	c1
6.18329582692506e-39	-0.188871446198431	0.241	0.317	2.07375375443413e-34	PPP4R3B	c1
6.2077824266185e-39	-0.279628777449378	0.088	0.132	2.08196607023931e-34	TCHP	c1
6.26856928751769e-39	-0.627229225183271	0.02	0.044	2.10235276764768e-34	DUS2	c1
6.31825909381872e-39	-0.333721526246004	0.08	0.123	2.11901773488492e-34	TRRAP	c1
6.46375608329794e-39	-0.244106099926559	0.065	0.104	2.16781451521646e-34	BNIP1	c1
6.63145989825784e-39	-0.335034687460415	0.061	0.099	2.22405902067772e-34	C2orf74	c1
6.65427517439681e-39	1.55055139772819	0.022	0.009	2.2317108079892e-34	MAML3	c1
6.75665940679903e-39	-0.227711787325522	0.248	0.322	2.26604843185226e-34	SSH2	c1
6.75965861622995e-39	-0.261058362701955	0.137	0.192	2.2670543067112e-34	KAT6A	c1
7.04499545885065e-39	-0.2841678869995	0.083	0.126	2.36275057698933e-34	KBTBD2	c1
7.2456561522049e-39	-0.258849259402419	0.276	0.351	2.43004816032648e-34	TLK1	c1
7.27860410403505e-39	-0.801521161449775	0.015	0.037	2.44109824441128e-34	DCLRE1A	c1
7.39024479939124e-39	-0.185922548690714	0.133	0.189	2.47854030081984e-34	EXOSC7	c1
7.3998740953023e-39	0.167582526075054	0.68	0.678	2.48176977408249e-34	BCAP31	c1
7.62693184986349e-39	2.42014453246504	0.01	0.002	2.55792040380722e-34	ZNF618	c1
8.30173202228747e-39	-0.181384668928386	0.27	0.352	2.78423488563477e-34	COPB2	c1
8.38313704692873e-39	-0.153748617382683	0.676	0.741	2.81153650279896e-34	GNB2	c1
8.39843495358002e-39	-0.548775400018653	0.027	0.054	2.81666711473167e-34	RWDD2B	c1
8.59480853425095e-39	0.632985367731416	0.125	0.091	2.88252688621709e-34	IL18BP	c1
8.71637921488859e-39	-0.305067587989921	0.075	0.116	2.92329926108934e-34	RNF31	c1
8.74518886207144e-39	-0.180920732454709	0.23	0.305	2.93296144056152e-34	RBM23	c1
8.78215752157358e-39	-1.28713748376019	0.007	0.025	2.94535998958535e-34	OTUB2	c1
8.90216854776759e-39	-0.192894496605234	0.345	0.434	2.98560928755029e-34	DIAPH1	c1
1.03856474594445e-38	-0.600861326382998	0.027	0.054	3.48313844494849e-34	TYW5	c1
1.04646719698803e-38	-0.190865000772927	0.428	0.519	3.50964168525845e-34	CYFIP2	c1
1.04918269589359e-38	0.227944158377826	0.599	0.599	3.51874892548793e-34	TRAM1	c1
1.07423420134772e-38	-0.217792445280127	0.213	0.282	3.60276666447999e-34	NUP98	c1
1.10540601384979e-38	-0.247115926664022	0.108	0.158	3.70731068924944e-34	C7orf26	c1
1.10666251969306e-38	-5.39974653952811	0	0.012	3.71152475854658e-34	TM6SF1	c1
1.16667532439028e-38	-0.161354151778238	0.163	0.226	3.91279570294012e-34	CCDC25	c1
1.21564878934769e-38	-0.204340309266134	0.106	0.155	4.07704290971429e-34	VRK2	c1
1.21648375080954e-38	-0.880733440695934	0.031	0.058	4.07984320346503e-34	LY96	c1
1.22359393112187e-38	-0.241282000096792	0.095	0.141	4.10368932619654e-34	KBTBD4	c1
1.23114283492563e-38	-0.209427567026412	0.11	0.16	4.12900683977358e-34	GTF2H1	c1
1.24679871303362e-38	-0.170698459524382	0.371	0.466	4.18151352377215e-34	TIAL1	c1
1.2847921623154e-38	-0.523640621375795	0.048	0.081	4.30893595397339e-34	EHD4	c1
1.30197235645509e-38	-0.195566941725647	0.099	0.147	4.36655488907909e-34	NSMCE2	c1
1.31684383160042e-38	-0.658093097523939	0.028	0.056	4.41643084242148e-34	HIST1H2AG	c1
1.32947419962955e-38	-0.176761243294894	0.27	0.352	4.45879057071758e-34	GTF2F1	c1
1.33402189351912e-38	-6.07348841433975	0	0.012	4.47404262648442e-34	FUT7	c1
1.41848965091698e-38	-0.552912518104944	0.037	0.067	4.75733059124535e-34	MEX3C	c1
1.41895387838371e-38	-0.465402136259335	0.058	0.093	4.75888751732328e-34	CYP51A1	c1
1.43702930279245e-38	-0.550439180313571	0.036	0.066	4.81950887570533e-34	MIB1	c1
1.4931397439895e-38	-0.24285827434241	0.196	0.26	5.00769207339198e-34	USP20	c1
1.55956516780713e-38	-0.175917046633193	0.197	0.265	5.23046965979156e-34	HTATIP2	c1
1.59068486453364e-38	-0.184864905027105	0.412	0.504	5.33483889867292e-34	UQCRC2	c1
1.59161603736742e-38	-0.263222089062976	0.059	0.096	5.33796186612284e-34	UBE2Q1	c1
1.60494892414103e-38	-0.270017181441136	0.126	0.178	5.38267770178417e-34	ZBED5	c1
1.61247040518962e-38	1.77276640529235	0.019	0.007	5.40790324492495e-34	PRSS16	c1
1.62106410905834e-38	0.663018441993269	0.131	0.097	5.43672480895987e-34	PAQR8	c1
1.81040055775421e-38	-0.321909784360233	0.056	0.092	6.07172139059607e-34	NDUFAF1	c1
1.85130496190811e-38	-0.254563774841229	0.101	0.148	6.20890658124744e-34	TP53TG1	c1
1.8939118479646e-38	-0.234437528028531	0.095	0.141	6.35180155570366e-34	ZFPL1	c1
1.91257900347691e-38	-0.515609768170645	0.032	0.06	6.41440746186086e-34	GK5	c1
2.00075283410187e-38	-0.224638740124979	0.132	0.187	6.71012485501085e-34	NUP107	c1
2.10519898211489e-38	-0.16000049489978	0.302	0.388	7.06041634621691e-34	TINF2	c1
2.22194790128159e-38	0.69015061999945	0.161	0.125	7.45196887131819e-34	ETV3	c1
2.27204042667309e-38	-0.181135205658847	0.415	0.508	7.61996918297622e-34	ZNHIT1	c1
2.3499222314774e-38	0.227158936307663	0.364	0.325	7.88116917992889e-34	TUBA1C	c1
2.38952491113782e-38	-0.198693265244279	0.152	0.21	8.01398864697402e-34	NPRL2	c1
2.41137822733507e-38	0.242778163327848	0.684	0.686	8.08728029883637e-34	YPEL5	c1
2.67518679344639e-38	-0.18745100721709	0.161	0.221	8.97204146786051e-34	SLC35C2	c1
2.78794089422406e-38	-0.354426211017274	0.048	0.082	9.35019617104864e-34	ERI1	c1
2.80349910931296e-38	-0.274054096158933	0.099	0.146	9.40237531281381e-34	SLC30A7	c1
2.85685143201467e-38	-0.345159704469934	0.06	0.097	9.58130833269082e-34	CHPF	c1
2.8855752104184e-38	-6.83991752996665	0	0.012	9.67764214070123e-34	TNFRSF13B	c1
2.98916817742702e-38	-1.28687154183158	0.009	0.027	1.00250722334547e-33	SLC35G1	c1
3.00294288166582e-38	-0.17997275953133	0.194	0.261	1.00712698365308e-33	VPS26A	c1
3.15074496607646e-38	-0.235427784401943	0.113	0.163	1.05669684672272e-33	MCPH1	c1
3.24076901376622e-38	0.306905846015661	0.321	0.274	1.08688911183691e-33	SELENOM	c1
3.33693637972625e-38	-0.173488594193919	0.209	0.278	1.11914172303259e-33	TCERG1	c1
3.47406435622406e-38	-0.162949966036622	0.213	0.286	1.16513170379042e-33	ACTR1B	c1
3.61355954486389e-38	-0.17107861082143	0.655	0.714	1.21191560015645e-33	LRRFIP1	c1
3.71437899916223e-38	-0.252151045652636	0.177	0.237	1.24572842873903e-33	IRF2BP2	c1
3.73447106706557e-38	-0.277080009677546	0.066	0.104	1.25246690647245e-33	NOL10	c1
3.7557452680857e-38	-0.291609645910589	0.077	0.118	1.25960184801058e-33	ZC3H3	c1
3.82578438010314e-38	-0.167482707033571	0.139	0.196	1.28309156539899e-33	EI24	c1
3.96335714657162e-38	-0.494701514908012	0.018	0.042	1.32923071981719e-33	CENPJ	c1
3.99257187606766e-38	-0.214439060334067	0.175	0.237	1.33902875579557e-33	OAS2	c1
4.04050032239828e-38	-0.215514277786338	0.111	0.161	1.35510299812593e-33	SART3	c1
4.15641390799947e-38	-0.170946878560118	0.107	0.156	1.39397809646486e-33	PSMG3	c1
4.1860673424605e-38	-0.369122506844325	0.054	0.089	1.4039232653144e-33	TRAPPC13	c1
4.20068451826561e-38	-0.295168219743843	0.08	0.121	1.40882557373592e-33	CLCN3	c1
4.42476213364509e-38	-0.217193574101707	0.109	0.158	1.48397672438189e-33	MAP1S	c1
4.54905814465336e-38	-0.257576777275733	0.112	0.161	1.52566312055384e-33	PPM1A	c1
4.56332296993368e-38	-0.203576823771451	0.096	0.143	1.53044725765636e-33	COPS7B	c1
4.83752161147029e-38	-0.328659582689084	0.059	0.096	1.6224079980549e-33	LRWD1	c1
4.87489330189588e-38	-0.196311006864825	0.129	0.182	1.63494171558984e-33	MTA1	c1
4.96009042837747e-38	-0.175421664167484	0.138	0.194	1.66351512786924e-33	SLC4A1AP	c1
5.05640491517749e-38	-0.223854286632415	0.109	0.158	1.69581708045223e-33	CCDC22	c1
5.09247394697151e-38	-0.181384465195206	0.338	0.427	1.70791391233531e-33	DAP3	c1
5.13974394116128e-38	-0.347749695590489	0.113	0.161	1.72376732298667e-33	PARP15	c1
5.24133885812209e-38	-0.520254572698431	0.021	0.045	1.75784022623699e-33	KMT5A	c1
5.2540344308996e-38	-0.204055419802215	0.281	0.359	1.76209806743511e-33	APOL6	c1
5.33825666611703e-38	-0.419507424836753	0.055	0.09	1.79034452068233e-33	NSUN3	c1
5.35374747965153e-38	-0.22515953838906	0.076	0.117	1.79553982972553e-33	LMNB2	c1
5.43451800483912e-38	-0.251889574378934	0.123	0.175	1.82262864846294e-33	ZNF431	c1
5.56731384013523e-38	-0.201358163933355	0.129	0.183	1.86716571570455e-33	U2AF1	c1
5.66728681840508e-38	-0.462274094691461	0.046	0.079	1.9006946531567e-33	PORCN	c1
5.9200598180448e-38	-0.173488059663148	0.177	0.242	1.98546966177587e-33	ARMC8	c1
5.98877913353701e-38	-0.481192756391318	0.038	0.069	2.00851674580564e-33	HPSE	c1
6.0068083465001e-38	1.91685172084969	0.014	0.004	2.0145633832492e-33	FAAH	c1
6.75455958914004e-38	-0.257231477280869	0.056	0.093	2.26534419500579e-33	CPSF4	c1
6.75578107075776e-38	-0.570441665301515	0.033	0.061	2.26575385551074e-33	MARK4	c1
7.04737499040259e-38	-0.173860465903238	0.15	0.208	2.36354862428122e-33	LZIC	c1
7.15148513262294e-38	-0.190136222551073	0.16	0.22	2.39846508377908e-33	CWC25	c1
7.32655866065024e-38	-0.698850656019707	0.019	0.042	2.45718124360888e-33	CBX8	c1
7.44639115685267e-38	-0.197937355028023	0.255	0.332	2.49737066618525e-33	COPS3	c1
7.48004093230015e-38	-0.184402328698133	0.083	0.126	2.50865612787482e-33	CSTF2	c1
7.53542558541994e-38	-0.385071200141435	0.057	0.093	2.52723103283814e-33	KIF3B	c1
8.47406674806408e-38	-0.192258559295413	0.452	0.535	2.84203250596573e-33	CCT8	c1
8.47599429029124e-38	-0.242133732633865	0.116	0.165	2.84267896507788e-33	OCEL1	c1
8.75858473432477e-38	-0.193048269011843	0.257	0.332	2.93745414819784e-33	BNIP3L	c1
8.78509782776981e-38	-0.649229537874975	0.029	0.056	2.94634610947744e-33	SLC35D2	c1
8.90086340198679e-38	-5.26549445646842	0	0.012	2.98517156775833e-33	CDC25A	c1
8.98070381743212e-38	-0.186132396502268	0.212	0.281	3.01194844629038e-33	AZIN1	c1
9.37818375797731e-38	-0.34640448317927	0.053	0.088	3.14525526875043e-33	MED14	c1
9.48130045126999e-38	-1.19424009139332	0.009	0.027	3.17983854534693e-33	SFXN5	c1
9.85340157038884e-38	-0.278485559338918	0.073	0.113	3.30463381867701e-33	MRGBP	c1
9.94030652597199e-38	-0.210018545005805	0.144	0.2	3.33378000268049e-33	ATF2	c1
1.0014802001203e-37	-0.205091383598343	0.164	0.224	3.35876429516345e-33	KDM2A	c1
1.05567367149278e-37	-1.18540513557418	0.013	0.033	3.54051835945247e-33	CRIM1	c1
1.06136078586174e-37	-0.14535966066167	0.193	0.262	3.55959180362309e-33	CDC5L	c1
1.06912464202346e-37	-0.389614022733626	0.044	0.077	3.58563022441829e-33	UPF1	c1
1.08940960979924e-37	-0.17107955130195	0.18	0.245	3.65366194934469e-33	ARL8B	c1
1.09681462045298e-37	-0.191288483409008	0.116	0.167	3.6784968740752e-33	KCTD20	c1
1.13973571642333e-37	-1.44556394969467	0.009	0.028	3.82244564574058e-33	HIST1H2BF	c1
1.15576225962895e-37	-0.157883307678486	0.201	0.272	3.87619546634358e-33	CHCHD3	c1
1.1577435176901e-37	-0.243303899456723	0.173	0.233	3.88284020962906e-33	IGSF8	c1
1.16220765683056e-37	-0.297782496574022	0.048	0.082	3.89781203947834e-33	LXN	c1
1.17533790310444e-37	-0.327163832782784	0.111	0.159	3.94184825943169e-33	NME1	c1
1.18143147169391e-37	-0.169425446831605	0.235	0.31	3.96228486976702e-33	ACO2	c1
1.21214542300835e-37	-0.187553069766098	0.343	0.431	4.06529331968541e-33	U2SURP	c1
1.21291779379955e-37	-0.340237749318522	0.054	0.09	4.06788369684492e-33	TMED8	c1
1.22256010944908e-37	-0.172686646600485	0.306	0.392	4.10022209507033e-33	CNPPD1	c1
1.25087325444301e-37	-0.185835502459112	0.532	0.618	4.19517872075098e-33	MAP1LC3B	c1
1.26463506819218e-37	-0.597988136502369	0.037	0.067	4.24133309170295e-33	IGHV1-3	c1
1.30873234724581e-37	-0.200929437564908	0.403	0.487	4.389226546193e-33	CCT6A	c1
1.32527020274233e-37	-0.184791492267197	0.451	0.537	4.44469120595722e-33	EIF4H	c1
1.32613807163589e-37	-0.227601658114935	0.134	0.188	4.44760186465244e-33	GAPVD1	c1
1.32787433578593e-37	-0.572777923746198	0.027	0.054	4.45342494735885e-33	TAOK2	c1
1.33347602826583e-37	-0.242453486388104	0.105	0.153	4.47221190359795e-33	CCDC88B	c1
1.33597886909254e-37	-0.296899540341642	0.096	0.141	4.48060593116256e-33	ULK3	c1
1.3768466264386e-37	-0.469536713830671	0.027	0.053	4.61766821574977e-33	ARHGAP19	c1
1.37970294580159e-37	-0.245072577987498	0.09	0.134	4.62724773962938e-33	NUP153	c1
1.38424363415414e-37	-0.257986326272741	0.113	0.162	4.64247630022617e-33	SLC41A3	c1
1.40095528880617e-37	-0.74096268388871	0.023	0.048	4.69852384759815e-33	METRNL	c1
1.4283704114206e-37	-0.22050085851825	0.151	0.209	4.7904686858224e-33	ZFC3H1	c1
1.46055184376185e-37	-0.209924942847122	0.126	0.178	4.89839877360848e-33	MYNN	c1
1.48812065205929e-37	-0.203423681645502	0.284	0.363	4.99085904287645e-33	CHD1	c1
1.51372930844635e-37	-0.408010896607926	0.047	0.079	5.07674535466736e-33	NAXD	c1
1.52031438523415e-37	-0.183728247859883	0.235	0.308	5.09883038519831e-33	SUPT5H	c1
1.5716403649271e-37	-0.389063878429367	0.054	0.089	5.2709674558925e-33	WIPI1	c1
1.61967192658966e-37	-0.843392059804556	0.015	0.036	5.43205570739639e-33	SUSD1	c1
1.64809934492368e-37	-4.5190291654789	0	0.012	5.52739558300503e-33	E2F7	c1
1.76271107047177e-37	-0.194205388534605	0.137	0.192	5.91178038814821e-33	GART	c1
1.83887629953811e-37	0.900615955952332	0.076	0.05	6.16722333339091e-33	IL23A	c1
1.97241217091374e-37	-0.168603476561117	0.417	0.513	6.6150759388105e-33	WTAP	c1
2.00895642685257e-37	-0.185681679672428	0.302	0.385	6.73763806437816e-33	PARVG	c1
2.01785347027344e-37	-0.169713706025865	0.302	0.388	6.76747696860306e-33	HSF1	c1
2.01823111371719e-37	-8.17157366669179	0	0.011	6.76874350918471e-33	CDH17	c1
2.06639126534256e-37	-0.38204401813003	0.043	0.074	6.93026302570589e-33	CCP110	c1
2.13169267903362e-37	-0.347690247730071	0.073	0.112	7.14927090694294e-33	TBC1D25	c1
2.15296741562858e-37	-0.285896701145331	0.076	0.116	7.22062211853513e-33	ORC2	c1
2.21324965212868e-37	-0.182023880767024	0.182	0.246	7.42279668330916e-33	SLC38A10	c1
2.27936370693232e-37	-0.181251028327189	0.381	0.471	7.64453000030961e-33	TMEM160	c1
2.2875097271882e-37	-0.171148851579729	0.542	0.62	7.67185012304379e-33	UFC1	c1
2.42052035129623e-37	-0.391347366274152	0.045	0.077	8.11794115417728e-33	TRIM25	c1
2.42486683754286e-37	-0.216548808765805	0.101	0.148	8.13251839975126e-33	COIL	c1
2.51435316780588e-37	-0.372649713724755	0.058	0.094	8.43263765418735e-33	SMPD2	c1
2.55520750363503e-37	-0.276015017979709	0.082	0.124	8.56965492569115e-33	CARNMT1	c1
2.56775137203668e-37	-0.184335089505754	0.178	0.241	8.61172455153662e-33	JKAMP	c1
2.58036717385824e-37	-0.198664976314793	0.256	0.33	8.65403542768575e-33	INPP4A	c1
2.62183310270316e-37	-0.278945858739294	0.069	0.108	8.79310385984585e-33	ASB6	c1
2.74331244371438e-37	-1.16863723005485	0.01	0.029	9.20052127372929e-33	EEPD1	c1
2.75699144788648e-37	-0.2417774242029	0.109	0.157	9.24639791792169e-33	TMX3	c1
2.7841264243461e-37	-0.201985740148468	0.135	0.19	9.33740320197195e-33	AFG3L2	c1
2.78708809787398e-37	-0.756478774291455	0.011	0.03	9.34733606264976e-33	ZGRF1	c1
2.87912500040106e-37	-0.28392601676368	0.058	0.094	9.65600942634509e-33	NDUFAF6	c1
3.02350202374384e-37	-0.189734751076998	0.115	0.166	1.01402210872321e-32	PCYT1A	c1
3.05465439254138e-37	-0.17356718462729	0.227	0.299	1.02446999017053e-32	MICU2	c1
3.19121246869398e-37	-0.703145971532411	0.018	0.04	1.07026883775059e-32	KDM4A	c1
3.21941522507084e-37	-1.86041222301202	0.002	0.016	1.07972747818426e-32	DERL3	c1
3.25621081397771e-37	-0.654405369999139	0.02	0.043	1.09206798279185e-32	IQCE	c1
3.26240555957647e-37	-0.229003051701512	0.17	0.231	1.09414557657076e-32	RICTOR	c1
3.35210172493737e-37	-0.199481719319546	0.133	0.186	1.12422787650949e-32	PLEKHA3	c1
3.45614470560397e-37	-0.114799692954003	0.971	0.969	1.15912181136546e-32	CYBA	c1
3.45773272963242e-37	-0.181930182008075	0.187	0.251	1.15965440286412e-32	RNMT	c1
3.46027427327627e-37	-0.707251708622253	0.13	0.176	1.1605067857714e-32	TRGV3	c1
3.46041970219352e-37	-0.159209822853975	0.229	0.302	1.16055555972166e-32	RBM22	c1
3.48351677890893e-37	-0.26763004423543	0.114	0.163	1.16830185731048e-32	EPS8L2	c1
3.61960049804484e-37	-0.203021441219481	0.164	0.223	1.21394161503428e-32	BSDC1	c1
3.68373741381801e-37	-0.20251870894989	0.158	0.216	1.23545185384628e-32	MKLN1	c1
3.69441496068247e-37	-0.495374778299577	0.056	0.091	1.23903288951369e-32	BCAS3	c1
3.75231638811102e-37	-0.243514297035968	0.088	0.131	1.25845187024467e-32	TOR1B	c1
3.8804596608237e-37	-0.440817820102261	0.026	0.053	1.30142856104705e-32	PCTP	c1
3.89357417698802e-37	-0.178851853984443	0.206	0.275	1.30582690747824e-32	PSMD1	c1
4.1094285180401e-37	-0.190108945462389	0.123	0.175	1.37822013638029e-32	ARMCX6	c1
4.27724685603619e-37	-0.264859404596953	0.135	0.187	1.43450305057742e-32	TXNDC11	c1
4.27920298170598e-37	-0.175075061735632	0.628	0.707	1.43515909600455e-32	TERF2IP	c1
4.31706919137429e-37	-0.245354504215523	0.128	0.179	1.44785866540311e-32	ZFYVE27	c1
4.33779745593033e-37	-0.654223879439648	0.016	0.038	1.45481051076991e-32	RPS10-NUDT3	c1
4.60203540199978e-37	-0.181454921641607	0.338	0.422	1.54343063312269e-32	NUTF2	c1
4.64299048569897e-37	-0.243873840790631	0.101	0.147	1.55716614909372e-32	YTHDF3	c1
4.65207125842163e-37	-3.39526197653721	0.001	0.013	1.56021165864945e-32	CLIP3	c1
4.81940373027197e-37	-0.311747890098115	0.076	0.116	1.61633162305861e-32	C18orf25	c1
4.98537691930396e-37	-0.42072821923057	0.047	0.08	1.67199571119616e-32	HS2ST1	c1
5.03398751514349e-37	-0.312025544543522	0.081	0.122	1.68829873282882e-32	RNF38	c1
5.09688877465197e-37	-0.380404239660658	0.056	0.091	1.70939455724278e-32	PARP3	c1
5.12287158171355e-37	-0.336729410482308	0.05	0.083	1.71810867107509e-32	CSTF3	c1
5.17484921589149e-37	0.688105872278455	0.105	0.074	1.73554093002569e-32	BACH2	c1
5.4215637674416e-37	-0.159695232748465	0.184	0.249	1.81828405632456e-32	DMAC1	c1
5.51208459235929e-37	-1.9638993348766	0.001	0.014	1.84864293058546e-32	C17orf53	c1
5.51854988111538e-37	-0.158537992075877	0.283	0.367	1.85081125912847e-32	SNW1	c1
5.56392440260152e-37	-0.177403053609667	0.195	0.261	1.8660289661445e-32	PRRC2A	c1
5.70261829692058e-37	-0.787713529896046	0.026	0.051	1.91254412442122e-32	SARDH	c1
5.7941190260338e-37	-0.174425716844805	0.31	0.393	1.94323163895122e-32	PHIP	c1
5.79524373340805e-37	-0.169205328378024	0.222	0.295	1.94360884331039e-32	MRPS18B	c1
5.96253531688742e-37	-1.95897876659836	0.004	0.02	1.9997150945777e-32	ATP1A3	c1
6.0464769489063e-37	-0.470577493135646	0.044	0.075	2.0278674391242e-32	DGCR8	c1
6.11134490097408e-37	-3.82990168931351	0.001	0.013	2.04962285288869e-32	HIST1H3F	c1
6.20808536067607e-37	-0.242470821840209	0.092	0.136	2.08206766826354e-32	MDP1	c1
6.21118602149065e-37	-0.217536302046528	0.371	0.456	2.08310756788754e-32	CASP1	c1
6.25457550202551e-37	-0.374104368715631	0.02	0.044	2.09765953186932e-32	RFC3	c1
6.37351898319292e-37	-0.156386365752099	0.676	0.743	2.13755079658324e-32	FKBP8	c1
6.5662025791135e-37	-0.159236533631767	0.148	0.206	2.20217302098309e-32	BCAP29	c1
6.73675050273452e-37	-0.215123481754682	0.095	0.14	2.2593713836071e-32	BRCC3	c1
7.76670316537136e-37	-4.19592038843053	0	0.012	2.60479690760225e-32	TP73	c1
7.80506781610087e-37	-0.22253229987799	0.142	0.197	2.61766364416391e-32	RINL	c1
8.02709881645124e-37	-0.224860643254788	0.085	0.128	2.69212840106142e-32	ACADS	c1
8.09172046516981e-37	-0.17299598394921	0.153	0.211	2.71380120960865e-32	GATAD2A	c1
8.23780917638189e-37	-0.257684870422534	0.091	0.135	2.76279644157496e-32	CEP104	c1
8.34374398508557e-37	-0.180931451362079	0.165	0.225	2.798324857718e-32	HMCES	c1
8.47167136183756e-37	-0.164723465801382	0.12	0.171	2.84122914133308e-32	RAD51C	c1
8.76188567732766e-37	-9.46112716992597	0	0.012	2.93856121846215e-32	CXCL13	c1
8.94720612699193e-37	-0.146612513549462	0.171	0.234	3.00071399087055e-32	NDUFS4	c1
9.20334116208779e-37	-0.237230739083802	0.106	0.153	3.086616558941e-32	BTN2A1	c1
9.21198430074119e-37	-0.185319871849335	0.225	0.296	3.08951529478258e-32	REXO2	c1
9.39015967482846e-37	-6.19627527910181	0	0.011	3.14927175174397e-32	FAM92A	c1
9.43102375091021e-37	-0.28774285270227	0.06	0.096	3.16297674558026e-32	QRSL1	c1
9.647876679927e-37	-0.243702689490107	0.097	0.142	3.23570488091392e-32	ZC3H14	c1
1.00373143131225e-36	-0.188601038947586	0.112	0.161	3.36631447433503e-32	PARVB	c1
1.01019795914491e-36	-0.142053194062041	0.131	0.186	3.3880019153802e-32	RBMX2	c1
1.05289659570664e-36	-0.292253599296634	0.075	0.114	3.53120460268092e-32	RXYLT1	c1
1.05427685277107e-36	-0.25768301982094	0.081	0.122	3.53583370882361e-32	SMARCAD1	c1
1.06343485533803e-36	-0.182554274675341	0.178	0.241	3.56654781783268e-32	RING1	c1
1.06421132757945e-36	-0.164281784851747	0.138	0.194	3.56915195043596e-32	R3HCC1	c1
1.08949358646281e-36	-0.180716669896166	0.224	0.294	3.65394359027896e-32	SUPT16H	c1
1.13411513936071e-36	-0.225637381495111	0.138	0.192	3.80359535438794e-32	EDEM3	c1
1.16677303563793e-36	-0.678853338783048	0.016	0.038	3.91312340692251e-32	AC137767.1	c1
1.2137343672429e-36	-0.151279356529576	0.125	0.178	4.07062232085923e-32	MRPS28	c1
1.24218939542897e-36	-2.26619110694406	0.003	0.017	4.16605479438968e-32	SIGLEC10	c1
1.25354813429516e-36	-0.411589898263378	0.041	0.071	4.20414973279912e-32	FDXR	c1
1.25879612529811e-36	-0.180781160087467	0.417	0.513	4.22175044502479e-32	TBRG1	c1
1.29937957123003e-36	-0.153400851688144	0.514	0.605	4.35785920599129e-32	BRD2	c1
1.37115850543181e-36	-0.261022545342047	0.084	0.126	4.59859139551719e-32	ARMT1	c1
1.39152495885051e-36	-0.266112822635139	0.101	0.147	4.66689640699285e-32	TMEM175	c1
1.39395357887265e-36	-0.303139234835056	0.074	0.114	4.67504151282311e-32	LARP4B	c1
1.40647437510574e-36	-0.463352674775038	0.03	0.057	4.71703375922962e-32	PNPO	c1
1.40713259685075e-36	-0.416915635088976	0.08	0.119	4.71924130331804e-32	L3MBTL3	c1
1.42576982382778e-36	-0.483404559212091	0.029	0.056	4.7817468351536e-32	CEP97	c1
1.45053153800493e-36	-0.191311109600049	0.075	0.116	4.86479267216095e-32	ITGB3BP	c1
1.45258027293624e-36	-0.209294467551815	0.121	0.172	4.87166371937356e-32	FAF2	c1
1.45874824826067e-36	-0.312829696273828	0.066	0.103	4.89234987501665e-32	MED7	c1
1.49404862954299e-36	-0.1624401812334	0.534	0.615	5.01074029376127e-32	GDI2	c1
1.53140444547258e-36	-0.235678702450114	0.188	0.25	5.13602422922593e-32	LENG8	c1
1.53521596712972e-36	-0.179161411525034	0.396	0.49	5.14880731055966e-32	C19orf66	c1
1.6275915736014e-36	-0.219378538764685	0.089	0.132	5.45861661954437e-32	DOK1	c1
1.67752312573023e-36	-0.284369826417835	0.066	0.104	5.62607705907405e-32	SNX13	c1
1.67801794830893e-36	-0.196283738007365	0.302	0.384	5.6277365950385e-32	NIPBL	c1
1.74466472788006e-36	-0.286774574069931	0.088	0.13	5.85125656436416e-32	SELENOO	c1
1.80373992257007e-36	-0.253583263416096	0.081	0.122	6.0493829523155e-32	SCO1	c1
1.81902208187002e-36	-0.336235816862548	0.046	0.078	6.10063625817568e-32	WRNIP1	c1
1.83136328737427e-36	-0.166760535562353	0.534	0.614	6.14202619319582e-32	ATP5PD	c1
1.8621786917735e-36	-0.574418739521641	0.029	0.056	6.24537489646998e-32	TLDC1	c1
1.8648833183531e-36	-0.157107669710641	0.234	0.308	6.25444567309263e-32	RFC1	c1
1.86556115030638e-36	-0.266276429859825	0.064	0.101	6.25671898589754e-32	MAPKAPK2	c1
1.94677558680284e-36	-0.176466778867694	0.297	0.381	6.52909596301937e-32	EMC7	c1
1.95420499694474e-36	-0.886216254703761	0.013	0.033	6.55401271875327e-32	ARID3A	c1
1.95893428478312e-36	-0.180935248321985	0.298	0.378	6.56987380430564e-32	RASA2	c1
2.06052401308703e-36	-0.304470010382209	0.054	0.088	6.91058543509127e-32	MTIF2	c1
2.06361249268746e-36	-0.156919086231911	0.189	0.255	6.92094357797519e-32	PREB	c1
2.16938662062241e-36	-0.217826509098693	0.605	0.681	7.27568884824342e-32	DENND2D	c1
2.25406742437414e-36	-0.187782539088595	0.278	0.357	7.55969132786598e-32	FIP1L1	c1
2.26821932820395e-36	2.03492229232387	0.012	0.004	7.60715398293041e-32	BACE1	c1
2.30957926232418e-36	-0.180043321840362	0.153	0.211	7.74586692998285e-32	TRIM21	c1
2.33385378292759e-36	-0.152087410995305	0.203	0.272	7.82727881718254e-32	ACADM	c1
2.5141504398724e-36	-0.456077907416112	0.044	0.075	8.43195774524405e-32	TMEM19	c1
2.53886985354937e-36	-0.189624991988985	0.215	0.282	8.51486171483387e-32	SECISBP2	c1
2.61569201556692e-36	-0.166016872739885	0.264	0.343	8.77250788180835e-32	DDX50	c1
2.62410524140954e-36	-0.213849269632418	0.126	0.177	8.80072415863931e-32	NUMB	c1
2.68604726720683e-36	-1.54522557072571	0.002	0.016	9.00846532475826e-32	DDIAS	c1
2.72637439236519e-36	-0.330265413344752	0.07	0.108	9.14371443711439e-32	ELMOD3	c1
2.83115633512273e-36	-0.152778165916297	0.229	0.303	9.49513211673463e-32	ERVK3-1	c1
2.90254690374981e-36	-0.20095526735078	0.13	0.182	9.73456180579611e-32	PICALM	c1
3.0654255045664e-36	-0.16508752220404	0.653	0.732	1.02808240572148e-31	ARHGEF1	c1
3.07096466911394e-36	-0.160412439770809	0.19	0.255	1.02994013072743e-31	POLR2H	c1
3.20059485519532e-36	-0.582011439334342	0.027	0.053	1.07341550253541e-31	TNRC18	c1
3.2544489136924e-36	-0.448417420728893	0.049	0.081	1.09147707667416e-31	CLEC16A	c1
3.31930425040725e-36	1.30983799627597	0.031	0.015	1.11322825950158e-31	ARAP3	c1
3.41736056700407e-36	-0.165617300395577	0.221	0.293	1.14611438696182e-31	PRPF31	c1
3.43549327718696e-36	-0.240744340415525	0.093	0.137	1.15219573530296e-31	ZCCHC8	c1
3.52105626163459e-36	-0.276692802640509	0.086	0.128	1.18089184902701e-31	ANKRA2	c1
3.82621031767907e-36	-4.8789870833181	0	0.012	1.28323441634321e-31	FAM49A	c1
3.93745632290061e-36	-0.417955926276719	0.059	0.095	1.32054410157441e-31	FBXL20	c1
3.97283969506341e-36	-0.217364917143665	0.121	0.171	1.33241097693037e-31	PPIL2	c1
4.0133089304013e-36	-0.540868108721663	0.028	0.054	1.34598354907799e-31	C4orf33	c1
4.05660283414224e-36	-0.161172843517795	0.228	0.299	1.36050345851462e-31	HK1	c1
4.14377667078776e-36	-0.166755378888777	0.253	0.33	1.3897398198488e-31	RPL7L1	c1
4.28846205054625e-36	-0.537503243224777	0.028	0.054	1.4382644025122e-31	TFCP2	c1
4.28993324243133e-36	-5.25632818417058	0	0.012	1.43875781084662e-31	S1PR5	c1
4.32553589690456e-36	-0.172475046078019	0.485	0.581	1.45069822910385e-31	AUP1	c1
4.3963233582941e-36	-0.216392861767412	0.096	0.141	1.47443892790468e-31	NEK1	c1
4.43661132573281e-36	-0.154270867054647	0.219	0.29	1.48795070642427e-31	SRP54	c1
4.4595110638064e-36	-0.57463192247911	0.051	0.083	1.49563082057939e-31	TRAV4	c1
4.48554413265517e-36	-0.207652638774003	0.088	0.132	1.50436179120989e-31	AIDA	c1
4.49376484334072e-36	-0.903409281236881	0.009	0.027	1.50711885315961e-31	GPSM2	c1
4.59167826485374e-36	-0.214854390621119	0.107	0.154	1.53995705646665e-31	SPOUT1	c1
5.13170327886946e-36	-0.168331472764301	0.292	0.377	1.72107064566724e-31	TIMM17B	c1
5.17102517185326e-36	-0.742535466969606	0.021	0.045	1.73425842213615e-31	MXRA7	c1
5.34753066453131e-36	0.128526807837889	0.861	0.858	1.79345483427051e-31	HNRNPDL	c1
5.53654317027859e-36	-0.22333652967972	0.133	0.185	1.85684584844803e-31	DDX42	c1
5.5890554380721e-36	-0.293928365316444	0.095	0.138	1.87445741282062e-31	MR1	c1
5.61620905362185e-36	-0.162058783091521	0.371	0.463	1.8835641924037e-31	STMP1	c1
5.66682104568764e-36	-0.247288111021697	0.201	0.263	1.90053844230272e-31	TACC3	c1
5.8550102286443e-36	-2.39812854135445	0.001	0.013	1.96365333048272e-31	SMTN	c1
5.88483309530471e-36	-0.531087775059326	0.031	0.058	1.97365532350329e-31	ADAT2	c1
5.99704524820368e-36	-0.205597049564742	0.199	0.263	2.01128903534255e-31	ZNFX1	c1
6.10067548580858e-36	-0.202627522635451	0.184	0.245	2.04604454443048e-31	MLLT3	c1
6.1381790679207e-36	-0.172716034617376	0.403	0.496	2.05862249579924e-31	KDELR1	c1
6.32524672192122e-36	-0.203061039749049	0.102	0.148	2.12136124559794e-31	CPSF1	c1
6.36853357749998e-36	-0.253507999676058	0.11	0.156	2.13587879122194e-31	TAOK1	c1
6.4437953955582e-36	-0.173804301995483	0.167	0.227	2.16112009976231e-31	CBX5	c1
6.52900351801825e-36	-1.35896116840793	0.005	0.02	2.18969719987296e-31	ARHGAP11B	c1
6.58430130954269e-36	-0.236129199891361	0.09	0.134	2.20824297319443e-31	ANAPC7	c1
6.68031719495598e-36	-0.207151329216879	0.152	0.208	2.24044478084434e-31	UBR4	c1
6.75014905889969e-36	-0.157143291685129	0.199	0.265	2.26386499137378e-31	PCGF5	c1
6.89208530942672e-36	0.699666353147224	0.084	0.057	2.31146757107553e-31	TCEAL3	c1
6.89888183507419e-36	-0.768151344392055	0.009	0.028	2.31374698984718e-31	EFCAB11	c1
7.05344523138235e-36	-0.433293626419305	0.033	0.061	2.36558446170101e-31	ARPC4-TTLL3	c1
7.11600441587945e-36	-0.257745532176008	0.12	0.169	2.38656556099765e-31	TLE3	c1
7.17596059181409e-36	-0.16499832877339	0.155	0.213	2.40667366328261e-31	MRPS25	c1
7.53922545027635e-36	-0.264395032229617	0.068	0.106	2.52850543151368e-31	STRADA	c1
7.55310336843966e-36	-0.138430810034504	0.216	0.287	2.53315980770729e-31	ABCF1	c1
8.07906815113506e-36	-0.171627905747605	0.146	0.202	2.70955787652768e-31	ANKRD39	c1
8.1017280363153e-36	-0.177619974664048	0.174	0.236	2.71715754881943e-31	XAB2	c1
8.18210554793826e-36	-0.203790637985485	0.078	0.118	2.74411455866753e-31	ASH2L	c1
8.4839247465675e-36	-0.149147490197826	0.214	0.284	2.84533868150381e-31	ZC3H13	c1
8.67537241223359e-36	-0.179014730602805	0.456	0.547	2.9095463996149e-31	RAB5C	c1
8.71948095913312e-36	-0.175851852555399	0.606	0.678	2.92433952407407e-31	GNG2	c1
8.86898127106715e-36	-0.189631849446301	0.125	0.177	2.9744789386905e-31	EFTUD2	c1
8.87308279931445e-36	-0.199990263285843	0.235	0.307	2.97585450923408e-31	PMVK	c1
9.32224552149602e-36	-0.164553063676937	0.143	0.199	3.12649470299933e-31	ALG3	c1
9.45278051363024e-36	-0.176348360982858	0.165	0.223	3.17027352866131e-31	IFRD1	c1
9.78030005666209e-36	0.79815131442977	0.092	0.064	3.28011703300333e-31	LTB4R2	c1
9.82690083160691e-36	-0.189002557952889	0.282	0.36	3.29574600090433e-31	PTK2B	c1
9.87612377763713e-36	-0.183297645415942	0.302	0.382	3.31225439254394e-31	PHF11	c1
9.9063739056687e-36	-0.904758479747924	0.016	0.037	3.32239968048317e-31	EVC2	c1
9.96849292929562e-36	-0.327293638874401	0.064	0.1	3.34323315862716e-31	CRACR2A	c1
1.12694769170122e-35	-0.202225150528718	0.192	0.255	3.77955716842755e-31	POLR2B	c1
1.12719168511143e-35	-0.181697683690936	0.25	0.323	3.78037547352673e-31	BBX	c1
1.19087798448313e-35	-0.218273870716652	0.08	0.121	3.99396658435952e-31	ASB3	c1
1.20801208102664e-35	-0.508374476212072	0.032	0.059	4.05143091734713e-31	PCGF3	c1
1.22271773037134e-35	-1.57489119554014	0.005	0.021	4.10075072411941e-31	SERPINE2	c1
1.22575213841314e-35	-0.317827229411926	0.046	0.078	4.11092752180998e-31	CDC34	c1
1.27436523306809e-35	-0.151608590422879	0.112	0.161	4.27396611866376e-31	FADD	c1
1.33669173277807e-35	1.3445447966176	0.028	0.013	4.48299673339109e-31	ACVR1C	c1
1.33754339008368e-35	-2.50012411258979	0.002	0.015	4.48585302166264e-31	LINC02195	c1
1.39140145340243e-35	-0.16493495020471	0.422	0.513	4.66648219442105e-31	TOMM22	c1
1.39761513559432e-35	-0.158382322828578	0.09	0.134	4.68732164175623e-31	MRPS17	c1
1.43502292763775e-35	-0.387988928079257	0.055	0.089	4.81277989471147e-31	SETD1B	c1
1.46097615804509e-35	-0.193066007790529	0.418	0.502	4.89982183885163e-31	NDUFC1	c1
1.46660518665588e-35	0.90658100416972	0.063	0.04	4.9187004750065e-31	ABCA1	c1
1.47907736435837e-35	-0.226406019031828	0.15	0.204	4.96052966458509e-31	RNF216	c1
1.49541697583543e-35	-0.334097191022117	0.051	0.084	5.01532945355688e-31	RRNAD1	c1
1.52283126559128e-35	-0.271195115473642	0.058	0.093	5.10727149854002e-31	NF2	c1
1.60164114238011e-35	-0.492690359720611	0.022	0.046	5.37158406331442e-31	RMI1	c1
1.67827401230182e-35	-0.191398739290295	0.122	0.172	5.62859538245783e-31	BRAT1	c1
1.69200782089932e-35	-0.221237954162737	0.096	0.14	5.67465582973213e-31	FO393401.1	c1
1.71917037470587e-35	-0.192912230256576	0.269	0.344	5.76575360268854e-31	KMT2A	c1
1.72443446059514e-35	-0.226075759057638	0.32	0.396	5.783408293944e-31	SUSD3	c1
1.75456689534484e-35	-0.143829429825565	0.228	0.3	5.88446645360751e-31	RALBP1	c1
1.7887814592324e-35	-0.168594424578793	0.404	0.492	5.99921525797363e-31	MRPS34	c1
1.79403152900272e-35	1.25547704847024	0.039	0.021	6.01682294196933e-31	STAP1	c1
1.79588857095482e-35	-0.526886136455111	0.023	0.048	6.02305108926828e-31	DVL3	c1
1.80724950846397e-35	-0.166855346392735	0.381	0.47	6.06115340148647e-31	WSB1	c1
1.82597517536863e-35	-0.181037748607279	0.186	0.248	6.1239555431513e-31	KPNA4	c1
1.85470925106345e-35	-0.169608650781827	0.414	0.505	6.22032388621661e-31	SNX17	c1
1.934144007786e-35	-0.201695642647786	0.086	0.128	6.48673217331269e-31	YARS2	c1
1.96935328677811e-35	-4.43238304548751	0	0.012	6.60481705319644e-31	LINC02539	c1
2.0034460715482e-35	-0.301257435980695	0.066	0.103	6.71915743475834e-31	CCDC6	c1
2.03928273170869e-35	-0.27404603951092	0.092	0.134	6.83934642560461e-31	ELMO2	c1
2.19255920024922e-35	-0.271680579882069	0.075	0.114	7.35340504579585e-31	NAA30	c1
2.20337922443555e-35	-0.274128194550727	0.094	0.137	7.38969324291195e-31	AHCTF1	c1
2.21111114300848e-35	-0.203235775557905	0.2	0.264	7.41562455142184e-31	TTC17	c1
2.26564736920593e-35	-0.268771041212535	0.05	0.083	7.59852814684284e-31	HSPA14.1	c1
2.27259760884687e-35	-0.483812461457755	0.033	0.06	7.62183786055063e-31	NDOR1	c1
2.3112111239067e-35	-0.289015680997488	0.097	0.141	7.7513398673583e-31	KIZ	c1
2.35697060559349e-35	-0.423724916237541	0.048	0.079	7.90480801703943e-31	MED12	c1
2.46053046529874e-35	-0.51073679429583	0.022	0.046	8.25212707451891e-31	NEMP1	c1
2.48423203835588e-35	-0.15755922516752	0.197	0.263	8.33161741023795e-31	YDJC	c1
2.54302549390506e-35	-0.585548264232076	0.027	0.052	8.52879890145878e-31	LIMD1	c1
2.553943627878e-35	-0.319173322235746	0.041	0.072	8.56541613917722e-31	EEF1AKMT1	c1
2.58098098870606e-35	-0.308909292640511	0.071	0.109	8.65609403992239e-31	PI4KA	c1
2.62182293717628e-35	-0.212529403311802	0.083	0.124	8.79306976670182e-31	EXOC3	c1
2.65613305365493e-35	-0.155319424203824	0.276	0.358	8.90813903534791e-31	THYN1	c1
2.71180818667264e-35	-0.470111903062504	0.031	0.058	9.0948622964627e-31	CBR4	c1
2.73067252959845e-35	-0.911874671988479	0.066	0.101	9.15812952976729e-31	LINC01943	c1
2.76728457353173e-35	-0.33126042847281	0.059	0.094	9.28091900271073e-31	HECTD3	c1
2.84404743443409e-35	-0.31469545188489	0.043	0.074	9.53836628560506e-31	WDYHV1	c1
2.94494593016432e-35	-3.01177761374745	0.001	0.014	9.8767596605851e-31	C16orf45	c1
2.98946927641352e-35	-0.253053759087469	0.096	0.14	1.00260820592357e-30	TCTA	c1
3.00808585284398e-35	-0.31202181553477	0.05	0.082	1.00885183332681e-30	AEBP2	c1
3.05220276589014e-35	-0.158600051782007	0.191	0.255	1.02364776362423e-30	SS18	c1
3.0693341191783e-35	-0.182711903507203	0.114	0.163	1.02939327689002e-30	DNM1L	c1
3.19462194810696e-35	-0.226901194130453	0.071	0.11	1.07141230895611e-30	DYRK4	c1
3.20142494820703e-35	-0.284181167300675	0.066	0.103	1.07369389912967e-30	COQ8B	c1
3.20535625375403e-35	-0.342333148099194	0.051	0.084	1.07501238038403e-30	PUS3	c1
3.38805228492574e-35	-0.231830537611629	0.085	0.126	1.1362849753184e-30	CSNK1G2	c1
3.44205424893853e-35	-0.215154903169223	0.104	0.15	1.154396154009e-30	RPS6KB1	c1
3.49471580225522e-35	-0.815966016425483	0.007	0.024	1.17205778576035e-30	ATP2A1-AS1	c1
3.59849139987174e-35	-0.187685040656832	0.161	0.218	1.20686204568898e-30	PNPLA8	c1
3.62883656095845e-35	-0.155364139798895	0.235	0.308	1.21703920581425e-30	BLOC1S4	c1
3.74277970198391e-35	-0.228559191827388	0.096	0.14	1.25525345645136e-30	SPIDR	c1
3.7689828949422e-35	-0.71366873639191	0.016	0.036	1.26404148330572e-30	B3GALNT2	c1
3.87716900183655e-35	-0.12975723642745	0.948	0.96	1.30032493983594e-30	HNRNPA2B1	c1
4.23860305615911e-35	-0.326949524081283	0.067	0.103	1.42154269297464e-30	SLC37A1	c1
4.27397883680492e-35	-0.173454474466837	0.146	0.201	1.43340702228764e-30	MED16	c1
4.28289518231972e-35	-0.140471283666583	0.282	0.364	1.43639738624639e-30	PRKCSH	c1
4.42854124544184e-35	-0.464158144561613	0.042	0.072	1.48524416289629e-30	TEPSIN	c1
4.4664274014971e-35	-0.166896552567814	0.523	0.605	1.4979504219141e-30	RNPS1	c1
4.76007968536789e-35	-0.222477762489205	0.077	0.117	1.59643552487868e-30	ANKRD54	c1
4.78543498432939e-35	-0.229879110949496	0.518	0.586	1.60493918504439e-30	CACYBP	c1
4.82836362895153e-35	-0.160546778170448	0.169	0.23	1.61933659387777e-30	MRPS23	c1
5.27385634082435e-35	-0.204291726478986	0.447	0.53	1.76874593958567e-30	DCXR	c1
5.2999551221227e-35	-0.234986950395028	0.134	0.184	1.77749894885751e-30	XIAP	c1
5.38191429020562e-35	-0.426354639004275	0.043	0.073	1.80498641464916e-30	NAA40	c1
5.62016841385725e-35	-0.149202585304768	0.263	0.34	1.88489208263944e-30	ZFR	c1
5.65564749225925e-35	-0.209199669827564	0.145	0.198	1.89679105595391e-30	CCNL2	c1
5.93327310170742e-35	-0.334851833042708	0.068	0.105	1.98990113285063e-30	VPS52	c1
5.9442129916266e-35	-0.253459937839509	0.081	0.121	1.99357015313173e-30	CC2D1A	c1
6.37522990965261e-35	-0.290011621926133	0.098	0.142	2.13812460709929e-30	ATAD2B	c1
6.37733425535303e-35	-0.212816628356005	0.122	0.171	2.1388303625603e-30	MFSD11	c1
6.4976010623591e-35	1.10921217578324	0.04	0.022	2.179165444294e-30	MAPRE3	c1
6.75077176532357e-35	-0.217113832798333	0.631	0.704	2.26407383465422e-30	KIAA1551	c1
7.03784712870764e-35	-0.324341470380122	0.065	0.101	2.36035317002597e-30	DYRK1A	c1
7.06308530204141e-35	-0.343271401238874	0.048	0.08	2.36881754859865e-30	MDM1	c1
7.28293961985411e-35	-0.150584560854538	0.18	0.242	2.44255228970667e-30	EEF1E1	c1
7.56522630506092e-35	-2.24508666452957	0.002	0.014	2.53722559819133e-30	PYCR1	c1
7.5777075578538e-35	-0.238131360307168	0.083	0.124	2.54141156075301e-30	RAPGEF1	c1
7.91487508853085e-35	-0.175055734572934	0.178	0.238	2.65449080719148e-30	NPTN	c1
8.39656280774316e-35	-0.17488354389149	0.285	0.364	2.8160392344609e-30	CAPRIN1	c1
8.67099568422902e-35	-0.275408876194392	0.085	0.126	2.90807853257673e-30	MAU2	c1
9.1396858819323e-35	-0.166549594592745	0.351	0.439	3.06526785108245e-30	RAB14	c1
9.22421966181402e-35	-0.469295950293438	0.034	0.062	3.09361879017919e-30	NDUFAF5	c1
9.52766901187153e-35	-0.199567120563861	0.109	0.155	3.19538963320147e-30	TBC1D22A	c1
9.72122576743701e-35	-0.277357865362451	0.079	0.118	3.26030469788302e-30	PRPF39	c1
9.78545014756347e-35	-0.182114731225239	0.375	0.459	3.28184427048984e-30	PTBP1	c1
9.90350679128184e-35	-0.22141215834967	0.105	0.15	3.3214381076601e-30	HPS3	c1
1.00795253780494e-34	-0.154614416968407	0.156	0.214	3.38047122129022e-30	UNC45A	c1
1.01596908256908e-34	-3.09174430432651	0	0.012	3.40735710912019e-30	HASPIN	c1
1.0514532194815e-34	-0.405815991725913	0.038	0.066	3.52636380749707e-30	PANK3	c1
1.0515314051777e-34	-0.187459864316271	0.039	0.068	3.52662602668496e-30	MIS18A	c1
1.05320686553718e-34	-0.147050255593355	0.177	0.239	3.53224518563859e-30	UBE2D1	c1
1.09373092526084e-34	-0.224471220615218	0.052	0.085	3.6681547771398e-30	CHCHD4	c1
1.1015783629846e-34	-0.541063645194938	0.02	0.042	3.69447351377774e-30	MTHFD1L	c1
1.12130631408827e-34	-0.273112417422111	0.086	0.127	3.76063711618923e-30	PNO1	c1
1.13610390388526e-34	-0.645499825257772	0.024	0.048	3.81026527285037e-30	YPEL1	c1
1.17717448951165e-34	-0.258121501879857	0.071	0.109	3.94800780292417e-30	MUM1	c1
1.23656128917113e-34	-0.307189333364022	0.054	0.088	4.14717925162214e-30	FASTKD1	c1
1.2490470352827e-34	-0.163895662895314	0.328	0.414	4.18905394693112e-30	RHEB	c1
1.26020216971909e-34	-0.401152963369288	0.061	0.096	4.22646603680388e-30	AMMECR1	c1
1.30485061251562e-34	1.95132643096813	0.013	0.004	4.37620798425489e-30	RRAGD	c1
1.34683597428236e-34	-0.183562865845742	0.154	0.21	4.51701849054817e-30	CFAP20	c1
1.43819950960177e-34	-0.322105966489028	0.055	0.089	4.82343351530242e-30	HGH1	c1
1.45988143787097e-34	-0.127646450963243	0.175	0.236	4.89615036633167e-30	MRPS31	c1
1.50215197341109e-34	-0.238034139959191	0.135	0.186	5.0379172884261e-30	ARFGEF1	c1
1.51374953012634e-34	-1.14901596318985	0.011	0.029	5.07681317413771e-30	LRRC2	c1
1.57670898794008e-34	-0.452870473562749	0.042	0.072	5.28796660375343e-30	SIK3	c1
1.58585257869175e-34	-0.163864106689584	0.131	0.183	5.31863237841638e-30	ELAC2	c1
1.60115464413631e-34	-0.417921754187112	0.039	0.068	5.36995244550434e-30	TOP3A	c1
1.64835579996248e-34	-0.696419570530162	0.014	0.033	5.52825568191416e-30	DOT1L	c1
1.77833328870959e-34	-0.441942605737045	0.044	0.075	5.96417418367423e-30	NOP14-AS1	c1
1.78988010552488e-34	-2.30557195249757	0.002	0.015	6.00289989790935e-30	CD109	c1
1.79912734713091e-34	-0.364031371178237	0.043	0.073	6.03391329680763e-30	PIGQ	c1
1.83854827093716e-34	-0.216340679323104	0.122	0.17	6.16612319106906e-30	MAN1B1	c1
1.84813635602748e-34	-0.291447536984549	0.06	0.095	6.19827971084497e-30	TOR1AIP2	c1
1.85656513922412e-34	-0.242618604102999	0.093	0.135	6.22654816392986e-30	CCDC93	c1
1.9214700737444e-34	-0.157685480824997	0.086	0.129	6.44422633332396e-30	PTS	c1
1.92920239035063e-34	-0.228441235541523	0.107	0.153	6.47015897675795e-30	ZNF451	c1
1.99565722477513e-34	-0.367875358002198	0.045	0.075	6.69303520045082e-30	KTI12	c1
2.00863947126857e-34	-0.156017048545058	0.209	0.276	6.73657505874054e-30	C21orf91	c1
2.16241380251444e-34	-0.476622520623495	0.044	0.074	7.25230341087293e-30	CLCN7	c1
2.17759033624917e-34	-0.322660060479231	0.212	0.271	7.30320246971248e-30	TNFRSF25	c1
2.22086685712022e-34	0.873121047582472	0.058	0.036	7.44834326540981e-30	PRKAG2-AS1	c1
2.31210457932709e-34	-0.312590230042774	0.059	0.093	7.7543363381472e-30	EDC3	c1
2.4065781554271e-34	-0.2674560863836	0.075	0.114	8.07118181767141e-30	MAVS	c1
2.47376271829259e-34	-0.153382559197015	0.311	0.396	8.2965054046097e-30	BCL7B	c1
2.4774284465223e-34	-0.205608873404564	0.101	0.145	8.30879952394647e-30	AAR2	c1
2.51158070810921e-34	-0.137802521096484	0.16	0.219	8.42333937885666e-30	TMEM18	c1
2.51842514729475e-34	-0.146995043578326	0.286	0.37	8.44629425899713e-30	ABT1	c1
2.52394366877859e-34	-0.14286724612601	0.084	0.125	8.46480227634964e-30	TARBP2	c1
2.5248486955878e-34	-0.165578760262469	0.331	0.418	8.46783755526235e-30	PFDN2	c1
2.56423749130122e-34	-0.155088861703926	0.214	0.282	8.59993969832603e-30	CNDP2	c1
2.6092747425422e-34	-0.189831052494808	0.097	0.141	8.75098563153803e-30	RCC1L	c1
2.69176757849182e-34	-3.86142838236521	0.001	0.012	9.02765010474588e-30	IQSEC3	c1
2.69793292783363e-34	-0.177610871924089	0.209	0.276	9.04832745336842e-30	USP10	c1
2.69907278189475e-34	-0.483589244280909	0.033	0.06	9.05215029591862e-30	EEF2K	c1
2.77090637270766e-34	-0.156997677561316	0.56	0.642	9.29306579278694e-30	ECH1	c1
2.84058512250131e-34	-0.399753334645546	0.046	0.077	9.52675438384489e-30	SPAST	c1
2.86080292842562e-34	-0.242285648370676	0.088	0.13	9.59456086135385e-30	TP53BP1	c1
2.92121284205597e-34	-0.149214102303841	0.565	0.637	9.79716362968733e-30	ATP5MPL	c1
3.04583340223136e-34	-0.199312140061705	0.119	0.168	1.02151160644035e-29	CDK10	c1
3.04778563501186e-34	-0.169055196792363	0.328	0.412	1.02216634627028e-29	FBXO7	c1
3.0729215389366e-34	0.18861033842115	0.269	0.221	1.03059642572856e-29	AREG	c1
3.12150371803674e-34	-0.185171354391574	0.526	0.611	1.04688991695516e-29	SP100	c1
3.15263195414088e-34	-0.205911660036232	0.11	0.157	1.05732970477977e-29	PDPK1	c1
3.23182584258026e-34	-0.217046600109604	0.131	0.181	1.08388975108457e-29	NUFIP2	c1
3.25106788266666e-34	-0.48855434410503	0.035	0.063	1.09034314648874e-29	RYBP	c1
3.2761099116931e-34	-0.23517131307864	0.121	0.169	1.09874174218363e-29	MON2	c1
3.30943160687833e-34	-0.238189285506905	0.084	0.124	1.10991717231485e-29	PATL1	c1
3.35760391612537e-34	-0.37983467727802	0.037	0.065	1.12607320139013e-29	PLAGL2	c1
3.38148054607402e-34	0.768855039000162	0.088	0.06	1.13408094554231e-29	LINC00944	c1
3.4879498328512e-34	-0.188120518121526	0.172	0.231	1.16978861494164e-29	ARL16	c1
3.80125417541115e-34	-0.391727104032696	0.04	0.069	1.27486462534939e-29	GABPB2	c1
3.86961027211032e-34	-0.114391653990436	0.139	0.193	1.29778989306036e-29	CAPNS1	c1
4.33572251095204e-34	-0.317012161545541	0.066	0.102	1.45411461572309e-29	NDUFAF7	c1
4.43892272292213e-34	-0.16299423438551	0.309	0.393	1.48872590281362e-29	COX16	c1
4.49050733719231e-34	0.701382945319929	0.105	0.076	1.50602635074756e-29	LDOC1	c1
4.51483996745737e-34	-0.174002718157405	0.734	0.766	1.51418702828585e-29	RGS10	c1
4.54957857241412e-34	-0.495528439514762	0.095	0.136	1.52583766161625e-29	LTA	c1
4.57270306704264e-34	-0.161785835597919	0.133	0.185	1.53359315462476e-29	GSKIP	c1
4.86868548917483e-34	-0.159050249156183	0.107	0.154	1.63285973935946e-29	GUCD1	c1
4.90714520398065e-34	-0.177108502285562	0.373	0.46	1.64575835851103e-29	RNF187	c1
4.91378179965062e-34	-0.160812788485276	0.128	0.178	1.64798413996682e-29	PPP1R35	c1
4.99714197388407e-34	-0.284729275460038	0.075	0.113	1.67594147520124e-29	RNF25	c1
5.00165349927299e-34	-0.293252866769787	0.064	0.099	1.67745455058618e-29	KCTD18	c1
5.24232404313751e-34	-0.166633974327527	0.214	0.281	1.75817063758746e-29	GPBP1L1	c1
5.34285574916212e-34	-0.177947741453266	0.163	0.22	1.79188696115399e-29	ICE1	c1
5.39686420636405e-34	-1.55523863990148	0.012	0.031	1.81000031753037e-29	HSPA6	c1
5.42362087718554e-34	-0.422396652170328	0.037	0.065	1.81897396979049e-29	TBC1D22B	c1
5.69880538062793e-34	-0.148046752238274	0.114	0.162	1.911265348555e-29	DNAJC21	c1
5.75490202403166e-34	-0.217063804509759	0.081	0.121	1.93007904081974e-29	RBM28	c1
5.80367050162887e-34	-0.155298607051344	0.119	0.169	1.94643501283629e-29	CNOT9	c1
6.49593851932435e-34	-0.187791319590295	0.232	0.3	2.178607860611e-29	PSD4	c1
6.53469885031018e-34	-0.432209692466677	0.025	0.049	2.19160730041703e-29	LRRCC1	c1
6.66219488944516e-34	-0.140301468278846	0.143	0.197	2.23436692202212e-29	RANBP3	c1
6.8179042713288e-34	-0.249552599482531	0.086	0.127	2.28658873451825e-29	ACOT9	c1
7.0082598621112e-34	-1.68472643415205	0.004	0.019	2.35043019255486e-29	AC018797.2	c1
7.25944405604712e-34	-0.286941888507655	0.062	0.097	2.43467234751708e-29	UBE2W	c1
7.57527667680337e-34	-0.300302980324293	0.253	0.317	2.54059629186631e-29	FKBP5	c1
7.64854932513321e-34	-0.172249846812087	0.199	0.263	2.56517047266318e-29	USF2	c1
8.09345630817421e-34	-0.161170082776499	0.217	0.286	2.71438337663547e-29	AASDHPPT	c1
8.22430482370265e-34	-1.00984199656545	0.007	0.024	2.7582673517734e-29	TMPO-AS1	c1
8.26233558528125e-34	-0.204116416376614	0.068	0.104	2.77102210859163e-29	GEMIN6	c1
8.63183099070967e-34	-1.15965554561721	0.012	0.031	2.89494347766421e-29	IKZF4	c1
8.81532725641043e-34	-0.14640459047273	0.162	0.22	2.95648445525493e-29	GOLT1B	c1
8.88852609315103e-34	-0.215524181682506	0.07	0.108	2.98103388112099e-29	MRM2	c1
9.30595862205274e-34	-0.308977469467038	0.145	0.194	3.12103240266405e-29	PLEC	c1
9.30619062398515e-34	-0.141666136892617	0.29	0.368	3.12111021147214e-29	EIF5B	c1
9.33946760197733e-34	-0.179558841552035	0.333	0.413	3.13227064435116e-29	TANK	c1
9.46981736517739e-34	-0.163334870514304	0.537	0.621	3.17598734793319e-29	COX7A2L	c1
9.67115398104888e-34	-0.169705797791579	0.156	0.212	3.24351162216418e-29	POM121C	c1
1.05076740701521e-33	-0.449891744525488	0.029	0.054	3.5240637296476e-29	CCHCR1	c1
1.06996250225395e-33	-0.507432309391895	0.036	0.063	3.58844024005929e-29	IER5L	c1
1.07420362488073e-33	-0.174877422306963	0.235	0.304	3.60266411712498e-29	THOC2	c1
1.09736592150636e-33	-0.370724952462464	0.033	0.06	3.68034582754803e-29	SSBP3	c1
1.13245033810867e-33	-0.626468115154119	0.019	0.041	3.79801194394886e-29	FAM214B	c1
1.15209341285851e-33	-0.124487196203399	0.252	0.327	3.86389088804486e-29	MED28	c1
1.18335960063364e-33	-0.148169912002777	0.275	0.356	3.96875142860508e-29	TRAPPC3	c1
1.22944501062733e-33	-0.823821970219062	0.015	0.034	4.12331267664195e-29	KIAA0930	c1
1.23296988554984e-33	-0.160361373973392	0.721	0.79	4.13513440215706e-29	SRSF5	c1
1.24385223997436e-33	-0.182951059549218	0.297	0.376	4.17163164242602e-29	HNRNPH1	c1
1.2655377053577e-33	-0.586804296285499	0.022	0.044	4.24436035622867e-29	POP1	c1
1.34445714965526e-33	0.974177279395882	0.052	0.031	4.50904038851379e-29	TMEM25	c1
1.45327451639265e-33	-0.380794482461706	0.047	0.078	4.87399207307769e-29	RNF170	c1
1.45330990669259e-33	-0.23008333100147	0.102	0.146	4.87411076506562e-29	HACL1	c1
1.48775353662246e-33	0.74034606868643	0.077	0.051	4.9896278111244e-29	LINC00243	c1
1.51007836780241e-33	-7.5878707984761	0	0.01	5.06450082993573e-29	TNFRSF8	c1
1.53718936380562e-33	-0.468680339175644	0.018	0.039	5.15542568833128e-29	TMEM97	c1
1.5969554149298e-33	-0.150834194932447	0.341	0.429	5.35586907059157e-29	MFF	c1
1.59864636871548e-33	-1.10625640595434	0.096	0.132	5.36154019139797e-29	TRGV2	c1
1.62831455436564e-33	-0.236514422763199	0.08	0.119	5.46104135243149e-29	FKBP15	c1
1.6509703798431e-33	-0.19734938990521	0.144	0.197	5.53702445991777e-29	EXOC4	c1
1.65637908928402e-33	-0.230166236097634	0.071	0.108	5.55516418964074e-29	MSH2	c1
1.68488306473852e-33	-0.319448174487762	0.017	0.039	5.65076082252006e-29	SUV39H2	c1
1.69210813541309e-33	-0.308040146953761	0.078	0.116	5.67499226454841e-29	NCOR2	c1
1.77560090919467e-33	-0.279124299090966	0.062	0.097	5.95501032925709e-29	FUNDC1	c1
1.81536886536971e-33	1.82594662640889	0.013	0.004	6.08838410067692e-29	SLC5A5	c1
1.83034066990798e-33	1.1715644941642	0.032	0.016	6.13859653873739e-29	RAB20	c1
1.86732775367482e-33	-2.16914002779233	0.003	0.015	6.2626438202746e-29	AL445471.1	c1
1.89668862542822e-33	-0.231646065784061	0.083	0.123	6.36111431196117e-29	PHRF1	c1
1.9530363761812e-33	-0.132964154198566	0.245	0.319	6.55009339843649e-29	VTI1B	c1
1.9818181865779e-33	-0.170844560472261	0.253	0.325	6.64662183414496e-29	MPC1	c1
2.04496644137074e-33	-0.125563181274748	0.125	0.175	6.85840845106919e-29	CMAS	c1
2.15816908342936e-33	-0.332789300791335	0.045	0.075	7.2380674720054e-29	RNF135	c1
2.18287778321292e-33	-0.227488799101936	0.161	0.216	7.32093550933949e-29	RAB9A	c1
2.18650986011004e-33	-0.221230126261878	0.083	0.123	7.33311676883706e-29	CDR2	c1
2.22515263467036e-33	-0.33103235689319	0.059	0.092	7.46271690615745e-29	ADAT1	c1
2.37981011570908e-33	-3.67481827078344	0	0.011	7.9814071660651e-29	GLDC	c1
2.39923395048592e-33	-0.1523387390279	0.141	0.194	8.04655082313968e-29	MAPKAP1	c1
2.40075181437924e-33	-0.152147549414584	0.256	0.331	8.05164143506511e-29	INTS11	c1
2.47978068434593e-33	-0.170380959370726	0.421	0.515	8.31668845915937e-29	EIF1B	c1
2.53252031934741e-33	-0.359486025537813	0.052	0.084	8.49356664702734e-29	AC008124.1	c1
2.55478501843543e-33	-0.167108406209396	0.437	0.527	8.56823799482876e-29	TMCO1	c1
2.63024406501846e-33	-3.6447598449444	0.001	0.012	8.82131254525889e-29	TTC16	c1
2.74612908111582e-33	-1.67462336815446	0.003	0.016	9.20996771224625e-29	SPHK1	c1
2.79523546041351e-33	-0.145483319383938	0.275	0.353	9.37466068713484e-29	INO80E	c1
2.84448804876282e-33	-0.26959958486084	0.052	0.084	9.53984401794074e-29	PUSL1	c1
2.96966839183792e-33	-0.355206478254755	0.064	0.098	9.95967385254602e-29	AC012615.1	c1
2.99121305278394e-33	-0.164365609219258	0.251	0.324	1.00319303364268e-28	SAFB	c1
3.0524263525753e-33	-0.207183172048939	0.119	0.167	1.0237227501267e-28	RNFT1	c1
3.06556720687723e-33	-0.304872198126861	0.054	0.086	1.02812992984248e-28	LINC02001	c1
3.09068987762312e-33	-0.580262447787748	0.014	0.034	1.03655557115724e-28	KNTC1	c1
3.10086938069169e-33	0.231275153957703	0.547	0.536	1.03996957289638e-28	CAST	c1
3.13630307044026e-33	-0.166827891905206	0.112	0.159	1.05185332376426e-28	IDH3A	c1
3.18660704060949e-33	-0.154466481325891	0.614	0.692	1.06872426927961e-28	TMEM50A	c1
3.30948281649841e-33	-0.385445016612423	0.05	0.081	1.10993434699724e-28	APAF1	c1
3.40908909439242e-33	-0.346483541720317	0.063	0.098	1.14334030047733e-28	AMBRA1	c1
3.61861877800356e-33	-0.166872376334714	0.155	0.21	1.21361236576683e-28	LRCH4	c1
3.65066892854328e-33	-0.26033375949421	0.077	0.115	1.22436134525484e-28	PPFIA1	c1
3.70983202642183e-33	-0.197050137404053	0.101	0.145	1.24420346502135e-28	USP42	c1
3.73642036982134e-33	-1.41905101528112	0.005	0.02	1.25312066363068e-28	FADS1	c1
3.83789635885402e-33	-0.633035304447584	0.022	0.045	1.28715368083246e-28	SLC2A13	c1
3.91275523835341e-33	-0.170167593321971	0.26	0.332	1.31225985183897e-28	CD58	c1
3.92346697861554e-33	-0.36700988185592	0.046	0.076	1.31585235528808e-28	ATG4A	c1
3.97513793419728e-33	-0.861221950542817	0.008	0.024	1.33318176037108e-28	KHDC1	c1
4.00580654138229e-33	-0.225099334565857	0.079	0.118	1.34346739784879e-28	POC5	c1
4.10512736547583e-33	-0.288411161409375	0.058	0.092	1.37677761583328e-28	ELF4	c1
4.18957191885698e-33	-0.210638605713246	0.058	0.092	1.40509863014625e-28	PGAP2	c1
4.2397601718842e-33	-0.184398524292341	0.165	0.222	1.42193076644652e-28	HGS	c1
4.33926617758533e-33	-0.149268167352672	0.134	0.186	1.45530309063857e-28	SLC39A1	c1
4.39753205504582e-33	-0.352332262663131	0.1	0.141	1.47484430062127e-28	RHOB	c1
4.54064047916158e-33	-0.212278055012268	0.086	0.126	1.52284000390121e-28	SMG9	c1
4.60827254892452e-33	-0.230525329219241	0.056	0.089	1.54552244745831e-28	PCGF6	c1
4.70610614644132e-33	-0.158319708186194	0.137	0.189	1.57833387939349e-28	OARD1	c1
4.73857722048069e-33	-2.23910870663983	0.002	0.014	1.58922402820481e-28	REEP2	c1
4.77778249126961e-33	-0.365925423661448	0.037	0.064	1.602372691922e-28	PRMT6	c1
4.90336820570713e-33	-0.160919946112619	0.15	0.204	1.64449162883006e-28	EXOSC10	c1
4.96819820526262e-33	-0.154468100172803	0.141	0.194	1.66623431408098e-28	SDHAF2	c1
5.15064227018019e-33	0.169296078183399	0.569	0.553	1.72742240457303e-28	SYNE2	c1
5.21675379606544e-33	-0.186075311136296	0.277	0.348	1.74959488812443e-28	RELB	c1
5.30774387099779e-33	-0.293702829854274	0.046	0.076	1.78011113945524e-28	ATAD3B	c1
5.36203367544153e-33	-0.638447328408274	0.021	0.043	1.79831885406958e-28	GRAMD4	c1
5.51579044712254e-33	-0.15599473363368	0.22	0.287	1.84988580015596e-28	RASSF7	c1
5.56881474275311e-33	-0.27047942733651	0.056	0.089	1.86766908842454e-28	TTI2	c1
5.64645110422731e-33	-0.190873108906382	0.068	0.104	1.89370677133575e-28	SAAL1	c1
5.74245814483521e-33	1.11235349525303	0.041	0.023	1.92590561261483e-28	ARHGEF40	c1
5.84483058397103e-33	-0.302611564687741	0.083	0.122	1.9602392812522e-28	TSC2	c1
6.07485444001358e-33	0.785292076845337	0.07	0.046	2.03738468209175e-28	PSTPIP2	c1
6.14824394201167e-33	-0.451061504757988	0.036	0.064	2.06199805327188e-28	C17orf80	c1
6.28113789361988e-33	-0.135140555786401	0.19	0.253	2.10656802676223e-28	METTL17	c1
6.54455331382867e-33	-2.57330272175001	0.002	0.014	2.19491229039186e-28	DPY19L2	c1
6.66853822517359e-33	-0.389764679601247	0.03	0.055	2.23649434995872e-28	SLC25A19	c1
6.70730805040501e-33	-0.151265085709915	0.218	0.286	2.24949697394483e-28	ZDHHC12	c1
6.89513772454802e-33	-0.209192869888033	0.121	0.169	2.31249129005891e-28	CDC16	c1
6.99230382911973e-33	-0.306647102650685	0.055	0.088	2.34507885821017e-28	MYPOP	c1
6.99357031318696e-33	-0.15101202123062	0.158	0.214	2.34550361163664e-28	NMT1	c1
7.24846371982317e-33	-0.149449730536313	0.182	0.242	2.4309897623543e-28	PDS5A	c1
7.28622516724155e-33	-0.132502593330363	0.195	0.259	2.44365419658947e-28	C1orf52	c1
7.32416668307945e-33	-0.164441276026648	0.145	0.199	2.45637902217119e-28	C5orf15	c1
7.61950781012778e-33	-0.210377946171073	0.099	0.141	2.55543052936066e-28	ENOSF1	c1
7.73541898609002e-33	-0.320022812234195	0.107	0.15	2.59430481955487e-28	YES1	c1
7.75947555172969e-33	-0.7752793594693	0.022	0.044	2.6023729105391e-28	TGFBR3L	c1
7.92885642274215e-33	-0.402166705422779	0.067	0.101	2.65917986705926e-28	FAM117A	c1
7.94456601205942e-33	-0.181609863841147	0.113	0.16	2.66444854912449e-28	RNGTT	c1
8.00388844493198e-33	-0.638063221260187	0.022	0.044	2.68434410666129e-28	ZNF236-DT	c1
8.63156139790635e-33	-0.123617874936536	0.151	0.207	2.89485306162983e-28	CTNNBL1	c1
9.5730847296412e-33	-0.172741760885352	0.121	0.17	3.21062115662707e-28	PES1	c1
9.64245642455576e-33	-0.158313935529977	0.141	0.194	3.23388703566751e-28	MTREX	c1
9.71160404306857e-33	-0.261324660118295	0.054	0.087	3.25707776396434e-28	METTL6	c1
9.86975335825223e-33	-0.147053797839487	0.151	0.207	3.31011788129063e-28	RUVBL2	c1
9.88589100191322e-33	-0.207893640385137	0.091	0.133	3.31553012422166e-28	TAF2	c1
9.97479156153051e-33	0.203428571945157	0.603	0.605	3.3453455939061e-28	SEC62	c1
1.01493095831961e-32	-0.351138354640417	0.085	0.124	3.4038754480123e-28	PIKFYVE	c1
1.02859009480989e-32	-0.234049059574979	0.088	0.128	3.44968545997342e-28	FAM219B	c1
1.03540790833652e-32	-0.165333794801177	0.474	0.551	3.47255104297903e-28	BANF1	c1
1.04667530153494e-32	-0.317025692683861	0.089	0.129	3.51033962628787e-28	DNAJB4	c1
1.07286994364766e-32	-2.02042839552243	0.004	0.017	3.59819121700551e-28	DMPK	c1
1.08298069145098e-32	-0.237656215944151	0.119	0.165	3.63210064298831e-28	DDX58	c1
1.10278059733133e-32	-0.196102609616652	0.113	0.159	3.69850556732981e-28	PARN	c1
1.11788919634874e-32	-1.2711555561907	0.015	0.034	3.7491767867144e-28	LINC01891	c1
1.13387298530175e-32	-0.448253780366005	0.029	0.053	3.80278321810501e-28	NLRX1	c1
1.13541882551529e-32	-0.371611050641133	0.045	0.074	3.80796765701317e-28	CEP44	c1
1.13779776675968e-32	-0.169810337015452	0.273	0.347	3.81594615015863e-28	VPS36	c1
1.15323157646175e-32	-0.181782804776564	0.158	0.213	3.8677080611374e-28	GPATCH8	c1
1.15365955872506e-32	0.156564445004327	0.82	0.811	3.86914342805211e-28	TAGAP	c1
1.18287049725657e-32	-1.15210205640894	0.004	0.018	3.96711107369908e-28	FAM72A	c1
1.1906694642276e-32	-0.173807911972543	0.143	0.195	3.99326724912653e-28	TMUB2	c1
1.26972758010746e-32	-0.540727473704387	0.017	0.038	4.25841235816439e-28	PDSS1	c1
1.38147229486844e-32	-0.233682364691249	0.092	0.133	4.63318178252977e-28	HIPK1	c1
1.40625776748627e-32	-0.173371244065584	0.375	0.46	4.71630730059546e-28	FAM177A1	c1
1.4119196591767e-32	-0.168143434804291	0.173	0.231	4.73529615294682e-28	ADPGK	c1
1.42767948924229e-32	-0.17984503810722	0.118	0.166	4.78815147102078e-28	MAP3K2	c1
1.42785280103376e-32	-0.110942656638867	0.842	0.86	4.78873272410702e-28	COX6C	c1
1.4644066614136e-32	-0.217520875695145	0.184	0.241	4.91132706104895e-28	AKTIP	c1
1.50193816694183e-32	-0.147558552679234	0.153	0.208	5.03720022428952e-28	CXXC1	c1
1.51407603193283e-32	-0.146687528226587	0.115	0.163	5.07790819589631e-28	BSCL2	c1
1.52027295796374e-32	-0.160363601858014	0.159	0.214	5.09869144641878e-28	RMC1	c1
1.55306957861348e-32	-0.486661823786707	0.045	0.075	5.20868475275389e-28	CEP170	c1
1.59380575973954e-32	-0.145278499257858	0.147	0.201	5.34530575701446e-28	USE1	c1
1.63341761428362e-32	-0.140082597230822	0.671	0.74	5.47815599478441e-28	CDC42	c1
1.64172366221368e-32	0.900900404436735	0.054	0.033	5.50601281833223e-28	TRAV23DV6	c1
1.67544866971196e-32	-0.187965334819995	0.102	0.145	5.61911974847998e-28	CIZ1	c1
1.68123364248824e-32	-0.168856353803816	0.607	0.683	5.63852139017706e-28	GABARAPL2	c1
1.745742221195e-32	-0.145609892838383	0.128	0.178	5.8548702614438e-28	TMEM242	c1
1.7730696783395e-32	-0.157486784958375	0.226	0.293	5.94652108721502e-28	PARP10	c1
1.79355796484824e-32	-0.163989449624528	0.19	0.251	6.01523470250802e-28	SETD5	c1
1.79689815826048e-32	-0.120635834483745	0.134	0.185	6.026437043174e-28	ACTL6A	c1
1.80819490154885e-32	-0.17631193117636	0.506	0.591	6.06432406081455e-28	HP1BP3	c1
1.82579088643313e-32	-0.133845239159772	0.26	0.337	6.12333747491942e-28	SURF1	c1
1.95210627094937e-32	0.266604295439889	0.475	0.461	6.54697401150998e-28	STAT4	c1
1.98334856885915e-32	-0.253520252404756	0.084	0.123	6.65175443023982e-28	PRR14L	c1
2.10108569430232e-32	-0.180755792766239	0.505	0.583	7.04662120155111e-28	UBE2V1	c1
2.13891574240014e-32	-0.564110944190095	0.023	0.045	7.17349561686157e-28	ZNF408	c1
2.14907934607196e-32	-0.19306438356979	0.337	0.415	7.20758231085614e-28	TGFBR2	c1
2.1723463286661e-32	-0.160278333889408	0.132	0.183	7.28561511708035e-28	SLC35B2	c1
2.18069987364803e-32	-0.169729416821246	0.408	0.493	7.31363123624077e-28	TNIP1	c1
2.2393253874342e-32	-0.148647645722867	0.15	0.205	7.51024948437684e-28	CCNQ	c1
2.30404563082631e-32	-0.287818856023874	0.067	0.102	7.72730823666527e-28	PYGB	c1
2.3046434162208e-32	-0.155339649551039	0.128	0.178	7.72931308932133e-28	EDEM2	c1
2.31582082922152e-32	-3.14410355416062	0.001	0.012	7.76679989704315e-28	CLEC11A	c1
2.32181159720679e-32	-0.152746321229205	0.233	0.303	7.78689173471213e-28	PHF14	c1
2.3235102706412e-32	-0.287160400506163	0.066	0.101	7.79258874567646e-28	CMTR1	c1
2.34091705974309e-32	-0.482118609753933	0.032	0.057	7.85096763496638e-28	ZNF12	c1
2.42558733156585e-32	-0.162369405187512	0.309	0.388	8.13493479260554e-28	PTBP3	c1
2.45167045445398e-32	-0.185394362846664	0.294	0.368	8.22241237014776e-28	FGD3	c1
2.4602962620859e-32	1.3447481544966	0.023	0.01	8.25134160378368e-28	ZFYVE9	c1
2.46893292656207e-32	-0.160740484284033	0.155	0.21	8.28030724910387e-28	ASCC3	c1
2.52360049655265e-32	-0.214103502612001	0.11	0.155	8.46365134533827e-28	PWWP2A	c1
2.57083900117696e-32	-0.140330486206614	0.702	0.761	8.62207984214728e-28	SPCS1	c1
2.66090736786656e-32	-0.200477524143893	0.058	0.091	8.92415113035088e-28	APOO	c1
2.68232013773165e-32	2.03775594137291	0.019	0.008	8.99596527792441e-28	IFI27	c1
2.70319457731766e-32	-0.225761881981501	0.074	0.111	9.06597397340797e-28	RIT1	c1
2.72272886594722e-32	-1.80653456347343	0.002	0.013	9.13148807061377e-28	XRCC2	c1
2.73565070021202e-32	-0.191902982277693	0.145	0.196	9.17482531837107e-28	PHF12	c1
2.75643518003951e-32	-0.247855968030785	0.091	0.132	9.24453230681651e-28	KIAA0232	c1
2.77787775462296e-32	-0.258754604262891	0.062	0.096	9.31644641345449e-28	UBE3C	c1
2.83693756533242e-32	-0.187953905340848	0.133	0.183	9.51452120661187e-28	ANKRD17	c1
2.8580634374138e-32	-3.73963737911667	0	0.01	9.58537315639839e-28	TNS3	c1
2.90187311546672e-32	-0.163690401594778	0.118	0.165	9.7323020546523e-28	CUL2	c1
2.97731230297938e-32	-0.151705618779694	0.547	0.629	9.98531000173225e-28	GHITM	c1
3.05303166118179e-32	-0.141240015545626	0.134	0.184	1.02392575852715e-27	EIF4EBP2	c1
3.2280476196048e-32	-0.147307726119681	0.262	0.338	1.08262261066306e-27	VBP1	c1
3.25745108039905e-32	-0.266915139263623	0.072	0.108	1.09248394334423e-27	ADAM17	c1
3.25860078840814e-32	-0.203611147857018	0.065	0.1	1.09286953241632e-27	ILVBL	c1
3.42978922898527e-32	-0.151593727359878	0.261	0.336	1.15028271161708e-27	AP1M1	c1
3.60086386407361e-32	-0.321235723805079	0.056	0.089	1.20765772273301e-27	KANSL3	c1
3.76271219121937e-32	-0.147128725494999	0.087	0.128	1.26193841469115e-27	CEP63	c1
3.89683349731582e-32	-0.241037190710121	0.098	0.14	1.30692001832978e-27	INTS8	c1
3.9712467046499e-32	1.98809370364744	0.011	0.003	1.33187671980548e-27	RTL5	c1
3.99030419012435e-32	-0.145338201279661	0.117	0.164	1.3382682192839e-27	HSPBP1	c1
4.02033246645692e-32	-1.76804216883125	0.002	0.015	1.34833910260032e-27	GPR19	c1
4.36651579158796e-32	-0.191443501238268	0.133	0.182	1.46444206618277e-27	LAMP2	c1
4.41590636155812e-32	-1.35022212570136	0.006	0.021	1.48100667553936e-27	TET1	c1
4.41875439528407e-32	-0.103745713494466	0.833	0.87	1.48196184909037e-27	EDF1	c1
4.53568299619636e-32	-4.70455705797599	0	0.01	1.52117736326434e-27	COL6A3	c1
4.62407231823302e-32	-0.298284141590254	0.065	0.099	1.55082137408899e-27	HPS5	c1
4.69920086602245e-32	-0.170670316911697	0.269	0.343	1.57601798644661e-27	SNRPA1	c1
4.72835335592337e-32	-1.01133346356555	0.011	0.029	1.58579514850958e-27	MORC2	c1
4.74156818884902e-32	-0.114071585414455	0.221	0.29	1.59022713917618e-27	CAMTA1	c1
4.79729339979503e-32	-0.1633497204591	0.117	0.164	1.60891626042326e-27	TNPO3	c1
4.81077046701882e-32	-0.123577664740742	0.189	0.252	1.61343619922877e-27	UROS	c1
4.83571413298059e-32	-0.230454132606509	0.038	0.065	1.62180180591903e-27	KATNAL1	c1
4.8951841718933e-32	-1.18089089603902	0.01	0.028	1.64174686756957e-27	C12orf42	c1
4.94612368148764e-32	-0.392069793538333	0.032	0.058	1.65883096029732e-27	TAF5	c1
5.05870781494401e-32	-1.52490536843696	0.004	0.017	1.69658942697592e-27	AP002990.1	c1
5.20530362405475e-32	-0.167591053488203	0.332	0.413	1.74575472943548e-27	GRSF1	c1
5.29095631437046e-32	-0.426994297485882	0.033	0.058	1.77448092871357e-27	RPUSD2	c1
5.33064583775869e-32	-0.312473937958975	0.046	0.075	1.78779200106751e-27	BPNT1	c1
5.48767449711337e-32	-0.740462539969326	0.018	0.039	1.84045627284188e-27	MGST2	c1
5.50807087197748e-32	-0.116992433375469	0.182	0.242	1.84729680904381e-27	LAMTOR3	c1
5.51528982290449e-32	-0.261582296570883	0.094	0.135	1.84971790080571e-27	SDE2	c1
5.56813718533428e-32	-0.168272300700926	0.266	0.339	1.86744184921741e-27	SRSF1	c1
5.71987539056873e-32	-0.125467717564739	0.135	0.187	1.91833180848894e-27	DMAP1	c1
5.82416691221403e-32	-5.22135690990854	0	0.01	1.95330909901834e-27	LRG1	c1
5.8264767409484e-32	-0.182699180257375	0.115	0.161	1.95408376937927e-27	ABCB7	c1
6.01414427770305e-32	-0.525820178625257	0.035	0.062	2.01702370785605e-27	HIVEP1	c1
6.06920907926016e-32	-0.132513609151016	0.263	0.339	2.03549134100227e-27	MED4	c1
6.12471896074956e-32	-0.176569730059153	0.201	0.262	2.05410824505619e-27	TBC1D5	c1
6.29041545181537e-32	-0.594977828851516	0.016	0.035	2.10967953422984e-27	FLVCR1-DT	c1
6.34317756575773e-32	-0.166226757646952	0.134	0.183	2.12737489200383e-27	ANKRD49	c1
6.38339826807526e-32	-0.430476419494501	0.028	0.052	2.14086411114708e-27	DHRS7B	c1
6.40644471258866e-32	-0.219633394974136	0.084	0.123	2.14859342770798e-27	LANCL1	c1
6.56660237507774e-32	-0.166713510428492	0.243	0.312	2.20230710455357e-27	RECQL	c1
6.59737187394374e-32	-0.146288546970706	0.203	0.268	2.21262657908325e-27	ERG28	c1
6.82984476998523e-32	-1.58163066140994	0.005	0.018	2.29059333895765e-27	HIST1H2AB	c1
6.99488902331067e-32	-1.83033797278175	0.004	0.018	2.34594588063793e-27	KCNQ5	c1
7.03486492297047e-32	-0.155199532849371	0.324	0.405	2.35935299786584e-27	FNBP4	c1
7.4493378147508e-32	1.4424735044137	0.021	0.009	2.49835891631112e-27	SPINT1-AS1	c1
7.61752069780498e-32	-0.222706651438474	0.101	0.143	2.55476409162983e-27	ARHGAP27	c1
7.63603330096925e-32	-0.439362011167576	0.046	0.075	2.56097284847907e-27	RENBP	c1
8.02716689686158e-32	-0.184669693294308	0.206	0.267	2.69215123386944e-27	HBP1	c1
8.05075214649367e-32	-0.690897179047901	0.019	0.04	2.70006125489105e-27	TMSB15B	c1
8.08430380404427e-32	-0.227003637814363	0.096	0.137	2.71131380980037e-27	NOP16	c1
8.0886044997036e-32	-0.204204546877274	0.068	0.103	2.71275617711059e-27	TAX1BP3	c1
8.28724451900694e-32	0.111884075991701	0.275	0.227	2.77937606678455e-27	CCR6	c1
8.51460152371676e-32	-0.160448879162012	0.088	0.128	2.85562705902413e-27	INO80C	c1
8.64347015241124e-32	-0.354142053500521	0.041	0.069	2.89884701971568e-27	NCOA6	c1
8.93992262709157e-32	-1.05959328539708	0.013	0.032	2.99827125067397e-27	SYNGR1	c1
9.13618815128608e-32	-0.210721699081042	0.154	0.206	3.06409478217833e-27	TRIM14	c1
9.15548147383439e-32	0.437599674145497	0.191	0.156	3.07056537669458e-27	CMTM8	c1
9.35207536600963e-32	-0.163903417267964	0.1	0.144	3.13649903625231e-27	CHKB	c1
9.58184691526284e-32	-0.140042206295458	0.214	0.281	3.21355981844085e-27	RALA	c1
9.61568729691729e-32	-0.205061284815524	0.067	0.102	3.22490920564012e-27	BIN3	c1
9.81607919695913e-32	-0.155686241318588	0.324	0.407	3.29211664107615e-27	FNTA	c1
9.83340168148381e-32	-0.218715599926798	0.066	0.101	3.29792625593604e-27	DNAJC30	c1
1.01849921045099e-31	-0.143184495101434	0.189	0.25	3.41584265201054e-27	PHAX	c1
1.02873715348246e-31	-0.388059698549706	0.061	0.094	3.45017866534949e-27	NCDN	c1
1.06080985642455e-31	-0.458510342165194	0.028	0.052	3.55774409647665e-27	TCF3	c1
1.06518610288272e-31	-0.253795632872181	0.087	0.126	3.57242115184808e-27	SENP5	c1
1.07010295164926e-31	-0.552547836168826	0.05	0.08	3.58891127924129e-27	LST1	c1
1.08125863914498e-31	-0.275017737496719	0.042	0.071	3.62632522396444e-27	ATPAF2	c1
1.08150059207615e-31	-0.31581869437177	0.037	0.064	3.62713668570498e-27	NXT2	c1
1.12131280795427e-31	-0.147002937934803	0.106	0.15	3.76065889531704e-27	KAT5	c1
1.15447380165933e-31	-0.184682647223117	0.093	0.134	3.87187423600505e-27	GMFB	c1
1.19260407942481e-31	-0.614208030543445	0.013	0.032	3.99975556157493e-27	EEF1AKMT4	c1
1.21014908519916e-31	-0.275004686662579	0.061	0.095	4.05859800194095e-27	GPATCH3	c1
1.2639414127985e-31	0.579262570696457	0.111	0.081	4.23900671024362e-27	IFI44	c1
1.30965677593449e-31	-0.273331144039319	0.027	0.051	4.3923268951291e-27	CENPQ	c1
1.30994920536685e-31	-0.301487741724063	0.064	0.098	4.39330764495934e-27	CMTR2	c1
1.37942919483541e-31	-0.1914952551361	0.094	0.135	4.62632963363898e-27	PHF6	c1
1.38675191029603e-31	-0.129609586411079	0.195	0.257	4.65088855675081e-27	PPP2R5A	c1
1.40433012834992e-31	-0.196399082454381	0.094	0.135	4.70984238445996e-27	PTPN9	c1
1.40634442578558e-31	-0.199961133766275	0.072	0.108	4.71659793519968e-27	UTP14A	c1
1.41175424130391e-31	-0.146393635102029	0.195	0.257	4.73474137448505e-27	DCTD	c1
1.42941366222103e-31	-0.176585312226562	0.497	0.568	4.7939675403569e-27	ANAPC11	c1
1.46602806179029e-31	-0.202619933264322	0.204	0.264	4.91676491363227e-27	IL17RA	c1
1.4913971483121e-31	-0.35389731257335	0.047	0.077	5.00184775600912e-27	CRADD	c1
1.50542744749988e-31	-0.349620889974801	0.038	0.065	5.04890257342509e-27	NPLOC4	c1
1.50782899753622e-31	-0.164451145361625	0.196	0.257	5.05695689193696e-27	NOP56	c1
1.5193158191835e-31	-0.212641522775159	0.121	0.168	5.09548139437762e-27	FAM3A	c1
1.52080472801099e-31	-0.476012812199423	0.046	0.075	5.10047489680326e-27	LY75	c1
1.56186431401097e-31	-0.199635532175584	0.064	0.098	5.23818053632998e-27	GPR137	c1
1.58062256057132e-31	-0.132104594023757	0.15	0.204	5.30109194364409e-27	BID	c1
1.61147252354669e-31	-0.202264188968614	0.184	0.241	5.4045565494709e-27	SLC20A1	c1
1.62723215541811e-31	-0.314405755288396	0.051	0.082	5.45741120284127e-27	GPR107	c1
1.62847758451139e-31	-0.217521130021817	0.124	0.17	5.46158812293429e-27	MAP4K5	c1
1.71813453871035e-31	0.97090734293325	0.048	0.029	5.76227961592678e-27	PLK2	c1
1.74263656676345e-31	-0.168706170602139	0.125	0.173	5.84445451761126e-27	PRKRIP1	c1
1.76003450918276e-31	-0.251559105208738	0.096	0.136	5.90280373689715e-27	BANP	c1
1.84335416089362e-31	-0.189199015955862	0.218	0.279	6.18224118480502e-27	USP1	c1
1.8839118204134e-31	-0.366083568314853	0.041	0.069	6.31826346330247e-27	XPO5	c1
1.91571401608148e-31	-0.336282156100959	0.055	0.086	6.42492166713408e-27	COG7	c1
1.92433339486759e-31	-0.160843546597998	0.095	0.137	6.45382933970694e-27	NKIRAS2	c1
1.95584422443013e-31	-0.150164613036719	0.341	0.422	6.55951035989379e-27	TXNL4A	c1
1.96996828398665e-31	-0.199396059250887	0.104	0.147	6.60687963083441e-27	RNF20	c1
1.97415867802446e-31	-0.122807167721375	0.157	0.212	6.62093337435842e-27	MRPL32	c1
1.97429968510383e-31	0.479684473804814	0.203	0.169	6.62140628390123e-27	RARA	c1
2.03085108167698e-31	-0.293045532483375	0.048	0.078	6.81106835772824e-27	BPGM	c1
2.14748240372634e-31	-0.282762357167565	0.057	0.09	7.20222648561741e-27	ZFYVE19	c1
2.16807994294416e-31	-5.03950592946484	0	0.01	7.27130651264611e-27	KLHL4	c1
2.2147097198022e-31	-0.137003331368766	0.183	0.241	7.42769345827263e-27	CCDC174	c1
2.38623991978823e-31	-0.169522356153852	0.159	0.213	8.00297144298578e-27	AKAP8L	c1
2.51037773968111e-31	-0.233832847441617	0.084	0.123	8.41930486334251e-27	FAR1	c1
2.5491273532408e-31	-0.54775777956212	0.036	0.062	8.54926331729899e-27	ZNF827	c1
2.57123671976007e-31	0.346029992602104	0.303	0.27	8.62341371073133e-27	SATB1	c1
2.78623324918146e-31	-0.315494339842483	0.058	0.091	9.3444690711048e-27	TRAF4	c1
2.8143910857355e-31	-0.148269721004411	0.146	0.198	9.4389048233397e-27	IMPDH1	c1
2.87416317687066e-31	-0.236107261211151	0.138	0.186	9.63936846258882e-27	RETREG3	c1
2.91687396262695e-31	-0.150328104138219	0.123	0.171	9.78261189585827e-27	C1orf35	c1
3.0354711260844e-31	-0.263239172237934	0.05	0.08	1.01803630626619e-26	RCN1	c1
3.11779708492023e-31	-0.144319284688089	0.13	0.178	1.04564678634055e-26	DNAJC17	c1
3.16586963586829e-31	-0.832475623778352	0.014	0.033	1.06176935847751e-26	ZNF778	c1
3.17915408725759e-31	-0.168968196979325	0.094	0.135	1.06622469778445e-26	CHD1L	c1
3.18590813791599e-31	-0.38291134014612	0.051	0.081	1.06848987129426e-26	CDKN2C	c1
3.21537531743801e-31	-0.188097811992195	0.069	0.105	1.07837257396236e-26	BBS7	c1
3.23241271872901e-31	-0.276226792124883	0.063	0.097	1.08408657760733e-26	USP21	c1
3.24988992238095e-31	-0.201899670309809	0.156	0.207	1.08994808216812e-26	UBE2S	c1
3.27817878692256e-31	-0.335559891946974	0.066	0.1	1.09943560155809e-26	RNF169	c1
3.28664508777047e-31	-0.175824727069799	0.09	0.13	1.10227502953646e-26	HDHD2	c1
3.34458581501857e-31	-0.138728200488037	0.275	0.352	1.12170719064093e-26	TROVE2	c1
3.45529446403493e-31	-0.548047005427372	0.036	0.062	1.15883665734803e-26	CHST7	c1
3.46282491836278e-31	-0.153871909151316	0.191	0.251	1.16136222112051e-26	MIA3	c1
3.60896618264255e-31	-0.197843690305176	0.128	0.175	1.21037507833466e-26	WASHC2C	c1
3.61130129777122e-31	-0.223426993975623	0.089	0.129	1.21115822924651e-26	LIG1	c1
3.63305190159363e-31	-0.709645472420161	0.009	0.026	1.21845294675647e-26	PSPH	c1
3.64691832654727e-31	-0.119576257908977	0.135	0.186	1.22310346835742e-26	NIPSNAP2	c1
3.7514898615249e-31	-0.309004512732508	0.048	0.078	1.25817466975822e-26	SLC25A16	c1
3.80478969931166e-31	-0.173825720870245	0.092	0.132	1.27605036935514e-26	RABEPK	c1
3.82210144288395e-31	-0.542252430539625	0.019	0.039	1.28185638191442e-26	CEP76	c1
3.8226325669455e-31	-0.1439416049993	0.308	0.387	1.28203451030218e-26	EMC10	c1
3.8630926768014e-31	-0.161961071478268	0.109	0.154	1.29560402194565e-26	BCL2L13	c1
4.04604371864613e-31	-0.182708835726093	0.084	0.123	1.35696214235954e-26	TMEM218	c1
4.16989834438033e-31	-0.251357573390636	0.105	0.147	1.39850050673827e-26	ZZEF1	c1
4.24666181575921e-31	-0.370936741563919	0.045	0.074	1.42424543976933e-26	ZNF669	c1
4.34152480339356e-31	-0.471980487373114	0.032	0.057	1.45606058856213e-26	ZNF286A	c1
4.50708445957397e-31	-0.177344206797747	0.146	0.198	1.51158598605192e-26	TMEM263	c1
4.52846675446636e-31	-0.35528192445307	0.039	0.066	1.51875718011293e-26	RUNDC1	c1
4.61957823208784e-31	0.64600127722773	0.172	0.141	1.54931414747762e-26	IL18RAP	c1
4.69789953443091e-31	-0.219951557937368	0.085	0.123	1.57558154585744e-26	NAGPA	c1
4.72097693947291e-31	-0.193510443304674	0.3	0.368	1.58332124596043e-26	BIRC3	c1
4.74607935590228e-31	-0.149253912878296	0.413	0.502	1.59174009438251e-26	POLR3GL	c1
4.81302126883804e-31	-0.171151902881684	0.132	0.18	1.6141910731429e-26	CBLL1	c1
5.0163582133452e-31	-0.335400801537182	0.035	0.061	1.68238621759171e-26	PARP2	c1
5.01672028277291e-31	-0.189363122511432	0.112	0.156	1.68250764843638e-26	RXRB	c1
5.08829855303662e-31	-0.282859647447181	0.087	0.126	1.70651356871742e-26	ZBTB24	c1
5.20634502321442e-31	-0.332373639164163	0.056	0.087	1.74610399388565e-26	WDR7	c1
5.21325389980095e-31	-0.130460665750527	0.164	0.22	1.74842109291524e-26	PRPSAP1	c1
5.25566578665521e-31	-0.22223023703466	0.098	0.139	1.76264519152843e-26	ANKRD13C	c1
5.31249764045446e-31	-0.127679244868914	0.231	0.3	1.78170545865562e-26	NUDT16L1	c1
5.39082736345787e-31	-0.353321455960824	0.037	0.064	1.8079756811565e-26	ZNF689	c1
5.39538251140594e-31	-0.153723482546835	0.128	0.176	1.80950338667532e-26	RAB28	c1
5.46174691595432e-31	-0.172205993949524	0.443	0.523	1.83176068067276e-26	NDUFAB1	c1
5.46423429793167e-31	-0.236212855073502	0.105	0.147	1.83259489884032e-26	SKIV2L	c1
5.60493608951705e-31	-0.756284069529269	0.018	0.038	1.87978346570223e-26	TRPM2	c1
5.79976694407462e-31	0.897034061032052	0.046	0.027	1.94512583770375e-26	PTPRM	c1
5.86268804938572e-31	-0.324816616992413	0.044	0.073	1.96622831800298e-26	UBP1	c1
6.05218974230852e-31	-0.115456622713728	0.21	0.275	2.02978339577543e-26	TBPL1	c1
6.28944385673441e-31	-0.20937784684678	0.072	0.107	2.10935368067159e-26	METTL2A	c1
6.36658330874475e-31	-0.144118045620782	0.214	0.28	2.13522471008682e-26	CSNK2A1	c1
6.40230931378142e-31	-0.160597021844428	0.124	0.171	2.14720649765601e-26	RNF40	c1
6.42170874487306e-31	0.856031996888919	0.051	0.032	2.15371267885553e-26	EPHA1-AS1	c1
6.63472548069174e-31	-0.268544430251204	0.056	0.087	2.2251542317144e-26	PIGO	c1
6.83986058517958e-31	-0.261949506363985	0.077	0.114	2.29395244305753e-26	VPS53	c1
6.89220015947263e-31	-0.148139049973954	0.358	0.445	2.31150608948393e-26	SRP19	c1
7.2194672583032e-31	-0.105684600399632	0.158	0.213	2.42126492908973e-26	MRPL48	c1
7.32375431723537e-31	-0.150918713376736	0.264	0.338	2.4562407229144e-26	PPHLN1	c1
7.38174131786333e-31	-0.33349968338088	0.045	0.074	2.475688403185e-26	CTSZ	c1
7.57964324426084e-31	-0.187515110057735	0.086	0.125	2.5420607512602e-26	ETFDH	c1
7.72019721796723e-31	0.204608137822023	0.608	0.608	2.58919974296185e-26	IDS	c1
7.86233487996256e-31	-0.276208461913411	0.078	0.115	2.63686987204184e-26	PACSIN2	c1
7.97061426103552e-31	-0.161032759312923	0.133	0.182	2.67318461086609e-26	CLASRP	c1
8.06131820378019e-31	-0.134538484944958	0.061	0.094	2.7036048991838e-26	TP53	c1
8.54267365775522e-31	-0.175120511313015	0.1	0.142	2.86504189133795e-26	RFK	c1
8.76198252128849e-31	-0.33174950877715	0.052	0.083	2.93859369798974e-26	SLC38A9	c1
8.77642346751589e-31	-0.949245546784403	0.004	0.017	2.94343690253548e-26	RDM1	c1
8.91383654613759e-31	-0.178707701464453	0.961	0.964	2.98952250084362e-26	HSP90AA1	c1
9.20235334963319e-31	-0.112207766944535	0.145	0.198	3.08628526639998e-26	STK24	c1
9.34002898872205e-31	0.763291116119172	0.062	0.04	3.1324589222376e-26	IFI44L	c1
9.38398138995911e-31	-0.150881242520874	0.367	0.453	3.14719967856449e-26	WASF2	c1
9.49772483372154e-31	0.993288324085836	0.034	0.018	3.18534695473353e-26	TCEA3	c1
9.73625256444186e-31	-0.13455877432176	0.639	0.714	3.26534438506251e-26	C11orf58	c1
9.87635724570294e-31	-0.145541231794535	0.35	0.435	3.31233269306385e-26	VPS51	c1
9.98454265102344e-31	-0.154529302648145	0.191	0.25	3.34861591430024e-26	NUTM2A-AS1	c1
1.03709284957128e-30	-0.403841762722404	0.033	0.058	3.47820199889214e-26	DENND1A	c1
1.07381775329136e-30	-1.6317609707331	0.003	0.015	3.60136998098857e-26	AC108047.1	c1
1.11494512273397e-30	-0.158671345447465	0.122	0.169	3.73930295262518e-26	UIMC1	c1
1.11701141841268e-30	-0.352432112012132	0.049	0.079	3.74623289507245e-26	MLYCD	c1
1.12522493931092e-30	-0.182700972985045	0.111	0.155	3.77377940146097e-26	ACBD5	c1
1.13492868547596e-30	-0.207882594864032	0.085	0.123	3.80632382534926e-26	OGG1	c1
1.15776252143317e-30	-0.166589320307576	0.146	0.198	3.88290394438257e-26	MGRN1	c1
1.20399294711974e-30	-0.324630434263998	0.021	0.043	4.0379515460502e-26	CDK2AP1	c1
1.20478608680028e-30	-0.16154526167445	0.279	0.353	4.04061157791077e-26	CISD3	c1
1.20804005768121e-30	-0.281320678946232	0.071	0.106	4.05152474545124e-26	WBP1L	c1
1.20968174067294e-30	-0.347396524150169	0.039	0.065	4.05703062186891e-26	IPPK	c1
1.21087827344363e-30	-0.116357347679275	0.268	0.344	4.06104355347526e-26	CAMLG	c1
1.22602426837405e-30	-0.462081079574352	0.026	0.049	4.11184019127289e-26	NAPA-AS1	c1
1.25532515615629e-30	-0.214911590013224	0.097	0.137	4.21010950871698e-26	KIAA0100	c1
1.29030831891547e-30	-0.205402979533188	0.082	0.12	4.32743603997871e-26	C2orf49	c1
1.3449913132467e-30	-0.151524195706331	0.343	0.425	4.51083186636678e-26	PDAP1	c1
1.34928676322205e-30	-0.572196398691531	0.027	0.05	4.52523794649413e-26	TAB3	c1
1.36811380946758e-30	0.494438798355157	0.237	0.205	4.58838009419237e-26	TLE4	c1
1.38334907157677e-30	-0.604678159437109	0.015	0.034	4.63947611625418e-26	C5orf30	c1
1.39433906408327e-30	-0.114846929624184	0.197	0.261	4.67633435312246e-26	TMEM126B	c1
1.47120676901827e-30	-0.342420263597051	0.045	0.074	4.93413326193349e-26	ANKRD52	c1
1.47675979622659e-30	-0.111803872547375	0.164	0.221	4.95275700458474e-26	CEBPZOS	c1
1.48592050086356e-30	0.123083644322585	0.805	0.809	4.98348017579622e-26	ATP6V1G1	c1
1.49922198520171e-30	-1.22144551217562	0.052	0.079	5.02809069396949e-26	TRAV19	c1
1.57394106667811e-30	-0.175239772587948	0.113	0.158	5.27868354942505e-26	MACO1	c1
1.60081390440517e-30	-2.25484653325986	0.003	0.015	5.36880967259405e-26	RTP5	c1
1.62710756884681e-30	-0.128357978648383	0.237	0.306	5.45699336439842e-26	MRPS5	c1
1.67146837339204e-30	-0.135336857289953	0.283	0.36	5.60577063068222e-26	SMARCE1	c1
1.70488588400437e-30	0.424473269239597	0.212	0.176	5.71784627777387e-26	DDX3Y	c1
1.74179129163069e-30	-0.221885235265821	0.102	0.143	5.84161963387099e-26	TMEM205	c1
1.75012994613399e-30	-0.141402428853957	0.255	0.327	5.86958581334419e-26	WDR82	c1
1.82361419952923e-30	-0.122827444490696	0.216	0.282	6.11603730238112e-26	DDX54	c1
1.88276166454494e-30	-0.249296400413372	0.066	0.1	6.31440607055083e-26	MFN2	c1
1.94736615041436e-30	-0.196672587098149	0.076	0.112	6.53107659525969e-26	MPI	c1
1.95164028038525e-30	-0.226470518713038	0.093	0.133	6.54541117235604e-26	NXF1	c1
1.97051159659952e-30	-0.380046613226793	0.025	0.048	6.60870179267547e-26	TOMM40L	c1
1.9797641250902e-30	-0.482586931298003	0.022	0.044	6.63973292272752e-26	CNOT6	c1
1.98589171025137e-30	-0.186600187335106	0.126	0.173	6.66028361784106e-26	PTCD3	c1
2.06546788283618e-30	-0.152011338604768	0.125	0.171	6.92716618545597e-26	YLPM1	c1
2.07380243835113e-30	-0.148640395548892	0.686	0.745	6.95511861774203e-26	RAP1B	c1
2.0843339344832e-30	-0.167962408026956	0.301	0.376	6.99043914946976e-26	PDCL3	c1
2.09029555295745e-30	-0.316118687349942	0.018	0.037	7.0104332255087e-26	CHTF18	c1
2.09687923017227e-30	-0.415942692225	0.034	0.059	7.03251356215177e-26	LRRC8A	c1
2.23591503694876e-30	-0.513524171914105	0.023	0.045	7.49881185091876e-26	STRN4	c1
2.23740467307416e-30	-0.150036352833427	0.099	0.14	7.50380779255612e-26	TRNT1	c1
2.29572126353816e-30	-0.137419415727593	0.212	0.275	7.69938997365428e-26	RNF145	c1
2.52398674264323e-30	-0.160232960143375	0.464	0.546	8.46494673747685e-26	PSMC5	c1
2.53030765309768e-30	-0.226620101200982	0.079	0.116	8.48614580695901e-26	STRN	c1
2.60641456910269e-30	-0.332319354846565	0.04	0.067	8.74139318185659e-26	TCEANC2	c1
2.65142785577021e-30	-0.141680984148673	0.167	0.223	8.89235874268213e-26	SCYL1	c1
2.72535358161066e-30	-0.124995122601423	0.275	0.352	9.14029084200582e-26	POLR2C	c1
2.74867195439914e-30	-0.140141134733763	0.775	0.829	9.21849600066382e-26	MBNL1	c1
2.76172630556529e-30	-0.290328962009144	0.037	0.063	9.26227768360488e-26	IMPAD1	c1
2.81504936703011e-30	-0.222146160494036	0.088	0.127	9.44111256714558e-26	ARNT	c1
2.86300568517651e-30	-0.307037992407499	0.093	0.131	9.60194846694499e-26	ZMAT3	c1
2.86616247024556e-30	-0.613140904925781	0.028	0.05	9.61253569270957e-26	LY6G5C	c1
2.89862339505713e-30	-0.178534400378875	0.107	0.149	9.72140314234261e-26	DYNC1LI2	c1
2.97460629371086e-30	-0.193385323048965	0.059	0.091	9.97623458784749e-26	ACAD9	c1
3.00521044784273e-30	-0.147163973213491	0.313	0.392	1.0078874799975e-25	MFNG	c1
3.01213395629592e-30	-0.431935134455289	0.025	0.047	1.01020948626253e-25	SAMD1	c1
3.02709424106901e-30	-0.557555726731724	0.033	0.057	1.01522686656972e-25	AVPI1	c1
3.08937228102516e-30	-0.169575260628105	0.164	0.217	1.03611367561022e-25	KAT7	c1
3.11520293000582e-30	-0.174803200756125	0.092	0.132	1.04477675866535e-25	TBL3	c1
3.13229271287477e-30	-1.64785776130602	0.005	0.018	1.05050833004394e-25	SLC43A2	c1
3.20596261113594e-30	-0.293850436972296	0.039	0.065	1.07521574052277e-25	FECH	c1
3.2460896927566e-30	0.269754126400032	0.481	0.475	1.08867356115671e-25	RNH1	c1
3.25998478254193e-30	-0.144633191861438	0.545	0.631	1.09333369636891e-25	SSU72	c1
3.300783967448e-30	-0.223136441807113	0.074	0.11	1.10701692700271e-25	GPR89A	c1
3.32150890034823e-30	-0.230147777501434	0.066	0.1	1.11396765499879e-25	AC004922.1	c1
3.41894154537419e-30	-0.105074122463749	0.225	0.295	1.1466446154876e-25	PFDN1	c1
3.42629675458032e-30	-0.146945332109339	0.073	0.109	1.14911140555115e-25	FAM210A	c1
3.51602299623231e-30	-0.200592234816892	0.099	0.14	1.17920379247639e-25	EPS15L1	c1
3.51661193410353e-30	-0.227203816500888	0.078	0.115	1.17940131045964e-25	ELK4	c1
3.62686506025876e-30	-0.252352562103623	0.067	0.1	1.21637800390958e-25	DLG1	c1
3.67331930242809e-30	-0.190341041048035	0.123	0.168	1.23195782764833e-25	MUC20-OT1	c1
3.67824741818953e-30	-0.272027446967766	0.077	0.112	1.2336106191124e-25	IRF9	c1
3.69754203450455e-30	-0.173914130057943	0.184	0.24	1.24008164753214e-25	SLC4A7	c1
3.72035451243941e-30	-0.156645400743301	0.134	0.182	1.24773249638193e-25	MFSD5	c1
3.88228655104324e-30	-0.170616614139479	0.119	0.164	1.30204126348888e-25	SLC30A9	c1
3.88320646476645e-30	-0.358474220482436	0.06	0.091	1.30234978415337e-25	ZNF564	c1
3.99545197829882e-30	-0.173314640792269	0.152	0.203	1.33999468448186e-25	MDM4	c1
3.99615289589279e-30	-0.14394075082976	0.26	0.331	1.34022975822452e-25	NCK1	c1
4.11879342707631e-30	-0.202138182138248	0.158	0.209	1.38136093957285e-25	NCOA3	c1
4.12895709391962e-30	-0.159156950789386	0.224	0.288	1.38476963015876e-25	BAZ2A	c1
4.15319023371427e-30	-0.235574307332258	0.099	0.139	1.39289694058309e-25	LMBR1L	c1
4.2264680539424e-30	-0.128480372849751	0.234	0.304	1.4174728559312e-25	TSG101	c1
4.34799782020659e-30	0.654317601828218	0.11	0.082	1.45823150894089e-25	PATJ	c1
4.42855138428426e-30	-0.447855813202094	0.033	0.058	1.48524756326125e-25	SCAMP1-AS1	c1
4.48650279595243e-30	-0.200260936059567	0.801	0.822	1.50468330770653e-25	LDHA	c1
4.55386589978952e-30	-0.135259274849193	0.14	0.19	1.52727554547141e-25	TDP2	c1
4.55402474853062e-30	-0.136872468613614	0.311	0.391	1.5273288201622e-25	IAH1	c1
4.67154042729641e-30	-0.143719214508639	0.148	0.2	1.56674122850667e-25	GOT2	c1
4.8214820201273e-30	-0.225499164872173	0.186	0.242	1.61702863991029e-25	RAB11FIP1	c1
5.01056874997667e-30	-0.237531475007782	0.044	0.072	1.68044454736718e-25	UBAC1	c1
5.04563001896353e-30	0.63200218486507	0.139	0.109	1.69220339575999e-25	PLOD3	c1
5.2142909928064e-30	-0.216903679823709	0.075	0.111	1.74876891316741e-25	GTF2A1	c1
5.26363416506087e-30	-3.81599473033829	0	0.01	1.76531762627811e-25	CPM	c1
5.30255678303187e-30	-0.592120509377913	0.022	0.043	1.77837149389323e-25	PUS10	c1
5.31198573680525e-30	-0.238045602309794	0.057	0.089	1.78153377640975e-25	DDX11	c1
5.4378793551888e-30	-0.325186468438665	0.064	0.096	1.82375597814322e-25	MAP3K14	c1
5.49686478648788e-30	-0.129527653880807	0.274	0.349	1.8435385120923e-25	POLR2I	c1
5.51611566255404e-30	-0.196053941245662	0.046	0.075	1.84999487090737e-25	POLD1	c1
5.65313974999872e-30	-0.365050391094039	0.032	0.056	1.89595000935457e-25	ERCC8	c1
5.78781464053939e-30	-0.387794660113916	0.065	0.097	1.9411172741441e-25	TGFBR3	c1
5.84880373425157e-30	0.211085636906456	0.533	0.526	1.96157179639329e-25	NME3	c1
5.87975428619285e-30	-0.181038842154321	0.154	0.205	1.97195199250336e-25	UBQLN2	c1
6.04448771514489e-30	-0.177488014747257	0.196	0.254	2.02720028990529e-25	DCAF5	c1
6.1303582080966e-30	-0.315952806561348	0.059	0.091	2.05599953583144e-25	PHF8	c1
6.38690492936406e-30	-0.158536863257396	0.19	0.249	2.14204017521012e-25	EFR3A	c1
6.50921795948481e-30	-0.170853361583868	0.176	0.23	2.18306151925202e-25	ZNF430	c1
6.59096869950105e-30	-0.207340810445247	0.066	0.099	2.21047908243866e-25	KLHL12	c1
6.63777082811341e-30	-0.14936260768626	0.154	0.207	2.22617558033267e-25	DYNC1LI1	c1
6.71116486884527e-30	-1.39168862225929	0.003	0.015	2.25079047371333e-25	ASRGL1	c1
6.73121704347919e-30	-0.761562947451787	0.012	0.029	2.25751557204205e-25	NAT1	c1
6.80553642726739e-30	-0.493592535424344	0.034	0.059	2.28244080697694e-25	ZNF254	c1
6.91872499287272e-30	-0.128904072091591	0.201	0.263	2.32040198810965e-25	TRIM27	c1
7.13724933027253e-30	-0.164025217465762	0.22	0.283	2.3936906803868e-25	PJA2	c1
7.4074076474966e-30	-0.163444900477352	0.191	0.249	2.48429637681741e-25	USP3	c1
7.65747373317727e-30	-0.292138628250153	0.05	0.08	2.56816354063299e-25	C22orf34	c1
7.66002745386075e-30	-0.11778694345836	0.225	0.292	2.56902000747582e-25	SMIM19	c1
7.70546097926819e-30	-0.543554807954338	0.023	0.044	2.58425750322697e-25	SH3BP5L	c1
7.74890722829463e-30	-0.18897869178344	0.091	0.13	2.59882850622545e-25	OXSR1	c1
7.91022218988329e-30	-0.34572595655929	0.036	0.062	2.65293031804306e-25	ABHD11	c1
7.94703528415802e-30	-0.216211654973965	0.051	0.08	2.66527669360092e-25	MAIP1	c1
8.12686786729877e-30	-0.244656366835021	0.099	0.138	2.72558894533466e-25	SP4	c1
8.24400652982469e-30	-0.156237195702177	0.137	0.185	2.76487490997261e-25	DTX3L	c1
8.27510696551784e-30	-0.292297461550983	0.027	0.05	2.77530537409537e-25	CHAC2	c1
8.34856653531719e-30	-0.758998687958548	0.023	0.044	2.79994224461468e-25	PCBP3	c1
8.40227592883085e-30	-2.07981598423594	0.002	0.013	2.81795530101129e-25	DNAJB5	c1
8.68184538418527e-30	-0.387089829339737	0.032	0.056	2.91171730494806e-25	FUZ	c1
8.99889543545291e-30	-0.12912875950178	0.224	0.29	3.0180495511422e-25	PPP2R2A	c1
9.05190803721012e-30	-0.256876094876591	0.036	0.061	3.03582891751953e-25	CCDC51	c1
9.21744920622575e-30	-0.123205577805624	0.19	0.25	3.09134811478399e-25	ASCC2	c1
9.46602404766957e-30	-0.344282580301628	0.045	0.074	3.17471514510742e-25	MINDY3	c1
1.01795966583991e-29	-0.463000050358918	0.022	0.043	3.4140331272939e-25	AP002360.1	c1
1.03342127511448e-29	-0.176380656741754	0.11	0.153	3.46588827247896e-25	RPAP3	c1
1.03630364949499e-29	-0.296602919116303	0.07	0.104	3.47555517967631e-25	PIAS3	c1
1.04361371291773e-29	-0.189277686974783	0.119	0.163	3.50007167038348e-25	ST6GALNAC6	c1
1.05188044137303e-29	-0.268530765942503	0.058	0.09	3.52779662427686e-25	LINC01003	c1
1.05865477810081e-29	-0.12731598634639	0.303	0.382	3.55051639479449e-25	PTPN1	c1
1.07036934213915e-29	-0.147284824966422	0.215	0.278	3.58980469966628e-25	EFCAB14	c1
1.07308580287541e-29	-0.496313617658133	0.045	0.073	3.59891516568355e-25	TSPAN32	c1
1.08287309965045e-29	-0.277715842866902	0.059	0.091	3.63173980160767e-25	EIF1AD	c1
1.11291059904557e-29	-1.00203206126494	0.007	0.022	3.73247956707904e-25	AC008438.1	c1
1.11460270716173e-29	-0.234378109119468	0.051	0.081	3.73815455927902e-25	RMND1	c1
1.1229343504106e-29	-0.145841734626947	0.288	0.364	3.76609722440707e-25	ATG3	c1
1.14014794014614e-29	-0.401123612524311	0.041	0.067	3.82382816166212e-25	DDI2	c1
1.15753978648843e-29	-1.4995681806509	0.004	0.017	3.88215693592488e-25	ITGA2	c1
1.18400879774127e-29	-0.167490503560166	0.236	0.301	3.97092870586468e-25	MTERF4	c1
1.18490048440029e-29	-0.994118662279354	0.065	0.096	3.97391924458168e-25	CCL20	c1
1.20099837118651e-29	-0.145322535525353	0.186	0.244	4.02790833728533e-25	AP3B1	c1
1.21030454089164e-29	-0.316464827299288	0.064	0.097	4.05911936924238e-25	MIATNB	c1
1.2436102781923e-29	-0.118878517923601	0.215	0.28	4.17082015100132e-25	MRPS26	c1
1.24499158170667e-29	-0.252588280994916	0.102	0.142	4.17545276672784e-25	KIAA0319L	c1
1.27528228965894e-29	-0.20834134473915	0.075	0.11	4.27704174305816e-25	PIGK	c1
1.27878493315994e-29	-0.130100238066898	0.209	0.271	4.28878890883181e-25	PIGC	c1
1.29824322642946e-29	-0.174522381898175	0.138	0.186	4.35404813279912e-25	UMAD1	c1
1.39301746172298e-29	-0.681260504909023	0.02	0.04	4.67190196312655e-25	VWA5A	c1
1.39581015172796e-29	-0.460243271624139	0.037	0.062	4.68126808686523e-25	HEG1	c1
1.39805392280519e-29	-0.151301357660648	0.128	0.175	4.68879324630404e-25	KPNA1	c1
1.44371334608638e-29	-0.201174852039399	0.075	0.111	4.8419258201045e-25	SETDB1	c1
1.46787471301566e-29	-0.277926572511113	0.087	0.124	4.92295821251193e-25	PIP4K2C	c1
1.4858784611488e-29	-0.281859882903718	0.048	0.077	4.98333918300085e-25	GUF1	c1
1.5325199767155e-29	-0.182926999039923	0.073	0.108	5.13976549790844e-25	NT5C2	c1
1.54593238245282e-29	-0.161870825555203	0.114	0.158	5.18474802427027e-25	CASP8AP2	c1
1.57706579546756e-29	-0.152273704191386	0.163	0.216	5.2891632648391e-25	UTP18	c1
1.59590495166552e-29	-1.86917782171977	0.003	0.016	5.35234602689583e-25	AHRR	c1
1.61093952758986e-29	-0.161103604073661	0.205	0.265	5.40276898763087e-25	SECISBP2L	c1
1.62505480536633e-29	-0.162277741801433	0.116	0.16	5.4501088062376e-25	SLC7A6OS	c1
1.68202652577528e-29	-0.477744469642455	0.017	0.036	5.64118056214514e-25	LANCL2	c1
1.68553162439203e-29	-0.143769642748157	0.17	0.226	5.65293596188598e-25	FTSJ1	c1
1.71023190598017e-29	1.78648483732274	0.012	0.004	5.73577576627629e-25	ZNF135	c1
1.75336992814243e-29	1.31863131249164	0.023	0.011	5.88045206500409e-25	SLC44A3	c1
1.75459601474274e-29	-0.291850951741124	0.049	0.078	5.88456411424421e-25	ARRDC1-AS1	c1
1.76230219134869e-29	-0.302131873662191	0.039	0.066	5.91040908934522e-25	TUBGCP4	c1
1.78221085242799e-29	-0.399618227612793	0.033	0.058	5.97717875687298e-25	CAPN15	c1
1.8466063496905e-29	-0.184864660333908	0.091	0.129	6.19314837559201e-25	LZTFL1	c1
1.85057474555096e-29	-0.675512351803477	0.007	0.021	6.2064575816288e-25	TMEM237	c1
1.9203127143267e-29	-0.170502944557868	0.084	0.122	6.44034478130887e-25	REEP4	c1
1.9210140218398e-29	-2.08372097540592	0.002	0.013	6.44269682644632e-25	AL590399.1	c1
1.94044377701325e-29	-0.96075393862402	0.012	0.029	6.50786033934704e-25	TBCEL	c1
1.95992328686562e-29	0.982126777048132	0.045	0.027	6.5731907194899e-25	HOOK1	c1
1.98669191641396e-29	-0.169793461447954	0.101	0.142	6.66296734926915e-25	SLC25A26	c1
1.98939688802266e-29	-0.243917900930799	0.068	0.102	6.67203928305038e-25	PEX26	c1
2.00661599207007e-29	-0.191666670204561	0.289	0.36	6.72978871420461e-25	SIAH2	c1
2.05324789632665e-29	-0.227362299711361	0.092	0.13	6.88618279470033e-25	ZBTB44	c1
2.12449005672604e-29	-0.158680075759184	0.145	0.195	7.12511475224778e-25	DYM	c1
2.12721095800443e-29	-0.220508259358958	0.06	0.092	7.13424011095527e-25	NUDT16	c1
2.16710259108263e-29	-0.383602705503599	0.033	0.058	7.26802866997292e-25	POU2F1	c1
2.16846491078438e-29	-0.161760543157347	0.126	0.172	7.27259761778865e-25	EHMT2	c1
2.19130441371015e-29	-0.13326790897889	0.239	0.308	7.34919674270112e-25	PFKL	c1
2.19501375256823e-29	-0.117878712116003	0.156	0.21	7.36163712336334e-25	NSMCE4A	c1
2.22575351948507e-29	-0.121599621328832	0.265	0.34	7.46473215364902e-25	NCOA4	c1
2.30009645382517e-29	-0.181274800934144	0.104	0.146	7.71406348683887e-25	RANGAP1	c1
2.37760999184504e-29	-0.189397249236261	0.085	0.122	7.9740283906499e-25	ORC5	c1
2.38737140777487e-29	-0.138172508743073	0.181	0.238	8.00676622739536e-25	XPO1	c1
2.41493376271892e-29	-0.31138590550345	0.048	0.077	8.09920485340672e-25	VPS18	c1
2.44795147207819e-29	-1.53039732189444	0.005	0.018	8.20993964705584e-25	FGFR1	c1
2.55292966028359e-29	-0.15358301610357	0.338	0.42	8.56201549465909e-25	ZRANB2	c1
2.56793727727865e-29	-0.150203527545205	0.374	0.454	8.61234804053715e-25	TRA2B	c1
2.60463085127472e-29	-0.143711412236897	0.319	0.4	8.73541094900516e-25	TEX264	c1
2.61927729947874e-29	-0.165662435672901	0.114	0.158	8.78453220699181e-25	PHACTR4	c1
2.68886489302877e-29	-0.311884712035412	0.069	0.103	9.0179150782399e-25	FBXO38	c1
2.7175271819239e-29	-0.171475585106488	0.088	0.127	9.11404266273639e-25	SWI5	c1
2.73384156058254e-29	-0.469242015598119	0.025	0.047	9.16875782588171e-25	TSNAX	c1
2.76070468560177e-29	-0.148330382775614	0.576	0.661	9.2588513745712e-25	CHURC1	c1
2.83082531319477e-29	-0.209625412725813	0.09	0.128	9.49402193539263e-25	ANAPC4	c1
2.89278404289624e-29	-0.144698013033331	0.12	0.165	9.70181912306542e-25	PDCL	c1
2.93293488698741e-29	-0.445823987653609	0.028	0.051	9.83647702397838e-25	TTLL5	c1
2.97701328102224e-29	-0.337521786528247	0.055	0.085	9.98430714189239e-25	AC008555.5	c1
2.99630423334101e-29	-0.153102684238565	0.183	0.239	1.00490051377791e-24	PUM1	c1
3.06223631665508e-29	-0.137152052046435	0.119	0.164	1.02701281587978e-24	SCFD1	c1
3.08615533711538e-29	-0.46541109459243	0.022	0.043	1.03503477696175e-24	ST20-MTHFS	c1
3.13286849542623e-29	-0.269940271724401	0.052	0.082	1.05070143599605e-24	DNAJC11	c1
3.18682507152724e-29	-0.177438315319935	0.106	0.148	1.06879739248881e-24	NUP214	c1
3.29102474969063e-29	-0.111147684207833	0.092	0.132	1.10374388055124e-24	TEX30	c1
3.29154138545421e-29	-0.276740062250505	0.064	0.096	1.10391714985363e-24	TSPAN3	c1
3.34663460516076e-29	-0.167773627131045	0.153	0.203	1.12239431387882e-24	ARL14EP	c1
3.40582573555273e-29	-0.151580110197218	0.137	0.185	1.14224583518967e-24	MRPL49	c1
3.46852219638658e-29	-0.259768845911248	0.073	0.107	1.16327297422413e-24	FBXO31	c1
3.48257219391331e-29	-0.14460445989153	0.068	0.102	1.16798506239465e-24	ZDHHC16	c1
3.51870847366489e-29	-0.288931598449048	0.048	0.076	1.18010444789773e-24	AKT1S1	c1
3.57177796248329e-29	-0.162581165827949	0.106	0.148	1.19790289305764e-24	BTBD10	c1
3.57684032650402e-29	-0.27284351751118	0.065	0.097	1.19960070870292e-24	BRF1	c1
3.610105772702e-29	-0.117459680060206	0.193	0.253	1.2107572740488e-24	PBDC1	c1
3.72087705834625e-29	-0.307789930369031	0.05	0.079	1.24790774782817e-24	GGT1	c1
3.81467666945617e-29	-0.148556411649936	0.107	0.149	1.27936626140221e-24	CXorf40B	c1
3.92547829782503e-29	-0.176532165136311	0.093	0.132	1.31652691152456e-24	WASHC5	c1
3.98768694236378e-29	-0.675142709853155	0.008	0.023	1.33739044672996e-24	FAAP24	c1
4.03496565354572e-29	-0.738071230245595	0.01	0.027	1.35324678088617e-24	HEXIM2	c1
4.04026558293805e-29	-0.795064380581477	0.015	0.033	1.35502427120576e-24	MYEF2	c1
4.05105685360558e-29	-0.935128274315148	0.009	0.025	1.35864344756224e-24	MREG	c1
4.16246455590123e-29	-0.589815635273216	0.02	0.041	1.39600736275815e-24	FBXL8	c1
4.33207567077237e-29	-0.296590153267856	0.033	0.058	1.45289153846364e-24	ACACA	c1
4.3955319200458e-29	-0.236263329566887	0.027	0.05	1.47417349534496e-24	C4orf46	c1
4.492509629323e-29	-0.133155584949167	0.12	0.165	1.50669787948235e-24	KATNA1	c1
4.71499073888681e-29	-0.214946959812938	0.066	0.1	1.58131359400786e-24	PEX14	c1
4.78930602888168e-29	-0.123710498552746	0.159	0.213	1.60623745596634e-24	BZW2	c1
4.798944254793e-29	-0.148651635220591	0.188	0.245	1.60946992417248e-24	PRKX	c1
4.82675242397068e-29	-0.162279562879204	0.161	0.213	1.61879622795129e-24	SEL1L	c1
4.8603826620698e-29	-0.558260743210968	0.031	0.054	1.63007513720497e-24	LCORL	c1
4.88091203073068e-29	-0.251817034863409	0.059	0.091	1.63696027686646e-24	C8orf82	c1
4.93813628396349e-29	-0.147728854013726	0.079	0.115	1.65615214691568e-24	METTL13	c1
5.00901986003543e-29	-0.231987334216663	0.078	0.114	1.67992508065868e-24	C11orf54	c1
5.03381811827441e-29	-0.298272489795993	0.055	0.085	1.68824192050687e-24	ENOX2	c1
5.05853275747617e-29	-0.112895693303138	0.273	0.347	1.69653071620236e-24	ATG12	c1
5.2390716729493e-29	-0.309720462230522	0.062	0.093	1.75707985767374e-24	DENND4B	c1
5.41361604829509e-29	-0.728203127125727	0.057	0.086	1.81561855027721e-24	IL4I1	c1
5.51504537482097e-29	-0.121296768424817	0.083	0.121	1.84963591780746e-24	NIPSNAP3A	c1
5.69330253872372e-29	0.675767382407515	0.114	0.086	1.90941980543716e-24	DSE	c1
5.72307677101325e-29	-0.15945039992426	0.249	0.315	1.91940548746242e-24	CCSER2	c1
5.75453127618577e-29	-0.106868928162968	0.152	0.204	1.92995469940718e-24	THAP1	c1
5.76501097563371e-29	-0.128997227043031	0.623	0.689	1.93346938100803e-24	ATP5PF	c1
5.82447811560327e-29	-0.605762206015124	0.025	0.047	1.95341347041102e-24	SYNGR3	c1
5.8441646491473e-29	-0.216545303820853	0.097	0.136	1.96001594003102e-24	STAT2	c1
6.07981900710506e-29	-0.336791417401268	0.054	0.083	2.0390496986029e-24	ALDH3A2	c1
6.08381245867876e-29	-0.345009789300763	0.148	0.195	2.04038902239168e-24	CD59	c1
6.18694971017677e-29	-0.231120794806144	0.07	0.103	2.07497919379909e-24	MTRR	c1
6.46342804897974e-29	-0.409088955939714	0.036	0.061	2.16770449906682e-24	UBA6-AS1	c1
6.70767065798258e-29	-0.212547021178387	0.072	0.106	2.2496185852742e-24	CSNK1G1	c1
6.78315354010935e-29	-0.201424016688489	0.073	0.107	2.27493403428187e-24	RBM12	c1
6.86071265697143e-29	-0.255187121759818	0.08	0.116	2.30094581089508e-24	TRAPPC8	c1
7.31609351781522e-29	-0.115883856349094	0.248	0.319	2.45367144400487e-24	NUDCD2	c1
7.31774469288037e-29	-0.225722549437888	0.043	0.07	2.45422521509822e-24	TIPIN	c1
7.34228212920598e-29	-0.258230075413367	0.046	0.073	2.4624545804931e-24	TXNL4B	c1
7.45936824067877e-29	-0.142318896241652	0.395	0.481	2.50172292055885e-24	SMIM26	c1
7.63783045744626e-29	-0.377802988346251	0.033	0.057	2.56157557881833e-24	C14orf93	c1
7.7144489358489e-29	-0.12287716142166	0.153	0.205	2.58727188410501e-24	GPN1	c1
7.72983175009182e-29	0.371231341309633	0.302	0.274	2.5924309723458e-24	CRTAP	c1
7.86533682968543e-29	-0.35622139723714	0.029	0.051	2.6378766659399e-24	UQCC1	c1
7.91820292820002e-29	-0.19288291902981	0.115	0.158	2.65560689805972e-24	ATXN2	c1
7.96758727635426e-29	-0.328822717614628	0.045	0.073	2.67216942074369e-24	HECTD4	c1
8.03041363868672e-29	-2.6371659520909	0.001	0.012	2.69324012614275e-24	ABTB2	c1
8.06658533261994e-29	-0.141059828283661	0.093	0.133	2.70537138885408e-24	CTDNEP1	c1
8.22509998220454e-29	-0.115359138509528	0.141	0.191	2.75853403203176e-24	CWC27	c1
8.40119501326738e-29	-0.161611246448583	0.242	0.306	2.81759278354961e-24	EFHD2	c1
8.517921848495e-29	-0.487814438613869	0.062	0.093	2.85674062954825e-24	RIC3	c1
8.62395431216509e-29	-0.274895328444285	0.069	0.103	2.89230179721393e-24	ELMOD2	c1
8.91908078314448e-29	-0.644320345225768	0.013	0.03	2.99128131305099e-24	RHEBL1	c1
9.21362689203168e-29	-0.441133055349326	0.04	0.065	3.09006618704958e-24	AC009779.3	c1
9.2326337695944e-29	-0.192962071304553	0.054	0.084	3.09644071364657e-24	FBXO4	c1
9.34460757043886e-29	-0.128715137977109	0.229	0.294	3.13399448697378e-24	KRR1	c1
9.38901589744044e-29	-0.130311441548347	0.138	0.186	3.14888815168358e-24	FLAD1	c1
9.55052603255939e-29	-0.711608100680613	0.022	0.042	3.20305542079977e-24	MANEA-DT	c1
9.66164474059693e-29	-0.164588408432124	0.44	0.526	3.2403224131014e-24	SDF4	c1
9.75109373295601e-29	-0.155320342055044	0.186	0.242	3.27032181615879e-24	SBNO1	c1
9.75768522219168e-29	-0.123794701198161	0.229	0.293	3.27253246981864e-24	UQCC2	c1
9.92375247998378e-29	-0.129685390716466	0.224	0.288	3.32822810673696e-24	ERICH1	c1
9.93309706229816e-29	-0.155449834544866	0.073	0.107	3.33136209275356e-24	CDC23	c1
9.93597575833675e-29	-0.129040415136235	0.209	0.27	3.33232754983098e-24	RNF138	c1
9.9380170552977e-29	-0.131808802162101	0.092	0.132	3.33301216000574e-24	TRUB2	c1
9.95070881148103e-29	1.27449839526888	0.025	0.012	3.33726872119451e-24	RAB6B	c1
1.00569400408559e-28	-0.314950586711829	0.039	0.065	3.37289655090224e-24	MANBAL	c1
1.03631767859323e-28	-0.133903595063632	0.236	0.303	3.47560223046597e-24	E2F4	c1
1.05522387882279e-28	-0.132084275655511	0.28	0.354	3.53900984479586e-24	DENR	c1
1.07937503089845e-28	-0.262043102771925	0.065	0.097	3.62000797862723e-24	CLASP1	c1
1.11165562965522e-28	-0.119909692237549	0.257	0.328	3.72827065073768e-24	MRPL11	c1
1.12610050797382e-28	-0.199129382026614	0.104	0.144	3.7767158836426e-24	VPS41	c1
1.14487008441012e-28	-0.391846322378966	0.036	0.061	3.83966528909465e-24	C5orf63	c1
1.1481029448304e-28	-0.216469887590735	0.073	0.107	3.85050765637219e-24	TRAPPC10	c1
1.1612582758423e-28	-0.336144513145319	0.038	0.063	3.89462800551989e-24	SLFN11	c1
1.23805227251002e-28	-0.194483183604586	0.079	0.114	4.15217971154409e-24	CARD8-AS1	c1
1.2396414586517e-28	-0.147808429787703	0.228	0.29	4.15750952402607e-24	SAT2	c1
1.26943773052157e-28	-0.214163930889826	0.073	0.107	4.25744026062326e-24	LIN37	c1
1.27709789671276e-28	-0.137112123138886	0.153	0.204	4.28313092599525e-24	ZNF330	c1
1.43334826725329e-28	-4.04272402602503	0.001	0.011	4.8071634187141e-24	SCGB3A1	c1
1.43834887571137e-28	1.77872278533873	0.01	0.003	4.82393445936078e-24	CAVIN1	c1
1.45029375801547e-28	-0.134554902515817	0.293	0.368	4.86399520563229e-24	C19orf24	c1
1.47811557477048e-28	-0.254231079385927	0.049	0.078	4.95730401466522e-24	MYO19	c1
1.47820224623772e-28	-0.124212767422852	0.238	0.305	4.95759469343207e-24	UBLCP1	c1
1.48972442054379e-28	-0.174852442141373	0.403	0.482	4.99623776161977e-24	CYLD	c1
1.52237743966489e-28	-0.288676497912118	0.058	0.089	5.10574945714812e-24	ZNF586	c1
1.5242415110354e-28	-1.0380215765228	0.004	0.017	5.11200117971054e-24	SLC25A10	c1
1.54175203784709e-28	-0.203170356001455	0.085	0.122	5.17072798453156e-24	DDX19A	c1
1.5827256535214e-28	1.48006357035715	0.033	0.018	5.30814529678008e-24	EGLN3	c1
1.58469853024479e-28	-0.276401777920733	0.061	0.092	5.31476193073498e-24	TTN-AS1	c1
1.5901048085377e-28	-0.257500364358108	0.068	0.101	5.33289350687375e-24	FAM174A	c1
1.59447869934216e-28	-0.400103180797629	0.039	0.065	5.34756266185372e-24	TM7SF2	c1
1.59625075952207e-28	1.27596988298675	0.023	0.011	5.35350579728511e-24	PAGE5	c1
1.61357658695657e-28	-0.293249754621476	0.057	0.087	5.41161315733494e-24	NBPF14	c1
1.64124272027446e-28	-0.208186408960171	0.103	0.143	5.5043998352565e-24	FBH1	c1
1.64198009267833e-28	-0.299366964054765	0.047	0.074	5.50687283482458e-24	ARMC7	c1
1.67175603209709e-28	-0.16338301616853	0.177	0.231	5.60673538044724e-24	CCDC130	c1
1.69419819646319e-28	-1.08100258187888	0.007	0.021	5.68200191129825e-24	TTL	c1
1.70565000539434e-28	-0.392462724760509	0.037	0.062	5.72040898809153e-24	USP32	c1
1.77409441974605e-28	-1.23158313598756	0.006	0.02	5.94995786494431e-24	PPARGC1B	c1
1.78862861251939e-28	-2.25331677102482	0.002	0.012	5.99870264066751e-24	HOXB7	c1
1.81162589537489e-28	-0.124388373152939	0.263	0.336	6.0758309279083e-24	CDK5RAP3	c1
1.82357778605566e-28	-0.121438005420486	0.125	0.171	6.11591517887348e-24	IMPA1	c1
1.82664391105659e-28	-0.185345858606985	0.27	0.337	6.1261983489016e-24	SRRT	c1
1.8411242912246e-28	-0.463345875763618	0.023	0.044	6.17476264790908e-24	DHX33	c1
1.84930715653963e-28	-0.199464185192525	0.067	0.1	6.20220634160261e-24	PDHX	c1
1.93806563433228e-28	-0.115044553330834	0.308	0.387	6.4998845244236e-24	MTCH1	c1
1.99230538719379e-28	-0.143421879497245	0.322	0.401	6.68179380757055e-24	YTHDF2	c1
2.03216951621142e-28	-0.117986665903843	0.158	0.21	6.81549012346985e-24	UBAP2L	c1
2.06981735450376e-28	1.64291945821197	0.014	0.006	6.94175344353471e-24	S100Z	c1
2.07951952195291e-28	-0.245459278325465	0.077	0.112	6.97429257272568e-24	HTT	c1
2.14313327581793e-28	-0.222535030744645	0.063	0.095	7.18764038043818e-24	PAAF1	c1
2.15025153325679e-28	-0.236573947063929	0.079	0.114	7.21151359223662e-24	ARID3B	c1
2.17123521752187e-28	-0.297187278346255	0.057	0.087	7.28188867252483e-24	MFN1	c1
2.19178405646377e-28	-0.159844534062151	0.14	0.187	7.35080536856819e-24	ZKSCAN1	c1
2.19799898875498e-28	-1.48082395502172	0.016	0.034	7.37164900848644e-24	TRBV4-1	c1
2.26915574917578e-28	-0.286336066401944	0.044	0.071	7.61029455158574e-24	IPO13	c1
2.2786008215795e-28	-0.252414750308497	0.064	0.096	7.64197143541332e-24	MTG2	c1
2.28670380908716e-28	-0.111123103226048	0.099	0.14	7.66914723491651e-24	GPATCH4	c1
2.32665707136182e-28	-0.182491739091104	0.192	0.248	7.80314248593326e-24	OSTM1	c1
2.33359310150494e-28	-0.781259728562418	0.012	0.029	7.82640454382727e-24	MFSD13A	c1
2.38761891668832e-28	-0.11426298189606	0.24	0.309	8.0075963227893e-24	MRPL16	c1
2.42116684253852e-28	-0.278092381016313	0.053	0.083	8.1201093565057e-24	PRIMPOL	c1
2.44619467387113e-28	-0.267245416496142	0.052	0.081	8.204047697229e-24	PRR3	c1
2.4684554968662e-28	-0.151821924789989	0.165	0.218	8.27870604538986e-24	TOMM40	c1
2.4825045444908e-28	-0.138786872122426	0.091	0.13	8.32582374131324e-24	ALG8	c1
2.52762971307419e-28	-0.230252821536761	0.059	0.09	8.47716453170822e-24	INTS9	c1
2.55440257150855e-28	-0.271794542167119	0.062	0.094	8.56695534432538e-24	SNIP1	c1
2.5786542360811e-28	-0.613734456605378	0.021	0.041	8.64829057696879e-24	CCDC146	c1
2.67355833407672e-28	-0.841508302990793	0.013	0.03	8.96657994082649e-24	AC012360.3	c1
2.74554094750757e-28	-0.276371792975235	0.066	0.098	9.2079952297509e-24	EIF5A2	c1
2.76507948669245e-28	-0.307247053576286	0.05	0.078	9.27352358246915e-24	GMEB2	c1
2.77392588855801e-28	-0.127642603624211	0.223	0.287	9.30319264504586e-24	DDX27	c1
2.81331353941786e-28	-0.218809141570331	0.068	0.101	9.43529094849962e-24	DPH5	c1
2.84518150282842e-28	-0.427779159552992	0.033	0.056	9.54216972418596e-24	TATDN2	c1
2.861769353143e-28	-0.358279451939944	0.032	0.055	9.59780205657099e-24	MED20	c1
2.87902637535125e-28	-0.21109052191778	0.154	0.203	9.65567865765301e-24	ST6GAL1	c1
2.94426049669076e-28	-0.189234791062931	0.125	0.17	9.87446085380149e-24	SNX14	c1
2.98368562117978e-28	-0.630644607476819	0.028	0.05	1.00066848363127e-23	SNN	c1
2.99027059303858e-28	-0.193972927238533	0.088	0.125	1.00287695149328e-23	MOB2	c1
3.052225162249e-28	-0.196400594320427	0.053	0.082	1.02365527491507e-23	ALKBH4	c1
3.0902175487814e-28	-0.105435271769015	0.176	0.233	1.03639716151031e-23	FOPNL	c1
3.16175377531163e-28	-0.691522873959041	0.022	0.043	1.06038898116402e-23	BCL6	c1
3.20959670839535e-28	-0.254036534058988	0.06	0.09	1.07643454406163e-23	SLC25A44	c1
3.2593659790604e-28	-0.107450077729715	0.229	0.296	1.09312616205728e-23	COPS8	c1
3.28244084199287e-28	-0.574035452987856	0.02	0.039	1.10086500958757e-23	ZNF684	c1
3.28945190724745e-28	-0.812019290445043	0.014	0.031	1.10321638065265e-23	AP005482.1	c1
3.3239371158707e-28	-0.139184523747582	0.547	0.627	1.11478202992072e-23	EIF3D	c1
3.3616039839482e-28	-0.145441687800177	0.136	0.184	1.12741474413655e-23	NDUFS1	c1
3.43601925243611e-28	-0.158473064569059	0.159	0.21	1.15237213688202e-23	UVRAG	c1
3.48199303572159e-28	-0.173977043946259	0.455	0.537	1.16779082432031e-23	GRK6	c1
3.48939889390292e-28	-0.471206682508687	0.025	0.047	1.17027460103716e-23	STK11IP	c1
3.54243529368252e-28	-0.254037201875271	0.058	0.089	1.18806194879524e-23	TARS2	c1
3.69051633002341e-28	-0.120137292265759	0.125	0.17	1.23772536676325e-23	PPIP5K2	c1
3.76778505431976e-28	-0.450177659683773	0.027	0.049	1.26363975151776e-23	SLC35F2	c1
3.9032435741913e-28	-0.364367026126715	0.032	0.056	1.30906982991228e-23	MAPK9	c1
3.94305123362652e-28	-0.335818352082493	0.026	0.047	1.32242052273366e-23	VKORC1L1	c1
3.98446929350997e-28	-0.22281618778541	0.102	0.141	1.33631131165737e-23	CEP95	c1
4.2329009790391e-28	-0.114924625524789	0.202	0.263	1.41963033035013e-23	CDS2	c1
4.24332629722353e-28	0.114083037009966	0.832	0.806	1.42312677356283e-23	ABRACL	c1
4.2712722025315e-28	-0.141767375270908	0.31	0.387	1.43249927128501e-23	PIAS1	c1
4.31090448779573e-28	-0.2162827893647	0.099	0.139	1.44579114711693e-23	FAM78A	c1
4.34652007165618e-28	-0.146696725534471	0.524	0.605	1.45773590163205e-23	NDUFA13	c1
4.40490649352452e-28	-0.16764821367146	0.104	0.144	1.47731753979825e-23	RBM48	c1
4.44099857760311e-28	-2.07100924647873	0.002	0.013	1.48942210295653e-23	HSF5	c1
4.56297004918177e-28	-0.146505124800859	0.091	0.13	1.53032889509458e-23	SMPD4	c1
4.64448538296492e-28	-0.118319062453318	0.136	0.183	1.55766750773878e-23	NBPF26	c1
4.70361205725609e-28	-0.131846547672907	0.115	0.159	1.57749741176255e-23	LTV1	c1
4.85968185522844e-28	-0.142279589310697	0.073	0.108	1.62984010060652e-23	NCAPH2	c1
4.93087218914098e-28	-0.19773684325626	0.087	0.124	1.6537159147941e-23	ELP4	c1
4.99257359107529e-28	0.493033526767924	0.196	0.165	1.67440933097483e-23	TMEM71	c1
5.13829262363764e-28	-0.105128727085	0.28	0.357	1.72328058011559e-23	PSMD9	c1
5.17860498811752e-28	-0.440907134124416	0.038	0.063	1.73680054091485e-23	NOD1	c1
5.1807255238703e-28	-0.204807172773842	0.057	0.087	1.73751172619562e-23	UBAP2	c1
5.37286889745222e-28	-0.158585879692938	0.259	0.325	1.80195277082752e-23	SSRP1	c1
5.57066510408896e-28	-0.170411806007536	0.121	0.164	1.86828966260935e-23	CSTF2T	c1
5.66406437399857e-28	-0.239004593066376	0.067	0.099	1.89961390975164e-23	TMEM251	c1
5.79777723799315e-28	-0.227356100536817	0.096	0.134	1.94445853007814e-23	QSOX1	c1
6.05917584567472e-28	-0.197397044697918	0.08	0.115	2.03212639512239e-23	GDAP2	c1
6.42571326465931e-28	-0.148215909943736	0.473	0.551	2.15505571470144e-23	MDH1	c1
6.77587594360098e-28	-0.169464503460353	0.102	0.142	2.2724932739649e-23	VIRMA	c1
7.74443059897771e-28	-0.282504699221307	0.057	0.086	2.59732713428515e-23	ZNF507	c1
7.7931613952887e-28	-0.164283228994234	0.101	0.14	2.61367046875192e-23	RNF41	c1
8.03279027252704e-28	-0.121662436063254	0.247	0.316	2.69403720160012e-23	DUSP11	c1
8.04220750543111e-28	-0.103999061567872	0.194	0.254	2.69719555317149e-23	EIF2B1	c1
8.10376573903236e-28	-0.246426603560577	0.052	0.08	2.71784095355667e-23	TXNRD2	c1
8.31291586413565e-28	-0.102855604767832	0.128	0.174	2.78798572251381e-23	PLPP5	c1
8.36045298211096e-28	-0.282786533189174	0.055	0.084	2.80392872114038e-23	EYA3	c1
8.66451570012703e-28	-0.215724814763978	0.092	0.129	2.9059052755086e-23	ORAI3	c1
8.83403215260857e-28	-0.123182376018596	0.178	0.234	2.96275770334186e-23	RAF1	c1
9.29732603686998e-28	-0.2619812964562	0.058	0.088	3.11813720624545e-23	TDRD3	c1
9.30910834218009e-28	-0.128462436019537	0.138	0.186	3.12208875580036e-23	NELFA	c1
9.62437759308833e-28	-0.102580505955815	0.155	0.207	3.22782375716996e-23	SMARCA4	c1
9.88576446426523e-28	-0.138894755987143	0.419	0.504	3.31548768602527e-23	DYNLT1	c1
9.89443839039329e-28	-0.151000092563928	0.121	0.165	3.3183967473701e-23	KANSL2	c1
9.91734693911799e-28	-0.161121983645078	0.088	0.125	3.32607981644139e-23	NOC4L	c1
1.00775215985485e-27	-0.30014620116081	0.064	0.095	3.3797991937212e-23	MTMR9	c1
1.05986321797886e-27	-0.154283325246147	0.109	0.15	3.55456926045749e-23	CHERP	c1
1.07239071739917e-27	-0.74428339983399	0.014	0.03	3.59658398801335e-23	SLFN13	c1
1.09961480968021e-27	-0.119705739007471	0.246	0.313	3.68788814870548e-23	EGLN2	c1
1.12130637122001e-27	-0.174256679313755	0.06	0.091	3.76063730779767e-23	HCCS	c1
1.14275891556435e-27	-0.164433576983591	0.104	0.145	3.83258485101973e-23	NCLN	c1
1.1704683516673e-27	-0.1046768863521	0.175	0.23	3.92551675782179e-23	CCNC	c1
1.20105969283158e-27	-0.128184882058403	0.087	0.125	4.02811399781855e-23	NUDT3	c1
1.21293938434428e-27	-0.148030362486742	0.287	0.357	4.06795610721385e-23	RILPL2	c1
1.21373581430342e-27	-1.07467584514502	0.008	0.022	4.0706271740108e-23	ADPRH	c1
1.27350002204229e-27	-0.246713888795401	0.07	0.103	4.27106437392543e-23	SPPL3	c1
1.27464029052289e-27	-3.66343788030668	0.001	0.01	4.27488860635567e-23	AC104958.1	c1
1.28169570534477e-27	-0.135488382812027	0.34	0.419	4.29855105658528e-23	OSBPL8	c1
1.28896940424728e-27	-0.248799398378388	0.059	0.089	4.32294558796453e-23	RAB39B	c1
1.30693737768751e-27	-0.13433936543419	0.094	0.132	4.38320657728836e-23	LRRC58	c1
1.33727057007002e-27	-0.145511707609573	0.368	0.445	4.48493803790083e-23	SNRPC	c1
1.36961617989503e-27	-0.290474025115618	0.057	0.087	4.59341874413195e-23	UBE3B	c1
1.37205129014475e-27	-0.122191686597145	0.109	0.152	4.60158561688747e-23	ALAS1	c1
1.38718404144459e-27	-0.148509116703355	0.161	0.213	4.65233783819687e-23	VPS13A	c1
1.44946719908317e-27	-0.19874435951587	0.061	0.092	4.86122309228513e-23	RBL1	c1
1.45613348229139e-27	-0.127403532660918	0.158	0.21	4.88358047290885e-23	MED6	c1
1.47207448474798e-27	-0.251154446542075	0.042	0.068	4.93704340694779e-23	ECI1	c1
1.48562435090269e-27	-0.164211826236508	0.16	0.21	4.98248694805744e-23	ARHGEF2	c1
1.48590190310138e-27	-0.15171158434029	0.043	0.069	4.98341780262142e-23	PCBD2	c1
1.54743956235445e-27	-0.298139884218401	0.065	0.096	5.18980280422434e-23	HIP1R	c1
1.60983914888851e-27	-0.137576492612157	0.231	0.294	5.39907853754229e-23	TNKS2	c1
1.62149936826293e-27	-3.74083745322715	0.001	0.01	5.4381845812802e-23	VIPR2	c1
1.63306690755193e-27	-0.125179276260766	0.158	0.209	5.47697979454767e-23	AGO2	c1
1.63458243416263e-27	-0.102004380077072	0.214	0.277	5.48206256769464e-23	DNPEP	c1
1.68762494652721e-27	-0.520557094283364	0.009	0.023	5.65995654566296e-23	XRCC3	c1
1.73934936654495e-27	-0.124550082309664	0.303	0.381	5.83342990551844e-23	CDC26	c1
1.76189043611151e-27	-0.177790378956817	0.418	0.499	5.90902814463079e-23	TMC8	c1
1.79153356063511e-27	-0.503939865671233	0.025	0.046	6.00844525565802e-23	DNAJC18	c1
1.80577599753391e-27	-0.120676143023774	0.089	0.127	6.05621154052923e-23	SMIM4	c1
1.87496785643115e-27	-0.147150991942905	0.386	0.469	6.2882671968988e-23	PNPLA2	c1
1.92672462840592e-27	-0.384519393948517	0.044	0.07	6.46184905874777e-23	LINC01089	c1
1.95939383379869e-27	-1.82323053381871	0.003	0.014	6.57141503979403e-23	BCL7A	c1
1.96509111342756e-27	-1.78046266481883	0.007	0.02	6.59052257621335e-23	ANKRD55	c1
1.98711668918574e-27	-0.419157778555935	0.055	0.084	6.66439195219113e-23	TRABD2A	c1
2.01982919294286e-27	0.526757608833385	0.13	0.101	6.77410314729177e-23	GSTM2	c1
2.02041915268798e-27	-0.14310382191211	0.149	0.198	6.77608175428495e-23	ECD	c1
2.02591611270224e-27	-0.328656541585125	0.031	0.054	6.79451745878077e-23	MTHFD2L	c1
2.02692580621304e-27	-0.72915932674571	0.009	0.024	6.79790376887731e-23	KPTN	c1
2.05171043050312e-27	-0.845008643075457	0.015	0.032	6.88102644182137e-23	AL592295.4	c1
2.09841126468154e-27	-0.157143328961501	0.195	0.251	7.03765169948896e-23	ZNF217	c1
2.10215694954085e-27	-0.249104462430895	0.06	0.09	7.05021397737011e-23	TBL1X	c1
2.12328700918716e-27	-3.1369300630929	0.001	0.01	7.12107997141189e-23	NPW	c1
2.13634738492274e-27	-0.530183819623009	0.03	0.053	7.16488185955389e-23	FNDC3B	c1
2.14245101949622e-27	-0.171401299774768	0.135	0.181	7.18535222918641e-23	ARIH1	c1
2.16498565753993e-27	-0.269738717779949	0.054	0.084	7.26092889825743e-23	ZC3H4	c1
2.21631722120324e-27	-0.177642528682967	0.072	0.106	7.43308469647142e-23	SIL1	c1
2.22111639351943e-27	-0.43577202318404	0.034	0.057	7.44918016058547e-23	PPARD	c1
2.24589285219427e-27	0.490636954750309	0.228	0.199	7.53227544768916e-23	LINC00623	c1
2.24833169277043e-27	-0.299492093536673	0.049	0.076	7.54045483121348e-23	STAM2	c1
2.28006248694975e-27	-0.127766335356275	0.201	0.259	7.64687356873208e-23	FOXN2	c1
2.2965360209791e-27	-0.162846888455582	0.091	0.128	7.70212250715969e-23	BRD8	c1
2.31227705794825e-27	-0.348261600632284	0.038	0.062	7.75491479694684e-23	APOLD1	c1
2.36357566279147e-27	-0.150786890043157	0.102	0.142	7.92696005787003e-23	CYSTM1	c1
2.39129541668688e-27	-0.289628507876764	0.048	0.076	8.01992656848447e-23	SLC35F5	c1
2.49986753301279e-27	0.533215144207124	0.197	0.168	8.3840557322183e-23	AP3M2	c1
2.5128606332408e-27	-0.443148206349562	0.034	0.058	8.42763199176301e-23	NAPEPLD	c1
2.604571702154e-27	-0.135231211237994	0.551	0.635	8.73521257468409e-23	CD164	c1
2.64191078374342e-27	-0.167580534624004	0.375	0.451	8.86044038651867e-23	CCT2	c1
2.68503549675381e-27	-0.446466117228297	0.029	0.051	9.00507204901291e-23	AC016065.1	c1
2.69820924557796e-27	0.582586157722533	0.117	0.089	9.04925416781935e-23	CPQ	c1
2.72104783267721e-27	-0.132218475688215	0.159	0.21	9.12585022123283e-23	ARHGAP1	c1
2.76441740669484e-27	-0.34829304636076	0.031	0.054	9.27130309857315e-23	ZNF85	c1
2.77712694122275e-27	-0.333016767781924	0.042	0.068	9.31392833547286e-23	FAM193A	c1
2.78016975049364e-27	-0.182021292547149	0.08	0.115	9.32413330920557e-23	SLC39A4	c1
2.92556542688288e-27	-0.592965415233354	0.029	0.051	9.81176132867981e-23	CUL9	c1
2.97658474978188e-27	0.834758588137591	0.06	0.04	9.98286993381848e-23	FN3K	c1
2.99918805222794e-27	-0.194631059362627	0.093	0.13	1.00586768895621e-22	SCAF8	c1
3.07462433304928e-27	-0.179637697549051	0.085	0.121	1.03116750881807e-22	FAM114A2	c1
3.14980696772411e-27	-0.135037132889684	0.135	0.181	1.05638226083531e-22	ZNF277	c1
3.23652119621892e-27	-0.222771866611937	0.058	0.088	1.0854644787879e-22	RFT1	c1
3.27469720337387e-27	-0.846466496493524	0.006	0.019	1.09826794806753e-22	DBF4B	c1
3.47449477180537e-27	-0.164302943789879	0.073	0.106	1.16527605656808e-22	C9orf85	c1
3.55504647538982e-27	-0.850496554969724	0.01	0.025	1.19229148691624e-22	ASPHD2	c1
3.57707093893229e-27	-0.187603783950602	0.088	0.125	1.19967805149911e-22	TXLNG	c1
3.62805114309825e-27	-0.141011661380425	0.09	0.127	1.21677579237229e-22	YIPF2	c1
3.76723954548539e-27	-0.144631705930591	0.15	0.199	1.26345679876489e-22	CCDC97	c1
3.9804356399082e-27	-0.925224203038606	0.01	0.024	1.33495850491241e-22	SLC35E4	c1
4.00224321827099e-27	-0.240619223469181	0.082	0.117	1.34227233054372e-22	NCALD	c1
4.00271508548966e-27	-0.125659333020047	0.534	0.621	1.34243058537152e-22	NSA2	c1
4.0994554147415e-27	-0.133813801055022	0.097	0.136	1.374875356996e-22	HDHD5	c1
4.3855600442168e-27	-0.19508151236657	0.07	0.103	1.47082912762943e-22	UGGT1	c1
4.4615850821282e-27	-0.138176485105044	0.139	0.186	1.49632640484416e-22	TRAPPC12	c1
4.48104145605528e-27	-0.301830715566674	0.041	0.067	1.50285168353182e-22	MED9	c1
4.52275759670491e-27	-0.318163694121874	0.047	0.074	1.51684244278289e-22	CHRNB1	c1
4.61953664861735e-27	-0.108802824561067	0.296	0.374	1.54930020121329e-22	POLR2F	c1
4.69166877581241e-27	-1.30196433375838	0.012	0.028	1.57349187403196e-22	IFNG-AS1	c1
4.70977246871076e-27	-0.380721422278489	0.044	0.07	1.57956349055621e-22	IDE	c1
4.73564607174003e-27	-0.13975363833086	0.207	0.266	1.58824097954017e-22	SPG7	c1
4.73932413964726e-27	-0.128916233470445	0.111	0.153	1.5894745299549e-22	CNOT11	c1
4.76878244596582e-27	-0.168879066702043	0.098	0.136	1.59935425672802e-22	FBXO42	c1
4.82413758212179e-27	-0.318451798967811	0.037	0.061	1.617919262292e-22	FASTKD3	c1
4.93846550597407e-27	-0.208669606266307	0.073	0.107	1.65626256139358e-22	POLL	c1
4.98018222229831e-27	-0.430404669495385	0.029	0.05	1.67025351371441e-22	NAP1L5	c1
4.98318102279455e-27	-0.216746955632872	0.066	0.098	1.67125925142484e-22	MAML1	c1
5.06907200606038e-27	-0.294479581324348	0.061	0.092	1.70006536939253e-22	PGPEP1	c1
5.10061991259215e-27	-0.2266292317551	0.045	0.071	1.71064590628516e-22	HAUS5	c1
5.33347384947821e-27	-0.146804342368414	0.151	0.2	1.788740459638e-22	CBWD5	c1
5.4228448358757e-27	-0.153512739950671	0.157	0.206	1.81871370105599e-22	NOL11	c1
5.44858095990623e-27	-0.131083887298864	0.299	0.375	1.82734508233335e-22	LYPLA2	c1
5.50947211294651e-27	-0.696239394564778	0.016	0.033	1.84776675724e-22	ABHD17B	c1
5.57005551609054e-27	-1.13946885733386	0.005	0.017	1.86808521898645e-22	ALDH4A1	c1
5.57365179485045e-27	-0.326835466132023	0.049	0.077	1.86929133895694e-22	TMEM161B-AS1	c1
5.69109194890492e-27	-0.162444941348959	0.105	0.145	1.90867841782373e-22	ZNF414	c1
5.69612080379429e-27	-0.131637267196471	0.082	0.118	1.91036499517653e-22	HRAS	c1
5.72885774036818e-27	-0.17860960675539	0.099	0.137	1.92134430896468e-22	EEFSEC	c1
5.73504937002595e-27	-0.165769818351794	0.112	0.153	1.9234208577193e-22	METTL14	c1
5.73621560933564e-27	-0.142516078716534	0.172	0.225	1.92381199105899e-22	LONP2	c1
5.76252373571055e-27	-0.133802540291197	0.404	0.491	1.9326352104826e-22	GPBP1	c1
5.77189004488417e-27	-0.292838491999112	0.057	0.086	1.93577648325325e-22	TRAPPC11	c1
5.78219394612506e-27	-0.133790556815645	0.631	0.704	1.93923220565142e-22	ARF6	c1
5.82285848195968e-27	-1.21528207120538	0.006	0.019	1.95287027767964e-22	TTYH3	c1
5.85570896500062e-27	-0.193065165802703	0.089	0.125	1.96388767268191e-22	C5orf51	c1
5.87939607766481e-27	-0.336404125640621	0.029	0.052	1.97183185652722e-22	HNRNPUL2	c1
5.88413179251873e-27	-0.302477254306623	0.046	0.073	1.97342012057493e-22	SLC35E1	c1
5.9964800280871e-27	-0.191231399123176	0.079	0.113	2.01109947181985e-22	NOL9	c1
6.34138184152329e-27	-0.348779855092237	0.061	0.09	2.12677264201008e-22	PATL2	c1
6.47934370906439e-27	-0.304404886272527	0.046	0.072	2.17304229314601e-22	BBS4	c1
6.66690259991419e-27	-0.421727553225953	0.032	0.054	2.23594579395922e-22	ZSCAN32	c1
6.8244705133604e-27	-1.05369888969554	0.005	0.017	2.28879092077081e-22	SCARB1	c1
7.04147664137645e-27	-0.14296890132656	0.334	0.411	2.36157043598483e-22	DCK	c1
7.04543234955518e-27	-2.46399476713952	0.001	0.011	2.36289710139382e-22	EPOP	c1
7.05418785213411e-27	-0.136106293535329	0.195	0.251	2.36583352184874e-22	PHC3	c1
7.05778331987031e-27	-2.84900568901433	0.001	0.01	2.3670393698181e-22	HIST1H3J	c1
7.15115885344839e-27	-0.284156510006792	0.056	0.085	2.39835565626952e-22	LMBRD2	c1
7.20050937844758e-27	-0.242157763213112	0.061	0.091	2.41490683534375e-22	CCDC61	c1
7.31936649448012e-27	-0.180082553028395	0.082	0.117	2.45476913491874e-22	MUTYH	c1
7.56652746362591e-27	-0.116499141060184	0.216	0.278	2.53766198075086e-22	FPGS	c1
7.66537874483949e-27	-0.269653898307344	0.071	0.103	2.57081472344427e-22	SNAPC3	c1
7.7609291118238e-27	-0.167676427416287	0.094	0.132	2.60286040552347e-22	GPX7	c1
8.12987726953752e-27	-0.790154989915737	0.011	0.027	2.72659823865749e-22	PSMG3-AS1	c1
8.15632696452908e-27	-0.229967228988497	0.045	0.072	2.73546893736376e-22	RABL3	c1
8.23433005241029e-27	0.779642343359877	0.064	0.043	2.76162961297736e-22	TMOD2	c1
8.24308377096446e-27	-0.117148058076042	0.105	0.145	2.76456543510606e-22	AC010642.2	c1
8.25559864136041e-27	-0.120480288012028	0.172	0.225	2.76876267233945e-22	NIPSNAP1	c1
8.73698501662232e-27	-0.128946149542118	0.491	0.574	2.93021003487479e-22	VDAC2	c1
8.83865530111609e-27	-0.100230596141693	0.143	0.192	2.96430821488831e-22	LEO1	c1
9.2486379381113e-27	-0.567982412634152	0.02	0.039	3.10180819168377e-22	ZSCAN2	c1
9.29511413082219e-27	-0.249277659586668	0.062	0.092	3.11739537719515e-22	ERCC4	c1
9.36479421537705e-27	-0.920089283809558	0.011	0.026	3.14076468395315e-22	TET3	c1
9.38240382323993e-27	-0.509750674636408	0.047	0.073	3.14667059423821e-22	PLXDC1	c1
9.39845752464467e-27	-0.369320975228828	0.039	0.063	3.15205468461533e-22	UBXN6	c1
9.3985604592366e-27	-0.177465128203959	0.105	0.145	3.15208920681877e-22	TMEM80	c1
9.64467889940963e-27	-0.105479315830433	0.113	0.155	3.234632409284e-22	SNUPN	c1
9.87183722075305e-27	-0.239871151387564	0.059	0.088	3.31081676709616e-22	C6orf106	c1
1.04916479999752e-26	-0.34128245775804	0.053	0.08	3.51868890623169e-22	SLC35E3	c1
1.05097034587683e-26	-1.61624804177556	0.005	0.017	3.52474434600172e-22	ADAMTS4	c1
1.0528644102807e-26	-0.124151195068142	0.085	0.121	3.53109665919942e-22	RPL39L	c1
1.06239990383073e-26	-0.107588314144184	0.2	0.259	3.5630767974675e-22	ISCA2	c1
1.08452417585099e-26	-0.411523219745451	0.03	0.052	3.63727718096905e-22	RFX7	c1
1.09091311896402e-26	-0.28600349657282	0.058	0.087	3.65870441838154e-22	APOBEC3D	c1
1.09270488523782e-26	-0.368094381548435	0.039	0.063	3.66471364411061e-22	UNKL	c1
1.12999598006721e-26	-0.293585574306686	0.043	0.069	3.78978051794939e-22	DAAM1	c1
1.13850835827207e-26	-1.28061701638604	0.006	0.018	3.81832933197286e-22	SLC25A29	c1
1.14444267625307e-26	-0.179240802940826	0.092	0.129	3.83823184761753e-22	LSG1	c1
1.17818053260984e-26	-0.157215954677056	0.099	0.137	3.9513818702669e-22	EDC4	c1
1.18108184696527e-26	-0.247424691789834	0.045	0.071	3.96111229835212e-22	EIF3C	c1
1.1856669832035e-26	-0.371489959638962	0.054	0.082	3.97648992826789e-22	NPIPB5	c1
1.18661410241873e-26	-0.78563341597356	0.005	0.018	3.97966637669193e-22	BRIP1	c1
1.19229822191266e-26	-0.223326045995385	0.063	0.094	3.99872977665069e-22	SAP130	c1
1.22136274809871e-26	-0.316839679597827	0.026	0.046	4.09620638457347e-22	GATB	c1
1.24550211822837e-26	-0.174441551764932	0.107	0.147	4.17716500411429e-22	PNPLA6	c1
1.29000824495793e-26	-1.41960155123282	0.005	0.018	4.3264296519399e-22	MCF2L2	c1
1.29718612094055e-26	0.815183379361177	0.085	0.062	4.35050281241043e-22	CACNA2D4	c1
1.30178332772922e-26	-0.112435772906654	0.156	0.206	4.36592092453824e-22	IARS	c1
1.31468755089945e-26	0.75054513727256	0.085	0.061	4.40919910820658e-22	PGLYRP2	c1
1.32960368498611e-26	-0.218914189811585	0.094	0.131	4.45922483870641e-22	TYSND1	c1
1.35458318148085e-26	-0.186808863639505	0.125	0.167	4.54300107405046e-22	DLGAP1-AS1	c1
1.36556444829612e-26	-0.159694995083191	0.46	0.538	4.57983004669552e-22	EVI2B	c1
1.37130577784407e-26	-0.210075460236895	0.07	0.102	4.59908531773346e-22	RPRD1B	c1
1.39219457336558e-26	-0.104730349843387	0.203	0.263	4.66914216015349e-22	USO1	c1
1.3929713144551e-26	-0.390616663261846	0.048	0.075	4.67174719441953e-22	SLC23A2	c1
1.39399586260373e-26	-0.564871852128832	0.014	0.031	4.67518332400039e-22	MORN2	c1
1.40230685981393e-26	0.270146744331358	0.443	0.436	4.70305674644396e-22	MYDGF	c1
1.45294897457808e-26	-0.311056891637747	0.041	0.067	4.87290027093997e-22	NIFK-AS1	c1
1.45804182341789e-26	-0.146203345925088	0.369	0.446	4.88998066737894e-22	TAF15	c1
1.4684343894206e-26	-0.692785224550023	0.017	0.035	4.92483525523881e-22	PLEKHO2	c1
1.52939080730922e-26	-2.60354035639298	0.001	0.011	5.12927088955366e-22	SUOX	c1
1.54780830096038e-26	-0.175671993671229	0.136	0.181	5.19103947976092e-22	EP400	c1
1.59358749823026e-26	0.545628433221717	0.166	0.137	5.34457375156464e-22	FRMD4B	c1
1.66244667776268e-26	-0.265750729764811	0.057	0.086	5.57551366788048e-22	TEFM	c1
1.67461353450116e-26	-0.282407631236781	0.061	0.091	5.61631887200999e-22	GCFC2	c1
1.68723159773994e-26	-0.168321634337521	0.12	0.163	5.6586373325002e-22	WDR20	c1
1.69502361641549e-26	-0.311395364804641	0.042	0.067	5.68477020473425e-22	MCOLN1	c1
1.77003642823797e-26	-2.42438263017613	0.002	0.012	5.93634817302451e-22	AK4	c1
1.85725169394796e-26	-0.215024011923066	0.089	0.125	6.22885073116267e-22	APC	c1
1.87336038567932e-26	-0.18070390338988	0.136	0.18	6.28287606149131e-22	CCDC66	c1
1.92320456070935e-26	-0.109610722268287	0.206	0.265	6.45004345570703e-22	ZPR1	c1
1.92881421442864e-26	-0.171710945388445	0.124	0.167	6.46885711235078e-22	ZC3H11A	c1
1.9908268928835e-26	0.193582992789833	0.575	0.578	6.6768352333527e-22	TMED2	c1
2.04195648363041e-26	-0.277174317166524	0.053	0.081	6.84831365479967e-22	SEC24A	c1
2.04235691809987e-26	-0.147389947272786	0.054	0.082	6.84965663192333e-22	BOLA1	c1
2.06799478968553e-26	-0.14023276506828	0.524	0.602	6.93564092564732e-22	THRAP3	c1
2.07371570949828e-26	-0.116688578762142	0.158	0.208	6.95482774651533e-22	SLC25A32	c1
2.15868965498105e-26	-3.00845315519537	0.001	0.01	7.23981336487545e-22	HIST1H2BM	c1
2.1932101049823e-26	-0.177629356309943	0.07	0.102	7.35558805008965e-22	WARS2	c1
2.2031243352433e-26	-0.668154880546731	0.014	0.031	7.38883839553898e-22	HIST1H2AK	c1
2.26996748253366e-26	-0.132280386021764	0.244	0.309	7.61301694292139e-22	DDB1	c1
2.32550186883409e-26	-0.340161616922147	0.045	0.07	7.79926816769576e-22	POLG2	c1
2.3585417210203e-26	-0.102876679044824	0.195	0.253	7.9100772239579e-22	VPS26C	c1
2.44444760365424e-26	-0.134681475201477	0.367	0.447	8.19818837313559e-22	ENY2	c1
2.49020137928442e-26	0.305146687687812	0.424	0.412	8.35163738584409e-22	CDK17	c1
2.5230830142822e-26	-0.600449138935875	0.018	0.036	8.46191581329964e-22	ZNF496	c1
2.53652644504939e-26	-0.137643452686235	0.193	0.249	8.50700239140664e-22	PDXDC1	c1
2.57419174251693e-26	-0.811177109405475	0.008	0.022	8.63332426605327e-22	SPINDOC	c1
2.59936158782455e-26	-0.925062051980201	0.012	0.028	8.71773889324598e-22	TPTEP2-CSNK1E	c1
2.74137463789004e-26	0.155825176211706	0.65	0.663	9.19402226055563e-22	REX1BD	c1
2.7463172632445e-26	-0.211971986370243	0.082	0.117	9.21059883746941e-22	ABCD4	c1
2.7522862336649e-26	-0.315713267048269	0.062	0.091	9.23061757046534e-22	PIK3C2A	c1
2.87748911557858e-26	-0.129600116838174	0.327	0.402	9.65052299582745e-22	ETFB	c1
2.94384360723244e-26	-0.304021475427902	0.051	0.078	9.87306268993616e-22	TMEM260	c1
3.00023609318727e-26	-0.16368155965607	0.08	0.114	1.00621918093315e-21	PPP2R2D	c1
3.03090021064871e-26	-0.274026240576858	0.053	0.08	1.01650331264737e-21	ORAOV1	c1
3.21177251922671e-26	-0.169386892042318	0.074	0.106	1.07716426749825e-21	MTFR1L	c1
3.22449707193822e-26	-0.256643237425651	0.054	0.083	1.08143182798664e-21	MLKL	c1
3.27679379017143e-26	-0.209800733889145	0.048	0.076	1.09897110134769e-21	TADA2A	c1
3.33228882293502e-26	-0.112518501427768	0.182	0.235	1.11758302543595e-21	GABPB1-AS1	c1
3.35862758332016e-26	-0.438266432757924	0.567	0.57	1.12641651889392e-21	CD27	c1
3.43837829261229e-26	-0.101136735251279	0.18	0.235	1.15316331177631e-21	ASB8	c1
3.48755188726029e-26	-0.108722697888897	0.154	0.204	1.16965515194936e-21	BLOC1S6	c1
3.50566612822694e-26	-0.137353957530336	0.131	0.175	1.17573030608475e-21	TMEM60	c1
3.56164821907096e-26	-0.117441823942307	0.293	0.367	1.19450557971202e-21	DHPS	c1
3.59666563837929e-26	-0.114899739363085	0.168	0.22	1.20624972179965e-21	NBN	c1
3.71063090454842e-26	-0.105645330875991	0.141	0.189	1.24447139276745e-21	C5orf24	c1
3.72618217217772e-26	1.54401490368925	0.014	0.005	1.24968697690496e-21	ZNF667-AS1	c1
3.77295691424573e-26	-0.279107811723877	0.043	0.068	1.26537428989973e-21	STIMATE	c1
3.8482889640475e-26	-0.565169854416013	0.028	0.049	1.29063915276225e-21	GZF1	c1
3.8826610269992e-26	-0.148078884329608	0.269	0.337	1.30216685523499e-21	CASP8	c1
3.93134031315489e-26	-0.115024736108935	0.273	0.343	1.31849291422589e-21	SYS1	c1
4.00547425666798e-26	-0.302974439968024	0.041	0.066	1.34335595620131e-21	NUP43	c1
4.03836452125159e-26	-0.17591434079636	0.084	0.119	1.35438669313736e-21	FBXO28	c1
4.06905629941262e-26	-0.230872908163668	0.077	0.11	1.364680101697e-21	ATR	c1
4.07258351722405e-26	-0.17264583193352	0.095	0.133	1.3658630600066e-21	TMEM161A	c1
4.133017620364e-26	-0.126283241750489	0.119	0.161	1.38613144951768e-21	PYROXD1	c1
4.22808897882174e-26	-0.175823657356837	0.078	0.112	1.41801648171723e-21	SUGP1	c1
4.2302178482716e-26	-0.217336991411252	0.29	0.353	1.41873046195333e-21	PAG1	c1
4.28239678330122e-26	-0.285734775619954	0.042	0.067	1.43623023318356e-21	ATMIN	c1
4.29445193602038e-26	-0.548141301271474	0.131	0.167	1.44027329030252e-21	TRGV10	c1
4.33159938032654e-26	-0.392952265336585	0.031	0.053	1.45273180017392e-21	METTL22	c1
4.33726168033716e-26	-0.497004734432847	0.023	0.043	1.45463082235148e-21	AXIN1	c1
4.4093202719827e-26	-0.12939435625108	0.34	0.42	1.47879783281756e-21	FAM50A	c1
4.43013904227592e-26	-0.124677337503698	0.178	0.231	1.4857800319985e-21	CUL1	c1
4.49291891566628e-26	-0.116098194076636	0.115	0.156	1.50683514593616e-21	ATP5S	c1
4.52538722257453e-26	-0.168058649391376	0.488	0.56	1.51772436670705e-21	CHCHD10	c1
4.62878755711441e-26	-0.218553956494691	0.093	0.13	1.55240277090503e-21	HMG20A	c1
4.68050069883892e-26	-0.192877471995482	0.105	0.144	1.5697463243766e-21	MTO1	c1
4.71247474893719e-26	-0.831897252713418	0.015	0.031	1.58046978129855e-21	CASZ1	c1
4.94177713530045e-26	-0.132295438215247	0.14	0.186	1.65737321563707e-21	MAP2K7	c1
5.3733231997082e-26	-0.144016035973306	0.431	0.514	1.80210513471814e-21	PUF60	c1
5.57504937626841e-26	-0.14811353412986	0.411	0.489	1.8697600598129e-21	EIF4A1	c1
5.74288969317438e-26	-0.13824595535673	0.11	0.151	1.92605034529682e-21	FCHO1	c1
6.12837723219306e-26	1.04568505758533	0.043	0.026	2.05533515613291e-21	CYFIP1	c1
6.12957009667939e-26	-0.160369983484323	0.441	0.516	2.05573521902433e-21	SERPINB1	c1
6.14544091613641e-26	-0.233011415794787	0.047	0.073	2.06105797445383e-21	PXMP4	c1
6.26326568807067e-26	-0.431574128178016	0.03	0.051	2.10057404646514e-21	PLA2G6	c1
6.3547234169703e-26	-0.618051966828859	0.012	0.028	2.1312471395835e-21	MAST2	c1
6.37024299696636e-26	-0.124699519336215	0.104	0.144	2.13645209632258e-21	SLC25A22	c1
6.3755504533211e-26	-0.217226996513518	0.043	0.069	2.13823211103483e-21	RAB30-AS1	c1
6.51953515236551e-26	-0.20571470847739	0.068	0.1	2.18652169940034e-21	RBM19	c1
7.08566828276953e-26	-0.152569019541009	0.074	0.107	2.37639142867524e-21	SEH1L	c1
7.19974515755474e-26	-0.399599947157592	0.01	0.025	2.41465053094071e-21	PSMC3IP	c1
7.35581361800152e-26	-0.160844078778658	0.107	0.146	2.46699277120535e-21	TMEM167B	c1
7.5425992236137e-26	-0.133573652648802	0.163	0.213	2.52963692761556e-21	SUPT3H	c1
7.60734246468044e-26	-0.168436874692541	0.115	0.155	2.55135051580453e-21	RNF111	c1
7.64505835729027e-26	-0.107990129011381	0.234	0.298	2.56399967186801e-21	COPA	c1
7.68536247694961e-26	-0.615702008065202	0.012	0.028	2.57751686751936e-21	GSEC	c1
7.89824888141445e-26	-0.573235990156005	0.02	0.039	2.64891470984878e-21	NKRF	c1
7.93266862362662e-26	-0.130244807629329	0.102	0.14	2.6604584029919e-21	MED1	c1
8.05690822681999e-26	-0.287423990027082	0.019	0.038	2.70212588111089e-21	RCCD1	c1
8.19253829380686e-26	-0.5102602386887	0.018	0.036	2.74761349297695e-21	ABCB10	c1
8.20970232012901e-26	-0.428620232631394	0.019	0.037	2.75336996412487e-21	TMEM53	c1
8.46083404284096e-26	-0.764765116188564	0.011	0.026	2.837594521288e-21	NLRP2	c1
8.75971468797334e-26	-0.217402412650436	0.088	0.123	2.9378331120525e-21	LINC00324	c1
9.08114456225644e-26	0.980626698123821	0.036	0.021	3.04563426328956e-21	FAM84B	c1
9.32345427696808e-26	0.505929455692271	0.166	0.137	3.12690009540955e-21	SERPINB6	c1
9.38941405479196e-26	0.334051466058594	0.369	0.354	3.14902168569613e-21	TRADD	c1
9.3971380756627e-26	-0.100065685029692	0.282	0.357	3.15161216781576e-21	METTL5	c1
9.64213807715722e-26	-0.124110260690769	0.178	0.23	3.23378026831699e-21	GANAB	c1
9.73098896227126e-26	-0.272849390179529	0.025	0.045	3.26357907816654e-21	DARS2	c1
9.90084053322331e-26	-0.12119699032262	0.242	0.307	3.32054389803243e-21	GNPTG	c1
1.00953176132884e-25	-0.339710494360975	0.036	0.059	3.38576762114466e-21	TLK2	c1
1.0330683342955e-25	-1.67808057439514	0.003	0.014	3.46470457956024e-21	C1R	c1
1.05156672686448e-25	-0.273291568704922	0.052	0.079	3.52674448855808e-21	DHCR7	c1
1.06896592318472e-25	-0.161755830975441	0.41	0.488	3.58509791317691e-21	SEMA4D	c1
1.07137436539512e-25	-0.875028824873967	0.008	0.021	3.59317534666216e-21	AC016773.1	c1
1.07746664520133e-25	-0.190045058405018	0.135	0.178	3.61360763467622e-21	SPNS3	c1
1.15807336942528e-25	-0.194902361030455	0.078	0.111	3.8839464663785e-21	PRKAB1	c1
1.15975311140431e-25	-0.173149879485391	0.058	0.087	3.88957998502776e-21	JMJD4	c1
1.17323525831478e-25	-0.482224179954115	0.019	0.037	3.93479640933612e-21	PPP1R16A	c1
1.18034749636092e-25	-0.176098359703535	0.07	0.102	3.95864943329524e-21	ACTR8	c1
1.20926053749634e-25	-0.106019831665018	0.207	0.267	4.05561799065522e-21	TSR2	c1
1.25303535909729e-25	-0.104530483224338	0.255	0.323	4.20242998734048e-21	AKR1A1	c1
1.27236382605179e-25	-0.150910652066839	0.101	0.138	4.26725379981249e-21	VEZT	c1
1.32024826276834e-25	-0.137671716531684	0.109	0.149	4.42784862367247e-21	JOSD1	c1
1.33053941452582e-25	-0.119759697516165	0.078	0.112	4.46236308843671e-21	PPIL1	c1
1.37105070428057e-25	-0.332592744511529	0.038	0.062	4.59822985201619e-21	TCF20	c1
1.37903845507386e-25	-0.10881266371367	0.154	0.203	4.6250191706267e-21	EBNA1BP2	c1
1.39162404822445e-25	-0.24832942667025	0.05	0.077	4.66722873293515e-21	C2orf76	c1
1.39200987282072e-25	-0.203373382151351	0.054	0.082	4.66852271146614e-21	GTF2H4	c1
1.45155450430981e-25	-0.407431607157438	0.026	0.047	4.86822349655423e-21	FAM111A-DT	c1
1.46828951895945e-25	-0.206248667212401	0.081	0.115	4.92434938868622e-21	ANKFY1	c1
1.49491603528382e-25	-0.117098305898394	0.338	0.417	5.01364939913488e-21	WDR33	c1
1.5201161133309e-25	-0.255383256435956	0.072	0.104	5.09816542088916e-21	TBCK	c1
1.55005857973825e-25	-0.226735141767271	0.071	0.103	5.19858646472615e-21	ZDHHC5	c1
1.57160726037413e-25	-0.130563539064444	0.322	0.398	5.27085642984275e-21	OS9	c1
1.57252578574742e-25	-0.258446252862027	0.05	0.077	5.27393698023969e-21	SLC35B4	c1
1.57774049375576e-25	-0.144703177670856	0.204	0.259	5.29142606795808e-21	CDK4	c1
1.58126153144107e-25	-0.126818097771778	0.157	0.206	5.30323492414706e-21	AGFG2	c1
1.59196571105469e-25	-0.123957344984441	0.181	0.235	5.33913460173522e-21	BLCAP	c1
1.59841521398106e-25	-0.109924674206814	0.271	0.339	5.36076494464967e-21	SYNCRIP	c1
1.62746000191853e-25	0.639984712266183	0.099	0.075	5.45817535443435e-21	GPHN	c1
1.64898396137774e-25	-1.17077379538166	0.006	0.019	5.53036240966868e-21	DPY19L3	c1
1.6732343970346e-25	-0.632111224778529	0.017	0.034	5.61169352077464e-21	MYL5	c1
1.67861810703892e-25	-0.148254923661504	0.127	0.17	5.62974940738714e-21	XPO4	c1
1.68405878889852e-25	-0.186285948886247	0.087	0.121	5.64799636620787e-21	MAP2K5	c1
1.7048230766764e-25	-0.120459557007676	0.221	0.282	5.71763563455732e-21	DHX15	c1
1.70569184171494e-25	-0.132393340631561	0.148	0.195	5.72054929874356e-21	RDH11	c1
1.78914981697687e-25	-0.148700690892875	0.381	0.462	6.00045065617702e-21	COPS6	c1
1.80468084248412e-25	-0.260114077012515	0.048	0.075	6.05253860952324e-21	PPAN	c1
1.82761557336961e-25	-0.397605174400549	0.031	0.052	6.12945710996698e-21	ACSL1	c1
1.84511910110872e-25	-0.111587414102682	0.265	0.334	6.18816044129842e-21	SMARCC2	c1
1.96959516690066e-25	-1.05699401735296	0.035	0.057	6.60562827075143e-21	TRBV27	c1
1.9791862020721e-25	-0.173899318536406	0.067	0.097	6.6377946845094e-21	MSH6	c1
2.02191534538553e-25	-0.112157840143972	0.159	0.208	6.78109968535398e-21	ZNF131	c1
2.04171770909133e-25	-0.350871198905537	0.039	0.063	6.84751285275049e-21	MTMR12	c1
2.05423479807628e-25	-0.337065894249669	0.058	0.086	6.88949266578823e-21	ZNF561	c1
2.08488038714248e-25	-0.669960188233016	0.014	0.03	6.99227184239845e-21	TPCN2	c1
2.25334698166338e-25	-0.195522794959001	0.153	0.199	7.55727510710264e-21	CD81	c1
2.43534277686511e-25	-0.171324372385951	0.09	0.126	8.1676526050502e-21	CLN3	c1
2.44663578885615e-25	-0.138277639458924	0.149	0.196	8.20552710866577e-21	AGAP2	c1
2.48378061463448e-25	-0.424172349911042	0.039	0.063	8.33010342536111e-21	AL451062.3	c1
2.49156189267796e-25	-0.119026688664061	0.241	0.304	8.35620027566336e-21	KRCC1	c1
2.5175010136771e-25	-0.14104621195465	0.455	0.539	8.44319489967024e-21	PDCD6	c1
2.58022789061831e-25	-0.617178591935475	0.015	0.031	8.65356829955568e-21	ZNF93	c1
2.68124737480646e-25	-0.118258784947254	0.586	0.659	8.99236744562591e-21	MTDH	c1
2.76456435345857e-25	-0.110514695262718	0.278	0.348	9.27179592862934e-21	SCAMP3	c1
2.76724047823741e-25	-0.559490383873742	0.02	0.038	9.28077111591261e-21	FGGY	c1
2.78055151357812e-25	-0.135541766488696	0.105	0.143	9.32541366623831e-21	ZNF384	c1
2.78691249225574e-25	-0.125907102817019	0.101	0.139	9.34674711652731e-21	FARS2	c1
2.80916504490419e-25	-0.223326154145709	0.095	0.13	9.42137772759967e-21	FAM120B	c1
2.83254504372533e-25	-0.142281956512361	0.107	0.146	9.499789567646e-21	KCTD13	c1
2.91788300775868e-25	-0.120114487687012	0.269	0.34	9.78599603142105e-21	ECHS1	c1
2.99621035361997e-25	-0.128359968446595	0.284	0.352	1.00486902839706e-20	NGRN	c1
3.02353592021392e-25	-0.22357346458166	0.07	0.1	1.01403347692135e-20	LRCH1	c1
3.28173764529452e-25	-0.351100456721527	0.047	0.073	1.10062917147888e-20	BRWD3	c1
3.37220817162965e-25	-1.65821482373775	0.006	0.018	1.13097117660115e-20	CDKL2	c1
3.39970647014435e-25	-0.141681348926316	0.142	0.187	1.14019355595701e-20	SUCO	c1
3.41665071900781e-25	0.469847392445078	0.198	0.171	1.14587631814084e-20	ADAM19	c1
3.43517241146029e-25	-0.225072525439684	0.052	0.08	1.15208812335555e-20	ACBD3	c1
3.47416687506484e-25	-0.568342157080929	0.025	0.045	1.16516608655925e-20	SLC41A1	c1
3.65118525174225e-25	-0.955387841719095	0.01	0.024	1.22453450972932e-20	AZIN1-AS1	c1
3.65209380473288e-25	-0.11706783249187	0.169	0.22	1.22483922023131e-20	SNAPC5	c1
3.67018774106854e-25	-0.674678363104516	0.013	0.029	1.23090756459957e-20	CD72	c1
3.71910637221862e-25	-0.436247272383812	0.037	0.06	1.24731389511468e-20	LMTK2	c1
3.72018906579854e-25	-0.252339086625956	0.033	0.055	1.24767700888751e-20	ACY1	c1
3.82604836789952e-25	-0.14054680620088	0.095	0.131	1.28318010162614e-20	MFSD14C	c1
3.88732248295394e-25	-0.132715578600384	0.57	0.639	1.30373021433309e-20	XRCC5	c1
3.90798564438282e-25	-0.181432661192063	0.037	0.061	1.31066022541311e-20	TIMM8A	c1
3.96070913738341e-25	-0.221765787878737	0.058	0.086	1.32834263049565e-20	PRMT3	c1
4.03546132777005e-25	-0.255734883384446	0.082	0.115	1.35341302010752e-20	IFFO1	c1
4.05570302080187e-25	0.320215001185798	0.336	0.309	1.36020167911653e-20	PRMT9	c1
4.11740411574399e-25	0.311584677035972	0.398	0.387	1.38089499233822e-20	AMD1	c1
4.12939577487722e-25	-0.142749920970704	0.077	0.109	1.38491675497832e-20	ZNF444	c1
4.14094784258996e-25	-0.126437195160981	0.358	0.436	1.38879108744782e-20	RAB8A	c1
4.15148160064251e-25	-0.105122538961802	0.112	0.152	1.39232389922349e-20	CRCP	c1
4.19050414294128e-25	-0.295670822305466	0.036	0.059	1.40541127945965e-20	SPATS2	c1
4.19419671490704e-25	-0.152835312867852	0.49	0.569	1.40664969424552e-20	CMTM3	c1
4.20642617929041e-25	-0.20354758417044	0.074	0.106	1.41075121201042e-20	PIGG	c1
4.25930211934069e-25	-0.149751632924987	0.068	0.099	1.42848474478448e-20	TIMM44	c1
4.28808211972458e-25	-0.187202776187364	0.081	0.114	1.43813698131323e-20	FZR1	c1
4.37507688840708e-25	-0.272398226611877	0.07	0.1	1.46731328683397e-20	BCL9L	c1
4.50828974580977e-25	-0.382113180794	0.024	0.043	1.51199021494968e-20	NACC1	c1
4.52845276188042e-25	-0.732916487332806	0.009	0.023	1.51875248727946e-20	LINC01006	c1
4.54153638307293e-25	-0.133851579973102	0.072	0.103	1.523140472155e-20	C8orf33	c1
4.66948496586808e-25	-0.117426505169351	0.329	0.404	1.56605186785284e-20	MAPRE1	c1
4.79696970878123e-25	-0.451269832051531	0.022	0.04	1.60880770093105e-20	SLC12A2	c1
5.04527127557608e-25	-0.117658963032521	0.125	0.168	1.6920830804027e-20	EXOC5	c1
5.04794016622315e-25	-0.103312817135002	0.137	0.182	1.69297817294792e-20	EMC2	c1
5.26138631173643e-25	-0.248813862869481	0.056	0.084	1.76456374123016e-20	RABGAP1	c1
5.49038150932618e-25	-0.126030823972459	0.265	0.33	1.84136415059782e-20	ARL6IP6	c1
5.5355328007153e-25	-0.41149676461925	0.024	0.043	1.8565069907039e-20	SEPSECS-AS1	c1
5.62283008863459e-25	-0.277854737883155	0.057	0.085	1.88578475512627e-20	ZFP64	c1
5.66176749383709e-25	-0.151203383217571	0.103	0.141	1.89884358208308e-20	AQR	c1
5.74940416537633e-25	-0.174380484461016	0.067	0.097	1.92823516898391e-20	CEP192	c1
5.76397038244493e-25	-0.189524238671411	0.05	0.076	1.93312038686438e-20	IMPACT	c1
5.78075519030743e-25	-0.142344269700945	0.142	0.186	1.93874967572531e-20	RAPGEF6	c1
6.12120587350349e-25	-0.112426813350119	0.13	0.173	2.0529300258556e-20	CRNKL1	c1
6.14077193801414e-25	-0.164145160497136	0.122	0.163	2.05949209257118e-20	KMT5B	c1
6.14608971167119e-25	-0.330399365899261	0.027	0.047	2.06127556750028e-20	CCDC138	c1
6.21720540717152e-25	-0.181486564902846	0.127	0.168	2.08512634945719e-20	MAN2B2	c1
6.30918320288289e-25	-0.161368776672978	0.114	0.154	2.11597386258286e-20	LTN1	c1
6.32969199163489e-25	-0.1887883035499	0.052	0.079	2.12285210015451e-20	BORCS8	c1
6.35534955327159e-25	-0.158302928874248	0.102	0.14	2.13145713317623e-20	TM9SF4	c1
6.39227191018295e-25	-0.174182112517764	0.083	0.117	2.14384015323716e-20	RIOX1	c1
6.58768302108783e-25	-0.295569116349798	0.056	0.084	2.20937713161243e-20	SPIN2B	c1
6.65181586760497e-25	-0.134221443159471	0.376	0.456	2.23088600567735e-20	CGGBP1	c1
6.7046506748447e-25	-0.258550051636761	0.046	0.072	2.24860574332941e-20	GRPEL2	c1
6.83477362788664e-25	-0.25485884256173	0.058	0.086	2.29224637932062e-20	SMYD4	c1
7.01197187432152e-25	-2.33613890102045	0.002	0.011	2.35167512720995e-20	NIPAL2	c1
7.18077624361284e-25	-0.529798393283244	0.022	0.041	2.40828873658287e-20	SLC9A1	c1
8.10458931263514e-25	-0.139489647465352	0.415	0.494	2.71811716367157e-20	GCC2	c1
8.24321075390268e-25	-0.20474175236532	0.065	0.095	2.76460802264388e-20	SLC30A6	c1
8.36380403431896e-25	0.114431811967064	0.771	0.785	2.80505259702989e-20	EIF4B	c1
8.44244241991601e-25	-0.362383130623829	0.025	0.044	2.83142633879143e-20	CEP131	c1
8.91632394236959e-25	-0.452814232955771	0.023	0.042	2.99035672379191e-20	SLC16A13	c1
9.72073355158028e-25	-0.129513374764907	0.112	0.151	3.26013961852899e-20	TMEM115	c1
9.75995632568952e-25	-0.172571691192797	0.073	0.105	3.27329415250975e-20	MRS2	c1
9.88073127710237e-25	-0.101690344868423	0.184	0.238	3.31379965571459e-20	SEC23B	c1
9.96892043449875e-25	0.555432053873631	0.089	0.065	3.34337653532219e-20	ADRB2	c1
1.00261734314569e-24	-0.201281681422988	0.064	0.094	3.36257804544202e-20	CPOX	c1
1.00456659664555e-24	-0.315806839153765	0.037	0.06	3.36911545182984e-20	ROCK2	c1
1.00574141721569e-24	-0.311579660982927	0.058	0.086	3.37305556505799e-20	PEX1	c1
1.01413148183327e-24	-0.35951495851285	0.045	0.07	3.40119416377243e-20	MTMR4	c1
1.03593569677407e-24	-0.180459441206989	0.074	0.105	3.47432113984089e-20	MEN1	c1
1.07410749326234e-24	-0.192002331134121	0.044	0.069	3.60234171090322e-20	NSDHL	c1
1.11078031775446e-24	-0.138568819241673	0.427	0.508	3.72533502968489e-20	SDHC	c1
1.1918186232742e-24	-0.284083701440841	0.028	0.049	3.997121298737e-20	TBC1D10B	c1
1.19909292608504e-24	-0.168844527988499	0.05	0.076	4.02151785550401e-20	PIGU	c1
1.21063118536965e-24	-0.251006066353618	0.044	0.069	4.06021486949274e-20	SMAD4	c1
1.21221828352098e-24	-0.232178056697512	0.061	0.09	4.06553767927268e-20	YEATS2	c1
1.21223504500575e-24	-0.433297955532957	0.023	0.042	4.06559389394029e-20	BIVM	c1
1.23213987831585e-24	-0.22258339117508	0.052	0.078	4.13235072389571e-20	ZNF346	c1
1.23982764082511e-24	-0.172381215233027	0.08	0.113	4.15813394179925e-20	POLR3E	c1
1.24834444052928e-24	-0.331223339397452	0.053	0.08	4.1866975846471e-20	GPR55	c1
1.25379337428547e-24	-0.152623990411719	0.059	0.088	4.20497221867861e-20	RPE	c1
1.26019922230192e-24	-0.954805195875439	0.008	0.022	4.22645615175619e-20	C16orf86	c1
1.27319518668961e-24	-1.23985510675722	0.012	0.026	4.27004201711962e-20	HRH2	c1
1.3833167830763e-24	-0.282188071667453	0.037	0.06	4.63936782708129e-20	PHF10	c1
1.39298774126457e-24	-0.426349646391656	0.027	0.047	4.6718022866531e-20	TMEM79	c1
1.41418695466102e-24	0.11156839061927	0.784	0.798	4.74290020854213e-20	EIF4A2	c1
1.42699488369103e-24	-0.327790263327077	0.027	0.047	4.78585544092297e-20	SFXN2	c1
1.43174587448068e-24	-0.181015687307561	0.445	0.511	4.80178931383329e-20	NUCKS1	c1
1.45089026115848e-24	-0.275100902331506	0.052	0.078	4.8659957578733e-20	KMT2B	c1
1.47320005007097e-24	-0.286682065102276	0.035	0.057	4.94081832792802e-20	PITPNA	c1
1.49509452093634e-24	-0.379952086610466	0.153	0.194	5.01424800431631e-20	MAF	c1
1.5301004599453e-24	-0.328109328822376	0.041	0.064	5.13165092256455e-20	RBM41	c1
1.56645147481549e-24	-0.227957745539347	0.059	0.087	5.2535649562362e-20	DAPP1	c1
1.60989478203498e-24	-0.113875395260138	0.152	0.199	5.39926511998893e-20	PI4KB	c1
1.68541003045583e-24	-0.416738517877342	0.03	0.05	5.65252816014276e-20	CDYL	c1
1.68897633919508e-24	-0.227946887333417	0.067	0.096	5.66448884639245e-20	ERGIC1	c1
1.74464704701948e-24	-0.274458043670048	0.054	0.081	5.85119726629393e-20	OTUD6B	c1
1.85372623338212e-24	-0.659874823374926	0.008	0.021	6.21702704151695e-20	ZNF726	c1
1.91641097462828e-24	-0.277397823437753	0.062	0.091	6.42725912670833e-20	AGTPBP1	c1
1.96906139895083e-24	-0.337762691969726	0.04	0.063	6.60383811980128e-20	TAF1C	c1
2.01869006142146e-24	-0.599621247516797	0.019	0.036	6.77028272799529e-20	LYL1	c1
2.02085957487996e-24	-0.331282413398844	0.036	0.059	6.77755884223239e-20	PDE6B	c1
2.04526651082894e-24	-0.122370436915667	0.366	0.444	6.85941482401809e-20	PSMB8-AS1	c1
2.08514576256155e-24	-0.132198898408861	0.102	0.14	6.99316185847893e-20	NQO2	c1
2.11926389314064e-24	-0.126865016580045	0.666	0.728	7.10758724481508e-20	SFPQ	c1
2.15239159940623e-24	-0.134337949838846	0.133	0.176	7.2186909460886e-20	PMS1	c1
2.20530155772886e-24	-0.144889284657385	0.214	0.27	7.39614036431104e-20	MIA2	c1
2.39800049791093e-24	-0.628442513562127	0.018	0.035	8.04241406989366e-20	TRIM16	c1
2.49145689757626e-24	-1.04350758910386	0.009	0.022	8.35584814309127e-20	CLDN7	c1
2.52692158601356e-24	-0.286546678843221	0.062	0.09	8.47478961517228e-20	PCED1A	c1
2.5684422789553e-24	-0.278165961681904	0.058	0.085	8.61404171516029e-20	IKZF5	c1
2.62385160946863e-24	-0.373365636948833	0.026	0.045	8.7998735278359e-20	MED18	c1
2.6335119397065e-24	0.734814211125305	0.072	0.051	8.83227234338767e-20	AL121944.1	c1
2.71671722424839e-24	-0.168397240772873	0.546	0.619	9.11132622668425e-20	RNF149	c1
2.84148391516986e-24	-0.222146916009245	0.069	0.099	9.52976875469667e-20	CCDC126	c1
2.89794193700654e-24	-0.155000951633003	0.089	0.124	9.71911766833252e-20	CPTP	c1
2.91597014999441e-24	-0.209148586340168	0.053	0.08	9.77958068905124e-20	ING1	c1
2.93145078946962e-24	-0.618489543490693	0.016	0.033	9.8314996577232e-20	TP53INP2	c1
2.96843412475925e-24	-0.114166152102301	0.133	0.176	9.95553436761756e-20	MSH3	c1
2.9704453554189e-24	-0.177967368375877	0.085	0.118	9.9622796330039e-20	PAICS	c1
2.97390870792058e-24	-0.907154726483306	0.018	0.034	9.97389502462406e-20	FRMD4A	c1
2.97515107701196e-24	-0.474201857727745	0.024	0.043	9.97806168208272e-20	MFSD3	c1
3.0440569801797e-24	-0.119056027931329	0.114	0.154	1.02091583001267e-19	SH3GL1	c1
3.14122663396638e-24	-0.280909687757065	0.035	0.057	1.05350458849964e-19	KMT5C	c1
3.15853321268091e-24	-0.297562512394502	0.037	0.059	1.05930886886892e-19	MON1A	c1
3.28605459023464e-24	-0.223697724236636	0.081	0.113	1.10207698847289e-19	MADD	c1
3.30803027723302e-24	-1.11787747516363	0.006	0.018	1.10944719437841e-19	NAT14	c1
3.32403173936832e-24	0.234887772551296	0.48	0.478	1.11481376474935e-19	C19orf70	c1
3.34010188239893e-24	0.110154749656544	0.821	0.816	1.12020336931895e-19	MT-ND6	c1
3.38555730733169e-24	-0.236462865731357	0.086	0.119	1.1354482097329e-19	HDAC5	c1
3.48173636593134e-24	1.44349256356052	0.013	0.005	1.16770474240605e-19	ARHGAP5-AS1	c1
3.49106442583232e-24	-0.254610158216653	0.076	0.107	1.17083318713565e-19	FBXO32	c1
3.62217931420259e-24	0.789152183900774	0.052	0.035	1.21480649839726e-19	CITED4	c1
3.63144526584188e-24	-1.02412708872509	0.008	0.021	1.21791411325805e-19	HIST1H4F	c1
3.6321038477658e-24	-0.413047445857737	0.037	0.06	1.2181349884637e-19	ZER1	c1
3.67511581443104e-24	-0.385438714773414	0.031	0.052	1.23256034184388e-19	KDM1B	c1
3.78039269807744e-24	-0.222056723542068	0.053	0.079	1.26786810308121e-19	ALKBH5	c1
3.82576600768514e-24	-0.267291743505474	0.036	0.058	1.28308540365744e-19	FAM173B	c1
3.83172602167702e-24	-0.107420327755136	0.277	0.346	1.28508427315004e-19	TOR1AIP1	c1
3.90121362120634e-24	-0.186104726214977	0.06	0.089	1.30838902428018e-19	ZNF236	c1
4.0620611239988e-24	-0.39459624552921	0.04	0.064	1.36233405976672e-19	ZNF184	c1
4.09086239576018e-24	-0.648941413647876	0.015	0.031	1.37199343029005e-19	SLC36A1	c1
4.34252041412137e-24	-0.155713499008764	0.121	0.161	1.45639449648803e-19	SCAP	c1
4.36997092335467e-24	0.373537961850509	0.265	0.236	1.46560084827469e-19	RASGEF1B	c1
4.50486889806015e-24	-0.194856480835003	0.059	0.086	1.51084293103141e-19	RINT1	c1
4.52120301372689e-24	-0.468057314552857	0.019	0.036	1.51632106674372e-19	ZNF282	c1
4.56813830859873e-24	-0.24357080993795	0.061	0.09	1.53206222593784e-19	DNAJC14	c1
4.57721284990753e-24	-0.159004229725465	0.115	0.154	1.53510564560199e-19	SLK	c1
4.62484295591782e-24	-1.89899714094951	0.002	0.011	1.55107983055572e-19	FAM81A	c1
4.81043598012847e-24	-0.107568418577368	0.074	0.106	1.61332401901549e-19	NUP85	c1
4.87536756791021e-24	-0.198070188030661	0.074	0.105	1.63510077492573e-19	USF3	c1
4.92409989271042e-24	-0.1192024989277	0.258	0.322	1.65144462201722e-19	C7orf50	c1
5.01000999266674e-24	-0.124466859290771	0.123	0.164	1.68025715134057e-19	ZMYND11	c1
5.05166756955479e-24	-0.130879636005316	0.123	0.164	1.69422826947729e-19	G2E3	c1
5.10234712614715e-24	-0.182209802695849	0.063	0.092	1.71122517916723e-19	ZC3HC1	c1
5.1379465690721e-24	-0.292705373565892	0.041	0.065	1.7231645203354e-19	MCM9	c1
5.22533200147077e-24	-0.41752266628444	0.025	0.045	1.75247184665327e-19	DNAJA4	c1
5.51451677192801e-24	-0.150914785846284	0.112	0.151	1.84945863496922e-19	KIF21B	c1
5.52382964816497e-24	-0.122096224888085	0.131	0.173	1.85258198740157e-19	GOLGA2	c1
5.58703616011383e-24	-0.693226182778413	0.005	0.016	1.87378018737898e-19	TONSL	c1
5.59255211449283e-24	-0.150853919813119	0.375	0.447	1.8756301281586e-19	MRPS6	c1
5.66980928029588e-24	-0.251913879015229	0.043	0.068	1.90154063642563e-19	RNF123	c1
5.79651053041492e-24	-0.70580495169999	0.029	0.049	1.94403370169056e-19	ST8SIA1	c1
5.95083146381401e-24	-0.128408752039442	0.1	0.137	1.99578985633394e-19	RCHY1	c1
5.98046787023959e-24	-0.117291066764651	0.097	0.133	2.00572931432095e-19	CTDSPL2	c1
6.29209816638012e-24	-0.67071728192343	0.025	0.044	2.11024388304057e-19	FBXO2	c1
6.3249588082108e-24	-0.100563065336726	0.207	0.264	2.12126468509774e-19	UNC13D	c1
6.39640377065917e-24	-0.246848121627951	0.074	0.105	2.14522589660367e-19	MCTP2	c1
6.48133992504205e-24	-1.94928446488553	0.002	0.011	2.1737117840606e-19	TMEM244	c1
6.66494136966232e-24	-0.124404782933883	0.571	0.643	2.23528803655735e-19	TBCB	c1
6.86346746025146e-24	-0.156670857167687	0.058	0.086	2.30186971681913e-19	GATC	c1
6.8640068528599e-24	-0.148048228839067	0.095	0.131	2.30205061831215e-19	TYW1	c1
7.19006074642415e-24	-0.173059933719321	0.347	0.416	2.41140257313573e-19	EPB41	c1
7.40231871411686e-24	-0.31800255978912	0.04	0.064	2.48258965034051e-19	TSC1	c1
7.41585639344624e-24	-1.27324350833248	0.005	0.016	2.487129917234e-19	CHKA	c1
7.51991104863426e-24	-0.145325276896858	0.087	0.12	2.52202776749096e-19	GPAT4	c1
7.79945954827026e-24	-0.855869377685178	0.012	0.026	2.61578274329888e-19	FBXO41	c1
7.9910739685205e-24	-0.429972967222552	0.023	0.041	2.68004638756241e-19	HACE1	c1
8.10740477274277e-24	-0.116015195332745	0.41	0.492	2.71906141268247e-19	DDT	c1
8.23635930968689e-24	-0.198138946372017	0.062	0.091	2.76231018528279e-19	NAA35	c1
8.35464277291448e-24	-0.283616292061589	0.042	0.065	2.80198009318006e-19	ACAP3	c1
8.39632487588594e-24	0.351076725479893	0.297	0.272	2.81595943687463e-19	DPYD	c1
8.41241852611329e-24	-0.32679195933013	0.039	0.062	2.82135692528788e-19	AREL1	c1
8.56610795733553e-24	-0.427701374472757	0.021	0.039	2.87290128673119e-19	NUP50-DT	c1
8.59714958264279e-24	-0.281465589408165	0.041	0.065	2.88331202702674e-19	POLR1A	c1
8.61413577845131e-24	-0.280155489715165	0.054	0.08	2.889008857377e-19	RAB2B	c1
8.8187516040728e-24	-2.40998795203367	0.003	0.012	2.95763291297393e-19	TBC1D8	c1
9.05822183433204e-24	-0.131480973519545	0.271	0.335	3.03794643879828e-19	PRKDC	c1
9.29940570240395e-24	-0.285668922792222	0.041	0.064	3.11883468447224e-19	IGHMBP2	c1
9.46765041282751e-24	-0.101870536462687	0.46	0.545	3.17526059545409e-19	RWDD1	c1
9.49792027017768e-24	-0.155787124812144	0.095	0.131	3.18541250021219e-19	C11orf49	c1
9.50589609312499e-24	-0.214737032313658	0.052	0.078	3.18808743171226e-19	LRRC57	c1
9.70512076263051e-24	-0.131647173792135	0.459	0.538	3.25490340137102e-19	PPIG	c1
9.70883497159076e-24	-0.334574684676456	0.044	0.068	3.25614907277211e-19	DNAJC27	c1
9.91345685359744e-24	-0.804237757396044	0.013	0.027	3.32477515955951e-19	AC015912.3	c1
1.00038468148829e-23	-0.119219629552755	0.651	0.716	3.35509014477544e-19	KHDRBS1	c1
1.01798518903718e-23	-0.162800670025355	0.06	0.089	3.4141187269929e-19	ROGDI	c1
1.06450798580565e-23	-0.415098262982045	0.033	0.054	3.570146882795e-19	ENTR1	c1
1.08593534083832e-23	-0.118962067410131	0.095	0.13	3.64200994610355e-19	BRI3	c1
1.08956339602371e-23	-0.510668953997095	0.018	0.034	3.65417771758431e-19	MIR762HG	c1
1.09702944050519e-23	-0.250576436931221	0.037	0.06	3.6792173375663e-19	ZNHIT2	c1
1.13735082129797e-23	-0.45724159427238	0.018	0.035	3.81444718446914e-19	DPYSL2	c1
1.16610746672359e-23	-0.650491684562253	0.013	0.028	3.91089122189758e-19	VPS54	c1
1.1829525233952e-23	-0.695949098956492	0.02	0.037	3.96738617296281e-19	FGL2	c1
1.18964258333323e-23	-0.399099713638735	0.02	0.037	3.98982329598297e-19	ALG14	c1
1.19195891199475e-23	-0.158277481430165	0.095	0.13	3.997591799048e-19	E4F1	c1
1.2207777893624e-23	-0.216515655763802	0.033	0.055	4.09424454996362e-19	FIGNL1	c1
1.24522581335813e-23	0.57491812957408	0.178	0.153	4.17623833284051e-19	MBOAT7	c1
1.24552862540404e-23	-0.599296995762846	0.022	0.04	4.17725390388006e-19	PPARA	c1
1.25386095511555e-23	-0.380222543028979	0.025	0.044	4.20519887126652e-19	DHX57	c1
1.34053065363657e-23	-0.127612616289314	0.345	0.417	4.49587170616633e-19	HMGN3	c1
1.37055414496033e-23	-0.151976532542121	0.147	0.19	4.59656449136794e-19	GSTM1	c1
1.40733736485336e-23	-0.143479795910828	0.089	0.123	4.71992805424521e-19	ABRAXAS2	c1
1.41379316467348e-23	-0.305136025233391	0.024	0.043	4.7415795156819e-19	DCLRE1B	c1
1.41704043108271e-23	-0.935366184388116	0.007	0.02	4.75247019776519e-19	IFNLR1	c1
1.43437489943669e-23	-0.117566551307604	0.109	0.147	4.81060653773077e-19	PPM1D	c1
1.49551474488307e-23	-0.195939626897794	0.105	0.142	5.01565735138883e-19	MINK1	c1
1.50708939801012e-23	-2.23234129174474	0.003	0.013	5.05447642304634e-19	THY1	c1
1.56751463489701e-23	-0.261352461647482	0.041	0.065	5.25713058251759e-19	ZNF518A	c1
1.58124060053076e-23	-0.305709117608505	0.038	0.06	5.30316472606006e-19	GBA2	c1
1.60226832306202e-23	-0.131959147196938	0.083	0.116	5.37368750188542e-19	PAFAH1B2	c1
1.60862371145012e-23	-0.136985383788212	0.09	0.125	5.39500220346142e-19	EIF4E3	c1
1.64405894044926e-23	-0.119157116563958	0.105	0.142	5.51384487447873e-19	DCAF6	c1
1.67184530255209e-23	-0.174239448434018	0.187	0.236	5.6070347756992e-19	HOXB2	c1
1.69001557644461e-23	-0.105669286083604	0.13	0.172	5.66797424027992e-19	KIFAP3	c1
1.73388214442636e-23	-0.117237780226088	0.077	0.109	5.81509393597714e-19	ANAPC10	c1
1.75888181034242e-23	-0.302273930076668	0.042	0.065	5.89893781552641e-19	C2orf42	c1
1.89309220357641e-23	1.37208502291888	0.014	0.006	6.34905263235457e-19	IGF1R	c1
1.91478671299939e-23	-0.129757940445454	0.102	0.139	6.42181167805735e-19	PSMD5	c1
1.98293241517345e-23	-0.240916802596188	0.058	0.085	6.65035873400871e-19	MED13L	c1
2.07558685568169e-23	-0.285352232078672	0.027	0.046	6.96110319658526e-19	BYSL	c1
2.11235233769426e-23	-0.786698524247056	0.011	0.025	7.084407270159e-19	AL021453.1	c1
2.12453799181301e-23	-0.10956578673364	0.094	0.129	7.12527551694248e-19	EXOC6	c1
2.14216904313019e-23	-0.190350879459681	0.063	0.092	7.18440653685003e-19	MANEA	c1
2.28239999612812e-23	-0.402533738334025	0.03	0.05	7.6547131070145e-19	PCCA	c1
2.36778654681751e-23	-0.138470969035786	0.118	0.157	7.94108252071658e-19	WASHC2A	c1
2.42318921491102e-23	-0.31468083949085	0.051	0.076	8.12689198896857e-19	GRAP	c1
2.49345860777281e-23	-0.136799779499831	0.329	0.4	8.36256147874846e-19	ABI1	c1
2.49693529915454e-23	-0.147665706206922	0.225	0.281	8.37422160630451e-19	PLCG1	c1
2.52862593535108e-23	-0.196317887816158	0.082	0.113	8.48050566198046e-19	LPAR5	c1
2.65702423452215e-23	-0.140686961716977	0.055	0.082	8.91112787774038e-19	COQ2	c1
2.73653384784853e-23	-0.190499173054562	0.063	0.092	9.17778721891441e-19	NR2C1	c1
2.79527293462026e-23	1.10091966883611	0.019	0.009	9.37478636812944e-19	CCND1	c1
2.87178577516472e-23	-0.14056955836	0.083	0.116	9.63139513274745e-19	MUL1	c1
2.94901824392544e-23	-0.455651047602229	0.021	0.038	9.89041738647713e-19	AC009061.2	c1
2.95217095105715e-23	-0.148083991647239	0.073	0.104	9.90099093565547e-19	PECR	c1
2.99313064742719e-23	-0.20965342473873	0.052	0.078	1.00383615653413e-18	CDPF1	c1
3.05238440784732e-23	-0.116260322475008	0.315	0.387	1.02370868270383e-18	LUC7L2	c1
3.08015246177458e-23	-0.140258535615839	0.098	0.134	1.03302153262996e-18	TIMM10B	c1
3.1137072091061e-23	-0.10333920572289	0.193	0.246	1.04427512379e-18	SINHCAF	c1
3.17981180956297e-23	-0.156676727155634	0.151	0.195	1.06644528469123e-18	FBXO3	c1
3.21175245456574e-23	-0.628231451811295	0.014	0.028	1.07715753821226e-18	AL355001.2	c1
3.21749498026229e-23	-0.235854895808045	0.059	0.086	1.07908346648037e-18	DHX40	c1
3.26732900292024e-23	-0.141044681531063	0.097	0.132	1.09579680099939e-18	ANKRD27	c1
3.27872527337326e-23	-0.1020282386529	0.24	0.302	1.09961888218392e-18	CRBN	c1
3.29810097960488e-23	-0.260423117314298	0.047	0.072	1.10611710653988e-18	SPATA20	c1
3.34898278762149e-23	-0.174960663833403	0.064	0.093	1.1231818473125e-18	PDSS2	c1
3.43646629427903e-23	-0.147713423204173	0.523	0.6	1.1525220657753e-18	C9orf78	c1
3.4447383771941e-23	-0.393252250263618	0.015	0.031	1.15529635694336e-18	SRR	c1
3.50272172027844e-23	-0.111670981583045	0.085	0.119	1.17474281054698e-18	MRM3	c1
3.6466287382025e-23	-0.123047813346528	0.445	0.532	1.22300634621836e-18	OCIAD1	c1
3.80841583481721e-23	-0.16018043248496	0.094	0.128	1.277266502681e-18	THAP6	c1
3.82000247500487e-23	-0.242161457996536	0.06	0.087	1.28115243006713e-18	MHENCR	c1
3.83504719438975e-23	-0.526556119293147	0.037	0.059	1.28619812805443e-18	MLF1	c1
3.91636885515267e-23	-0.373583121578745	0.028	0.047	1.3134717866411e-18	DHTKD1	c1
3.94629498149534e-23	-0.183739899580501	0.076	0.107	1.32350841089391e-18	ZNF362	c1
4.02597451358491e-23	-0.222205131825502	0.079	0.11	1.35023133236611e-18	ERCC6L2	c1
4.02952861121254e-23	-0.101692195802938	0.881	0.908	1.35142330562846e-18	TMBIM6	c1
4.32247943888754e-23	-0.104984276217643	0.327	0.401	1.4496731542141e-18	COPB1	c1
4.33986099281729e-23	-0.223467004278509	0.032	0.053	1.45550257977106e-18	CEP85	c1
4.38204777131865e-23	-0.188672068976013	0.04	0.063	1.46965118154485e-18	LIAS	c1
4.38342128720917e-23	1.08437978929626	0.028	0.015	1.47011183130421e-18	C10orf91	c1
4.44484111528762e-23	-0.12346842689358	0.072	0.102	1.49071081324516e-18	CYREN	c1
4.67410778456862e-23	-0.111812823768655	0.158	0.204	1.56760226878863e-18	GTPBP4	c1
4.74662100617484e-23	-0.605180936787202	0.02	0.037	1.59192175305092e-18	AL022328.4	c1
4.89478273194432e-23	-0.117517435083859	0.132	0.174	1.64161223263949e-18	BCL10	c1
4.96658028510962e-23	-0.300376299571283	0.03	0.05	1.66569169602006e-18	SLC37A4	c1
5.00409900330175e-23	0.639983435931859	0.076	0.055	1.67827472372734e-18	BX284668.5	c1
5.02179912198512e-23	-0.197553603364424	0.09	0.124	1.68421098953137e-18	AVL9	c1
5.0757137492068e-23	-0.37602521881032	0.233	0.275	1.70229287720898e-18	TNFSF9	c1
5.09885652008461e-23	0.35946516908001	0.341	0.328	1.71005449970598e-18	SND1	c1
5.12769735729997e-23	-0.100798084126996	0.266	0.332	1.71972713969126e-18	AK2	c1
5.16363782944956e-23	-0.300432454103262	0.016	0.032	1.73178085524079e-18	C17orf58	c1
5.34840367726918e-23	-1.36957349608067	0.003	0.013	1.79374762528254e-18	PINLYP	c1
5.5011282074852e-23	-0.128989170577278	0.064	0.093	1.84496837822639e-18	TOE1	c1
5.53709875162016e-23	-0.246497375421877	0.039	0.062	1.85703217931837e-18	GNPNAT1	c1
5.60548835975667e-23	-0.202861287917568	0.088	0.121	1.87996868609519e-18	STRIP1	c1
5.72584916115538e-23	-0.113176920540867	0.342	0.418	1.92033529166829e-18	PPCS	c1
5.74035132685694e-23	-0.109550344334822	0.178	0.228	1.92519902800128e-18	FAM129A	c1
5.81015456231332e-23	0.358012095227572	0.306	0.287	1.94860963710864e-18	NPC2	c1
6.17633216103171e-23	-0.266789067184683	0.052	0.078	2.07141828016681e-18	INTS1	c1
6.36855790928749e-23	-0.136033066256822	0.401	0.478	2.13588695161684e-18	PNN	c1
6.59050320210005e-23	1.61526216343948	0.011	0.004	2.21032296392031e-18	SPATA6	c1
6.66714103571248e-23	-0.44197618620302	0.031	0.052	2.23602576055725e-18	TEP1	c1
6.73995784732662e-23	-0.386728102631387	0.02	0.037	2.2604470628364e-18	FBXO46	c1
6.74710246527302e-23	0.548500053709006	0.233	0.206	2.26284322480326e-18	CDKN1A	c1
6.80306382428096e-23	-0.12712873006756	0.05	0.075	2.28161154538735e-18	CEP295	c1
6.81566719053526e-23	-0.331225005337682	0.022	0.04	2.28583846236171e-18	ENDOG	c1
6.90461759039338e-23	-1.044465442784	0.006	0.017	2.31567064746613e-18	AC009948.1	c1
6.91393157470225e-23	-0.275806007862622	0.041	0.064	2.31879437152364e-18	ZNF317	c1
6.95243287108027e-23	-0.174171366409932	0.065	0.094	2.3317069363029e-18	TMEM185A	c1
7.14785632649495e-23	-0.125045270109385	0.119	0.158	2.39724805477988e-18	RAP2C	c1
7.2197899527219e-23	-0.113931167116617	0.27	0.334	2.42137315434387e-18	RRP7A	c1
7.28987656779895e-23	-0.127924360061324	0.135	0.177	2.44487880330841e-18	RLF	c1
7.48572694441612e-23	-0.386052020457012	0.032	0.052	2.51056310261828e-18	TTPAL	c1
7.82876845242707e-23	-0.15350687460594	0.13	0.17	2.62561236357499e-18	ARID2	c1
7.9867129752666e-23	-0.221365870326794	0.112	0.149	2.67858379764491e-18	TTC13	c1
8.10603801667258e-23	-0.17848448697689	0.08	0.111	2.71860303003165e-18	TRAK2	c1
8.28744911583084e-23	-0.633151015026137	0.015	0.03	2.77944468446735e-18	FKBP1B	c1
8.37188301271331e-23	0.753020998861389	0.072	0.052	2.80776212480379e-18	CALHM6	c1
8.56181999570756e-23	-0.276213658303191	0.051	0.076	2.8714631901604e-18	ZFAND4	c1
8.67031398359507e-23	-0.125053358783872	0.341	0.412	2.90784990381811e-18	AKAP9	c1
8.814116222449e-23	0.16731853465156	0.617	0.631	2.95607829868495e-18	TOMM20	c1
9.1608774848829e-23	-1.69895692144898	0.001	0.01	3.07237509088003e-18	HIST1H2BL	c1
9.34931942421972e-23	-0.16646721170066	0.088	0.121	3.13557474849481e-18	TMEM41B	c1
9.74311310631451e-23	-0.157853988121815	0.098	0.133	3.26764527359576e-18	TMEM127	c1
9.8030663988501e-23	-0.301783933434646	0.048	0.072	3.28775240884635e-18	GATD3A	c1
9.82659972021963e-23	-0.494754227062796	0.011	0.025	3.29564501416726e-18	RPP25	c1
9.85710662008393e-23	-0.398305924270516	0.026	0.044	3.30587641824375e-18	TNPO2	c1
9.93733003552099e-23	-0.402280335827655	0.033	0.054	3.33278174731303e-18	CARF	c1
1.05157036439987e-22	-0.493800631661564	0.02	0.037	3.5267566881243e-18	KIAA0556	c1
1.05412372317891e-22	-0.286949262563842	0.055	0.08	3.53532014279744e-18	TRIM23	c1
1.07063731011112e-22	-0.106301409896521	0.268	0.332	3.59070341065068e-18	UBTF	c1
1.072627275877e-22	-0.410659952732034	0.035	0.056	3.59737735783629e-18	ALDH5A1	c1
1.08782546059833e-22	0.858971161925872	0.033	0.02	3.64834902975469e-18	NR3C2	c1
1.10930866322045e-22	-0.210363420711884	0.053	0.079	3.72039939470874e-18	PARG	c1
1.11078943469712e-22	-0.111702512344038	0.206	0.26	3.7253656060872e-18	SDR39U1	c1
1.1132677239469e-22	-0.156089375359827	0.082	0.113	3.73367729257311e-18	FEM1B	c1
1.14199294657171e-22	0.776444027876459	0.053	0.035	3.83001594421221e-18	SEC14L2	c1
1.14615322604841e-22	-0.125152479933412	0.264	0.328	3.84396868952115e-18	U2AF2	c1
1.15403715313274e-22	-0.105565602256992	0.398	0.48	3.8704098041766e-18	TCF25	c1
1.15542101533425e-22	-0.154533315268017	0.084	0.116	3.87505100122799e-18	MSL1	c1
1.1740021034961e-22	-0.182979741500837	0.077	0.108	3.93736825470523e-18	PDP1	c1
1.20655836347512e-22	-0.172571909591627	0.119	0.157	4.04655543942287e-18	HIC1	c1
1.20969473471892e-22	-0.216002328030922	0.063	0.091	4.05707420130031e-18	PLCL2	c1
1.21222686267043e-22	-0.177868250397515	0.065	0.093	4.0655664520241e-18	FUT11	c1
1.26660996575754e-22	-0.107831670398669	0.21	0.266	4.24795650315765e-18	CLK3	c1
1.28127834873636e-22	-2.50773986541537	0.001	0.01	4.29715132599202e-18	ASIC1	c1
1.28691616221727e-22	-0.101448279525941	0.184	0.235	4.31605942484428e-18	LENG1	c1
1.2887111236631e-22	-0.165960328532196	0.071	0.1	4.32207936654131e-18	R3HCC1L	c1
1.29148713578721e-22	-0.661047154931866	0.015	0.03	4.33138955600316e-18	NAPB	c1
1.30230615551306e-22	-0.117493039807188	0.319	0.39	4.36767438435969e-18	TMX1	c1
1.33247078642127e-22	-0.133782960874173	0.133	0.173	4.46884052349967e-18	DUSP22	c1
1.38173696496014e-22	-0.188519591689788	0.06	0.087	4.63406943308332e-18	SLC25A53	c1
1.40026721444947e-22	-0.155622684447946	0.093	0.127	4.69621618382062e-18	TBC1D23	c1
1.41204172381276e-22	-0.194309909639852	0.084	0.116	4.73570553332323e-18	TRAPPC9	c1
1.41819373039707e-22	-0.513053345812454	0.024	0.042	4.75633813300571e-18	C11orf21	c1
1.41916309442003e-22	-0.201994485495025	0.047	0.072	4.75958918606591e-18	QKI	c1
1.42734960540334e-22	-0.352638721266973	0.029	0.049	4.78704510660173e-18	SLX4IP	c1
1.48380290767789e-22	-0.143864605077592	0.138	0.18	4.97637819177009e-18	RPRD2	c1
1.53413365806707e-22	-0.118549495978022	0.199	0.252	5.14517746242536e-18	ELMO1	c1
1.56746096963543e-22	-0.138103496440823	0.064	0.092	5.25695059996331e-18	MCEE	c1
1.57536186638426e-22	-0.221521215872585	0.04	0.063	5.28344862747952e-18	ELAC1	c1
1.61358359119092e-22	-0.122361926172025	0.133	0.175	5.41163664813611e-18	TBC1D17	c1
1.65306369636595e-22	-0.110275448356019	0.147	0.191	5.54404502487213e-18	UBA7	c1
1.67560148064348e-22	-0.13486514510182	0.065	0.093	5.61963224578209e-18	EHBP1L1	c1
1.74895846462676e-22	-0.596997913517105	0.018	0.035	5.86565689866523e-18	TBC1D2	c1
1.75082150393899e-22	-0.186020086380891	0.193	0.242	5.87190515991059e-18	CDIP1	c1
1.80930069053419e-22	-0.128094984359568	0.087	0.12	6.06803265591358e-18	GABPA	c1
1.85887967256529e-22	-0.448073514614913	0.019	0.036	6.23431064584947e-18	PAXIP1	c1
1.88660444937482e-22	-0.18153313535549	0.1	0.134	6.32729400231327e-18	GALNT11	c1
1.91153685463122e-22	-0.127218020057821	0.441	0.523	6.4109123030622e-18	PSMF1	c1
2.02460529260488e-22	-0.382301199240004	0.029	0.048	6.79012123033824e-18	ZMYM3	c1
2.05036168216688e-22	-0.184354543667074	0.064	0.091	6.87650300965129e-18	CEP164	c1
2.06594948668705e-22	-0.181183739228103	0.053	0.078	6.92878138845103e-18	SPATA2	c1
2.06740066427087e-22	-0.103959602323999	0.205	0.26	6.93364834783164e-18	KLHDC2	c1
2.07978721325071e-22	-0.346749358775861	0.024	0.042	6.97519035580022e-18	TERF2	c1
2.09175978729222e-22	-0.218827995110893	0.037	0.058	7.01534397462066e-18	MAPK7	c1
2.09569920053935e-22	-0.107169871020379	0.089	0.123	7.02855597876887e-18	ALDH18A1	c1
2.10233162957376e-22	-0.170087383328661	0.063	0.09	7.05079981926449e-18	GTF3C3	c1
2.12203257341341e-22	-0.169645119056242	0.111	0.147	7.11687284471388e-18	BRAF	c1
2.1670265866174e-22	-0.13620559645324	0.189	0.238	7.26777376619743e-18	NUMA1	c1
2.28400184745795e-22	-0.104370593491449	0.124	0.164	7.66008539600448e-18	STYX	c1
2.29515486302735e-22	-0.126874290538255	0.354	0.429	7.69749037962112e-18	ZNF428	c1
2.29679064619571e-22	-0.525493672011336	0.027	0.045	7.70297646921116e-18	KIAA0355	c1
2.32750582424048e-22	0.445631006454076	0.235	0.211	7.80598903333771e-18	UBXN11	c1
2.35061541908187e-22	-0.407422589338948	0.025	0.044	7.88349399251677e-18	ATP11C	c1
2.46952016934627e-22	1.52835997847917	0.012	0.005	8.2822767439535e-18	MB21D2	c1
2.5604576560029e-22	-0.551813705766158	0.018	0.034	8.58726288670254e-18	AHDC1	c1
2.72923117234683e-22	-0.197287944391322	0.031	0.051	9.15329550581678e-18	CLPB	c1
2.74974569136771e-22	-0.11769626919776	0.337	0.411	9.22209709970902e-18	PSMD6	c1
2.75240785508629e-22	-0.128082101617582	0.137	0.178	9.23102546438839e-18	PARP4	c1
2.88789656917251e-22	-0.421008744779621	0.042	0.065	9.68542751369075e-18	TCP11L2	c1
2.89894158266232e-22	-0.105503955595332	0.146	0.189	9.72247027993289e-18	DDIT3	c1
2.90508461208587e-22	-0.200908851392647	0.038	0.06	9.74307277201357e-18	RBM45	c1
2.93445749342528e-22	-0.370020518774363	0.039	0.061	9.8415835414497e-18	TRIM35	c1
2.95073033857322e-22	-0.434297655598558	0.023	0.04	9.89615940950686e-18	ZKSCAN5	c1
2.96577312718471e-22	-0.199921098334402	0.07	0.099	9.94660991395209e-18	HMBOX1	c1
3.00481514003832e-22	-0.167380988757248	0.066	0.095	1.00775490166605e-17	HPS6	c1
3.15491720819049e-22	-0.354432130552204	0.031	0.051	1.05809613328293e-17	STK11	c1
3.20941150604842e-22	-0.20061139580096	0.06	0.087	1.07637243089852e-17	NHLRC2	c1
3.2888053158609e-22	-0.130885936684589	0.562	0.641	1.10299952683343e-17	DPP7	c1
3.29965805077535e-22	-0.315379867338582	0.027	0.046	1.10663931706904e-17	SLC31A1	c1
3.32926828446283e-22	-0.135551841140655	0.085	0.117	1.11656999724314e-17	NISCH	c1
3.57930897416811e-22	-0.218109646857257	0.04	0.062	1.2004286437565e-17	FAIM	c1
3.77622928387703e-22	-0.103058439813202	0.126	0.166	1.26647177722668e-17	IKBKB	c1
3.7870828125859e-22	-1.97526580946662	0.002	0.011	1.27011183368506e-17	P2RY14	c1
3.79325843848131e-22	-0.309810663863021	0.035	0.056	1.27218301509786e-17	DEPDC5	c1
3.8485188513177e-22	-0.244357264786351	0.031	0.051	1.29071625235493e-17	SLC25A14	c1
3.87211260371248e-22	-0.180926943452902	0.031	0.051	1.29862912503309e-17	MMS22L	c1
3.89347045076525e-22	-0.439374500033217	0.019	0.035	1.30579211977765e-17	ADAL	c1
4.04477052317446e-22	-0.18010884034903	0.058	0.084	1.35653513806225e-17	NUP188	c1
4.22465314578336e-22	-0.107243372391384	0.72	0.767	1.41686417203282e-17	NDUFA1	c1
4.243217832466e-22	-0.30268477615811	0.052	0.077	1.42309039665245e-17	ERV3-1	c1
4.47357833538542e-22	-0.145044637643887	0.081	0.112	1.50034870212156e-17	OSBPL2	c1
4.48643824096171e-22	-0.434567751941188	0.033	0.054	1.50466165725374e-17	PAFAH2	c1
4.64066901073834e-22	-0.460862491783324	0.022	0.04	1.55638757282142e-17	FBF1	c1
4.80804930761262e-22	-1.90739311106804	0.001	0.01	1.61252357678712e-17	SLC17A9	c1
4.97628280695162e-22	-0.13549030146625	0.061	0.088	1.66894572779543e-17	DUS1L	c1
5.09600847764746e-22	-0.125810234205793	0.077	0.107	1.7090993232334e-17	KLHL18	c1
5.13339732918661e-22	-0.161634281740404	0.095	0.128	1.7216387962626e-17	INO80D	c1
5.15099411029718e-22	-0.174812143145155	0.091	0.123	1.72754040471147e-17	CEP120	c1
5.38823050776148e-22	-0.187085911699861	0.064	0.091	1.80710474769304e-17	MCCC1	c1
5.48930116578232e-22	-0.125773285034008	0.085	0.117	1.84100182498007e-17	ZNF226	c1
5.51279691469153e-22	-0.257660035796523	0.09	0.121	1.84888182924924e-17	ARHGEF9	c1
5.5362660777293e-22	-0.240664630109039	0.038	0.06	1.85675291714885e-17	ACER3	c1
5.64425863654524e-22	-0.278484056539235	0.054	0.079	1.89297146152454e-17	ABCC10	c1
5.79433740711347e-22	-0.690401258667883	0.01	0.023	1.94330487959771e-17	P4HA2	c1
5.890409467845e-22	-0.12863381911963	0.109	0.145	1.97552552732586e-17	C6orf47	c1
6.19880046871297e-22	-0.424926387489533	0.026	0.044	2.07895370119696e-17	P2RX7	c1
6.20545635909486e-22	-0.862732092336161	0.008	0.021	2.08118595371323e-17	SLX1A	c1
6.2201548372715e-22	-0.103257098960109	0.119	0.157	2.08611552932412e-17	PCNX4	c1
6.57547537101743e-22	-0.191057390439242	0.045	0.069	2.20528292993183e-17	HDAC6	c1
6.77049239883955e-22	-0.285534066100134	0.057	0.082	2.27068774072281e-17	ZDHHC17	c1
6.97016461503761e-22	-2.56097392220966	0.002	0.01	2.33765380859132e-17	DLGAP1	c1
7.10873041750328e-22	-0.140028796972507	0.321	0.389	2.38412600742225e-17	KCNAB2	c1
7.12294107723636e-22	-0.790946947792308	0.007	0.019	2.38889197848353e-17	AL034549.1	c1
7.15028398059761e-22	-0.188933386284886	0.048	0.072	2.39806224141283e-17	FAM69A	c1
7.2810307111069e-22	-0.123807423182842	0.385	0.464	2.44191207989103e-17	TMEM9B	c1
7.37949794782756e-22	-0.186679448769256	0.041	0.064	2.47493602174241e-17	NOM1	c1
7.50894586754076e-22	-0.202553348616977	0.534	0.592	2.51835026505582e-17	HSPD1	c1
7.62234613275472e-22	-0.309274297522544	0.038	0.059	2.55638244600328e-17	PANX1	c1
7.68744585488422e-22	-0.236691897530156	0.075	0.104	2.57821559081107e-17	PCMTD2	c1
7.95216241311965e-22	-0.14517120549024	0.042	0.065	2.66699623011207e-17	MCAT	c1
7.97718261823863e-22	-0.183230367617166	0.044	0.067	2.67538750650487e-17	BRF2	c1
8.0328458419052e-22	-0.184492497113892	0.178	0.223	2.69405583845817e-17	DNAJC9	c1
8.33508563954901e-22	-0.160190059196106	0.13	0.168	2.79542102179195e-17	IGF2R	c1
8.42311482639191e-22	-0.106040066352794	0.142	0.184	2.82494425047532e-17	SIN3A	c1
8.42493835491987e-22	-0.355145656596462	0.023	0.041	2.82555582547303e-17	SNHG19	c1
8.97603585335322e-22	-0.155098237600952	0.074	0.104	3.0103829044976e-17	SMARCAL1	c1
9.06396713163336e-22	-0.104352788624147	0.097	0.131	3.0398732966072e-17	BAG4	c1
9.0921921570789e-22	-1.200252545155	0.004	0.014	3.04933940564112e-17	AL355338.1	c1
9.18644232633611e-22	-0.597740646339745	0.016	0.032	3.0809490274066e-17	ZSCAN29	c1
9.33288531131576e-22	0.604420297149126	0.087	0.065	3.13006307570908e-17	F11R	c1
9.39310341498878e-22	-0.123199945756469	0.993	0.99	3.15025902331894e-17	UBC	c1
9.62864512923634e-22	-0.267277155289449	0.046	0.069	3.22925500344328e-17	CIC	c1
9.73220410897129e-22	-0.212926448735967	0.062	0.089	3.26398661406679e-17	VPS8	c1
1.01483920337328e-21	-0.189477108771626	0.071	0.1	3.40356772027331e-17	C7orf43	c1
1.01857580024274e-21	-0.203075436122392	0.054	0.08	3.41609951885409e-17	ZNF124	c1
1.02100287242243e-21	-1.56645487762139	0.003	0.012	3.42423943353034e-17	NTRK1	c1
1.04540520127217e-21	-0.122901915736122	0.093	0.126	3.50607996402661e-17	TMEM209	c1
1.07322230676535e-21	-0.136693971178452	0.647	0.724	3.59937297242963e-17	STK4	c1
1.07701953845719e-21	0.482204144131529	0.159	0.133	3.61210812807771e-17	DBNDD2	c1
1.0802491044114e-21	-1.15228587398055	0.005	0.015	3.62293944637494e-17	KCNK12	c1
1.08348087693544e-21	-0.213654241041497	0.048	0.071	3.63377816506607e-17	EIF2AK3	c1
1.09948430441317e-21	-0.470088430031734	0.02	0.036	3.68745046014089e-17	FXR2	c1
1.10437440560702e-21	-0.661255219721776	0.02	0.036	3.70385088152483e-17	GFPT2	c1
1.1226599362169e-21	-0.400119687923487	0.025	0.043	3.76517689408426e-17	MAPKBP1	c1
1.12924183490853e-21	-0.272168301806113	0.047	0.071	3.78725126591621e-17	UBE2O	c1
1.13280333136539e-21	0.860656370644042	0.032	0.019	3.79919581273324e-17	OBSCN	c1
1.13315298964074e-21	-0.266194288281358	0.048	0.072	3.80036849665712e-17	IQSEC1	c1
1.13853306126772e-21	-0.153828575394286	0.113	0.15	3.81841218087967e-17	KLHL36	c1
1.14156376288565e-21	-0.167226280742901	0.057	0.083	3.8285765479659e-17	DPH2	c1
1.16204433372148e-21	-1.06809874283048	0.004	0.014	3.89726428643509e-17	CBR3	c1
1.16603983729185e-21	0.594908545491121	0.074	0.053	3.91066440630941e-17	TRAV8-4	c1
1.19234571709872e-21	0.383428285670204	0.324	0.307	3.99888906600569e-17	PPP1R10	c1
1.25602898716247e-21	-0.211732939302048	0.105	0.14	4.2124700171455e-17	DUSP16	c1
1.31506279477488e-21	-0.102232328765453	0.271	0.333	4.41045760111599e-17	NFKB1	c1
1.32823073822203e-21	-0.123764150214531	0.48	0.56	4.45462024984906e-17	PET100	c1
1.35064214990314e-21	-0.107157549483634	0.122	0.16	4.52978364234514e-17	ZNF107	c1
1.40559696148844e-21	-0.119576297219793	0.214	0.268	4.71409108943993e-17	CNOT4	c1
1.41513116094681e-21	-0.489905303802753	0.014	0.028	4.74606688758342e-17	CARM1	c1
1.41615931963436e-21	-0.127189338579297	0.075	0.105	4.74951512618971e-17	TMA16	c1
1.43373466566532e-21	-0.336842943313849	0.031	0.05	4.80845932170835e-17	SLC10A7	c1
1.43828866031589e-21	-0.120771461219916	0.107	0.143	4.82373250896743e-17	EXOC1	c1
1.44243249995748e-21	-0.146985076630496	0.07	0.098	4.83763011835739e-17	SPECC1L	c1
1.47190688634112e-21	-0.174896819233055	0.082	0.113	4.93648131541086e-17	SACS	c1
1.47622305113186e-21	-0.46587296121553	0.015	0.03	4.95095686888604e-17	AC244090.1	c1
1.47793315247544e-21	0.983116767821959	0.029	0.017	4.95669220677212e-17	PCAT1	c1
1.51773025206438e-21	-0.143741678108297	0.053	0.078	5.09016371937353e-17	OPA3	c1
1.53735382747385e-21	-0.232973987272978	0.039	0.06	5.15597726658181e-17	ZADH2	c1
1.57557556384297e-21	-0.179074803512935	0.062	0.089	5.28416532601654e-17	MIEF1	c1
1.60869540032209e-21	-0.135724214539624	0.084	0.116	5.39524263360022e-17	PRKCZ	c1
1.62458913957435e-21	-0.155544292798439	0.05	0.074	5.44854705630446e-17	ARL8A	c1
1.63198542358065e-21	-0.301292590231045	0.021	0.038	5.47335271360478e-17	FBXO45	c1
1.69307415826399e-21	-0.19662267775322	0.063	0.09	5.67823211198578e-17	THEMIS2	c1
1.73350072179488e-21	-0.308973786879835	0.027	0.046	5.81381472075566e-17	RTN4IP1	c1
1.77979110573315e-21	-0.356888225331267	0.046	0.069	5.96906341040784e-17	SYNGAP1	c1
1.81582675347056e-21	0.505126091767974	0.148	0.122	6.08991976578957e-17	SMIM3	c1
1.90169866514272e-21	-0.244227081406614	0.06	0.086	6.37791698315564e-17	KDM3B	c1
1.95377811615645e-21	-0.2010164490643	0.059	0.085	6.55258104596549e-17	RFXAP	c1
1.95647765396874e-21	-0.449936684841099	0.013	0.026	6.56163475588038e-17	AL031777.3	c1
1.99192430268148e-21	-0.158682242845585	0.121	0.159	6.68051572633315e-17	ANKZF1	c1
2.02603675015158e-21	-0.772650125205413	0.009	0.021	6.79492205265837e-17	NR1H3	c1
2.07243451042199e-21	-0.233850480920088	0.043	0.066	6.95053086105325e-17	TMCO3	c1
2.10153513864572e-21	-0.185413795029235	0.051	0.075	7.04812854799003e-17	SCRN3	c1
2.28269863640244e-21	-0.334678539110582	0.029	0.047	7.65571468676652e-17	AP4E1	c1
2.28664232091123e-21	-0.140083633506658	0.065	0.093	7.66894101587209e-17	MAP4K4	c1
2.36553443464854e-21	-0.21954004497103	0.054	0.079	7.93352938692427e-17	CCDC9	c1
2.37086423041819e-21	-0.394673732320629	0.031	0.05	7.95140445597651e-17	VAMP1	c1
2.39309597631536e-21	-0.114761562771391	0.526	0.605	8.02596528536646e-17	ATP6V1F	c1
2.43153334635664e-21	-0.888322028473818	0.009	0.022	8.1548765370109e-17	NSMF	c1
2.4792706212554e-21	-0.114248801784246	0.099	0.133	8.31497780956637e-17	GPATCH2L	c1
2.48120634058485e-21	-0.187654615074293	0.039	0.061	8.32146982505346e-17	GSK3A	c1
2.55393620187789e-21	-0.137815495160826	0.106	0.141	8.56539123385807e-17	NUP133	c1
2.56742544677114e-21	-0.110989710495219	0.16	0.205	8.61063146338103e-17	TCF12	c1
2.61441470409177e-21	-0.152232808312902	0.384	0.451	8.76822403458296e-17	CCT5	c1
2.66207439381667e-21	0.510629088534662	0.111	0.087	8.92806510198234e-17	NLRP6	c1
2.6655961309836e-21	-0.148043384181303	0.06	0.086	8.9398763040928e-17	PPOX	c1
2.68730443317122e-21	-0.160802320463461	0.093	0.125	9.01268160796965e-17	WDR36	c1
3.00893015244218e-21	-0.575182897625229	0.044	0.065	1.00913499452606e-16	TRBV7-9	c1
3.17237619451502e-21	-0.129128138671213	0.447	0.522	1.06395152811645e-16	MAGOH	c1
3.20916242114626e-21	-1.34935192455459	0.003	0.012	1.07628889280403e-16	DGUOK-AS1	c1
3.24256130829287e-21	-0.153480242932304	0.101	0.135	1.08749021157526e-16	AKAP10	c1
3.2982407612661e-21	-0.101864036381205	0.252	0.312	1.10616398651342e-16	BUD23	c1
3.34968133298444e-21	-0.22650116705197	0.671	0.706	1.12341612545632e-16	ITM2A	c1
3.37316102818354e-21	-0.151639015639161	0.054	0.079	1.1312907456322e-16	LIN52	c1
3.37420579974084e-21	-0.117292216045115	0.435	0.511	1.13164114111708e-16	ELOC	c1
3.41537319190436e-21	-0.812100347976664	0.035	0.054	1.14544786110089e-16	TRAV14DV4	c1
3.43419150450706e-21	-0.188301563505492	0.053	0.078	1.15175914678158e-16	CAMKK2	c1
3.47182790076502e-21	-0.153335175620978	0.072	0.101	1.16438164135857e-16	MTFMT	c1
3.644668073659e-21	-0.108849685702368	0.211	0.264	1.22234877854376e-16	GLS	c1
3.6477950689845e-21	-0.283217359623218	0.08	0.109	1.22339751023602e-16	PAM	c1
3.68037870887531e-21	-0.109890716158296	0.146	0.187	1.2343254113826e-16	GNB5	c1
3.85293863177575e-21	-1.70429879973442	0.002	0.01	1.29219855832495e-16	PPARG	c1
3.93587147092858e-21	-0.109442635882297	0.367	0.443	1.32001257392003e-16	KDELR2	c1
3.94270430590512e-21	-0.443571764137299	0.026	0.044	1.32230417011446e-16	ACTR3C	c1
3.98972919613727e-21	-0.134080721763265	0.087	0.119	1.33807537780052e-16	RRP1	c1
3.99011737584648e-21	-0.104222149442687	0.835	0.87	1.33820556551139e-16	CYTIP	c1
4.01752986245411e-21	-0.765150786024427	0.011	0.024	1.34739916526986e-16	PITPNM2	c1
4.05194985247773e-21	0.317721645605306	0.388	0.379	1.35894294152398e-16	CEBPB	c1
4.09717411963869e-21	1.64482926348298	0.012	0.005	1.37411025624442e-16	ACE	c1
4.2099590110796e-21	-0.284708653145837	0.04	0.061	1.41193605313588e-16	ZCCHC2	c1
4.30137141568617e-21	-0.131632551039638	0.586	0.641	1.44259394539283e-16	ERH	c1
4.33694519833534e-21	-0.252493943163808	0.036	0.056	1.45452468061771e-16	FAM24B	c1
4.3728120967294e-21	-0.101087719392106	0.157	0.201	1.46655372100111e-16	RIF1	c1
4.405088788162e-21	-0.353435508018067	0.032	0.051	1.47737867777377e-16	ASH1L-AS1	c1
4.48524056159846e-21	-0.206112968645459	0.062	0.088	1.50425997954889e-16	ZNF574	c1
4.49652929462396e-21	-0.128452457845949	0.081	0.111	1.50804599483098e-16	C21orf2	c1
4.6166743794694e-21	-0.238013213509565	0.023	0.04	1.54834025338645e-16	FAM216A	c1
4.73899201197494e-21	1.30158184712556	0.025	0.014	1.58936314097615e-16	FSCN1	c1
4.7546904183369e-21	-0.318051153883223	0.054	0.078	1.59462807250183e-16	CCDC159	c1
4.78864639029064e-21	-0.225572683472169	0.047	0.07	1.60601622637568e-16	TEX10	c1
4.80786197739077e-21	-0.171159065001712	0.08	0.11	1.61246074997732e-16	SNX27	c1
4.92535492487868e-21	-0.53756599429422	0.017	0.032	1.65186553470581e-16	UHRF1BP1	c1
5.06864541067659e-21	-0.307340750626886	0.026	0.044	1.69992229783271e-16	ZNF598	c1
5.12692649249814e-21	-0.131964342952164	0.568	0.635	1.71946860705403e-16	REEP5	c1
5.2143290645322e-21	-0.211724748281461	0.038	0.059	1.74878168166281e-16	CCDC77	c1
5.26852839925746e-21	-0.27772451009027	0.039	0.06	1.76695905454297e-16	ZNF700	c1
5.42360196522482e-21	-0.224828272260511	0.043	0.065	1.8189676270971e-16	MTRF1	c1
5.47857065055839e-21	-0.6425967975239	0.012	0.025	1.83740302478427e-16	PKD2	c1
5.51588618946543e-21	-0.125112825997393	0.055	0.08	1.84991791022292e-16	SLC39A3	c1
5.60130354565049e-21	0.112933570044074	0.575	0.555	1.87856518314026e-16	STOM	c1
5.69343084517853e-21	-0.186997676379632	0.042	0.065	1.90946283685598e-16	PPP1R12C	c1
5.7922092995197e-21	-0.351865533986006	0.044	0.066	1.94259115487292e-16	SLC35E2A	c1
5.88428694014998e-21	-0.472151563466157	0.027	0.045	1.9734721539875e-16	AP000787.1	c1
5.98473948190913e-21	0.635360118219336	0.099	0.077	2.00716192744268e-16	UNC93B1	c1
6.20281765718476e-21	-0.249604216116306	0.036	0.057	2.08030098586662e-16	WDR25	c1
6.42634266970158e-21	-0.155905701848993	0.14	0.18	2.15526680456452e-16	KIAA1109	c1
6.49484362554776e-21	-0.141628497507486	0.086	0.117	2.17824065513621e-16	BDH2	c1
6.93373443056397e-21	-0.255568200293061	0.03	0.049	2.32543585332254e-16	ERMARD	c1
6.9513417691008e-21	-0.346458164561732	0.042	0.063	2.33134100252102e-16	ARHGAP10	c1
7.06439515568951e-21	-0.291593991651335	0.038	0.059	2.36925684731515e-16	CEP128	c1
7.15996491485874e-21	-0.161281488035501	0.069	0.097	2.40130903314532e-16	SP1	c1
7.16606507529195e-21	-1.21001135596902	0.007	0.018	2.40335490495141e-16	SIRPB1	c1
7.19430653969738e-21	-0.886335470350036	0.007	0.018	2.41282652728371e-16	EVA1B	c1
7.37756694786003e-21	-0.144602526172082	0.053	0.078	2.4742884029733e-16	KCTD10	c1
7.76263853002441e-21	-0.14905882330553	0.058	0.083	2.60343371019959e-16	NUP155	c1
7.83340605483745e-21	-0.575771702685798	0.008	0.019	2.62716772267138e-16	MESP1	c1
7.89135220780659e-21	-0.121281708240427	0.551	0.619	2.64660170345417e-16	RAC1	c1
8.11385118591707e-21	-0.211570472425537	0.06	0.086	2.72122341073287e-16	TOGARAM1	c1
8.15085866942919e-21	-0.183582755809951	0.051	0.075	2.73363498055316e-16	FAM98B	c1
8.46068655790802e-21	-0.435863659384554	0.026	0.044	2.83754505779119e-16	ZNF45	c1
8.74704037704867e-21	-0.133506576174349	0.109	0.144	2.93358240165458e-16	GPR132	c1
8.98194561927355e-21	-0.133881295826764	0.417	0.491	3.01236492179196e-16	HM13	c1
9.03851385698935e-21	0.84774296976456	0.034	0.021	3.03133677735709e-16	MEGF6	c1
9.04412565801554e-21	-0.137837501734024	0.085	0.116	3.03321886318525e-16	C16orf72	c1
9.21692842557537e-21	-0.240664052848045	0.039	0.06	3.09117345536947e-16	DCAF17	c1
9.46880598654905e-21	-0.233682559740495	0.049	0.072	3.17564815176882e-16	MAST3	c1
1.02513886045662e-20	-0.238598644815579	0.038	0.059	3.43811071019941e-16	FAHD1	c1
1.05060145916596e-20	1.2767273651733	0.015	0.007	3.5235071737508e-16	GRB10	c1
1.05327396660303e-20	-0.157583026828498	0.031	0.05	3.53247022919325e-16	CEP57L1	c1
1.06645094537315e-20	-0.118361571072758	0.354	0.422	3.57666318059247e-16	LSM3	c1
1.07614684881774e-20	0.886552789250083	0.039	0.025	3.60918130156492e-16	CFP	c1
1.08231047750827e-20	-0.10520344111264	0.15	0.193	3.62985287946725e-16	WHAMM	c1
1.15572505155872e-20	-0.253856374867653	0.037	0.058	3.87607067791765e-16	TRIM24	c1
1.17559057405172e-20	-0.11250246163568	0.095	0.128	3.94269566725466e-16	METTL2B	c1
1.20368584131836e-20	-0.107318129266881	0.054	0.079	4.03692157461352e-16	EXOSC2	c1
1.23548361932015e-20	-0.359289931563415	0.034	0.054	4.14356496247592e-16	ZNF621	c1
1.25066069939741e-20	-0.122272841890164	0.517	0.594	4.19446585363903e-16	PPP2R1A	c1
1.26951979838024e-20	-0.71257829323751	0.01	0.022	4.25771549980766e-16	LINC00996	c1
1.30127379176428e-20	-0.109420289364345	0.413	0.493	4.36421204281904e-16	GTF2A2	c1
1.36602675465176e-20	-0.199521524491161	0.062	0.088	4.58138052975107e-16	USP19	c1
1.38278552137487e-20	-0.117593517801696	0.099	0.133	4.63758608158703e-16	ZMYND8	c1
1.38940934159133e-20	-0.123893337670309	0.082	0.113	4.65980104982899e-16	TMEM131	c1
1.39470112779944e-20	-0.166618531949156	0.052	0.076	4.67754864241378e-16	TTI1	c1
1.45226255101026e-20	-0.106001595718628	0.116	0.153	4.87059814357821e-16	RHOT1	c1
1.4612247866278e-20	-0.184138122753279	0.057	0.082	4.90065568939233e-16	LACTB	c1
1.464274415681e-20	-0.149829699151706	0.374	0.441	4.91088353531093e-16	TSEN54	c1
1.55058543313429e-20	-0.346802736884335	0.029	0.048	5.20035342564578e-16	CCDC125	c1
1.55751643295639e-20	-0.133737292691485	0.06	0.085	5.22359861284913e-16	MUT	c1
1.55824201761671e-20	-1.32565816780991	0.069	0.094	5.22603207868291e-16	TRGV5	c1
1.58157408126999e-20	-0.110962592773232	0.161	0.204	5.30428315376331e-16	ZNF267	c1
1.63851834237651e-20	-0.173774464864363	0.081	0.111	5.49526281666234e-16	SLC2A1	c1
1.64064502385663e-20	-0.123822461416635	0.022	0.038	5.50239528101035e-16	LIN9	c1
1.6570087823195e-20	-0.121761690351206	0.045	0.068	5.55727605414313e-16	GEMIN2	c1
1.70232180229677e-20	-0.164037590608189	0.066	0.092	5.70924686054289e-16	TRMT1L	c1
1.71986073182276e-20	-0.216898465120941	0.034	0.054	5.76806892238717e-16	LARS2	c1
1.72680411173275e-20	-0.501126425938401	0.017	0.032	5.79135562992929e-16	JRK	c1
1.78044140922872e-20	-0.181559601065958	0.06	0.085	5.97124439827127e-16	D2HGDH	c1
1.8263761386322e-20	-0.48908660333963	0.024	0.041	6.12530029374467e-16	MAN1C1	c1
1.86256161434017e-20	-0.101296615160982	0.195	0.245	6.24665914217407e-16	MARCH6	c1
1.88432853245684e-20	-0.773439237486213	0.009	0.021	6.31966103215374e-16	AP003774.4	c1
1.92339178875739e-20	-1.24105622702226	0.006	0.016	6.45067138113454e-16	SVIL	c1
1.95376566966794e-20	-0.57571042637683	0.01	0.022	6.55253930293233e-16	HILPDA	c1
1.97395969751721e-20	-0.281415040979793	0.036	0.056	6.62026603353322e-16	ZNF614	c1
2.01884090424372e-20	-0.243731581757886	0.044	0.066	6.77078862465258e-16	ZBTB14	c1
2.03721463571269e-20	1.31169394126374	0.016	0.007	6.83241044525323e-16	AXIN2	c1
2.04688622081311e-20	0.965715449617917	0.038	0.024	6.864847007363e-16	GPAT3	c1
2.06729053756492e-20	-0.121538094877294	0.376	0.447	6.93327900488522e-16	IL27RA	c1
2.08661010056013e-20	-0.121223721453597	0.553	0.626	6.99807295525856e-16	SELENOT	c1
2.18062215888663e-20	-0.463702694200093	0.015	0.029	7.31337059647399e-16	ZNF487	c1
2.25971884663799e-20	-0.110536602224729	0.085	0.115	7.57864506785448e-16	THOC1	c1
2.27136483273311e-20	-0.140036470510488	0.651	0.719	7.6177033760203e-16	HLA-F	c1
2.27231485614752e-20	-0.29506156019907	0.045	0.067	7.62088956454756e-16	SRCAP	c1
2.34072213230057e-20	-0.673410621977625	0.009	0.02	7.85031388730964e-16	PKN3	c1
2.4261938563048e-20	-0.533609927283342	0.011	0.023	8.13696895527505e-16	AC006064.4	c1
2.43322268061142e-20	-0.516803736189303	0.019	0.035	8.16054222623457e-16	IRAK2	c1
2.53241034754046e-20	-0.10797009127364	0.116	0.152	8.49319782358121e-16	ZNF143	c1
2.5398831301656e-20	-0.95835063972882	0.007	0.018	8.51826004194939e-16	FOXP4	c1
2.54447455174236e-20	-0.964791405843532	0.005	0.014	8.53365875163353e-16	AL391069.3	c1
2.59207936950707e-20	-1.68201591877506	0.003	0.012	8.69331578945282e-16	MAP7	c1
2.61545785414037e-20	-0.328108487238327	0.048	0.07	8.77172255121598e-16	RFX3	c1
2.67200936466944e-20	-0.115682079958503	0.48	0.559	8.96138500722838e-16	COPS9	c1
2.69367307391671e-20	-0.186128754455669	0.063	0.088	9.03404075530188e-16	AC127521.1	c1
2.74285186215137e-20	0.420427062033984	0.22	0.197	9.19897657528326e-16	ANKRD28	c1
2.74876072639754e-20	-0.115267124133796	0.433	0.513	9.21879372419207e-16	PRPF38B	c1
2.75991394632438e-20	-0.22514096403703	0.062	0.087	9.2561993931827e-16	LINC00476	c1
2.77973409669862e-20	-0.167608202371388	0.046	0.069	9.32267221350784e-16	DHRS4L2	c1
2.80184536270188e-20	-0.120469196428489	0.477	0.553	9.39682897742956e-16	PPP2R5C	c1
2.90950959740957e-20	-0.106664599579433	0.137	0.177	9.75791328779222e-16	SPG11	c1
2.91818382550449e-20	0.453408308978843	0.127	0.102	9.78700491397696e-16	THRA	c1
2.95084208914042e-20	0.910167524374761	0.048	0.033	9.89653419855916e-16	BTBD11	c1
2.99903018866677e-20	-0.165158811517375	0.055	0.079	1.00581474467506e-15	NDST2	c1
3.04164195273759e-20	-0.31795961974105	0.03	0.049	1.02010587810913e-15	ZNF273	c1
3.08634115149092e-20	-0.420652383716502	0.022	0.038	1.03509709538703e-15	GPD2	c1
3.15731395931377e-20	-0.315306064930367	0.026	0.043	1.05889995567465e-15	GORAB	c1
3.19928743461718e-20	-0.89301134316096	0.011	0.024	1.07297701982191e-15	BLK	c1
3.25040465527301e-20	0.571411604218246	0.12	0.097	1.09012071328546e-15	TUBB2A	c1
3.33304946704495e-20	-0.188015167810104	0.059	0.084	1.11783813025754e-15	RFX1	c1
3.39973674617786e-20	-0.627065730723523	0.011	0.023	1.14020370993313e-15	AC104986.2	c1
3.58191197659841e-20	0.879782155491023	0.03	0.018	1.20130163871158e-15	CKAP4	c1
3.60536563519071e-20	-0.26146046788028	0.151	0.19	1.20916752673026e-15	MX1	c1
3.62697895953426e-20	1.1557951908029	0.022	0.012	1.2164162034486e-15	CPLX1	c1
3.67775916310939e-20	-0.689248937988695	0.012	0.025	1.23344686812363e-15	AL117339.5	c1
3.70964960842674e-20	-0.205372223269057	0.048	0.07	1.24414228567416e-15	EIF4ENIF1	c1
3.71661426896807e-20	-0.365041970253499	0.009	0.021	1.24647809352651e-15	C16orf95	c1
3.77264592493953e-20	-0.128573159223295	0.098	0.131	1.26526999030622e-15	NBAS	c1
3.78916986819092e-20	-0.115577550754808	0.042	0.063	1.27081179039387e-15	XRCC4	c1
3.85784488655145e-20	-0.129468107983489	0.061	0.087	1.29384401805162e-15	CXorf40A	c1
3.85950369132498e-20	-0.196863389887241	0.053	0.076	1.29440034799657e-15	NNT-AS1	c1
4.02430282978317e-20	-0.121892747745436	0.07	0.097	1.34967068305268e-15	ZDHHC13	c1
4.10765503540976e-20	-0.230376484161645	0.063	0.088	1.37762534577573e-15	MTMR3	c1
4.3420595388173e-20	0.224904412461084	0.448	0.443	1.45623992812855e-15	SBDS	c1
4.3634701624451e-20	-0.151158289828308	0.054	0.078	1.46342062308084e-15	ZC3H7B	c1
4.43741483176223e-20	-0.120605054518636	0.206	0.256	1.48822018627642e-15	GFI1	c1
4.59129833986558e-20	-0.153603820618812	0.065	0.092	1.53982963722412e-15	SCAI	c1
4.6212095249173e-20	-0.204916754886087	0.014	0.028	1.54986125046676e-15	FANCB	c1
4.72188936200112e-20	-0.159341614606271	0.04	0.061	1.58362725422794e-15	NELFB	c1
4.76125388802654e-20	0.890530063993462	0.034	0.021	1.59682932896634e-15	IGSF22	c1
4.78520509573103e-20	-0.169416872351631	0.039	0.059	1.60486208500627e-15	ZW10	c1
4.89353998681103e-20	-0.130217356301926	0.054	0.078	1.64119544077668e-15	MRPL53	c1
4.95134567962309e-20	-0.132450080343959	0.034	0.053	1.66058231403199e-15	SLC7A1	c1
5.05165320655415e-20	-0.104185835785791	0.438	0.513	1.69422345241413e-15	NDUFB1	c1
5.18276699339287e-20	-0.171283458451742	0.046	0.068	1.7381963942441e-15	SH3GLB2	c1
5.26912913550811e-20	-0.367665197302732	0.02	0.036	1.76716052946671e-15	DDX28	c1
6.21734231194627e-20	-0.11845909140701	0.079	0.108	2.08517226458054e-15	CES2	c1
6.24722570153673e-20	-0.11554119151734	0.393	0.469	2.09519455578139e-15	REST	c1
6.40593713167361e-20	-0.122310316358769	0.145	0.185	2.14842319522069e-15	TRANK1	c1
6.42498451313866e-20	-0.222010221786078	0.041	0.062	2.15481130601644e-15	TCP11L1	c1
6.75782304755933e-20	-0.109845625083369	0.074	0.102	2.26643869369045e-15	TFE3	c1
6.80767839251925e-20	-0.134878749462535	0.064	0.091	2.28315917928311e-15	POLH	c1
7.0470831422952e-20	-0.185692936573193	0.05	0.073	2.36345074426296e-15	GATD1	c1
7.05492323657285e-20	-0.124889429963526	0.102	0.134	2.3660801550818e-15	CBX6	c1
7.0822051180873e-20	1.70633800919983	0.016	0.007	2.37522995250412e-15	PDE6G	c1
7.45201851555229e-20	-0.340604842700336	0.034	0.053	2.49925796974593e-15	SLC25A42	c1
7.48792954395291e-20	-0.11924143052074	0.185	0.232	2.51130181045093e-15	STX16	c1
7.54266784173251e-20	-0.182086015239604	0.051	0.074	2.52965994076025e-15	POLR3A	c1
7.8348279924671e-20	-0.24916707510133	0.052	0.075	2.62764461211361e-15	USP24	c1
7.94312403960238e-20	-0.4830893375473	0.054	0.077	2.66396494040185e-15	DTHD1	c1
7.95664102935547e-20	-0.171643629272313	0.077	0.105	2.66849826842524e-15	KDM3A	c1
7.97595522791958e-20	-0.771166092235764	0.011	0.023	2.67497586433967e-15	AL009179.1	c1
8.03088028949587e-20	-0.147968539485589	0.049	0.072	2.69339663149113e-15	OSBP	c1
8.06212729585326e-20	-1.94321573040448	0.002	0.01	2.70387625248326e-15	PAQR6	c1
8.13801388299536e-20	-0.102180703420642	0.074	0.102	2.72932709607898e-15	STK19	c1
8.19327144128467e-20	-0.160879685784379	0.065	0.091	2.74785937597805e-15	C11orf24	c1
8.3262037900296e-20	-0.150728431496565	0.294	0.354	2.79244222710013e-15	PRRC2B	c1
8.4319706007024e-20	-0.135858802775262	0.405	0.478	2.82791430006357e-15	ARHGAP4	c1
8.58461826719575e-20	-0.127346226496334	0.098	0.13	2.87910927445211e-15	ITPR1	c1
9.08455020154202e-20	-0.236783478043281	0.061	0.086	3.04677644659316e-15	ZNF484	c1
9.23758163663607e-20	-0.546966566560818	0.018	0.033	3.098100129295e-15	SMAGP	c1
9.24396129904856e-20	-0.115771481466756	0.069	0.096	3.1002397404749e-15	HINT3	c1
9.64575727586283e-20	-0.42267563439944	0.02	0.036	3.23499407517888e-15	MTMR1	c1
9.9101981224765e-20	-0.170926835568708	0.078	0.106	3.32368224631617e-15	RPRD1A	c1
1.01814115214188e-19	-0.117834031857533	0.073	0.101	3.41464179605345e-15	DVL2	c1
1.02432012003596e-19	-0.158521141662956	0.061	0.086	3.4353648185766e-15	BICD1	c1
1.02565185974252e-19	-0.127516577374839	0.452	0.526	3.43983120720445e-15	HNRNPL	c1
1.05672978729215e-19	-1.33664211111041	0.004	0.014	3.5440603606204e-15	ADAMTS6	c1
1.06245967711963e-19	-0.156614195518729	0.044	0.066	3.56327726512381e-15	YTHDF1	c1
1.07821618265893e-19	-1.44972185735059	0.003	0.012	3.61612143340151e-15	TNFRSF13C	c1
1.10335518839952e-19	-0.474968918511053	0.013	0.027	3.7004326308543e-15	SPAG1	c1
1.10395151957067e-19	0.77129535439217	0.053	0.037	3.70243260633612e-15	TTC9	c1
1.11092537676577e-19	-0.365071670469569	0.027	0.044	3.72582152859703e-15	AC007216.4	c1
1.13568286238384e-19	-0.137175771259844	0.074	0.102	3.80885318386294e-15	IFT43	c1
1.14281252783984e-19	-0.197160824741264	0.069	0.096	3.83276465586925e-15	KIAA0586	c1
1.14653480511486e-19	-0.1418054297799	0.071	0.098	3.84524842939423e-15	INTS3	c1
1.16877974995494e-19	-0.37270421559493	0.034	0.053	3.91985352539888e-15	ZFYVE1	c1
1.19352221163047e-19	-0.624537518352849	0.009	0.02	4.00283479336627e-15	STAP2	c1
1.23810374489683e-19	-0.20890138491571	0.215	0.26	4.15235233963497e-15	SYTL2	c1
1.25636382213469e-19	-0.693750537409307	0.011	0.023	4.21359298667531e-15	YOD1	c1
1.31480185380568e-19	1.14088159683988	0.017	0.009	4.40958245729348e-15	IRGM	c1
1.31943710279531e-19	-0.44272405185419	0.026	0.043	4.42512815535492e-15	SPATC1L	c1
1.32992139999088e-19	0.387664047201547	0.26	0.241	4.4602903912894e-15	NAAA	c1
1.37254188908609e-19	-1.12771355270434	0.004	0.013	4.60323098761692e-15	RHOU	c1
1.40192906676093e-19	0.493639489921277	0.153	0.128	4.70178970410282e-15	ATP2B1-AS1	c1
1.41230779355947e-19	-0.263706825717658	0.029	0.047	4.73659787803975e-15	MGAT4B	c1
1.41618832712568e-19	-0.296172010536199	0.034	0.054	4.74961241151412e-15	ZNF18	c1
1.42150350376156e-19	-0.209462518314424	0.066	0.092	4.7674384509155e-15	FAM160B2	c1
1.42936075315444e-19	-0.174747874244482	0.053	0.077	4.79379009392938e-15	AL590764.1	c1
1.442420650408e-19	-0.563535679164178	0.012	0.025	4.83759037733836e-15	HIST2H2AB	c1
1.45124825004168e-19	-0.217090487990756	0.045	0.067	4.86719638098977e-15	NBPF12	c1
1.48072332912757e-19	1.05143483216385	0.028	0.017	4.96604990122805e-15	ZNF219	c1
1.5118552892772e-19	-0.136387927402427	0.078	0.107	5.07046026917786e-15	UBE4B	c1
1.52342604575387e-19	-0.446289072001238	0.016	0.03	5.10926627224934e-15	SNHG21	c1
1.57249525787653e-19	-0.155023705182446	0.083	0.112	5.27383459586629e-15	UNK	c1
1.58803003048735e-19	-0.293897796761506	0.033	0.052	5.32593511624848e-15	EFCAB7	c1
1.6116337946132e-19	-0.106941281216322	0.156	0.197	5.40509742037375e-15	ZBTB25	c1
1.66310816289889e-19	-0.201189452862809	0.249	0.301	5.5777321567303e-15	PHTF2	c1
1.66525510385567e-19	0.63086546876392	0.127	0.105	5.58493256731113e-15	HEBP1	c1
1.68931048223784e-19	-0.111281552095843	0.081	0.11	5.66560949532927e-15	ANAPC1	c1
1.72343868835525e-19	1.51088824903486	0.011	0.004	5.78006867300583e-15	ERBB3	c1
1.72454269962974e-19	-0.108330139945081	0.286	0.347	5.78377130601822e-15	RNF44	c1
1.76030954890755e-19	0.183775788136673	0.537	0.545	5.90372616512613e-15	PRMT2	c1
1.78163860344298e-19	-0.968723842453819	0.005	0.015	5.97525954822706e-15	AL353622.1	c1
1.7824003370803e-19	-0.727785815315392	0.01	0.021	5.9778142504999e-15	C5orf17	c1
1.82101414302785e-19	-0.139820469256001	0.066	0.093	6.10731723288682e-15	CCDC84	c1
1.90091376410798e-19	-1.04400066052697	0.005	0.015	6.37528458206533e-15	NRSN2	c1
1.96039993370285e-19	-0.339167366590781	0.024	0.041	6.57478929765263e-15	EID2B	c1
1.97868033304724e-19	-0.334437571353294	0.016	0.03	6.63609810097383e-15	C19orf54	c1
1.99977722706918e-19	0.689698496026596	0.084	0.065	6.70685286414462e-15	MFHAS1	c1
2.04203592212345e-19	-0.283686571603144	0.034	0.053	6.84858007561762e-15	ALKBH1	c1
2.04265714890146e-19	-0.121733256973087	0.088	0.118	6.85066354598572e-15	VIM-AS1	c1
2.07749774416647e-19	-0.439292979806797	0.019	0.034	6.9675119343855e-15	AC139530.1	c1
2.08842933103349e-19	-0.173858835043441	0.055	0.079	7.00417429042013e-15	PTER	c1
2.13741825022701e-19	-0.220591289447327	0.051	0.073	7.16847332761135e-15	ZNF611	c1
2.2283299131607e-19	-1.01608700020358	0.004	0.013	7.47337286275834e-15	AC147651.4	c1
2.23525140092292e-19	-0.116773012681223	0.089	0.12	7.4965861484153e-15	COG2	c1
2.26148423518943e-19	-0.200502757250083	0.082	0.111	7.58456582797832e-15	WDTC1	c1
2.26213123906705e-19	0.929670517006257	0.029	0.017	7.58673574958307e-15	FAM171A1	c1
2.28265446910931e-19	-0.305630093794501	0.043	0.064	7.65556655849881e-15	ATG2B	c1
2.29043533459923e-19	-0.134308504855686	0.064	0.089	7.68166202517889e-15	NUP205	c1
2.3392602501741e-19	-0.246551005719894	0.047	0.069	7.8454110270339e-15	GOLGA1	c1
2.34808352083209e-19	-0.379692847736122	0.028	0.046	7.87500251216665e-15	RNF103	c1
2.35398057734121e-19	-0.256893956934089	0.044	0.065	7.89478006028696e-15	DNAJC16	c1
2.362208382686e-19	-0.363925136282803	0.023	0.039	7.92237447385229e-15	MRM1	c1
2.43058917414468e-19	-0.537276949903857	0.016	0.03	8.15170997224642e-15	LBHD1	c1
2.58169415639428e-19	-0.128352115569804	0.087	0.117	8.65848586171513e-15	CEPT1	c1
2.60131970332382e-19	-0.258027708428792	0.022	0.037	8.72430602100744e-15	ST3GAL4	c1
2.74270494316448e-19	-0.485278349311185	0.015	0.028	9.19848383838503e-15	AC016876.1	c1
2.8083985397527e-19	-0.13725444244686	0.052	0.075	9.41880702262259e-15	SLC35A2	c1
2.8397054026107e-19	-0.230498826709209	0.055	0.079	9.52380397927577e-15	AIF1	c1
2.88528699139371e-19	-0.483166413294689	0.022	0.037	9.67667551173621e-15	MIR222HG	c1
2.96176419787436e-19	-0.181643941096432	0.037	0.057	9.93316476683104e-15	IRAK1	c1
2.99759320505433e-19	0.358746737118653	0.217	0.192	1.00533280911112e-14	MX2	c1
3.137475755336e-19	0.832970037262995	0.04	0.026	1.05224661882459e-14	B3GALT2	c1
3.29696272286467e-19	-0.36740571113853	0.024	0.04	1.10573535799435e-14	RBM27	c1
3.5215830861754e-19	-1.04715846165471	0.004	0.012	1.18106853544151e-14	C18orf54	c1
3.52502935449734e-19	-0.343013460882722	0.034	0.052	1.18222434491132e-14	MFAP3	c1
3.53586731164045e-19	-0.17878845435556	0.052	0.075	1.18585917897797e-14	SPPL2B	c1
3.56479430879696e-19	0.785095352932107	0.044	0.029	1.19556071528433e-14	GNAO1	c1
3.56790494525189e-19	-0.231219272363236	0.059	0.083	1.19660396053858e-14	BICRAL	c1
3.63140280277952e-19	-0.489252116239578	0.023	0.039	1.21789987199619e-14	C7orf31	c1
3.64311586369448e-19	0.37738438647227	0.262	0.241	1.22182819836585e-14	TNFSF12	c1
3.70610151583075e-19	0.150979772347142	0.63	0.644	1.24295232637932e-14	SMDT1	c1
3.75223131900528e-19	-0.352897243335046	0.032	0.05	1.25842333976799e-14	CASD1	c1
3.7581584813903e-19	-0.20709975526594	0.057	0.08	1.26041119148868e-14	BCKDHB	c1
3.90735441060919e-19	-0.142417257892495	0.06	0.085	1.31044852223011e-14	THAP12	c1
3.91751151167084e-19	-0.212878587530766	0.045	0.067	1.31385501078417e-14	ARMC2	c1
3.91816697794411e-19	-0.139940593232998	0.344	0.41	1.3140748410629e-14	RANBP2	c1
3.9628717632648e-19	-0.116682170868148	0.222	0.274	1.32906793196375e-14	BCL2L1	c1
4.12875474009448e-19	-0.159458928478655	0.093	0.123	1.38470176473289e-14	DCAF16	c1
4.49617488002109e-19	-0.178291284247583	0.063	0.088	1.50792713126147e-14	GCNT1	c1
4.76068835644837e-19	0.848885816239907	0.044	0.03	1.59663966098565e-14	PLEKHA5	c1
5.03920907792836e-19	-0.106318423644682	0.476	0.555	1.69004994055561e-14	FIS1	c1
5.16758405739287e-19	-0.273062528490915	0.04	0.061	1.73310434116842e-14	ZNF468	c1
5.26695720848647e-19	-0.160544630935282	0.075	0.102	1.76643210858219e-14	TRMT13	c1
5.43245537197541e-19	-0.192485473413656	0.043	0.064	1.82193688265311e-14	FOCAD	c1
5.55549592352891e-19	-0.158247656793892	0.039	0.059	1.86320222283313e-14	LONP1	c1
5.57735011216636e-19	-1.27762821992049	0.006	0.016	1.87053168061835e-14	FAM169A	c1
5.73443929229269e-19	-0.18286712264125	0.06	0.084	1.92321624984912e-14	ARMH3	c1
5.78262162181585e-19	-0.323165611905775	0.048	0.069	1.9393756395246e-14	GRK5	c1
6.10569162375298e-19	-0.216594943767203	0.043	0.064	2.04772685677428e-14	IPP	c1
6.20105047137023e-19	-0.158788635881242	0.067	0.093	2.07970830708815e-14	DMXL1	c1
6.45566240668349e-19	-0.14896765264216	0.063	0.088	2.16510005795351e-14	METTL18	c1
6.51936859591696e-19	-0.255933045147229	0.026	0.043	2.18646583969863e-14	RNASEK-C17orf49	c1
6.54255729213672e-19	-0.141195243438126	0.087	0.117	2.19424286463681e-14	MYSM1	c1
6.70372228566484e-19	-0.124361866833029	0.091	0.121	2.24829438016627e-14	PNPT1	c1
6.74555589605177e-19	-2.24368840416466	0.002	0.01	2.26232453641784e-14	LGR6	c1
6.8981447332196e-19	-0.132261957952827	0.378	0.444	2.31349978062719e-14	IVNS1ABP	c1
7.14985907707565e-19	-0.240032000165662	0.024	0.041	2.39791973726963e-14	POLE	c1
7.15641671205112e-19	-0.239487950792821	0.048	0.07	2.40011903688771e-14	ZNF746	c1
7.19644280105049e-19	-0.647881476900189	0.012	0.024	2.41354298661631e-14	SEC61A2	c1
7.22838382957449e-19	-0.449195113422942	0.036	0.055	2.42425536876269e-14	LINC00954	c1
7.29416052055426e-19	-0.293473463136682	0.025	0.041	2.44631555538349e-14	PRKACA	c1
7.29986065680681e-19	-0.180402530722785	0.023	0.039	2.44822726707987e-14	FKBPL	c1
7.3263582616525e-19	0.418996251336166	0.154	0.13	2.45711403379302e-14	BEX2	c1
7.51685035349478e-19	-0.691336420956656	0.01	0.022	2.52100127155508e-14	AC022098.1	c1
7.56604224522287e-19	-1.35126819201995	0.004	0.013	2.53749924820284e-14	CNKSR2	c1
7.68627254447649e-19	-0.327215125593052	0.033	0.051	2.57782208596652e-14	SLC11A2	c1
7.70356514461923e-19	-0.241455146658438	0.031	0.049	2.5836216782024e-14	INTS2	c1
8.0520948012513e-19	0.446470598649725	0.217	0.196	2.70051155444366e-14	TRAPPC2B	c1
8.10482170671729e-19	0.906097096258973	0.03	0.018	2.71819510399884e-14	AC145124.1	c1
8.31059993743888e-19	-0.287735413784283	0.013	0.025	2.78720900701825e-14	AC011603.2	c1
8.38180820735405e-19	-0.37283436818909	0.025	0.041	2.8110908365824e-14	AC007383.2	c1
8.56543333376082e-19	-0.11531522357646	0.13	0.167	2.8726750314767e-14	DGCR2	c1
8.60215249890223e-19	-0.718675152474279	0.016	0.029	2.88498990508183e-14	AC020659.1	c1
8.62494034087246e-19	-0.162889260604725	0.086	0.116	2.89263249152181e-14	VPS13B	c1
9.09942711230784e-19	-0.225655354096912	0.026	0.043	3.0517658649258e-14	PGAM5	c1
9.26802653555358e-19	-1.10298423113646	0.003	0.011	3.10831073949396e-14	CCDC189	c1
9.45767788043771e-19	-0.51159642640395	0.014	0.027	3.1719160075412e-14	AP002495.2	c1
9.61272725595174e-19	-0.147622557736832	0.046	0.068	3.2239164671011e-14	SETD4	c1
9.71191803933317e-19	-0.154615336929153	0.123	0.158	3.25718307203156e-14	PLCB2	c1
9.84182308568017e-19	-0.542382569094253	0.022	0.037	3.30075062647541e-14	SLC16A6	c1
1.01746500630441e-18	-0.203951524792044	0.047	0.068	3.41237413814373e-14	GYS1	c1
1.03501924656341e-18	-0.411329375569597	0.023	0.039	3.47124754912436e-14	SPOPL	c1
1.04162181386878e-18	-0.434071039637686	0.014	0.027	3.49339123935311e-14	NAIF1	c1
1.06466711387236e-18	-0.550460874203091	0.013	0.026	3.57068056650513e-14	FBXL18	c1
1.08396724791693e-18	-0.237668013945339	0.03	0.047	3.6354093560638e-14	CEP162	c1
1.09910979184886e-18	1.17674930693737	0.022	0.012	3.68619441990271e-14	CAMKK1	c1
1.11498865294949e-18	-0.112026880643716	0.469	0.546	3.73944894426201e-14	EIF2S3	c1
1.14988179350331e-18	-0.155486226585006	0.08	0.108	3.85647355905139e-14	VPS11	c1
1.18554048229168e-18	-0.151193231722497	0.048	0.07	3.97606566950985e-14	HS1BP3	c1
1.18673774403274e-18	-0.25133204108801	0.041	0.061	3.98008104593701e-14	VMAC	c1
1.20480595390978e-18	-0.179110126140922	0.052	0.075	4.04067820822262e-14	LDB1	c1
1.23001209384571e-18	-0.169767697604124	0.05	0.072	4.12521456033976e-14	TMEM234	c1
1.26223185450065e-18	-0.20173582936723	0.04	0.06	4.2332731936243e-14	AC005332.5	c1
1.26494933782637e-18	-0.291473701759674	0.033	0.051	4.24238708920207e-14	MFSD9	c1
1.26934183634582e-18	-0.524922318397829	0.01	0.022	4.2571186507366e-14	APOM	c1
1.27978618938386e-18	-0.508244311290142	0.016	0.03	4.2921469219556e-14	SCD5	c1
1.30644974940539e-18	-0.139470593822995	0.055	0.078	4.3815711695558e-14	UPRT	c1
1.32040119634191e-18	-0.391601396861499	0.02	0.035	4.42836153229149e-14	MOSMO	c1
1.36103107813735e-18	-2.08051221115698	0.002	0.01	4.56462602985705e-14	AL121820.1	c1
1.36419396840375e-18	-0.204113431817977	0.07	0.095	4.57523373123249e-14	COQ8A	c1
1.38953263715962e-18	-0.28554925011874	0.034	0.052	4.66021455850593e-14	ZBED5-AS1	c1
1.5172786947405e-18	-0.107135977720498	0.075	0.102	5.08864928642068e-14	WDR70	c1
1.5419238240762e-18	-0.170823162349906	0.05	0.073	5.17130412118677e-14	UBXN2B	c1
1.63423439049527e-18	-0.293322046883691	0.029	0.046	5.48089529884304e-14	HEATR3	c1
1.67997522959072e-18	-0.924347654201955	0.006	0.016	5.63430092500137e-14	AC131971.1	c1
1.76766781974887e-18	1.26805011845335	0.017	0.009	5.92840433387375e-14	ZSWIM5	c1
1.78203846619169e-18	-1.35696486600388	0.002	0.01	5.97660060791368e-14	HIST1H4I	c1
1.79942215899787e-18	0.663427890034422	0.188	0.166	6.03490203684705e-14	TSC22D2	c1
1.80918799817223e-18	-1.12173730269915	0.005	0.014	6.06765470827002e-14	GCNT2	c1
1.82862465991646e-18	-0.262336399452797	0.027	0.043	6.13284138442781e-14	SRRD	c1
1.85056588405215e-18	-0.34924016230013	0.038	0.057	6.20642786193408e-14	ZNF627	c1
1.89226760417896e-18	-0.115374561002613	0.092	0.122	6.3462870908954e-14	ABR	c1
1.89888344639175e-18	-0.139352093853102	0.051	0.073	6.36847530250864e-14	NCK1-DT	c1
1.96229793203957e-18	-0.106543915548797	0.543	0.619	6.58115480447431e-14	MRPS21	c1
2.01341857358784e-18	-0.107301738321291	0.08	0.108	6.7526032120989e-14	MTF1	c1
2.05125728248413e-18	-0.365600731151177	0.014	0.027	6.87950667399527e-14	CCDC134	c1
2.065623079093e-18	-0.23873432224397	0.045	0.066	6.92768668266212e-14	DOPEY2	c1
2.13384201215877e-18	-0.298296602945259	0.034	0.052	7.15647934037808e-14	TMEM63B	c1
2.15935770279259e-18	-0.139328232704508	0.037	0.056	7.2420538636258e-14	SRD5A1	c1
2.2587328439736e-18	-0.148510137756241	0.07	0.096	7.57533821211867e-14	ZNF322	c1
2.26951639462189e-18	-0.172344771121398	0.068	0.094	7.61150408428288e-14	WDFY2	c1
2.28749173630706e-18	-0.311481793480048	0.022	0.037	7.67178978522663e-14	CTU1	c1
2.31082260927861e-18	-0.254577790208267	0.034	0.053	7.7500368669986e-14	NUDT7	c1
2.36920790610429e-18	-0.254530405094997	0.038	0.058	7.94584947549257e-14	INVS	c1
2.49524533892358e-18	-0.168829912694827	0.084	0.112	8.36855381768192e-14	ATP9B	c1
2.52158401434495e-18	-0.467153224267511	0.021	0.036	8.45688846731011e-14	SDCBP2-AS1	c1
2.60282653158647e-18	-0.325364282024572	0.038	0.057	8.7293596216347e-14	FAM102B	c1
2.68698221273063e-18	-0.636667908177762	0.007	0.017	9.01160094505597e-14	AC002467.1	c1
2.71052147922802e-18	-0.181451292981774	0.094	0.124	9.09054693703492e-14	NAALADL1	c1
2.73555989257577e-18	-0.296079376673406	0.041	0.061	9.17452076772061e-14	WDSUB1	c1
2.78770080183762e-18	0.45338480367209	0.181	0.159	9.34939094920301e-14	TMEM204	c1
2.89296127344607e-18	-0.194087433474583	0.045	0.065	9.70241351888343e-14	GATAD1	c1
2.89376892194806e-18	-0.331980508402168	0.048	0.069	9.70512221042941e-14	ZNF821	c1
2.93056806522274e-18	0.898538143083641	0.022	0.012	9.82853917714402e-14	TNFRSF10D	c1
2.944593507031e-18	-0.359269041562071	0.027	0.043	9.87557770388058e-14	EFHC1	c1
2.96317403934859e-18	-0.248361914058032	0.037	0.056	9.93789309316732e-14	DGAT1	c1
2.9856025195913e-18	-1.02378907935458	0.006	0.016	1.00131137302053e-13	AC010654.1	c1
3.05913590139457e-18	-0.106306245917426	0.056	0.079	1.02597299860971e-13	NFS1	c1
3.1492955871713e-18	-0.122944814410726	0.064	0.089	1.05621075402551e-13	GFM2	c1
3.17918012600003e-18	-0.10940502096818	0.068	0.094	1.06623343065789e-13	PISD	c1
3.28882608050523e-18	-0.125513408630777	0.071	0.097	1.10300649087984e-13	TMEM68	c1
3.44320309402834e-18	1.06491690266964	0.026	0.016	1.15478145367522e-13	EEF1AKMT3	c1
3.45895426847191e-18	-1.15152163997041	0.003	0.011	1.16006408256011e-13	ICA1L	c1
3.46280483368919e-18	-0.12792478880872	0.358	0.425	1.16135548512268e-13	TMEM243	c1
3.4855500284524e-18	-0.136625207587337	0.132	0.168	1.16898376854236e-13	HIVEP2	c1
3.49124780339159e-18	-0.178464703516844	0.059	0.083	1.17089468830147e-13	VPS50	c1
3.49312522792177e-18	-0.996314224627482	0.007	0.017	1.1715243389404e-13	WDR63	c1
3.75346748126361e-18	-0.992359615898596	0.007	0.017	1.25883792386619e-13	NATD1	c1
3.76302775922639e-18	-0.15432285051636	0.061	0.085	1.26204424988935e-13	ARFGAP1	c1
3.89581648412752e-18	-0.149987783609173	0.058	0.082	1.30657893244669e-13	FBXO11	c1
3.98436334543313e-18	-0.10285770750398	0.335	0.4	1.33627577879136e-13	VPS13C	c1
4.02330776726905e-18	1.14536292975772	0.027	0.017	1.34933695898669e-13	AC008014.1	c1
4.06711014463195e-18	-0.10868627295581	0.073	0.1	1.36402740030666e-13	C6orf203	c1
4.07749183850962e-18	-0.273920688218979	0.037	0.056	1.36750921279936e-13	ARHGAP26	c1
4.37658037379559e-18	-0.383171437508149	0.027	0.043	1.46781752576357e-13	IZUMO4	c1
4.41965279963306e-18	-0.209944495911469	0.047	0.068	1.48226315594094e-13	ZNF200	c1
4.49816337026481e-18	-0.2398676928465	0.038	0.057	1.50859403111941e-13	ADCK5	c1
4.57568488044949e-18	-0.315761067362437	0.014	0.027	1.53459319520515e-13	PLCXD1	c1
4.57620812955313e-18	-0.117531385243312	0.045	0.066	1.53476868248953e-13	NPM3	c1
4.60690943806126e-18	0.532099747044565	0.157	0.135	1.54506528733698e-13	SMAD3	c1
4.60695690150358e-18	-0.372543223611084	0.019	0.033	1.54508120562627e-13	PPP2CB	c1
4.71688259870503e-18	-0.100551367973491	0.296	0.358	1.58194808595369e-13	PITHD1	c1
4.88718293525447e-18	-0.202296799904212	0.048	0.069	1.63906341282564e-13	SLC20A2	c1
4.96349100766588e-18	-0.432525726847825	0.016	0.029	1.66465561415098e-13	TRAK1	c1
4.9749603796657e-18	-0.203389292146527	0.029	0.046	1.66850221213228e-13	MVK	c1
5.02585812090203e-18	-0.166120818031369	0.074	0.1	1.68557229658812e-13	MIGA1	c1
5.03637588967142e-18	-0.480977551632712	0.02	0.035	1.689099745878e-13	ZCCHC3	c1
5.21765795449057e-18	-0.205820773205017	0.038	0.058	1.74989812477705e-13	SLC35F6	c1
5.24028917050795e-18	-0.113885752891029	0.097	0.127	1.75748818200496e-13	FRA10AC1	c1
5.25703044194466e-18	-0.440364593085251	0.016	0.029	1.7631028696194e-13	ZRANB3	c1
5.29581129979944e-18	-0.123046582826114	0.078	0.105	1.77610919372674e-13	U2AF1L5	c1
5.8168332421296e-18	-0.686330220509007	0.01	0.022	1.95084953274542e-13	PLEKHG3	c1
5.85951943027903e-18	0.547748308379376	0.105	0.084	1.96516562652698e-13	SLC44A1	c1
5.86523029201864e-18	-0.103957137675564	0.086	0.115	1.96708093533721e-13	PAPOLG	c1
6.11449270991371e-18	-0.295960063706983	0.035	0.054	2.05067856505086e-13	TOM1L2	c1
6.14339711025536e-18	-0.310654838783529	0.039	0.058	2.06037252283744e-13	AC025171.2	c1
6.45878807878564e-18	0.797794194814651	0.04	0.026	2.16614834586313e-13	NDRG2	c1
6.78448626589097e-18	-0.27879905041384	0.032	0.049	2.27538100385451e-13	CDKL1	c1
7.03138904240262e-18	-0.461872168472252	0.022	0.037	2.35818725704099e-13	ACVR1	c1
7.13784877625454e-18	-1.93001206107805	0.003	0.011	2.39389172258025e-13	ME1	c1
7.23677938349421e-18	0.226026384209434	0.473	0.484	2.42707106963629e-13	PPP1R11	c1
7.24387236780755e-18	-0.261140336984305	0.027	0.044	2.4294499147153e-13	CCZ1	c1
7.32153985585291e-18	-0.416626672571367	0.01	0.021	2.45549803685595e-13	KDELC1	c1
7.73190690496791e-18	-0.303611590675732	0.024	0.04	2.59312693778814e-13	HEATR5A	c1
8.11043214473533e-18	-0.127449469403897	0.395	0.462	2.72007673270133e-13	NOP58	c1
8.167752157047e-18	-0.109596274695627	0.112	0.145	2.73930071843042e-13	SRFBP1	c1
8.23444283378374e-18	-0.201397435606746	0.389	0.442	2.76166743759439e-13	RANBP1	c1
8.51313719437304e-18	-0.408597368393973	0.015	0.028	2.85513595224883e-13	TTLL4	c1
8.51958853841598e-18	0.50144186087213	0.086	0.067	2.85729960401395e-13	ZBTB10	c1
8.61342715448734e-18	-0.359263955785072	0.019	0.033	2.88877119907196e-13	TESK1	c1
8.68460554552501e-18	-0.633105077351718	0.012	0.024	2.91264300785818e-13	ULK1	c1
8.74809653511657e-18	-0.363872018225321	0.021	0.035	2.93393661594739e-13	ZNF473	c1
9.15051313324453e-18	-0.115807727591864	0.074	0.1	3.06889909462755e-13	TAMM41	c1
9.20545215328458e-18	-0.210378458685541	0.052	0.074	3.08732454316858e-13	WHRN	c1
9.35677370802565e-18	-0.282290673664596	0.028	0.045	3.13807476619764e-13	ZRANB1	c1
9.39528476972517e-18	-0.12056382961233	0.067	0.093	3.15099060607043e-13	PPP1R14B	c1
9.49000958839323e-18	0.779954170829885	0.045	0.031	3.18275941575532e-13	TJP3	c1
1.03018216436695e-17	-0.312894504967279	0.028	0.044	3.45502494285389e-13	KLHL5	c1
1.07999988393785e-17	-0.617688115584417	0.007	0.017	3.62210361075075e-13	LRP8	c1
1.08808831280205e-17	-0.475732792580025	0.086	0.111	3.64923058347553e-13	LINC00402	c1
1.08878925602151e-17	-0.317054745611124	0.034	0.051	3.65158140684493e-13	CRTC1	c1
1.09049108704377e-17	-0.157555467568655	0.041	0.061	3.65728900772739e-13	POT1	c1
1.10173951959189e-17	-0.626061345456885	0.013	0.025	3.69501400080729e-13	PKD2L2	c1
1.11296457009583e-17	-0.113555249282878	0.095	0.124	3.73266057518741e-13	RBBP5	c1
1.12367254333545e-17	-0.941568270416347	0.007	0.017	3.76857297583843e-13	DMGDH	c1
1.14137357385069e-17	-1.30401711027204	0.004	0.013	3.82793869198044e-13	AL109955.1	c1
1.16967648508669e-17	-0.152930927938884	0.049	0.07	3.92286099568373e-13	TSTD2	c1
1.17132599201234e-17	0.828976857513813	0.045	0.031	3.92839311201098e-13	ASPH	c1
1.17910535767294e-17	-0.179713043185258	0.057	0.08	3.95448354856349e-13	TRMT2B	c1
1.23478582171518e-17	-0.565049974408693	0.01	0.021	4.14122468886836e-13	ARHGAP21	c1
1.27158546813165e-17	-0.264684707359772	0.041	0.061	4.26464334301994e-13	TRIM32	c1
1.29099918748801e-17	-0.786368363927823	0.008	0.018	4.3297530749973e-13	MBNL1-AS1	c1
1.34828509424842e-17	0.513326110200096	0.146	0.124	4.52187854909036e-13	ZBTB7B	c1
1.38284293042398e-17	-0.181006335260633	0.054	0.076	4.63777862005594e-13	CBX4	c1
1.39956187485316e-17	1.05043589937029	0.019	0.01	4.69385061588254e-13	TRPC1	c1
1.4152440262616e-17	-0.148253042180619	0.086	0.114	4.74644541527616e-13	CTNNA1	c1
1.42507236126951e-17	0.812790117752604	0.037	0.024	4.77940768522568e-13	KRT18	c1
1.45833668263745e-17	-0.232416052900288	0.053	0.075	4.89096956622948e-13	ARHGAP35	c1
1.46599707361455e-17	-0.283156222147241	0.04	0.06	4.91666098548846e-13	ZNF740	c1
1.50790191611872e-17	-0.504132290375501	0.02	0.034	5.05720144627896e-13	DIRC2	c1
1.68253894918135e-17	1.53295011965604	0.011	0.005	5.64289912776443e-13	CXADR	c1
1.68667610919794e-17	-0.151020043065827	0.11	0.142	5.65677433502804e-13	TRIM13	c1
1.69291118435066e-17	-0.175523420282373	0.048	0.069	5.67768553007524e-13	ANKMY2	c1
1.72030344278941e-17	-0.128820627600923	0.05	0.071	5.76955368642711e-13	CPT2	c1
1.84807629730435e-17	-0.188149002438181	0.054	0.076	6.19807828589933e-13	RBM34	c1
1.91810606184939e-17	-0.102642098357038	0.849	0.88	6.43294411023049e-13	CALM2	c1
1.9768582557656e-17	-0.331746955545376	0.017	0.031	6.62998721818668e-13	EID2	c1
2.00848850484764e-17	-0.122635879335895	0.117	0.15	6.73606874755801e-13	MSL2	c1
2.05610765236092e-17	-0.507916329224034	0.013	0.025	6.89577384448805e-13	DRAM1	c1
2.124999478752e-17	-0.472466854773417	0.009	0.02	7.12682325183846e-13	NUDT6	c1
2.15491523003287e-17	-0.387221768029175	0.025	0.04	7.22715469848423e-13	C1RL-AS1	c1
2.18010113048676e-17	-0.620339929340746	0.005	0.013	7.3116231714265e-13	XYLB	c1
2.19253260748874e-17	-0.3759075700887	0.021	0.036	7.35331585899573e-13	TRIM66	c1
2.20861069044236e-17	-0.404994848336475	0.019	0.033	7.4072385336056e-13	AC004812.2	c1
2.2233097140271e-17	0.474662364254441	0.191	0.171	7.45653611890408e-13	MPZL3	c1
2.30946393975258e-17	-0.239439071583099	0.038	0.057	7.74548016114219e-13	CORO7	c1
2.50321738915066e-17	-0.318950380601091	0.025	0.041	8.39529047973349e-13	C11orf68	c1
2.5201536440006e-17	-0.348861688251915	0.022	0.037	8.45209129124922e-13	CHSY1	c1
2.5707799563214e-17	-0.229955314948981	0.025	0.041	8.62188181751071e-13	AL050341.2	c1
2.74634153129961e-17	-0.10353763608294	0.264	0.318	9.21068022767263e-13	RNF125	c1
2.76666487218128e-17	-0.186764691179916	0.043	0.063	9.27884064832159e-13	TMCO4	c1
2.79940149090156e-17	-0.168691515870579	0.106	0.136	9.38863272018566e-13	KPNA5	c1
2.85808676636835e-17	-0.232427549308134	0.026	0.042	9.58545139704617e-13	CSNK2A2	c1
2.92254898131785e-17	0.678265936140805	0.055	0.04	9.80164477354381e-13	SPEF2	c1
2.93818996925227e-17	-0.140376291114756	0.036	0.054	9.85410151887827e-13	ABHD8	c1
3.10542987009256e-17	-0.114022486549525	0.036	0.055	1.04149906983164e-12	MECR	c1
3.10867886501593e-17	-0.245021417313455	0.048	0.068	1.04258871774904e-12	TMEM62	c1
3.1381260883992e-17	-0.283859999116926	0.033	0.05	1.05246472752732e-12	AGO1	c1
3.17367215049732e-17	-0.310896465235225	0.026	0.041	1.06438616583379e-12	MIER3	c1
3.24992539353789e-17	-0.394922248512417	0.067	0.09	1.08995997848474e-12	TRGV7	c1
3.35066135818038e-17	-0.16160617492614	0.043	0.062	1.12374480630654e-12	GM2A	c1
3.68932345311552e-17	-0.325569302005356	0.023	0.038	1.23732529970588e-12	ZNF275	c1
3.73166582263144e-17	-0.126770438143231	0.058	0.08	1.25152608359413e-12	ZMIZ2	c1
3.98980911930288e-17	0.737179325705937	0.046	0.032	1.3381021824318e-12	AMPD3	c1
4.24308945200761e-17	-0.163422672300697	0.07	0.094	1.42304734041431e-12	ZBTB48	c1
4.24385790055806e-17	-0.353260409686807	0.014	0.026	1.42330506268916e-12	SAP30L	c1
4.33528169725392e-17	0.149114289305991	0.643	0.647	1.45396677562502e-12	P4HB	c1
4.44761453267696e-17	-0.121288067300559	0.08	0.107	1.4916409619692e-12	SETDB2	c1
4.55724019037365e-17	-0.121191772011097	0.056	0.079	1.52840721504751e-12	DHDDS	c1
4.61282146041421e-17	-0.39540073603711	0.022	0.037	1.54704806139372e-12	TVP23C	c1
4.64786222498849e-17	-0.760063118438932	0.019	0.032	1.55880003301664e-12	PLCL1	c1
4.67422419822573e-17	-0.407565305700914	0.019	0.033	1.56764131160094e-12	ZNF77	c1
4.67545133358614e-17	-0.371500357057257	0.012	0.023	1.56805286825812e-12	ZMYND19	c1
4.72054941635409e-17	-0.338028192637109	0.026	0.042	1.58317786325683e-12	TTC22	c1
4.77725556801741e-17	-0.107238108688457	0.109	0.141	1.60219597240168e-12	CHPF2	c1
4.85110825834346e-17	-0.329626445643365	0.027	0.043	1.62696468768323e-12	RAD54L2	c1
4.88540852427689e-17	-0.732286702922182	0.011	0.022	1.63846831087198e-12	KANK3	c1
4.89103081640918e-17	1.29600152568294	0.015	0.008	1.64035391520731e-12	TMEM220	c1
5.09187036402101e-17	-0.555587909185743	0.057	0.078	1.70771148268537e-12	TRBV28	c1
5.12798676201984e-17	-0.299684353417289	0.075	0.1	1.71982420024621e-12	NBPF15	c1
5.13972806349466e-17	-0.128818228686313	0.074	0.1	1.72376199793484e-12	GALC	c1
5.25956601514329e-17	-0.27567844406564	0.032	0.049	1.76395325015876e-12	FAM168A	c1
5.26246680937223e-17	-0.124786819036647	0.069	0.093	1.76492611852726e-12	ZNF426	c1
5.2648489311089e-17	-0.278099262282463	0.033	0.05	1.7657250345153e-12	UBOX5	c1
5.36971968809106e-17	-0.106861737485724	0.07	0.095	1.80089658899198e-12	BAP1	c1
5.48824079706852e-17	-0.152239603936676	0.048	0.069	1.84064619852084e-12	TMEM120B	c1
5.72110407930667e-17	-0.28709036320574	0.026	0.041	1.91874388611787e-12	TMED7	c1
5.79849258739957e-17	-0.357002568122361	0.023	0.037	1.94469844396207e-12	AC006449.6	c1
5.80313101914834e-17	-1.29324834083546	0.004	0.012	1.94625408120197e-12	FLVCR2	c1
5.88723739286731e-17	-0.304377004921318	0.024	0.039	1.97446167681984e-12	DBT	c1
5.95578978052575e-17	-1.13778855071128	0.006	0.015	1.99745277659273e-12	KLHL3	c1
6.14000495678417e-17	0.310889710647528	0.232	0.21	2.05923486240628e-12	NFKBID	c1
6.16928491916861e-17	-0.150434115197891	0.042	0.061	2.06905477619077e-12	TNFAIP1	c1
6.18106464909031e-17	-0.183941883943078	0.689	0.732	2.07300546201191e-12	HSPE1	c1
6.27759803167086e-17	-0.302870051109419	0.029	0.045	2.10538082786177e-12	SGPL1	c1
6.67042047147907e-17	-0.118779221540333	0.08	0.107	2.23712561772465e-12	SPIN1	c1
6.93726659620297e-17	-0.120941858948977	0.054	0.076	2.32662047103455e-12	ZNF749	c1
6.9526919351867e-17	-0.203207994904967	0.045	0.065	2.33179382122292e-12	NIPA1	c1
7.14547119857391e-17	-0.586189090159893	0.027	0.042	2.39644813057772e-12	TRBV6-2	c1
7.28272505048965e-17	-0.166643875806625	0.072	0.096	2.44248032743322e-12	ZNF141	c1
7.35775023667992e-17	0.667009702802697	0.057	0.041	2.46764227437771e-12	RARG	c1
7.73950159254721e-17	-0.263674956579051	0.028	0.044	2.59567404410848e-12	ZNF197	c1
7.84837233119085e-17	-0.431899064872648	0.018	0.031	2.63218711243479e-12	AP006621.3	c1
7.93977238321117e-17	0.242558700343281	0.383	0.376	2.66284086188136e-12	TMEM109	c1
8.18778491481416e-17	-0.118377008272293	0.079	0.106	2.74601930473037e-12	VPS45	c1
8.19247351851249e-17	-0.247979460728181	0.041	0.06	2.74759176863872e-12	CNNM2	c1
8.73011227161963e-17	-0.133111384919743	0.051	0.072	2.92790505365579e-12	AC027097.1	c1
8.78076732141795e-17	-0.256299228039765	0.022	0.036	2.94489374425715e-12	PQLC1	c1
8.9397216142959e-17	-1.13605108996594	0.003	0.011	2.99820383500256e-12	GRAMD1C	c1
8.98227095654816e-17	-0.124751723957349	0.056	0.078	3.01247403340712e-12	TNFAIP8L1	c1
9.02017305774124e-17	-0.188808998885758	0.066	0.09	3.02518564010526e-12	FUCA1	c1
9.13134837582551e-17	-0.156717837540178	0.124	0.156	3.06247161828436e-12	ZNF276	c1
9.46338136080417e-17	-1.32279394630973	0.003	0.011	3.1738288407865e-12	CARNS1	c1
9.54480215088732e-17	-0.141243395007039	0.035	0.053	3.20113574536459e-12	ESRRA	c1
9.92411949740979e-17	-0.665057714226577	0.01	0.02	3.3283511970413e-12	INO80B	c1
1.02680936667963e-16	-0.271186720421064	0.04	0.059	3.44371325397013e-12	LLGL2	c1
1.03844307781869e-16	-0.105460659509534	0.07	0.095	3.48273039438833e-12	APOL1	c1
1.04447873677462e-16	-0.13498582358684	0.074	0.099	3.50297278739473e-12	ZNF654	c1
1.05483573335075e-16	-0.238071504180616	0.027	0.043	3.53770808251175e-12	EARS2	c1
1.11638333454372e-16	-1.3570502872039	0.003	0.01	3.74412642739273e-12	RAB15	c1
1.13484160817256e-16	-0.671693455508099	0.006	0.015	3.80603178548912e-12	AFMID	c1
1.1427662085018e-16	-0.100473161656389	0.088	0.116	3.83260931007332e-12	GGA3	c1
1.15017694768717e-16	-0.170145992253515	0.049	0.07	3.85746344715325e-12	ODR4	c1
1.15092278964389e-16	-0.150280142911934	0.048	0.069	3.85996485190768e-12	TMEM94	c1
1.15137442745648e-16	-0.101349268879107	0.042	0.061	3.86147955480354e-12	NLE1	c1
1.18180112725271e-16	-0.393446273790287	0.022	0.036	3.96352462058015e-12	FBXW8	c1
1.18526662867197e-16	-0.291228839141961	0.024	0.039	3.97514721924006e-12	PQLC2	c1
1.18626800939127e-16	-0.185951978579549	0.051	0.072	3.97850564989645e-12	EPG5	c1
1.23301014177992e-16	-0.16068441327556	0.039	0.058	4.1352694135015e-12	PXN-AS1	c1
1.23352025807405e-16	-0.550191852107801	0.015	0.027	4.13698024152875e-12	TRAF3IP2-AS1	c1
1.25777540213592e-16	-0.251414925620798	0.03	0.046	4.21832714368346e-12	MTHFSD	c1
1.29077131381051e-16	-0.275214962339924	0.022	0.037	4.32898883225768e-12	MTFR1	c1
1.30948817415617e-16	-0.122169101403057	0.083	0.11	4.39176143848495e-12	SERTAD3	c1
1.35552330290875e-16	-0.104755898842587	0.364	0.429	4.54615405329535e-12	MFSD10	c1
1.36848103073021e-16	-0.255097451833879	0.027	0.043	4.58961168086298e-12	DHX35	c1
1.41118282962155e-16	-0.310281354404401	0.029	0.045	4.73282497398476e-12	MTSS1	c1
1.46476690572982e-16	-0.430183434711617	0.023	0.037	4.91253524843668e-12	FRAT1	c1
1.48081784193713e-16	-0.268741498452911	0.046	0.066	4.96636687828874e-12	HSPBAP1	c1
1.48619940728162e-16	-0.137474138421222	0.099	0.128	4.9844155721411e-12	SLC25A45	c1
1.54266482552365e-16	-0.195335452480034	0.034	0.052	5.17378929184122e-12	THAP8	c1
1.64272703447007e-16	-1.66014866149068	0.003	0.01	5.50937792820572e-12	AC005224.3	c1
1.71308914621462e-16	0.435553906897255	0.269	0.255	5.7453583785746e-12	DNAAF2	c1
1.76863510584985e-16	-0.96790931008626	0.004	0.012	5.93164841799924e-12	LRRC34	c1
1.7859278395122e-16	1.01012172461957	0.027	0.016	5.98964478815602e-12	B3GNT8	c1
1.79780884339858e-16	-0.102974097905899	0.14	0.176	6.02949129899017e-12	ZFYVE28	c1
1.81967624273101e-16	-0.368922466639046	0.03	0.046	6.10283018287125e-12	ITGAV	c1
1.8610441536193e-16	0.123492080536573	0.696	0.696	6.24156988240839e-12	MZT2B	c1
1.86563997646616e-16	0.38229168046826	0.208	0.186	6.25698335307222e-12	ENO2	c1
1.90394165612528e-16	0.147183523344418	0.554	0.562	6.38543952631297e-12	TSTD1	c1
1.9240595197708e-16	0.150872971851807	0.471	0.46	6.45291081740732e-12	TRAT1	c1
1.94124770423927e-16	-0.535685637880057	0.014	0.026	6.51055655047766e-12	ZCCHC18	c1
1.96628728867762e-16	0.907377402428479	0.024	0.014	6.59453430876699e-12	ROBO3	c1
2.01201957622983e-16	-0.104369558727695	0.062	0.085	6.74791125475962e-12	CNEP1R1	c1
2.01387519084739e-16	0.242378613579423	0.428	0.428	6.75413461506399e-12	ST3GAL1	c1
2.0444710085609e-16	-0.242809368480656	0.042	0.061	6.85674686851156e-12	CCR9	c1
2.20648776961229e-16	-0.288494810942083	0.026	0.041	7.40011868172568e-12	SEPSECS	c1
2.2430515736904e-16	-0.112870054006636	0.085	0.112	7.52274636784286e-12	SURF6	c1
2.26108018244748e-16	-0.435699973275419	0.022	0.036	7.58321071589235e-12	ZBTB37	c1
2.3153558439249e-16	-0.516861913674024	0.01	0.02	7.76524042935534e-12	ATP8B3	c1
2.32022451127275e-16	-0.206986773251588	0.052	0.073	7.78156896590655e-12	CAPN10	c1
2.33194267058044e-16	0.741822178043818	0.056	0.041	7.82086932859268e-12	IRS2	c1
2.34736499508414e-16	-0.383467010546199	0.03	0.046	7.8725927205132e-12	RAB11FIP2	c1
2.36520682276583e-16	-0.141589064371809	0.056	0.078	7.93243064219205e-12	BCDIN3D	c1
2.50853681933178e-16	1.38084482232028	0.012	0.005	8.41313078467493e-12	WWC2	c1
2.51158888193993e-16	-0.164169488980502	0.061	0.083	8.42336679225012e-12	PPP4R1	c1
2.60607790320899e-16	-0.129781222883044	0.036	0.054	8.74026407178231e-12	C9orf64	c1
2.60672862439385e-16	-0.19047116228252	0.677	0.714	8.74244646049209e-12	CLDND1	c1
2.65642129308751e-16	-0.278811412154695	0.031	0.047	8.90910573275689e-12	ZNF407	c1
2.69473339273948e-16	-0.369756391601937	0.018	0.031	9.03759685256967e-12	TRMT5	c1
2.78998996747129e-16	-0.577042996515054	0.007	0.017	9.35706835290521e-12	CKLF-CMTM1	c1
2.88903032343566e-16	-0.684474289629236	0.009	0.019	9.68922989873853e-12	LINC00528	c1
2.94453988637566e-16	-0.105830660802117	0.106	0.136	9.8753978709267e-12	VCPIP1	c1
2.95906274021469e-16	0.833001332972182	0.033	0.022	9.92410461813204e-12	MCC	c1
2.96475491064312e-16	-0.455529105341947	0.019	0.032	9.94319501931489e-12	WDR81	c1
2.96598561027395e-16	-0.916217320276671	0.006	0.014	9.94732253973679e-12	BRSK1	c1
3.01078601774073e-16	-0.221734156958519	0.036	0.053	1.00975741462989e-11	CCDC85C	c1
3.04906953259582e-16	-0.121031497362692	0.099	0.128	1.02259693984199e-11	CLASP2	c1
3.07766241636929e-16	-0.163800024749512	0.052	0.073	1.03218642120193e-11	DCAKD	c1
3.20174420957116e-16	-0.199944674014909	0.038	0.056	1.07380097300598e-11	REXO1	c1
3.29049409010279e-16	-0.165579796229208	0.08	0.105	1.10356590793867e-11	MED23	c1
3.32452061511271e-16	-0.281303563787347	0.015	0.028	1.1149777238965e-11	IBA57	c1
3.37636130097745e-16	-0.154265339177159	0.041	0.059	1.13236405312182e-11	AL135925.1	c1
3.4520642932498e-16	-0.380180532691726	0.018	0.031	1.15775332267012e-11	ZNF341	c1
3.64926605278433e-16	-0.965962598811594	0.007	0.015	1.22389084878281e-11	MTUS1	c1
3.70325573668969e-16	-0.116072021841023	0.522	0.598	1.24199790897099e-11	LAMP1	c1
3.75414280284706e-16	-0.122448068873811	0.055	0.077	1.25906441321885e-11	PPP1R9B	c1
3.7736773349183e-16	-0.350686517676039	0.007	0.016	1.2656159045849e-11	ERI2	c1
3.79311648813128e-16	-0.274876872422964	0.018	0.031	1.27213540778947e-11	EXO5	c1
3.83544713735854e-16	-0.122155151318086	0.087	0.114	1.28633226092731e-11	PEX6	c1
3.85304667376604e-16	-0.456278058702908	0.017	0.03	1.29223479344766e-11	KLC4	c1
3.86079751788181e-16	-0.455225621290852	0.01	0.02	1.2948342715472e-11	AL162258.2	c1
3.90959323465112e-16	-0.245077910439171	0.037	0.054	1.31119937903729e-11	ACBD4	c1
4.05417392279153e-16	-0.135984329666472	0.047	0.067	1.35968885022582e-11	SLC5A6	c1
4.32786544089934e-16	-0.140815720366624	0.089	0.116	1.45147951156882e-11	TAF1	c1
4.34380909110979e-16	-0.285695214740559	0.024	0.039	1.4568266929764e-11	DHFR2	c1
4.35023456978742e-16	-0.707032233477261	0.011	0.022	1.4589816700153e-11	CCDC136	c1
4.36161602211246e-16	-0.106628589528527	0.077	0.102	1.46279878149608e-11	MLXIP	c1
4.42926473869936e-16	-0.310257767344465	0.033	0.049	1.48548680806499e-11	ATXN1L	c1
4.59750578111479e-16	-0.771857591046587	0.007	0.016	1.54191148887028e-11	AC016831.5	c1
4.65111187619534e-16	1.31326864660219	0.011	0.005	1.55988990103839e-11	ZNF467	c1
4.67592716166491e-16	-0.110252716549913	0.112	0.142	1.56821245147918e-11	CRELD1	c1
4.79954781713138e-16	-0.101757734655995	0.145	0.181	1.60967234690952e-11	TOM1	c1
4.93459391462936e-16	-0.253152737374013	0.059	0.081	1.65496410708839e-11	ABCA7	c1
4.99205247268242e-16	-0.43635239897902	0.013	0.024	1.67423455828823e-11	NRL	c1
5.07438930109044e-16	-0.109961769472797	0.075	0.099	1.70184868379971e-11	ZNF350	c1
5.11243286764825e-16	-0.349455131624301	0.021	0.035	1.71460773515187e-11	PLEKHM2	c1
5.1664549677152e-16	-0.17107513632068	0.038	0.055	1.73272566707232e-11	KIAA2013	c1
5.17148485222456e-16	1.30359467808097	0.013	0.007	1.73441258973907e-11	ACVR2A	c1
5.19615769426837e-16	-0.1005695819201	0.076	0.102	1.74268736750373e-11	RIPK3	c1
5.25501826403484e-16	-0.199942781154179	0.058	0.079	1.76242802539201e-11	ABHD15	c1
5.34751906869567e-16	-0.131297786299442	0.435	0.499	1.79345094525915e-11	SIVA1	c1
5.36335269166705e-16	-0.134589838347838	0.044	0.063	1.79876122573129e-11	TRUB1	c1
5.53052083858863e-16	-0.456343373343548	0.016	0.028	1.85482607884586e-11	CLCN6	c1
5.55192050044208e-16	0.923128897878087	0.038	0.026	1.86200309743827e-11	AC111182.1	c1
5.62764719343559e-16	-1.22253448722738	0.003	0.01	1.88740031573443e-11	MFSD2A	c1
5.94011952610432e-16	-0.282942997042742	0.025	0.04	1.99219728666487e-11	SPSB2	c1
6.01192534716126e-16	-0.970549357934646	0.004	0.012	2.01627952293094e-11	AC239868.2	c1
6.45292558316517e-16	-0.338933665769132	0.02	0.033	2.16418218208194e-11	CCDC71L	c1
6.54938432828332e-16	-0.367016130866188	0.011	0.022	2.19653251601966e-11	MTBP	c1
6.57722661319018e-16	-0.145291815175034	0.022	0.036	2.20587026153172e-11	MBD3	c1
6.58783905188512e-16	-0.169765720682294	0.051	0.072	2.20942946122123e-11	POMT1	c1
6.71212029799179e-16	-0.171733211432391	0.054	0.074	2.25111090554049e-11	ZNF260	c1
6.83468637766613e-16	-0.756151450797542	0.006	0.014	2.29221711734167e-11	HECTD2	c1
6.95060162728573e-16	-0.46067662591028	0.018	0.03	2.33109277375909e-11	ZNF707	c1
7.17823752444856e-16	-0.339072594703313	0.022	0.035	2.40743730094956e-11	KIAA0753	c1
7.19427430167441e-16	-0.162946626659109	0.036	0.053	2.41281571529556e-11	ACOX3	c1
7.27921068953018e-16	-0.107634358198644	0.056	0.077	2.44130168105463e-11	SRGAP2C	c1
7.36495749066764e-16	-0.205439366536777	0.038	0.055	2.47005944322011e-11	SAMD4B	c1
7.36803377551738e-16	-0.163134274074394	0.052	0.072	2.47109116763302e-11	STK38L	c1
7.41020423977208e-16	-0.17792105739663	0.022	0.036	2.48523429793476e-11	PHC2	c1
7.42124858905985e-16	-0.154500169220066	0.078	0.103	2.48893835179889e-11	DENND6A	c1
7.42557062115432e-16	-0.167846098546031	0.072	0.096	2.49038787492274e-11	PVRIG	c1
7.65047776388218e-16	-0.156101319113009	0.021	0.034	2.56581723245081e-11	MSH5	c1
7.68485081312729e-16	-0.20257949347831	0.063	0.086	2.57734526570663e-11	KMT2D	c1
7.83643071166597e-16	-0.269248075029835	0.032	0.048	2.62818213207853e-11	MOB1B	c1
7.85685659433925e-16	-0.106729992731518	0.071	0.095	2.6350325646095e-11	ASB16-AS1	c1
7.90565876837223e-16	0.598067292638779	0.083	0.065	2.65139983773668e-11	ITGA5	c1
8.03796325027206e-16	-0.813029183405359	0.005	0.013	2.69577211487624e-11	NRAV	c1
8.12837913767592e-16	-0.10292812914562	0.402	0.472	2.72609579519375e-11	USP15	c1
8.348214089741e-16	-0.117567269825275	0.05	0.07	2.79982404141734e-11	C11orf71	c1
8.42977284640743e-16	-0.182348889889839	0.044	0.063	2.82717721722812e-11	TIMM23B	c1
9.3521805502037e-16	-0.646628589667165	0.009	0.019	3.13653431292732e-11	TRIM61	c1
9.59447840567278e-16	-0.446360882208318	0.035	0.051	3.21779616769454e-11	KIAA1324	c1
9.64770870716189e-16	-0.169894151310592	0.04	0.058	3.23564854620795e-11	SLC9B2	c1
1.04531408230811e-15	-0.611642515234834	0.031	0.047	3.50577436924493e-11	LYPD3	c1
1.0467580885229e-15	-0.345886727628351	0.035	0.051	3.51061727728811e-11	RTL6	c1
1.06481716259335e-15	-0.171728902179115	0.053	0.073	3.57118379990558e-11	ZNF529	c1
1.10871012826844e-15	-0.125074733766234	0.105	0.134	3.71839202818671e-11	ZNF708	c1
1.17836657439985e-15	-0.545017865749928	0.012	0.023	3.95200581722222e-11	NPL	c1
1.18353028269571e-15	0.921303778784678	0.02	0.012	3.96932386210486e-11	DOCK7	c1
1.21979107251383e-15	-0.21341288566878	0.036	0.054	4.09093529899687e-11	IPMK	c1
1.28458565088653e-15	-0.171042019344814	0.059	0.081	4.30824335594325e-11	ELP1	c1
1.29063760683254e-15	-0.123763293866861	0.059	0.08	4.32854040579497e-11	PIGL	c1
1.29160512122799e-15	-1.44979665867225	0.007	0.017	4.33178525557445e-11	TRBV7-4	c1
1.29741530420608e-15	-0.193059331610173	0.029	0.045	4.35127144724636e-11	SPRYD4	c1
1.31330929362718e-15	-1.18136056258919	0.003	0.01	4.40457670896684e-11	ADAM9	c1
1.34419928727061e-15	-0.142222739826155	0.075	0.099	4.50817556964817e-11	TMEM168	c1
1.36261038644408e-15	-0.256162180752732	0.028	0.043	4.56992271405614e-11	AP5B1	c1
1.41218676394194e-15	-0.160923349692238	0.094	0.121	4.73619196890849e-11	ZNF224	c1
1.41531625934163e-15	-0.155546267009155	0.027	0.042	4.74668767057997e-11	SWSAP1	c1
1.4775629185868e-15	-0.129055110479066	0.046	0.065	4.95545051635642e-11	PIGN	c1
1.49772207388416e-15	-0.173423018348874	0.047	0.067	5.02306029139269e-11	TMEM161B	c1
1.5249771133158e-15	-0.39835035174782	0.019	0.032	5.11446824263853e-11	PRDM10	c1
1.58713304997386e-15	-0.479012909682853	0.013	0.024	5.32292682300234e-11	RBAK	c1
1.59246192302388e-15	0.422593831961492	0.189	0.169	5.3407987974375e-11	IL18R1	c1
1.60282863805618e-15	-0.412491806754372	0.013	0.025	5.37556668631281e-11	TMEM201	c1
1.60779517083533e-15	-0.131858441820508	0.046	0.065	5.39222344394754e-11	SLC35D1	c1
1.65056184560216e-15	-0.118485977868373	0.079	0.104	5.53565431778051e-11	PCYOX1L	c1
1.70404084991084e-15	-0.105432052917103	0.048	0.067	5.71501220243099e-11	RDH13	c1
1.75605987488628e-15	-0.130310649135234	0.053	0.074	5.88947360839361e-11	LCLAT1	c1
1.79033822600563e-15	0.165729648111422	0.495	0.492	6.00443634237767e-11	TSPO	c1
1.81214368465781e-15	0.338107054806397	0.252	0.233	6.07756748960536e-11	AHR	c1
1.90704573503035e-15	-0.224909895395615	0.014	0.025	6.39584998614478e-11	COA7	c1
1.94297517945077e-15	-0.773274482375141	0.007	0.016	6.51635015684199e-11	LINC01004	c1
1.94700936571865e-15	0.100717494545451	0.744	0.743	6.5298800107472e-11	POLR2L	c1
1.95631997461478e-15	-0.122399684265487	0.052	0.072	6.56110593086305e-11	PPRC1	c1
1.99437672890187e-15	-0.337760317280483	0.021	0.035	6.68874067339108e-11	PHF13	c1
2.02196467112151e-15	-0.604155862480577	0.009	0.019	6.78126511400731e-11	AC103691.1	c1
2.02292566170855e-15	-0.21642842458127	0.037	0.055	6.78448808423813e-11	ETAA1	c1
2.04822949754878e-15	-0.174336233115737	0.052	0.072	6.86935208887911e-11	PIP5K1C	c1
2.05420646838883e-15	-0.231879276151588	0.139	0.171	6.88939765368245e-11	P2RY8	c1
2.120754021344e-15	0.799108264670559	0.038	0.026	7.11258483678351e-11	AC136475.3	c1
2.17437944023302e-15	-0.271277447560691	0.03	0.046	7.29243376665351e-11	SLC39A11	c1
2.32241587370222e-15	0.680807026908993	0.031	0.02	7.78891835722252e-11	TRBV30	c1
2.32593916002326e-15	-0.291105484726891	0.023	0.036	7.800734754886e-11	AC060780.1	c1
2.42326253810738e-15	-0.174121275851528	0.043	0.061	8.12713790030452e-11	TRMT12	c1
2.44744241255022e-15	-0.26454650401145	0.023	0.037	8.20823236321094e-11	GIT1	c1
2.46349361976903e-15	-0.120918739381756	0.08	0.105	8.26206490198139e-11	SNX19	c1
2.53981749545494e-15	-0.18801241425775	0.032	0.048	8.51803991625678e-11	ATXN7L3	c1
2.5811088993134e-15	-0.412116873676485	0.02	0.033	8.65652302651729e-11	MBTD1	c1
2.66435466570217e-15	-0.146280725075526	0.038	0.055	8.93571267783195e-11	C1orf109	c1
2.72444359200499e-15	-0.3046341636435	0.031	0.047	9.13723891886633e-11	HLCS	c1
2.74322245299538e-15	-0.12752324724872	0.059	0.08	9.20021946285591e-11	SENP2	c1
2.77679095861384e-15	0.15809543375285	0.544	0.55	9.31280151699909e-11	ATP1A1	c1
2.84056010163456e-15	-0.916589492563565	0.007	0.015	9.52667046886197e-11	ZKSCAN7	c1
2.86807693771209e-15	-0.970380225020261	0.007	0.016	9.61895643369881e-11	FRY	c1
2.97646686282413e-15	-0.162377836802346	0.065	0.088	9.98247456453958e-11	FCHSD2	c1
3.11314081276622e-15	-0.151785542048872	0.052	0.072	1.04408516578553e-10	EIF3J-DT	c1
3.29002857651026e-15	-0.196089840424377	0.039	0.056	1.10340978399001e-10	SRP14-AS1	c1
3.32057497791821e-15	0.508406073053881	0.084	0.066	1.11365443609421e-10	BBS2	c1
3.33980805202043e-15	-0.207948706250091	0.034	0.05	1.12010482448661e-10	SLC38A6	c1
3.38988731928048e-15	-0.341173909332186	0.025	0.039	1.13690040914029e-10	AJM1	c1
3.45060811455274e-15	-0.327933630957522	0.008	0.017	1.1572649494587e-10	HIST1H4D	c1
3.54502321553014e-15	-1.28906137344302	0.01	0.019	1.1889298860245e-10	MS4A1	c1
3.55234274583912e-15	-0.155337068718271	0.054	0.075	1.19138471009953e-10	BTBD7	c1
3.59459058058992e-15	-0.222061055132749	0.03	0.046	1.20555378891825e-10	CCZ1B	c1
3.60752511227019e-15	-0.11876918535152	0.034	0.051	1.20989177215318e-10	VARS2	c1
3.62677446325864e-15	-0.227100637915646	0.021	0.034	1.21634761948768e-10	FOXK2	c1
3.64895108436233e-15	-0.135085636197119	0.324	0.384	1.22378521467344e-10	UGP2	c1
3.91300699940149e-15	-0.190140223825849	0.033	0.049	1.31234428745927e-10	SETD1A	c1
3.92203557651275e-15	-0.519143290714649	0.016	0.028	1.31537229165085e-10	ZSCAN30	c1
3.92841673213955e-15	-0.153393812442356	0.053	0.073	1.31751240362496e-10	GALNS	c1
4.17144358291532e-15	-0.274086941947949	0.034	0.05	1.39901874883814e-10	MAP3K14-AS1	c1
4.37734791483548e-15	-0.162707084409383	0.062	0.083	1.46807494367752e-10	ZNF134	c1
4.48682914581716e-15	-0.113074964789318	0.082	0.107	1.50479275892416e-10	ZNF592	c1
4.61992652927255e-15	0.119092807163194	0.514	0.5	1.54943095938743e-10	SYTL3	c1
4.68756001570924e-15	-0.2774521112978	0.03	0.045	1.57211387806857e-10	SLC16A1-AS1	c1
4.69839401652448e-15	-0.115106070317897	0.055	0.076	1.57574738526198e-10	DNAJC13	c1
4.70234711074664e-15	-1.20925874995586	0.003	0.01	1.57707317400221e-10	AC009065.4	c1
4.70748874445311e-15	0.937305269730594	0.029	0.018	1.57879757511468e-10	LTC4S	c1
4.77328368726397e-15	-0.196055996910091	0.035	0.052	1.60086388303459e-10	TAF13	c1
5.25206520814903e-15	1.08358760545455	0.015	0.008	1.76143762950902e-10	AC009041.2	c1
5.26802399029632e-15	-0.25566944122277	0.032	0.048	1.76678988586558e-10	PRICKLE3	c1
5.27705810663486e-15	-0.529535601478204	0.023	0.037	1.7698197478032e-10	FHIT	c1
5.62287211229429e-15	-0.113533251601868	0.05	0.069	1.88579884902126e-10	ZNF174	c1
5.76526860997492e-15	-0.115023514029284	0.072	0.095	1.93355578641339e-10	ZNF264	c1
5.8351860999151e-15	-0.351006035773145	0.025	0.039	1.95700471418953e-10	PIGA	c1
6.24607424522856e-15	-0.243367236977436	0.033	0.049	2.09480838036476e-10	APPL2	c1
6.29477072109028e-15	0.131773249865526	0.561	0.556	2.11114020443926e-10	PPA1	c1
6.31877867735262e-15	-0.237650349100001	0.033	0.049	2.11919199281052e-10	TRIM34	c1
6.39064083889582e-15	-0.787608257827223	0.006	0.015	2.14329312454888e-10	GCC2-AS1	c1
6.41867067681685e-15	-0.307748960207404	0.02	0.033	2.15269377159084e-10	AC105446.1	c1
6.54549287700405e-15	-0.404660940878673	0.023	0.036	2.19522740108962e-10	STXBP5	c1
6.61192738843438e-15	-0.101449200470515	0.027	0.042	2.21750820753312e-10	WDR4	c1
6.86155171329777e-15	0.523933662321988	0.053	0.038	2.30122721360581e-10	ZMAT1	c1
6.97187974499814e-15	-0.102226877226088	0.807	0.851	2.33822902887748e-10	CIRBP	c1
7.0644103805355e-15	-0.190193501468415	0.059	0.08	2.369261953424e-10	FTX	c1
7.17379519302174e-15	-0.583469548452103	0.012	0.022	2.40594743183563e-10	AGBL3	c1
7.6811014770389e-15	-0.191372585277992	0.012	0.022	2.57608781336931e-10	IMPA2	c1
7.98300901812439e-15	-0.302670705065759	0.017	0.029	2.67734156449856e-10	RSPH3	c1
8.01321057920222e-15	-0.172613932497996	0.052	0.072	2.68747056405284e-10	FAM8A1	c1
8.26686967651317e-15	-0.110754560676772	0.069	0.091	2.77254275210899e-10	STRBP	c1
8.33782740749434e-15	0.296038128299939	0.225	0.204	2.79634055592545e-10	F2R	c1
8.36143905158484e-15	-0.542642982116525	0.012	0.023	2.80425942912052e-10	C9orf3	c1
8.36270776906265e-15	0.313321602839454	0.315	0.306	2.80468493158823e-10	PABPC4	c1
8.40085305420695e-15	-0.196802110867863	0.045	0.063	2.81747809731993e-10	ARFGEF2	c1
8.47622375290461e-15	-0.170639066448341	0.045	0.063	2.84275592224915e-10	ARHGEF19	c1
8.61325666442981e-15	-0.123456453487951	0.107	0.136	2.88871402011647e-10	ITPKB	c1
8.65022982307085e-15	-0.1730569388209	0.059	0.08	2.9011140780615e-10	PIK3R4	c1
8.68821471199304e-15	-0.155476266879428	0.05	0.07	2.91385345010823e-10	RBM12B	c1
8.6960819781007e-15	-0.12922689574205	0.045	0.063	2.91649197381541e-10	POLR1B	c1
8.71666798491488e-15	-0.135174665573728	0.062	0.084	2.92339610878075e-10	NRDE2	c1
8.80527447199514e-15	-0.261266953859497	0.028	0.043	2.95311295241773e-10	PCNX3	c1
8.86655749943406e-15	-0.973334175600058	0.008	0.017	2.97366605416019e-10	VIPR1	c1
9.07122995063602e-15	-0.149544717585788	0.048	0.067	3.04230910084431e-10	FAM200A	c1
9.2626134106671e-15	-1.27043305145408	0.003	0.01	3.10649528566953e-10	AL163051.1	c1
9.31726095330565e-15	-0.145518087503925	0.058	0.078	3.12482297851965e-10	MIGA2	c1
9.72669118359673e-15	-0.128175483899855	0.037	0.054	3.26213768915467e-10	TMEM186	c1
9.74657653919235e-15	-0.738348737958169	0.008	0.017	3.26880683971433e-10	RXRA	c1
1.00852353663786e-14	0.4832804159023	0.155	0.136	3.38238623717606e-10	VAT1	c1
1.01109037930312e-14	-0.600385986433727	0.009	0.019	3.3909949141068e-10	EXTL2	c1
1.01361763405018e-14	-0.888332600687154	0.005	0.013	3.39947082107748e-10	AGBL2	c1
1.02270235968167e-14	-0.367321359565959	0.026	0.041	3.42993917390037e-10	ZFYVE26	c1
1.02809638985282e-14	-0.106670155823843	0.05	0.069	3.44802967228838e-10	THTPA	c1
1.05962904311181e-14	-0.120682233308815	0.017	0.029	3.55378388478839e-10	RAD54B	c1
1.11766318146224e-14	0.580355942176874	0.074	0.058	3.74841877798805e-10	ATP1B1	c1
1.13271246226414e-14	-0.233699144528224	0.032	0.048	3.79889105594147e-10	PAXIP1-AS1	c1
1.17354105780401e-14	-0.121359082172062	0.072	0.095	3.93582199966308e-10	TMEM184C	c1
1.17460571751658e-14	-0.508928231504949	0.01	0.02	3.93939265540709e-10	FBXL19	c1
1.19867356802074e-14	-1.1898453607643	0.018	0.03	4.02011141242796e-10	TRBV21-1	c1
1.2208466470258e-14	-0.238457646692476	0.034	0.05	4.09447548479514e-10	MMAA	c1
1.22277868112939e-14	-0.102210225972143	0.449	0.518	4.10095514077175e-10	NUCB1	c1
1.26463477737546e-14	-0.227788593732297	0.024	0.038	4.2413321163618e-10	DENND3	c1
1.26756261566377e-14	0.158279160300281	0.545	0.555	4.25115150041317e-10	RPN2	c1
1.26768825271326e-14	-0.706186954756243	0.007	0.015	4.25157286194972e-10	NAPSA	c1
1.26880625735931e-14	-0.102102091667884	0.089	0.115	4.25532242593166e-10	WDR37	c1
1.27724894455437e-14	-0.41579226075422	0.015	0.026	4.28363751024645e-10	GNA12	c1
1.35910924865867e-14	1.27110164184402	0.013	0.007	4.55818059815146e-10	C8orf88	c1
1.393512036968e-14	-1.58484209677389	0.003	0.01	4.67356066958328e-10	SEMA4A	c1
1.43793765622495e-14	-0.618565444108564	0.01	0.02	4.82255531144725e-10	LRRC8C-DT	c1
1.44092736145946e-14	-0.180046807454764	0.054	0.074	4.83258218486272e-10	TUBGCP6	c1
1.50024110236183e-14	-0.129966522809405	0.031	0.046	5.03150860910111e-10	ADNP2	c1
1.50498251922093e-14	-0.916145585689503	0.006	0.015	5.04741037296316e-10	RASGEF1A	c1
1.53815928172611e-14	-0.224013479677868	0.033	0.049	5.15867859905302e-10	ABHD4	c1
1.72109546308216e-14	-0.609996586016739	0.014	0.025	5.77220996408495e-10	TRGV5P	c1
1.77255442441323e-14	-0.178045340684246	0.036	0.053	5.9447930285971e-10	SAMD10	c1
1.8535922591691e-14	-0.262793084109117	0.027	0.041	6.21657771880132e-10	ZBTB49	c1
1.95243586285714e-14	-0.529557278567141	0.013	0.023	6.54807939685027e-10	TRIM62	c1
2.02014821388792e-14	-1.12526432351166	0.004	0.011	6.77517307973731e-10	RORA-AS1	c1
2.03694665318289e-14	-0.132512905765549	0.034	0.05	6.83151168544478e-10	GTF2E1	c1
2.10440032630187e-14	-0.220968067723291	0.054	0.073	7.05773781435122e-10	ARL4D	c1
2.12392946816134e-14	-0.341844327871852	0.013	0.024	7.12323465031949e-10	GTPBP2	c1
2.14507687680556e-14	-1.1825214535019	0.003	0.01	7.19415882943049e-10	LINC00672	c1
2.1704660434042e-14	-0.201966544762302	0.044	0.062	7.27930901636901e-10	ZNF354A	c1
2.17196056904045e-14	-0.20688892944035	0.016	0.028	7.28432135644785e-10	PMF1-BGLAP	c1
2.25103680194729e-14	-1.13497521912565	0.004	0.011	7.54952722637082e-10	COL9A2	c1
2.26072657024123e-14	-0.209286908572787	0.046	0.064	7.58202477127504e-10	CFL2	c1
2.35859032399781e-14	-0.667636580538991	0.008	0.016	7.91024022862387e-10	FAM43A	c1
2.43946399013851e-14	-0.118173843993536	0.049	0.068	8.18147433012655e-10	WDR60	c1
2.51349983990632e-14	-0.166730466361547	0.059	0.079	8.42977576307781e-10	ZNF518B	c1
2.52485355507893e-14	-0.112285217579621	0.107	0.135	8.4678538530237e-10	NUDT14	c1
2.59283786697574e-14	-0.122566945564238	0.093	0.119	8.69585963826325e-10	DDX60	c1
2.77683126867044e-14	-0.219680759367345	0.056	0.075	9.31293670886692e-10	H6PD	c1
2.94508633596738e-14	-0.199102602343146	0.038	0.054	9.87723055356741e-10	ZNF562	c1
2.9800158157848e-14	-0.210863411873607	0.039	0.056	9.99437704297907e-10	WDR47	c1
3.1739101101819e-14	0.10915837260755	0.738	0.74	1.0644659727528e-09	TMEM258	c1
3.22680694332649e-14	-0.215806033758589	0.035	0.051	1.08220651265284e-09	PHKA2	c1
3.31567117421961e-14	-0.221801696896581	0.026	0.04	1.11200979840977e-09	NUDT19	c1
3.51232531280984e-14	-0.431253122222504	0.013	0.024	1.17796366341016e-09	SLX4	c1
3.52215693222094e-14	0.912627057431507	0.023	0.014	1.18126099192826e-09	ZFP28	c1
3.61535387836896e-14	-0.121905914330298	0.089	0.114	1.21251738372738e-09	MAPK8IP3	c1
3.6455349075512e-14	-0.256115545850845	0.021	0.034	1.22263949729452e-09	UTP14C	c1
3.65518857033341e-14	-0.315823496751568	0.017	0.028	1.22587714271842e-09	FLVCR1	c1
3.69028819341789e-14	-0.119980661323968	0.042	0.06	1.23764885430849e-09	SLC27A5	c1
3.91713704835854e-14	-0.120424587929143	0.051	0.069	1.31372942327849e-09	SIAH1	c1
3.98576785445526e-14	-0.284789807515337	0.017	0.029	1.33674682302721e-09	URB1-AS1	c1
4.05464583083624e-14	0.745019201049962	0.079	0.063	1.35984711874586e-09	FAH	c1
4.24767576984494e-14	-0.343607578445846	0.019	0.032	1.4245854996906e-09	PEAK1	c1
4.48507092467007e-14	-0.302645089778422	0.02	0.032	1.50420308671585e-09	ZNF280C	c1
4.49710553604855e-14	-0.183850041458031	0.045	0.062	1.50823925467996e-09	ZNF605	c1
4.60258516391996e-14	-0.182426114007517	0.039	0.055	1.54361501227548e-09	HSDL1	c1
4.78998200015181e-14	-0.130551269281781	0.039	0.055	1.60646416321092e-09	CYB5D2	c1
4.80598964520335e-14	-0.494392515567081	0.01	0.019	1.6118328072083e-09	RGS9	c1
5.02944391662618e-14	-0.360114001919491	0.02	0.032	1.68677490075809e-09	AC058791.1	c1
5.22515241718484e-14	-0.119705962152565	0.102	0.129	1.75241161767545e-09	FMNL3	c1
5.2658146339391e-14	-0.404800448995458	0.02	0.033	1.7660489119305e-09	CFD	c1
5.26691493273124e-14	-0.947812558635644	0.004	0.012	1.7664179301394e-09	AC009237.14	c1
5.43315969766535e-14	-0.157094910097989	0.03	0.045	1.822173099403e-09	PTDSS2	c1
5.51729316720984e-14	1.30710888693563	0.011	0.006	1.85038978241884e-09	ZFR2	c1
5.60333758730096e-14	-0.222140223676453	0.014	0.025	1.879247360029e-09	HIST1H4J	c1
5.7250337005102e-14	-0.605161012357428	0.012	0.022	1.92006180247711e-09	DGKQ	c1
5.79487770861116e-14	-0.287228732571429	0.025	0.039	1.94348608591401e-09	SCRIB	c1
5.82143691585641e-14	-0.172852711917775	0.042	0.059	1.95239351283992e-09	ZNF836	c1
6.18707125860256e-14	-0.294260215687324	0.02	0.032	2.07501995871013e-09	PARL	c1
6.40835961737637e-14	-0.137194777259479	0.057	0.077	2.14923564847569e-09	MYO18A	c1
6.55499004464312e-14	-0.226487803651984	0.061	0.081	2.19841256117241e-09	ZHX2	c1
6.95465333558699e-14	-0.444197354001812	0.009	0.018	2.33245163568916e-09	AC091729.3	c1
6.95990531424097e-14	-0.186716245895286	0.03	0.044	2.33421304429014e-09	TRAV5	c1
7.02400389780732e-14	0.154763913678034	0.687	0.708	2.35571042724662e-09	SELENOK	c1
7.03322019544983e-14	0.796463352105659	0.029	0.019	2.35880138914996e-09	AC133644.2	c1
7.03711227928975e-14	-0.169423071584923	0.039	0.056	2.3601067162282e-09	MTHFR	c1
7.5364934497316e-14	-0.131923283548879	0.098	0.124	2.52758917317098e-09	ERO1B	c1
7.71826289548673e-14	-0.103768445435663	0.027	0.04	2.58855100988834e-09	SNHG10	c1
7.83041544043801e-14	-0.111124616740736	0.705	0.759	2.6261647304141e-09	SKAP1	c1
7.91251178881105e-14	0.747408369908551	0.037	0.026	2.65369820373145e-09	WNT1	c1
8.05460946751274e-14	-0.138898552826285	0.025	0.038	2.70135492321442e-09	MCU	c1
8.23354571891143e-14	-0.256506791095547	0.019	0.03	2.76136656320852e-09	KYAT1	c1
8.30932368846361e-14	-0.161270245923528	0.044	0.061	2.78678097863692e-09	FIG4	c1
8.42744172318633e-14	-0.157235405136725	0.036	0.052	2.82639540512223e-09	ZNF213-AS1	c1
8.659115867496e-14	-1.02297014480635	0.006	0.014	2.90409427964081e-09	USP51	c1
8.88027892305257e-14	-0.175536303105855	0.041	0.058	2.97826794521337e-09	EXD3	c1
8.95800194753685e-14	-0.67512262593173	0.008	0.016	3.00433469316491e-09	ARRDC3-AS1	c1
9.00003375101115e-14	-0.243032768144599	0.01	0.019	3.01843131941412e-09	RFX2	c1
9.27586771067088e-14	-0.142757631098682	0.038	0.054	3.1109405128048e-09	CCNY	c1
9.32916290731913e-14	-0.200303418854561	0.037	0.053	3.12881465585669e-09	EOGT	c1
9.41342829513282e-14	0.66264912639914	0.053	0.04	3.15707558162164e-09	KLF11	c1
9.48760441832693e-14	-0.141259602091955	0.067	0.088	3.18195276981849e-09	IFIH1	c1
9.61689259330714e-14	1.04461201909782	0.023	0.014	3.22531343794335e-09	AFDN	c1
9.74209836788238e-14	-0.135339211453036	0.047	0.065	3.26730495062039e-09	CPEB4	c1
9.77600118088582e-14	-0.562109625093293	0.007	0.015	3.27867527604549e-09	RHOBTB2	c1
9.91592364812484e-14	0.415853786390131	0.177	0.158	3.32560247310811e-09	AC026979.2	c1
9.95247050031984e-14	-0.173466848383201	0.481	0.528	3.33785955639727e-09	THEMIS	c1
1.05032485144183e-13	0.24293147003235	0.373	0.368	3.52257948676562e-09	FLOT1	c1
1.11893957732137e-13	-0.49759655792093	0.011	0.02	3.75269955442043e-09	ZNF337-AS1	c1
1.11955487685125e-13	0.389583132989518	0.055	0.041	3.75476314598371e-09	TRBV2	c1
1.15136023728499e-13	-0.435379706450131	0.016	0.027	3.86143196380641e-09	LRP5L	c1
1.16072977500459e-13	-0.136847279705729	0.035	0.05	3.8928555194104e-09	WRN	c1
1.17090985890483e-13	-0.114563678066121	0.051	0.07	3.92699748479502e-09	DUSP18	c1
1.19678455964105e-13	-0.183882868988452	0.053	0.072	4.01377605612416e-09	PAOX	c1
1.25723260865798e-13	0.409532008314651	0.191	0.174	4.21650672291713e-09	LEPROT	c1
1.2871989485753e-13	-0.171399291316502	0.402	0.451	4.31700783373184e-09	GPR65	c1
1.28852391499684e-13	-0.260476638463818	0.029	0.043	4.32145150611639e-09	SEMA4B	c1
1.35407521029853e-13	-0.429412319241991	0.015	0.026	4.54129744029919e-09	SLC15A4	c1
1.35716651377938e-13	-0.502505434347249	0.012	0.021	4.55166505391327e-09	ZFPM1	c1
1.36555553352066e-13	-0.314597462978718	0.012	0.022	4.57980014832159e-09	MPND	c1
1.37475352729116e-13	-0.137961625076074	0.046	0.063	4.61064837982908e-09	STRN3	c1
1.41038692735421e-13	1.0324258993354	0.018	0.01	4.73015567696055e-09	UBE2E2	c1
1.46680105447254e-13	-0.391288431145639	0.017	0.029	4.91935737649e-09	PRDM15	c1
1.53275974587997e-13	-1.12541686096496	0.004	0.011	5.14056963573225e-09	N4BP3	c1
1.57532316641351e-13	-0.282365026574396	0.021	0.033	5.28331883551765e-09	LSM14B	c1
1.60081017182613e-13	-0.233980898790591	0.036	0.052	5.36879715427047e-09	CASTOR1	c1
1.65432148247195e-13	-0.164996650750953	0.045	0.062	5.54826338791443e-09	RIC8B	c1
1.68810543247715e-13	0.323673388056855	0.246	0.229	5.66156799944187e-09	CRYBG1	c1
1.74960549468859e-13	-0.727337586558602	0.006	0.014	5.86782690808658e-09	AL513550.1	c1
1.90700089041121e-13	-0.13078579229359	0.071	0.093	6.39569958626113e-09	SAMD8	c1
2.02386806423917e-13	-0.250166325671077	0.019	0.031	6.78764871384532e-09	KAT14	c1
2.11345629212823e-13	-0.250781699122162	0.02	0.031	7.08810971253966e-09	NMNAT1	c1
2.11698883468687e-13	0.312201403577509	0.269	0.254	7.09995715377284e-09	A1BG	c1
2.15130339928729e-13	-0.147649634008348	0.057	0.076	7.2150413405297e-09	HIP1	c1
2.15656642192946e-13	-0.189578193156271	0.028	0.042	7.23269246586702e-09	MTX3	c1
2.15825423422747e-13	-0.234911018009134	0.029	0.043	7.23835305075208e-09	LIG4	c1
2.15985645068876e-13	-0.397589970878546	0.02	0.032	7.24372656431996e-09	GALNT3	c1
2.1755800502918e-13	-0.106691822914351	0.053	0.071	7.29646037266863e-09	XPR1	c1
2.29224752033518e-13	-0.295664703220874	0.017	0.028	7.68773973370012e-09	GTF3C4	c1
2.43769248733899e-13	-0.299257830458873	0.018	0.03	8.17553306403750e-09	CHKB-DT	c1
2.43784682323814e-13	0.583319403402896	0.07	0.055	8.17605067577608e-09	ZNF250	c1
2.5401411990877e-13	-0.128491290964396	0.084	0.107	8.51912555350033e-09	C3orf58	c1
2.58012040053795e-13	-0.206717726382788	0.031	0.046	8.65320779932417e-09	WDR35	c1
2.60165274316663e-13	-0.864101863141093	0.005	0.012	8.72542297003224e-09	NRSN2-AS1	c1
2.63690852964593e-13	0.810353260146954	0.026	0.017	8.84366382672653e-09	KRTCAP3	c1
2.68423659861492e-13	-0.220107781780121	0.035	0.05	9.00239270443472e-09	GORASP1	c1
2.71585724070508e-13	-1.2899391581802	0.003	0.01	9.1084420138767e-09	PTGIS	c1
2.73935787139908e-13	-0.38908442987065	0.023	0.035	9.18725842909825e-09	LMO7	c1
2.89250933543061e-13	0.405110802315352	0.218	0.204	9.70089780916718e-09	MAP4K2	c1
2.90248281710113e-13	-0.169510856704185	0.047	0.065	9.73434687199378e-09	PBX2	c1
3.04733503442495e-13	-0.214562079822142	0.022	0.034	1.02201522384544e-08	TMEM143	c1
3.10625101960244e-13	0.418249425568306	0.178	0.161	1.04177446695427e-08	GNPDA1	c1
3.12409926906588e-13	-0.128259131093032	0.059	0.078	1.04776041285931e-08	SUFU	c1
3.14061159689592e-13	-0.229957126419825	0.026	0.039	1.05329831736695e-08	ARIH2OS	c1
3.14098488642354e-13	-0.51279359158961	0.01	0.019	1.05342351120873e-08	NLK	c1
3.18660484912991e-13	-0.25193660110911	0.021	0.033	1.06872353430119e-08	USP30	c1
3.19989972734275e-13	-0.176404209306673	0.036	0.051	1.07318237055621e-08	F8	c1
3.39678852477022e-13	-0.528983804700396	0.015	0.026	1.13921493543744e-08	SLC7A4	c1
3.40835835109361e-13	-0.434101980213589	0.007	0.016	1.14309522378978e-08	AC011447.3	c1
3.6092258720689e-13	-0.116402459070501	0.059	0.078	1.21046217297447e-08	FAM199X	c1
3.70465285691009e-13	-0.50335753648789	0.013	0.022	1.2424664751505e-08	TLE1	c1
3.77382414752669e-13	-0.114450524917585	0.425	0.488	1.2656651425975e-08	ITGAL	c1
3.78427058806638e-13	-0.674329899046938	0.011	0.02	1.2691686698257e-08	AC009133.3	c1
3.80142769965371e-13	-0.430545448234844	0.017	0.028	1.27492282190986e-08	AC107959.1	c1
3.84991036896862e-13	1.03721945732548	0.015	0.008	1.2911829395447e-08	PRKN	c1
3.89689701950629e-13	-0.406970959006299	0.016	0.026	1.30694132240202e-08	AC016727.1	c1
4.00082145364201e-13	-0.128949025865411	0.031	0.046	1.34179549912246e-08	PNPLA4	c1
4.13885299435956e-13	0.857784106533594	0.031	0.021	1.38808851724831e-08	GDPD5	c1
4.20615798445739e-13	-0.179172999261824	0.066	0.086	1.41066126482732e-08	RUBCN	c1
4.34682870021324e-13	-0.520420364913146	0.013	0.023	1.45783940947752e-08	NCAM1	c1
4.37353463293408e-13	-0.357751321585301	0.01	0.019	1.46679604519343e-08	DIABLO	c1
4.39445067742549e-13	-0.257536845941838	0.018	0.029	1.47381086819496e-08	PAQR3	c1
4.53348788470754e-13	-0.637912401967471	0.008	0.016	1.52044116677321e-08	ZNF57	c1
4.58250930022399e-13	-0.1511562303959	0.048	0.066	1.53688196910912e-08	LZTS2	c1
4.82218536159977e-13	0.376454932564457	0.145	0.126	1.61726452657333e-08	PGGHG	c1
4.92606636774624e-13	0.49240789199028	0.138	0.12	1.65210413841473e-08	AL118516.1	c1
4.98296616174919e-13	0.674879069943793	0.053	0.04	1.67118719132744e-08	LINC02132	c1
5.06233465256207e-13	-0.462474754273207	0.013	0.023	1.69780579577627e-08	FAM156A	c1
5.06545774770555e-13	-0.118693224205024	0.037	0.053	1.69885321942549e-08	KLHDC10	c1
5.26702480615911e-13	-0.714116326365813	0.005	0.012	1.76645477948964e-08	SNHG4	c1
5.36363160080805e-13	-0.261830612940284	0.023	0.035	1.798854766279e-08	CARD6	c1
5.42045206084722e-13	-0.800467392633068	0.008	0.016	1.81791121216694e-08	FAM19A2	c1
5.79545749438136e-13	-0.547806837276947	0.007	0.015	1.94368053446562e-08	SPIN4	c1
5.85237848482618e-13	-0.224800745337576	0.03	0.044	1.962770696241e-08	FAM193B	c1
5.93667380336546e-13	-0.721469539795852	0.005	0.012	1.99104166017271e-08	CCDC171	c1
5.98594769077787e-13	-0.105949916241446	0.045	0.062	2.00756713653308e-08	KLHL8	c1
6.01469909564421e-13	-0.358767196790525	0.023	0.036	2.01720978269716e-08	SMURF1	c1
6.06643898390213e-13	-0.859491598440482	0.004	0.011	2.0345623064211e-08	ARHGEF5	c1
6.29953770742561e-13	-0.243894827916621	0.02	0.032	2.1127389563164e-08	ALG10	c1
6.32506005051705e-13	-1.04784501172748	0.004	0.01	2.12129863974241e-08	SPATA6L	c1
6.44090455243289e-13	-0.104668881561176	0.607	0.675	2.16015056879494e-08	ISCU	c1
6.52794284352727e-13	-0.164791997950375	0.268	0.308	2.18934147086218e-08	TSPYL2	c1
6.55988227905185e-13	0.177419266243214	0.466	0.473	2.20005331874841e-08	RGS14	c1
6.67802109668921e-13	-0.425106459680234	0.014	0.024	2.23967471540763e-08	ZNF20	c1
6.933631126208e-13	-0.137927822512843	0.057	0.075	2.32540120710764e-08	CYB561D1	c1
7.41251569493449e-13	0.831900826565612	0.028	0.018	2.48600951376713e-08	PAIP2B	c1
7.48420189941854e-13	-0.125290960862934	0.079	0.101	2.51005163302699e-08	CORO2A	c1
7.5159072033973e-13	-0.107733176915088	0.053	0.072	2.52068495787539e-08	RAD51B	c1
7.74906520933085e-13	0.642508793384484	0.046	0.033	2.59888148990538e-08	MYO1D	c1
7.75199532301264e-13	-0.725155698360016	0.009	0.018	2.59986419143198e-08	GSN	c1
7.76845321128194e-13	-0.627646980871416	0.01	0.019	2.60538383799974e-08	AC009133.1	c1
7.96769124851602e-13	-0.101046969762917	0.06	0.079	2.6722042909273e-08	RIPK2	c1
8.05025611012585e-13	-0.622877785375564	0.009	0.018	2.69989489421401e-08	ZBTB26	c1
8.16475892995817e-13	-0.378806640277797	0.01	0.019	2.73829684992937e-08	ST20	c1
8.17973455913482e-13	-0.207893137656784	0.031	0.045	2.74331937644264e-08	RAB40C	c1
8.18536031422938e-13	-0.591877804552973	0.008	0.015	2.74520614218625e-08	MYLK-AS1	c1
8.54456000035545e-13	1.14697434595535	0.013	0.007	2.86567453291921e-08	VWDE	c1
8.62788878168533e-13	-0.23931692931601	0.02	0.031	2.89362133960162e-08	STOML1	c1
9.0173496466954e-13	-0.436362663050827	0.015	0.025	3.0242387245087e-08	CD274	c1
9.32517692201399e-13	-0.855442400168336	0.005	0.011	3.12747783610505e-08	TIAM2	c1
9.57961597053093e-13	-0.256822913283728	0.018	0.029	3.21281160419666e-08	KBTBD8	c1
9.58656423147372e-13	-0.563208905210514	0.008	0.016	3.21514191195166e-08	AC007728.2	c1
9.85766352794895e-13	-0.143790298920522	0.032	0.046	3.30606319400352e-08	E2F6	c1
9.94918834068051e-13	-0.226465939389715	0.179	0.212	3.33675878569743e-08	HIST1H1E	c1
9.97392696134457e-13	-0.256669156500712	0.033	0.047	3.34505562429574e-08	ZDBF2	c1
1.02694724169505e-12	-0.309852568678139	0.02	0.031	3.44417565919685e-08	PTCD2	c1
1.04238316001982e-12	0.761719194225607	0.032	0.022	3.49594464207448e-08	EXD2	c1
1.04878260346961e-12	0.121624419128188	0.529	0.536	3.51740709551638e-08	SLC3A2	c1
1.05693338912709e-12	-0.311220365796347	0.015	0.025	3.54474320045442e-08	ETV2	c1
1.0672373337549e-12	-0.184091677954877	0.057	0.075	3.57930056994717e-08	PPP1R3E	c1
1.10550687839467e-12	0.34341237298952	0.243	0.228	3.70764896876004e-08	KMT2E-AS1	c1
1.12445315131204e-12	-0.164933827918176	0.034	0.049	3.77119097887032e-08	ZNF296	c1
1.12890012920079e-12	-0.295209317434552	0.018	0.029	3.78610525331359e-08	SHLD3	c1
1.12988838281623e-12	1.01975530867072	0.014	0.008	3.78941965828907e-08	RNASE4	c1
1.16768229905735e-12	-0.323894920784426	0.013	0.022	3.91617289457856e-08	OSBPL11	c1
1.18315158028299e-12	-0.252517765521045	0.039	0.054	3.96805376995311e-08	MAGEF1	c1
1.2119606674782e-12	-0.124761280661834	0.044	0.06	4.06467368658837e-08	AC067852.2	c1
1.24444255986527e-12	0.297360431966499	0.255	0.238	4.17361145727614e-08	MYLIP	c1
1.27494252240918e-12	-0.141079589672209	0.029	0.042	4.27590223165591e-08	SDC4	c1
1.27984520012749e-12	-0.15440706031039	0.051	0.069	4.29234483218759e-08	FRS2	c1
1.29319091266869e-12	-0.11460312833652	0.064	0.084	4.33710368290824e-08	TSPYL4	c1
1.38851498344486e-12	-0.271943521898687	0.021	0.032	4.65680155147739e-08	CTNS	c1
1.43923414725785e-12	-0.168036944530355	0.032	0.047	4.82690348307337e-08	TRMT44	c1
1.4814060655535e-12	-0.561767998188678	0.007	0.014	4.96833966265334e-08	SLC30A1	c1
1.54002996093821e-12	-0.125115842285148	0.081	0.103	5.16495248299458e-08	CTC1	c1
1.56016210624231e-12	-0.132412354295545	0.022	0.035	5.23247167191544e-08	HNRNPUL2-BSCL2	c1
1.5754021778254e-12	-0.125161357397553	0.049	0.066	5.28358382399084e-08	ACTR5	c1
1.63895838784195e-12	-0.167397481130144	0.033	0.047	5.49673864114435e-08	PBX3	c1
1.65097396979317e-12	-0.253506101803514	0.016	0.027	5.53703649989234e-08	ACSF2	c1
1.7151301964785e-12	-0.388134067212918	0.011	0.02	5.7522036529496e-08	HIST2H2BF	c1
1.73696753926766e-12	-0.138222244173867	0.04	0.056	5.82544173319587e-08	DHX37	c1
1.75357963895428e-12	0.420282958329606	0.051	0.038	5.88115539312487e-08	TRBV3-1	c1
1.84477774053415e-12	-0.953237956406794	0.004	0.01	6.18701558620343e-08	LINC00987	c1
1.86830916310721e-12	-0.169273064162703	0.026	0.039	6.26593527122896e-08	TMEM177	c1
1.91056235608051e-12	-0.12630188771584	0.048	0.065	6.40764402982281e-08	SLC26A2	c1
1.92904301381463e-12	-0.405670071177834	0.014	0.024	6.4696244597315e-08	ZSWIM6	c1
1.9427330813714e-12	0.373789981794716	0.195	0.179	6.51553820830341e-08	MGAT5	c1
1.9704833432672e-12	-0.604678902461076	0.013	0.023	6.60860703664952e-08	PGAP1	c1
2.04569066664223e-12	-0.869805297758016	0.005	0.012	6.86083735778473e-08	FLCN	c1
2.04926312031924e-12	-0.52056567668173	0.007	0.014	6.87281865292667e-08	ITPRIPL2	c1
2.08994625999553e-12	-0.129608658832972	0.047	0.064	7.009261766773e-08	GCLC	c1
2.14367321801928e-12	-0.142075144365998	0.066	0.086	7.18945123859306e-08	ATG14	c1
2.14873144616508e-12	-0.163395042230686	0.05	0.068	7.20641552414845e-08	SLC37A3	c1
2.24054624458616e-12	-0.12219519001081	0.731	0.76	7.51434399509308e-08	ANP32B	c1
2.2985564094586e-12	-0.12094032904997	0.059	0.078	7.70889848604224e-08	HKR1	c1
2.33319653162664e-12	-0.338780319367634	0.02	0.032	7.82507452776942e-08	FUK	c1
2.39239872968777e-12	-0.347239829849483	0.007	0.015	8.02362685962685e-08	LRTOMT	c1
2.45737383669096e-12	-0.480053574808057	0.009	0.018	8.24154037349414e-08	TFEB	c1
2.47654762638815e-12	-0.282323213666387	0.018	0.028	8.30584542938059e-08	MTPAP	c1
2.53865557565765e-12	-0.613511288246832	0.01	0.018	8.51414306964062e-08	AC245060.5	c1
2.54010587558137e-12	-0.246599394387576	0.032	0.045	8.5190070855248e-08	ZKSCAN8	c1
2.54438458133291e-12	-0.236350893646771	0.038	0.052	8.53335700887431e-08	NBPF11	c1
2.55994669941426e-12	-0.714048272061528	0.005	0.012	8.58554924049556e-08	AC009309.1	c1
2.56795921404481e-12	0.854383677532696	0.02	0.012	8.61242161206349e-08	ASB13	c1
2.57010817889838e-12	-0.336987696582357	0.019	0.03	8.61962881038939e-08	ZNF8	c1
2.57440002584992e-12	-0.286288955150641	0.012	0.021	8.63402280669546e-08	UBAC2-AS1	c1
2.58927154671735e-12	-0.657837629008012	0.006	0.013	8.68389891338065e-08	AC007448.3	c1
2.69748893486599e-12	0.505314421336453	0.071	0.057	9.04683838975356e-08	DPEP2	c1
2.7002885248491e-12	0.848987899464169	0.027	0.018	9.05622765463891e-08	CACNB3	c1
2.70266582050539e-12	-0.104863625095153	0.054	0.071	9.06420062881097e-08	PRR12	c1
2.71125046567339e-12	-0.257040353262961	0.029	0.042	9.09299181177542e-08	ZNF234	c1
2.78451261161749e-12	-0.41880368321795	0.013	0.022	9.33869839684275e-08	SERAC1	c1
2.82951751727987e-12	-0.43438574554224	0.016	0.026	9.48963584945322e-08	ACAD11	c1
2.92844224593234e-12	-0.274942370273012	0.017	0.028	9.82140960440788e-08	FARP2	c1
2.94427735672633e-12	-0.226515761216044	0.018	0.029	9.87451739898876e-08	RPP40	c1
2.95398059582886e-12	-0.297456370378456	0.03	0.043	9.90706012229083e-08	ZNF230	c1
2.96802289395049e-12	-0.121916929476126	0.035	0.049	9.95415518173117e-08	SPATA5L1	c1
3.10034762220483e-12	0.365135270546093	0.186	0.168	1.03979458553505e-07	SH3YL1	c1
3.14873233464329e-12	0.670979076484759	0.045	0.033	1.05602185039267e-07	EPS8	c1
3.17208470303235e-12	-0.115554916817096	0.04	0.056	1.06385376770299e-07	PAN2	c1
3.17692981848929e-12	-0.289853830277638	0.021	0.033	1.06547872252494e-07	ZNF845	c1
3.17780285919106e-12	0.606466473541992	0.052	0.039	1.0657715229155e-07	EVA1C	c1
3.18644457810908e-12	-0.298406536691805	0.023	0.034	1.06866978260622e-07	FAM83G	c1
3.20860308385713e-12	0.372691007536792	0.064	0.05	1.07610130226401e-07	TRBV7-2	c1
3.24200680382442e-12	-0.58929516875186	0.007	0.015	1.08730424186664e-07	TOLLIP-AS1	c1
3.25498439908098e-12	-0.579594057073149	0.012	0.021	1.09165666776378e-07	RASL11A	c1
3.31850744861803e-12	-0.256220224285397	0.031	0.045	1.11296102811752e-07	OTUD7B	c1
3.63998185475282e-12	-0.382349730815498	0.013	0.022	1.220777114447e-07	ACTL10	c1
3.73639284623586e-12	0.902797355012474	0.02	0.012	1.25311143277058e-07	AC004854.2	c1
3.75188336346767e-12	-0.384106324814775	0.017	0.028	1.25830664243979e-07	AC104596.1	c1
3.77429748783686e-12	-0.894767689714486	0.004	0.01	1.26582389147073e-07	UQCRHL	c1
4.01034242371241e-12	-0.493686536009255	0.017	0.028	1.34498864206467e-07	ADAMTS17	c1
4.43938145123834e-12	-0.407493299599127	0.014	0.024	1.48887975111632e-07	KRBA2	c1
4.69643386589443e-12	-0.168899452909826	0.033	0.047	1.57508998994367e-07	LMAN2L	c1
4.73704448610891e-12	-0.109091936361234	0.591	0.661	1.58870997975121e-07	N4BP2L2	c1
4.87779851476715e-12	0.81358667486149	0.018	0.011	1.63591606588261e-07	GPR157	c1
4.91559754284694e-12	1.34502982537066	0.011	0.006	1.64859310392001e-07	LOXL1	c1
4.92822651891249e-12	-0.298632773371724	0.018	0.028	1.65282860991287e-07	ZNF529-AS1	c1
5.00179943625764e-12	-0.195986056830129	0.022	0.033	1.67750349493209e-07	C1orf61	c1
5.08838609838566e-12	-0.239323992656245	0.024	0.036	1.70654292967658e-07	STK35	c1
5.10078396431023e-12	-0.106691771740744	0.052	0.07	1.71070092595036e-07	GALNT7	c1
5.15481958859571e-12	-0.486031939924918	0.012	0.022	1.72882339362323e-07	AL359513.1	c1
5.42689554401731e-12	-0.188485992085952	0.015	0.025	1.82007222755253e-07	CCSAP	c1
5.56747828601793e-12	-0.201028048294559	0.025	0.037	1.86722086756469e-07	MED26	c1
5.64810831381884e-12	-0.21885868471916	0.027	0.04	1.89426256628856e-07	USP45	c1
5.68528157164445e-12	-0.766389853694755	0.007	0.014	1.90672973349812e-07	MROH6	c1
5.72339734221574e-12	0.440048633875609	0.271	0.264	1.91951300063232e-07	NEU1	c1
5.72737835314263e-12	-0.259918927562061	0.017	0.027	1.92084815207698e-07	CAB39L	c1
5.74971725369238e-12	0.159471812827165	0.507	0.518	1.92834017254335e-07	TAF7	c1
5.77893336017653e-12	0.372128992938974	0.249	0.24	1.93813867033601e-07	ARFGAP3	c1
6.03855797666694e-12	-0.211813988125435	0.015	0.024	2.02521157421456e-07	FANCC	c1
6.08983176734188e-12	-0.312923177186831	0.008	0.016	2.04240777813112e-07	LRRC20	c1
6.10990131781427e-12	-1.29102526873581	0.004	0.01	2.04913870396855e-07	ANK1	c1
6.1618498165557e-12	-0.138332204853031	0.185	0.219	2.06656119147645e-07	NABP1	c1
6.18194028409601e-12	-0.204081544252718	0.039	0.054	2.07329913248012e-07	LINC02361	c1
6.240486917659e-12	-0.354686833966466	0.026	0.038	2.09293450244447e-07	ZNF34	c1
6.26905350129612e-12	0.842531323703162	0.027	0.018	2.10251516326469e-07	CXorf57	c1
6.4188362471942e-12	-0.175609686396912	0.043	0.058	2.15274930058399e-07	ZNF26	c1
6.57578830074261e-12	-0.216697550861115	0.028	0.041	2.20538788030306e-07	PPP1R12B	c1
6.82250618783419e-12	-0.205323449886001	0.03	0.043	2.28813212527583e-07	MARS2	c1
6.85163971695213e-12	-0.168289100595744	0.021	0.033	2.2979029282714e-07	ZNF682	c1
6.95617946119264e-12	-0.218778270247844	0.018	0.029	2.33296346769479e-07	SLC27A4	c1
6.99165322823612e-12	-0.142096764426577	0.07	0.09	2.34486065968583e-07	ATP7A	c1
7.01884026913689e-12	0.727638006130687	0.019	0.012	2.35397864946313e-07	SLC4A4	c1
7.30598065021898e-12	-0.354168951472186	0.019	0.03	2.45027979047044e-07	DOLK	c1
7.45932786327383e-12	-0.314010230364313	0.009	0.017	2.50170937878478e-07	PROK2	c1
7.63597250818514e-12	-0.187291323171672	0.032	0.045	2.56095245979513e-07	ATN1	c1
7.72196172027137e-12	-0.166581904328984	0.024	0.037	2.58979152174461e-07	TAF5L	c1
7.77984294928413e-12	-0.134128059588355	0.037	0.052	2.60920372833091e-07	ZNF691	c1
8.24629322353422e-12	1.2044140882604	0.01	0.005	2.76564182130891e-07	ECHDC3	c1
8.61002440967786e-12	-0.252245030269649	0.013	0.022	2.88762998651776e-07	HAUS7	c1
8.83089095224077e-12	-0.251497346341817	0.024	0.036	2.96170420756251e-07	NBPF3	c1
9.08555088489763e-12	-0.192207050294197	0.023	0.035	3.04711205577697e-07	SSX2IP	c1
9.14969111746582e-12	-0.162809918365002	0.048	0.064	3.06862340697569e-07	AMN1	c1
9.26617533308784e-12	-0.87816736663301	0.005	0.011	3.107689883211e-07	SUMO4	c1
9.28269226678869e-12	-0.143366923059737	0.023	0.035	3.11322933243559e-07	LINC01806	c1
9.29030128770255e-12	-0.135007642245215	0.031	0.045	3.11578124586968e-07	TMEM44-AS1	c1
9.29954197649514e-12	-0.140837206398639	0.036	0.05	3.11888038807694e-07	MAN2A2	c1
1.02328858294381e-11	-0.266669585706393	0.022	0.034	3.43190524947694e-07	AC019205.1	c1
1.03274399289926e-11	-0.207280112129895	0.029	0.042	3.46361680338553e-07	ZNF316	c1
1.03409290338747e-11	0.358340887507106	0.223	0.21	3.46814077938089e-07	SPRYD3	c1
1.05787537059407e-11	0.236682151728412	0.259	0.241	3.5479024178984e-07	ZBTB20	c1
1.07565180165022e-11	-0.337575169290556	0.009	0.017	3.60752101237452e-07	KIAA0895L	c1
1.14535421058902e-11	-0.218979096158925	0.021	0.032	3.84128895147345e-07	RTTN	c1
1.22769686324285e-11	0.382677751737128	0.195	0.181	4.11744973994386e-07	NBL1	c1
1.23653198855705e-11	0.11121309502256	0.596	0.597	4.14708098322263e-07	ARL4C	c1
1.2881791788367e-11	-0.524285163445592	0.01	0.018	4.32029532998254e-07	KCTD11	c1
1.29230509780251e-11	0.569217396798707	0.071	0.057	4.33413283701006e-07	TNFRSF10B	c1
1.29382145027071e-11	-0.668048775351893	0.008	0.015	4.3392183799179e-07	EPS8L1	c1
1.31618491161036e-11	-0.688801546683667	0.009	0.017	4.41422095655884e-07	AC010616.1	c1
1.35645570730123e-11	-0.12411207236963	0.038	0.052	4.54928115114685e-07	AMMECR1L	c1
1.36167619910228e-11	-0.146869096494866	0.039	0.054	4.56678963654923e-07	CCDC7	c1
1.36342065482694e-11	-0.120249947309752	0.355	0.403	4.57264019215859e-07	LSM4	c1
1.39641762268947e-11	0.647210204547704	0.053	0.04	4.68330542297595e-07	ZYG11B	c1
1.39973821597736e-11	-0.282554732275453	0.421	0.45	4.69444202874488e-07	HSPA1B	c1
1.41248530654361e-11	-0.24944351658915	0.021	0.032	4.73719322108596e-07	MIEF2	c1
1.42958536136403e-11	0.355059958523222	0.507	0.511	4.79454338494268e-07	GADD45B	c1
1.43712537062117e-11	0.297159857856372	0.181	0.162	4.81983106798928e-07	TNFSF8	c1
1.49139410417042e-11	-0.158817963927754	0.036	0.05	5.00183754656675e-07	GANC	c1
1.536761682206e-11	1.23516594344823	0.013	0.007	5.15399132978249e-07	MAGI3	c1
1.58283702249236e-11	0.596613340689484	0.05	0.038	5.30851880603487e-07	Z93241.1	c1
1.61331851834225e-11	-0.174308791868217	0.034	0.048	5.41074764681624e-07	PHF2	c1
1.71797098019085e-11	0.165775047614311	0.485	0.501	5.76173107336408e-07	ATP6AP2	c1
1.7671507964456e-11	-0.125179596870635	0.039	0.054	5.92667034111924e-07	SLC35A3	c1
1.78805836862992e-11	-0.376998509595055	0.015	0.024	5.99679015671101e-07	ZBED6	c1
1.78959326842316e-11	-0.770399065709297	0.005	0.011	6.00193790363761e-07	AC004889.1	c1
1.79795217916918e-11	-0.123231294567119	0.048	0.064	6.02997201849758e-07	TMEM64	c1
1.85833444793632e-11	0.67165024865104	0.049	0.037	6.23248207148883e-07	EIF4EBP3	c1
1.914837927482e-11	-0.322569227069753	0.01	0.019	6.42198344118913e-07	L2HGDH	c1
1.93439801282443e-11	-0.221594008280555	0.028	0.041	6.48758405541057e-07	BIK	c1
2.02734028220306e-11	-0.618866783738943	0.006	0.012	6.79929383845262e-07	PRKAR2B	c1
2.09766379704337e-11	-0.419318107080739	0.009	0.017	7.03514484252407e-07	NUDT17	c1
2.16792991953793e-11	-0.177196472335988	0.025	0.037	7.2708033641463e-07	ZNF519	c1
2.17941891232329e-11	-0.100530713787671	0.415	0.469	7.30933514814986e-07	RGL4	c1
2.24721211573996e-11	-0.110318736153114	0.158	0.189	7.53669999376867e-07	CHRM3-AS2	c1
2.28512422727235e-11	-0.155071416470441	0.028	0.041	7.663849633426e-07	SLC29A3	c1
2.35313250979983e-11	-0.137558735751802	0.038	0.052	7.89193581136667e-07	HDAC4	c1
2.4481994722085e-11	-0.406929411346287	0.012	0.02	8.21077138989285e-07	AC009126.1	c1
2.45562516655051e-11	0.898024193655725	0.017	0.01	8.23567568357711e-07	ZNF582-AS1	c1
2.47371920222778e-11	-0.242322160032284	0.026	0.038	8.29635946043153e-07	PON2	c1
2.49351129000045e-11	-0.224938071723954	0.028	0.04	8.36273816440352e-07	IQCG	c1
2.53442942156824e-11	-1.78971586258563	0.009	0.017	8.49996939405558e-07	IGLV2-14	c1
2.86860393091102e-11	-0.178586204969303	0.03	0.043	9.62072386348937e-07	ZNF678	c1
3.01716227651551e-11	-0.193396417292697	0.038	0.052	1.01189588429777e-06	MAP3K6	c1
3.070931938746e-11	-0.425378763917816	0.01	0.018	1.02992915361663e-06	ZNF81	c1
3.10546893988588e-11	-0.263189327584577	0.02	0.031	1.04151217305893e-06	ZNF182	c1
3.25378057411184e-11	-0.223151485845597	0.015	0.024	1.09125292894563e-06	RTEL1	c1
3.40034903714161e-11	0.418803988938022	0.078	0.063	1.14040906007655e-06	GGT7	c1
3.63862008254987e-11	-0.185596212084027	0.018	0.029	1.22032040328558e-06	APTR	c1
3.72492804628748e-11	-0.725849763011288	0.008	0.016	1.2492663681639e-06	NBPF9	c1
3.76398218421245e-11	0.737863295213129	0.023	0.015	1.26236434494117e-06	PTCH1	c1
3.85524317333207e-11	-0.509637453548294	0.009	0.016	1.29297145547211e-06	DCUN1D2	c1
3.9077626296254e-11	1.16872229037866	0.015	0.009	1.31058543072377e-06	SHISA4	c1
4.08788456689198e-11	-0.544516113585807	0.008	0.015	1.37099472604423e-06	FAM215B	c1
4.12502540064826e-11	-0.222351041106964	0.029	0.041	1.38345101886941e-06	ACTR3B	c1
4.28149276856209e-11	-0.259134972248544	0.01	0.017	1.43592704472035e-06	THSD8	c1
4.41862887248e-11	-0.122819125186945	0.051	0.067	1.48191975125234e-06	ZFYVE16	c1
4.46920841358582e-11	0.361496211589659	0.237	0.228	1.49888311774841e-06	CD226	c1
4.53108466363861e-11	-0.395536735951969	0.014	0.023	1.51963517449112e-06	RNF122	c1
4.79394451564848e-11	-0.184220105948176	0.021	0.031	1.60779311165819e-06	AC009961.1	c1
4.81304096145512e-11	-0.223153240693485	0.023	0.035	1.61419767765282e-06	ZFAT	c1
4.82686967749145e-11	-0.31567736860279	0.012	0.02	1.61883555243708e-06	FOXO4	c1
4.90946815822536e-11	-0.234921326039883	0.017	0.027	1.64653743090562e-06	SETMAR	c1
4.93816591106237e-11	-0.625886287724933	0.012	0.021	1.6561620832521e-06	LTK	c1
4.96776214267548e-11	-0.35808491202726	0.02	0.031	1.6660880674105e-06	NPHP3	c1
4.99198082157739e-11	-0.134122121253132	0.456	0.513	1.67421052794063e-06	SAMHD1	c1
5.288182918844e-11	1.09777136447222	0.016	0.01	1.7735507873219e-06	NHSL2	c1
5.40782028939614e-11	-0.205794352786587	0.037	0.051	1.81367476865768e-06	TUBG2	c1
5.62369619705299e-11	-0.124392175493153	0.039	0.054	1.88607523056763e-06	PDIK1L	c1
5.80520541123105e-11	-0.358796389827345	0.016	0.026	1.94694979081867e-06	SYCP2	c1
5.89243525337253e-11	-1.75204728026492	0.006	0.013	1.97620493527608e-06	TRBV13	c1
5.91584083371708e-11	-0.45645951736737	0.01	0.018	1.98405469881203e-06	GPAT2	c1
6.43446500084701e-11	-0.386790544271675	0.006	0.012	2.15799087198407e-06	HIST1H3I	c1
6.43792196995161e-11	-0.191044250849822	0.026	0.038	2.15915027028237e-06	ZNF345	c1
6.64349850616027e-11	0.756818683113075	0.033	0.023	2.22809652899603e-06	ZNF395	c1
6.73395577686084e-11	0.692088737403744	0.039	0.029	2.25843408844359e-06	HAR1A	c1
6.73842671003519e-11	-0.30752782407396	0.015	0.024	2.2599335500116e-06	RHOQ	c1
7.21717461075234e-11	-0.159330615078357	0.029	0.041	2.42049602095412e-06	RBBP9	c1
7.4176221102455e-11	-0.245154944366651	0.015	0.025	2.48772210333414e-06	LINC00342	c1
7.48188167789953e-11	-0.13290606784593	0.036	0.049	2.50927347713394e-06	RTL10	c1
8.03223193660134e-11	0.743675984885003	0.027	0.019	2.69384994689736e-06	NEO1	c1
8.15977417643108e-11	-1.55306395529059	0.008	0.016	2.73662506329146e-06	TRBV10-1	c1
8.22170890761388e-11	-0.410545702613933	0.018	0.027	2.75739673343554e-06	TTLL3	c1
8.29288035575904e-11	-0.175848905323303	0.033	0.046	2.78126621371447e-06	USP46	c1
8.74274498883114e-11	0.39806655035772	0.085	0.07	2.93214181435419e-06	PLEKHB1	c1
8.77538242763086e-11	-0.284337069011153	0.025	0.037	2.94308775857884e-06	ABCC4	c1
8.95409691084707e-11	-0.123701221074211	0.02	0.031	3.00302502195989e-06	ZNF599	c1
9.28217403163246e-11	-0.141863181163661	0.03	0.043	3.11305552672889e-06	SMG8	c1
9.35591316652952e-11	-0.202992211725133	0.027	0.038	3.13778615779067e-06	PSEN2	c1
9.36697355116073e-11	-0.127040256964179	0.044	0.059	3.14149558958829e-06	CLN8	c1
9.41331582468452e-11	-0.172899502905367	0.025	0.036	3.15703786128269e-06	PLPP6	c1
9.66276751524981e-11	-0.246726230866967	0.021	0.032	3.24069896926448e-06	ZSCAN21	c1
9.7033292993793e-11	-0.65014774647408	0.032	0.044	3.25430258042583e-06	TRBV9	c1
9.77658677660669e-11	0.780786102150692	0.024	0.016	3.27887167313835e-06	ACSS2	c1
1.01001658621686e-10	0.413552052302628	0.165	0.15	3.38739362685411e-06	FBXO34	c1
1.02359910450829e-10	-0.361442457648851	0.018	0.028	3.43294667669989e-06	CLN5	c1
1.03454037387124e-10	-0.637563995282408	0.004	0.01	3.46964150588936e-06	AC083949.1	c1
1.0879061579692e-10	0.415951883976766	0.081	0.066	3.64861967259709e-06	TRAV9-2	c1
1.10726779825335e-10	-0.147272214786803	0.049	0.064	3.71355474178208e-06	ZNF701	c1
1.10832858498124e-10	0.694795826748211	0.048	0.037	3.71711240831008e-06	AP005019.1	c1
1.12789918962939e-10	-0.499329989695307	0.007	0.013	3.78274830217905e-06	ZNF710	c1
1.1302157660362e-10	-0.113246488054907	0.383	0.437	3.79051763613221e-06	CHST12	c1
1.13907966309045e-10	-0.705965027281132	0.007	0.013	3.82024537407274e-06	VPS9D1	c1
1.15193800445132e-10	-0.642407529245966	0.006	0.012	3.86336967932884e-06	PDE1B	c1
1.21026224761673e-10	-0.434027426323459	0.007	0.014	4.05897752605699e-06	RBM15-AS1	c1
1.23278753270052e-10	-0.172125259199566	0.095	0.116	4.134522827171e-06	CD79B	c1
1.24642001838094e-10	1.15245131689597	0.013	0.007	4.180243457646e-06	PLEKHA7	c1
1.28499741352964e-10	1.0399279038951	0.015	0.009	4.30962432549571e-06	PLB1	c1
1.30864990635799e-10	-0.197065245258524	0.016	0.026	4.38895005594343e-06	TENT4A	c1
1.33570980578983e-10	-0.137355059693558	0.033	0.046	4.47970354665792e-06	LIN7B	c1
1.34529568465153e-10	0.922527379993111	0.013	0.007	4.51185266718429e-06	STX17-AS1	c1
1.35977903776922e-10	-0.270726102067577	0.024	0.035	4.56042693687042e-06	IFFO2	c1
1.40144320400928e-10	-0.340930771345677	0.013	0.021	4.70016021760633e-06	ULBP2	c1
1.43402873855852e-10	0.467053025796615	0.078	0.064	4.80944558337756e-06	TTC39C-AS1	c1
1.44386863449274e-10	-0.221150229603849	0.017	0.027	4.84244662636176e-06	PALB2	c1
1.44768741699704e-10	-0.446031888614935	0.013	0.021	4.85525405912466e-06	TCTE3	c1
1.4557023280231e-10	-0.206938800384501	0.327	0.363	4.88213446772388e-06	CD82	c1
1.51864878003986e-10	0.156903942984421	0.52	0.537	5.09324427849769e-06	OSTC	c1
1.56557054216389e-10	0.213315161114343	0.401	0.408	5.25061048430927e-06	SMAP1	c1
1.57252007312313e-10	-0.789188168058658	0.024	0.035	5.27391782124036e-06	TRBV7-6	c1
1.6204647425744e-10	1.01310116437825	0.01	0.006	5.43471465364603e-06	CACNA1I	c1
1.65488916690946e-10	-0.17585833729794	0.02	0.031	5.55016728798094e-06	MACROD1	c1
1.69564792330033e-10	-0.292630918279874	0.021	0.032	5.68686400516464e-06	EXTL3	c1
1.69959413330266e-10	-0.249515074128359	0.017	0.027	5.70009880427047e-06	ABL1	c1
1.72806773573148e-10	-0.285064783850689	0.013	0.021	5.79559357209624e-06	EXOC3-AS1	c1
1.76767849784205e-10	-0.513465337330947	0.017	0.026	5.92844014606268e-06	PLXND1	c1
1.78788289272891e-10	-0.477763955866362	0.007	0.014	5.99620164563421e-06	AC005944.1	c1
1.80403935475369e-10	-0.335719709958855	0.019	0.029	6.05038718797293e-06	SWT1	c1
1.87362511032887e-10	-0.263200535494857	0.028	0.04	6.28376389502097e-06	MAP3K12	c1
1.88643969480738e-10	-0.338106155967179	0.016	0.026	6.32674144844498e-06	ZNF597	c1
1.96633241193053e-10	-0.204371871794084	0.018	0.028	6.59468564313262e-06	DHRS11	c1
1.97321530591803e-10	-0.144618224430626	0.023	0.033	6.61776949298787e-06	PYCR3	c1
1.99720886562916e-10	-0.246381454870069	0.021	0.031	6.69823909354707e-06	UBN2	c1
2.0047091734946e-10	-0.298929671212072	0.012	0.02	6.7233936260662e-06	SOCS7	c1
2.04200582493614e-10	-0.41384370095983	0.012	0.021	6.84847913567082e-06	CBWD6	c1
2.08401560608407e-10	-0.344544374369717	0.016	0.025	6.98937153968476e-06	ARL17A	c1
2.08741634871039e-10	-0.16595569352438	0.032	0.045	7.00077695030489e-06	CHIC1	c1
2.09212602816017e-10	-0.30244927063606	0.02	0.03	7.01657227324359e-06	AC021028.1	c1
2.10625235589862e-10	-0.159273141721473	0.041	0.055	7.06394915121278e-06	PPP1R3F	c1
2.15573201440266e-10	-0.473467189893084	0.007	0.014	7.22989402990362e-06	AL031963.3	c1
2.17914501528097e-10	0.872143982903889	0.016	0.01	7.30841655224931e-06	RNASE6	c1
2.24697178071824e-10	-0.570729488668713	0.013	0.022	7.53589395817282e-06	UTS2	c1
2.30244563159848e-10	0.554188627420375	0.068	0.055	7.72194215925499e-06	PIK3CB	c1
2.58423413788237e-10	-0.112451862897363	0.015	0.024	8.6670044516299e-06	CEP72	c1
2.6124945562747e-10	-0.33535236929183	0.014	0.022	8.76178424283409e-06	POMK	c1
2.62975117484984e-10	-0.385682975980353	0.02	0.03	8.81965949021138e-06	SLC9A3R2	c1
2.6934849614821e-10	0.515278988568205	0.069	0.056	9.03340986381868e-06	MXI1	c1
2.70656007000467e-10	-0.750807061862609	0.008	0.015	9.07726116278165e-06	SLC16A11	c1
2.75921890809096e-10	-0.14543032376205	0.559	0.594	9.25386837395545e-06	SIT1	c1
2.80672218664414e-10	-0.141994772573832	0.039	0.052	9.41318486956712e-06	SIDT2	c1
2.81843700496428e-10	-0.130639991896115	0.044	0.058	9.45247402724921e-06	LETM2	c1
2.84631028554479e-10	-0.84441787852666	0.005	0.011	9.54595543566011e-06	CCDC78	c1
2.89043499878944e-10	-0.2848849077935	0.007	0.013	9.69394089894002e-06	SPA17	c1
2.91402074214948e-10	-0.790370921758417	0.004	0.01	9.77304276502092e-06	ATL1	c1
2.92998746691106e-10	-0.284725471938591	0.017	0.026	9.82659196652632e-06	QSOX2	c1
2.99747449848469e-10	-0.890371058593868	0.004	0.01	1.00529299730179e-05	EFCAB8	c1
3.00214015478572e-10	-0.827652391535918	0.005	0.011	1.00685776511204e-05	AL049869.3	c1
3.00914659239261e-10	-0.114017025127255	0.048	0.064	1.00920758415663e-05	XRRA1	c1
3.02056999456426e-10	-0.110550657333794	0.016	0.025	1.01303876477696e-05	PIGW	c1
3.0633452540341e-10	-0.225677829984017	0.04	0.054	1.02738473129796e-05	ZNF786	c1
3.18641900568654e-10	-0.379341992758941	0.016	0.025	1.06866120612715e-05	AC106791.1	c1
3.19088808755569e-10	-0.65419697238392	0.011	0.019	1.07016004680443e-05	HECW2	c1
3.24349461427068e-10	-0.119591287169432	0.023	0.034	1.0878032237341e-05	AC008267.5	c1
3.32179938721439e-10	-0.104312790056808	0.036	0.049	1.11406507848396e-05	SIRT1	c1
3.50302866377927e-10	-0.470920322981867	0.005	0.011	1.17484575325829e-05	GPC1	c1
3.53843033722832e-10	-0.19316875552104	0.024	0.035	1.18671876649964e-05	ZNF646	c1
3.5962428165082e-10	-0.15111958229403	0.029	0.041	1.20610791580052e-05	RMRP	c1
3.84516804627403e-10	-0.229355251859308	0.025	0.036	1.28959245935938e-05	PPIP5K1	c1
3.84958229193458e-10	0.46093452454062	0.046	0.035	1.29107290906902e-05	CTSL	c1
3.89571216901008e-10	-0.107868576553285	0.067	0.085	1.3065439472426e-05	MYO9A	c1
3.94583232268448e-10	-0.156673712354756	0.019	0.029	1.32335324438192e-05	KSR1	c1
4.04863975249771e-10	-0.442320077018791	0.008	0.015	1.35783280019268e-05	SLC9A7	c1
4.0798630060266e-10	-0.298643610134147	0.008	0.014	1.3683044549612e-05	PPP2R3B	c1
4.08669606440618e-10	-0.346654397758513	0.014	0.022	1.37059612608054e-05	LINC01534	c1
4.12533406633292e-10	-0.27597761000029	0.022	0.032	1.38355453916674e-05	NECTIN3	c1
4.12562956957027e-10	-0.666925626809157	0.008	0.015	1.38365364504248e-05	CNIH3	c1
4.16515765629269e-10	-0.451847417235154	0.007	0.014	1.39691057476744e-05	SULT1A3	c1
4.20640464482001e-10	-0.444011248971086	0.011	0.018	1.41074398977973e-05	AC242426.2	c1
4.22614804439182e-10	-0.318896391713927	0.016	0.026	1.41736553112813e-05	LINC00115	c1
4.35276932906901e-10	-0.330165567690722	0.01	0.017	1.45983177758317e-05	HIRA	c1
4.43702310722069e-10	0.825272149571691	0.045	0.035	1.48808880969968e-05	METTL1	c1
4.47238132048497e-10	0.274886691725676	0.329	0.33	1.49994724726425e-05	STT3B	c1
4.58726420978856e-10	-0.171851609052257	0.017	0.026	1.53847667067889e-05	TXNDC16	c1
4.80915266743886e-10	-0.81744939634274	0.004	0.01	1.61289362160564e-05	CLHC1	c1
4.89709799071575e-10	-0.498507483544717	0.009	0.016	1.64238872412625e-05	C1orf56	c1
4.97578117739689e-10	-0.354505815743337	0.02	0.03	1.66877749127537e-05	NAIP	c1
5.28137286733929e-10	-0.10703038617041	0.047	0.062	1.77126683224825e-05	POFUT2	c1
5.37057134392058e-10	-0.121410315288225	0.032	0.044	1.80118221732408e-05	ATP10A	c1
5.38329505853892e-10	-0.224089089290052	0.032	0.044	1.80544949673278e-05	ABHD6	c1
5.43467754320522e-10	-0.477258092362759	0.007	0.013	1.82268215444017e-05	AL139260.1	c1
5.50355951661115e-10	-0.260954288045711	0.012	0.019	1.84578379068105e-05	ZNF787	c1
5.5975322210276e-10	-0.47329599162243	0.009	0.017	1.87730035628824e-05	SEC31B	c1
5.87299487351152e-10	-0.136795957184158	0.043	0.057	1.96968502067829e-05	PGBD2	c1
6.04167824576183e-10	-0.135936483674755	0.048	0.062	2.0262580500636e-05	UVSSA	c1
6.04857360826647e-10	-0.128334439117666	0.027	0.038	2.02857061674041e-05	ALS2	c1
6.2516312335046e-10	-0.380668249765002	0.011	0.019	2.09667208309277e-05	AL121832.2	c1
6.53876156955638e-10	-0.491008027617162	0.009	0.016	2.19296985519782e-05	PPM1L	c1
6.61949168476473e-10	0.485831983183872	0.15	0.136	2.22004512123639e-05	LUZP1	c1
6.77991544286462e-10	-0.248663536727615	0.016	0.025	2.27384804122794e-05	TNFRSF12A	c1
7.32851069442468e-10	-0.483565006657775	0.008	0.015	2.45783591669615e-05	C3orf62	c1
7.88327541692236e-10	-0.385923558118157	0.01	0.018	2.64389290932742e-05	IRGQ	c1
7.94290111939035e-10	-0.138282627688436	0.554	0.604	2.66389017742114e-05	NR3C1	c1
8.03314720896558e-10	-0.319160120608167	0.016	0.025	2.69415691094288e-05	ZNF319	c1
8.23743276886636e-10	-0.200113414458889	0.021	0.031	2.7626702020224e-05	FDX2	c1
8.27329636821575e-10	-0.127502911376776	0.049	0.063	2.7746981359722e-05	PRH1	c1
8.27819103389249e-10	-0.269518018000968	0.025	0.036	2.77633970894686e-05	TIGD7	c1
8.46113234980729e-10	-0.107772452348924	0.049	0.064	2.83769456747837e-05	NRIP1	c1
8.49853995660017e-10	0.168541610194008	0.469	0.484	2.85024033064456e-05	DDX18	c1
9.01266229308168e-10	-0.407147715969777	0.013	0.021	3.02266667985373e-05	AC027290.1	c1
9.09327287520368e-10	-0.157032631647577	0.022	0.032	3.04970185688581e-05	FAM185A	c1
9.17667102382446e-10	-0.197945939861517	0.314	0.351	3.07767192797025e-05	CD55	c1
9.39019894276388e-10	-0.267381384518365	0.035	0.048	3.14928492142415e-05	LINC00239	c1
9.41755225852062e-10	-0.116243205579932	0.018	0.027	3.15845867646265e-05	DNAL1	c1
9.48684130520708e-10	-0.239529475254373	0.028	0.039	3.18169683694035e-05	TRIM73	c1
9.76551746930607e-10	0.947822178403526	0.014	0.009	3.27515924885587e-05	ZNF502	c1
9.87955289005945e-10	-0.242462571540139	0.018	0.028	3.31340444826814e-05	ZNF615	c1
9.90559898587054e-10	-0.103065380912735	0.032	0.044	3.32213978788126e-05	AC013394.1	c1
1.02437968975641e-09	-0.216056678760914	0.018	0.027	3.43556460350504e-05	TAF4	c1
1.04224223343747e-09	-0.421574895283331	0.012	0.019	3.49547200250259e-05	AL139089.1	c1
1.09089146093181e-09	0.589726716259496	0.07	0.058	3.65863178167309e-05	MSRB2	c1
1.10498241204946e-09	-0.37944829203811	0.01	0.017	3.70589001353146e-05	MBLAC1	c1
1.10610147005165e-09	0.237703951210386	0.38	0.39	3.70964311025923e-05	UFM1	c1
1.12469815526272e-09	-0.389632764915458	0.06	0.075	3.77201267312011e-05	AC012645.3	c1
1.13495537432351e-09	-0.161486069750201	0.028	0.039	3.8064133344062e-05	TESK2	c1
1.18482960823932e-09	-0.746028237844931	0.21	0.228	3.97368154011303e-05	TNFRSF18	c1
1.24750895072166e-09	-0.454855088982718	0.009	0.016	4.18389551893031e-05	ZSCAN12	c1
1.2911356536142e-09	-0.199790171094103	0.042	0.056	4.33021075509131e-05	RRAGB	c1
1.31150290743024e-09	-0.10153573539141	0.03	0.041	4.39851845093955e-05	SYNE3	c1
1.31344180188817e-09	-0.163862698321728	0.022	0.031	4.40502111517254e-05	SLC25A30	c1
1.3298236828144e-09	-0.412373530355089	0.008	0.014	4.45996266742294e-05	FUT8-AS1	c1
1.35055514707877e-09	-0.483637627965105	0.01	0.017	4.52949185227279e-05	PPM1N	c1
1.38003063863713e-09	-0.108891624230262	0.345	0.392	4.62834675586121e-05	SRM	c1
1.40199521723323e-09	-0.250621745733143	0.027	0.038	4.7020115595568e-05	ATRN	c1
1.4106961789189e-09	0.784727301190152	0.029	0.021	4.73119284485821e-05	CCDC65	c1
1.44754636193439e-09	0.14477534316541	0.05	0.065	4.85478098865555e-05	PDF	c1
1.45589617423239e-09	-0.196980882356446	0.019	0.028	4.88278458914058e-05	FNTB	c1
1.5868976800518e-09	-0.312845709682121	0.017	0.026	5.32213743935774e-05	FUT10	c1
1.62785250332012e-09	0.839469268812296	0.024	0.016	5.45949172563502e-05	PLEKHN1	c1
1.67012639532663e-09	-0.153860022896915	0.037	0.049	5.60126990464645e-05	ZBTB33	c1
1.71267135243577e-09	-0.11861302907324	0.038	0.05	5.7439571817991e-05	TIRAP	c1
1.74965513720442e-09	-0.202516247543997	0.032	0.044	5.86799339915619e-05	HLA-G	c1
1.76213328665839e-09	-0.344904966826951	0.014	0.022	5.90984261679489e-05	AC090061.1	c1
1.77168414015194e-09	0.60115150333704	0.049	0.038	5.94187426924157e-05	LINC00920	c1
1.77505061025948e-09	-0.271063614552188	0.023	0.033	5.95316473668823e-05	BMPR2	c1
1.792164752297e-09	0.893523825625528	0.018	0.012	6.0105621462537e-05	FCHO2	c1
1.79687675075975e-09	-0.281620489296857	0.013	0.021	6.02636524669806e-05	ATP11A	c1
1.82353370051188e-09	-0.153814841027883	0.017	0.026	6.11576732477673e-05	PHF7	c1
1.82357899492263e-09	-0.309169638991212	0.017	0.026	6.11591923317151e-05	LIPE-AS1	c1
1.86194412127127e-09	-0.100279016719438	0.033	0.045	6.24458819391957e-05	NPEPL1	c1
1.87051686211271e-09	-0.208963738211333	0.026	0.036	6.27333945215361e-05	AC021054.1	c1
1.90980006829207e-09	-0.138867022059326	0.017	0.025	6.40508746903794e-05	NOMO1	c1
1.95838753410922e-09	-0.651437363174042	0.007	0.013	6.56804011189551e-05	C8orf44	c1
1.96987716995824e-09	0.774680365163318	0.03	0.021	6.60657405260593e-05	TMCC3	c1
2.01799328069739e-09	-0.601122634039653	0.007	0.013	6.76794586480291e-05	TTYH2	c1
2.22240746325192e-09	-0.177217890081671	0.017	0.026	7.45351015025428e-05	PHLPP2	c1
2.23211798925636e-09	-0.167321029481707	0.043	0.056	7.486077312368e-05	MARCH8	c1
2.25479598694786e-09	-0.334882390925075	0.006	0.012	7.56213478102572e-05	FKBP7	c1
2.46958113275892e-09	-0.120898997611009	0.037	0.05	8.28248120304685e-05	ZNF765	c1
2.67834773230449e-09	-0.156886541781063	0.023	0.033	8.9826426246028e-05	CNNM3	c1
2.71520548219196e-09	-0.49019201082568	0.012	0.019	9.10625614617538e-05	TMTC2	c1
2.84719241427923e-09	0.823192753842026	0.017	0.011	9.54891391900967e-05	ZNF223	c1
2.93028318428074e-09	0.895674605016738	0.013	0.008	9.82758374344076e-05	LINC01353	c1
3.06045224204187e-09	-0.163477032463092	0.046	0.059	0.0001026414472936	MLH3	c1
3.23988717974783e-09	-0.126794149425525	0.042	0.055	0.000108659336234383	FBXL17	c1
3.34669718183503e-09	-0.232107509121535	0.017	0.026	0.000112241530084383	FAM131A	c1
3.37785327859197e-09	-0.688986653253671	0.004	0.01	0.000113286443257417	AL137003.2	c1
3.4214710626674e-09	-0.309301521351908	0.011	0.018	0.000114749296499739	AC004241.1	c1
3.44151399708557e-09	-0.199004725768934	0.053	0.067	0.000115421496434256	NR1D1	c1
3.44660900000426e-09	-0.627169283391847	0.004	0.01	0.000115592372642143	AC092580.2	c1
3.48144803916532e-09	-0.124538010498995	0.026	0.036	0.000116760804337527	ZNF681	c1
3.55607031539953e-09	-0.223447418472562	0.007	0.014	0.000119263486237869	HNRNPA1P48	c1
3.60539330438451e-09	0.496314638036221	0.063	0.051	0.000120917680642448	RIPOR1	c1
3.62574202433703e-09	-0.175389386415426	0.024	0.034	0.000121600136012215	BTBD2	c1
4.07850128740262e-09	-0.122821559695724	0.031	0.042	0.000136784776176909	OSGIN2	c1
4.07874406797543e-09	0.528052501362716	0.107	0.094	0.00013679291855176	UBQLN4	c1
4.09701511199201e-09	-0.626716899504641	0.008	0.014	0.000137405692825988	SYNM	c1
4.24588292072106e-09	-0.215426430973784	0.021	0.03	0.000142398421395143	VCL	c1
4.35360960599873e-09	-0.220785415715128	0.014	0.022	0.000146011358965986	LENG9	c1
4.38070224900556e-09	0.362673538905105	0.204	0.194	0.000146919992027148	TRIM44	c1
4.39876831465851e-09	-0.305470319613145	0.018	0.027	0.000147525891737017	RGPD8	c1
4.42000582127301e-09	-0.462712256847927	0.009	0.015	0.000148238155233854	CD68	c1
4.47394413959147e-09	0.729489748065938	0.027	0.019	0.000150047138553619	FP671120.4	c1
4.48354048681127e-09	-0.288997867909376	0.014	0.022	0.000150368980846676	ALG10B	c1
4.5036317123835e-09	0.695897832611068	0.028	0.02	0.000151042800369918	FER	c1
4.50902743179268e-09	0.672709380976204	0.044	0.035	0.000151223762007463	ARRB1	c1
4.69340193800608e-09	-0.1570499680156	0.02	0.029	0.000157407314196848	H2AFY2	c1
5.09400674519186e-09	-0.133401519790073	0.037	0.049	0.000170842798220245	ERLIN1	c1
5.18218493662233e-09	-0.129656648111521	0.037	0.049	0.00017380011840444	DAG1	c1
5.33868073423706e-09	0.855898791966843	0.014	0.008	0.000179048674464842	EFCAB13	c1
5.47692148826026e-09	0.786760038818897	0.017	0.011	0.000183684992873273	BAMBI	c1
5.5197093800369e-09	0.820249807032321	0.017	0.011	0.000185120013187678	UST	c1
5.56350359855804e-09	-0.197183834767533	0.005	0.011	0.00018658878368844	WDR90	c1
5.58309261746671e-09	-1.11195732150872	0.019	0.027	0.000187245760204599	FXYD2	c1
5.85824780746119e-09	-0.114226302101605	0.016	0.024	0.000196473914966633	MIR497HG	c1
5.86900017112409e-09	0.338115988876658	0.224	0.215	0.00019683452773916	RNF214	c1
5.8742326095449e-09	-0.101723603924869	0.019	0.028	0.000197010013258917	DNAJC25	c1
6.10716353646961e-09	-0.340359387186141	0.014	0.022	0.000204822050686118	ZNF785	c1
6.21985108058853e-09	-0.536389799731484	0.007	0.013	0.000208601365540778	RGS5.1	c1
6.32778743264261e-09	-0.446268395765601	0.01	0.016	0.000212221334915968	TBC1D24	c1
6.45771285972285e-09	-0.320903327358533	0.01	0.017	0.000216578773889385	C1QTNF6	c1
6.53642163402153e-09	-0.235352150031797	0.019	0.028	0.000219218508761814	SNX16	c1
6.653029730991e-09	-0.160936666842862	0.015	0.023	0.000223129311117976	GRK4	c1
6.84171193372176e-09	-0.15028536623184	0.012	0.019	0.000229457334833161	TSPAN2	c1
6.85901388515018e-09	-0.316836368788355	0.007	0.013	0.000230037607680167	AC092747.4	c1
7.10897126435558e-09	-0.153212094697318	0.025	0.035	0.000238420678263957	KIF5C	c1
7.48550489983918e-09	-0.256390597275434	0.014	0.022	0.000251048863330806	ANKS1A	c1
7.84733231570256e-09	-0.12332286641744	0.035	0.047	0.000263183831204033	C17orf67	c1
8.26759921396829e-09	-0.28068596960764	0.009	0.016	0.000277278742438069	NANP	c1
8.4070591618018e-09	0.714601637539094	0.045	0.035	0.000281955950168509	RNF157	c1
8.5587243608849e-09	0.694619856107122	0.024	0.017	0.000287042497615358	ACVR1B	c1
8.8340768828308e-09	-0.575410613859492	0.006	0.012	0.00029627727049638	CASTOR3	c1
9.02251198169062e-09	-0.192901800103884	0.018	0.027	0.00030259700684194	CRAMP1	c1
9.23854338083821e-09	0.963894410735139	0.014	0.009	0.000309842267906552	RIMS3	c1
9.3949900999639e-09	-0.218796004265599	0.025	0.035	0.000315089177972589	ACAD10	c1
9.66563659912443e-09	0.760070733558083	0.018	0.012	0.000324166120261435	TANC2	c1
1.02774850215789e-08	-0.327222775005489	0.01	0.016	0.000344686292653714	DCUN1D3	c1
1.06048349633603e-08	-0.76092002409943	0.006	0.011	0.000355664955001178	AC084018.2	c1
1.06746821668457e-08	0.685048788785271	0.032	0.024	0.000358007490511671	CYP4F22	c1
1.08295753506607e-08	-0.491977406031333	0.009	0.015	0.000363202298110458	LAMP3	c1
1.12011655554594e-08	0.16012892387541	0.491	0.514	0.000375664690398996	HAX1	c1
1.17553816086394e-08	-0.125239648832625	0.028	0.038	0.00039425198839055	URB1	c1
1.17870019043384e-08	-0.260026971541834	0.026	0.035	0.0003953124698677	SMARCD3	c1
1.22552185305564e-08	-0.329984309178802	0.022	0.032	0.000411015519077801	TUBB4A	c1
1.24681334726394e-08	0.616108990580611	0.049	0.039	0.000418156260405381	ZNF814	c1
1.25435263212567e-08	0.488669597843616	0.144	0.131	0.000420684785762307	IFITM3	c1
1.26200996927941e-08	-0.610131350122946	0.013	0.021	0.000423252903496928	CSGALNACT1	c1
1.28337543727941e-08	-0.598960113346402	0.007	0.013	0.000430418454154767	RASA4	c1
1.29290217996375e-08	-0.210287535059308	0.036	0.048	0.000433613533116243	ZNF318	c1
1.29877077590541e-08	0.152930196639155	0.474	0.49	0.000435581742823155	SSB	c1
1.31087606588697e-08	0.345312630519268	0.084	0.071	0.000439641614977172	ITGA6	c1
1.34848281475366e-08	-0.122107123641124	0.013	0.021	0.000452254166412083	TMEM268	c1
1.38286617122587e-08	-0.362194625821024	0.011	0.018	0.000463785656505732	CCDC120	c1
1.41494140823103e-08	-0.516913241135101	0.005	0.01	0.000474543049492523	LSM11	c1
1.41907674273621e-08	-0.267889471752208	0.042	0.054	0.00047592995797887	TRAV12-2	c1
1.43258055145574e-08	-0.117300607903998	0.043	0.056	0.000480458865347227	ZNF649	c1
1.45060445010506e-08	0.796930996299106	0.032	0.024	0.000486503720476235	ZC4H2	c1
1.46125590108558e-08	-0.542502534092614	0.007	0.012	0.000490076004106081	AL117379.1	c1
1.49679370513171e-08	-0.220112473734433	0.011	0.018	0.000501994672827074	DDTL	c1
1.51662769645648e-08	0.705340211183597	0.035	0.026	0.000508646596837574	XYLT1	c1
1.51932847131352e-08	-0.159726071641922	0.028	0.038	0.000509552382709127	COX18	c1
1.52935713200418e-08	-0.305299393477043	0.016	0.024	0.000512915794931563	CPEB3	c1
1.53713044682435e-08	-0.178146027696134	0.019	0.028	0.00051552280925595	HIC2	c1
1.56391572870239e-08	-0.122423480051216	0.025	0.035	0.000524506057092208	GAN	c1
1.61120892035801e-08	-0.426479073182155	0.008	0.014	0.000540367247709668	CACFD1	c1
1.62002737024866e-08	-0.442476161214961	0.007	0.012	0.000543324779433995	PROB1	c1
1.62260561004844e-08	-0.243444834016379	0.017	0.025	0.000544189469498047	AC005332.7	c1
1.63740516917474e-08	-0.104353994103493	0.039	0.051	0.000549152945637823	ANKS3	c1
1.67580934793618e-08	0.524064031074452	0.084	0.072	0.000562032939110836	IL9R	c1
1.68725166139882e-08	-0.573000196422615	0.024	0.033	0.000565870462199938	SCML1	c1
1.69521093605367e-08	0.774821474256686	0.017	0.011	0.000568539843733681	CALY	c1
1.70920324484806e-08	0.349731020726975	0.301	0.29	0.000573232584257141	RBKS	c1
1.86709180890348e-08	-0.116548264251152	0.033	0.045	0.00062618525087005	TRIM68	c1
1.89389544217586e-08	-0.23602689656643	0.014	0.022	0.000635174653396941	BCLAF3	c1
1.98528284401335e-08	-0.376881856883259	0.011	0.017	0.000665824160225196	C16orf74	c1
2.03238875989953e-08	-0.428230929220095	0.006	0.011	0.000681622542295106	OSBPL1A	c1
2.19331591216761e-08	-0.14806487107377	0.019	0.028	0.000735594290622772	AC002310.1	c1
2.27244140858485e-08	-0.108871371637368	0.047	0.06	0.000762131399611187	ZNF235	c1
2.31485193451433e-08	-0.107786154299601	0.027	0.038	0.000776355041797415	SIPA1L3	c1
2.3597812466668e-08	-0.610826415126543	0.006	0.012	0.000791423434507111	PNPLA7	c1
2.38245687388576e-08	0.516426718460242	0.035	0.026	0.000799028386363805	TNK1	c1
2.47310421910908e-08	-0.1917936117222	0.017	0.025	0.000829429693004804	AFG1L	c1
2.57494972831829e-08	-0.130550563055477	0.029	0.039	0.000863586639883389	HIST4H4	c1
2.63740997136481e-08	-0.311019726624228	0.012	0.019	0.000884534556196329	SLC38A7	c1
2.6456434649617e-08	0.129847189367708	0.056	0.07	0.000887295905278855	TTLL12	c1
2.71322461586e-08	-0.556729670281012	0.005	0.01	0.000909961271667128	AC015813.1	c1
2.73831021738533e-08	0.625369241860592	0.089	0.077	0.000918374480706692	SFMBT1	c1
2.74397706314284e-08	-0.245423329067528	0.018	0.027	0.000920275027436846	ZNF440	c1
2.78069989377747e-08	-0.443245185851898	0.009	0.016	0.000932591130375088	SENP3	c1
2.92468470069466e-08	0.208803225728859	0.386	0.397	0.000980880754918976	ARL2BP	c1
2.9297286780542e-08	-0.221018290001062	0.02	0.029	0.000982572404045816	NEU3	c1
3.0259856994985e-08	0.118712181153602	0.112	0.135	0.00101485508389781	OGFOD3	c1
3.05399047473175e-08	-0.100050080467216	0.028	0.038	0.00102424732541553	ZNF790	c1
3.37887719702153e-08	-0.211542198562885	0.018	0.026	0.00113320783433708	SERPINB8	c1
3.41867392151369e-08	-0.317031101791956	0.01	0.016	0.00114655485979726	TRAF3IP1	c1
3.53944356226162e-08	-0.146243799163085	0.021	0.03	0.0011870585819113	PLD2	c1
3.60828387102376e-08	-0.187125386208123	0.017	0.025	0.00121014624466395	ZNF674-AS1	c1
3.63414951452786e-08	-0.298183204220186	0.01	0.016	0.00121882106418236	AL139352.1	c1
3.65378537365724e-08	-0.182139346680632	0.031	0.041	0.00122540653861717	ZBTB41	c1
3.76068808413399e-08	0.958703387141551	0.011	0.007	0.00126125956965686	IQCN	c1
3.79206382472797e-08	-0.184528080763548	0.017	0.025	0.00127178236553727	AC090517.4	c1
3.92959862577567e-08	-0.18280290034695	0.01	0.016	0.00131790878711264	NEURL1	c1
4.33709041133453e-08	-0.293181917325161	0.017	0.025	0.00145457338215337	HOXB-AS1	c1
4.35887770330057e-08	-0.122621318813822	0.035	0.046	0.00146188040413295	PPM1F	c1
4.46990598834357e-08	-0.211847927387681	0.03	0.04	0.00149911707037067	RGS16	c1
4.49915871096481e-08	-0.183368010402534	0.023	0.032	0.00150892784848338	FPGT	c1
4.51992875395328e-08	-0.110749133561151	0.019	0.028	0.00151589370550085	SLC25A28	c1
4.72857711517072e-08	-0.13075847042805	0.029	0.039	0.00158587019288596	ZNF846	c1
4.9676717467584e-08	-0.560614074266627	0.005	0.01	0.00166605775042783	MDGA1	c1
5.3417233601607e-08	-0.420151740998619	0.009	0.015	0.0017915071805307	RNF227	c1
5.45336462992288e-08	-0.478414559917486	0.012	0.018	0.00182894942958354	NEK6	c1
5.56456626308911e-08	-0.299723868108295	0.015	0.022	0.00186624423331483	AC034236.2	c1
5.69478342356503e-08	-0.861299617421802	0.013	0.02	0.00190991646459524	TRAV1-1	c1
5.88097614681164e-08	-0.224889653528109	0.009	0.015	0.00197236178011769	UBTD2	c1
5.94171122055636e-08	0.144557694557957	0.497	0.521	0.00199273110915019	TMEM219	c1
6.76516439025245e-08	-0.256053710197087	0.02	0.028	0.00226890083320287	AL669918.1	c1
7.02485696078071e-08	-0.371393854120712	0.009	0.015	0.00235599652750663	CDAN1	c1
7.27853066216245e-08	-0.126767628636938	0.029	0.038	0.00244107361347604	SSH3	c1
7.55355095014089e-08	-0.292807285754864	0.006	0.011	0.00253330991765825	ANGPTL6	c1
7.73493566401317e-08	0.87982004369439	0.01	0.006	0.00259414272299674	ANKRD6	c1
7.77593806494922e-08	-0.295900476418123	0.027	0.036	0.00260789410822267	CDK5R1	c1
8.02274592731423e-08	-0.144798018949789	0.03	0.04	0.00269066852910265	ZNF552	c1
8.17120151864787e-08	0.901391924472914	0.013	0.008	0.00274045756532412	TPM2	c1
8.21625725258176e-08	0.595607276399245	0.037	0.029	0.00275556835737087	AC147067.1	c1
8.32688123175411e-08	-0.513246215973047	0.007	0.013	0.00279266942750569	TRBJ2-7	c1
8.51894266214417e-08	-0.462436884019348	0.007	0.012	0.00285708299002991	AC022182.1	c1
8.88853292318652e-08	-0.118531115007237	0.017	0.024	0.00298103617177829	DDX51	c1
9.0039875739726e-08	-0.139269050643573	0.021	0.029	0.00301975735255893	ZNF513	c1
9.45259209426182e-08	-0.523556986039767	0.005	0.01	0.00317021033657353	TFR2	c1
9.50145865864399e-08	-0.259202231684381	0.011	0.018	0.00318659920493602	KCTD2	c1
9.75412619378911e-08	-0.318155487787902	0.009	0.015	0.00327133884287299	AC002091.2	c1
9.86758416029177e-08	-0.289991492097223	0.014	0.021	0.00330939037567865	ZNF2	c1
9.88699496027839e-08	0.120499054949236	0.112	0.135	0.00331590036977817	RUSC1	c1
9.98051733251826e-08	-0.434598652648844	0.007	0.012	0.00334726590297997	HIST1H4B	c1
1.03886759369968e-07	0.150808503447305	0.024	0.034	0.00348415413574999	TRIP6	c1
1.05435378161592e-07	-0.134535668496735	0.027	0.036	0.00353609171278347	MTMR10	c1
1.05752533148274e-07	0.606023812062818	0.041	0.032	0.00354672845672682	AC245014.3	c1
1.06625502265591e-07	-0.182859495921295	0.02	0.028	0.00357600609498338	AL390728.6	c1
1.07082343430042e-07	0.15468674065499	0.03	0.04	0.00359132763395674	COQ3	c1
1.07260033927729e-07	-0.210646323170457	0.013	0.019	0.00359728701786819	TWNK	c1
1.10048891339636e-07	-0.166153662992698	0.032	0.042	0.00369081971774872	ZNF248	c1
1.14104824893528e-07	-0.241528234168424	0.493	0.516	0.00382684761727916	CD63	c1
1.14219433054122e-07	-0.28343806578769	0.358	0.379	0.00383069134576913	ITGA1	c1
1.14309197478919e-07	-0.526687160208433	0.006	0.012	0.00383370186504797	UBTD1	c1
1.14360082502675e-07	-0.158079049936973	0.029	0.039	0.0038354084469747	GSDMB	c1
1.17047718746005e-07	-0.92271406032384	0.007	0.012	0.00392554639130353	TRBV6-4	c1
1.18198160050545e-07	-0.210249003433772	0.021	0.029	0.00396412989177518	ZNF558	c1
1.23892548579663e-07	-0.609271008119602	0.006	0.011	0.00415510829426474	AL353759.1	c1
1.24144992666084e-07	0.873897059211003	0.011	0.007	0.00416357476403512	SYDE2	c1
1.25883131929295e-07	-0.254273423753874	0.011	0.017	0.00422186847864471	GDPGP1	c1
1.26333047239863e-07	-0.112183675433942	0.02	0.029	0.00423695773833053	ZNF823	c1
1.32900012992854e-07	0.150826802872161	0.21	0.194	0.00445720063575432	LDLRAP1	c1
1.33012615605541e-07	-0.2489622278211	0.015	0.023	0.00446097710217864	STX18-AS1	c1
1.33285123860143e-07	-0.123185651841018	0.034	0.045	0.00447011648402148	CTSF	c1
1.34066124102891e-07	-0.108579258888065	0.025	0.034	0.00449630967016275	TECPR2	c1
1.34407894315822e-07	-0.634600313834082	0.007	0.013	0.00450777195956403	ZNF425	c1
1.44114756563842e-07	-0.132583212374692	0.015	0.022	0.00483332070563814	INTS6-AS1	c1
1.44444354884212e-07	0.136728505686813	0.489	0.504	0.00484437477410669	FBL	c1
1.44550809752838e-07	0.403924590465628	0.109	0.096	0.00484794505749069	DUSP6	c1
1.47353787289346e-07	-0.364841359562537	0.011	0.018	0.00494195131811008	AC036176.1	c1
1.51224128846477e-07	0.527250265393638	0.053	0.044	0.00507175483325315	SOCS2	c1
1.57364937047316e-07	0.485792908597988	0.086	0.075	0.00527770525869289	NFE2L3	c1
1.58722314174769e-07	0.623518209822685	0.027	0.02	0.0053232289727934	BCORL1	c1
1.6817690691073e-07	-0.46397930512838	0.011	0.017	0.00564031710397207	OTUD1	c1
1.70637192639645e-07	0.187767747597258	0.413	0.426	0.00572283016674842	GIMAP2	c1
1.74242895374101e-07	-0.159808541521492	0.019	0.027	0.00584375822505659	WDCP	c1
1.79145632335363e-07	0.406934458028306	0.141	0.13	0.0060081862172634	GALNT6	c1
1.81167066241323e-07	-0.106488437569951	0.03	0.04	0.0060759810676015	AL359915.2	c1
1.82643234621599e-07	-0.191790098657717	0.013	0.019	0.0061254888027392	TIGD2	c1
1.83591912478227e-07	0.708719539052268	0.038	0.03	0.00615730556069479	EMILIN2	c1
1.8678232463294e-07	0.635378910813113	0.035	0.027	0.00626430560353955	CAMK2N1	c1
1.87669584806301e-07	-0.141515367311289	0.023	0.031	0.00629406253523372	FBXO30	c1
1.92990054828036e-07	-0.178476675206568	0.024	0.033	0.00647250045882267	ZNF589	c1
1.94641985494806e-07	0.168613855854844	0.263	0.252	0.0065279029095248	RASGRP2	c1
1.99097365011215e-07	-0.166701075774101	0.013	0.02	0.00667732742774613	F8A1	c1
2.0263333628278e-07	-0.36285035588512	0.007	0.012	0.00679591683225189	AC093249.6	c1
2.04113054682021e-07	-0.325194305812786	0.009	0.014	0.00684554362792561	LRRC27	c1
2.05696805343467e-07	-0.26872468869122	0.01	0.016	0.00689865945760918	RASGRP3	c1
2.19210850413151e-07	0.885104232280561	0.015	0.01	0.00735189350115626	CYSLTR2	c1
2.27193995678465e-07	-0.119287760488428	0.619	0.648	0.00761963222706435	SH2D2A	c1
2.28341743916734e-07	-0.19897617658646	0.009	0.014	0.00765812540747943	TMEM241	c1
2.29729496667163e-07	0.575999466367771	0.052	0.043	0.00770466785922332	GLCE	c1
2.33622275421643e-07	-0.120923774169698	0.019	0.027	0.00783522387309105	ZSWIM3	c1
2.34570706967737e-07	-0.380519953161487	0.009	0.015	0.00786703237028396	ZNF517	c1
2.38108797764189e-07	0.316470005745263	0.181	0.171	0.00798569285941537	ZNF862	c1
2.39950921582868e-07	-0.120235478155276	0.046	0.058	0.00804747400804623	ADHFE1	c1
2.53911564076243e-07	0.544276008972919	0.028	0.021	0.00851568603598903	VSIG1	c1
2.63736088846653e-07	-0.135785425737801	0.017	0.025	0.00884518094773905	ARSB	c1
2.76363884225307e-07	0.105280952168547	0.051	0.064	0.00926869194914835	BCS1L	c1
2.82063035489626e-07	0.381963450007639	0.158	0.148	0.00945983008425108	RUNX2	c1
2.94519591592232e-07	-0.1150847506572	0.025	0.034	0.00987759806282029	BAHD1	c1
2.95894161946563e-07	0.818116621727769	0.023	0.017	0.00992369840336382	LATS2	c1
3.06566565956949e-07	-0.140445595507127	0.02	0.028	0.0102816294890641	FBRSL1	c1
3.06968261391984e-07	-0.225706722948928	0.013	0.02	0.0102951015505644	HARBI1	c1
3.08285671617247e-07	0.118528436879379	0.051	0.064	0.0103392848546992	GALE	c1
3.15588251596581e-07	-0.486646976102138	0.006	0.011	0.0105841987820461	C17orf97	c1
3.15600633748523e-07	0.291889406298364	0.086	0.074	0.010584614054658	APBA2	c1
3.24496997168321e-07	0.387276091453723	0.088	0.076	0.0108829802910312	PCYOX1	c1
3.29591734983306e-07	-0.149679380883663	0.022	0.03	0.0110538476078701	AC124016.1	c1
3.37520706217285e-07	-0.273610853101479	0.013	0.019	0.0113197694451153	TSHZ3	c1
3.41638025099922e-07	0.667716288708015	0.025	0.019	0.0114578560858012	ZNF347	c1
3.62272973975196e-07	-0.105049198731343	0.02	0.028	0.0121499110011801	DHX32	c1
3.70721631851255e-07	0.68890665952642	0.038	0.03	0.0124332620890274	PHLDA3	c1
3.72040414583319e-07	-0.218437144274485	0.015	0.022	0.0124774914242954	FKRP	c1
3.73100569397957e-07	0.523932684902822	0.054	0.044	0.0125130468964687	ZBTB22	c1
3.77436530454173e-07	-0.223843634645863	0.011	0.017	0.0126584663583721	FAM149B1	c1
3.81795933181592e-07	0.990639930717349	0.011	0.007	0.0128046720070442	ZNF578	c1
4.15687248289344e-07	-0.130246084172451	0.02	0.027	0.013941318933128	TMEM106A	c1
4.22748908541717e-07	0.370823919407901	0.18	0.171	0.0141781528946721	STK26	c1
4.44521338809545e-07	-0.224226082103055	0.08	0.094	0.0149083566609945	C1orf162	c1
4.72680504090317e-07	-0.155583851257747	0.011	0.018	0.015852758746181	AC016394.1	c1
4.8558144665093e-07	-0.171451691280681	0.015	0.022	0.0162854305577789	RNF19B	c1
5.03834948954006e-07	-0.431936836521563	0.01	0.016	0.0168976165180194	KLHL17	c1
5.23135219988647e-07	-0.177635693023997	0.02	0.027	0.0175449090079793	FAM161B	c1
5.26440878429327e-07	-0.762531691914478	0.006	0.011	0.0176557741807628	ZNF703	c1
5.3219324727289e-07	-0.439917659728488	0.005	0.01	0.0178486971270382	OLMALINC	c1
5.36931112089147e-07	0.189970563757702	0.36	0.362	0.0180075956372458	STN1	c1
5.39685431447973e-07	-0.104793102440383	0.026	0.035	0.0180999699999021	MBTPS2	c1
5.52358453239756e-07	0.876386629364159	0.015	0.01	0.0185249978047549	FP236383.3	c1
5.56311215740019e-07	-0.201529503170367	0.016	0.023	0.0186575655534888	KLF16	c1
5.61394185192466e-07	-0.37401534368315	0.006	0.01	0.0188280381829849	BX255925.3	c1
5.6793155282397e-07	-0.194076918965546	0.017	0.025	0.0190472884186103	XKR6	c1
5.91523815490031e-07	-0.193421376806029	0.011	0.017	0.0198385257239047	HIST2H2BE	c1
6.05690886534575e-07	-0.105379084420401	0.028	0.037	0.0203136609525966	TMCC1	c1
6.15044089541711e-07	-0.535757507907483	0.007	0.012	0.0206273486750499	JAM3	c1
6.15105675290936e-07	0.475471760447438	0.033	0.026	0.0206294141379074	FXYD1	c1
6.21314206638507e-07	-0.125666575555578	0.024	0.032	0.0208376358622422	AC098484.3	c1
6.45360285868102e-07	-0.522588007147888	0.024	0.032	0.0216440932674444	TRAV39	c1
6.61703498926766e-07	-0.120067268455307	0.031	0.041	0.0221922119470059	ENGASE	c1
6.62147028157099e-07	-0.565185379066722	0.006	0.011	0.0222070870303328	AL135999.1	c1
6.84071147270025e-07	-0.349804908335772	0.011	0.017	0.0229423781371421	ULK2	c1
6.84723672292247e-07	-0.152407378358057	0.011	0.017	0.0229642625213374	AL080276.2	c1
6.92468405113734e-07	-0.319537971806023	0.009	0.014	0.0232240053707044	DNAJC3-DT	c1
6.97523235550401e-07	-0.130825531046693	0.025	0.034	0.0233935342738893	FAM227B	c1
7.07635112280366e-07	0.108529284147212	0.134	0.159	0.0237326663956589	DDX1	c1
7.10906083335552e-07	0.174005814989002	0.431	0.449	0.0238423682229078	PHF20	c1
7.70060955713183e-07	0.592357555547272	0.043	0.035	0.0258263043327087	IL15	c1
7.7541753554795e-07	-0.181038427773188	0.014	0.021	0.0260059533072072	AL354733.3	c1
7.77910679002928e-07	-0.214882597794777	0.016	0.022	0.0260895683524002	IFT172	c1
7.84894317237457e-07	-0.158311146594154	0.014	0.02	0.0263237856115098	ZNF782	c1
7.86053638681916e-07	0.117213807411878	0.043	0.055	0.0263626669341141	AC109826.1	c1
8.30764448401189e-07	0.530850587119851	0.061	0.051	0.0278621780704791	BEST1	c1
8.39969331501942e-07	-0.395646306080582	0.005	0.01	0.0281708914399121	DICER1-AS1	c1
8.44144534377213e-07	-0.150892016340282	0.009	0.015	0.028310919393943	NBPF10	c1
8.59645535255022e-07	-0.100573283000656	0.018	0.025	0.0288307919613829	AL691432.2	c1
8.755540754621e-07	0.477824402492746	0.085	0.074	0.0293643325828479	AIG1	c1
8.93822776279594e-07	0.942769454890958	0.021	0.015	0.029977028270865	AC011611.3	c1
9.03764356739148e-07	-0.139896858066244	0.027	0.036	0.0303104489963176	SELENON	c1
9.22172030476458e-07	-0.138119545746668	0.045	0.056	0.0309278055581195	NDUFV2-AS1	c1
9.52321689088325e-07	-0.327622448154094	0.007	0.012	0.0319389648086442	NT5M	c1
9.72239955180205e-07	-0.449032431048055	0.008	0.013	0.0326069836168337	CCDC144A	c1
9.81519690535084e-07	0.102247222331559	0.08	0.097	0.0329182073811657	CCDC127	c1
1.02410490838803e-06	0.721298885296185	0.031	0.024	0.0343464304175178	KLHL25	c1
1.0774526080505e-06	-0.213694798484504	0.018	0.025	0.0361356055687977	RALGPS1	c1
1.08230276464393e-06	0.901064180171571	0.017	0.011	0.0362982701206281	ZNF577	c1
1.08337410373118e-06	-0.132479939240826	0.029	0.037	0.0363342006909362	PMEPA1	c1
1.09173081834218e-06	0.754203706667286	0.025	0.019	0.0366144681855601	LTB4R	c1
1.10011623038877e-06	0.497990998822613	0.059	0.05	0.0368956981347787	GSTM3	c1
1.1151693954209e-06	-0.110773840309919	0.026	0.035	0.037400551183626	ZBTB11-AS1	c1
1.13919917979005e-06	-0.48350396147652	0.005	0.01	0.0382064620917986	IFT81	c1
1.20365672239248e-06	0.174339017755377	0.045	0.056	0.0403682391555988	INAFM1	c1
1.23856684530983e-06	-0.157397468148517	0.022	0.03	0.0415390548580012	PIK3C2B	c1
1.32810964516538e-06	0.432757742907675	0.028	0.022	0.0445421412795566	GPRASP1	c1
1.34023362744435e-06	-0.29669976179185	0.007	0.011	0.0449487553972286	AL117332.1	c1
1.34931566280188e-06	0.501380702343805	0.122	0.112	0.0452533486990494	SNAPC1	c1
1.42279393305313e-06	-0.240151075472422	0.012	0.017	0.0477176629267357	MAP3K7CL	c1
1.46047915810284e-06	-0.260821751741624	0.014	0.021	0.048981550004453	HSPA1L	c1
1.48100937292238e-06	-0.33533850754637	0.007	0.012	0.0496700923490706	ADAM22	c1
1.48680169204329e-06	-0.262716649592128	0.013	0.019	0.0498643551477478	LENG8-AS1	c1
1.57993075122439e-06	-0.257818773547102	0.007	0.011	0.0529877175345635	AL450326.1	c1
1.60864351122119e-06	0.51595603669606	0.055	0.047	0.0539506860793362	GNAQ	c1
1.6396403707638e-06	-0.220279889433938	0.015	0.022	0.0549902587546763	AC008764.8	c1
1.76165331509866e-06	-0.194031440356423	0.024	0.032	0.0590823288817788	SLC18B1	c1
1.77740231592917e-06	-0.132322988506925	0.019	0.026	0.0596105188716325	AC009779.2	c1
1.80325467604705e-06	-0.216844892995688	0.009	0.014	0.0604775553252661	RNFT1-DT	c1
1.8503875770255e-06	0.128341873566416	0.074	0.089	0.0620582985582813	TMEM99	c1
1.85565712172618e-06	0.900373810604487	0.018	0.012	0.0622350285484528	STBD1	c1
1.89109171645094e-06	0.753275350790318	0.011	0.007	0.0634234339863317	PFN2	c1
1.89845296511569e-06	0.765638919722636	0.018	0.013	0.06367031554405	SDR42E2	c1
2.03440871278518e-06	0.628813781692597	0.032	0.025	0.0682299994093895	TRAV20	c1
2.03928647074808e-06	-0.248181507246738	0.011	0.017	0.068393589655949	AC064807.1	c1
2.10826139200063e-06	-0.112397755240244	0.078	0.066	0.0707068705649173	TRBV5-1	c1
2.15894193229993e-06	-0.292984515218765	0.007	0.012	0.0724065945254752	AL158152.1	c1
2.17510567560319e-06	-0.162544647354335	0.007	0.012	0.0729486941483797	AC116366.2	c1
2.29266926912352e-06	-0.403260114594524	0.012	0.018	0.0768915419478648	RAB3D	c1
2.39898158186634e-06	-0.368956867685238	0.008	0.013	0.0804570442926333	AGAP4	c1
2.49249530660294e-06	0.143886428541007	0.058	0.071	0.0835933075928494	OAS3	c1
2.50541501629232e-06	-0.160170473708002	0.012	0.017	0.0840266088164119	NAGLU	c1
2.53176234942459e-06	-0.305533436080746	0.006	0.01	0.0849102456750019	ENKD1	c1
2.73957730165096e-06	-0.103868953833032	0.055	0.067	0.0918799435427698	TBXAS1	c1
2.88292349447117e-06	-0.361617402001317	0.006	0.011	0.0966874881575742	AC211476.2	c1
2.92545847329567e-06	0.442957140399729	0.091	0.081	0.0981140262773901	BAIAP2	c1
3.01990771202562e-06	-0.207501488749824	0.012	0.018	0.101281664845915	LRRIQ3	c1
3.04526792923619e-06	-0.29091938443638	0.013	0.018	0.102132195810723	AC026471.1	c1
3.05895558728769e-06	-0.247842084115336	0.018	0.025	0.102591252486455	BMF	c1
3.0904915176898e-06	-0.172841061442883	0.011	0.017	0.10364890452028	FIZ1	c1
3.0956176970269e-06	-0.303538173807261	0.007	0.011	0.103820826322888	FBXO36	c1
3.1624214898296e-06	-0.353058859251575	0.022	0.029	0.106061291925905	HDAC9	c1
3.24184798015914e-06	0.744282019449035	0.013	0.009	0.108725097558577	NPTXR	c1
3.26950302166025e-06	-0.115219400766044	0.013	0.019	0.109652592340441	AC116407.2	c1
3.29300093015736e-06	0.121386976399541	0.081	0.097	0.110440665195618	VARS	c1
3.29680258645251e-06	0.210454835180087	0.487	0.501	0.110568165144444	NFKBIZ	c1
3.32700711657024e-06	-0.219145565064081	0.012	0.018	0.111581164675533	ZNF133	c1
3.40983244697099e-06	-0.164856507411224	0.013	0.019	0.114358960606513	KLHL15	c1
3.44989396007279e-06	-0.228969743566634	0.013	0.019	0.115702543632921	ZNF596	c1
3.65291906701399e-06	-0.107810282211605	0.017	0.024	0.122511599669515	AC135457.1	c1
3.68345332528188e-06	-0.229134291912241	0.012	0.018	0.123535657623304	AP003108.2	c1
3.70399702354114e-06	-0.273461713718408	0.018	0.025	0.124224652175523	GDPD1	c1
3.71029211333316e-06	-0.224621790227053	0.011	0.016	0.124435776896968	TRBJ2-1	c1
3.79951672152844e-06	0.680923502168154	0.025	0.019	0.127428191806621	HDAC11	c1
3.83488451742273e-06	0.550877716935919	0.032	0.025	0.128614356945323	C4orf47	c1
3.83897587922232e-06	0.320692404548929	0.175	0.167	0.128751573037358	CYB5R1	c1
3.83958920988207e-06	0.550550868286033	0.026	0.02	0.128772142921025	SNHG22	c1
3.84956374865501e-06	-0.219929828659638	0.022	0.029	0.129106669002392	IFIT3	c1
3.95468558899822e-06	0.3279895499404	0.164	0.155	0.132632245283822	CDC14A	c1
3.97724205761992e-06	-0.400609586950841	0.008	0.013	0.133388744128457	CLIP2	c1
3.98828507610238e-06	0.44007511105836	0.033	0.026	0.133759104882322	COL6A2	c1
4.0643837344553e-06	-0.312060669530084	0.006	0.01	0.136311301686162	MCAM	c1
4.06764859220956e-06	0.337362791182038	0.062	0.053	0.136420798485524	TRAV26-1	c1
4.17319793901766e-06	0.204699023038445	0.073	0.088	0.139960712478774	ATP23	c1
4.25285632691267e-06	0.645983853101884	0.025	0.019	0.142632295491997	ACSM3	c1
4.2689816663096e-06	0.1167853620027	0.076	0.091	0.143173107124691	TMEM102	c1
4.27561582769488e-06	-0.418866597472308	0.006	0.01	0.143395603629231	RBM26-AS1	c1
4.33598320276862e-06	-0.261495377936409	0.012	0.017	0.145420204654454	ZNF286B	c1
4.44604855674336e-06	0.209190351032748	0.145	0.132	0.149111576496059	LSR	c1
4.49724609101048e-06	0.102915695182028	0.177	0.207	0.150828639400309	TIMM9	c1
4.50748213957647e-06	-0.149569578773471	0.018	0.025	0.151171935997116	SLC33A1	c1
4.51962876714029e-06	-0.189836875969108	0.011	0.016	0.151579309592351	BX890604.1	c1
4.53630420255478e-06	-0.141804870125982	0.019	0.026	0.152138570345282	PPP1R3B	c1
4.65906628697765e-06	0.709837009716662	0.024	0.018	0.156255765132656	AC139720.1	c1
4.7013593738207e-06	-0.123064474226114	0.031	0.039	0.157674190679199	AMIGO2	c1
4.71052146270199e-06	0.116446162628238	0.088	0.104	0.157981468816099	TTC4	c1
4.78390599860919e-06	-0.116230196212008	0.018	0.025	0.160442639381355	USP35	c1
4.84581493498225e-06	0.440489946587835	0.072	0.063	0.162518941289435	SLC25A43	c1
4.85774896609e-06	-0.116125298160224	0.017	0.023	0.162919184824726	IQCH-AS1	c1
4.9559555980319e-06	-0.283376085418871	0.009	0.014	0.166212838846794	EVI5L	c1
5.00284637396931e-06	-0.200171345218412	0.019	0.025	0.167785461690183	TENT5A	c1
5.02499085875988e-06	0.146879201621344	0.359	0.359	0.168528143421089	PHF1	c1
5.08223850845342e-06	0.119152667683963	0.156	0.183	0.170448115096511	ACAT1	c1
5.20797764449997e-06	0.110676722049108	0.044	0.054	0.17466515424124	IFT74	c1
5.22735306409644e-06	-0.719968502376862	0.006	0.01	0.175314967063666	TNFSF4	c1
5.28794376043687e-06	0.38611582465602	0.162	0.154	0.177347057837532	SGSM3	c1
5.43754446815621e-06	-0.214194502377304	0.013	0.019	0.182364366373023	AC078846.1	c1
5.47662990092496e-06	-0.390944459942836	0.006	0.01	0.183675213617221	CIB2	c1
5.55614429248982e-06	0.102109922107864	0.144	0.169	0.186341967281524	WDR77	c1
5.57929610568694e-06	-0.205413700119122	0.008	0.012	0.187118432792529	AC024592.3	c1
5.63010287635235e-06	0.315471117865506	0.173	0.165	0.188822390267105	MBNL2	c1
5.65288098497028e-06	-0.304439429604137	0.009	0.013	0.189586322473933	MUC12	c1
5.67236425761408e-06	-0.283611232894165	0.013	0.019	0.190239752471861	FZD3	c1
5.73908253393125e-06	-0.17904157324417	0.023	0.031	0.192477350022986	TMEM117	c1
5.87627586748547e-06	-0.165076117135505	0.017	0.024	0.197078540043728	AL355816.2	c1
5.88253802878564e-06	-0.323168937827079	0.006	0.011	0.197288560409413	AC243960.3	c1
5.9294801152278e-06	0.186188756392945	0.033	0.042	0.19886290410451	IFI30	c1
6.03396111909973e-06	-0.432236769401952	0.008	0.012	0.202366988012367	TXLNB	c1
6.07069344035031e-06	-0.149663767161738	0.015	0.021	0.203598916602469	SYNPO2	c1
6.14260404327722e-06	-0.109872811628559	0.017	0.024	0.206010654403431	OTUD3	c1
6.24853703888398e-06	0.116882323513825	0.095	0.112	0.209563435210091	HIST2H2AC	c1
6.28676108625308e-06	-0.135181145140315	0.015	0.021	0.210845393310756	GPAM	c1
6.51193286859492e-06	0.443574861869502	0.142	0.134	0.218397204546936	CIDEB	c1
6.62916666469984e-06	0.115239499886277	0.033	0.042	0.222328991600703	C11orf80	c1
6.71171379162312e-06	0.102469043491133	0.112	0.131	0.225097457143456	WDR75	c1
6.74450231368707e-06	-0.267750730909597	0.007	0.012	0.226197118596437	AQP11	c1
6.77408994136319e-06	-0.145929441399623	0.013	0.019	0.227189428453439	ADCK1	c1
6.79917314749805e-06	0.112411006862235	0.053	0.065	0.228030669020789	CETN2	c1
6.86959291877054e-06	-0.362193472486887	0.006	0.01	0.230392407309726	PPT2	c1
7.00721418814506e-06	-0.10176909304652	0.039	0.049	0.235007949442009	CAPRIN2	c1
7.04159040532248e-06	-0.32630718290431	0.013	0.019	0.236160859013705	ATP6V0A1	c1
7.15297478202576e-06	-0.324325686461393	0.01	0.015	0.23989646823958	AC010618.3	c1
7.22858805202012e-06	-0.121503350482013	0.036	0.045	0.242432386088651	ANGEL1	c1
7.26424174285396e-06	0.63499446916733	0.035	0.028	0.243628139571836	ALPK1	c1
7.52060251992226e-06	-0.232581666541475	0.009	0.014	0.252225967313153	MORN1	c1
7.62505284026487e-06	-0.289748167724815	0.01	0.015	0.255729022156803	AGAP6	c1
7.80671595085329e-06	0.486866685820638	0.052	0.044	0.261821639559718	AZIN2	c1
8.28464032490536e-06	0.104310842075954	0.171	0.199	0.277850267216676	DYNC1I2	c1
8.4145696822614e-06	-0.228509982201011	0.013	0.019	0.282207838003683	ZNF222	c1
8.75588258694072e-06	-0.306157515956729	0.012	0.017	0.293654790200818	ZNF225	c1
8.77219467687813e-06	0.115758392721593	0.153	0.179	0.294201865073139	SDHAF3	c1
8.77685939298472e-06	0.760574093567069	0.011	0.007	0.294358310321921	ANG	c1
8.84820491824333e-06	-0.138087286071071	0.011	0.016	0.296751096548045	FAM89A	c1
8.91465776603598e-06	0.158997376527901	0.422	0.443	0.298979792157315	TMEM35B	c1
9.07801105022303e-06	0.481598240762655	0.059	0.05	0.30445833460238	SCARB2	c1
9.11300162063205e-06	0.677597259526197	0.014	0.01	0.305631848352758	CDKL5	c1
9.13886511017815e-06	-0.148507936757543	0.384	0.414	0.306499258065155	JAML	c1
9.45829767643942e-06	0.113360533104305	0.112	0.131	0.317212387472425	MKNK1	c1
9.48237221127109e-06	0.643591876678126	0.019	0.014	0.31801979922161	AL445686.2	c1
9.64329173872079e-06	-0.148576184647916	0.013	0.018	0.323416718333218	AC068338.2	c1
9.72848408053501e-06	0.111190315252828	0.046	0.056	0.326273899092983	ACOT4	c1
1.02049880392732e-05	-0.318484480027261	0.006	0.01	0.342254888861144	AC105052.3	c1
1.02506411759399e-05	-0.287940534170239	0.007	0.012	0.343786003758672	AC123768.3	c1
1.04163429412421e-05	-0.307798574649661	0.008	0.012	0.349343309563377	MED14OS	c1
1.07165871053073e-05	0.152785231767069	0.374	0.384	0.359412898337795	CD46	c1
1.07168987453284e-05	-0.30441931602122	0.007	0.012	0.359423350120825	ARMH4	c1
1.0843055655643e-05	0.47484259339696	0.037	0.03	0.363654400578956	DISC1	c1
1.09179036985703e-05	0.135202510069512	0.502	0.525	0.366164654242652	HNRNPUL1	c1
1.15963859479821e-05	0.372607366124653	0.188	0.184	0.388919591923424	PTTG1IP	c1
1.20876671669115e-05	0.123077064625825	0.017	0.023	0.405396181443877	FBXW9	c1
1.22932590825974e-05	-0.173278015203233	0.011	0.017	0.412291323112152	EFNB1	c1
1.23438476995057e-05	-0.575544886145284	0.006	0.01	0.413987964146024	AC020911.2	c1
1.26434748086206e-05	-0.168592053225951	0.017	0.023	0.424036858131516	ACCS	c1
1.27850133076318e-05	-0.130488007501654	0.011	0.016	0.428783776311355	AL118506.1	c1
1.29766600413771e-05	-0.442933817375891	0.007	0.012	0.435211224467705	ERP27	c1
1.30532346536549e-05	-0.333650140395378	0.022	0.029	0.437779383814279	WNT10A	c1
1.36601350124519e-05	-0.102311025611259	0.013	0.018	0.458133608047612	AC007114.1	c1
1.43628668442326e-05	0.349876703663278	0.097	0.087	0.481701828221872	CEP68	c1
1.49945452988556e-05	0.266938732039277	0.24	0.237	0.502887060233018	KLHL28	c1
1.5080024250596e-05	-0.447418225765618	0.006	0.01	0.505753853316489	CHRNE	c1
1.58609847358522e-05	0.146207629284632	0.064	0.077	0.53194570607101	CRAT	c1
1.58692211723279e-05	-0.269186655190182	0.006	0.01	0.532221939677533	LRRC29	c1
1.58718809631305e-05	-0.181443863360384	0.017	0.023	0.53231114374147	AC008040.5	c1
1.60745470325881e-05	0.105846207373741	0.058	0.069	0.539108158378938	UEVLD	c1
1.64422144176026e-05	1.01386717031324	0.012	0.008	0.551438987137555	STXBP1	c1
1.66157887919996e-05	0.187058208962626	0.192	0.181	0.557260324506082	PPP2R2B	c1
1.70356522913945e-05	0.30809751507888	0.089	0.079	0.571341706548789	TP53I11	c1
1.73716480598864e-05	0.697449996152814	0.021	0.016	0.582610332632468	SLC30A4	c1
1.76302232712742e-05	-0.382480439209323	0.009	0.013	0.591282428071995	CNNM4	c1
1.81295265054871e-05	0.460422970777452	0.028	0.022	0.608028059941026	ZNF844	c1
1.81734603410207e-05	0.74187489722069	0.024	0.019	0.609501512917151	CFAP54	c1
1.97013368889864e-05	-0.281597887270476	0.007	0.011	0.660743436582828	ZNF653	c1
1.9706948575927e-05	-0.212843810145148	0.009	0.014	0.660931641339438	RTCA-AS1	c1
2.03868343540944e-05	0.101742466213191	0.057	0.068	0.683733650567617	HIST2H2AA4	c1
2.04166482649703e-05	0.100583287236301	0.17	0.197	0.684733549510575	ACBD6	c1
2.04209499885498e-05	0.756573773888672	0.011	0.007	0.684877820715984	PRMT5-AS1	c1
2.05679923258278e-05	0.101140946772535	0.08	0.094	0.689809326623612	MTERF3	c1
2.0969174919691e-05	-0.264989986064769	0.034	0.043	0.703264188456596	NMB	c1
2.14925477767839e-05	0.10844807796279	0.04	0.049	0.720817067337778	FAM221A	c1
2.15069512825265e-05	0.110180268975895	0.126	0.146	0.721300132113375	DXO	c1
2.16516128359574e-05	-0.361541528005726	0.007	0.011	0.72615179129234	AC104532.1	c1
2.24938596237714e-05	0.843530989222769	0.012	0.008	0.754399064062044	AL133415.1	c1
2.25181281832642e-05	-0.30014901782031	0.007	0.011	0.755212983010315	AC007541.1	c1
2.51235103991772e-05	0.59705243775713	0.059	0.052	0.842592291767603	TRIM47	c1
2.5218620004329e-05	-0.138994607910537	0.01	0.015	0.845782077705186	SH3BP5-AS1	c1
2.67493722176435e-05	0.117380506503894	0.017	0.023	0.897120445435327	KIAA1841	c1
2.75872852812676e-05	-0.184119848940387	0.011	0.015	0.925222373763151	SLC9B1	c1
2.78815994924367e-05	-0.243721387338963	0.013	0.018	0.935093083777342	AL512625.3	c1
2.80887509501629e-05	-0.417948850841273	0.007	0.011	0.942040529366564	FGD2	c1
2.91713738700818e-05	-0.102175687300175	0.032	0.04	0.978349536854803	BMPR1A	c1
2.94861915157689e-05	-0.159725764110601	0.009	0.013	0.988907891055856	SRXN1	c1
0.000326865582065565	1.13185430300808	0.026	0.022	1	PPP1R2C	c1
0.00100450251042124	0.959971466087489	0.017	0.013	1	PDIA5	c1
0.000795327877734617	0.835027898492821	0.011	0.008	1	KTN1-AS1	c1
0.00969580855357434	0.804698262285826	0.01	0.008	1	CYP27B1	c1
0.0159755826357752	-0.800865515910585	0.013	0.016	1	TRBV15	c1
0.00151163773919843	0.800717544845789	0.012	0.009	1	FOXJ1	c1
0.000864584025932716	0.786707019619596	0.011	0.008	1	TTC8	c1
0.0134304462611255	0.784043508056282	0.013	0.011	1	FTCDNL1	c1
3.45296383154282e-05	0.769480260565174	0.019	0.014	1	SBF2-AS1	c1
0.024386237115157	0.75610415816275	0.01	0.008	1	MYLPF	c1
0.00143016769733065	0.746780321749747	0.017	0.014	1	SNHG25	c1
0.0929044539225793	0.742019024160963	0.02	0.018	1	KLF4	c1
6.38991681527518e-05	0.727296473221259	0.015	0.011	1	SCOC-AS1	c1
0.000298500562508648	0.725000309031891	0.019	0.015	1	AC106739.1	c1
0.000193139791668779	0.723694382639264	0.016	0.013	1	RHOD	c1
0.000679993141718714	0.718516565151329	0.01	0.007	1	NEK11	c1
0.000134838413389299	0.71326723660462	0.015	0.011	1	C6orf99	c1
0.000199164105513484	0.707466556011656	0.011	0.008	1	PAK6	c1
0.055862032842771	0.704683523745564	0.01	0.008	1	ACVR2B	c1
0.0013982851073483	0.699860274676385	0.019	0.015	1	SMKR1	c1
0.10645563138486	0.694577535124726	0.016	0.015	1	DYRK3	c1
0.000529589964011115	0.690230417161936	0.015	0.011	1	ZNF772	c1
0.000125219355239898	0.689316379761221	0.014	0.011	1	ABLIM2	c1
0.000111553349927748	0.681706199537355	0.016	0.012	1	BAIAP3	c1
8.01122971098534e-05	0.677977628333629	0.014	0.01	1	CRB3	c1
0.0201472766889172	0.676169138699986	0.01	0.008	1	SGSM1	c1
0.00164591992817707	0.670471677845821	0.019	0.016	1	ID1	c1
0.000442911028687943	0.657206431169257	0.017	0.013	1	AC099778.1	c1
0.0116828502692977	0.656736481048164	0.014	0.011	1	NEK3	c1
0.000640084923262214	0.651463485764774	0.029	0.024	1	QPCT	c1
6.0248747321266e-05	0.649236184581445	0.014	0.01	1	AMN	c1
0.000112623536054921	0.64652714100274	0.019	0.015	1	OR4D1	c1
0.00214223728251301	0.643089041546006	0.011	0.009	1	HSD17B14	c1
8.93961355973944e-05	0.640455208635611	0.013	0.009	1	SCRN1	c1
0.0283500363814851	0.639859257420265	0.011	0.009	1	TBC1D16	c1
0.118515705724636	0.636629006721625	0.016	0.015	1	TRIP10	c1
0.000509008220805055	-0.634767894331139	0.078	0.087	1	IL2RA	c1
0.130777203352457	0.63080100375277	0.027	0.025	1	ALDH1B1	c1
0.000164547362876634	0.62774225562423	0.017	0.013	1	DDX43	c1
3.41442374479615e-05	0.625514185706075	0.017	0.012	1	SEMA4C	c1
0.000558881095855268	0.623184680767618	0.033	0.028	1	TESMIN	c1
7.36836935771031e-05	0.622860810040626	0.036	0.03	1	CRYBG2	c1
0.0236104611910646	0.614561282408778	0.015	0.012	1	RTN4R	c1
6.44509326092446e-05	0.614361107864128	0.068	0.06	1	EFCAB2	c1
0.000540026002707883	0.610364460704658	0.014	0.011	1	ZNF239	c1
0.00817380233064732	0.607823189159298	0.011	0.009	1	ZNF320	c1
0.000232019796792331	0.607004674615347	0.02	0.016	1	TRAM2	c1
0.00232316887373891	0.600436577927561	0.01	0.008	1	VWA7	c1
0.00147895383540013	0.59779795086032	0.013	0.01	1	AL451085.1	c1
0.156993232270943	0.59339967402445	0.015	0.017	1	GCAT	c1
0.379795275788917	0.592278706491297	0.014	0.013	1	CEP112	c1
0.027937259517713	0.590534397140777	0.014	0.012	1	MINDY1	c1
0.000862541321922862	0.589455417631531	0.016	0.012	1	NRBP2	c1
0.136315287084901	0.589113277731665	0.011	0.01	1	AC006333.2	c1
0.0710952960438723	0.585809025134767	0.01	0.008	1	PLEKHG5	c1
0.0645215014537533	0.582914712947239	0.012	0.01	1	HMGN5	c1
0.00019415902363694	0.582042204231842	0.013	0.009	1	AL163973.2	c1
0.0663386626291465	0.581716515064794	0.013	0.011	1	LINC01771	c1
0.00306569545426493	0.57835831229547	0.016	0.013	1	ZFP3	c1
0.0164497522520087	0.577836452049411	0.021	0.018	1	FGFBP3	c1
0.105433962768457	0.574318154084761	0.017	0.015	1	BCL9	c1
0.000306239818203263	0.573380379631299	0.032	0.027	1	FADS3	c1
0.0975533424335819	0.57316300895935	0.021	0.019	1	APLF	c1
0.00733055299174926	0.56917920671797	0.04	0.036	1	CASP10	c1
0.00439661336607286	0.568629880624512	0.022	0.019	1	LINC01011	c1
0.000647342933181893	0.561761657856961	0.017	0.014	1	LEKR1	c1
0.000725505454776778	0.561127050046418	0.02	0.016	1	GALNT4	c1
0.0723979061366234	0.560481228215258	0.017	0.015	1	LRFN3	c1
0.000454871666538134	0.559190942839345	0.021	0.017	1	ZNF665	c1
0.00803831565396547	0.553986845842134	0.01	0.008	1	NKILA	c1
0.000389724658408676	0.552479719272745	0.018	0.014	1	BTBD8	c1
0.0689695066558108	0.550664283445222	0.01	0.008	1	RNF207	c1
0.000159945876397092	0.549869849681999	0.046	0.039	1	Z93930.2	c1
0.883580206759659	-0.548522318782236	0.019	0.019	1	JCHAIN	c1
0.0389446422746562	0.547820435105129	0.01	0.008	1	NT5DC3	c1
0.141088130281492	0.546356267489321	0.021	0.019	1	RAB38	c1
0.081656887642848	0.544789867824645	0.014	0.012	1	ZNF280B	c1
0.00660447593933235	0.541272872980986	0.01	0.007	1	XKR9	c1
0.110326511431384	0.536779594882095	0.013	0.011	1	MAN1B1-DT	c1
6.9787680275026e-05	0.536411649034611	0.029	0.023	1	C3orf33	c1
0.0395750495177936	0.533368737268486	0.025	0.022	1	AL138963.3	c1
0.00810375961768641	0.529257123918677	0.014	0.012	1	GLS2	c1
0.00014542666509093	0.528905201576142	0.034	0.028	1	P3H4	c1
0.00370960481441179	0.526031293756096	0.014	0.011	1	ZNF610	c1
0.00255811284919367	0.524908437421351	0.035	0.03	1	ZNF382	c1
0.000144993865238167	0.52373098309203	0.039	0.033	1	AL162377.1	c1
6.20473490839776e-05	0.522571087303416	0.017	0.013	1	CARMIL1	c1
0.0142592252375659	0.521320356422891	0.047	0.043	1	SNTA1	c1
0.00239501930975199	0.520619478354925	0.013	0.01	1	CCDC30	c1
0.00243032537756402	0.520494915814488	0.02	0.017	1	BOLA3-AS1	c1
0.000160551410045288	0.515506914702159	0.042	0.036	1	KIF16B	c1
0.0627777350894331	0.515273618080149	0.01	0.008	1	IGFBP6	c1
0.146075565220007	0.514917162009957	0.021	0.019	1	AC018816.1	c1
0.185248548582184	0.51484668217429	0.014	0.013	1	GALNT12	c1
0.00453435308000166	0.514741544339421	0.026	0.022	1	AF213884.3	c1
0.181917706311535	0.513581068313247	0.011	0.01	1	FAM157C	c1
0.00385092814305805	0.512573754458277	0.018	0.015	1	RAB11FIP5	c1
0.00257353177595397	0.511349180384047	0.025	0.021	1	RASD1	c1
0.0459276439670294	0.510217485831741	0.023	0.02	1	F12	c1
8.85188581484143e-05	0.509275683634993	0.043	0.037	1	ATP6V1E2	c1
3.84748018037024e-05	0.507293794310331	0.138	0.132	1	ANXA4	c1
0.000821042709882192	0.506628468111092	0.017	0.013	1	RNF212	c1
0.0160230199025252	0.504970924354718	0.014	0.011	1	AC010624.3	c1
0.00287298512557978	0.50462592614287	0.011	0.008	1	GNG7	c1
0.0158379388833073	0.501231823031616	0.037	0.033	1	BPHL	c1
0.0128635478066829	0.500434416551815	0.022	0.019	1	POC1B-AS1	c1
0.00789271536350737	0.499969861894988	0.014	0.012	1	TEPP	c1
0.00156724868756265	0.493106685724556	0.087	0.08	1	OSM	c1
0.0682571298595588	0.492859926867399	0.017	0.015	1	ZNF501	c1
0.0484727176688967	0.492800953714909	0.015	0.013	1	AC006299.1	c1
0.00738962438108862	0.49256183572049	0.022	0.019	1	AC136475.1	c1
0.0875802685023597	0.487777487559875	0.013	0.011	1	LONRF3	c1
0.35349212089332	0.486975182073713	0.016	0.015	1	FBXL22	c1
0.0337539052451596	0.485306169879917	0.016	0.013	1	LINC01970	c1
0.0623939823266076	0.481394055961551	0.067	0.064	1	ADAM15	c1
0.00692060373709075	0.474010156895188	0.025	0.021	1	ZNF717	c1
3.10050299248e-05	0.473800799630162	0.082	0.073	1	RECK	c1
6.30069744076094e-05	0.473630874239705	0.04	0.033	1	AC006213.2	c1
0.741080892182598	0.472971106921683	0.018	0.018	1	TRIM46	c1
0.975141027169626	0.471298566926715	0.015	0.015	1	NOS3	c1
0.112676153903125	0.47039931035356	0.01	0.008	1	SIRT4	c1
0.0339377933657183	0.467551724954978	0.019	0.016	1	HTRA1	c1
0.0435497173585182	0.466546111226357	0.041	0.038	1	NEDD4	c1
0.0102327855140184	0.466190788978345	0.037	0.033	1	PLCB3	c1
0.106719318253679	0.465352909475011	0.018	0.016	1	FAM229B	c1
0.0293534915460924	0.464722314770761	0.026	0.023	1	ZNF485	c1
0.000367765595478292	0.464707535770158	0.036	0.031	1	C3orf18	c1
0.0176698955832825	0.464287888274242	0.014	0.012	1	YPEL4	c1
0.000791910464408404	0.46348596678848	0.046	0.04	1	ZNF626	c1
0.0015613023967532	0.459923943922985	0.059	0.053	1	CTBP1-DT	c1
0.378699524300714	0.459870826593186	0.017	0.016	1	AC025259.3	c1
0.00757709461092409	0.459596066252967	0.067	0.062	1	TFAP4	c1
0.161824334881575	0.458982440221524	0.01	0.009	1	AL033527.5	c1
0.785519750640888	0.452637007182727	0.01	0.009	1	SENCR	c1
0.261749223975097	0.452635729668435	0.01	0.009	1	ZNF132	c1
0.00275582792651313	0.452228868201086	0.031	0.027	1	AC108134.3	c1
0.00431687725753504	0.450377720240232	0.105	0.101	1	NT5C3B	c1
0.000689086125397459	0.450085462291628	0.039	0.033	1	ANO10	c1
0.222360485340781	0.449840880636819	0.01	0.009	1	TEC	c1
0.98473355121128	0.44888733934882	0.013	0.013	1	AL158835.1	c1
0.0179124801404685	0.448115951278508	0.069	0.065	1	RFLNB	c1
0.29317386597231	0.446330238528235	0.031	0.029	1	SMYD5	c1
0.421598415113617	0.445049784649182	0.028	0.027	1	TEX2	c1
8.95266830487815e-05	0.443872045239399	0.019	0.015	1	RALGPS2	c1
0.242479382327525	0.443538995263818	0.015	0.014	1	PODXL2	c1
0.363757588498935	0.439891934370639	0.033	0.032	1	RFESD	c1
0.0848989348202293	0.439000372627286	0.015	0.013	1	CDK20	c1
0.0188713666348884	0.438927853583283	0.023	0.02	1	SYNJ2BP	c1
0.553816228240662	0.437729013178465	0.009	0.01	1	IER3-AS1	c1
0.263498884458763	0.437641093271186	0.015	0.014	1	AC005332.6	c1
0.0350625267839655	0.43579773241149	0.031	0.028	1	RILP	c1
0.0149477647204598	0.434435295057858	0.023	0.02	1	LRFN1	c1
0.119589621851267	-0.434263406076472	0.025	0.027	1	TRBV12-4	c1
0.0160915762983219	0.432730173366853	0.017	0.014	1	NOXA1	c1
0.000947820902346765	0.432325448044827	0.049	0.043	1	SETD7	c1
0.282912082155499	0.430372697022272	0.013	0.012	1	AC093635.1	c1
0.000206765013014365	0.430231199493565	0.093	0.086	1	BTD	c1
5.96407963371188e-05	0.427587149265563	0.059	0.051	1	RHPN1	c1
0.00105599824012717	0.427034547764906	0.134	0.13	1	QDPR	c1
0.95825718944513	0.426976977752004	0.018	0.018	1	B3GNT9	c1
0.0572759596463987	0.426570162639501	0.014	0.012	1	CATSPERG	c1
0.0302251508411332	0.424059404330665	0.017	0.014	1	FGFRL1	c1
0.420708471886697	0.423510700360064	0.014	0.014	1	WDR19	c1
0.266624091476215	0.422710177298569	0.02	0.019	1	PEX11A	c1
0.274658767616019	0.422691603683517	0.012	0.011	1	AL590705.1	c1
0.139041663291725	0.421415168026243	0.024	0.022	1	TBKBP1	c1
0.000443878907627165	0.420334993104803	0.05	0.043	1	MPP7	c1
0.355000000325302	0.420258687907324	0.016	0.015	1	FNIP2	c1
5.22947292989355e-05	0.42022632165761	0.065	0.057	1	CTSO	c1
0.0226140124398385	0.418767211222506	0.033	0.03	1	AC016831.1	c1
0.40996597362376	0.417975326154457	0.023	0.022	1	PFKM	c1
0.00337315300579722	0.417522330531777	0.02	0.016	1	AC009831.1	c1
0.0359080712268574	0.416502105789755	0.011	0.014	1	CHML	c1
0.000698973933970066	0.416254604633336	0.081	0.074	1	SPRYD7	c1
0.00112301093598545	0.415599866056072	0.029	0.025	1	CLCF1	c1
0.0140032715690025	0.415452374547703	0.024	0.021	1	IL1RAP	c1
0.0014929600780827	0.415080624408749	0.071	0.065	1	NAA80	c1
0.481447911368004	-0.414378343235666	0.739	0.742	1	TUBB	c1
0.00100635061795755	0.412816591034743	0.063	0.057	1	LINC00662	c1
0.000535579926338823	0.411613918340897	0.026	0.022	1	CDC14B	c1
0.0123239488658348	0.411425207405266	0.124	0.121	1	METTL21A	c1
0.0591827324401939	0.409153351816468	0.026	0.023	1	ZCWPW1	c1
0.438084774857024	0.407501809117428	0.02	0.019	1	ZNF154	c1
0.814852328106469	0.406340000697899	0.014	0.014	1	GSTA4	c1
0.0013877415513014	0.403922153262219	0.037	0.032	1	ANKRD42	c1
0.00349624874806748	0.403886339744081	0.064	0.059	1	PHOSPHO2	c1
0.890343596119552	0.403834036032764	0.014	0.013	1	SPATA7	c1
0.000156541976407311	0.400959520430291	0.091	0.083	1	PRKCI	c1
0.323236686932693	0.400465119550002	0.017	0.016	1	ACACB	c1
0.338551267950947	0.397879850078204	0.019	0.017	1	ZNF30	c1
0.138731365457252	0.397299540227158	0.014	0.016	1	FANCE	c1
0.00814007609399665	0.396925018460232	0.029	0.025	1	ZNF439	c1
0.000124610558213482	0.395587578585402	0.295	0.302	1	CHMP1B	c1
0.248521600187016	0.394971449209832	0.044	0.042	1	NOL4L	c1
0.0635332062468433	0.394956447931153	0.06	0.057	1	KIF1BP	c1
0.000801105372354841	0.39476064556724	0.079	0.072	1	ENPP4	c1
0.111707777295619	0.393036194702254	0.008	0.01	1	ASMT	c1
0.695355865430037	0.390687663340401	0.02	0.02	1	PTPDC1	c1
0.645203378044909	0.390532745836163	0.011	0.011	1	ABCA3	c1
0.969638985810611	0.389514748360739	0.025	0.025	1	GKAP1	c1
0.0305968835221333	0.389437325466029	0.065	0.061	1	SH2B3	c1
0.214511476276703	0.388085305919539	0.111	0.112	1	MAP7D3	c1
0.447443362276095	0.387085435776268	0.04	0.042	1	LARP1B	c1
0.00576057257772114	0.385771162631181	0.112	0.108	1	FAM122C	c1
0.456367244995489	-0.385169143029385	0.011	0.012	1	TRBV5-5	c1
0.411546630272527	-0.384832792704097	0.021	0.019	1	TRBV6-6	c1
0.000215628446991612	-0.384433030050525	0.007	0.011	1	TRIM7	c1
0.900925164588904	0.384430505916804	0.026	0.026	1	RRAS	c1
0.764432690043193	0.383982044591722	0.02	0.021	1	FCRLB	c1
0.283724031543453	0.383587389104195	0.013	0.012	1	AC097103.2	c1
0.0440423879895079	0.382704977607367	0.022	0.019	1	FBXL16	c1
0.0336690353253177	0.382164329386214	0.078	0.074	1	SLC25A4	c1
0.179591296538551	0.38183612881659	0.111	0.112	1	CASP6	c1
0.0505258213937078	0.381618857524912	0.03	0.027	1	DYNC2H1	c1
0.684460337528919	0.381579320556726	0.01	0.01	1	AC073389.1	c1
0.179426883202976	0.381266557225081	0.009	0.01	1	CDKL3	c1
0.659938634729037	0.380799584858432	0.026	0.026	1	JRKL	c1
0.063395635693162	0.380591214597918	0.012	0.01	1	CEP126	c1
0.00208351676385193	0.380328575305966	0.111	0.106	1	SFXN3	c1
0.000644325805397949	0.379887736879784	0.015	0.011	1	SLC22A17	c1
0.105066351614193	-0.378894003057388	0.018	0.02	1	TRBV5-6	c1
0.218517529023396	0.378802626425776	0.011	0.01	1	CTH	c1
0.227851670085385	0.378760396739088	0.015	0.013	1	HSD11B1L	c1
0.647961403681935	0.377750863248012	0.013	0.013	1	DARS-AS1	c1
0.154484952325172	0.377609295965374	0.025	0.023	1	TRAV18	c1
0.668071674470241	0.376291206852204	0.039	0.039	1	SETD9	c1
0.0877557495476907	0.376279114623228	0.047	0.044	1	AC010422.3	c1
0.0816803747673872	0.376067806899382	0.029	0.027	1	ZNF528	c1
0.620432219910269	0.375017572184902	0.079	0.08	1	AAMDC	c1
0.660732169352662	0.373605840452731	0.027	0.026	1	AC020765.2	c1
0.000123613410778244	0.371620096760663	0.094	0.086	1	SNTB1	c1
0.00041070847243956	0.371547324015624	0.084	0.077	1	CROCC	c1
4.97206490438728e-05	0.370387554729348	0.131	0.123	1	CREB3L2	c1
0.0524213298124979	0.370022937439446	0.017	0.015	1	NKD1	c1
0.732221212625886	0.369147227104332	0.039	0.038	1	MINCR	c1
0.900402454146154	0.369061772783944	0.01	0.01	1	SNX33	c1
0.0405649079758299	0.368076232203063	0.031	0.028	1	TMEM150A	c1
0.380049862529328	0.368072295362897	0.022	0.021	1	ZNF616	c1
0.000388081594973766	0.368018711408235	0.084	0.076	1	AC087239.1	c1
0.845619688723108	0.367872195486447	0.016	0.016	1	ARF4-AS1	c1
0.00453748751296621	0.367196510358673	0.041	0.036	1	RSAD2	c1
0.00361196096669009	0.367171658125318	0.051	0.046	1	AFAP1	c1
0.320693252033439	0.365517250951474	0.016	0.017	1	SESTD1	c1
0.555512963394108	0.364683063129097	0.048	0.047	1	MBNL3	c1
0.574448676619097	0.364344946079744	0.051	0.053	1	TDRKH	c1
0.00018668875797631	0.362293594084571	0.174	0.171	1	AGA	c1
0.711772121740174	0.362137564699748	0.056	0.059	1	KIF9	c1
0.733188926714978	0.361834385709779	0.013	0.013	1	SLC29A2	c1
0.138756457987513	0.360865429439971	0.01	0.011	1	ZNF90	c1
0.421158987961665	0.360721453865904	0.039	0.041	1	USP13	c1
0.565681519481274	0.359704961220709	0.023	0.023	1	TMEM182	c1
0.000276121822349641	0.358829064110942	0.087	0.079	1	TMEM229B	c1
0.496572307363001	0.358501244550144	0.03	0.029	1	PLD6	c1
3.18601737576164e-05	0.356545206442225	0.182	0.178	1	ORAI2	c1
0.258850896470176	0.356492850980739	0.027	0.026	1	PTCH2	c1
0.84893601249528	0.35630993272584	0.028	0.029	1	PKP4	c1
0.640732011538346	0.354421916681867	0.035	0.034	1	POC1B-GALNT4	c1
0.107184322632183	0.354033169974595	0.035	0.033	1	TDRD7	c1
0.741072822349254	0.353998267793406	0.017	0.016	1	C17orf107	c1
0.406841453615045	0.353687262694696	0.014	0.015	1	PLAT	c1
0.0122706087680289	0.353533720295805	0.061	0.056	1	ERC1	c1
0.947643275687358	0.353144543872406	0.025	0.025	1	MICAL3	c1
0.085366209496744	0.353092806742715	0.121	0.12	1	HSD17B4	c1
0.000212197648809522	0.353010892344869	0.176	0.172	1	ARL5B	c1
0.599179559690608	0.352667319382423	0.032	0.032	1	LONRF1	c1
0.441241111187642	0.351910349798098	0.017	0.017	1	AC239800.3	c1
0.0158981229387751	0.351652694224454	0.052	0.048	1	ZFY	c1
0.606170214442677	0.351452241451685	0.047	0.049	1	KHK	c1
0.490251116131298	0.351022004931426	0.075	0.075	1	ALKBH2	c1
0.11051152504204	0.350651800516567	0.01	0.012	1	AL162231.1	c1
0.651497666250013	0.350558229064746	0.013	0.012	1	LIPT2	c1
0.381727967589356	0.350271466649753	0.035	0.033	1	ZNF354B	c1
0.012690873213879	0.349129470989111	0.04	0.036	1	NBPF1	c1
0.153822045500327	0.348956888179107	0.039	0.037	1	DUSP3	c1
3.01053601659468e-05	-0.347913282411503	0.007	0.011	1	KIAA1958	c1
0.86637637528891	0.347671004439082	0.015	0.015	1	ZNF816-ZNF321P	c1
0.00634713380142155	0.347187320711643	0.039	0.035	1	LINC02328	c1
0.00144933106867264	0.346878586798125	0.13	0.125	1	AAED1	c1
8.09095969892196e-05	0.346777184023665	0.158	0.151	1	CSKMT	c1
0.237393963244035	0.346741471571493	0.03	0.028	1	ZNF799	c1
0.205330568346954	0.346734434398989	0.02	0.018	1	PRPF40B	c1
0.884434117712297	0.34651025493894	0.029	0.029	1	ANKEF1	c1
0.559483435762858	-0.345852858199873	0.028	0.029	1	TRBV4-2	c1
0.736117660426356	0.344447169167615	0.019	0.019	1	ZNF784	c1
0.821631478141252	0.343930749585298	0.081	0.082	1	RRP12	c1
0.349669599889292	0.343343347633293	0.042	0.041	1	SLC12A7	c1
0.432044336085647	0.343245809457842	0.017	0.016	1	AC105020.6	c1
0.840131098677849	0.342064381655189	0.024	0.024	1	ZIK1	c1
0.000408017087606082	-0.341948782907027	0.009	0.012	1	TRIQK	c1
0.000138806950498752	0.341864146997398	0.079	0.07	1	USP53	c1
0.00744809126243004	0.341615546493434	0.078	0.073	1	IMMP2L	c1
0.70336095783338	0.340227504311311	0.063	0.063	1	C2CD2L	c1
0.00021609537148147	0.33912406540762	0.083	0.075	1	TMEM65	c1
0.226906288562325	0.33863320865925	0.014	0.015	1	PHLDB2	c1
0.860933630714551	0.337378323626557	0.063	0.065	1	SCFD2	c1
0.157544554428679	0.336522383889083	0.014	0.012	1	ZNF607	c1
0.0994767670746354	0.334408466495703	0.039	0.037	1	AC025171.3	c1
0.0271778750704899	0.334295842966216	0.102	0.112	1	EGR2	c1
0.406832886368857	0.333959623427429	0.026	0.025	1	ARL10	c1
0.109598882822502	0.333570759843157	0.075	0.073	1	ADARB1	c1
0.842726424172676	0.33351023018501	0.05	0.05	1	CHCHD6	c1
0.276342514451064	0.333154849569961	0.02	0.019	1	FMO4	c1
0.507556719297844	0.332086668724572	0.054	0.056	1	TMEM8A	c1
0.0517150974423069	0.331405100302669	0.039	0.035	1	TRAV36DV7	c1
0.604097698670781	0.331319870896879	0.022	0.021	1	C8orf58	c1
0.192918259517069	0.330875464622	0.043	0.042	1	MARCH9	c1
0.290199467518852	0.330124396948434	0.024	0.023	1	MAMSTR	c1
0.505642866319944	0.329419271455554	0.039	0.038	1	GSAP	c1
0.000465210608211674	0.328972658394019	0.076	0.069	1	RCBTB2	c1
0.842248531592759	0.328194741979731	0.03	0.03	1	PRRT3	c1
0.869299668764263	0.328083328277594	0.035	0.035	1	TLR1	c1
0.634986693501435	0.327034690976197	0.03	0.03	1	FAN1	c1
0.199057953327762	0.325698289833212	0.024	0.022	1	FKBP14	c1
0.56760225652983	0.325168443899675	0.04	0.04	1	ZDHHC2	c1
0.294519130510572	0.325051626693975	0.069	0.068	1	AL365361.1	c1
0.0115852566018106	0.325046041861012	0.061	0.056	1	TOP1MT	c1
0.00206681082574731	0.324520845693854	0.139	0.135	1	HSD17B8	c1
0.0929958335907402	0.324218681045468	0.104	0.102	1	ZNF33B	c1
0.000206240218435734	-0.32419431518418	0.007	0.01	1	LINC00685	c1
0.028827128767899	0.323818636006597	0.139	0.139	1	FUOM	c1
0.08543481585522	0.32329424381146	0.032	0.029	1	EXOC6B	c1
0.526319751782005	0.322623186764068	0.01	0.009	1	ZCCHC14	c1
0.000675780029709222	-0.32190078075931	0.051	0.059	1	EPHB6	c1
0.33711633977411	0.320504222302752	0.016	0.017	1	DENND5A	c1
0.69553668869109	0.320497938882493	0.012	0.013	1	TTC30B	c1
0.764858594087489	0.320352703073222	0.039	0.039	1	AC103591.3	c1
0.975423556369885	0.320117504056996	0.043	0.043	1	POMGNT2	c1
0.953639002538464	0.319788065615759	0.016	0.016	1	NADK2	c1
0.762733749116744	0.319774768894416	0.035	0.035	1	LFNG	c1
0.0121703185457685	0.319203693441188	0.119	0.116	1	VPS13D	c1
0.769083571235134	0.318549632434316	0.013	0.013	1	ADGRL1	c1
0.0264729435846064	0.317940825681557	0.115	0.112	1	AC245297.3	c1
0.594158014401718	0.317513417322681	0.024	0.025	1	VPS37C	c1
0.913477493604218	0.317413434646677	0.063	0.065	1	MTAP	c1
0.202251371607712	0.317000284511961	0.022	0.024	1	AP003392.4	c1
0.000114893857948261	0.316781967440608	0.199	0.196	1	GNL3	c1
0.384811574232949	0.316068122451861	0.018	0.017	1	ADAMTSL5	c1
0.0167068257566323	0.315987732817103	0.193	0.197	1	STT3A	c1
0.995488551408028	0.315831124420583	0.014	0.014	1	ZNF888	c1
0.177889585855282	0.315519602137652	0.011	0.01	1	AL135791.1	c1
0.0959183414729556	0.315472832868408	0.103	0.101	1	ABRAXAS1	c1
0.000353568227619061	-0.31504017949543	0.017	0.021	1	PCSK1N	c1
0.0749373628579436	0.314679999639461	0.125	0.125	1	BAG3	c1
0.0209646930993376	0.314137552114625	0.04	0.037	1	ZNF329	c1
0.661852991121076	0.313363954343064	0.021	0.02	1	SWAP70	c1
0.942765695581343	0.312854148454717	0.013	0.013	1	EXT1	c1
0.226223566646416	0.311495082439249	0.058	0.056	1	SOS2	c1
0.810637673152691	0.310813934524563	0.016	0.016	1	ZBTB42	c1
0.345657397083943	0.30919300011037	0.038	0.037	1	KIFC2	c1
0.585974901937618	0.308789284387294	0.013	0.012	1	TEF	c1
0.00430053012714382	0.308751420445456	0.131	0.126	1	HOOK2	c1
0.354661603821542	0.30869683373829	0.121	0.123	1	B3GALT6	c1
0.000227804810472789	0.308655801035778	0.007	0.011	1	RIBC2	c1
0.00421973321565628	0.308617474266531	0.147	0.143	1	PRDX4	c1
0.566595963886341	0.308377079828022	0.065	0.065	1	PGAP3	c1
0.069429907924397	0.307637753981361	0.109	0.107	1	RELL1	c1
0.694820922332367	0.306977616483612	0.021	0.021	1	AL136962.1	c1
4.85849828091473e-05	-0.306963822389043	0.022	0.028	1	ERRFI1	c1
0.63177278764858	0.306430612831512	0.028	0.028	1	REEP6	c1
0.904847700492988	0.305682121024604	0.016	0.016	1	TRBV11-3	c1
0.000337367036964699	0.304944204662393	0.082	0.074	1	TTTY15	c1
0.83287877118364	0.304884705882392	0.043	0.043	1	ZNF41	c1
0.454717746645586	0.304833132593759	0.037	0.036	1	CLCC1	c1
0.616179146195216	0.304484188848836	0.01	0.01	1	GAS8	c1
0.679213717739258	0.304411321389604	0.052	0.054	1	LIPE	c1
0.0317580373836898	0.303267983307331	0.02	0.024	1	RAB11B-AS1	c1
0.941074101059156	0.302890707061264	0.016	0.016	1	CAPS	c1
0.484006760833918	0.302370051078027	0.112	0.115	1	RPF2	c1
0.14379411028584	0.301686969735345	0.04	0.037	1	TTC12	c1
0.589284791541453	0.301679424550492	0.09	0.095	1	RBFA	c1
0.53315211715497	0.301618449647439	0.09	0.095	1	INTS5	c1
0.0127391106745705	0.300946579810922	0.17	0.171	1	SCOC	c1
0.740465049093419	0.300393134458711	0.03	0.031	1	TOR4A	c1
0.411855424882119	0.300328724129812	0.011	0.012	1	SMARCA5-AS1	c1
0.540893391050381	0.300091332984786	0.021	0.02	1	KLHDC1	c1
0.985405999113444	0.299984568574619	0.034	0.034	1	ZNF256	c1
0.606745180173859	0.299975087355038	0.035	0.034	1	MBLAC2	c1
0.082284764959369	0.299194595569982	0.01	0.012	1	B4GALNT3	c1
0.0349604190060427	-0.29900547317342	0.021	0.024	1	TRAV10	c1
5.57729932655126e-05	-0.298215453899288	0.016	0.021	1	MICU3	c1
0.102784396470389	0.297804592710083	0.087	0.095	1	TAF9B	c1
0.670162596575448	0.297342599954698	0.021	0.022	1	CCNI2	c1
0.411279652434806	0.296912710698531	0.011	0.01	1	UBR5-AS1	c1
0.982318592814006	0.296317154572431	0.039	0.039	1	METAP1D	c1
0.531454114608731	0.295958004446829	0.092	0.093	1	COQ7	c1
0.0763951633728609	0.295396850246082	0.103	0.101	1	SH2D3A	c1
0.794701831265971	0.29523284323262	0.026	0.025	1	SV2A	c1
0.0147649145346219	0.295228726100789	0.032	0.028	1	PLCH2	c1
0.0273978722420752	0.295105105513314	0.167	0.168	1	ATG16L2	c1
0.919522290251212	0.294610381462585	0.016	0.016	1	DTWD2	c1
0.795887315103077	0.29453459551348	0.012	0.012	1	ZFP69	c1
0.685934848823556	0.294208196941477	0.076	0.077	1	DHRS12	c1
0.000290735905495443	-0.294140430376511	0.009	0.013	1	RAB19	c1
0.0981893794889054	0.294081588793035	0.03	0.027	1	FAM117B	c1
0.183048586393209	0.2940573071857	0.1	0.099	1	EPOR	c1
0.404256591236506	0.293495200273942	0.079	0.079	1	PLCD1	c1
0.990327440900962	0.293063313964813	0.016	0.016	1	PLEKHG4	c1
0.250877247767668	0.291265367016665	0.075	0.074	1	ACP6	c1
0.151851345409178	0.290866039006166	0.02	0.018	1	ADGRE1	c1
0.721314934347409	0.290493557870699	0.021	0.021	1	PPP1R13L	c1
0.000143854168218006	-0.290467675152831	0.007	0.01	1	B3GNT10	c1
0.322547949857206	0.290407803894046	0.097	0.097	1	VWA8	c1
0.0261313598183418	0.290335992779249	0.172	0.173	1	PRCP	c1
0.399023116238642	0.289229333525046	0.024	0.023	1	LACTB2-AS1	c1
0.383854924742938	0.289195966189089	0.041	0.044	1	GBE1	c1
0.784235658527143	0.289090136578264	0.02	0.02	1	PRKCE	c1
0.512624921496811	0.2889891138936	0.054	0.056	1	HTD2	c1
0.169160165016851	0.288176262847275	0.049	0.047	1	SGSM2	c1
0.880733959832323	0.287858434352156	0.012	0.011	1	BBOF1	c1
0.625820242175325	0.287389909504685	0.015	0.015	1	AL353708.3	c1
0.884370882633277	0.286514161742353	0.024	0.024	1	THAP7-AS1	c1
0.0338061482833569	0.286507056761662	0.079	0.075	1	LRIG1	c1
0.0015970704413001	0.286354986956034	0.104	0.098	1	AC093010.2	c1
0.526581185655328	0.285965519182475	0.054	0.056	1	OPN3	c1
0.735196728099758	0.28592641551028	0.014	0.014	1	ZNF449	c1
0.540363833786199	0.28517795662686	0.015	0.016	1	ZNF35	c1
0.654102576490509	0.2851225173364	0.075	0.076	1	DIAPH2	c1
0.100586680194977	0.284910387241384	0.063	0.061	1	RAB33B	c1
0.359106851580381	0.284818608768877	0.03	0.032	1	ZNF257	c1
0.408897050958351	0.28432122577559	0.016	0.017	1	ZNF829	c1
0.820352521035013	0.283577359365474	0.039	0.039	1	MTRNR2L12	c1
0.608725417678947	0.282101957876056	0.102	0.104	1	CHD7	c1
0.584118631965508	0.281968905339501	0.031	0.031	1	ZNF573	c1
0.515618517434594	0.281317329168569	0.022	0.023	1	AC008035.1	c1
0.820600825097551	0.281262563018508	0.016	0.017	1	ZNF546	c1
0.606627038321756	0.280895592516861	0.104	0.11	1	SNTB2	c1
0.927517983599716	0.280793585342485	0.01	0.01	1	SRC	c1
0.119692439670544	0.280724957513055	0.166	0.169	1	KLF10	c1
0.314992931019743	0.280556049491621	0.05	0.049	1	ZNF17	c1
4.60558218227762e-05	0.280200311959082	0.082	0.073	1	KDM5D	c1
0.000223945445944741	0.28012976617171	0.136	0.128	1	NR1D2	c1
0.251436359237602	0.28008053784641	0.06	0.058	1	TBC1D19	c1
0.52017238848133	0.279740308111316	0.019	0.02	1	DECR2	c1
0.64357500952158	0.279289709192852	0.034	0.034	1	DPY19L4	c1
0.393494652077276	0.279217942084532	0.028	0.029	1	FAM120C	c1
0.650441689228694	0.27881805988427	0.014	0.014	1	NHLRC4	c1
0.511382155238549	0.278042293093908	0.034	0.033	1	SLC27A1	c1
0.540402751755018	0.277646285924406	0.072	0.072	1	MAP9	c1
0.118562870858829	0.277086584783658	0.027	0.03	1	FBXO48	c1
0.156392160922947	0.276648629936744	0.038	0.036	1	KIAA1147	c1
0.929122479416067	0.276555845778549	0.037	0.037	1	ZNF585B	c1
0.829885065108626	0.276532941892202	0.13	0.135	1	IFT57	c1
0.739864750546762	0.276455060258693	0.068	0.07	1	MICA	c1
0.0209066031850865	0.27561767308202	0.138	0.136	1	RASSF3	c1
0.181114769027508	0.275037875715103	0.011	0.013	1	CYB5D1	c1
0.35606574906886	0.274512545292762	0.08	0.085	1	CREG1	c1
0.526798490300814	0.273088606044114	0.022	0.023	1	LCMT2	c1
0.992342067413151	0.272988319976019	0.066	0.067	1	TTLL1	c1
0.638024661726512	0.272750142285408	0.03	0.029	1	ZNF696	c1
0.000415586057422712	0.272639125592865	0.214	0.212	1	CAMK2G	c1
0.602017224179566	0.272556105942594	0.121	0.124	1	MZF1	c1
0.00184061445417531	0.272020091247494	0.018	0.023	1	HSPA2	c1
0.946014637172153	0.271602696053344	0.071	0.073	1	TMEM38B	c1
0.0229964456008911	0.271224817045899	0.096	0.092	1	JAZF1	c1
0.0768843129346974	0.271189259091431	0.11	0.12	1	BCAT2	c1
0.316063493500739	0.271182139623789	0.051	0.049	1	ZNF566	c1
0.143581742629516	0.271117833113578	0.042	0.045	1	PM20D2	c1
0.673459266879804	0.270866514105844	0.046	0.047	1	CLOCK	c1
0.000470629926540012	0.270783293484147	0.16	0.154	1	NDRG1	c1
0.583660315467744	0.270692766212065	0.043	0.043	1	TCEAL1	c1
0.16345786206902	0.270056084055184	0.029	0.031	1	MIR22HG	c1
0.965089292402228	0.26850285133265	0.028	0.028	1	CCDC88A	c1
0.000116376036077943	-0.268432118544841	0.008	0.012	1	AL132780.1	c1
0.526709750703708	0.268405172293062	0.014	0.015	1	AL161421.1	c1
0.552311499803806	0.267898690842442	0.014	0.015	1	FSD1L	c1
0.00762610686214907	-0.26611490471246	0.007	0.01	1	GRASP	c1
0.525975112727366	0.265715635800803	0.086	0.087	1	MOB3C	c1
0.156889855133595	0.265512916888598	0.047	0.051	1	DUSP14	c1
0.868208643287058	0.265235252041097	0.033	0.034	1	AC079922.2	c1
0.819132396763467	0.265039149032553	0.027	0.027	1	TRAV8-1	c1
0.750118477018088	0.264808356496877	0.099	0.101	1	BOD1	c1
0.0308693659866461	0.264488274439286	0.056	0.062	1	INF2	c1
0.000497587494147157	0.264144487762282	0.038	0.045	1	TRMT10A	c1
0.0831245236742326	0.263397452454057	0.011	0.013	1	MMACHC	c1
0.00065829674333986	-0.26279685339709	0.012	0.015	1	AF117829.1	c1
0.868063216013199	0.262437646602234	0.11	0.114	1	TCEA2	c1
0.446759267734409	0.262267668474816	0.124	0.133	1	PARD6A	c1
0.00363257890338865	0.262043012816465	0.03	0.036	1	HYLS1	c1
0.000467459836409741	0.261993678841099	0.237	0.238	1	ATP2B1	c1
0.00491784219408927	-0.261929025297583	0.007	0.01	1	DZANK1	c1
0.24396327803593	0.261653979140503	0.155	0.159	1	ETFRF1	c1
0.173738953888291	0.261572270171176	0.211	0.221	1	BCL7C	c1
0.410555371102419	0.261167683182418	0.044	0.047	1	LAPTM4B	c1
0.902719128995759	0.260947443823427	0.068	0.07	1	ZNF557	c1
0.846748448804074	0.260745238233921	0.046	0.047	1	VEGFB	c1
0.11165716189007	0.260240453306928	0.087	0.094	1	AC093512.2	c1
0.282755039673143	0.26011966217564	0.026	0.028	1	THNSL1	c1
0.0197851328577232	0.260024003830448	0.046	0.052	1	ZBED4	c1
0.936962580648074	0.259367586335354	0.028	0.028	1	FBXL14	c1
0.390011614581134	0.259019015766005	0.057	0.06	1	ABCD1	c1
0.19285276617619	0.258794118457848	0.122	0.132	1	GPN3	c1
0.113510886275203	0.258597656224731	0.025	0.027	1	ZSCAN5A	c1
0.406284294051058	0.258032615089435	0.09	0.09	1	BMI1	c1
0.00123383139877721	0.256838829648211	0.193	0.191	1	RPS6KA5	c1
0.408377608129006	0.256555396980204	0.014	0.013	1	LRRC56	c1
0.00990740608966675	0.256195456934616	0.25	0.259	1	MORF4L2	c1
0.616246577567718	0.256151803100017	0.018	0.017	1	CD40	c1
0.394320584056253	0.256098621276154	0.086	0.086	1	SLC17A5	c1
0.384915611780995	0.256053877417547	0.057	0.061	1	AKAP1	c1
0.00259471095116748	0.25591095285499	0.2	0.199	1	LIPA	c1
0.33017738215624	0.253683651245442	0.092	0.097	1	PLA2G12A	c1
0.000377995265551455	-0.253619157151607	0.008	0.012	1	THBS3	c1
0.349996912777966	0.253332878913375	0.063	0.066	1	ATG4C	c1
0.0126343351632982	0.253030675091897	0.181	0.18	1	SMYD2	c1
0.549829469145951	0.252977597254572	0.069	0.072	1	UBE2D4	c1
0.926137697899203	0.252590155229591	0.027	0.027	1	ZNF525	c1
0.000172521564778979	-0.252225744387721	0.008	0.012	1	MEGF8	c1
0.120607517280938	0.251925920084045	0.024	0.026	1	OGFRL1	c1
0.630471609832436	0.251921084681202	0.109	0.111	1	TMEM159	c1
0.294842457669207	0.251916154501812	0.088	0.094	1	SNRNP48	c1
0.0652870850172443	0.251513714023066	0.092	0.1	1	MAP3K13	c1
0.106488698176696	0.251505649634332	0.128	0.14	1	GMPPB	c1
0.0276674022364621	0.25119371760997	0.121	0.118	1	RERE	c1
0.845683288251279	0.251139146941394	0.023	0.023	1	MPP5	c1
0.36509964085124	0.250978869478634	0.084	0.089	1	MYBBP1A	c1
0.366627626895749	0.250704580352169	0.16	0.165	1	GCLM	c1
0.137054762897669	0.250315120520123	0.173	0.176	1	TARSL2	c1
0.915752071384773	0.249932597336695	0.127	0.133	1	CRYZ	c1
0.576015101982134	0.24986365916988	0.149	0.159	1	HSD17B12	c1
0.101523512178922	0.249107109267892	0.037	0.041	1	KBTBD7	c1
0.826896816677385	0.249018303950506	0.045	0.045	1	LYRM9	c1
0.67695363319921	0.248120060284586	0.062	0.062	1	MGLL	c1
0.814690062940802	0.247665607171148	0.013	0.013	1	SMIM1	c1
0.902571014532105	0.247277398093136	0.036	0.037	1	AC044849.1	c1
0.561979567364684	0.247173666355611	0.137	0.141	1	DENND4A	c1
0.299511813561692	0.247020527255738	0.072	0.077	1	GOLPH3L	c1
0.636653471169768	0.246835608491152	0.038	0.038	1	ZNF606	c1
0.503336467135467	0.246099503287525	0.125	0.128	1	ZNF880	c1
0.984434226265196	0.246098624941427	0.018	0.018	1	TMEM30B	c1
0.00871788675117614	0.245499539466906	0.009	0.012	1	GCNA	c1
0.172015177272249	0.24494294334144	0.026	0.024	1	AC124312.1	c1
0.671692345831879	0.244847954665847	0.019	0.018	1	HHAT	c1
0.336747325297754	0.244157352570619	0.025	0.024	1	CEACAM1	c1
0.0110609838595873	-0.24359154133592	0.008	0.011	1	NBPF20	c1
0.000643626253661125	0.24330208793549	0.031	0.037	1	TSPAN4	c1
0.276078498374927	0.243083188670326	0.018	0.019	1	IFT140	c1
0.918792748296566	0.243079512501611	0.084	0.086	1	HEATR5B	c1
0.391322059282251	0.242571037229851	0.017	0.016	1	OVCH1-AS1	c1
0.100130204014673	0.242560989619391	0.049	0.047	1	ZBTB16	c1
0.541766788405227	0.242404563479452	0.118	0.124	1	RRP15	c1
0.555556436710329	0.242266915843881	0.021	0.022	1	PER3	c1
0.815923298573525	0.24195556861301	0.05	0.051	1	ENTPD1-AS1	c1
0.463211760754598	0.241054717426376	0.06	0.062	1	EHBP1	c1
0.348702335981496	0.240400956634168	0.017	0.019	1	FITM2	c1
0.247192195951351	0.240053328297121	0.024	0.026	1	CYP2U1	c1
0.128096563823442	0.239236348170818	0.108	0.117	1	GAMT	c1
0.00484315542238272	-0.238858051958468	0.026	0.03	1	TRBV5-4	c1
0.854525833121139	0.238823485615324	0.031	0.031	1	ABL2	c1
0.731380489334212	0.238713790875129	0.03	0.031	1	LINC02482	c1
0.902944705390606	0.23837114255807	0.205	0.22	1	BORCS5	c1
0.273783328816117	0.237586546089911	0.065	0.069	1	SLC9A3	c1
0.687939337586168	0.237331655604068	0.153	0.159	1	IER5	c1
0.683759759130758	0.236932521500694	0.043	0.044	1	AC097376.2	c1
4.44293686912555e-05	-0.236510746584886	0.01	0.014	1	AC092279.1	c1
0.631288270238477	0.236399024433291	0.027	0.028	1	ZNF416	c1
0.883103496461746	0.236286189403516	0.087	0.089	1	HGSNAT	c1
0.00800838199422518	0.236192034733	0.012	0.015	1	TDRKH-AS1	c1
0.971958440799078	0.235395145435404	0.196	0.21	1	DHRS4	c1
0.156274617346444	0.235259136959819	0.124	0.135	1	HSPA13	c1
0.312879099074336	0.23503071845647	0.122	0.131	1	IL15RA	c1
0.552682618775935	0.234973520120243	0.05	0.052	1	ALDH6A1	c1
0.680707356579019	0.234881907219652	0.016	0.017	1	RPH3AL	c1
0.000221350419751898	-0.234860118090078	0.013	0.018	1	RWDD2A	c1
0.947933643987431	0.234762759736896	0.034	0.034	1	ZNF419	c1
0.4235461014769	0.233979707668054	0.08	0.079	1	SMAD5	c1
0.0312153898924211	0.233931813565356	0.121	0.134	1	CARD19	c1
0.16790288629511	0.23373712230277	0.059	0.063	1	RIOX2	c1
0.0607762190339209	0.233592856163546	0.212	0.218	1	ABHD13	c1
0.341637659992028	0.232888830295662	0.137	0.139	1	LTBP4	c1
0.000389526368286925	0.232592232248489	0.208	0.204	1	KDSR	c1
0.0634298822170443	0.232189841795812	0.024	0.027	1	MPP6	c1
0.705579547325954	0.231762171627101	0.032	0.033	1	AC019163.1	c1
0.2311312298851	0.231571350621718	0.115	0.115	1	FAM210B	c1
0.222918090211975	0.231568535224548	0.148	0.15	1	NMT2	c1
0.411792468578556	0.23152713141407	0.015	0.016	1	RGS18	c1
0.374213816877769	0.231485486888846	0.026	0.028	1	CCDC173	c1
0.126146746372922	0.231249658092818	0.013	0.014	1	DDIT4-AS1	c1
0.620238366861697	0.231044737816553	0.082	0.086	1	ZNF609	c1
0.102926880638016	0.229967466000473	0.174	0.177	1	PPP3CA	c1
0.849319302748269	0.229871181169704	0.032	0.033	1	FAM219A	c1
0.904228261807535	0.229707380847444	0.028	0.029	1	PWWP2B	c1
0.160003620369304	0.229590924065255	0.024	0.026	1	ZNF776	c1
0.317831765513444	0.229304443224147	0.035	0.037	1	PKD1	c1
0.996091395899981	0.228718038735165	0.012	0.012	1	FRS3	c1
0.479292036226225	0.228504280231932	0.023	0.025	1	CXCL16	c1
0.783222678045649	0.228326500702676	0.153	0.162	1	WASHC4	c1
0.0503526008845524	0.22818929544806	0.244	0.252	1	CFAP97	c1
0.293519725080247	0.227187613027829	0.04	0.042	1	RABL2A	c1
0.154305547106401	0.226825653034845	0.039	0.042	1	PRKAB2	c1
0.0562924706742012	0.226610698196603	0.013	0.015	1	IPO4	c1
0.146352293578646	0.226379758540327	0.02	0.022	1	ZNF512B	c1
0.0118999146723138	0.226186884241262	0.18	0.179	1	BNIP3	c1
0.0196645771408687	0.226181478053799	0.088	0.097	1	NHEJ1	c1
0.147180864634601	0.225955061036716	0.026	0.028	1	ZNF486	c1
0.137496869771402	0.225824714051984	0.063	0.068	1	UTP25	c1
0.286149829089708	0.225573978231244	0.147	0.15	1	FOXO3	c1
0.479592292512357	0.224981862718919	0.066	0.066	1	BTBD9	c1
0.504717366903943	0.224556940113639	0.067	0.07	1	TPM1	c1
0.996722643662377	0.223845808089535	0.117	0.121	1	DLGAP4	c1
0.20136624733887	0.223740979116196	0.131	0.142	1	GRN	c1
0.452638864728793	0.223125605816205	0.032	0.034	1	ASAH2B	c1
0.517446784070716	0.223055158581905	0.009	0.01	1	ARSD	c1
0.0381480061219024	0.22285708999353	0.096	0.092	1	UTY	c1
0.0115487420600589	0.22261925552486	0.111	0.124	1	ALKBH3	c1
0.00282653191071429	0.222463419870602	0.031	0.036	1	AP001816.1	c1
0.0395814570596701	0.222064815394877	0.026	0.03	1	LINC00265	c1
0.5058675435578	0.221866374487584	0.031	0.032	1	SNURF	c1
0.348879303220311	0.221765431700006	0.04	0.042	1	ZNF773	c1
0.0527789879330889	0.220025682712876	0.011	0.013	1	AC005229.4	c1
0.317101038796997	0.219735035019482	0.021	0.022	1	LINC01215	c1
0.102465017061541	0.219579216206702	0.198	0.203	1	SENP7	c1
0.0218662580008928	0.219441475339655	0.051	0.057	1	SCMH1	c1
0.0951268709715107	0.219331443646712	0.05	0.054	1	CCL28	c1
0.1175442197146	0.21921903918409	0.016	0.018	1	ZNF547	c1
0.532468244899846	0.218529267381007	0.01	0.01	1	UFSP1	c1
0.0579859967174475	0.218193603951482	0.033	0.037	1	MFSD12	c1
0.0112888488484345	0.217743664748464	0.171	0.169	1	STMN3	c1
0.00217606241230499	0.217394270719973	0.085	0.097	1	CETN3	c1
0.124690701960219	0.217036323513358	0.02	0.022	1	SDR42E1	c1
0.767729327655978	0.216955379701582	0.013	0.014	1	AC005520.2	c1
0.650728663442049	0.216848508765347	0.072	0.072	1	SIK1B	c1
0.00575007189430406	0.216717019074903	0.276	0.286	1	CALHM2	c1
0.905511517685549	0.216462704648791	0.035	0.036	1	NPM2	c1
0.292837919353277	0.216427320202949	0.08	0.085	1	FLYWCH1	c1
0.201481081133735	0.216050362662874	0.079	0.085	1	ATF5	c1
0.0223399830771831	0.215894106482617	0.033	0.037	1	MSANTD3	c1
0.0011881868317889	0.21572504676771	0.029	0.035	1	SORD	c1
0.133914569351445	0.21566002972569	0.014	0.016	1	PPFIBP1	c1
0.205269249068857	0.215163719486134	0.017	0.019	1	LINC00665	c1
0.0594252905215244	0.214722459216218	0.11	0.12	1	C11orf1	c1
0.401055616239339	0.214722368762432	0.035	0.036	1	LINC00957	c1
0.765104379976791	0.214494123632866	0.018	0.019	1	ZNF879	c1
0.794030326774039	0.214374773783655	0.05	0.052	1	FAM228B	c1
0.705278165923011	0.214027139258683	0.014	0.015	1	DNAJC27-AS1	c1
0.321389072154921	0.213945839603309	0.044	0.047	1	KCTD6	c1
0.000179743321220105	-0.213698853402782	0.013	0.017	1	NCKAP5L	c1
0.236938618681382	0.21306437907354	0.166	0.169	1	LPP	c1
0.175684256945608	0.213055243209503	0.064	0.069	1	GALNT10	c1
0.00433103068254981	0.212571090212126	0.035	0.03	1	TRAV41	c1
0.721830439072221	0.212564696521135	0.131	0.138	1	PCNX1	c1
0.154727054348092	0.212491961976081	0.011	0.012	1	ZSWIM4	c1
0.995117302974361	0.211785974290863	0.052	0.052	1	RREB1	c1
0.460207682021365	0.21147311683218	0.015	0.016	1	LRRC37A2	c1
0.407821897604648	0.211031699965966	0.082	0.086	1	AC073332.1	c1
0.000229013089803302	-0.210063013849594	0.016	0.02	1	CERNA1	c1
0.132627934936429	0.209744336770014	0.254	0.265	1	PLIN2	c1
0.130979802539897	0.209732449691467	0.025	0.027	1	MPZL1	c1
0.157108010232157	0.20946267606889	0.038	0.041	1	AACS	c1
0.329002941581969	0.208253604469908	0.018	0.019	1	DNAH1	c1
0.8624033428954	0.208229041153017	0.032	0.032	1	ZNF571	c1
0.125126656117248	0.20797439785899	0.076	0.082	1	SLC25A37	c1
0.516735598632436	0.207662766091752	0.08	0.083	1	ANKRD46	c1
0.1557391109367	0.206796645296508	0.024	0.026	1	STX1A	c1
0.0860022808807286	0.206679932772699	0.264	0.277	1	SUCLG2	c1
0.000851142758481453	0.20610244536741	0.091	0.104	1	SMIM30	c1
0.793075456855394	0.205229088722999	0.019	0.02	1	NOD2	c1
0.000242110217253359	-0.204912498250131	0.009	0.013	1	MAP3K10	c1
0.0939575758882817	0.204098082605932	0.106	0.104	1	ZNF10	c1
0.00180987578966092	-0.204008981429615	0.016	0.02	1	TRAV30	c1
0.332169914753009	0.203979054404629	0.083	0.088	1	ZNF841	c1
0.687865311131543	0.203799895010571	0.025	0.024	1	LINC00921	c1
0.0947758022055875	0.203614545816309	0.014	0.016	1	QPCTL	c1
0.0752831249199711	0.203511777686113	0.115	0.126	1	TMEM39A	c1
0.267313282582418	0.20315652716356	0.103	0.11	1	AL357060.1	c1
0.380669537286513	0.203036712683699	0.016	0.017	1	AC008443.5	c1
0.303719704049136	0.202630513777073	0.117	0.118	1	RNF139-AS1	c1
0.553040429676946	0.202549716809334	0.083	0.087	1	PRKAG2	c1
0.000508408537524913	-0.202524564173216	0.009	0.012	1	AL356599.1	c1
0.000291001532758491	-0.202487604323222	0.011	0.015	1	TRBV7-7	c1
0.549966055280199	0.202421018706418	0.203	0.219	1	ANAPC13	c1
0.219894210383274	0.202349167337061	0.155	0.168	1	FN3KRP	c1
0.663730211655988	0.202177128049966	0.215	0.226	1	CTDSP2	c1
0.669099549064723	0.20193907331044	0.274	0.285	1	NR4A3	c1
0.436650717467704	0.201739284346937	0.086	0.091	1	PRKD3	c1
0.0793941578065951	0.201631206761216	0.14	0.154	1	FARSB	c1
0.0567310300086612	0.201426972555569	0.055	0.061	1	HOMEZ	c1
0.0134352222720344	0.201180453440623	0.136	0.152	1	PLIN3	c1
0.185832876521109	0.200878466012916	0.052	0.056	1	GAA	c1
0.0579414976482424	0.200685190563434	0.019	0.022	1	STK3	c1
0.995409203839506	0.200564390564983	0.026	0.027	1	KBTBD6	c1
0.271528552264994	0.200091222447084	0.02	0.022	1	ALCAM	c1
0.211545599945703	0.199935492578813	0.183	0.2	1	TCEAL8	c1
0.0438363347173529	0.19978766738118	0.033	0.037	1	NOL6	c1
0.220985807679307	0.199641573063505	0.02	0.021	1	LINC00526	c1
0.555435842322014	0.198908640490128	0.184	0.197	1	OAT	c1
0.0208656749660994	0.198863881979599	0.023	0.026	1	AC022182.2	c1
0.0416258231538261	0.198858637502508	0.016	0.019	1	HYAL3	c1
0.0850008439968916	0.198430541123444	0.033	0.037	1	TMEM164	c1
0.000851763092625766	-0.197986254310794	0.009	0.012	1	AC005037.1	c1
0.186980248665337	0.197465881525406	0.063	0.067	1	MEPCE	c1
0.0350979430749188	0.197455746034496	0.039	0.044	1	MNT	c1
0.0755746360472264	0.197392793545741	0.009	0.011	1	PHETA2	c1
0.658538901370549	0.197012041997747	0.009	0.01	1	ZNF763	c1
0.000839600327543863	0.196996151190847	0.283	0.288	1	CERK	c1
0.0597996577958441	0.196978748746814	0.071	0.078	1	TTC27	c1
7.28878365747251e-05	-0.196451411775495	0.008	0.012	1	AC096677.1	c1
0.000872488694132307	0.196139772826284	0.047	0.056	1	VKORC1	c1
0.0208262404080607	0.196111002920873	0.01	0.013	1	AL139384.1	c1
0.711124922034343	0.195914422843646	0.024	0.024	1	NFIA	c1
7.14319621499e-05	0.195654506545207	0.276	0.275	1	PLK3	c1
0.872971579158344	0.195482878863056	0.033	0.033	1	RGPD2	c1
0.699007092199147	0.195017469247172	0.065	0.067	1	ZNF398	c1
0.0628368140865359	-0.194921600931817	0.01	0.011	1	ARMCX2	c1
0.0124732222827594	0.194892824809067	0.008	0.01	1	TTC26	c1
0.434482457788926	0.194824829298169	0.04	0.039	1	CYTH3	c1
0.927383013024396	0.1943874770956	0.085	0.087	1	TMEM191C	c1
0.00686554020342678	0.194363356129813	0.1	0.112	1	CLIC5	c1
0.530596379469552	0.194338101923144	0.172	0.178	1	GIMAP8	c1
0.182009362036716	0.194266522159626	0.13	0.14	1	BLVRB	c1
0.438243212448105	0.194028802935062	0.2	0.208	1	UXS1	c1
0.80293894635941	0.193186532393463	0.196	0.21	1	DTD1	c1
9.31873324881498e-05	-0.192462029242593	0.012	0.017	1	LINC02100	c1
4.41478428459528e-05	-0.192414529695917	0.013	0.018	1	ASTN2	c1
0.0294224446098459	0.192126590231374	0.01	0.012	1	AL589765.4	c1
0.00428042654945862	-0.192111191339631	0.01	0.013	1	LINC01679	c1
9.8271497646541e-05	-0.192071960192703	0.008	0.012	1	C19orf73	c1
0.336613569101449	0.191985194940798	0.038	0.04	1	TSGA10	c1
0.0118018362174072	0.191649833388451	0.315	0.333	1	SEC61A1	c1
0.261382636588113	0.191615526323133	0.105	0.112	1	TASP1	c1
0.875911705567248	0.191379419259457	0.229	0.243	1	NORAD	c1
0.127053588803252	0.191286588298365	0.286	0.304	1	HTATSF1	c1
0.150431081482259	0.191261556855574	0.099	0.106	1	TMEM185B	c1
0.00312041284941201	0.191153226947235	0.08	0.091	1	GTPBP3	c1
0.400771757410831	0.190995732478293	0.124	0.132	1	NFIC	c1
0.459155160149317	0.190980132896535	0.009	0.01	1	HIST1H4A	c1
0.0532801077019706	0.190805560151839	0.051	0.056	1	C10orf143	c1
0.855648536850165	0.190313196190104	0.036	0.036	1	SAP25	c1
0.561221954207564	0.190264194357615	0.027	0.028	1	PLEKHA8	c1
0.363877814283733	0.190229124486348	0.273	0.294	1	BOLA3	c1
0.46453196193196	0.190171033333534	0.024	0.025	1	WDR5B	c1
0.59388596964582	0.190126046941132	0.086	0.089	1	IFIT5	c1
0.0482898055146811	0.189940260282073	0.027	0.031	1	RAPGEF2	c1
0.0196469554372997	0.18983406793271	0.05	0.057	1	DHX58	c1
0.236918125940595	0.189657799803207	0.197	0.215	1	COMTD1	c1
0.943222980407467	0.189484947502595	0.203	0.216	1	CHD9	c1
0.0258623102054235	0.189439227033897	0.059	0.065	1	ZNF268	c1
0.0190268825142146	0.189266951939722	0.06	0.066	1	KIAA1328	c1
0.296689305067975	0.189106131417085	0.04	0.043	1	ZNF559	c1
0.263307648980003	0.188829361832694	0.077	0.082	1	ENTPD6	c1
0.0559767198535249	0.188789809853476	0.055	0.061	1	PLBD2	c1
0.015921569129155	0.188170112332554	0.07	0.078	1	SLC35C1	c1
0.000184276142108313	0.187369909045863	0.034	0.041	1	SGCB	c1
0.000416484840175743	-0.187298297363733	0.013	0.018	1	SNPH	c1
0.111115889358985	0.187239880753675	0.03	0.033	1	ACO1	c1
0.000190152137390795	-0.187129516825848	0.007	0.011	1	RND1	c1
0.134167349813747	0.187091726189795	0.078	0.084	1	PIGM	c1
0.0049670680955366	0.186969513531654	0.016	0.02	1	FAM213A	c1
0.430132467282472	0.186879967177139	0.192	0.197	1	AC007384.1	c1
0.439680737066714	-0.186783682283931	0.644	0.616	1	ITGB2	c1
0.0991523869093156	0.186149704438994	0.019	0.022	1	AC020928.1	c1
0.00398319038363471	0.185973099933544	0.293	0.3	1	OTUD6B-AS1	c1
0.780441724086049	-0.185955892439009	0.036	0.036	1	TRAV35	c1
0.00756327964229489	0.185862507847845	0.088	0.098	1	MSRA	c1
0.00544630000299573	0.185811456419663	0.046	0.052	1	OXSM	c1
0.0445391722444349	0.185187607101964	0.134	0.147	1	EEA1	c1
0.067162006896778	0.185170213732423	0.03	0.033	1	ZNF891	c1
0.103845334246093	0.184738543529291	0.036	0.04	1	TUT1	c1
0.048676198990577	0.184504934738055	0.058	0.064	1	MICALL1	c1
0.598570041787567	0.184453430811375	0.069	0.071	1	TRAV13-2	c1
0.770879738366263	0.184403587972103	0.108	0.11	1	CD83	c1
0.8599476682018	0.184054964180111	0.023	0.023	1	EPB41L5	c1
0.161087415337617	0.183635008024647	0.264	0.277	1	TBC1D10A	c1
0.0164755590655807	-0.183276799396257	0.016	0.019	1	TRBV14	c1
0.00403505891702336	0.183041006147486	0.086	0.096	1	FUBP3	c1
0.684086583085346	0.182716509010069	0.123	0.126	1	ZNF83	c1
0.364650450558967	0.18269225464764	0.027	0.029	1	GTF2IRD2	c1
0.00197827696271119	0.182153751482014	0.047	0.055	1	RAB34	c1
0.345749158702585	0.182141706683831	0.217	0.224	1	ANKRD37	c1
0.0279315606748108	0.182036327857296	0.147	0.162	1	MMGT1	c1
0.984444197018782	0.181725825113671	0.078	0.08	1	ZNF397	c1
0.000709556302640026	0.181673821328662	0.084	0.096	1	PHYH	c1
0.37823639662093	0.181185969576906	0.037	0.039	1	JHY	c1
0.217661523500969	0.180826598977734	0.03	0.032	1	AC021188.1	c1
6.19158644907921e-05	0.180054098001422	0.102	0.118	1	HIRIP3	c1
0.0777841811753631	0.180012443753483	0.241	0.248	1	TSPYL1	c1
0.000651457921240195	-0.179565121403999	0.014	0.018	1	CPNE8	c1
0.189547928773343	0.179558571904868	0.089	0.095	1	TUBE1	c1
0.623214539249901	0.179532019701337	0.019	0.018	1	TSPAN15	c1
0.859584515590147	0.179303807773921	0.029	0.029	1	MATN1-AS1	c1
0.693555617791786	0.179159331720722	0.047	0.048	1	APBB3	c1
0.481682609959189	0.179062871460673	0.038	0.04	1	ZNF583	c1
0.00786297796083474	0.178881757696883	0.021	0.025	1	AP1S3	c1
0.129419041322242	0.17874097062741	0.048	0.052	1	ZNF780B	c1
0.92369311642594	0.178671591219303	0.152	0.158	1	KANSL1-AS1	c1
0.000327990878301953	-0.178622698105306	0.008	0.012	1	C17orf100	c1
0.237637837177682	0.178199018888113	0.014	0.015	1	ZNF555	c1
0.0396299715332222	0.177518583838322	0.056	0.062	1	RAB43	c1
0.0400385697342406	-0.177495211485826	0.023	0.026	1	TRBV29-1	c1
0.132258484306331	0.177316262505128	0.112	0.121	1	AMPD2	c1
3.84527867709901e-05	-0.177212214510163	0.012	0.017	1	ZDHHC8	c1
0.00175924462832057	0.177119866104549	0.03	0.035	1	LYSMD4	c1
0.280235538289531	0.176319679614426	0.028	0.03	1	TMEM91	c1
0.810992002016851	0.175977398565173	0.075	0.075	1	C20orf204	c1
0.0427786861255739	0.175883610532347	0.013	0.015	1	ANKRD16	c1
0.0357381139268948	0.175211426704061	0.041	0.046	1	TAF4B	c1
0.0934348570420615	0.175152941414833	0.042	0.046	1	SLC9A6	c1
0.0948558624305109	0.175116710867913	0.058	0.063	1	ZMYM1	c1
0.0218865476194594	-0.174982448250601	0.023	0.027	1	NUAK2	c1
0.111594388471044	-0.174939912781151	0.022	0.025	1	TRBV7-3	c1
0.177419367607388	0.174572213538675	0.13	0.14	1	MTM1	c1
0.631640484139094	0.173925068044258	0.009	0.01	1	GDPD3	c1
3.79858650140491e-05	-0.173436277850761	0.026	0.033	1	MIR29B2CHG	c1
0.0167022263382484	0.172783673272696	0.021	0.025	1	LNX2	c1
0.0647896931538867	0.17277814274199	0.018	0.021	1	DPY19L1	c1
0.615893625724266	0.172448481582564	0.167	0.177	1	LPAR2	c1
0.535895977521519	0.171927592262175	0.015	0.015	1	TMEM8B	c1
0.0297414257279888	0.171704269404438	0.019	0.022	1	ZNF530	c1
0.00356744898282978	-0.171586749403287	0.009	0.012	1	ZFP41	c1
0.0227644005806574	0.17153020627819	0.165	0.184	1	CBR1	c1
0.00022600117260137	0.171229260896752	0.112	0.129	1	FHOD1	c1
0.0520842447242424	0.171181277643386	0.106	0.115	1	CUX1	c1
0.000884785708496005	-0.170733861872939	0.008	0.012	1	AL139011.1	c1
0.0314272257775317	0.170615831454891	0.16	0.176	1	ESF1	c1
0.012470088827538	0.170219778303023	0.012	0.015	1	RPGRIP1L	c1
0.0648992041234443	0.16983564234368	0.009	0.011	1	DNAJC25-GNG10	c1
0.107429794279767	0.169735681548549	0.031	0.034	1	ZNF551	c1
0.534775937172114	0.169718754210866	0.069	0.068	1	IER3	c1
0.00471565721438086	0.169715863057529	0.019	0.023	1	PDP2	c1
0.138356647204179	0.169096930743991	0.146	0.158	1	DEXI	c1
0.141820764992567	0.16908850654709	0.16	0.16	1	BEX4	c1
0.67399817686316	0.169081644510719	0.011	0.011	1	ZNF19	c1
0.432869143811674	0.169018894630369	0.035	0.037	1	SOCS5	c1
0.0834441894526742	0.168824896218233	0.167	0.183	1	REPS1	c1
0.0786171733943304	-0.168670885005682	0.021	0.018	1	TRBV10-3	c1
0.000612102984640391	-0.168370569520624	0.013	0.017	1	AP003392.6	c1
0.935365671764636	0.167914789003553	0.254	0.273	1	ELF2	c1
0.140655272464223	0.167763564787749	0.016	0.018	1	ARL17B	c1
0.000632151752207452	0.167246201517718	0.342	0.351	1	FAM102A	c1
0.000403950635937794	-0.166869762041275	0.012	0.017	1	HIF1A-AS2	c1
0.000158254074118554	-0.166648535782408	0.008	0.011	1	AC069544.1	c1
0.0163171741829186	0.166590305727024	0.067	0.075	1	TMLHE	c1
0.00371552638804627	0.166424717724415	0.039	0.045	1	GIN1	c1
0.0164658007736747	0.165908672952225	0.044	0.05	1	PGM3	c1
0.296685903226395	0.165796902201195	0.111	0.118	1	CERS4	c1
0.0613678362933726	0.165780780833854	0.116	0.126	1	TBC1D14	c1
0.00677656461588203	0.165695966968047	0.127	0.141	1	NDUFAF2	c1
0.0755921909939798	0.165398637646988	0.144	0.156	1	KIF21A	c1
0.884415081179266	0.165390315269656	0.241	0.257	1	TVP23B	c1
0.133517538304169	0.165101587759952	0.034	0.037	1	MSANTD2	c1
0.0795763582935887	0.164925931021241	0.133	0.145	1	ORC4	c1
0.054716520371313	0.164486475345827	0.096	0.104	1	SUMF1	c1
9.11902147476433e-05	0.16437864908904	0.152	0.175	1	HDDC3	c1
0.014007382593904	0.16436769966988	0.067	0.074	1	WWC3	c1
0.351853473012901	0.164332898260733	0.034	0.036	1	FLNB	c1
0.670285892135738	0.16408655292795	0.033	0.033	1	TRAV25	c1
0.493584839008921	0.164025319083878	0.067	0.07	1	SGSH	c1
0.041420185710548	0.163905380994653	0.042	0.047	1	PRR34-AS1	c1
0.79467569631267	0.163743170430657	0.241	0.258	1	PRPF19	c1
8.37589483254905e-05	-0.163570885595307	0.017	0.023	1	PRDM8	c1
0.000113820129147585	-0.163345378116617	0.024	0.031	1	SERPINI1	c1
0.000981379081887184	-0.163050253418096	0.008	0.011	1	LINC00910	c1
0.130002879127974	0.163038451465635	0.014	0.016	1	TTLL11	c1
0.00906128150408928	0.162838089267739	0.081	0.091	1	TUBD1	c1
0.120125650539599	0.162515038998753	0.053	0.057	1	ZNF66	c1
0.00247514072176682	-0.162294554071358	0.134	0.145	1	CSF1	c1
0.00396944827259817	0.16222462393505	0.144	0.162	1	ALG2	c1
0.527846921886955	0.162155681056323	0.122	0.128	1	CYHR1	c1
4.40052423469174e-05	-0.162143785777807	0.012	0.016	1	AC092329.1	c1
0.146986236472746	0.161982427162631	0.119	0.128	1	APLP2	c1
0.778826969979456	0.161975993751338	0.079	0.081	1	COL18A1	c1
0.95529081170645	0.161954036725888	0.184	0.193	1	CLSTN3	c1
0.00643846023112591	0.161661174982425	0.024	0.029	1	ZNF761	c1
0.673206268363026	0.161652053315692	0.026	0.027	1	AFF3	c1
0.910170098813025	0.161380409592207	0.243	0.26	1	TP53I13	c1
0.12198837183082	-0.16136263685264	0.756	0.718	1	SPOCK2	c1
0.0983768706450847	0.161303825789752	0.06	0.065	1	LZTR1	c1
0.00297221572085605	-0.161207592583964	0.008	0.011	1	CCNT2-AS1	c1
3.34766623133364e-05	0.160859821036615	0.143	0.166	1	HEBP2	c1
0.00148475730912552	-0.16072726018943	0.011	0.015	1	ZNF793	c1
0.00311654275857243	0.160591550509869	0.097	0.11	1	CNPY4	c1
0.00716719957158707	0.160510952198072	0.026	0.031	1	TMTC4	c1
0.511636666537837	0.159658345293818	0.195	0.209	1	UNC119	c1
0.402563639350467	0.159603263305367	0.048	0.046	1	TRAV12-3	c1
0.0226336842872134	0.159399551957319	0.224	0.25	1	MOSPD3	c1
0.636081410508712	0.159163162399045	0.01	0.009	1	PELI2	c1
0.000177181944936049	0.158945136082794	0.041	0.049	1	EAF2	c1
0.0191814394569744	0.158902047593283	0.02	0.023	1	TCTN1	c1
0.40920303168236	0.158891812436538	0.249	0.274	1	RTN3	c1
5.90433801923083e-05	0.158774114334553	0.399	0.413	1	APEX1	c1
0.00189617157699723	0.158630236874321	0.071	0.081	1	NARS2	c1
0.013153329000186	0.158403151467964	0.336	0.352	1	DARS	c1
0.733857068660088	0.158293406500208	0.056	0.056	1	ABCA5	c1
0.0172110660849405	0.158065738872976	0.028	0.033	1	NR2F6	c1
0.0683463008428665	0.158010875791832	0.045	0.049	1	BICRA	c1
0.191897945846696	0.158009930677423	0.036	0.039	1	NFXL1	c1
0.799375722419674	0.157804600376762	0.012	0.012	1	KIAA1324L	c1
0.0668293755645272	0.157682795890246	0.139	0.152	1	CPT1A	c1
0.106260873772836	0.15752301847991	0.328	0.347	1	SLC38A2	c1
0.173297909819701	0.157223690371438	0.189	0.205	1	SLC1A5	c1
0.458610449514386	0.157103316693598	0.022	0.023	1	ZNF619	c1
0.658004051804087	0.156770254486672	0.012	0.012	1	NEIL1	c1
0.203663814993385	0.156587017409218	0.076	0.081	1	FYCO1	c1
0.000725995161780607	0.156449722465075	0.107	0.121	1	NR2C2AP	c1
0.0841214279609611	0.1559505977322	0.039	0.042	1	POLI	c1
0.0779675199391367	0.155239044073033	0.037	0.041	1	TSEN2	c1
0.525061598189974	0.155110545381041	0.202	0.209	1	KDM6B	c1
0.000353260923616835	0.155065618802895	0.019	0.024	1	PFAS	c1
0.0226647914141748	0.154865866900298	0.195	0.217	1	MRPL24	c1
0.0157729128997239	0.154538296617626	0.044	0.049	1	AARS2	c1
0.00449768301260754	0.154506777271052	0.06	0.068	1	KAT2A	c1
0.156721753241346	0.154182161312236	0.018	0.02	1	MTMR8	c1
0.00204763012543546	0.154036999370896	0.17	0.193	1	MPHOSPH6	c1
0.318594024817988	0.153789892114434	0.013	0.014	1	CCDC102B	c1
0.0578991938585139	0.153397287585176	0.167	0.183	1	NFX1	c1
0.60565540034892	0.153332685393324	0.078	0.08	1	ZNF737	c1
4.66327655769325e-05	-0.153049256740337	0.009	0.013	1	RAB11FIP3	c1
0.0202164155965039	0.15297596232762	0.047	0.052	1	ICK	c1
0.117526502190303	0.152905949955115	0.034	0.038	1	ZNF500	c1
0.0207345295114361	0.152470988948463	0.177	0.198	1	MRPL17	c1
0.800663693301923	0.152354041596737	0.015	0.015	1	ADAMTS10	c1
3.57176705402868e-05	-0.152310492659323	0.044	0.053	1	TRAV3	c1
0.00335799541865705	-0.152194966322187	0.044	0.038	1	TRBV6-1	c1
0.365187120644227	0.151985307351419	0.128	0.135	1	P4HA1	c1
0.0411666481358021	0.151463556664366	0.082	0.09	1	FTO	c1
0.0104268846647723	0.151242951415881	0.096	0.107	1	TMEM116	c1
0.00208589956598019	0.151172402120789	0.035	0.042	1	CSNK1E	c1
0.000669663414090446	0.151017451266508	0.096	0.11	1	LRRC14	c1
0.000585767238656049	0.150629880226831	0.383	0.403	1	DEGS1	c1
0.031952365456647	0.15059872150417	0.189	0.21	1	SRPRB	c1
0.000119979177419003	-0.150523540999966	0.014	0.019	1	BBS10	c1
0.0192518092740735	0.150506503033826	0.066	0.073	1	ZNF324	c1
8.04717609814508e-05	-0.150180835759842	0.009	0.013	1	FBXO10	c1
0.186747338358906	0.150032641394479	0.074	0.079	1	PHC1	c1
0.0229299634918225	0.149608135028421	0.151	0.167	1	RMDN3	c1
0.119793629072338	0.149340073412146	0.029	0.031	1	GDF11	c1
0.0081915862487449	0.149204989312233	0.187	0.209	1	PUM3	c1
0.000888674509277517	0.148987455593099	0.082	0.094	1	CMSS1	c1
0.121774963021045	0.148926668321833	0.023	0.026	1	MORN3	c1
0.000326639147456986	0.148918724630992	0.065	0.075	1	P2RX5	c1
0.00806154996993809	0.148655051966797	0.111	0.124	1	C12orf29	c1
0.969286237520198	0.148648116761383	0.273	0.293	1	MAPKAPK3	c1
3.25255654099349e-05	-0.148539150672543	0.013	0.018	1	TMEM256-PLSCR3	c1
0.0390356432784067	0.148450853618187	0.011	0.014	1	GGPS1	c1
7.99951070686348e-05	-0.148064219790829	0.017	0.022	1	TCEANC	c1
0.029798503946954	0.147941192606678	0.09	0.099	1	PJA1	c1
0.0832362039354228	0.147907658379293	0.119	0.129	1	NSUN6	c1
0.000115885485020117	-0.147504553656311	0.01	0.014	1	CAPN10-DT	c1
0.00167568024536283	0.147201319917103	0.044	0.052	1	ALMS1	c1
0.286028924592248	0.146978616211491	0.01	0.011	1	AC011632.1	c1
0.00215543583127223	-0.146943515109197	0.012	0.015	1	ZNF436	c1
0.237548105912653	0.146647669231068	0.272	0.302	1	MAP2K1	c1
0.0451410091714398	-0.146359845095824	0.015	0.017	1	NAP1L2	c1
0.00168789643824673	0.146117585645898	0.089	0.101	1	PIEZO1	c1
0.18255057032671	0.146069434440702	0.273	0.285	1	TPP1	c1
0.0898888182416377	0.145925924260703	0.028	0.031	1	ZNF543	c1
0.669494113042861	0.145718141277137	0.289	0.311	1	GLOD4	c1
0.00574247667951879	0.145299029606948	0.135	0.15	1	POLR1C	c1
0.0356982162914596	0.145128009236189	0.235	0.237	1	SLC16A7	c1
0.89349757793829	0.144300821710537	0.289	0.312	1	PPIH	c1
0.00236961781789384	0.144077724813917	0.018	0.022	1	SPACA9	c1
0.280558275337953	0.144069973624898	0.059	0.062	1	GTSF1	c1
6.86398594012997e-05	0.143721519337092	0.046	0.056	1	CEP83	c1
0.00180096667887688	0.143668049595678	0.076	0.086	1	RPTOR	c1
0.000230338156409915	-0.143550808319274	0.006	0.01	1	SPAG8	c1
0.373226908888888	0.143381489962382	0.016	0.018	1	AL445472.1	c1
0.000249271172231945	-0.143221688239878	0.014	0.018	1	CBWD3	c1
0.155955879216634	0.143117942429489	0.184	0.2	1	TRMT1	c1
0.000286220907279706	0.143060298963786	0.107	0.123	1	RNF2	c1
0.105580885633016	0.142794943718099	0.037	0.041	1	PPP1R3D	c1
0.0424249103462558	0.142721877666872	0.161	0.176	1	VGLL4	c1
0.0139318496971223	0.142455218423166	0.026	0.03	1	QSER1	c1
0.508355478545525	0.142314971941203	0.267	0.282	1	FYTTD1	c1
0.014311992428187	0.142276164326695	0.174	0.193	1	CFAP36	c1
0.275794210397525	0.142119181259596	0.01	0.012	1	SNED1	c1
0.00942995451998493	0.141870003567135	0.045	0.051	1	CMPK2	c1
0.00399357438339863	0.141595630529066	0.032	0.038	1	FP565260.1	c1
0.603088895333922	0.141428320454597	0.242	0.262	1	ARL2	c1
0.00196770169751618	0.141407570486271	0.085	0.096	1	LIN7C	c1
0.0392359839829526	0.141405273009873	0.035	0.039	1	ZNF232	c1
7.65285762023313e-05	0.141301394412153	0.112	0.129	1	LNPK	c1
0.0619803961655205	0.14124999995295	0.024	0.027	1	AGER	c1
0.973077184070036	0.141208443011083	0.012	0.012	1	AC007952.4	c1
0.000366769515563136	0.141136156954905	0.074	0.085	1	SPAG16	c1
0.00753194806956213	0.141033814947444	0.061	0.069	1	ACADSB	c1
0.0826050162649739	0.140962116200703	0.014	0.016	1	GAS2L1	c1
0.0495449922816899	0.140789710751004	0.017	0.02	1	MAP4K3	c1
0.117195670674015	0.140722513035334	0.317	0.333	1	PDE4D	c1
0.830532148582142	0.140701269488355	0.299	0.325	1	VPS35	c1
0.0427958590503359	-0.139412320009834	0.008	0.01	1	AC087741.1	c1
0.000175106637988987	0.139034970822243	0.145	0.166	1	TWISTNB	c1
0.75119887985614	0.139023146261025	0.194	0.202	1	ADA2	c1
0.293688905208516	0.138183364026498	0.206	0.222	1	LINC00667	c1
0.0712371687596231	0.138153115941198	0.075	0.081	1	ZNF808	c1
0.480147319001258	0.137955026406302	0.245	0.264	1	CDK6	c1
0.000137604309858835	-0.137924733009925	0.009	0.014	1	USP44	c1
4.22248141417437e-05	0.137248943816698	0.12	0.139	1	UQCC3	c1
0.590080757233763	0.137227249153959	0.097	0.101	1	CAMK1D	c1
0.120875342039775	0.136941927448526	0.009	0.01	1	MAP1A	c1
0.0230566569732191	0.136869845075531	0.137	0.151	1	PNMA1	c1
0.00312087176508689	0.136441495773623	0.051	0.058	1	TANGO6	c1
0.0364848342423507	0.13642350741747	0.034	0.038	1	MFSD4B	c1
0.377411423628741	0.136282803874041	0.01	0.01	1	FSBP	c1
0.0388996524868718	0.136271835331473	0.164	0.18	1	CRY1	c1
0.028755675109779	0.136100118124636	0.023	0.026	1	SMOX	c1
0.421684350667354	0.135962756537735	0.026	0.028	1	USP9Y	c1
0.101242232945471	0.135824946741026	0.047	0.051	1	DOCK9	c1
0.0167280545976548	0.135704027923934	0.36	0.376	1	RNF139	c1
0.000927873198789315	-0.135650748730258	0.007	0.011	1	OGFRP1	c1
0.000220810520206815	0.13551974721361	0.086	0.099	1	KIAA1586	c1
0.00132233355380087	0.135492001827759	0.074	0.085	1	INTS6L	c1
0.0469870280129	0.135463569282845	0.049	0.055	1	HIPK2	c1
0.164639486571409	0.1354135979383	0.072	0.077	1	GOLGA8A	c1
0.0383879898854153	0.135365431025787	0.4	0.431	1	YME1L1	c1
0.00477077343034679	0.135103037046441	0.098	0.109	1	PGRMC2	c1
8.79131794176996e-05	0.135098477785868	0.085	0.098	1	DYNLL2	c1
0.079768903293959	0.134951886068863	0.027	0.031	1	POLR3B	c1
0.000880305014182421	0.13472803603769	0.049	0.057	1	UTP15	c1
0.255374380035188	0.13433850323949	0.013	0.015	1	DVL1	c1
0.0118099039922167	0.134294878112066	0.161	0.179	1	PDK3	c1
0.00211490264427914	0.134275354604584	0.171	0.194	1	TRMT10C	c1
0.00459361988672336	0.134048398631696	0.082	0.092	1	PDCD4-AS1	c1
0.000549256277073083	-0.134038876283221	0.033	0.039	1	IFIT2	c1
0.016232546581526	0.13359139712481	0.045	0.051	1	ST3GAL3	c1
0.581471780848312	0.133350736942839	0.249	0.266	1	TNFSF10	c1
0.19282470880938	0.133244157390487	0.259	0.285	1	NXT1	c1
4.98300189148709e-05	0.132955359449555	0.177	0.205	1	MGAT2	c1
5.33828099364487e-05	-0.132924725282676	0.013	0.018	1	ENTPD7	c1
0.197569752720605	0.13282171530657	0.008	0.01	1	DNHD1	c1
0.00997439102639692	0.132660934752198	0.01	0.013	1	CALCB	c1
0.245976518964184	0.132552622868237	0.013	0.015	1	AC136475.2	c1
0.00838202675285115	0.13242954869185	0.046	0.052	1	SLC25A13	c1
0.142052345486156	0.132212129551326	0.022	0.024	1	ZNF74	c1
0.202700379914498	0.132192339583071	0.356	0.383	1	TMED4	c1
0.167475075636459	0.132084352171422	0.103	0.11	1	TTC39B	c1
0.985412177756291	0.131986523759066	0.06	0.061	1	GCA	c1
0.000859459588581545	0.131926804161131	0.029	0.036	1	PTCD1	c1
0.00131092291813052	0.131878862174166	0.032	0.027	1	TRAV38-1	c1
6.15235419258413e-05	0.131663628111913	0.453	0.478	1	ANXA7	c1
3.71126377891566e-05	0.131576754493176	0.015	0.021	1	ANKRD9	c1
0.000960837487895336	0.131523077732157	0.122	0.138	1	PRRC1	c1
0.000226106946659332	-0.131461889358448	0.019	0.024	1	PARD6B	c1
0.583106071140286	0.131360902467602	0.016	0.017	1	AP002884.1	c1
0.119031673348262	0.131068355848586	0.029	0.032	1	ZNF527	c1
0.232538737726555	0.130699514998207	0.357	0.385	1	EIF2A	c1
0.27194065187974	0.13016430810489	0.011	0.013	1	ZNF175	c1
0.256406051758577	0.130093221959855	0.111	0.117	1	MVB12B	c1
0.847207742469839	0.129645683289441	0.086	0.088	1	ATP8B2	c1
0.102432980750731	0.129253698065193	0.23	0.254	1	LARS	c1
0.00204523099396898	0.129060054581362	0.01	0.014	1	AL096865.1	c1
0.124143274230601	0.128923084930425	0.026	0.029	1	TMEM191B	c1
0.214689772440187	0.128590529494452	0.015	0.016	1	HRASLS2	c1
0.00746500806550918	0.128446579786937	0.113	0.125	1	KLHL9	c1
0.257919852017701	0.12839414851044	0.01	0.011	1	SPACA6	c1
0.00614472130275351	0.128345552798118	0.144	0.161	1	SPTLC2	c1
0.0139686177946495	0.128221590808855	0.029	0.034	1	FAM20B	c1
0.00230708812409238	0.128153387210823	0.174	0.196	1	PRKRA	c1
0.00067762974917252	0.128092194682243	0.065	0.075	1	AMFR	c1
0.0273036664094188	0.127995969136695	0.035	0.04	1	ZMYM6	c1
0.00145779477041767	0.127892291437231	0.017	0.022	1	ERMAP	c1
0.073041260070258	0.127533260244181	0.012	0.014	1	MEST	c1
0.0253086328252607	0.12710783801823	0.01	0.012	1	ZNF514	c1
4.98873392382456e-05	0.126988160092595	0.126	0.146	1	CDK5RAP1	c1
0.0683921058416262	0.126901611893798	0.02	0.022	1	RNLS	c1
0.0387660551312831	0.126675677883559	0.054	0.06	1	DCUN1D4	c1
0.101467432710226	0.126339637873067	0.011	0.012	1	MATN2	c1
0.00216120844584515	-0.126204199521693	0.008	0.011	1	KCTD21-AS1	c1
0.0896282550854454	0.126172103887729	0.046	0.05	1	RAB3A	c1
0.000465093020526075	0.126082006888951	0.083	0.096	1	DHRS13	c1
0.697093742906406	0.126051683670911	0.306	0.327	1	NMRK1	c1
0.00147790011845397	-0.125902841419164	0.011	0.014	1	AC138150.1	c1
4.6071284190635e-05	0.125857173123404	0.072	0.085	1	SIRT5	c1
0.00205261847153035	0.12566331559899	0.111	0.125	1	ZNF664	c1
0.00184811514380559	-0.125639421222639	0.008	0.011	1	MAMLD1	c1
0.0160394490622742	0.125580242212183	0.028	0.032	1	LINC02325	c1
0.970807548273093	0.125061469668532	0.236	0.249	1	ASAH1	c1
0.496006942716779	-0.12497984076557	0.474	0.493	1	TUBB4B	c1
0.165176640765628	0.124977531275426	0.353	0.378	1	JMJD1C	c1
0.259231796719336	0.124559028017408	0.057	0.061	1	LIPT1	c1
3.21778248928607e-05	-0.124372008922847	0.021	0.027	1	CR381653.1	c1
0.0716218796115831	0.124324798030951	0.009	0.011	1	ITPKC	c1
5.8064796548146e-05	-0.124288323799115	0.011	0.015	1	PYROXD2	c1
0.00127470890251263	0.124146819521171	0.18	0.205	1	C20orf27	c1
0.811298771364034	-0.124115477605753	0.01	0.01	1	TRBV25-1	c1
0.000254740133570095	0.123967141064387	0.098	0.112	1	ABHD10	c1
7.78885242048519e-05	-0.123778588208346	0.014	0.019	1	ZNF343	c1
0.0682303342588582	0.123631952165375	0.008	0.01	1	AC010226.1	c1
0.0439139522734034	0.123593705608512	0.083	0.091	1	ZNF460	c1
0.0644197571375258	0.123572895167282	0.216	0.237	1	C15orf61	c1
0.00563897159213	-0.123512277170429	0.008	0.01	1	AC091057.2	c1
0.00166826673069543	-0.123101654921869	0.009	0.013	1	ZSCAN22	c1
0.0573116757916416	0.122695615295442	0.398	0.423	1	GIMAP6	c1
0.0290583795323463	0.122498255560285	0.019	0.022	1	NEK8	c1
0.00279860120948462	0.122447933354	0.368	0.38	1	GIMAP5	c1
0.0783091687994424	0.122384673486113	0.388	0.416	1	CYB5R3	c1
0.00232389321962896	0.122377650650222	0.151	0.17	1	TRAP1	c1
0.0193255098049767	0.122083123270246	0.216	0.241	1	ABCE1	c1
0.000125288633402373	0.122066975127171	0.056	0.066	1	RPAP1	c1
0.0475810195185656	0.12198916186139	0.011	0.013	1	LMLN	c1
0.000881656437566697	0.121829496339287	0.073	0.084	1	RFNG	c1
0.804608227762119	0.121618137386212	0.014	0.015	1	ZNF443	c1
0.010403206890034	0.121416420366191	0.193	0.215	1	CYTH2	c1
0.000342469842658792	0.121197195748007	0.089	0.102	1	RAB3IP	c1
0.00268968044976848	0.121084142284984	0.042	0.049	1	AL136454.1	c1
0.00882812800534132	0.121080108313529	0.042	0.048	1	ERLIN2	c1
0.0120335793104675	0.121028603154956	0.022	0.025	1	AC132192.2	c1
4.80630292435686e-05	-0.120491614156303	0.079	0.091	1	EPHX2	c1
0.000131624495650979	0.120315872556336	0.04	0.049	1	CAD	c1
0.359437108849442	0.119970848969887	0.289	0.317	1	CPNE3	c1
0.119609631239195	0.119423396368946	0.019	0.022	1	ZNF813	c1
0.00429176707051611	0.119404372596908	0.099	0.11	1	APOBR	c1
0.00270851918838367	0.119148550075757	0.034	0.04	1	SYCE1L	c1
0.0157648814084152	0.119123469527327	0.009	0.012	1	PARS2	c1
0.650345427025926	0.119083385513869	0.011	0.011	1	AL355075.4	c1
0.115186358582379	0.118942165590836	0.017	0.019	1	HIST1H3A	c1
0.23978489451098	0.118813920744448	0.01	0.011	1	ESPN	c1
0.00182352863562384	0.118654004446538	0.169	0.19	1	EBAG9	c1
0.212824412195206	0.118621977448884	0.029	0.031	1	ZNF783	c1
0.769971733230399	0.118529445079245	0.296	0.323	1	PPT1	c1
0.00013955233192699	0.118236593461277	0.034	0.042	1	PEX7	c1
0.0364206096362631	0.118040509221545	0.145	0.158	1	PRKCA	c1
0.672320226081676	0.117906071731572	0.019	0.019	1	ZNF483	c1
0.0407988891926498	0.117703680859489	0.061	0.067	1	DSTYK	c1
0.00926401041980032	-0.117593134034657	0.043	0.048	1	TRAV27	c1
0.0782136210709588	0.117142664907834	0.115	0.124	1	ZNF274	c1
0.000490292186530189	0.117040338611075	0.094	0.107	1	SEC22A	c1
0.000901168299416315	0.116566510251626	0.099	0.112	1	NBPF19	c1
0.00197094983258921	0.116500054199948	0.028	0.033	1	UBE3D	c1
0.0115491190146489	0.116179728023729	0.215	0.241	1	SACM1L	c1
0.140235006274278	0.116151306948862	0.018	0.02	1	ATG9B	c1
0.0768829072973462	0.116111329753439	0.3	0.337	1	SMIM37	c1
0.0570519322398497	0.116098358561266	0.042	0.039	1	TRAV38-2DV8	c1
0.0128037916130797	0.115870923462507	0.118	0.13	1	RABL2B	c1
9.10954308160622e-05	0.115750937090841	0.17	0.196	1	SHC1	c1
0.719573850408666	0.115482850495408	0.015	0.016	1	LINC00278	c1
0.531976341589453	0.115306719988633	0.56	0.592	1	DDIT4	c1
0.546259978064816	0.115229657353283	0.362	0.394	1	GORASP2	c1
0.000293360095852897	0.115112632315952	0.034	0.041	1	DHODH	c1
0.00446170347703719	0.114894947566457	0.01	0.013	1	AC062017.1	c1
0.532124355387	-0.114729899541883	0.397	0.404	1	CD28	c1
0.0920126281805161	0.114590447124654	0.03	0.033	1	RUFY3	c1
0.192695912813159	0.114325148784826	0.081	0.086	1	SIK1	c1
0.222129075793705	0.114316568112593	0.041	0.044	1	AC087623.3	c1
0.00248231020622175	0.114162095858516	0.023	0.028	1	KIF1B	c1
0.00379913944217765	0.113988962200119	0.083	0.094	1	WDR89	c1
0.136678746622003	0.113776037751085	0.012	0.014	1	WFS1	c1
0.0943985868725354	0.11348490429624	0.036	0.04	1	SLC31A2	c1
0.170786960088558	0.113158548635136	0.212	0.228	1	SNHG9	c1
0.000456870225638848	0.113116846574965	0.054	0.063	1	TPK1	c1
0.0150353292235772	0.112879872587313	0.019	0.023	1	AC092683.1	c1
0.00239111399532371	0.112353133702869	0.026	0.031	1	ZNF446	c1
0.303546093300724	0.112348196989456	0.009	0.01	1	ZNF470	c1
0.00901869171391313	0.11209844146066	0.03	0.034	1	TMTC3	c1
0.00289780891918527	0.1120565223321	0.136	0.152	1	SLC25A24	c1
0.00393076532290459	-0.112042264501101	0.011	0.014	1	NEURL4	c1
0.00624045317840277	0.111927692161728	0.071	0.08	1	ZNF43	c1
0.0094984374568795	-0.111859332978582	0.008	0.011	1	ZFP37	c1
0.0131153152019234	0.111300038507589	0.168	0.186	1	ERAP1	c1
3.57392248286624e-05	-0.111259169679834	0.044	0.053	1	TPRG1	c1
0.630238172559011	0.111222373996129	0.252	0.269	1	USP36	c1
0.00968667929755724	0.111171105736497	0.087	0.097	1	PCNX2	c1
8.2508972351518e-05	0.111003325367512	0.031	0.038	1	SEPT8	c1
0.00178500372761256	0.110927993073719	0.038	0.045	1	LSS	c1
0.0017363526508008	0.110414325434491	0.147	0.165	1	CREBL2	c1
0.00623490377796616	0.110216706444082	0.065	0.073	1	ZNF764	c1
0.221034241361474	0.110210456138606	0.05	0.047	1	TRBV18	c1
0.000617965659900281	-0.110108269402058	0.02	0.025	1	STARD9	c1
0.0565880156700322	0.10998638454234	0.014	0.016	1	DLGAP3	c1
0.636194561992547	0.109979160961975	0.335	0.371	1	DNAJC19	c1
7.87841752614962e-05	-0.10992178475407	0.02	0.026	1	SLC48A1	c1
0.00259395817791238	0.109406827422988	0.071	0.081	1	NFRKB	c1
0.63736492670967	0.109271657053564	0.236	0.245	1	TNFSF14	c1
0.0299641745063252	0.109233920859803	0.151	0.165	1	MMP25-AS1	c1
4.35519678031492e-05	0.109217341000009	0.175	0.202	1	CDC27	c1
0.173500299157043	0.109150373912613	0.064	0.068	1	ARHGAP12	c1
0.0013044164856922	0.109065357296599	0.174	0.196	1	ELL	c1
5.68488795616161e-05	-0.108876450771028	0.012	0.017	1	AC018647.2	c1
0.00758417414693459	0.108759469163629	0.238	0.268	1	DPM3	c1
3.0840340746407e-05	0.108714097090912	0.109	0.127	1	ZNF652	c1
0.000494203917095989	0.10813620434785	0.03	0.037	1	STARD10	c1
0.144450924072247	0.107614093598731	0.259	0.284	1	PLD3	c1
3.70077820683391e-05	0.10751495226283	0.097	0.113	1	TMEM42	c1
0.699767728407711	0.107117037436663	0.017	0.018	1	AMIGO1	c1
0.248093837122833	0.107064807620457	0.403	0.436	1	PCNP	c1
0.00157513077660383	0.10669895273926	0.074	0.084	1	NOMO2	c1
0.0791160327835819	0.106601920875093	0.03	0.033	1	ZNF251	c1
0.00527110040287603	-0.106399293498593	0.008	0.011	1	FAM66B	c1
0.431529710089861	0.106314921036459	0.08	0.079	1	TRAV29DV5	c1
0.0161963803767532	-0.106032141327815	0.007	0.01	1	AC087500.1	c1
0.0169534609913959	0.106023528932235	0.038	0.043	1	ARSK	c1
0.000583802673084748	0.10592783183148	0.126	0.143	1	AARSD1	c1
0.0710512075597091	0.105919229348146	0.024	0.026	1	ZNF624	c1
0.0180555543778956	0.105819347208629	0.029	0.033	1	CACNB1	c1
0.069241187902376	0.10558335235212	0.25	0.275	1	TMEM106B	c1
0.112836387236952	0.105531335373567	0.292	0.303	1	GOLGA8B	c1
0.000290779785540948	0.105375668442595	0.053	0.063	1	LINC002481	c1
0.0809932449850233	0.105314367184184	0.029	0.032	1	C14orf28	c1
0.452345714873584	0.105009417357668	0.013	0.014	1	METTL24	c1
0.0124387686020936	0.104972100521463	0.007	0.01	1	SND1-IT1	c1
3.6658344769325e-05	0.104959724325486	0.062	0.074	1	CHST14	c1
0.0571940391449922	-0.104911472412184	0.008	0.01	1	LINC00663	c1
0.0843398732655548	0.104772301036441	0.094	0.102	1	SNAI3	c1
0.0299688747881716	0.10462745241279	0.031	0.035	1	CLYBL	c1
0.00150682743081154	0.10442584343895	0.115	0.129	1	CRYL1	c1
0.0405384629521983	0.10439935877197	0.031	0.035	1	ZNF438	c1
9.75250220435933e-05	0.104152572614095	0.114	0.132	1	STK40	c1
4.36509123436475e-05	0.104127255972295	0.124	0.143	1	PITPNA-AS1	c1
0.00175388367069923	0.104106965738053	0.207	0.233	1	NDRG3	c1
0.00134418615491726	-0.104071645467106	0.013	0.017	1	PPP1R13B	c1
0.000151765988931244	-0.104041931784119	0.02	0.026	1	LRRC1	c1
0.139334815248709	0.103841593600934	0.287	0.317	1	UBQLN1	c1
5.91420045240934e-05	0.103763647485708	0.049	0.059	1	ELL2	c1
0.00137368176056178	0.103742090918774	0.028	0.034	1	ZKSCAN4	c1
0.000236800934940659	0.103291220990608	0.528	0.548	1	SDCBP	c1
0.00498476279966317	-0.103199706397433	0.01	0.013	1	KIAA1211L	c1
0.000110558155136692	-0.103165182941816	0.006	0.01	1	LINC00294	c1
0.00961014473354001	-0.103032628416927	0.768	0.772	1	CKLF	c1
0.00257355495999692	0.102721145946763	0.057	0.065	1	PIP4K2B	c1
0.0571076252534152	0.102558751726516	0.263	0.292	1	THUMPD1	c1
9.91450125932443e-05	-0.102492016034347	0.019	0.024	1	BBS12	c1
6.01622466286283e-05	-0.102337233313708	0.026	0.033	1	SEMA4F	c1
0.033899924861133	0.102284163562753	0.058	0.064	1	HERC6	c1
0.0596379079389606	0.102208678453105	0.031	0.034	1	LRP12	c1
0.0013657291315002	0.102073513499765	0.235	0.268	1	TFG	c1
0.00382877252434594	0.101984535321855	0.01	0.013	1	MAP10	c1
0.000835089545687147	0.101900595103583	0.042	0.05	1	ZNF287	c1
0.000102455328321318	0.101897357615335	0.086	0.1	1	SHLD2	c1
0.00135628397086627	0.101729618008707	0.023	0.028	1	RLN2	c1
3.47058173016547e-05	0.101618139092665	0.067	0.08	1	MAPK8	c1
0.00203226426898535	0.101463518059326	0.114	0.128	1	CHD6	c1
0.813308120941285	0.101346090982917	0.33	0.356	1	PDIA4	c1
0.0143198064694991	0.101284193349097	0.015	0.019	1	ELMO3	c1
0.155037294681312	0.101202029406532	0.247	0.27	1	MALT1	c1
0.00667897863684002	0.100737490466447	0.035	0.041	1	NUBPL	c1
0.000169800576645776	0.100642997013273	0.049	0.058	1	CXorf56	c1
3.18032391556934e-05	0.100205801455056	0.21	0.244	1	SAR1A	c1
0.00662332575092931	0.100103830125004	0.035	0.04	1	PSTK	c1
0.561184299228688	0.100088724288506	0.028	0.029	1	ZNF563	c1
0.00122629936284511	0.100065677646893	0.056	0.064	1	FEM1C	c1
0.0111780143054872	0.100062575751528	0.217	0.243	1	ATF1	c1
