p_val	avg_log2FC	pct.1	pct.2	p_val_adj	gene	seurat_clusters
0	-6.60036962236812	0.007	0.225	0	HLA-DRA	c2
0	-6.55684447324407	0.007	0.224	0	LINC02446	c2
0	-5.92831012825352	0.01	0.337	0	KLRD1	c2
0	-5.18375166104472	0.019	0.28	0	GZMB	c2
0	-4.89666107937013	0.038	0.375	0	HLA-DRB1	c2
0	-4.85975650841355	0.021	0.421	0	CD8B	c2
0	-4.11778930278334	0.098	0.472	0	CD8A	c2
0	-3.98578342659655	0.028	0.278	0	CD38	c2
0	-3.86414018371413	0.05	0.375	0	HLA-DPB1	c2
0	-3.69076167189746	0.059	0.414	0	TIGIT	c2
0	-3.62875742336438	0.034	0.331	0	DUSP4	c2
0	-3.2966973153912	0.093	0.44	0	HLA-DPA1	c2
0	-3.29082151763557	0.266	0.58	0	NKG7	c2
0	-3.04583478311384	0.241	0.523	0	GZMA	c2
0	-2.9146691884124	0.059	0.318	0	CTLA4	c2
0	2.79780188955175	0.176	0.032	0	ADAM23	c2
0	2.53505533688212	0.333	0.112	0	IL2	c2
0	2.50792236452433	0.627	0.255	0	EGR1	c2
0	2.48778173100308	0.211	0.052	0	EGR3	c2
0	2.4402586180121	0.59	0.241	0	TNF	c2
0	2.02830968639738	0.41	0.17	0	AC020571.1	c2
0	1.87468656954704	0.978	0.687	0	FOSB	c2
0	-1.85131400837648	0.184	0.446	0	ITGAE	c2
0	-1.72839346007733	0.821	0.905	0	CD74	c2
0	1.69095002790794	0.965	0.793	0	JUN	c2
0	1.64201643984572	0.837	0.495	0	NR4A1	c2
0	1.62584491517885	1	0.887	0	FOS	c2
0	1.36947762993055	0.72	0.35	0	CD40LG	c2
0	1.2470846542212	0.978	0.651	0	IL7R	c2
0	1.2430493929442	0.978	0.694	0	ANXA1	c2
0	-1.23246829364064	0.785	0.887	0	COTL1	c2
0	1.0453555206988	0.83	0.698	0	IER2	c2
0	-1.02138179702796	0.831	0.888	0	CD7	c2
0	1.02012491398784	0.761	0.572	0	MYADM	c2
0	1.00708407698774	0.674	0.464	0	AC020916.1	c2
0	0.996762804744402	0.999	0.951	0	DUSP1	c2
0	0.981705977394795	0.907	0.834	0	BTG2	c2
0	0.953097173319889	0.958	0.87	0	TSC22D3	c2
0	0.949851369976728	0.765	0.537	0	AHNAK	c2
0	0.947372507550389	0.955	0.874	0	TNFAIP3	c2
0	0.885796475099787	0.966	0.91	0	KLF6	c2
0	0.879078350528062	0.984	0.955	0	CD69	c2
0	0.866775879834045	0.549	0.319	0	CD4	c2
0	0.855183842726082	0.723	0.491	0	GPR183	c2
0	0.84597074889656	0.937	0.789	0	PPP1R15A	c2
0	0.785352256642942	0.98	0.958	0	JUNB	c2
0	0.781860473168841	0.868	0.582	0	KLRB1	c2
0	0.746559015398429	0.968	0.928	0	ZFP36	c2
0	0.696424610922539	0.931	0.82	0	NR4A2	c2
0	-0.659803570104954	0.99	0.991	0	GAPDH	c2
0	-0.61361436440925	0.959	0.978	0	PTPRCAP	c2
0	-0.587015690410363	0.876	0.93	0	ARPC1B	c2
0	-0.535203249483101	0.917	0.951	0	ARPC2	c2
0	-0.533897401620881	0.995	0.995	0	ACTG1	c2
0	-0.500806738330659	0.996	0.996	0	PFN1	c2
0	-0.474897964563007	1	0.999	0	ACTB	c2
0	0.352103629192335	0.992	0.978	0	EEF1B2	c2
0	0.336428865444051	1	0.998	0	TPT1	c2
0	0.323607206057251	0.998	0.991	0	RPL9	c2
0	0.322714359092917	0.999	0.997	0	RPS14	c2
0	0.321546929446767	1	0.999	0	RPL10	c2
0	0.304613651700659	0.999	0.996	0	RPS25	c2
0	0.304281080479974	1	0.999	0	RPLP1	c2
0	0.294625376497881	0.999	0.997	0	RPL32	c2
0	0.277876253999353	1	0.999	0	EEF1A1	c2
0	0.276669459529522	1	0.997	0	RPL34	c2
0	0.276591081374415	0.999	0.998	0	RPS27A	c2
0	0.274286818312034	0.999	0.997	0	RPS3	c2
0	0.26536091313971	1	0.997	0	RPL30	c2
0	0.249160203049014	1	0.997	0	RPS12	c2
1.97482472860848e-306	0.26118706943238	1	0.996	6.62316717480713e-302	RPL39	c2
3.80558684236833e-306	0.242340750434411	0.999	0.997	1.27631771519349e-301	RPS3A	c2
1.94860562901232e-304	1.05264632913653	0.774	0.626	6.53523355858153e-300	RGCC	c2
1.25231757059622e-298	-2.14974236635894	0.117	0.354	4.2000226682656e-294	MIR4435-2HG	c2
5.40685823755715e-298	-3.59129359904958	0.028	0.24	1.81335211571192e-293	FABP5	c2
4.84913713581141e-297	0.265586413179888	0.998	0.995	1.62630361260843e-292	RPL3	c2
6.14907058993239e-288	0.221082764291073	0.999	0.997	2.06227529445152e-283	RPS23	c2
1.0096792845632e-284	0.420476829928468	0.993	0.932	3.38626238456805e-280	VIM	c2
3.08368967239841e-284	-1.8206461197694	0.116	0.356	1.03420784232898e-279	ACP5	c2
2.28346644375784e-283	0.452874133426184	0.998	0.994	7.65828975907505e-279	H3F3B	c2
2.80269587520689e-283	2.13511843486326	0.167	0.051	9.39968142626886e-279	AC004832.6	c2
8.15121262688855e-280	-1.1560981403887	0.427	0.637	2.73375369080588e-275	UCP2	c2
6.65151058002329e-277	0.334355751400582	0.997	0.989	2.23078361832821e-272	SARAF	c2
2.35169502870404e-274	-5.74892581207439	0.006	0.192	7.88711478726761e-270	CD160	c2
3.4440074939247e-273	0.7380975364799	0.761	0.618	1.15505123331247e-268	CSRNP1	c2
5.42105281473886e-266	-4.24774243091049	0.026	0.217	1.81811269300712e-261	GZMH	c2
5.88467269595791e-262	0.705988444514721	0.827	0.716	1.97360152877036e-257	PTGER4	c2
2.11017049732875e-261	-1.57571305632181	0.299	0.517	7.07708981394118e-257	PRF1	c2
5.22445316761078e-261	-5.55990834158948	0.004	0.182	1.7521771033533e-256	PECAM1	c2
1.06103733894077e-260	-0.883643563190436	0.515	0.714	3.55850702733956e-256	RGS1	c2
6.9030153777997e-258	-6.76808344121366	0.002	0.176	2.31513329740646e-253	ENTPD1	c2
1.13536555542278e-256	1.86605417217615	0.188	0.066	3.80778899977694e-252	MZF1-AS1	c2
1.68080607740185e-255	1.53826510862299	0.226	0.089	5.63708742239033e-251	IGFBP3	c2
3.11434957438699e-255	1.4103634817428	0.246	0.102	1.04449056025791e-250	CCR2	c2
4.00533627302989e-252	-3.5740666267604	0.032	0.22	1.34330967924876e-247	XCL2	c2
1.28705459534283e-247	-3.09182208543202	0.023	0.207	4.3165237018608e-243	IL21R	c2
7.56119074608317e-247	-2.81690673875942	0.035	0.223	2.53587215242137e-242	TOX	c2
4.62596918460487e-246	-0.448173864842047	0.95	0.966	1.55145754513278e-241	CD3D	c2
1.35703258164058e-245	-0.731279151275345	0.578	0.756	4.55121587230619e-241	GYPC	c2
5.03193105584671e-245	1.10698428899093	0.657	0.499	1.68760903750987e-240	GADD45B	c2
5.70065034274781e-242	-0.418326126906464	0.973	0.979	1.91188411195076e-237	CORO1A	c2
3.53920897538092e-241	-0.653167273705002	0.744	0.854	1.18697990616325e-236	LIMD2	c2
3.10953244319317e-240	-0.385503465568267	0.971	0.977	1.04287499079812e-235	RAC2	c2
4.72273534652678e-237	-3.51356591570545	0.017	0.19	1.58391098051815e-232	CD244	c2
3.41162714286966e-236	0.473163209479923	0.892	0.771	1.14419151117563e-231	S100A11	c2
3.7513595772385e-236	-0.881153110198935	0.545	0.722	1.25813097501425e-231	CTSC	c2
5.17288454023313e-235	0.867975584185608	0.666	0.53	1.73488201710339e-230	TTC39C	c2
1.42094733344872e-234	0.226676018667222	0.999	0.997	4.76557316692033e-230	RPS18	c2
4.14737152332126e-234	-3.9725372986552	0.017	0.187	1.39094546149148e-229	HLA-DQB1	c2
7.67798064153985e-234	0.25433607079441	1	0.997	2.57504114755963e-229	EIF1	c2
1.17076275321043e-229	-2.73390456016549	0.048	0.231	3.92650412171714e-225	CLIC3	c2
2.2308400554177e-229	0.254359730617214	0.999	0.996	7.48179137785988e-225	RPLP0	c2
8.62115113008042e-229	-0.439726111316999	0.89	0.932	2.89136166600637e-224	ARPC3	c2
2.8815748097531e-228	0.190758726643751	0.999	0.998	9.66422559694993e-224	RPL11	c2
2.26035923636115e-227	-0.620940264581146	0.76	0.85	7.58079280690804e-223	PSMB9	c2
2.97634054017168e-226	-0.381113396713115	0.984	0.988	9.9820509036278e-222	CFL1	c2
3.56515047300517e-224	-2.51862464518036	0.048	0.231	1.19568016563647e-219	HLA-DMA	c2
1.96610018607751e-221	-1.55947106933669	0.161	0.374	6.59390680406676e-217	BATF	c2
5.23308668130644e-220	-1.65371200483344	0.129	0.331	1.75507261117655e-215	C12orf75	c2
1.09725793616227e-219	-4.98087757732722	0.007	0.162	3.67998366630101e-215	SELL	c2
5.90999868298885e-218	-0.763723300281816	0.472	0.672	1.9820953583008e-213	CSK	c2
1.91059332431746e-217	-1.37230270956438	0.29	0.495	6.40774789109591e-213	GBP5	c2
2.50165735818679e-217	0.852824417078521	0.513	0.333	8.39005844788685e-213	PTGER2	c2
3.20476172088692e-216	-0.31748385554342	0.989	0.989	1.07481298595105e-211	ARHGDIB	c2
1.42086553384584e-215	-0.361759639611916	0.999	0.998	4.76529882741217e-211	HLA-A	c2
1.74488328430516e-215	-0.973097783296931	0.367	0.578	5.85198955890263e-211	IL2RB	c2
1.12520801941732e-214	-1.65944484269959	0.118	0.316	3.77372265552181e-210	AOAH	c2
6.18118131512759e-214	1.20866018760979	0.291	0.144	2.07304458946749e-209	SSBP2	c2
3.07058420753863e-212	-1.76632511781818	0.228	0.428	1.02981253152431e-207	LAG3	c2
1.13085427469338e-211	0.504802911414152	0.988	0.964	3.79265906646666e-207	ZFP36L2	c2
2.71790370258424e-210	0.20401295808706	0.999	0.996	9.11530543772703e-206	RPLP2	c2
2.42661544030266e-208	-2.06306535725685	0.091	0.273	8.13838286368707e-204	TMIGD2	c2
4.52485305588558e-207	0.190145975387248	0.999	0.996	1.51754521788291e-202	RPS13	c2
9.29201668187625e-206	-5.01086983126323	0.004	0.15	3.11635655476766e-201	ZEB2	c2
5.17081841092849e-205	0.296776176509633	0.985	0.975	1.7341890786572e-200	ITM2B	c2
5.24998971441717e-205	-1.79259748454136	0.082	0.267	1.76074155042123e-200	GABARAPL1	c2
5.91719665763665e-202	-0.674855170501605	0.553	0.715	1.98450941503818e-197	WDR1	c2
4.36083456376363e-201	-6.80497707079531	0.003	0.143	1.46253669599505e-196	CRTAM	c2
1.32277395937659e-200	-4.04494564567888	0.03	0.186	4.43631930495721e-196	GNLY	c2
2.83960385111761e-200	1.19629762376892	0.425	0.269	9.52346339587826e-196	NR4A3	c2
1.56751088314139e-199	0.201333629971441	0.999	0.996	5.25711799987959e-195	RPL35A	c2
2.54706844677724e-199	1.46951687652487	0.205	0.087	8.5423581568015e-195	PLCB1	c2
2.90254206489877e-199	-1.09427140657021	0.307	0.506	9.73454557725749e-195	GBP2	c2
4.630739627132e-199	0.601187628948603	0.875	0.805	1.55305745614753e-194	SLC2A3	c2
7.40439650257738e-199	1.09722481626756	0.353	0.203	2.4832864990344e-194	NFKBID	c2
1.23175470352904e-198	-0.705649806785598	0.545	0.715	4.13105892469568e-194	C9orf16	c2
1.27863915485506e-198	1.31181958835623	0.244	0.114	4.28829999755291e-194	DHRS3	c2
1.80813374602259e-198	-8.38275741692368	0.001	0.139	6.06411895741057e-194	KLRC3	c2
1.10159613297763e-197	0.668810143193439	0.725	0.595	3.69453311078037e-193	SCML4	c2
1.05892365140148e-196	-0.446683618109628	0.997	0.995	3.55141814207027e-192	TMSB10	c2
6.83015681825563e-195	0.694766861727468	0.678	0.552	2.29069799370657e-190	JUND	c2
1.09770720287125e-194	0.966228574639166	0.352	0.195	3.68149041698961e-190	PLAC8	c2
1.56175700836904e-193	-1.34795020255354	0.152	0.348	5.23782065466807e-189	ASB2	c2
1.57552536234294e-192	-6.28260381406937	0.003	0.139	5.28399696022575e-188	HLA-DRB5	c2
1.31950106158497e-188	-0.665315884155644	0.586	0.727	4.42534266034366e-184	PSMB8	c2
4.92056167959297e-188	0.23661105352325	0.997	0.99	1.65025797610189e-183	RPL35	c2
5.43656822382094e-187	-5.71438825858298	0.003	0.136	1.82331625090507e-182	TOX2	c2
1.6984845081923e-185	0.375470947355176	0.957	0.883	5.69637734357533e-181	IFITM2	c2
2.87138743597932e-185	-4.92252841029884	0.004	0.136	9.63005918278745e-181	JAKMIP1	c2
2.90568243863282e-185	-1.5443148494533	0.12	0.303	9.74507776268674e-181	PTTG1	c2
3.62568717221461e-185	-2.80663265132935	0.077	0.238	1.21598296381734e-180	GZMK	c2
8.69692160949656e-185	-5.76708452515489	0.006	0.138	2.91677356939296e-180	ZNF683	c2
1.48319856133743e-184	-8.40729159768263	0.001	0.13	4.97435133501347e-180	KLRC2	c2
4.55285388161387e-184	-0.536420086282014	0.7	0.806	1.52693613481566e-179	PPP1CA	c2
3.18264908061553e-183	0.161318552152413	0.999	0.997	1.06739684865684e-178	RPL19	c2
2.03239678521152e-181	0.305248105370055	0.969	0.959	6.8162523382424e-177	TOMM7	c2
2.52240767497979e-180	-0.671230958247754	0.519	0.676	8.45965086034721e-176	COX5A	c2
1.48115194666094e-177	-3.24611540851187	0.012	0.145	4.96748739871145e-173	CCL3	c2
3.33348797012677e-177	1.24619507153508	0.23	0.108	1.11798519542112e-172	SPART	c2
3.55465004362756e-177	0.520553738329636	0.898	0.862	1.19215853163181e-172	MCL1	c2
4.18504041438172e-177	-4.57938306181123	0.005	0.134	1.40357885417534e-172	TNIP3	c2
2.78345271472466e-174	0.735069290114716	0.803	0.696	9.33514371464355e-170	NFKBIA	c2
1.03399211022028e-173	-3.13781379013718	0.014	0.148	3.46780273925676e-169	GPR34	c2
1.10567293760208e-172	-5.53339910349407	0.003	0.126	3.70820589812986e-168	KLRK1	c2
2.3690972284109e-172	0.201380585468293	0.998	0.994	7.94547828464448e-168	RPL17	c2
2.67666541774443e-172	1.01376424964253	0.351	0.207	8.97700047803127e-168	SORL1	c2
1.56822956483314e-171	-3.69472669144653	0.015	0.146	5.25952831453739e-167	PLEK	c2
2.71473691378065e-170	-0.212021527394446	1	0.999	9.10468466143754e-166	TMSB4X	c2
1.16046183868493e-168	-2.01484943083811	0.05	0.2	3.8919569145815e-164	NDFIP2	c2
1.07837210567747e-167	0.178975638133869	1	0.997	3.61664436802112e-163	RPS28	c2
2.69155486235781e-167	0.280339659065695	0.981	0.881	9.02693669737562e-163	S100A4	c2
3.98683128720445e-167	0.211229704242202	0.999	0.995	1.33710347710263e-162	RPS21	c2
6.76847369734782e-167	0.801984915750656	0.753	0.667	2.27001070861651e-162	TUBA1A	c2
1.19434045381206e-166	2.21127140159502	0.134	0.049	4.00557901399487e-162	EDARADD	c2
1.45143287908562e-166	-6.22039419576011	0.003	0.123	4.86781558987735e-162	HLA-DQA1	c2
6.00797963031106e-164	0.216176998645527	0.995	0.993	2.01495620841372e-159	RPSA	c2
5.07924995258975e-163	0.181180734078336	0.999	0.996	1.70347884909955e-158	RPL14	c2
1.89480300843529e-162	-1.0430041883829	0.287	0.469	6.35479032969027e-158	LITAF	c2
5.08769253290329e-162	0.168390688392408	0.999	0.997	1.70631032168511e-157	RPL18	c2
2.83750147480702e-161	-5.23324670480366	0.004	0.12	9.51641244620778e-157	IKZF2	c2
9.28142749997198e-161	-7.58523396991285	0.002	0.116	3.1128051549406e-156	KIR2DL4	c2
1.95180455869374e-160	0.271063201535886	0.985	0.973	6.54596212894707e-156	RPL38	c2
1.3148937157143e-159	-0.378842428422695	0.857	0.913	4.40989054376262e-155	SUMO2	c2
2.70720857830143e-159	-1.30831795423541	0.135	0.308	9.07943612990735e-155	GBP4	c2
1.00053903172516e-158	-0.382408654686186	0.848	0.912	3.35560780459986e-154	YWHAB	c2
7.01373313215677e-158	-0.585024631255522	0.718	0.804	2.35226581786274e-153	PSME2	c2
1.37597342495862e-157	-0.626574762461725	0.627	0.748	4.61473967262621e-153	SLC25A5	c2
1.84425418180566e-157	-0.50723144037997	0.891	0.935	6.18525967493982e-153	HMGB1	c2
3.48886790829008e-157	0.479453476466916	0.837	0.735	1.17009651908233e-152	TXNIP	c2
3.78281321083303e-157	2.26118371252911	0.108	0.036	1.26867989464918e-152	NLRP3	c2
3.09460125762329e-156	-0.963745858540636	0.259	0.447	1.0378673697817e-151	FLNA	c2
4.64014069572373e-156	0.709837860550465	0.16	0.065	1.55621038653182e-151	SLC40A1	c2
1.529557264533e-155	-0.535455491399868	0.64	0.768	5.12982915379079e-151	PARK7	c2
8.14797455478037e-155	-0.89411397693615	0.23	0.423	2.73266770618224e-150	FDFT1	c2
1.19854133069704e-154	0.551572717694949	0.587	0.431	4.01966791489174e-150	LGALS3	c2
1.8780751122003e-154	0.191254208808164	0.996	0.992	6.29868831129737e-150	RPS5	c2
2.00840777111826e-154	0.4362589195094	0.999	0.996	6.73579798277644e-150	FTH1	c2
4.68699446878381e-154	0.183558212496428	0.998	0.995	1.57192420494071e-149	RPL23A	c2
2.59394668725759e-153	-1.05813226535615	0.291	0.466	8.6995783997245e-149	APOBEC3G	c2
5.20758129501318e-153	-0.390105703693269	0.882	0.922	1.74651861472152e-148	YBX1	c2
1.79897230441625e-152	1.26561494883555	0.266	0.144	6.0333933145512e-148	LMNA	c2
2.96879945312959e-152	-0.822674169833725	0.394	0.56	9.95675960590601e-148	ABI3	c2
5.03535363284545e-151	-0.378979603286757	0.854	0.909	1.68875690138371e-146	LCK	c2
5.69281550979436e-151	-1.14417193171124	0.136	0.309	1.90925646567483e-146	B3GNT2	c2
3.01493121375664e-149	-0.5881161314279	0.532	0.703	1.0111476304697e-144	RHOH	c2
3.05127657793583e-149	-0.691983200269515	0.267	0.453	1.02333713870812e-144	CCL4	c2
4.80039985466727e-149	-0.936784267883676	0.278	0.459	1.60995810325831e-144	IKZF3	c2
2.08092198198327e-148	-0.62222334464869	0.659	0.767	6.97899614317548e-144	CNN2	c2
6.2179652203861e-148	-0.560447240740293	0.858	0.892	2.08538117561309e-143	RARRES3	c2
4.73588832847989e-147	-2.0880570970624	0.052	0.189	1.58832222760559e-142	CEBPD	c2
2.0361490390676e-146	-0.823778033720681	0.444	0.589	6.82883664722493e-142	IDH2	c2
2.73822057533497e-146	-1.45813100924345	0.085	0.236	9.18344416555841e-142	RAB37	c2
3.6646415200452e-146	-0.307244705877365	0.946	0.966	1.22904747299276e-141	OAZ1	c2
5.23835882513829e-146	-2.97043552915634	0.015	0.13	1.75684078277488e-141	SYT11	c2
9.57654893140234e-146	-1.00175457738116	0.217	0.396	3.21178298061372e-141	DNPH1	c2
1.03846101450277e-145	-0.343454192108191	0.989	0.985	3.4827905504394e-141	SH3BGRL3	c2
1.19301100006703e-145	-1.74006564548981	0.056	0.194	4.00112029202479e-141	CD84	c2
2.447829004125e-145	-0.690049679084986	0.615	0.723	8.20952891403441e-141	ALOX5AP	c2
2.51407816970938e-145	0.269074122195937	0.96	0.926	8.43171536557131e-141	FXYD5	c2
1.55118791916316e-144	-0.569925527356423	0.532	0.683	5.20237404328942e-140	DBI	c2
3.36383731891612e-144	0.191612940641702	0.997	0.992	1.12816376001809e-139	RPL21	c2
4.95008218812401e-144	-1.38017063606124	0.078	0.224	1.66015856425303e-139	CCL4L2	c2
8.66434714186739e-144	0.187562194431774	1	0.998	2.90584874443949e-139	RPS19	c2
3.28795852845484e-142	-0.389255927136868	0.895	0.927	1.10271553127318e-137	LSP1	c2
4.82911332843702e-142	-1.62363999847446	0.075	0.219	1.61958802809121e-137	LYST	c2
5.88491143836573e-142	-0.738564302265593	0.321	0.508	1.9736815981991e-137	ARPC5L	c2
7.2174997480561e-141	-0.872237623419815	0.217	0.4	2.42060506550305e-136	CCDC69	c2
1.08231374814554e-140	-4.14407610472414	0.007	0.113	3.62986384853053e-136	FCRL6	c2
3.65924329553588e-140	0.466552135415385	0.669	0.491	1.22723701645682e-135	RPS4Y1	c2
7.0579806089906e-140	-1.86082905476824	0.046	0.177	2.36710553664327e-135	SMCO4	c2
1.26647494047163e-139	0.159995973724556	0.999	0.996	4.24750365535375e-135	RPS6	c2
5.63027617687996e-139	-1.03824040289028	0.167	0.337	1.888282024202e-134	MTHFD2	c2
6.87201015988889e-138	-2.56324097407556	0.018	0.131	2.30473476742353e-133	MYL6B	c2
7.32659093353039e-138	0.137975328288449	1	0.998	2.45719206728742e-133	RPL13	c2
2.71011276703224e-136	-0.79477767934344	0.363	0.535	9.08917619807272e-132	PTPN22	c2
3.24103582975716e-136	-1.38023635509752	0.142	0.295	1.08697859658396e-131	PTMS	c2
1.68871656408781e-135	-1.78134891988386	0.066	0.201	5.6636176126377e-131	SMC4	c2
1.82357815178632e-135	0.848986205708746	0.721	0.641	6.11591640546096e-131	CITED2	c2
3.31776210659795e-135	-0.52891386217727	0.617	0.737	1.11271105531082e-130	PSMB10	c2
3.89814680047961e-135	-0.763605017549476	0.342	0.527	1.30736047394485e-130	CARD16	c2
4.58565117408457e-135	-0.670380118400695	0.459	0.621	1.53793569076448e-130	ARHGAP9	c2
5.63017043874819e-135	-1.6442564432391	0.055	0.187	1.88824656174737e-130	GPR18	c2
8.36613095375142e-134	-1.25390986153177	0.107	0.257	2.80583299926915e-129	TRIB2	c2
9.64454494647055e-134	-1.05192409767813	0.222	0.386	3.23458748414729e-129	GBP1	c2
3.29159911485161e-133	-2.4718923424652	0.023	0.136	1.10393651113893e-128	DAPK2	c2
3.98401262282672e-133	0.861144624805381	0.416	0.291	1.33615815344363e-128	ARL4A	c2
4.72838538104932e-133	1.10478501771542	0.374	0.26	1.58580588909632e-128	NEU1	c2
7.34104034461702e-133	-0.615381965564912	0.471	0.64	2.46203811077765e-128	PRKCH	c2
3.77005032454308e-132	-2.54795927396437	0.03	0.145	1.26439947784526e-127	CHI3L2	c2
9.71458060257399e-132	-2.54300137239151	0.031	0.146	3.25807604249127e-127	HAVCR2	c2
3.02310478819284e-131	-0.636808088332772	0.354	0.539	1.01388888386412e-126	UQCRFS1	c2
3.67167787481149e-129	-0.978053915932402	0.368	0.52	1.23140732565428e-124	MT2A	c2
1.87328001862896e-128	-0.324158220120254	0.963	0.977	6.28260652647781e-124	PTPRC	c2
2.52458418383686e-128	0.332634750560147	0.853	0.738	8.46695043575206e-124	EMP3	c2
4.71581488466293e-128	-1.57852557831537	0.073	0.208	1.58158999601825e-123	KPNA2	c2
5.51316491549841e-128	-0.529008543547698	0.601	0.726	1.84900524935986e-123	PPP1R18	c2
1.31448567603162e-127	-0.559804226648562	0.587	0.713	4.40852206027484e-123	ZYX	c2
2.59405536772426e-127	0.177854128909316	0.996	0.991	8.69994289227361e-123	RPL10A	c2
6.90538099326997e-127	-1.62955350046758	0.069	0.199	2.31592667752288e-122	TESC	c2
2.42282034777433e-126	-1.16532963169557	0.166	0.321	8.12565488236554e-122	LDLRAD4	c2
2.95151852025783e-126	-0.235063969402963	0.983	0.987	9.89880281324072e-122	SERF2	c2
3.46808552468667e-126	-0.81562767574796	0.25	0.422	1.16312652326942e-121	RAB27A	c2
4.24789114727643e-126	-6.6554710321818	0.001	0.092	1.42465773297357e-121	CD248	c2
7.02097112401923e-126	-4.07865445921792	0.004	0.099	2.35469329557357e-121	CDCA7	c2
2.26839640270054e-125	-0.582141142145924	0.409	0.582	7.60774785537708e-121	PPP4C	c2
1.80566587075025e-124	0.695529761700628	0.423	0.292	6.05584219732218e-120	TIMP1	c2
2.07549394240538e-123	0.167131653223283	0.997	0.994	6.96079158403915e-119	RPL5	c2
2.29722093159038e-123	-2.44853738559287	0.018	0.123	7.70441956036782e-119	HAPLN3	c2
4.16997679061768e-123	-7.89469676050192	0	0.089	1.39852681603736e-118	AC068775.1	c2
1.01253505417504e-122	-4.90999044842047	0.002	0.093	3.39584006469224e-118	NPDC1	c2
1.56143458300922e-122	-0.643037968621096	0.5	0.638	5.23673930449631e-118	TAP1	c2
3.80525505708521e-122	-4.13664999076078	0.006	0.098	1.27620644104524e-117	DBN1	c2
7.44332674852625e-122	-0.280235190747297	0.926	0.948	2.49634292492074e-117	RHOA	c2
1.18720508945558e-121	-0.417632423123716	0.817	0.872	3.98164842901611e-117	SUB1	c2
2.14641408852106e-121	-0.552167788287668	0.571	0.705	7.19864357008194e-117	FYN	c2
2.32998290020053e-121	0.68376215767353	0.503	0.382	7.81429665069252e-117	INPP4B	c2
2.61311966766639e-121	0.220311997509749	0.977	0.968	8.76388074141955e-117	EEF1G	c2
3.93935669445966e-121	-0.334694368306905	0.91	0.929	1.32118144818788e-116	CLIC1	c2
1.30384892888806e-120	-2.11047561014012	0.028	0.136	4.37284853770477e-116	AC090152.1	c2
5.0203406317081e-120	-0.462054798125895	0.66	0.77	1.68372184106226e-115	ATP5MC3	c2
5.34360879280768e-120	0.306503604071156	0.921	0.876	1.79213951693184e-115	RPL36A	c2
6.15450973647484e-120	-3.41614175764142	0.007	0.099	2.06409947541893e-115	GEM	c2
8.76502960066558e-120	-0.447098557089597	0.698	0.796	2.93961562747122e-115	SLC9A3R1	c2
1.06121991593347e-119	-1.02693383195481	0.178	0.332	3.55911935405766e-115	ARID5B	c2
2.42454635762266e-119	0.465459162148869	0.756	0.677	8.13144357419489e-115	SAMSN1	c2
2.87090608896789e-119	-0.522154866808193	0.506	0.651	9.6284448411805e-115	PSMB3	c2
3.98506557415208e-119	-0.500274628971093	0.634	0.739	1.33651129225912e-114	FKBP1A	c2
1.43078371101965e-118	-1.22837485922923	0.098	0.234	4.79856241001771e-114	BCAS4	c2
3.01824467597498e-118	0.566725137773379	0.663	0.59	1.01225889942849e-113	ARHGAP15	c2
6.18298740785543e-118	-6.73740298036388	0.001	0.086	2.07365031684655e-113	LAYN	c2
7.25327968230145e-118	-0.689961820185514	0.272	0.448	2.43260493985026e-113	MIEN1	c2
9.61565918547773e-118	0.161032305485382	0.998	0.994	3.22489977762552e-113	RPS16	c2
1.38910017722626e-117	-0.700586669051498	0.414	0.572	4.65876417438143e-113	ITGA4	c2
4.44795369339805e-117	-0.68580647144813	0.415	0.564	1.49175470969184e-112	SIRPG	c2
6.25399171209604e-117	-0.366035897978828	0.768	0.852	2.09746374040277e-112	HCLS1	c2
8.05031378357864e-117	-0.719499277735094	0.32	0.486	2.6999142367366e-112	LIMS1	c2
9.96227349224081e-117	-0.561478871885309	0.445	0.607	3.34114728382772e-112	FAM49B	c2
1.12396882727568e-116	-0.671651250604384	0.29	0.466	3.76956665291716e-112	RBCK1	c2
1.71018276001585e-116	-0.668652822556646	0.545	0.672	5.73561094054116e-112	ISG20	c2
1.02906381639305e-115	-1.16478937194665	0.102	0.238	3.451274227419e-111	PLA2G16	c2
6.71013825856263e-115	-0.24131632662478	0.999	0.998	2.25044616915673e-110	HLA-C	c2
8.08633256617154e-114	-0.326822332266237	0.873	0.917	2.71199421604261e-109	CHCHD2	c2
1.12717745524801e-113	0.938567551587274	0.242	0.136	3.78032774941076e-109	TNFSF13B	c2
1.87962422582109e-113	-0.971387511940275	0.126	0.27	6.30388372855877e-109	USP11	c2
6.3234082197392e-113	-0.821987865382603	0.721	0.751	2.12074464873613e-108	CST7	c2
6.76838467132551e-113	-2.11311120549065	0.027	0.13	2.26998085106915e-108	BCL2L11	c2
3.4676977749818e-112	-0.365522809614179	0.786	0.852	1.1629964797734e-107	CAPZB	c2
2.70596483770812e-111	-5.03853852828721	0.002	0.085	9.0752648727055e-107	PLCG2	c2
4.00340634902213e-111	-0.395283739309813	0.723	0.817	1.34266242133504e-106	CAP1	c2
1.21236165101802e-110	-0.999229900314988	0.302	0.443	4.06601850518424e-106	CXCR6	c2
1.36425142483492e-110	-0.220096841729418	0.982	0.984	4.57542642861134e-106	ATP5F1E	c2
1.42449265630926e-110	-0.972498973923658	0.145	0.292	4.77746347072999e-106	NAMPT	c2
1.07437910055185e-109	0.243279613456266	0.983	0.975	3.60325262743081e-105	DDX5	c2
1.27265201960118e-109	-0.983473950842116	0.148	0.294	4.26822034333845e-105	EPSTI1	c2
4.34289440776445e-109	-0.880570836058891	0.145	0.294	1.45651992647604e-104	MAD2L2	c2
6.61367154546387e-109	0.144448526656879	1	0.999	2.21809316291767e-104	MALAT1	c2
2.78503918309768e-108	-0.767519774105654	0.388	0.529	9.340464412273e-104	CYTOR	c2
3.43653104253223e-108	0.808174502207486	0.536	0.423	1.15254378104446e-103	PHLDA1	c2
4.4994040581966e-108	-0.503628196385442	0.472	0.621	1.50901013303798e-103	PSMA5	c2
7.15869453090359e-108	0.262298640318737	0.975	0.969	2.40088297177445e-103	PNRC1	c2
1.13699325132884e-107	0.162889667830966	0.999	0.995	3.81324796630667e-103	RPL36	c2
1.32565129973635e-107	-2.47521030606592	0.02	0.113	4.44596932905575e-103	MT1E	c2
2.05904732325785e-107	1.3927420880724	0.261	0.163	6.90563291274217e-103	TSC22D2	c2
2.70956425868599e-107	-0.397685089728898	0.658	0.769	9.08733661078107e-103	BRK1	c2
5.06176710384095e-107	-1.99449658354993	0.024	0.121	1.69761545128618e-102	CDKN2A	c2
2.43182270190721e-106	-3.79834964381315	0.005	0.087	8.15584697765641e-102	MIR181A1HG	c2
4.3273881020158e-106	-0.43818801387167	0.612	0.729	1.45131942165406e-101	ATP5MF	c2
5.4227716230276e-106	-3.30279893504014	0.01	0.096	1.818689146931e-101	S1PR1	c2
7.24724333853987e-106	-0.599392925163232	0.372	0.538	2.4305804708795e-101	CASP4	c2
1.14198974199408e-105	-0.56447664085751	0.351	0.526	3.83000519669975e-101	ARID4B	c2
1.89526956452664e-105	0.95930982025075	0.554	0.439	6.35635506550943e-101	HSPA1B	c2
3.55668840812457e-105	-2.13326530156843	0.022	0.116	1.19284215831682e-100	P2RY11	c2
4.57777925007456e-105	-1.08778664374162	0.095	0.223	1.53529560489e-100	PLSCR1	c2
1.24034293284772e-104	-1.13588462074095	0.094	0.221	4.15986212818468e-100	CARS	c2
2.14130507183847e-104	-1.5127896663201	0.047	0.155	7.18150894993185e-100	SH3BP5	c2
2.84646649729647e-104	0.299033807337274	0.903	0.868	9.5464793386329e-100	CD48	c2
6.55020648251047e-104	-0.384347919369324	0.98	0.97	2.19680825010436e-99	CD52	c2
1.64754256667211e-103	-5.54454119696946	0.002	0.078	5.52552826010492e-99	YBX3	c2
2.43334557222913e-103	0.12803921771477	0.998	0.997	8.16095438014207e-99	FAU	c2
3.64218420372565e-103	-2.46981087412499	0.015	0.102	1.22151573824551e-98	SCCPDH	c2
3.78716444000871e-103	-0.686022761607413	0.774	0.847	1.27013920989012e-98	HMGN2	c2
7.80640200547316e-103	-5.91715919387562	0.001	0.077	2.61811110459559e-98	ADGRG1	c2
8.29595645698264e-103	-0.849886496020924	0.213	0.361	2.78229787654284e-98	SLA2	c2
1.40879654152144e-102	0.94709312377693	0.25	0.15	4.7248218409546e-98	SORBS3	c2
2.38166019647251e-102	0.133794652411044	0.999	0.996	7.9876119669295e-98	RPL37	c2
4.8374989832074e-102	-2.06698604980753	0.012	0.097	1.6224004089881e-97	CCL3L1	c2
8.89136588741971e-102	-0.819129008263607	0.149	0.292	2.98198629132282e-97	RPS6KA1	c2
1.17356938879851e-101	-0.63777096713348	0.267	0.43	3.93591701615243e-97	C11orf98	c2
1.56100476415793e-101	-0.580009215145498	0.353	0.515	5.23529777803285e-97	PPM1G	c2
4.65177867134978e-101	0.117600161244083	0.999	0.998	1.56011353079729e-96	RPS8	c2
6.37470163097087e-101	-0.444757743389775	0.56	0.696	2.13794743299501e-96	SEM1	c2
7.93852574418804e-101	0.765641860645665	0.274	0.167	2.66242276408578e-96	MAL	c2
4.19880525939492e-100	-1.11831723383693	0.096	0.219	1.40819530789587e-95	CKAP2	c2
7.04407149529164e-100	0.709085223932959	0.416	0.308	2.36244069809091e-95	ERN1	c2
7.14200601054366e-100	-0.369095935498337	0.754	0.831	2.39528597581613e-95	ACTR3	c2
9.65582555942728e-100	0.23568346667876	0.963	0.949	3.23837077612072e-95	RPL27A	c2
1.7757264387162e-99	-1.36259388061866	0.061	0.17	5.95543133016641e-95	LIMA1	c2
2.60790117467114e-99	1.22458163559781	0.169	0.088	8.74637895961207e-95	CYB561	c2
2.68757835394989e-99	0.878655976618371	0.336	0.22	9.01360028347712e-95	AREG	c2
3.29910200635633e-99	-0.678328573085821	0.229	0.386	1.10645283089179e-94	TSPAN14	c2
3.43840779509211e-99	-0.56865964266728	0.36	0.52	1.15317320631799e-94	CLTA	c2
7.14440763645262e-99	0.946025796161474	0.228	0.133	2.39609143311348e-94	DPP4	c2
8.8592892969762e-99	-1.17002909209819	0.113	0.238	2.97122844441988e-94	CDC25B	c2
1.49145150649886e-98	0.134197510561699	0.999	0.997	5.00203006249586e-94	RPS24	c2
1.620476023788e-98	-0.692615909795496	0.179	0.332	5.4347524885802e-94	YIPF3	c2
1.63062035005108e-98	-1.69102870624515	0.069	0.177	5.4687745300013e-94	XCL1	c2
5.64162775843946e-98	-0.4829259424711	0.567	0.695	1.89208911762542e-93	IL2RG	c2
5.90785634978092e-98	-0.537506061152275	0.49	0.623	1.98137686258953e-93	UBE2L6	c2
8.56281220580558e-98	-0.597588579069118	0.537	0.664	2.87179595758308e-93	RNF213	c2
1.09193177262837e-97	1.32344662210487	0.156	0.079	3.66212077904102e-93	HYI	c2
1.41173341556508e-97	-0.965743573406411	0.105	0.231	4.73467152912215e-93	SAMD9L	c2
1.90500502918575e-97	-0.532015717691264	0.405	0.566	6.38900586688317e-93	SCAND1	c2
1.97525893428588e-97	0.573772853792327	0.895	0.859	6.62462341380797e-93	DNAJB1	c2
3.45845298953906e-97	-6.95278908722026	0.001	0.072	1.15989596363161e-92	AKAP5	c2
5.52824019270212e-97	-0.935144185987929	0.139	0.272	1.85406119582844e-92	FAM173A	c2
9.12785716388584e-97	-0.683517380349131	0.26	0.411	3.06130073562403e-92	PSMA4	c2
1.94452585808139e-96	-0.524871084372631	0.685	0.776	6.52155082283336e-92	PKM	c2
3.09650512825727e-96	-0.961014030808336	0.164	0.294	1.03850588991492e-91	FASLG	c2
5.58029452251274e-96	0.479819420050673	0.83	0.807	1.87151917696032e-91	TAGAP	c2
6.58453459329067e-96	2.21974608674556	0.047	0.012	2.20832121189783e-91	EMP1	c2
1.44754632686028e-95	1.65492188422098	0.09	0.035	4.85478087102401e-91	PHLDA2	c2
1.63085586422472e-95	-0.449848223916236	0.501	0.642	5.46956439743687e-91	RTRAF	c2
3.46922039560129e-95	-1.69675477116578	0.042	0.141	1.16350713627676e-90	PLPP1	c2
6.19331491535459e-95	-2.62026705855956	0.027	0.114	2.07711395631162e-90	TBC1D4	c2
7.18107250947801e-95	-0.634447276877173	0.258	0.413	2.40838809822874e-90	GTF3C6	c2
1.2412383276997e-94	-0.479635336947162	0.582	0.694	4.16286510343925e-90	DYNLL1	c2
3.31532299297337e-94	-0.135434371378146	1	1	1.11189302538341e-89	B2M	c2
3.71800807586333e-94	-0.479035517132465	0.592	0.699	1.24694554848304e-89	NME2	c2
6.115660302083e-94	-3.7903679903784	0.006	0.08	2.0510701521126e-89	ATP8B4	c2
2.15011291979841e-93	1.4264267030588	0.187	0.105	7.21104871041991e-89	EGR2	c2
4.02763757654071e-93	0.919545463461198	0.297	0.2	1.35078909042022e-88	CD200R1	c2
1.73540235759768e-92	-0.62324098329972	0.322	0.48	5.8201924269111e-88	CFLAR	c2
1.77295295625501e-92	-0.50674411046763	0.383	0.543	5.94612962468805e-88	NDUFS8	c2
3.78422945442871e-92	-0.730960293429929	0.219	0.367	1.2691548744263e-87	CTSA	c2
4.12278840804559e-92	-0.562309037312209	0.353	0.508	1.38270077629033e-87	LSM2	c2
4.40591898242452e-92	-0.27969064570215	0.916	0.942	1.47765710832553e-87	PSME1	c2
4.71208383203012e-92	-2.45616415773468	0.016	0.097	1.58033867558626e-87	NINJ2	c2
2.07851660524595e-91	-0.485744752758183	0.445	0.597	6.97092899067386e-87	AKAP13	c2
3.37831805327048e-91	-0.314060741880217	0.761	0.843	1.13302030870585e-86	ELOB	c2
3.76970089003538e-91	0.802870268540123	0.397	0.304	1.26428228450006e-86	PPP1R10	c2
9.09547389687282e-91	-2.66288399426847	0.012	0.088	3.05044003553321e-86	TOGARAM2	c2
1.12033614384402e-90	0.525581953825562	0.78	0.734	3.75738335922408e-86	DNAJA1	c2
2.25609893069009e-90	-5.05344867085712	0.002	0.069	7.56650459374842e-86	KLRC4	c2
3.18904746791956e-90	-0.535943559432167	0.39	0.539	1.06954273979086e-85	PRDX6	c2
4.2009793148068e-90	-0.706004055321797	0.156	0.293	1.40892444259991e-85	MRPS12	c2
5.11601980191185e-90	-0.627472262326538	0.213	0.364	1.7158107211652e-85	ASNA1	c2
5.36218587125968e-90	-0.432514825251491	0.502	0.644	1.79836989750307e-85	CSNK2B	c2
1.19090486902122e-89	-3.02345735344397	0.011	0.085	3.99405674972337e-85	NMUR1	c2
1.35204813896923e-89	-2.21248258622802	0.016	0.095	4.53449904847501e-85	EZH2	c2
1.38459543686797e-89	1.04476228332096	0.383	0.284	4.64365617616779e-85	RBKS	c2
1.49043444943183e-89	-0.672637881987546	0.242	0.391	4.99861905650446e-85	VOPP1	c2
3.93241586337624e-89	-2.29214316668358	0.025	0.108	1.31885363225912e-84	NCR3	c2
4.29254167702961e-89	-1.45049625679695	0.177	0.292	1.43963262764219e-84	KLF2	c2
4.63854149698377e-89	-0.785772115713333	0.159	0.292	1.55567404725842e-84	PPM1M	c2
5.03934454209451e-89	0.108772543097031	0.999	0.998	1.69009537252766e-84	RPS15A	c2
5.27379668251003e-89	-0.247702954675732	0.952	0.968	1.76872593138021e-84	H3F3A	c2
6.1594382252713e-89	-0.348889005861778	0.681	0.786	2.06575239199149e-84	ATP5F1D	c2
6.3019411962754e-89	-0.737425556754476	0.146	0.28	2.11354503840684e-84	CDV3	c2
7.95884455164388e-89	-0.762161823042775	0.153	0.287	2.66923728573032e-84	DCP2	c2
8.2357731538399e-89	-0.458728784173613	0.532	0.658	2.76211360033483e-84	PRELID1	c2
1.09685259934115e-88	-1.18124503731794	0.079	0.187	3.67862424767035e-84	LMNB1	c2
1.35284735835528e-88	-0.687060072915332	0.176	0.318	4.53717947045193e-84	OVCA2	c2
1.47744823722548e-88	-0.830036859040796	0.117	0.241	4.95506589800682e-84	BAK1	c2
2.23854591146873e-88	-0.695901709052068	0.214	0.358	7.50763527788382e-84	ARID5A	c2
2.4372023193091e-88	-5.94680988221035	0.002	0.068	8.17388913849887e-84	PCLAF	c2
2.68751542277574e-88	-1.04723603907961	0.068	0.173	9.01338922490529e-84	RAB33A	c2
2.85878652424012e-88	-0.238159763232415	0.927	0.949	9.58779824499651e-84	ATP5MG	c2
2.97468378059319e-88	-0.37629464818834	0.716	0.801	9.97649446335346e-84	COX8A	c2
3.66744342497048e-88	-1.12291840137733	0.065	0.169	1.2299871758666e-83	C16orf87	c2
4.6485246110366e-88	-0.333811881207047	0.731	0.818	1.55902218404945e-83	PSMA7	c2
4.66748602744489e-88	-0.685426898594954	0.276	0.419	1.56538146388447e-83	NUCB2	c2
6.62397241502422e-88	-0.812175061853819	0.173	0.303	2.22154786855082e-83	CARHSP1	c2
7.24842879300856e-88	-0.492461565261032	0.39	0.547	2.43097804859921e-83	SEC11A	c2
9.634597922194e-88	-0.540124149831761	0.328	0.484	3.23125145114542e-83	PIN1	c2
1.7795931182895e-87	-0.427170342547431	0.647	0.745	5.96839940011934e-83	PGAM1	c2
1.99099074723209e-87	0.130250861887146	1	0.998	6.67738476806697e-83	RPS27	c2
1.17648306026178e-86	-0.497941146823203	0.433	0.573	3.94568888750595e-82	PSMB6	c2
1.18571732932162e-86	-7.15653139036648	0.001	0.065	3.97665877907884e-82	MKI67	c2
1.24861360399652e-86	-0.262340274689271	0.893	0.923	4.18760030508352e-82	SLC25A6	c2
3.36920245927325e-86	-1.11626381457784	0.087	0.196	1.12996312079106e-81	FAM3C	c2
3.59333716837106e-86	-1.41973608620786	0.043	0.135	1.20513341952829e-81	PTPRJ	c2
1.01147526496815e-85	-0.41096472404985	0.616	0.723	3.39228574365019e-81	ARPC5	c2
1.11466485302576e-85	-0.550366548631304	0.391	0.546	3.73836298407778e-81	SYNGR2	c2
1.14127206509133e-85	-1.15580071144475	0.059	0.158	3.8275982519033e-81	FBXO6	c2
1.63602219256759e-85	-3.12568191416646	0.008	0.078	5.48689122943318e-81	PIK3AP1	c2
3.1027333581098e-85	0.461107208582526	0.693	0.639	1.04059471364287e-80	SNHG8	c2
3.12103975235564e-85	-0.600457775129897	0.244	0.39	1.04673431214503e-80	RNASEH2B	c2
3.25619830972543e-85	-4.31263639480236	0.004	0.069	1.09206378911571e-80	CD8B2	c2
4.25606775223497e-85	-0.576482786995136	0.314	0.464	1.42740000274456e-80	LASP1	c2
4.70550455365669e-85	-0.389521458632116	0.608	0.718	1.57813211720538e-80	GNG5	c2
7.80740076455567e-85	-0.470409996783701	0.501	0.634	2.61844606841668e-80	YWHAQ	c2
9.66283059807222e-85	-1.01764644305795	0.06	0.16	3.24072012598146e-80	IRF4	c2
3.93509701101875e-84	-1.53179273457842	0.036	0.123	1.31975283555547e-79	ZNRF1	c2
4.57676925472754e-84	-4.98155689034133	0.002	0.065	1.53495687265052e-79	CXXC5	c2
4.58173198983675e-84	0.170353553991964	0.989	0.982	1.53662127475145e-79	RPL27	c2
9.28433129917753e-84	-0.508178799383927	0.373	0.522	3.11377903111816e-79	RAB5IF	c2
1.44364201705704e-83	0.641147817821678	0.408	0.311	4.84168659680591e-79	DYNLT3	c2
1.47450045731323e-83	-0.46187600235746	0.472	0.604	4.94517963373712e-79	POMP	c2
1.6759349885631e-83	-0.283841431110137	0.826	0.883	5.62075076464291e-79	ALDOA	c2
1.79949063734179e-83	-0.463096399924441	0.606	0.711	6.03513169951689e-79	CLEC2B	c2
2.60403227805968e-83	0.235713354503148	0.905	0.837	8.73340345415654e-79	S100A10	c2
3.90908358800646e-83	-0.385637958956406	0.549	0.68	1.31102845374561e-78	ARF5	c2
4.69225613973703e-83	-0.29211526811944	0.817	0.879	1.573688864145e-78	GABARAP	c2
5.64308855546468e-83	-0.660349068849095	0.186	0.323	1.89257903973174e-78	STARD7	c2
7.14150387503721e-83	-0.588210980845685	0.282	0.429	2.39511756960998e-78	VAMP5	c2
7.34278686650013e-83	-0.448222189211224	0.523	0.654	2.46262385928681e-78	SASH3	c2
9.4624515326538e-83	-0.515061241705524	0.342	0.496	3.17351699502143e-78	SSBP4	c2
9.55877019042498e-83	-0.627444245427956	0.284	0.429	3.20582034646473e-78	RNF19A	c2
1.16891410409143e-82	-1.12483056880984	0.084	0.189	3.92030412230184e-78	WARS	c2
1.70965449818445e-82	-0.726827062208222	0.154	0.282	5.73383925601099e-78	SHMT2	c2
2.9477476478389e-82	-0.589421979716541	0.412	0.542	9.88615606132211e-78	ANXA5	c2
5.43762628791436e-82	-0.239154220829874	0.981	0.982	1.82367110444072e-77	MYL6	c2
8.0493484104075e-82	-0.50627997528896	0.345	0.498	2.69959046988247e-77	CDC42SE1	c2
8.77561810919632e-82	0.827625117457868	0.4	0.31	2.94316680146226e-77	BCL2A1	c2
1.57490296006955e-81	-0.757901841094863	0.364	0.497	5.28190954748125e-77	TNFRSF1B	c2
1.61939065898337e-81	-1.06042503138057	0.085	0.19	5.43111239209843e-77	NINJ1	c2
1.75267194910179e-81	-3.07760112822474	0.007	0.073	5.87811118289759e-77	GPR82	c2
1.79217074371622e-81	-0.677409271687074	0.206	0.343	6.01058224027546e-77	IFI35	c2
2.54430790882095e-81	-0.502761358217141	0.491	0.627	8.53309986460369e-77	TRAC	c2
3.81944780606654e-81	0.186063467854112	0.996	0.991	1.2809664051986e-76	MT-ND1	c2
4.38726426396579e-81	-5.67855389280022	0.002	0.063	1.47140068884885e-76	TNFRSF9	c2
5.35238548421794e-81	-0.279894842287732	0.823	0.877	1.79508304369701e-76	COX6A1	c2
6.93187638170628e-81	-0.763451495193726	0.14	0.263	2.32481270089665e-76	SNX20	c2
9.18263114833162e-81	0.436839243452317	0.604	0.512	3.07967083452746e-76	TC2N	c2
1.0940015500588e-80	-2.27023265761415	0.018	0.09	3.66906239858721e-76	CCR4	c2
1.48415121968139e-80	0.188733435767911	0.982	0.963	4.97754636056745e-76	MT-ND2	c2
2.07290880324971e-80	-0.415412090997359	0.512	0.643	6.95212154433888e-76	ATP5F1C	c2
2.52424929626369e-80	-0.676197351298168	0.13	0.252	8.46582728980916e-76	UBN1	c2
3.05850310719648e-80	-0.502951606244156	0.711	0.782	1.02576077209155e-75	CALR	c2
3.0688808578518e-80	-1.26973915817563	0.06	0.153	1.02924126210634e-75	OASL	c2
3.77219729031815e-80	-0.792834535148858	0.115	0.231	1.2651195272269e-75	G6PD	c2
4.81801162070226e-80	-1.28447770423525	0.054	0.145	1.61586473735112e-75	PHACTR2	c2
4.87685898905716e-80	-0.588083724520781	0.312	0.457	1.63560096774999e-75	ISG15	c2
7.62453800655043e-80	-0.311872116069766	0.731	0.819	2.55711755663688e-75	COX5B	c2
8.05532311861015e-80	-2.19637568396556	0.015	0.086	2.70159426751947e-75	SLC27A2	c2
1.01575901005801e-79	-0.457289564288134	0.419	0.563	3.40665256793256e-75	NDUFA12	c2
3.07736230594489e-79	-2.28922041642098	0.023	0.098	1.0320857701678e-74	CTSH	c2
3.73788172881351e-79	-0.255429375035397	0.897	0.934	1.25361077420947e-74	SRP14	c2
1.67221105505491e-78	-1.84777081630924	0.024	0.1	5.60826143644315e-74	CCNG2	c2
1.71207733466739e-78	-0.328270738055408	0.733	0.807	5.74196496500748e-74	ATP5F1B	c2
3.94261530073183e-78	-7.18729861498521	0.001	0.059	1.32227431955944e-73	TYMS	c2
4.03739374434679e-78	-0.527765198371917	0.346	0.49	1.35406111397903e-73	SH3BP1	c2
5.48815100146365e-78	-0.693300452529247	0.361	0.496	1.84061608287088e-73	NEAT1	c2
5.73860933262777e-78	-4.9696777186367	0.002	0.061	1.9246147979767e-73	LYN	c2
1.10081310339871e-77	-5.94986150366301	0.002	0.06	3.69190698617861e-73	KLRC1	c2
1.18351666158478e-77	-0.671508584358666	0.214	0.345	3.96927817962304e-73	APOBEC3C	c2
1.41654044961481e-77	-1.03372935678034	0.062	0.157	4.75079335991814e-73	ACOT7	c2
1.50276657815264e-77	-0.456523458469699	0.388	0.537	5.03997854980831e-73	AURKAIP1	c2
2.60115853900757e-77	-0.256797944129327	0.945	0.953	8.72376550812358e-73	EVL	c2
3.68522622451338e-77	0.683400881961523	0.443	0.362	1.2359511711773e-72	DNAJB9	c2
3.77269413628394e-77	-0.579675908773707	0.23	0.367	1.26528615942691e-72	TXNDC17	c2
4.57322006821683e-77	1.39882836687246	0.073	0.028	1.53376654647856e-72	CFH	c2
4.63122481304091e-77	-0.559026678289891	0.408	0.539	1.55322017779766e-72	JPT1	c2
6.40399069946061e-77	-0.476141840033305	0.496	0.62	2.1477704007851e-72	NDUFV2	c2
1.6639503270326e-76	-0.420240609795606	0.487	0.615	5.58055660680192e-72	PSMD8	c2
2.21857054754434e-76	-2.34920975363408	0.015	0.084	7.44064190235419e-72	CCRL2	c2
2.270179911934e-76	-0.727121202037266	0.159	0.282	7.61372938864427e-72	GLRX	c2
2.28781018607633e-76	-0.49058446356635	0.421	0.568	7.6728578020628e-72	MBP	c2
2.54113545540916e-76	1.62760598630155	0.075	0.03	8.52246009035123e-72	PLK2	c2
2.83575126394356e-76	-0.565180214857643	0.327	0.464	9.51054258901393e-72	IFI16	c2
2.8625721675032e-76	-2.42122922896004	0.022	0.093	9.60049453537222e-72	EOMES	c2
3.84221498826673e-76	-0.555063519635321	0.247	0.388	1.2886020627649e-71	MPG	c2
4.03584392398529e-76	-0.896789054054998	0.084	0.186	1.35354133522618e-71	MPST	c2
4.21930556149865e-76	-0.914165140524379	0.144	0.257	1.41507069921542e-71	TRG-AS1	c2
8.76787046548537e-76	0.488061174967481	0.718	0.682	2.94056839671448e-71	YPEL5	c2
9.30019129086249e-76	0.307589313367423	0.809	0.758	3.11909815512946e-71	CD44	c2
1.03501468560338e-75	0.446301487972557	0.572	0.497	3.47123225257661e-71	RBMS1	c2
1.08381958273685e-75	-0.213674667100714	0.932	0.955	3.63491411658284e-71	PCBP1	c2
1.13009564943542e-75	-0.493927726474124	0.333	0.479	3.79011478907653e-71	MOB1A	c2
1.25219640789694e-75	-2.09876629171297	0.015	0.082	4.19961631280475e-71	LDLR	c2
1.30205182764387e-75	-1.05505004219766	0.074	0.17	4.36682141955201e-71	DZIP3	c2
1.72218882951751e-75	-4.52632514175222	0.003	0.06	5.77587689643584e-71	MYO1E	c2
1.74947414071116e-75	-0.904032439911403	0.123	0.231	5.86738637311709e-71	SLAMF7	c2
3.17399873921031e-75	-0.37233320760954	0.664	0.77	1.06449569715635e-70	MYH9	c2
3.2114771386816e-75	1.15938147636191	0.13	0.067	1.07706520277103e-70	FHL1	c2
4.34711413824555e-75	-0.484389211856045	0.311	0.46	1.45793513968479e-70	COPZ1	c2
1.01535721408055e-74	-0.403596100950517	0.559	0.683	3.40530502458335e-70	ZAP70	c2
1.13912744169982e-74	-0.494933632827386	0.349	0.494	3.82040561397284e-70	ROCK1	c2
2.05777399916165e-74	0.779691783048639	0.22	0.137	6.90136243838835e-70	FBLN7	c2
2.18998522814667e-74	-0.553882257203897	0.268	0.408	7.34477245815832e-70	TADA3	c2
2.86337848074226e-74	1.51989262234294	0.069	0.026	9.60319874871339e-70	COLQ	c2
3.24488856554859e-74	-0.449684316722384	0.392	0.534	1.08827072711369e-69	TWF2	c2
4.67027349193423e-74	-0.695138592630731	0.237	0.369	1.5663163237249e-69	PIM3	c2
5.80137971022072e-74	-0.622967343798093	0.248	0.381	1.94566672721382e-69	TPST2	c2
5.94079250794973e-74	-4.30509868641718	0.005	0.064	1.99242299131618e-69	CXCR5	c2
6.1226393295961e-74	0.711567929325658	0.364	0.276	2.05341077835994e-69	KCNA3	c2
7.12420346818481e-74	0.539882407504252	0.434	0.339	2.38931535915982e-69	ICAM2	c2
8.16780329744718e-74	-4.53320838618818	0.004	0.061	2.73931786989784e-69	NUSAP1	c2
9.32044253420093e-74	-0.765087231886566	0.12	0.231	3.12589001712031e-69	MAD1L1	c2
1.02727392393425e-73	-0.572153391816154	0.22	0.355	3.44527128609068e-69	UFD1	c2
1.26428769470368e-73	-0.551038592019234	0.207	0.343	4.24016807049721e-69	NDUFS3	c2
1.51902811177313e-73	-0.624857860336341	0.199	0.327	5.09451648126473e-69	TNFRSF1A	c2
1.85541104130708e-73	-2.26998677588327	0.011	0.075	6.22267755033567e-69	PSAT1	c2
2.11692379635783e-73	-0.323258416485757	0.658	0.76	7.09973902822489e-69	UQCRH	c2
2.53449676798951e-73	-1.36615560210394	0.056	0.141	8.50019526048322e-69	TRGC2	c2
2.99196407513913e-73	-0.528656464865129	0.316	0.451	1.00344491152016e-68	ACTN4	c2
3.75894858816708e-73	-0.265202897707495	0.809	0.862	1.26067617749947e-68	COX6B1	c2
3.8150045978344e-73	-0.364293864906536	0.669	0.77	1.2794762420217e-68	JAK1	c2
4.71595997003693e-73	-0.599928566028124	0.227	0.358	1.58163865475098e-68	MT1X	c2
4.94367106988649e-73	-0.745992074658141	0.149	0.267	1.65800840341853e-68	TYMP	c2
6.4890133018271e-73	1.03321340204486	0.151	0.083	2.17628528116677e-68	NSG1	c2
7.19565577746585e-73	-0.601203905351228	0.187	0.317	2.4132790346465e-68	CD2BP2	c2
9.24046668655445e-73	-0.261660662418337	0.81	0.873	3.09906771733663e-68	UBL5	c2
1.61700820072865e-72	-1.32632956007719	0.093	0.188	5.42312210360375e-68	PASK	c2
1.62142152771289e-72	1.59320016586962	0.063	0.023	5.43792351964348e-68	AC103724.3	c2
2.0285241752971e-72	0.116288761633356	0.999	0.996	6.80326437911141e-68	RPL12	c2
2.27258923569112e-72	-0.813199591396635	0.087	0.188	7.62180977866087e-68	GGCT	c2
2.53539126376472e-72	-2.23969217340241	0.011	0.074	8.50319522041413e-68	HELLS	c2
3.46161122515834e-72	-0.467995888690945	0.371	0.516	1.16095517269361e-67	ARHGAP30	c2
4.06664286027462e-72	-0.63926233044332	0.143	0.262	1.3638706824789e-67	ZCRB1	c2
4.29741011598578e-72	-8.43070852572822	0.001	0.054	1.44126540469931e-67	FCER1G	c2
4.4205008933599e-72	-0.470527277024668	0.352	0.492	1.48254758961504e-67	NDUFA2	c2
4.42481003413458e-72	-0.473705183489203	0.408	0.547	1.48399278924806e-67	PPP1CC	c2
4.68510211709377e-72	-0.547592057984832	0.216	0.351	1.57128954803091e-67	KXD1	c2
6.06162302492933e-72	0.63353359091174	0.382	0.293	2.0329471301008e-67	IFNGR1	c2
6.84386169220514e-72	-0.516803355172466	0.315	0.45	2.29529433433176e-67	H2AFY	c2
8.79475172641761e-72	-1.25874659561224	0.045	0.127	2.94958383400594e-67	PRKAR1B	c2
9.11605445241939e-72	0.789283533537074	0.263	0.176	3.05734234225242e-67	DDX3Y	c2
1.05971205756302e-71	-0.632051246866818	0.17	0.293	3.55406229865485e-67	MRPL28	c2
1.88761193947238e-71	-0.780004724362122	0.165	0.281	6.33067292260246e-67	BCL3	c2
2.10463203153684e-71	-0.422042780150983	0.412	0.56	7.05851490736826e-67	NDUFS7	c2
2.88110960395316e-71	0.686330104952305	0.59	0.523	9.66266538973811e-67	RGS2	c2
2.93637366604011e-71	0.232281459060435	0.91	0.895	9.84801000116532e-67	RPS20	c2
2.95777248820978e-71	-0.561020263908241	0.23	0.362	9.91977737095796e-67	HSPB11	c2
4.11367349924068e-71	-0.334251238660502	0.451	0.602	1.37964381817534e-66	BAX	c2
4.15409370122402e-71	-0.703966106142772	0.174	0.289	1.39319994551651e-66	LINC00861	c2
8.51534316041976e-71	-1.16386122051342	0.049	0.132	2.85587578914158e-66	MCOLN2	c2
8.93181881376304e-71	-0.668289754335679	0.156	0.271	2.99555339375985e-66	INSIG1	c2
9.70111570060085e-71	-0.580419742063509	0.156	0.278	3.25356018366751e-66	VPS26B	c2
1.12105132618679e-70	-0.493983243138552	0.317	0.459	3.75978193776527e-66	NSD3	c2
1.17777507949318e-70	-2.45538280355604	0.012	0.074	3.95002206160424e-66	TIAM1	c2
1.23697144697034e-70	0.181016273247278	0.985	0.971	4.14855483884914e-66	CALM1	c2
1.57501497379509e-70	-0.386129647294489	0.638	0.731	5.28228521911396e-66	CALM3	c2
1.65540333767703e-70	-3.38612419115194	0.006	0.064	5.55189171390124e-66	ICA1	c2
1.67911709523038e-70	-0.608762594140447	0.213	0.341	5.63142291398363e-66	CEMIP2	c2
1.96979365688878e-70	-0.211970831871406	0.941	0.956	6.60629396647358e-66	ATP5MC2	c2
2.31254292572026e-70	-0.661730495304029	0.149	0.267	7.75580646428059e-66	LAP3	c2
2.48580468670027e-70	-0.474856878931198	0.324	0.467	8.33689175825538e-66	ADRM1	c2
3.25897305426992e-70	0.75594828267851	0.323	0.235	1.09299438294104e-65	RASGEF1B	c2
3.62376086108105e-70	-0.490779420198228	0.278	0.418	1.21533691758936e-65	SHKBP1	c2
4.13624382569126e-70	-0.753032991591775	0.337	0.446	1.38721345426033e-65	ITM2C	c2
4.63208413223719e-70	-0.614782602250075	0.252	0.383	1.55350837626971e-65	PYHIN1	c2
5.31134298934963e-70	-0.513704978458058	0.311	0.45	1.78131821176808e-65	MAP4K1	c2
1.28008672436261e-69	0.694386233968311	0.337	0.251	4.29315485616731e-65	PERP	c2
1.56773284073216e-69	-0.492349507665152	0.252	0.392	5.25786240124753e-65	BUD31	c2
1.81436053564621e-69	-2.53271718574799	0.011	0.071	6.08500236445027e-65	VAV3	c2
2.36773352366241e-69	-0.459877383037804	0.377	0.517	7.94090469165899e-65	CCT3	c2
2.73931319296087e-69	-0.4375387801044	0.445	0.58	9.18710858655216e-65	PTP4A2	c2
3.01081377962745e-69	-1.55709122759178	0.035	0.11	1.00976672541145e-64	CENPM	c2
3.68031478849225e-69	-0.552634897718404	0.175	0.301	1.23430397376453e-64	NUDT22	c2
3.92231185084465e-69	-2.72952924581803	0.011	0.071	1.31546494853628e-64	TRDC	c2
5.24087280223377e-69	-0.569107484923496	0.18	0.304	1.75768392041316e-64	UBL7	c2
1.02135604976618e-68	-0.527805777802568	0.235	0.368	3.4254239197058e-64	SFT2D1	c2
1.09929171927753e-68	0.632601502278981	0.317	0.226	3.68680456811296e-64	SESN1	c2
1.6304259683458e-68	-0.917286790650547	0.063	0.151	5.46812261263816e-64	STX11	c2
2.72573128054929e-68	-0.466036306168433	0.313	0.456	9.1415575687062e-64	CYBC1	c2
3.68500917973682e-68	-0.551216005142686	0.203	0.332	1.23587837870014e-63	ATP6V0D1	c2
3.73621191461606e-68	-0.293068078131171	0.726	0.798	1.25305075192394e-63	SLC25A3	c2
3.86068337270153e-68	-0.502968052419731	0.255	0.392	1.29479598953664e-63	UBE2A	c2
4.41080554618466e-68	-0.477396842736546	0.337	0.473	1.47929596407941e-63	MRPL51	c2
4.63080937550336e-68	-1.08565962554259	0.06	0.144	1.55308084835632e-63	FAM160B1	c2
5.04061559507419e-68	-0.717222419236541	0.146	0.257	1.69052165827598e-63	PPP1R16B	c2
5.46830395364445e-68	0.743255509747161	0.398	0.32	1.83395977997328e-63	SERTAD1	c2
5.63922578784897e-68	-1.19931393946434	0.05	0.131	1.89128354472879e-63	AC022706.1	c2
5.7005015204643e-68	-0.696459872036763	0.102	0.204	1.91183419993332e-63	TRAF7	c2
5.96280469646983e-68	-0.479685599911009	0.333	0.468	1.99980543910205e-63	AP2S1	c2
6.91996966039877e-68	-0.665063646465809	0.126	0.235	2.32081942470454e-63	USB1	c2
1.15202273476023e-67	0.109412637111742	0.999	0.997	3.86365384783885e-63	RPS2	c2
1.1540104128103e-67	-1.14304489180791	0.046	0.125	3.87032012248318e-63	PDLIM7	c2
1.28119851608645e-67	-5.36805024607789	0.001	0.053	4.29688358325073e-63	TPX2	c2
1.29660065999213e-67	-0.76239113649687	0.107	0.209	4.34853929348159e-63	FAM110A	c2
1.2969527775151e-67	-0.528610435444828	0.228	0.357	4.34972022523013e-63	DECR1	c2
1.31878272166722e-67	-0.457629320167769	0.319	0.457	4.42293349192752e-63	EIF2S2	c2
1.32623877788324e-67	-0.379980233775265	0.544	0.657	4.44793961326481e-63	RALY	c2
1.77229245289801e-67	1.35450148278876	0.085	0.038	5.94391442852935e-63	PDE9A	c2
3.78601347940395e-67	-0.557047452704497	0.151	0.269	1.2697532007225e-62	TMEM208	c2
3.86663155638258e-67	-0.445350040731695	0.37	0.516	1.29679089137959e-62	SCAMP2	c2
5.57346148867486e-67	-0.475321025457238	0.347	0.483	1.86922751407177e-62	PARP1	c2
6.20914331278545e-67	-0.650825639046784	0.11	0.214	2.08242248424198e-62	SLC52A2	c2
7.15082131087716e-67	-0.77290232665145	0.114	0.216	2.39824245124198e-62	MT1F	c2
1.05448718249237e-66	-0.841300105518607	0.097	0.195	3.53653911264291e-62	SLC16A3	c2
1.19716942434012e-66	-0.968098658171605	0.085	0.178	4.01506681535188e-62	PELI1	c2
1.44018046114092e-66	-0.416606927024057	0.471	0.607	4.83007723057442e-62	NCOR1	c2
1.59354555459392e-66	-0.576694323253984	0.187	0.309	5.34443308099708e-62	MAZ	c2
1.80136004912652e-66	-0.678443087061134	0.118	0.224	6.04140133276051e-62	PSMA2	c2
1.99519910057405e-66	-0.451740146625741	0.503	0.624	6.69149874350525e-62	PTPN6	c2
2.07304148229555e-66	-1.45553048594319	0.032	0.102	6.9525665233228e-62	GFOD1	c2
2.59272911163519e-66	-0.397228556034223	0.538	0.657	8.69549489460209e-62	RHOG	c2
2.6623838139911e-66	-0.432657787956398	0.409	0.541	8.92910283536335e-62	NDUFA6	c2
3.54325669515221e-66	-4.43785249427293	0.003	0.054	1.18833743042015e-61	TK1	c2
4.63169436117205e-66	-0.548527625062883	0.254	0.383	1.55337765484988e-61	JAK3	c2
5.2824053922078e-66	-0.49168290957843	0.246	0.381	1.77161312043865e-61	NDUFS2	c2
7.62296213475119e-66	-0.546213112541717	0.228	0.355	2.55658904075285e-61	FDPS	c2
8.19524264898899e-66	-0.436516853800382	0.369	0.51	2.74852047961793e-61	RAB11B	c2
9.90786207472893e-66	-0.342753179291492	0.643	0.74	3.32289878262259e-61	ATP5IF1	c2
1.16591090882178e-65	-0.595716443770894	0.144	0.258	3.91023200600649e-61	DCPS	c2
1.38500676382943e-65	-0.637053995680547	0.165	0.279	4.64503568453115e-61	ZBTB1	c2
1.42398609641169e-65	-0.48888521109994	0.406	0.534	4.77576457014552e-61	PTPN7	c2
1.69657656276544e-65	0.118746018985575	0.997	0.991	5.68997847620274e-61	RPL22	c2
1.81906909550407e-65	-1.71049654823476	0.037	0.11	6.10079393250155e-61	MZB1	c2
1.89649909232095e-65	-0.455396471970338	0.349	0.485	6.36047865582599e-61	NDUFS6	c2
2.1343979833891e-65	1.57295164417185	0.062	0.025	7.15834395669036e-61	TPBG	c2
2.48293246193661e-65	0.101882549044578	0.999	0.996	8.32725889084301e-61	RPL26	c2
3.70923107191618e-65	-0.42935095358575	0.44	0.572	1.24400191689925e-60	BIN1	c2
3.84520878983967e-65	-0.715454442183149	0.094	0.191	1.28960612393643e-60	FAM207A	c2
3.92808169552731e-65	-0.800723019387823	0.089	0.183	1.31740003904595e-60	ARSA	c2
5.47475439033715e-65	-0.591223650432112	0.144	0.257	1.83612312743127e-60	SCNM1	c2
6.06845123994788e-65	0.958224864427174	0.242	0.167	2.03523717685372e-60	ARL5B	c2
6.14180310794776e-65	0.580747309445606	0.492	0.423	2.05983792634352e-60	PNP	c2
6.21437525725008e-65	-0.330734120285497	0.78	0.841	2.08417717377653e-60	RAN	c2
6.21604851626637e-65	0.588223307527125	0.474	0.407	2.08473835138542e-60	CDK17	c2
9.31544327619914e-65	-0.575586305457658	0.149	0.262	3.12421336597167e-60	GLRX3	c2
1.32129724870563e-64	-0.426827549510865	0.405	0.538	4.43136671270894e-60	HNRNPR	c2
1.49094656367135e-64	-0.805489476918851	0.076	0.166	5.00033658524097e-60	DPP3	c2
1.49737159993005e-64	-0.970329750662044	0.386	0.462	5.02188487184539e-60	CTSW	c2
1.83774792267503e-64	-0.545070993624809	0.345	0.467	6.16343898306753e-60	HMGA1	c2
2.10325185657898e-64	-0.452095367637984	0.3	0.439	7.05388607659457e-60	DNAJC15	c2
2.16075641770771e-64	-0.629776478655905	0.212	0.33	7.24674487370811e-60	PCED1B	c2
2.49390470060762e-64	-0.502134011681035	0.197	0.323	8.36405758489783e-60	TMEM165	c2
3.36331815119218e-64	-3.63067257227341	0.008	0.062	1.12798964154683e-59	CENPF	c2
3.56180840316922e-64	-0.653142622163468	0.217	0.336	1.19455930225489e-59	S1PR4	c2
3.9437179949715e-64	-1.0171454152749	0.057	0.137	1.32264414115354e-59	MXD4	c2
4.39822634886128e-64	-0.294619023873137	0.655	0.759	1.4750771528811e-59	UQCR10	c2
4.89965240092368e-64	0.371627522823219	0.58	0.49	1.64324542222178e-59	ICOS	c2
6.04901490790619e-64	-4.93511307505946	0.001	0.049	2.02871861981358e-59	MSC	c2
6.52221671029624e-64	-0.575046850743723	0.156	0.271	2.18742104029915e-59	DCAF11	c2
6.61199040339792e-64	0.338951637648237	0.621	0.54	2.2175293414916e-59	RORA	c2
7.17021258840355e-64	-1.37269052052479	0.036	0.107	2.40474589789878e-59	NAB1	c2
8.62263075010024e-64	-0.484114862728237	0.232	0.362	2.89185790096862e-59	SLIRP	c2
9.5465870173871e-64	-0.550001220691784	0.454	0.553	3.20173435389128e-59	TPM4	c2
1.11638935875571e-63	-2.07053252092592	0.012	0.069	3.7441466313949e-59	CENPN	c2
1.15034118217509e-63	-0.289579886045332	0.7	0.798	3.85801425677882e-59	RNASEK	c2
1.54779638435028e-63	-1.14205357300519	0.047	0.123	5.19099951383397e-59	LINC00426	c2
2.17798775538271e-63	-0.374638226992869	0.485	0.616	7.30453533400252e-59	NDUFB10	c2
2.65096308095609e-63	-0.373704209364849	0.389	0.538	8.89079998091053e-59	RNF7	c2
2.67716833859739e-63	-1.7177852187522	0.021	0.084	8.97868717398792e-59	HIVEP3	c2
2.77465506379017e-63	-0.576949872653525	0.182	0.299	9.30563815293947e-59	ABHD17A	c2
2.98340672367531e-63	-0.809236329660557	0.091	0.183	1.00057494698623e-58	HSH2D	c2
3.26303720199423e-63	-0.512488093120875	0.223	0.35	1.09435741680482e-58	MAP2K2	c2
3.60396539226089e-63	-0.745372836088845	0.103	0.2	1.20869791325646e-58	MSL3	c2
3.68646871253443e-63	0.526595293643118	0.458	0.381	1.2363678768098e-58	CDC42EP3	c2
3.93951308543017e-63	-0.322606344409172	0.627	0.74	1.32123389859157e-58	UBXN1	c2
4.0969007867882e-63	-2.70291500113084	0.008	0.062	1.37401858587303e-58	TRIB1	c2
4.10293718238317e-63	-0.431983597260115	0.506	0.617	1.37604307222767e-58	DEK	c2
4.57843293867622e-63	-0.596294539170325	0.164	0.278	1.53551483897323e-58	TSPAN5	c2
5.0266089477514e-63	-0.437036104358194	0.362	0.496	1.68582410889686e-58	PSMB2	c2
5.40938246414372e-63	-1.60562175004593	0.055	0.132	1.81419869082452e-58	MIR155HG	c2
7.13053350422892e-63	-0.58337324013264	0.157	0.269	2.39143832664829e-58	PTRHD1	c2
9.00476675772035e-63	-0.384913504003358	0.415	0.55	3.02001867520425e-58	EIF3I	c2
9.63514888112967e-63	-0.42456567444069	0.341	0.478	3.23143623175327e-58	SSNA1	c2
1.12528883738596e-62	-0.346800826188775	0.548	0.662	3.77399370282504e-58	ATP5F1A	c2
1.13915094498807e-62	-0.745695254675052	0.127	0.228	3.82048443930099e-58	XAF1	c2
1.82028541834999e-62	-2.19807918368108	0.116	0.203	6.10487323606218e-58	STMN1	c2
3.82134640411645e-62	-0.723817526764886	0.1	0.196	1.28160315701257e-57	RFX5	c2
3.89147855718721e-62	0.766761807351349	0.271	0.189	1.30512407850945e-57	MYBL1	c2
3.964561994018e-62	-3.52151925571894	0.003	0.052	1.32963480155376e-57	FSD1	c2
4.21897139576641e-62	-0.503035874132125	0.255	0.383	1.41495862671214e-57	CYC1	c2
4.80403128804585e-62	-0.956675391017753	0.054	0.132	1.61117601338482e-57	UBALD1	c2
6.2035642996831e-62	-0.449256245449261	0.294	0.429	2.08055139482772e-57	PSMC4	c2
7.24465987664353e-62	-0.554733478158568	0.153	0.266	2.42971402942871e-57	RAMMET	c2
7.41917397435796e-62	-0.88804621230772	0.074	0.16	2.48824256752017e-57	GALNT2	c2
1.02491768776484e-61	-0.614323748532232	0.13	0.235	3.43736894122571e-57	IP6K2	c2
1.59742402992327e-61	-0.578269296372849	0.252	0.373	5.35744071155666e-57	PLEKHF1	c2
1.64594779269748e-61	-0.551369830319359	0.163	0.277	5.52017970714881e-57	MYD88	c2
1.67774667814583e-61	-0.611683739347785	0.119	0.222	5.62682680916549e-57	NABP2	c2
1.72858069803133e-61	-0.685489833266753	0.215	0.328	5.79731394505748e-57	RIPOR2	c2
1.84574343975685e-61	-1.52470987636399	0.025	0.089	6.19025434825651e-57	INPP1	c2
1.9295267215846e-61	-0.461444924477299	0.3	0.432	6.47124671885042e-57	GNAI2	c2
1.95683519992292e-61	-0.498096501437825	0.237	0.362	6.5628338935015e-57	FIBP	c2
2.28198318756223e-61	-0.476627689005099	0.31	0.438	7.65331521444619e-57	IFI27L2	c2
2.6267848090151e-61	-1.77363793046383	0.017	0.076	8.80971089247485e-57	SPSB1	c2
2.9534514264644e-61	-0.436806352006291	0.357	0.487	9.9052853940763e-57	NDUFB3	c2
3.06069774531514e-61	-0.540305987497443	0.181	0.298	1.02649680982379e-56	TIMM8B	c2
3.32705285036117e-61	-3.90360383734944	0.003	0.052	1.11582698495413e-56	CDT1	c2
3.55685978261026e-61	-0.540044087753076	0.168	0.283	1.19289963389183e-56	MTCH2	c2
3.64860220625329e-61	-0.49538065485256	0.17	0.287	1.22366820793323e-56	CUEDC2	c2
3.65721486943432e-61	-2.34375680470323	0.012	0.067	1.22655672291088e-56	RORC	c2
3.75245914791199e-61	-2.62566518720938	0.009	0.061	1.25849974902672e-56	SLAMF8	c2
4.32859726275195e-61	-0.929780819850051	0.057	0.136	1.45172494998175e-56	OTULIN	c2
5.58729332848994e-61	-0.315065086195441	0.601	0.712	1.87386643650896e-56	WDR83OS	c2
5.8384809558966e-61	-3.74016083117961	0.003	0.052	1.9581097429886e-56	ZWINT	c2
6.87369829608987e-61	-0.395720525328292	0.386	0.523	2.30530093454262e-56	MRPL41	c2
9.28464590112613e-61	-0.281482024909323	0.799	0.852	3.11388454231968e-56	CD3G	c2
9.2858276094947e-61	-0.598763301428285	0.121	0.222	3.11428086367233e-56	NIPA2	c2
1.03797384318285e-60	-0.365255702533359	0.608	0.706	3.48115667526664e-56	IRF1	c2
1.06195893743474e-60	-0.417018059486744	0.419	0.542	3.56159788436862e-56	TALDO1	c2
1.09820883451925e-60	-0.343246867534304	0.619	0.725	3.68317278921064e-56	TBC1D10C	c2
1.36444719420697e-60	-1.04652884444777	0.05	0.126	4.57608299993135e-56	XIST	c2
1.68013285803727e-60	-0.767540971413621	0.109	0.204	5.63482957928539e-56	RAB3GAP1	c2
1.80952712988251e-60	-0.790729278674459	0.074	0.16	6.06879208819997e-56	MVD	c2
1.96478365084512e-60	-0.426717832142409	0.36	0.496	6.58949140820438e-56	CLTB	c2
2.42953364612482e-60	-1.01457622368395	0.049	0.124	8.14816994237341e-56	SREBF2	c2
2.85637989571942e-60	-0.941249460921091	0.069	0.151	9.57972689426378e-56	FAM53B	c2
3.52183005206436e-60	-0.433426064257917	0.402	0.537	1.18115136286134e-55	SMCHD1	c2
4.13241933049836e-60	-0.364262752751835	0.66	0.756	1.38593079506254e-55	CD247	c2
4.46781033513378e-60	-0.911581776237662	0.057	0.135	1.49841423019717e-55	PHTF1	c2
5.41437042148288e-60	-0.524019842848734	0.22	0.342	1.81587155195693e-55	ARHGAP25	c2
5.6140908127646e-60	-0.427044428377735	0.319	0.453	1.88285377678499e-55	PSMD4	c2
6.80435291032159e-60	-0.660734105742701	0.097	0.19	2.28204387906366e-55	NUPL2	c2
6.81657029357969e-60	-6.96150511865046	0.001	0.045	2.28614134506076e-55	FCRL3	c2
7.33234981598866e-60	-2.73891619297441	0.024	0.085	2.45912348128628e-55	TRGV9	c2
7.53387185849691e-60	-0.462955309196595	0.217	0.343	2.52670994390269e-55	URM1	c2
7.73525126635103e-60	-0.432254794090168	0.567	0.654	2.59424856970881e-55	GSTP1	c2
8.32453390438497e-60	-0.567014454398333	0.268	0.388	2.79188218085263e-55	SDF2L1	c2
1.03715371416221e-59	1.22596613786373	0.09	0.043	3.47840612655723e-55	RASGRF2	c2
1.31803980436904e-59	-2.5188629243493	0.007	0.058	4.42044189589287e-55	STARD4	c2
1.45305511876793e-59	-0.545541006692763	0.188	0.303	4.87325625732388e-55	MED15	c2
1.68411626761104e-59	-0.693319674184327	0.117	0.213	5.6481891383139e-55	ARHGAP18	c2
1.8034575682519e-59	-0.660234939383593	0.173	0.282	6.04843599240322e-55	TNIK	c2
1.90090431196683e-59	-0.761293149690413	0.082	0.169	6.37525288147435e-55	R3HDM1	c2
1.91334486125978e-59	-3.50736316962821	0.003	0.049	6.41697599569305e-55	TSHZ2	c2
2.32345064822374e-59	-3.08785794765825	0.009	0.06	7.79238878401279e-55	ACTN1	c2
2.56482514287891e-59	-0.463214619488993	0.338	0.471	8.60191056418728e-55	CMTM6	c2
2.7394065215105e-59	-0.407690318671417	0.411	0.534	9.18742159184193e-55	UBE2L3	c2
4.3100510825991e-59	-3.11053606393717	0.006	0.054	1.44550493208209e-54	CHST2	c2
5.33514617547101e-59	-0.62461083765721	0.151	0.256	1.78930132432947e-54	SKA2	c2
5.60757026841001e-59	-0.466326445441884	0.253	0.377	1.88066691661935e-54	PSMC3	c2
6.50138484044716e-59	-0.923926003446669	0.06	0.138	2.18043444778917e-54	SH3BP2	c2
9.31187117782985e-59	-0.308010022567376	0.782	0.838	3.12301535562057e-54	STK17A	c2
1.00534878349219e-58	-3.36903822140268	0.006	0.054	3.37173875007612e-54	CDKN3	c2
1.04242443781424e-58	-5.85036203998018	0	0.044	3.49608307954139e-54	PHGDH	c2
1.11729122459799e-58	0.257656322997252	0.939	0.908	3.74717130905674e-54	CRIP1	c2
1.41611744668208e-58	-2.21624465544108	0.011	0.064	4.74937469268234e-54	PKIA	c2
2.04035709311007e-58	-0.726123076859468	0.094	0.184	6.84294961887255e-54	PPIF	c2
2.21039203227122e-58	-0.566738414881149	0.172	0.283	7.41321279783121e-54	NAA50	c2
2.25300536959042e-58	-0.834701824431659	0.094	0.182	7.55612940853236e-54	OLFM2	c2
2.27771591125129e-58	-0.414566918261561	0.408	0.535	7.63900362315457e-54	VASP	c2
2.3112391160955e-58	-0.423156449860193	0.377	0.503	7.75143374756108e-54	VDAC1	c2
2.67045596703306e-58	-0.816286832134018	0.092	0.18	8.95617522223546e-54	FAM118A	c2
3.29251594039345e-58	-0.543916981914531	0.243	0.366	1.10424399608916e-53	TMEM167A	c2
3.85701208125163e-58	-2.08760142504832	0.014	0.068	1.29356471181017e-53	NDC80	c2
4.67301182776759e-58	1.06038864467109	0.111	0.058	1.56723470679669e-53	ANK3	c2
4.83313527609076e-58	-0.482364747858755	0.236	0.357	1.62093690889532e-53	ARPC4	c2
6.75710569903909e-58	-3.13453542062877	0.027	0.086	2.26619810934373e-53	FOXP3	c2
7.49671813287426e-58	-3.19154253780564	0.004	0.051	2.51424932740337e-53	FES	c2
7.74077367393483e-58	-0.602762127401988	0.16	0.264	2.59610067476426e-53	PDE3B	c2
8.8330891588974e-58	-5.78120424080978	0.001	0.044	2.96244144211101e-53	TTC24	c2
9.35268144216587e-58	-1.41159916827653	0.09	0.169	3.13670230207359e-53	CCR7	c2
9.88389640224894e-58	-0.494270442100837	0.219	0.338	3.31486117538625e-53	RBBP7	c2
1.12716654013307e-57	-0.739378345143421	0.126	0.221	3.7802911422983e-53	MCM3	c2
1.25099282588951e-57	-0.502000475119161	0.182	0.296	4.19557973946824e-53	TSTA3	c2
1.61530234273348e-57	-0.38040677503521	0.329	0.469	5.41740099705955e-53	MLF2	c2
2.48521136021133e-57	-2.00452559021921	0.015	0.069	8.33490185987675e-53	SEMA7A	c2
2.6572255775592e-57	-0.412992627453701	0.356	0.489	8.91180314201806e-53	ELOVL5	c2
3.0820974701433e-57	-0.516174901113917	0.167	0.277	1.03367384953666e-52	ATP1B3	c2
3.41836631862892e-57	-0.730014893614941	0.093	0.182	1.14645169594177e-52	LGALS9	c2
4.06162717208441e-57	-0.944861127818504	0.049	0.121	1.36218852097367e-52	FAM126A	c2
4.49638023722689e-57	-0.204628230143712	0.965	0.969	1.50799600396116e-52	CYBA	c2
4.69330099350671e-57	-0.344132454504483	0.799	0.84	1.57403928720228e-52	TPI1	c2
4.80216771976408e-57	-0.431987801202538	0.253	0.38	1.61055100985448e-52	MRPS24	c2
6.00880712753743e-57	-0.336152882213497	0.551	0.668	2.0152337344335e-52	BUB3	c2
6.35904271826526e-57	-1.51668144477365	0.021	0.079	2.1326957468518e-52	SQLE	c2
6.41710597484678e-57	-5.57595860791322	0.001	0.045	2.15216900184411e-52	TOP2A	c2
7.62492264791042e-57	-0.386455006602304	0.48	0.602	2.5572465576562e-52	GPI	c2
8.16930394414473e-57	-0.435819976325676	0.414	0.535	2.73982115678726e-52	ITGB7	c2
8.80479268680405e-57	-1.10307024219507	0.061	0.136	2.95295137130034e-52	CD101	c2
1.03012897469557e-56	-0.390790707593336	0.385	0.515	3.45484655533401e-52	DNAJC8	c2
1.14050747856556e-56	-2.90091722817943	0.006	0.052	3.82503398161318e-52	AC103702.2	c2
1.17328952089641e-56	-0.747444031991272	0.08	0.164	3.93497839518239e-52	ARL3	c2
1.60382939914771e-56	-0.911147104118625	0.045	0.115	5.37892303886157e-52	TBC1D7	c2
2.07652389467777e-56	-0.979651414663786	0.049	0.121	6.96424583797031e-52	GNGT2	c2
2.11170658261047e-56	-2.6544728498292	0.008	0.056	7.082241536759e-52	ASF1B	c2
2.56788904553719e-56	-6.67348637333738	0.001	0.043	8.61218628092264e-52	AC243829.4	c2
2.62092592556013e-56	-0.492293202670741	0.352	0.473	8.79006136914356e-52	GYG1	c2
2.73104202939048e-56	-0.712434665636529	0.116	0.208	9.1593687581698e-52	ATP8A1	c2
2.9616872371369e-56	-1.80968469361279	0.029	0.089	9.93290665590975e-52	LAT2	c2
3.24614668081832e-56	-0.530736965066861	0.164	0.272	1.08869267381285e-51	DUSP23	c2
4.41518529885576e-56	-0.983667080062873	0.045	0.115	1.48076484553024e-51	LRRC61	c2
4.58147116643039e-56	-0.86830027934139	0.051	0.124	1.53653379979742e-51	TIGAR	c2
4.8737944411012e-56	0.367723559628902	0.667	0.623	1.63457317965652e-51	RPL22L1	c2
5.54687093577576e-56	-0.441270921826083	0.346	0.469	1.86030957444047e-51	SNRPD1	c2
5.67475914639824e-56	-0.687658980238001	0.103	0.193	1.90320072251904e-51	ATXN1	c2
6.66567136659152e-56	1.20502111279198	0.115	0.063	2.23553286292746e-51	CCDC184	c2
6.88499881460217e-56	-1.08971600072936	0.052	0.123	2.30909090244128e-51	MIAT	c2
6.95674212468758e-56	-0.466523240319466	0.244	0.366	2.33315217377772e-51	DAXX	c2
7.48103420685393e-56	0.462073775367695	0.594	0.548	2.50898925229467e-51	DDX3X	c2
7.91017106974195e-56	-1.14259789913584	0.049	0.119	2.65291317337005e-51	GK	c2
8.35154917214784e-56	-0.512648940985836	0.156	0.262	2.80094256135494e-51	TIMM13	c2
8.71155081556902e-56	-0.435042962189067	0.257	0.383	2.92167991252554e-51	SDHA	c2
8.75238625894464e-56	-0.234989764331345	0.812	0.861	2.93537530352485e-51	COX6C	c2
1.02219849655789e-55	-0.581055566146427	0.115	0.21	3.42824931775586e-51	NCBP2-AS2	c2
1.2025620246394e-55	-0.304805770140834	0.681	0.77	4.03315251823563e-51	PAXX	c2
1.27240382299843e-55	-0.472207024934204	0.209	0.327	4.26738794157212e-51	HSD17B10	c2
1.33029930626834e-55	-0.419583034918517	0.22	0.344	4.46155781336277e-51	PIH1D1	c2
1.34563148941878e-55	-0.643549820041479	0.124	0.22	4.51297888921269e-51	TFDP1	c2
1.52034406909555e-55	-0.447660993439982	0.21	0.329	5.09892993893266e-51	NRDC	c2
1.52802679763815e-55	-0.471598949822378	0.186	0.3	5.12469627391883e-51	PDHB	c2
1.58142343925772e-55	-0.349565143018969	0.473	0.591	5.30377793058253e-51	SET	c2
1.72720276792211e-55	-0.429611395439937	0.232	0.356	5.79269264305716e-51	ARIH2	c2
1.81144317684356e-55	-4.00373950382968	0.003	0.047	6.07521812649793e-51	LAIR2	c2
1.89894681870819e-55	-0.955762605794549	0.066	0.143	6.36868784058353e-51	KIF20B	c2
1.9137240043043e-55	-9.08497393966167	0	0.041	6.41824756563575e-51	BIRC5	c2
2.15328237560527e-55	-0.493828382975224	0.321	0.442	7.22167843130494e-51	GPRIN3	c2
2.53319837920739e-55	-0.648583057962033	0.104	0.195	8.49584072418574e-51	STK16	c2
2.53864116029413e-55	0.364605985709283	0.581	0.515	8.51409472339444e-51	PLP2	c2
3.11192111115556e-55	-1.94008413606965	0.016	0.069	1.04367610225935e-50	ETV7	c2
3.28431764986887e-55	-0.521553692862149	0.146	0.25	1.10149445341302e-50	TAF10	c2
3.70500813366101e-55	-4.02892785881926	0.003	0.047	1.24258562786723e-50	PDLIM1	c2
3.88563349161992e-55	-0.437308574187542	0.278	0.401	1.30316376041949e-50	NUDT21	c2
4.06697240807154e-55	-1.81584155317769	0.017	0.071	1.36398120621903e-50	CAMK1	c2
4.45736274262667e-55	-0.570591448362584	0.134	0.233	1.49491031662213e-50	PARP9	c2
4.98367766413854e-55	-7.15295798007287	0	0.041	1.67142581499878e-50	NCR1	c2
5.72111297721851e-55	-0.69795182954949	0.281	0.387	1.91874687029954e-50	SH2D1A	c2
6.60431067170997e-55	-0.932795698225203	0.084	0.164	2.21495371307809e-50	STAM	c2
6.66790952726156e-55	-3.1031349731416	0.003	0.047	2.23628349725298e-50	C3orf14	c2
6.68080036682923e-55	-1.21637286184522	0.036	0.1	2.24060682702719e-50	CD70	c2
7.41723571609284e-55	-1.49871005581467	0.017	0.07	2.48759251446322e-50	UCK2	c2
7.48233680143699e-55	-3.65403470261907	0.002	0.045	2.50942611646594e-50	RMI2	c2
7.56294281567631e-55	-7.25761563313296	0	0.041	2.53645976152152e-50	RRM2	c2
7.71428299627604e-55	-0.577920926615427	0.15	0.251	2.58721623129106e-50	YARS	c2
8.09273047577571e-55	-0.340095714049021	0.44	0.57	2.71413994696566e-50	AP2M1	c2
8.48672609632972e-55	-0.498455686668368	0.152	0.258	2.84627819818706e-50	MRPL36	c2
8.77715850168426e-55	-3.46790673103227	0.004	0.048	2.94368341829487e-50	ZC2HC1A	c2
9.3301577283105e-55	0.465604011676455	0.413	0.334	3.12914829892078e-50	TMEM173	c2
9.46012171553763e-55	0.338444215541429	0.635	0.573	3.17273562095701e-50	FLT3LG	c2
9.75106114551966e-55	-0.47275477781231	0.289	0.414	3.27031088698438e-50	PHYKPL	c2
1.41341086923901e-54	0.404440068013319	0.528	0.461	4.74029737325379e-50	MGAT4A	c2
1.75398733582136e-54	-0.584723430853685	0.143	0.244	5.88252272687767e-50	STARD3NL	c2
2.07692199664301e-54	-0.652310833793785	0.084	0.167	6.96558099234134e-50	ZDHHC24	c2
2.09140882216609e-54	-0.515897307593605	0.153	0.258	7.01416690778064e-50	DNAJB11	c2
2.16620151983569e-54	-0.211307593676977	0.852	0.896	7.26500665722493e-50	HNRNPK	c2
2.23623908930048e-54	-0.598612853599194	0.115	0.208	7.49989865769596e-50	CASP3	c2
2.49543106155344e-54	-0.522299841956508	0.153	0.254	8.36917669423792e-50	B4GALT1	c2
2.72936650895177e-54	-0.443665193976427	0.274	0.398	9.15374939772244e-50	SLC25A39	c2
2.74915535719808e-54	-0.474078247133389	0.205	0.319	9.22011723697092e-50	SEPHS2	c2
2.84443884219466e-54	-0.564855852615477	0.139	0.239	9.53967898895246e-50	PPP6R1	c2
2.97442640426336e-54	-0.964802591346912	0.042	0.109	9.97563127461847e-50	CDK5	c2
3.46117761156091e-54	-0.322251469095301	0.529	0.649	1.1608097473653e-49	NDUFB4	c2
4.18811114890222e-54	-0.678005515070814	0.08	0.162	1.40460871711883e-49	TFIP11	c2
4.66747070002749e-54	-0.49655177098534	0.222	0.337	1.56537632337522e-49	HPRT1	c2
4.7980733794964e-54	-0.429453621480885	0.331	0.457	1.6091778500155e-49	FAM107B	c2
5.04646882835667e-54	-0.507884020748037	0.15	0.254	1.69248471565426e-49	POP4	c2
5.54901238468001e-54	-0.288430416106565	0.677	0.765	1.86102777357398e-49	DRAP1	c2
6.22301352434353e-54	-1.24529324665423	0.024	0.081	2.08707427579433e-49	RBBP8	c2
6.67210648442349e-54	-1.0594687262761	0.052	0.122	2.23769107274595e-49	SMC2	c2
6.9348621311866e-54	-0.466635668327371	0.172	0.282	2.32581406155736e-49	MRPL47	c2
7.20134133032132e-54	1.49223422932874	0.06	0.025	2.41518585536316e-49	RAB27B	c2
7.82914300903871e-54	-0.24764416768498	0.757	0.822	2.6257379823714e-49	GUK1	c2
7.83026673142793e-54	-0.399892981510827	0.318	0.446	2.6261148563863e-49	PSMD7	c2
7.92488058525803e-54	-2.32541747700143	0.009	0.056	2.65784645068384e-49	CHN1	c2
8.10937570452289e-54	-0.369017663920054	0.438	0.556	2.71972242378289e-49	PSMA1	c2
8.31682453250756e-54	-0.73947896241937	0.145	0.241	2.78929661171238e-49	IL6ST	c2
8.96312170894582e-54	-0.388586001063489	0.336	0.466	3.00605175874625e-49	PPP2CA	c2
1.12975291906456e-53	-0.356898322013556	0.443	0.567	3.78896533995874e-49	UBE2N	c2
1.1348462596866e-53	-0.466962633545924	0.216	0.332	3.80604738573693e-49	HPS1	c2
1.2049520850777e-53	-0.505673702579051	0.136	0.235	4.04116830293358e-49	MCRS1	c2
1.42154333899623e-53	-0.486621227378343	0.144	0.246	4.76757205032556e-49	NAA60	c2
1.61833072676248e-53	-0.453339874214037	0.249	0.369	5.42755759141601e-49	NCKAP1L	c2
1.71588965260738e-53	-0.414926209132534	0.344	0.472	5.75475071691462e-49	CALCOCO2	c2
2.31446873093399e-53	-0.374839562105591	0.36	0.49	7.76226522980641e-49	CHMP2A	c2
2.59789079533303e-53	-1.55064643036392	0.02	0.075	8.71280614938792e-49	LIMK1	c2
2.65710062097448e-53	-0.442079425114208	0.218	0.336	8.91138406262421e-49	STOML2	c2
2.8579561551255e-53	-0.622975493589632	0.128	0.221	9.58501335305989e-49	GPR137B	c2
3.06343070138126e-53	-0.420826123037991	0.257	0.379	1.02741338862925e-48	PSMB4	c2
3.3138582208115e-53	-0.484821205438312	0.233	0.349	1.11140177009576e-48	CHST11	c2
3.64599784959969e-53	-1.64196706504181	0.019	0.073	1.22279475879874e-48	MARCH3	c2
3.71943856472452e-53	-0.477199264357805	0.179	0.288	1.24742530583731e-48	CHCHD5	c2
3.95218582939861e-53	-0.264287922492081	0.768	0.688	1.3254840834637e-48	TUBA1B	c2
4.79789388858891e-53	-0.473772250474554	0.274	0.39	1.60911765235495e-48	ZBTB38	c2
5.13444424694817e-53	0.918625105685404	0.196	0.13	1.72198991154148e-48	ATP2B1-AS1	c2
5.30466495059902e-53	-0.456956658883522	0.16	0.264	1.7790785311319e-48	EIF3J	c2
6.39739693900945e-53	-0.470608878063583	0.197	0.309	2.14555898540499e-48	HINT2	c2
6.56234455158714e-53	-0.876009043793102	0.056	0.128	2.20087911571129e-48	ITPK1	c2
6.92967836093168e-53	-0.856280197946937	0.067	0.142	2.32407552868927e-48	MCM6	c2
7.72888409393599e-53	-0.70323757172481	0.104	0.19	2.59211314742425e-48	LINC01934	c2
8.26108555165238e-53	-0.516298755981928	0.152	0.253	2.77060287231318e-48	MAN1A2	c2
8.9921084306686e-53	-3.86119981252706	0.002	0.043	3.01577332547763e-48	MIR3142HG	c2
9.79460917053011e-53	-0.740860130150335	0.088	0.169	3.28491602361239e-48	GLCCI1	c2
9.83763561601242e-53	-0.40618102162912	0.318	0.447	3.29934623289824e-48	RNF181	c2
1.02151621594992e-52	-0.927518167515387	0.054	0.123	3.42596108505283e-48	GTDC1	c2
1.11057386931942e-52	-3.71908400615174	0.003	0.044	3.72464264292346e-48	ADGRG5	c2
1.18001166426993e-52	0.520260023390926	0.432	0.367	3.95752311962848e-48	RCAN3	c2
1.21141758405004e-52	-0.47768529299053	0.145	0.247	4.06285229338703e-48	DCUN1D5	c2
1.32766889139923e-52	-0.597353857957079	0.102	0.19	4.45273592797475e-48	SEC14L1	c2
1.38115108303917e-52	-0.469997769943875	0.206	0.318	4.63210450229677e-48	IDI1	c2
1.42512889221139e-52	1.54344399050926	0.105	0.056	4.77959727869857e-48	CSF2	c2
1.56325694481232e-52	-0.39451222855692	0.493	0.594	5.24285114151155e-48	CDK2AP2	c2
1.70367049978434e-52	-0.55824234977854	0.209	0.315	5.7137701221767e-48	ADA	c2
2.04997690581424e-52	-0.376751738918413	0.345	0.472	6.87521254671981e-48	POLR2G	c2
2.19611476218768e-52	1.42058266478629	0.063	0.027	7.36532968942505e-48	WDR86	c2
2.22212590778957e-52	-0.392068025824983	0.312	0.439	7.45256586954468e-48	MAF1	c2
2.24973784947729e-52	-0.911016845951248	0.072	0.147	7.54517079957693e-48	PXN	c2
2.388236487207e-52	-1.43796267721738	0.029	0.086	8.00966753079484e-48	DHFR	c2
2.719604061476e-52	-0.293238173796563	0.635	0.729	9.12100810137821e-48	HNRNPA3	c2
2.83180122822379e-52	-0.456091856558067	0.209	0.322	9.49729495921694e-48	HSBP1	c2
3.04255030876411e-52	-0.52709022644456	0.124	0.219	1.02041052255331e-47	DESI1	c2
3.31098328789117e-52	0.289480181674669	0.78	0.753	1.11043757509294e-47	ZFAS1	c2
3.36536799428932e-52	-0.445723850596083	0.218	0.334	1.12867711792475e-47	DNAJC7	c2
3.78611083668502e-52	-0.467410886755513	0.206	0.319	1.26978585240742e-47	NARF	c2
4.1500298096267e-52	-2.77481448167019	0.007	0.051	1.3918369975526e-47	CLSPN	c2
4.24873665204368e-52	-1.2327446616222	0.033	0.093	1.42494129836241e-47	REC8	c2
4.42688618727457e-52	-1.83398092994752	0.016	0.066	1.48468908948815e-47	KIAA1671	c2
5.04645203835817e-52	-1.45724921897259	0.028	0.085	1.69247908462456e-47	AC119396.1	c2
5.56861461544719e-52	-0.447857578027953	0.175	0.284	1.86760196972868e-47	BRMS1	c2
5.90880673478019e-52	-0.432197320726973	0.208	0.323	1.98169560271058e-47	MRPS18C	c2
6.79839974534712e-52	-0.818352134288985	0.073	0.148	2.28004730659452e-47	CMIP	c2
7.0573351269464e-52	-0.616751994529566	0.091	0.175	2.36688905487528e-47	ZNF593	c2
7.69656430879219e-52	-0.397415425557116	0.323	0.449	2.58127373788273e-47	PSMD13	c2
7.96354009157846e-52	-0.400430619288475	0.326	0.452	2.67081207591359e-47	DBNL	c2
8.79620356638319e-52	-0.758606485682792	0.065	0.139	2.95007075209359e-47	ODF3B	c2
9.19514784893624e-52	1.21377319707453	0.08	0.039	3.08386868557624e-47	SBF2	c2
1.12502391572215e-51	-1.74082336877174	0.037	0.096	3.77310520854893e-47	GPR25	c2
1.29729558415487e-51	-0.395999396505393	0.311	0.434	4.35086993013861e-47	YWHAE	c2
1.40996193347893e-51	0.654117776362731	0.287	0.215	4.72873033250163e-47	THEM4	c2
1.45781583925049e-51	-0.33488156360551	0.541	0.648	4.88922276167829e-47	PRDX5	c2
1.52835567394384e-51	-0.688394706787265	0.089	0.17	5.12579925927284e-47	IKBKE	c2
1.5460275702998e-51	-0.369572593120367	0.404	0.526	5.18506726527147e-47	ANP32A	c2
1.64205753064353e-51	-2.46242881726928	0.007	0.052	5.50713254627228e-47	HMGB3	c2
1.81578211254287e-51	-0.460423161697688	0.182	0.29	6.08977004904626e-47	MIF4GD	c2
1.95174957308458e-51	-0.358134472861646	0.392	0.516	6.54577771821106e-47	POLR2E	c2
1.97999367738384e-51	-0.455876106655017	0.18	0.289	6.64050279520993e-47	YIF1A	c2
2.0191167391287e-51	-4.38405118264598	0.002	0.041	6.77171371968983e-47	KNL1	c2
2.71474240671546e-51	-0.61391056350764	0.091	0.174	9.1047030836423e-47	SMC6	c2
2.9090054705996e-51	0.234496663710535	0.832	0.819	9.75622254729693e-47	RPS10	c2
3.08481970747578e-51	-0.222810346970436	0.803	0.862	1.03458683349323e-46	TRIR	c2
3.24307905816433e-51	-1.65575661111515	0.017	0.068	1.08766385452715e-46	C15orf53	c2
3.26324621921217e-51	-0.325275718897775	0.471	0.593	1.09442751699938e-46	RBX1	c2
3.38136667920803e-51	-0.464355640471432	0.195	0.305	1.13404275687279e-46	GTF2I	c2
3.86238529968008e-51	-0.386991171767296	0.321	0.447	1.29536678180671e-46	UQCRC1	c2
4.00931839663398e-51	-0.786735322608191	0.066	0.14	1.3446452038631e-46	GSTM4	c2
4.30490489827501e-51	-0.382350993961615	0.325	0.454	1.44377900478347e-46	RPS19BP1	c2
4.55989498476544e-51	1.60201126233707	0.042	0.015	1.52929757999063e-46	F2RL1	c2
6.24768086982988e-51	0.767957584921032	0.184	0.12	2.09534721012355e-46	RNF144A	c2
6.42717405177554e-51	-0.594265023146767	0.099	0.184	2.15554563348448e-46	RABEP1	c2
6.72878817506857e-51	-0.510527715701914	0.151	0.251	2.2567009781545e-46	AP2A1	c2
7.17840040342315e-51	-0.432520950231586	0.227	0.343	2.40749192730005e-46	SMARCB1	c2
7.31027723446184e-51	-0.845817248805361	0.049	0.115	2.45172077889381e-46	PCK2	c2
7.82065959812488e-51	-0.479067442800086	0.161	0.264	2.62289281601912e-46	CHCHD1	c2
9.15911955278105e-51	-0.254983896177639	0.895	0.911	3.07178551561171e-46	HCST	c2
9.51992826624949e-51	-1.18887898603319	0.038	0.099	3.19279354193475e-46	TRPS1	c2
9.78955579644261e-51	-0.541303469077641	0.111	0.2	3.28322122301092e-46	PRKAG1	c2
9.91402869877574e-51	-0.440932934274102	0.183	0.291	3.32496694499541e-46	SMNDC1	c2
1.17273671884989e-50	-0.321809681830009	0.529	0.645	3.93312440767877e-46	VCP	c2
1.19486130487774e-50	-3.67116937046241	0.004	0.046	4.00732584429895e-46	CDK1	c2
1.32894200963538e-50	-1.57560124617539	0.022	0.075	4.45700571191514e-46	CPNE7	c2
1.37000087162699e-50	-1.19894836758756	0.025	0.08	4.59470892326259e-46	FANCA	c2
1.4311366090441e-50	1.56435333986622	0.046	0.018	4.79974595941211e-46	PCSK5	c2
1.67478906783327e-50	-0.351101479812014	0.382	0.517	5.61690757569921e-46	ATP6V0B	c2
1.82626624733385e-50	-0.536416820256531	0.223	0.328	6.12493174030825e-46	TMPO	c2
1.90918139070152e-50	-0.422581688512577	0.303	0.422	6.40301254813475e-46	KRAS	c2
2.05083417011758e-50	-0.377581987736585	0.268	0.39	6.87808763974035e-46	PRPF4B	c2
2.0895155223484e-50	0.253393719624579	0.768	0.723	7.00781715885206e-46	PDCD4	c2
2.49680503770983e-50	-2.79717258913046	0.008	0.052	8.37378473547122e-46	BEX3	c2
2.50338541224072e-50	0.395987234834049	0.717	0.703	8.39585399557292e-46	SELENOK	c2
2.67874730118118e-50	-1.27920653803104	0.037	0.097	8.98398269870144e-46	HAGHL	c2
2.72330125437355e-50	-4.76172064180572	0.001	0.04	9.13340774691801e-46	CXorf21	c2
2.92900156377237e-50	0.199813085797713	0.943	0.917	9.82328544457977e-46	HSP90AB1	c2
3.22936398136281e-50	-0.349174345123707	0.77	0.827	1.08306409206946e-45	TRBC2	c2
3.44058112639455e-50	-0.471893783019504	0.146	0.244	1.15390209817021e-45	RABL6	c2
3.47037978961117e-50	-0.322674870653828	0.56	0.663	1.16389597383979e-45	SNRPG	c2
3.58197560910673e-50	-3.03441284519661	0.004	0.045	1.20132297978221e-45	AGMAT	c2
3.61561784563391e-50	-0.731640973103033	0.084	0.162	1.2126059130687e-45	TMEM140	c2
3.82887298296424e-50	-4.36032525184915	0.001	0.039	1.28412742102655e-45	GOLIM4	c2
4.25950552696975e-50	-0.447281721551319	0.161	0.264	1.42855296363512e-45	VPS25	c2
4.32667149307513e-50	-4.14780758253341	0.003	0.042	1.45107908534754e-45	AC004585.1	c2
4.55632891646513e-50	-0.409972505508267	0.243	0.361	1.52810159200407e-45	NT5C	c2
4.65576627209103e-50	-0.27309837398126	0.708	0.792	1.56145089233389e-45	SEPT7	c2
5.55081624436838e-50	-1.85935658471107	0.011	0.057	1.86163275203627e-45	PAQR4	c2
7.41232925986944e-50	1.05603033065003	0.11	0.062	2.48594698717501e-45	SPON1	c2
8.22861445548832e-50	-0.149195688495282	0.984	0.991	2.75971271608167e-45	EEF1D	c2
8.2850850640318e-50	-0.485002667935865	0.154	0.254	2.77865182877498e-45	TXNDC9	c2
8.38540558504164e-50	-0.959744290357276	0.044	0.108	2.81229732511126e-45	HIST1H2BK	c2
8.95501897565843e-50	-1.07759094757463	0.032	0.09	3.00333426405633e-45	DLEU2	c2
9.31937596415164e-50	-1.54421729100807	0.016	0.066	3.12553231085718e-45	WDR34	c2
9.8040285480639e-50	-0.410522306591889	0.215	0.329	3.28807509444967e-45	EMC6	c2
1.01926292766777e-49	-0.418399066208986	0.334	0.449	3.41840400681215e-45	PRDX3	c2
1.11476690300723e-49	1.31468929197689	0.08	0.039	3.73870523930563e-45	Z93241.1	c2
1.17352282272371e-49	-1.35673402702556	0.031	0.087	3.93576084285079e-45	UBE2T	c2
1.199503306988e-49	-0.401586022244125	0.245	0.363	4.02289419097636e-45	RTF1	c2
1.27382979888577e-49	-2.89425822939925	0.004	0.044	4.27217037950309e-45	DOCK5	c2
1.27617024678455e-49	-0.557282827747343	0.11	0.197	4.28001977366601e-45	PPP6R2	c2
1.46265427415662e-49	-0.526196710866455	0.162	0.26	4.90544990466646e-45	RAB29	c2
1.70431487990854e-49	-0.361080750209574	0.37	0.499	5.71593124423725e-45	CCNDBP1	c2
1.74884466942874e-49	-0.546219796441979	0.116	0.205	5.86527525233009e-45	PDZD11	c2
1.82239344875165e-49	-1.16176423513518	0.035	0.094	6.11194314842329e-45	HS3ST3B1	c2
1.91404069488136e-49	-0.360068845485179	0.294	0.422	6.4193096824931e-45	NDUFB5	c2
2.09297497521241e-49	-3.79244824669366	0.003	0.042	7.01941947186737e-45	FCGR3A	c2
2.17585530404091e-49	-0.521515971758161	0.143	0.238	7.2973835186924e-45	TRPC4AP	c2
2.5186262692401e-49	-5.29132267309125	0.001	0.037	8.44696878177745e-45	HMOX1	c2
2.53576886711614e-49	-0.797282376495325	0.064	0.135	8.5044616265341e-45	MEF2D	c2
2.78164705269637e-49	-0.467793240505976	0.15	0.248	9.32908788533309e-45	CCDC28A	c2
3.25063717581388e-49	-0.453625502948596	0.133	0.227	1.09019869602446e-44	AGGF1	c2
3.44277067335088e-49	-0.55136375069553	0.142	0.236	1.15463642842842e-44	SLAMF6	c2
4.42613736397716e-49	-0.435507038313644	0.188	0.296	1.48443794913066e-44	LSM1	c2
6.00926457668714e-49	-0.884724757735599	0.043	0.106	2.01538715372933e-44	BARD1	c2
6.03683048359149e-49	-2.00010110202149	0.01	0.055	2.02463220758691e-44	CENPU	c2
7.20316622073206e-49	-5.13847563677306	0.001	0.038	2.41579788710912e-44	ADTRP	c2
7.65952567837335e-49	-7.17402978209839	0.001	0.037	2.56885172201285e-44	UBE2C	c2
7.79314981175269e-49	0.11473817288971	0.996	0.99	2.61366658386562e-44	RPS29	c2
8.24379535252662e-49	-0.303101652186185	0.516	0.629	2.76480408533038e-44	NDUFB9	c2
8.55238503748614e-49	-2.11198809418933	0.01	0.054	2.8682988938721e-44	CENPW	c2
9.46771298460812e-49	-1.79481290984545	0.014	0.061	3.17528158077787e-44	PLAGL1	c2
1.06802368484323e-48	-0.215468285419746	0.811	0.869	3.58193783422722e-44	EIF3F	c2
1.36552835643591e-48	-0.448823238861969	0.18	0.283	4.57970900181476e-44	FAM104A	c2
1.46830472479437e-48	-5.94044375390688	0.001	0.038	4.92440038601536e-44	CD79A	c2
1.49200872628901e-48	-0.544509315416629	0.149	0.243	5.00389886622808e-44	NLRC3	c2
1.57667953874468e-48	-0.513497107450172	0.161	0.258	5.2878678370419e-44	CDK4	c2
1.59780359503632e-48	-0.411275528031867	0.195	0.304	5.3587136970328e-44	SRA1	c2
1.65012617984626e-48	-0.331058078367327	0.491	0.608	5.5341931819684e-44	ACTR2	c2
1.78102870973237e-48	-0.931165107280679	0.056	0.122	5.97321408670042e-44	FURIN	c2
1.78723832887851e-48	0.368522182415192	0.646	0.603	5.99403990739273e-44	ADGRE5	c2
1.99783812087941e-48	-0.285052426531728	0.564	0.676	6.70034948980538e-44	UBE2I	c2
2.48956015297202e-48	-0.333097628484938	0.466	0.583	8.34948684103756e-44	SUMO1	c2
2.59343758359785e-48	-0.527781486222987	0.103	0.188	8.69787096787046e-44	MRPL58	c2
2.86644034870486e-48	-0.144289898192325	0.971	0.978	9.61346764148636e-44	BTF3	c2
3.05739764032215e-48	-0.396803485575879	0.214	0.327	1.02539002061124e-43	MRPS15	c2
3.1015552281006e-48	0.704520384838073	0.224	0.158	1.04019959240038e-43	CD300A	c2
3.1113289112517e-48	-0.297520856003367	0.564	0.666	1.04347749025559e-43	COX7B	c2
3.13770352978305e-48	-0.434143619453215	0.207	0.315	1.05232300981864e-43	SMIM29	c2
3.17136710982644e-48	-0.802502686258579	0.078	0.151	1.06361310129359e-43	UBASH3B	c2
3.64736718722352e-48	-0.364661416007715	0.444	0.557	1.22325400725102e-43	PSMA6	c2
3.88163311658888e-48	-0.653015558416382	0.079	0.154	1.30182211464158e-43	GDE1	c2
4.21732119001972e-48	-0.322724260820262	0.575	0.666	1.41440518070881e-43	SNRPB	c2
4.65675145942213e-48	-0.285671049517585	0.584	0.683	1.56178130446099e-43	COPE	c2
4.67244027617471e-48	-2.66057344580191	0.006	0.048	1.56704301982347e-43	GINS2	c2
4.96712614151085e-48	-0.601795502106728	0.091	0.17	1.66587476533991e-43	PGD	c2
5.47070501923504e-48	-0.374788440913141	0.425	0.544	1.83476504935105e-43	NAP1L4	c2
5.77103971502156e-48	-0.704760749543467	0.097	0.176	1.93549129962393e-43	GPR68	c2
6.01770094757643e-48	-0.310495023332696	0.475	0.601	2.01821654379818e-43	NDUFA13	c2
6.31107735626216e-48	-0.431783045400959	0.167	0.269	2.1166091237432e-43	TSSC4	c2
6.63837177515663e-48	-0.29469202130803	0.651	0.742	2.22637712595203e-43	WIPF1	c2
7.52393027239292e-48	-0.469312963974738	0.176	0.277	2.52337573475514e-43	TRIM69	c2
7.94255163230717e-48	-0.497924395010247	0.167	0.266	2.66377296644318e-43	COA1	c2
8.182409164959e-48	-0.342386739912852	0.427	0.556	2.74421638574395e-43	PET100	c2
8.24457826588844e-48	-0.668835569531772	0.067	0.138	2.76506665881367e-43	NRAS	c2
8.38751084372218e-48	-0.990163486155211	0.033	0.091	2.81300338676754e-43	MSRB1	c2
8.6936356600907e-48	-0.310121720259338	0.527	0.635	2.91567152768122e-43	NOP10	c2
8.85421937586847e-48	-0.327083308853522	0.454	0.582	2.96952809427877e-43	ZNF706	c2
9.30221871342723e-48	-0.528268744703904	0.128	0.218	3.11977811210922e-43	MIIP	c2
9.73455464862604e-48	-0.934726566295419	0.072	0.142	3.2647749380562e-43	SESN3	c2
1.05696011829569e-47	-0.278469859013962	0.662	0.744	3.54483284474009e-43	SERBP1	c2
1.07834252255197e-47	-0.487175843088804	0.099	0.182	3.61654515213479e-43	RPL26L1	c2
1.1815230131124e-47	-0.503349875290453	0.165	0.262	3.96259188137638e-43	CHMP7	c2
1.30192638365344e-47	-0.412641462163028	0.25	0.364	4.3664007054969e-43	AKIRIN2	c2
1.40861113139912e-47	0.410703034156412	0.501	0.437	4.72420001248636e-43	NCF1	c2
1.50384441913083e-47	1.03559435660984	0.116	0.067	5.04359341288099e-43	ZBTB10	c2
1.74050737640261e-47	-5.22854777250776	0.001	0.037	5.83731363897906e-43	UHRF1	c2
1.90161758724381e-47	-0.450364357843626	0.128	0.22	6.37764506409828e-43	RPUSD3	c2
2.01451258781954e-47	-0.50911706154801	0.127	0.216	6.75627231702918e-43	COMMD5	c2
2.1416725174983e-47	-0.360198811624397	0.342	0.467	7.18274128918581e-43	C4orf48	c2
2.15817808802016e-47	-0.351314922881639	0.274	0.396	7.23809767160203e-43	SH3GLB1	c2
2.18031844154687e-47	-6.04051465707115	0.001	0.037	7.31235198925989e-43	ASPM	c2
2.28669937092737e-47	-0.825999389102003	0.044	0.106	7.66913235021621e-43	EMC9	c2
2.31792701755894e-47	-0.871203352874418	0.062	0.13	7.77386363148918e-43	MAP1LC3A	c2
3.07989463571407e-47	-1.2768881652513	0.055	0.118	1.03293506292579e-42	MCM7	c2
3.08978094132022e-47	-0.425860398532429	0.171	0.273	1.03625073209997e-42	ELOF1	c2
3.13971323832348e-47	-0.50406680241478	0.127	0.216	1.05299702586893e-42	TRIP12	c2
3.30619747453179e-47	-5.16120672081091	0.001	0.037	1.10883250900847e-42	CCNB2	c2
3.98877750714455e-47	-0.821490646880285	0.103	0.18	1.33775620034614e-42	MCM5	c2
4.24542054041684e-47	0.208901654505749	0.993	0.984	1.423829140845e-42	BTG1	c2
4.63363054094805e-47	-0.386421386212134	0.259	0.375	1.55402701082316e-42	DR1	c2
4.81936615166716e-47	-0.226118139629455	0.752	0.816	1.61631901994613e-42	COX7A2	c2
4.83032765750328e-47	-0.575091553598439	0.122	0.209	1.61999528977345e-42	PTPN11	c2
4.987015628858e-47	-0.475859187309523	0.118	0.206	1.6725453016064e-42	AP1S1	c2
6.15020629454516e-47	-1.03665664169581	0.075	0.144	2.06265618706456e-42	ARMH1	c2
6.22538123241933e-47	-0.332385162691538	0.544	0.661	2.0878683577288e-42	PNISR	c2
6.25833409632428e-47	-0.380624760083358	0.307	0.425	2.09892008922524e-42	IGBP1	c2
6.87989089298578e-47	-0.421946984437373	0.165	0.265	2.30737780768957e-42	PPP5C	c2
7.55180805007027e-47	-0.347017740511056	0.454	0.564	2.53272538383257e-42	ANAPC11	c2
7.59259757312481e-47	-0.342214046705194	0.423	0.544	2.5464053740746e-42	SRSF9	c2
7.60344232886038e-47	-0.688084636771781	0.076	0.149	2.5500424882532e-42	MTHFD1	c2
7.6484772582144e-47	-0.412361591825031	0.172	0.274	2.56514630285994e-42	DDA1	c2
8.08533070870037e-47	1.42387997416516	0.049	0.02	2.71165821308393e-42	COLGALT2	c2
8.60182735881891e-47	-0.472260801547344	0.267	0.38	2.88488085960069e-42	CTSS	c2
9.9340511916807e-47	-1.00482246593455	0.035	0.092	3.33168208866587e-42	ZMIZ1	c2
1.42667799230383e-46	-1.84904305332719	0.014	0.059	4.78479265058859e-42	PRR5L	c2
1.47528199158936e-46	-0.544869705959679	0.143	0.233	4.94780074339238e-42	OGDH	c2
1.47923559703714e-46	-2.68695131710799	0.016	0.061	4.96106034534316e-42	TRDV1	c2
1.62776502092409e-46	1.00425132303102	0.116	0.067	5.45919832717522e-42	ARHGAP5	c2
2.17505635620001e-46	-0.272626961663215	0.602	0.697	7.29470400742358e-42	PSMB1	c2
2.55447017811903e-46	-0.296497004071743	0.493	0.62	8.56718208337561e-42	ATP5ME	c2
2.62167021918214e-46	-0.426552317990399	0.193	0.297	8.79255758109307e-42	UBA1	c2
3.01728971894896e-46	1.11171269896357	0.262	0.198	1.0119386259411e-41	MYC	c2
3.47876079454794e-46	-0.570112958598375	0.09	0.168	1.16670679527549e-41	SNAP47	c2
3.53359633396242e-46	-0.535086676671538	0.182	0.278	1.18509753848432e-41	CCDC167	c2
3.55281851703068e-46	1.54169264449268	0.057	0.025	1.19154427424175e-41	ARHGEF40	c2
4.62729384436682e-46	-0.395646342042757	0.238	0.351	1.55190180952375e-41	PSMB7	c2
4.64364003067381e-46	-3.09988176895564	0.005	0.044	1.55738399348738e-41	CENPE	c2
4.66249704839378e-46	-0.474517171504543	0.127	0.217	1.5637082600903e-41	ATP6V1D	c2
4.7638843837516e-46	-0.387446437609857	0.227	0.338	1.59771154462261e-41	GID8	c2
4.87098535136979e-46	-0.524205197830724	0.134	0.223	1.6336310671424e-41	TRAFD1	c2
5.13581958124168e-46	-7.48528869472323	0	0.034	1.72245117115683e-41	ADAM28	c2
5.32909271911275e-46	-0.379155052033945	0.311	0.429	1.78727111613603e-41	SLTM	c2
5.339371843733e-46	-2.30490206253407	0.006	0.045	1.79071852895117e-41	PLOD1	c2
5.47086652738641e-46	0.704298608238851	0.293	0.228	1.83481921595486e-41	KMT2E-AS1	c2
5.68686170301632e-46	-2.30402968391837	0.009	0.05	1.90725967795761e-41	CPA5	c2
5.75423723840341e-46	-0.862784830677734	0.047	0.108	1.92985608501574e-41	RTP4	c2
5.76841042725366e-46	-0.31669562051357	0.505	0.618	1.93460948909233e-41	LPXN	c2
6.10995746778072e-46	-0.234820741468928	0.73	0.8	2.0491575355443e-41	EIF3H	c2
6.17106638780747e-46	-0.35664155731198	0.378	0.497	2.06965224514287e-41	NDUFC1	c2
6.25435830719366e-46	-0.470621021046085	0.171	0.27	2.09758668906661e-41	PTPN18	c2
6.64676756934779e-46	0.538685147516087	0.302	0.231	2.22919290740786e-41	NCF4	c2
6.91013165510073e-46	-0.746803022866416	0.434	0.487	2.31751995448768e-41	HOPX	c2
7.0175203293167e-46	-0.273952323580838	0.554	0.672	2.35353596804623e-41	SF3B2	c2
7.5942725369192e-46	-0.345805405569211	0.316	0.442	2.54696712343196e-41	LAMTOR5	c2
8.05544355495568e-46	-4.53344295319973	0.001	0.036	2.70163465946104e-41	CEP55	c2
8.30042031625823e-46	-0.453566385413868	0.148	0.242	2.78379496566668e-41	SURF2	c2
8.4253289334551e-46	-0.394205742884212	0.189	0.294	2.82568681770217e-41	TMEM183A	c2
8.81715187589595e-46	-0.355138605375743	0.342	0.464	2.95709639613798e-41	SF3B4	c2
8.93482214848862e-46	-0.648957125306542	0.086	0.161	2.99656065216011e-41	ATP6V0A2	c2
9.01934371059275e-46	-2.09485238664366	0.043	0.099	3.0249074936586e-41	TRGV4	c2
9.95562268388288e-46	-0.375869997025215	0.263	0.38	3.33891673572064e-41	TINF2	c2
1.02189202379703e-45	-0.574422351347439	0.075	0.148	3.42722146941048e-41	TOR2A	c2
1.13816496381721e-45	-1.52085426899149	0.025	0.075	3.81717765565016e-41	HLA-DMB	c2
1.17341445419318e-45	-3.26896234709261	0.003	0.039	3.93539739647308e-41	C1orf21	c2
1.30520962496511e-45	-0.347693320292669	0.412	0.529	4.37741204020797e-41	CCT8	c2
1.33082016481289e-45	-2.80456387418147	0.007	0.047	4.46330466874947e-41	AC017002.3	c2
1.51017418855633e-45	-0.459602199811908	0.144	0.236	5.06482219358022e-41	ANAPC15	c2
1.5181084033849e-45	-0.414144415385001	0.285	0.396	5.09143196327229e-41	MYO1G	c2
1.52012914191134e-45	-0.292845366474063	0.581	0.687	5.09820911614227e-41	CELF2	c2
1.54036710331083e-45	-0.739656542918005	0.066	0.135	5.16608319108386e-41	MFSD6	c2
1.60495407998798e-45	-3.75212875300134	0.002	0.038	5.38269499346367e-41	PIF1	c2
1.60756964486175e-45	0.312230758646973	0.61	0.569	5.39146707493733e-41	TMEM123	c2
1.65854024779742e-45	-4.55650545125742	0.002	0.038	5.56241228306298e-41	CCNA2	c2
1.73260781498855e-45	-1.41950457648963	0.015	0.06	5.81082008990858e-41	AKAP2	c2
1.88458421328884e-45	-3.13406226498774	0.003	0.04	6.3205185345281e-41	ZBTB32	c2
2.09455195963545e-45	-0.210761416967835	0.792	0.848	7.02470836222538e-41	UBE2D3	c2
2.30099134764257e-45	-0.809853254364272	0.051	0.113	7.71706478172366e-41	ACOT2	c2
2.32983730383433e-45	-0.355538138794121	0.265	0.384	7.81380834959958e-41	ZMAT2	c2
2.42239170964387e-45	-0.384148580480594	0.213	0.323	8.12421731580363e-41	TRAPPC2L	c2
2.44622694146993e-45	0.360387549720033	0.631	0.605	8.20415591630186e-41	IDS	c2
2.47791025294696e-45	-0.414169523708328	0.216	0.323	8.31041540633351e-41	LAGE3	c2
2.6624026103171e-45	-0.878669200169488	0.06	0.126	8.92916587448148e-41	TFRC	c2
2.66909894526371e-45	-4.5528155513665	0.001	0.035	8.95162404262543e-41	CERS6	c2
2.68934056068039e-45	-1.54772348971628	0.013	0.057	9.01951037240989e-41	FANCI	c2
2.71976587292059e-45	-0.364035098292088	0.288	0.407	9.12155078460107e-41	PPP1R7	c2
2.82501989932089e-45	-4.07146923667681	0.002	0.038	9.47455173834239e-41	CRACR2B	c2
3.44676340738408e-45	-0.366248740890559	0.312	0.431	1.15597551156847e-40	GSDMD	c2
3.48574417398037e-45	-0.419080675893858	0.196	0.3	1.16904888106954e-40	GMIP	c2
3.52103990249417e-45	-0.165466232747514	0.783	0.736	1.1808863624985e-40	HIST1H4C	c2
3.72765694698079e-45	-0.43695398437745	0.148	0.242	1.25018158687842e-40	QARS	c2
3.77014264808733e-45	-0.419308078237711	0.213	0.32	1.26443044131553e-40	HDLBP	c2
3.98000539985089e-45	-1.05476165798909	0.033	0.088	1.33481421100199e-40	AIM2	c2
4.03336095141501e-45	-0.255165666169113	0.658	0.744	1.35270859588557e-40	TRAPPC1	c2
4.2534669940006e-45	-0.606330536889251	0.147	0.234	1.42652776044792e-40	KIF22	c2
4.4472621009883e-45	-0.429699184027432	0.218	0.323	1.49152276342946e-40	PLSCR3	c2
4.62632584544767e-45	-0.601506908007716	0.075	0.147	1.55157716204624e-40	NIT1	c2
4.81423846176522e-45	-5.61129395379282	0.001	0.034	1.61459929530682e-40	AURKB	c2
5.04632242307142e-45	-0.621647933604297	0.421	0.51	1.69243561424969e-40	PIM2	c2
5.12167471859601e-45	-0.500273396773317	0.16	0.252	1.71770726712273e-40	RFTN1	c2
5.1584296223574e-45	-3.41635438896744	0.004	0.04	1.73003412674622e-40	KIFC1	c2
5.54284496051013e-45	-3.36907676744605	0.011	0.052	1.85895934285589e-40	TYROBP	c2
5.60426660495367e-45	-0.509846847925141	0.118	0.202	1.87955893396936e-40	CUL5	c2
5.90340797217649e-45	-0.336478812554466	0.338	0.459	1.97988496570855e-40	PRPF40A	c2
6.37525251426825e-45	-0.310555615613219	0.492	0.599	2.13813218823528e-40	CBX3	c2
6.44148944956222e-45	-0.365007824770015	0.312	0.43	2.16034673159418e-40	RTF2	c2
6.62455389891786e-45	-0.34181955954602	0.371	0.493	2.22174288661907e-40	OXA1L	c2
6.8555238576623e-45	-1.67284729268126	0.013	0.056	2.29920559138278e-40	SLC2A8	c2
7.11069379571723e-45	-0.455617499096716	0.179	0.278	2.38478448520764e-40	ATOX1	c2
8.66141633885606e-45	-0.586993318166931	0.088	0.163	2.90486581172555e-40	STYXL1	c2
8.7770842843045e-45	-0.402834476141959	0.173	0.272	2.94365852727004e-40	RTCA	c2
9.23066647368715e-45	-0.406341112912815	0.214	0.32	3.0957809219452e-40	MOB3A	c2
9.29540351830236e-45	-6.02884622369565	0	0.034	3.11749243196825e-40	PKMYT1	c2
9.73003910731371e-45	-0.375684546824695	0.285	0.401	3.26326051581087e-40	CMC2	c2
9.84954126603129e-45	-0.375735787110097	0.19	0.294	3.30333914980157e-40	ZNF655	c2
1.01636086975224e-44	-0.540914550307733	0.138	0.225	3.40867108497505e-40	PRKCB	c2
1.04693329538992e-44	-0.511919970453766	0.12	0.205	3.5112048860787e-40	TMEM120A	c2
1.06644592829605e-44	-0.90793570036644	0.029	0.082	3.57664635431928e-40	AL441992.1	c2
1.30821904810882e-44	-0.263998501950556	0.584	0.686	4.38750504354737e-40	ATP5PF	c2
1.36159323030767e-44	-0.178434832765864	0.873	0.909	4.56651137580587e-40	EIF3K	c2
1.46235881656105e-44	-0.463104692801326	0.137	0.227	4.90445899898246e-40	PLGRKT	c2
1.46407227126898e-44	-1.25299063162173	0.071	0.137	4.9102055833819e-40	ID3	c2
1.50376082023341e-44	-0.256036388547188	0.698	0.776	5.0433130388988e-40	HIGD2A	c2
1.51057738475667e-44	-0.390621064981674	0.226	0.335	5.06617443299691e-40	SNF8	c2
1.84969543964273e-44	-0.385133039755392	0.177	0.279	6.20350856547377e-40	MRPL38	c2
2.11578053042478e-44	-0.661877489126995	0.085	0.158	7.09590474293862e-40	ADORA2A	c2
2.39537273289199e-44	-2.9611205599806	0.003	0.038	8.03360107157316e-40	DHCR24	c2
2.49166766708087e-44	-0.404429306016834	0.155	0.25	8.35655502185582e-40	PABPN1	c2
2.50239234893513e-44	-0.646934929639755	0.07	0.139	8.39252345985865e-40	MBD2	c2
2.63963704868556e-44	-0.387167053544378	0.16	0.257	8.85281473388162e-40	PFDN6	c2
2.72790397977035e-44	-0.38176794405135	0.187	0.289	9.14884436735379e-40	PFDN4	c2
3.47605942848592e-44	-3.83061490218828	0.002	0.036	1.16580081112561e-39	SGO1	c2
3.71961581376653e-44	-0.428589889879908	0.138	0.228	1.24748475162102e-39	MRPS14	c2
4.09102300945816e-44	-0.328559524624722	0.373	0.497	1.37204729691208e-39	RER1	c2
4.24974965800018e-44	-0.328245668326142	0.309	0.431	1.4252810403001e-39	XRN2	c2
4.29477635576427e-44	-1.01559651185383	0.028	0.079	1.44038209419622e-39	SLC25A33	c2
4.58858786758402e-44	-0.363919881822541	0.429	0.541	1.53892059903033e-39	DOK2	c2
4.62455597651651e-44	-0.403309019315442	0.434	0.539	1.55098358340411e-39	STAT1	c2
5.18258641936237e-44	1.33226338751506	0.053	0.023	1.73813583332575e-39	ENPP5	c2
5.39211765185894e-44	-0.446100756080243	0.122	0.208	1.80840841808045e-39	MPDU1	c2
5.43247725529971e-44	-0.416161532004172	0.35	0.461	1.82194422188242e-39	YPEL3	c2
7.25303882320432e-44	-0.412533286041924	0.173	0.27	2.43252416052626e-39	PSMD1	c2
7.71642154665101e-44	0.913395265533409	0.143	0.091	2.58793345831582e-39	RNF24	c2
7.82457182152118e-44	-2.02766870168216	0.007	0.046	2.62420489750177e-39	ARHGAP11A	c2
8.77597337155922e-44	-0.607689360707591	0.08	0.151	2.94328594935353e-39	ST6GALNAC4	c2
9.16479540082232e-44	-0.389786001112702	0.224	0.332	3.07368908152779e-39	TTC1	c2
1.3939982946145e-43	-0.293944890273042	0.509	0.622	4.67519148047812e-39	FAM96B	c2
1.46801739734605e-43	-0.507857451887272	0.101	0.179	4.92343674721918e-39	MARCH5	c2
1.56441659415688e-43	0.196022572984652	0.502	0.41	5.24674037348336e-39	AQP3	c2
1.60166768650164e-43	-0.377573866037145	0.229	0.338	5.3716730869892e-39	EAPP	c2
1.67675171522215e-43	-0.322013181722441	0.384	0.51	5.62348990251204e-39	GRB2	c2
1.73316928766057e-43	-5.82554035813639	0.001	0.033	5.812703156956e-39	TROAP	c2
1.86129797516359e-43	-0.483202598453625	0.102	0.18	6.24242114910364e-39	EED	c2
1.97754609759422e-43	-0.448576007982269	0.156	0.248	6.6322941021115e-39	MARK3	c2
1.99827774515528e-43	-0.351707910500202	0.274	0.388	6.70182390170179e-39	GSTO1	c2
2.14391088693909e-43	-0.45463911724679	0.103	0.183	7.19024833261634e-39	EMC8	c2
2.35597658759109e-43	-0.32829717214003	0.365	0.488	7.90147427946299e-39	ZNF207	c2
2.38640990438896e-43	-0.459634930388466	0.194	0.291	8.00354153733969e-39	RBM38	c2
2.56227850234219e-43	0.22440786091229	0.809	0.788	8.59336964115523e-39	DAD1	c2
2.78318247849626e-43	-0.288095250954181	0.483	0.596	9.33423739638075e-39	CAPZA1	c2
3.48229136011504e-43	-0.318592716373792	0.478	0.599	1.16789087635538e-38	TAX1BP1	c2
4.19666798739324e-43	-0.644824175671931	0.068	0.135	1.40747850961194e-38	KLHDC4	c2
4.55349374283704e-43	-0.660449887658229	0.057	0.12	1.52715073147269e-38	EXOSC4	c2
4.80664905399817e-43	-0.342958036576237	0.436	0.55	1.61205395972991e-38	SURF4	c2
4.85304249024769e-43	-0.315496850112848	0.419	0.539	1.62761339037927e-38	PSMC5	c2
5.33440675343281e-43	-2.82135617834486	0.005	0.041	1.78905333696629e-38	PIK3R3	c2
6.13981865993949e-43	-0.514762044712421	0.09	0.164	2.05917238217051e-38	ZNF580	c2
6.9476994982605e-43	0.870859549190163	0.349	0.296	2.33011945772661e-38	CHMP1B	c2
8.89884221263438e-43	-2.38378396829689	0.006	0.042	2.98449370127332e-38	MFGE8	c2
9.18313002774476e-43	-0.349118348153209	0.352	0.47	3.07983814870504e-38	BTN3A2	c2
9.97119052902903e-43	-0.61007783960288	0.071	0.139	3.34413787962576e-38	SNRNP25	c2
1.00782583066108e-42	-0.773103185782557	0.085	0.154	3.38004627087113e-38	RASA3	c2
1.04101150945524e-42	-0.361167045107974	0.256	0.368	3.49134440041097e-38	RBM42	c2
1.06791873727266e-42	-0.442910455972595	0.119	0.202	3.58158586106506e-38	SSSCA1	c2
1.13304562910945e-42	-0.327164556570802	0.337	0.456	3.80000843090727e-38	TKT	c2
1.25406800657648e-42	-0.531067694902178	0.47	0.539	4.20589328045621e-38	LINC01871	c2
1.29381001658855e-42	-0.360872168116756	0.185	0.286	4.33918003363467e-38	EXOSC1	c2
1.43124599801932e-42	-0.645703206301552	0.096	0.171	4.8001128281572e-38	SLC7A5	c2
1.879542621622e-42	-0.37678951558449	0.227	0.333	6.30361004439588e-38	SPAG7	c2
2.32092930178792e-42	-2.0624642364292	0.008	0.047	7.78393269233634e-38	NCAPH	c2
2.35898283513492e-42	-0.753571855742615	0.042	0.099	7.91155663247548e-38	CLN6	c2
2.37136382638686e-42	-0.4297624544293	0.097	0.173	7.95308000093626e-38	HAUS1	c2
2.52431776193406e-42	-0.322085941943264	0.478	0.595	8.46605690997443e-38	PAK2	c2
2.63778016637192e-42	-1.27233296279258	0.041	0.095	8.84658712197816e-38	NELL2	c2
2.70634471858836e-42	-4.80619860406202	0.001	0.033	9.07653891720166e-38	GTSE1	c2
2.79547251334283e-42	-0.276424350200255	0.535	0.652	9.3754557152492e-38	NDUFA3	c2
3.11524580704746e-42	-0.368877759132099	0.238	0.347	1.04479113876758e-37	CDC123	c2
3.27267372661643e-42	-0.448445601273719	0.234	0.334	1.09758931443262e-37	RPA3	c2
3.41061998161321e-42	-6.8970170461909	0	0.031	1.14385372943344e-37	HMMR	c2
3.41371674124954e-42	-0.239180037753162	0.848	0.874	1.14489232068027e-37	LCP1	c2
3.86211506304836e-42	-0.424964347849352	0.151	0.242	1.29527614984516e-37	KEAP1	c2
4.04236052464773e-42	-0.825021839500772	0.056	0.117	1.35572687275635e-37	SFMBT2	c2
4.3349933029957e-42	-0.377601469513925	0.219	0.324	1.4538700539587e-37	MCRIP1	c2
4.34164996125632e-42	-0.336140225297717	0.362	0.481	1.45610256400614e-37	SRSF4	c2
4.34780786648755e-42	-0.404256804758825	0.165	0.259	1.4581678022626e-37	FRG1	c2
4.35882823314893e-42	-0.502032971451805	0.102	0.179	1.46186381283349e-37	CHFR	c2
5.08954144757934e-42	-0.342403247082492	0.312	0.429	1.70693041068916e-37	ITSN2	c2
5.36021287581588e-42	-0.441412991736494	0.362	0.46	1.79770819429113e-37	LIME1	c2
5.42640193687921e-42	-0.319229130163265	0.377	0.497	1.81990668159055e-37	SNX17	c2
5.48101502831689e-42	0.838619006064724	0.111	0.065	1.83822282019692e-37	CLU	c2
5.50988760237089e-42	-0.388145659865537	0.158	0.251	1.84790610408315e-37	C22orf39	c2
5.7601810769821e-42	-0.334681703219639	0.366	0.486	1.93184952959826e-37	SYF2	c2
5.89177089286111e-42	-0.907506165284907	0.035	0.088	1.97598212204776e-37	SLC1A4	c2
5.96009595373703e-42	-0.455400741472856	0.111	0.192	1.99889698096433e-37	WDR18	c2
6.18390238333462e-42	-0.382443768227522	0.168	0.264	2.07395718132277e-37	MRPL13	c2
6.4677545047381e-42	-0.879696336703991	0.057	0.118	2.16915550579907e-37	HIST1H2AC	c2
6.92909326936573e-42	0.877495324062991	0.132	0.082	2.32387930067988e-37	ZSCAN18	c2
7.16812800724986e-42	-0.747237108944852	0.053	0.113	2.40404677107146e-37	APOBEC3H	c2
7.56331803401309e-42	-0.969369170641556	0.042	0.097	2.53658560224731e-37	TTC38	c2
9.35188885634052e-42	0.531841206447666	0.372	0.308	3.13643648463948e-37	PRMT9	c2
9.63578381065349e-42	-0.480904999957738	0.14	0.226	3.23164917441697e-37	DIP2A	c2
9.75463963711196e-42	-3.42051002549616	0.002	0.036	3.27151104149461e-37	NCAPG	c2
9.79229994162154e-42	0.829547216882308	0.137	0.086	3.28414155442103e-37	APP	c2
1.03591382554513e-41	-0.402874302475662	0.163	0.256	3.47424778811326e-37	COA6	c2
1.06660520395162e-41	-7.17956990785309	0	0.031	3.57718053301295e-37	DLGAP5	c2
1.102134756778e-41	-0.222727098816821	0.732	0.804	3.69633954728206e-37	PRR13	c2
1.17219687387066e-41	-0.307723039877571	0.372	0.496	3.9313138755874e-37	STRAP	c2
1.17244972162933e-41	-0.607014412486327	0.085	0.155	3.93216187640044e-37	RMND5A	c2
1.1753356960676e-41	-0.366835046593777	0.271	0.377	3.94184085747151e-37	SNRPA	c2
1.21309732431234e-41	-0.340005061600022	0.425	0.534	4.06848580627874e-37	ILF2	c2
1.28809642138627e-41	-0.754145421361137	0.125	0.2	4.32001777804528e-37	SAMD3	c2
1.30752580776824e-41	-0.28418005294155	0.527	0.632	4.38518005409314e-37	TCEA1	c2
1.33837118407155e-41	-4.25730780908599	0.002	0.034	4.48862927713917e-37	VDR	c2
1.37431937510851e-41	-0.414223360829605	0.189	0.286	4.60919232023893e-37	RAB24	c2
1.38468949149468e-41	-1.78652585031556	0.016	0.058	4.64397161657487e-37	JAKMIP2	c2
1.44526395498815e-41	-0.765954564132156	0.048	0.105	4.84712625223924e-37	TUBG1	c2
1.53161278945285e-41	-1.80399675156141	0.013	0.054	5.13672297326698e-37	VNN2	c2
1.54588833113098e-41	-0.167166103774475	1	0.999	5.18460028494707e-37	HLA-B	c2
1.595226163569e-41	-0.188844352942792	0.808	0.868	5.3500695073777e-37	EDF1	c2
1.70810842999602e-41	-0.330819204250233	0.309	0.423	5.72865405252067e-37	NDUFB6	c2
1.88664977638428e-41	-0.640574083535817	0.123	0.2	6.32744602003759e-37	RIN3	c2
1.99695178462698e-41	-0.42651441556936	0.153	0.243	6.69737689528197e-37	TRPT1	c2
2.08265640908914e-41	-0.267444178603734	0.604	0.696	6.98481306480316e-37	SELENOH	c2
2.18465596246203e-41	-0.333730142105983	0.363	0.477	7.32689916690515e-37	RBBP4	c2
2.24823375346165e-41	-0.336616980207734	0.187	0.288	7.54012636235968e-37	UBE2J2	c2
2.26187466143806e-41	-0.34972609156086	0.21	0.313	7.58587523953095e-37	MITD1	c2
2.34957952222393e-41	-0.375632429874861	0.22	0.324	7.88001980163461e-37	ZFAND6	c2
2.55979413366884e-41	-0.332912320363428	0.338	0.456	8.58503756549855e-37	ACP1	c2
2.6467475938013e-41	-0.51519665012686	0.098	0.172	8.8766620800908e-37	DTX2	c2
2.80320955881637e-41	-0.488360889611936	0.119	0.2	9.40140421835833e-37	TBC1D20	c2
2.86546129960399e-41	-0.237169987917613	0.685	0.765	9.61018410661187e-37	NDUFA1	c2
2.93578469052595e-41	-0.492134628491946	0.146	0.231	9.84603469508593e-37	U2AF1L4	c2
3.11445497700704e-41	-0.234510631471418	0.668	0.747	1.04452591018862e-36	NDUFB11	c2
3.17238172815568e-41	-0.342559389372884	0.393	0.507	1.06395338398885e-36	PPP1R12A	c2
3.30400423179476e-41	-0.642873990136339	0.087	0.158	1.10809693925933e-36	NME1	c2
3.35266625859411e-41	-0.392604502035899	0.146	0.234	1.12441720980729e-36	PAGR1	c2
3.45944415563525e-41	-0.415316164241613	0.169	0.262	1.16022838091695e-36	SIRT7	c2
3.46886772416204e-41	-1.42616283850933	0.019	0.063	1.16338885732947e-36	LINC00539	c2
3.50549892663075e-41	-0.338407670397858	0.304	0.421	1.17567423001342e-36	TXNL1	c2
3.51630708481206e-41	-0.35157221265791	0.215	0.319	1.17929907010427e-36	BLOC1S2	c2
3.58025630992639e-41	-0.397285482152935	0.23	0.333	1.20074636122311e-36	BLOC1S1	c2
4.1541190512461e-41	-0.560596237240285	0.08	0.148	1.39320844740692e-36	TMEM11	c2
4.27916877084928e-41	-0.348261022337242	0.218	0.325	1.43514762236743e-36	LSM10	c2
4.38809342254647e-41	-0.337666615404578	0.268	0.381	1.47167877205364e-36	MRPS36	c2
5.18710990143679e-41	-0.506017829617966	0.117	0.196	1.73965291874387e-36	DCTPP1	c2
5.21975759355994e-41	-0.529969611357227	0.083	0.153	1.75060230172813e-36	MRPL1	c2
5.54522850305488e-41	-0.319403358617929	0.355	0.463	1.85975873535455e-36	SLA	c2
5.54609703604296e-41	-0.522831794799046	0.072	0.139	1.86005002394809e-36	COMMD3	c2
5.68425876117683e-41	-0.464477739850569	0.103	0.18	1.90638670332349e-36	MTX1	c2
5.77249340769478e-41	-0.470093865867486	0.427	0.514	1.93597883907268e-36	TRBC1	c2
5.80449891492273e-41	-0.255183519013571	0.557	0.668	1.94671284608679e-36	JTB	c2
6.01642590539032e-41	-0.977341866674406	0.044	0.098	2.0177889201498e-36	USP28	c2
6.05647584996782e-41	-2.55307844265129	0.003	0.036	2.03122087056221e-36	CHEK1	c2
6.83448297122324e-41	-0.378744527288645	0.155	0.246	2.29214889888885e-36	SNAPIN	c2
6.88745544064761e-41	-0.446719666410256	0.157	0.246	2.3099148056844e-36	PREX1	c2
7.67067388623206e-41	-0.557463605385643	0.079	0.147	2.57259060796451e-36	BOP1	c2
8.14919661249219e-41	-0.306504964736482	0.479	0.59	2.73307755989763e-36	AIP	c2
8.55790131988374e-41	-0.31185416656601	0.388	0.511	2.87014894466261e-36	PAPOLA	c2
9.01424312473216e-41	-0.405472030241641	0.163	0.254	3.02319685917267e-36	ZGPAT	c2
9.98872683724423e-41	-4.92071168500879	0.002	0.033	3.35001920667497e-36	CDC20	c2
1.00702323704607e-40	-0.372107700514972	0.239	0.346	3.3773545324051e-36	ACIN1	c2
1.05066055489534e-40	-0.323132754662354	0.435	0.555	3.52370536900799e-36	SNX6	c2
1.11003915571588e-40	-0.494775413705611	0.081	0.151	3.72284932043993e-36	ERAL1	c2
1.14617611526288e-40	-1.14574774912403	0.027	0.074	3.84404545536866e-36	SPATS2L	c2
1.17826615723874e-40	-0.782360487864607	0.065	0.127	3.95166903814729e-36	METTL8	c2
1.20200947093126e-40	-0.359055374059504	0.176	0.272	4.03129936360926e-36	ELP5	c2
1.22650114246689e-40	1.42992737501984	0.066	0.033	4.11343953160545e-36	AC245014.3	c2
1.30978255754954e-40	-0.115311927595139	1	0.998	4.39274874150964e-36	MT-CO2	c2
1.36574147112912e-40	-0.355580668807858	0.249	0.357	4.58042374587284e-36	PSMC1	c2
1.41696845205708e-40	-0.377865275546403	0.274	0.38	4.75222879450905e-36	AC116366.3	c2
1.4288970464281e-40	-1.01015596506029	0.044	0.099	4.79223491431057e-36	FEN1	c2
1.47463680496743e-40	-0.789973756885824	0.045	0.101	4.94563691649976e-36	NSD2	c2
1.52335437365315e-40	-0.396051622426402	0.2	0.298	5.10902589835793e-36	ST8SIA4	c2
1.54440150670559e-40	-0.527410142553087	0.228	0.322	5.17961377318921e-36	RBPJ	c2
1.58528973313275e-40	-0.431234686716647	0.122	0.203	5.31674470698063e-36	CDK11B	c2
1.63969422071049e-40	-0.359451630224978	0.223	0.329	5.49920647741885e-36	TIPRL	c2
1.7539367837721e-40	1.17073717257221	0.077	0.041	5.88235318541487e-36	BEX5	c2
1.83406249829446e-40	-4.01747829013578	0.001	0.033	6.15107880677997e-36	CDCA5	c2
1.85851333159077e-40	-0.319057756131296	0.384	0.502	6.23308201148914e-36	LAMTOR1	c2
2.08919590403707e-40	-0.5028874015756	0.114	0.192	7.00674522295951e-36	MPPE1	c2
2.24506592139457e-40	-2.53913974784206	0.01	0.047	7.52950208717312e-36	IGFBP4	c2
2.25439444881598e-40	-1.15522517715123	0.025	0.072	7.56078810243904e-36	IDH1	c2
2.27504603020065e-40	-2.81454354967203	0.005	0.039	7.63004937608695e-36	CDCA8	c2
2.31917327842982e-40	-0.277548977798852	0.501	0.609	7.77804334119794e-36	ATP5PD	c2
2.49275458567242e-40	-0.457376093887618	0.125	0.206	8.36020032942817e-36	MKNK2	c2
2.50560111487799e-40	-0.504471353534721	0.127	0.207	8.40328501907781e-36	NLRC5	c2
3.15953268901027e-40	-0.391088166962092	0.206	0.304	1.05964407324027e-35	PPM1B	c2
3.29088823408608e-40	-0.351680628282609	0.233	0.34	1.10369809594779e-35	SDHB	c2
3.3183826864188e-40	-0.318599837482984	0.306	0.421	1.11291918537114e-35	TBCC	c2
3.40183200621529e-40	-1.75688965789883	0.02	0.064	1.14090641824448e-35	HPGD	c2
3.5078589485006e-40	-0.640689703387779	0.085	0.153	1.17646573414813e-35	ETV6	c2
3.56684168537327e-40	-0.387767573495162	0.163	0.255	1.19624736444049e-35	MRPL37	c2
3.64492615138098e-40	-0.666970635172713	0.069	0.133	1.22243533265015e-35	EIF4G3	c2
3.67173041305171e-40	-0.352993415645553	0.219	0.323	1.23142494592928e-35	PEF1	c2
4.07334580684645e-40	-0.30571476854245	0.505	0.612	1.36611871670016e-35	POLD4	c2
4.24216592917546e-40	-0.283647158783183	0.513	0.62	1.42273760932686e-35	MDH2	c2
5.02439851507805e-40	-0.537650079327306	0.077	0.144	1.68508277398688e-35	AIFM1	c2
5.0340737471646e-40	-0.469192258707142	0.13	0.212	1.68832765332406e-35	ZNF791	c2
5.37023890167626e-40	-0.438108825194134	0.161	0.249	1.80107072284418e-35	TBL1XR1	c2
5.8696616330083e-40	-0.405683819887279	0.184	0.278	1.96856711847833e-35	NMI	c2
5.95364446341418e-40	-0.450313030456534	0.113	0.191	1.99673328013985e-35	ACOT8	c2
6.06645275869333e-40	-0.779733151041599	0.051	0.108	2.03456692621057e-35	NUDT18	c2
6.24706431878725e-40	-0.351950173585226	0.191	0.289	2.09514043123487e-35	SMIM12	c2
6.63946016243508e-40	-3.43330423595405	0.003	0.035	2.22674214927748e-35	SGPP2	c2
6.71052897436318e-40	-0.760463853951057	0.058	0.117	2.25057720742192e-35	SNX18	c2
7.04821379185662e-40	-0.594898160644534	0.083	0.151	2.36382994151287e-35	STAT5B	c2
7.05984349302829e-40	-0.312223657394504	0.314	0.431	2.36773031069183e-35	MPC2	c2
7.13376539640125e-40	-0.395394719250064	0.121	0.202	2.39252223864505e-35	FAM136A	c2
7.50797713894572e-40	-5.61033777110767	0	0.03	2.51802537285961e-35	KIF2C	c2
8.00820052741953e-40	-0.432993891302332	0.134	0.217	2.68579029288596e-35	NAPRT	c2
8.02049367314455e-40	-1.80602477655391	0.01	0.047	2.68991316809922e-35	BUB1	c2
8.4594246029854e-40	-0.455864329267023	0.204	0.297	2.83712182334924e-35	SMS	c2
8.85111044373822e-40	-0.411081987015148	0.174	0.265	2.96848542062092e-35	CHD4	c2
9.36588778215282e-40	-0.363071003923884	0.167	0.261	3.14113144437841e-35	NDUFA8	c2
1.06175201161245e-39	-3.46039338217497	0.002	0.033	3.56090389654585e-35	KIF11	c2
1.06528996413247e-39	-0.522622058486411	0.108	0.182	3.57276948170747e-35	FBRS	c2
1.08891026727967e-39	-0.312404862526509	0.372	0.491	3.65198725440256e-35	R3HDM4	c2
1.17850554364828e-39	0.8495656300864	0.148	0.097	3.9524718922876e-35	AKT3	c2
1.20724967346288e-39	-1.82878322518802	0.008	0.044	4.04887395485979e-35	PRC1	c2
1.22857777512087e-39	0.335840959214592	0.506	0.455	4.12040414220038e-35	VSIR	c2
1.23464478795748e-39	-0.289579718257252	0.482	0.597	4.14075168985181e-35	TUFM	c2
1.23780325049923e-39	1.15941529294781	0.091	0.052	4.15134454152431e-35	IL23A	c2
1.31562915964391e-39	-0.488845343053827	0.116	0.194	4.41235707561374e-35	TMEM70	c2
1.3760306315932e-39	-0.363086173499609	0.169	0.261	4.61493153223728e-35	PNKP	c2
1.40892965409855e-39	-5.69687616075366	0.001	0.031	4.72526827391572e-35	METTL7A	c2
1.44981263995089e-39	-0.708863199906383	0.047	0.104	4.86238163186731e-35	MRPL12	c2
1.58501254400359e-39	-3.3359877101664	0.002	0.034	5.31581507007924e-35	KIF23	c2
1.64625011693282e-39	-0.480128746623649	0.107	0.183	5.52119364216929e-35	ZDHHC3	c2
1.68691048411746e-39	-0.6043332815134	0.089	0.158	5.65756038163313e-35	STAMBPL1	c2
1.76551029623452e-39	-0.442444088359284	0.23	0.324	5.92116843151132e-35	PRDM1	c2
1.81093764180324e-39	-0.430641817473785	0.112	0.19	6.07352266307971e-35	RAE1	c2
1.83721250424943e-39	-0.371280096265416	0.252	0.357	6.16164329675175e-35	DNM2	c2
1.89856793458777e-39	-0.452283171620683	0.133	0.215	6.36741713902045e-35	OSER1	c2
2.07878866964144e-39	-0.582070466765525	0.081	0.148	6.97184144024346e-35	DUSP10	c2
2.22258511137282e-39	-0.532471021756384	0.07	0.134	7.45410594652217e-35	APOL2	c2
2.66668745999818e-39	-0.538998929424298	0.104	0.177	8.9435364033419e-35	CDK11A	c2
2.70424734155693e-39	-1.17229578883182	0.024	0.069	9.06950473411362e-35	ASAP1	c2
2.76700981643559e-39	-0.273724402962493	0.574	0.687	9.27999752236168e-35	SHISA5	c2
2.79724310020105e-39	-1.11171577370711	0.021	0.064	9.38139390945429e-35	CCDC28B	c2
2.90509955785851e-39	-0.766586445315201	0.047	0.103	9.74312289714588e-35	GMNN	c2
2.95091739301757e-39	1.60858879561025	0.035	0.013	9.89678675270233e-35	KLF5	c2
3.17384396221122e-39	-0.479982507641386	0.1	0.173	1.0644437880464e-34	ASPSCR1	c2
3.33940342207657e-39	-6.1288461490722	0	0.029	1.11996911969604e-34	FOXM1	c2
3.43392854360931e-39	-0.339618689845466	0.272	0.381	1.15167095495569e-34	PSMD2	c2
3.50983187574376e-39	-0.360780296918129	0.165	0.257	1.17712741448694e-34	TOR1A	c2
3.64671131747663e-39	-0.316526130118195	0.368	0.48	1.22303404165531e-34	CCT6A	c2
3.79148316120309e-39	-0.37106997464116	0.167	0.258	1.27158762260429e-34	CHMP1A	c2
3.95153598242863e-39	-0.350414377278829	0.241	0.346	1.32526613778692e-34	ETHE1	c2
3.95522738732128e-39	-0.432193581079289	0.119	0.198	1.32650416115981e-34	BRD7	c2
4.08247752068156e-39	-0.371630016552101	0.188	0.283	1.36918131088618e-34	CIAO1	c2
4.21001703226767e-39	-0.44508031550752	0.221	0.316	1.41195551228193e-34	GALM	c2
4.31356423278196e-39	-0.389945925890979	0.573	0.656	1.44668317239041e-34	H2AFV	c2
4.72815146628953e-39	-0.643241149912562	0.061	0.122	1.58572743876418e-34	NUP93	c2
6.84696280828598e-39	-4.02691395385081	0.002	0.033	2.29633438664295e-34	PDE7B	c2
6.92665799952071e-39	-0.406520332523289	0.19	0.283	2.32306255987926e-34	MAP2K3	c2
7.16262321584321e-39	-0.326272002089156	0.253	0.362	2.4022005741295e-34	MRPS7	c2
7.167246539607e-39	0.752844925363656	0.138	0.088	2.4037511444534e-34	EPHA1	c2
7.64113754414264e-39	-0.624999466918327	0.058	0.117	2.56268470955456e-34	USP30-AS1	c2
7.88224402401493e-39	-0.340784832462764	0.218	0.32	2.64354700077413e-34	ZNHIT3	c2
8.20639754976972e-39	-0.52419677713117	0.09	0.16	2.75226161024177e-34	AP1B1	c2
8.46962488653161e-39	-0.248351717285025	0.773	0.83	2.84054279444497e-34	SOD1	c2
8.47498042573281e-39	-0.353304789961047	0.206	0.304	2.84233893518227e-34	ACTR1A	c2
8.65663536601184e-39	-0.567324081089278	0.151	0.231	2.90326236905305e-34	GNPTAB	c2
9.01456631049864e-39	-0.328741280881197	0.239	0.345	3.02330524921503e-34	FAM32A	c2
9.18033105256198e-39	-0.390548324278124	0.309	0.412	3.07889942840824e-34	PYCARD	c2
9.3944482374084e-39	-0.543409611337634	0.082	0.149	3.15071004986203e-34	GLMN	c2
9.41083981353213e-39	-0.38389468245302	0.145	0.231	3.15620745666241e-34	PSME3	c2
9.78395244530923e-39	0.290352677360619	0.874	0.868	3.28134197110781e-34	SRSF7	c2
1.00049496956217e-38	-0.534152138363311	0.116	0.191	3.3554600289176e-34	LINC00649	c2
1.02210320672931e-38	-0.876817461118754	0.051	0.106	3.42792973472877e-34	AHI1	c2
1.02827202942107e-38	-0.385043451924922	0.563	0.646	3.44861873227239e-34	GZMM	c2
1.08688547642038e-38	-0.733092319648633	0.068	0.13	3.64519651081866e-34	OAS1	c2
1.15183493906416e-38	-0.26988644191124	0.528	0.633	3.86302401863337e-34	ATP5MPL	c2
1.24960333623012e-38	-0.664610796916892	0.057	0.116	4.19091966904859e-34	TFDP2	c2
1.33141682417127e-38	-6.2382322295503	0	0.029	4.46530574490561e-34	CKAP2L	c2
1.35406050278682e-38	-0.481481949909663	0.094	0.166	4.54124811424643e-34	MEMO1	c2
1.57601687907754e-38	-0.552270881329482	0.083	0.15	5.28564540905026e-34	FUT8	c2
1.59071542428534e-38	-0.493944317406681	0.121	0.198	5.33494138996818e-34	POLG	c2
1.60177409843463e-38	-0.393904394491003	0.137	0.22	5.37202997133008e-34	TPP2	c2
1.67167940287404e-38	-1.93816566558377	0.008	0.044	5.60647838135896e-34	SLCO4A1	c2
1.81737820011341e-38	-0.340789917538521	0.249	0.353	6.09512300754034e-34	FAM96A	c2
1.87694316318372e-38	-0.886298604303995	0.046	0.099	6.29489198068557e-34	CCDC50	c2
1.89094805329441e-38	-0.421808242420917	0.254	0.353	6.34186158113881e-34	ADD3	c2
2.02736473975039e-38	-0.32489367664897	0.262	0.368	6.79937586417487e-34	RNASEH2C	c2
2.26428742088943e-38	-5.72548690351282	0	0.029	7.59396715217896e-34	MND1	c2
2.33085913489666e-38	0.183702339729039	0.844	0.832	7.81723536661641e-34	C12orf57	c2
2.33679192643241e-38	-0.54585085529868	0.064	0.125	7.83713276286903e-34	COQ9	c2
2.3626909972894e-38	-0.780357620462619	0.045	0.098	7.92399306670917e-34	E2F3	c2
2.53046391432606e-38	-0.354028350239893	0.438	0.541	8.48666987586674e-34	RAD21	c2
2.58121812196368e-38	-0.36203679926385	0.234	0.337	8.65688933744178e-34	NSMCE1	c2
2.82963275463769e-38	-5.46931413685102	0.001	0.029	9.49002233250389e-34	CENPA	c2
2.88595903192238e-38	-0.270820753804043	0.697	0.766	9.67892940126127e-34	SEPT6	c2
3.27178331039545e-38	-0.428332775487665	0.185	0.276	1.09729068664042e-33	IL12RB1	c2
3.43678419074699e-38	-4.01566985452278	0.001	0.031	1.15262868189272e-33	CDCA2	c2
3.49978940282317e-38	-0.452526381769654	0.12	0.197	1.17375936991884e-33	GMDS	c2
3.52117412827043e-38	-0.340681110252119	0.288	0.398	1.18093137913934e-33	FBXW5	c2
3.58352146031064e-38	-0.316238919775539	0.405	0.518	1.20184142735898e-33	NDUFAB1	c2
4.08920136937088e-38	-0.467835803685055	0.109	0.183	1.37143635525961e-33	APBA3	c2
4.29592136834341e-38	-0.327853584432131	0.231	0.336	1.44076610851501e-33	AAMP	c2
4.3179796936223e-38	-0.562025897042548	0.081	0.147	1.44816402964705e-33	LYRM4	c2
4.35012574454578e-38	-4.39220872968605	0.002	0.031	1.45894517220576e-33	CD200	c2
4.39243699621747e-38	-0.330625311256179	0.217	0.319	1.47313551979141e-33	PNKD	c2
4.62525261447076e-38	-1.7420216058119	0.008	0.044	1.5512172218412e-33	CDCA7L	c2
4.74910993280873e-38	-3.79680485837815	0.002	0.032	1.59275648926539e-33	POU2AF1	c2
4.83470670639678e-38	-0.575485668478261	0.06	0.12	1.62146393519135e-33	MOCS2	c2
5.16023894520575e-38	-0.5321800384844	0.083	0.149	1.7306409374431e-33	CCNB1IP1	c2
5.26793420049872e-38	-0.320647984495435	0.321	0.432	1.76675977216326e-33	TOP1	c2
5.47905224187068e-38	-0.276512553007985	0.57	0.677	1.83756454087859e-33	SH3BGRL	c2
5.7270184691183e-38	-0.494227586951706	0.085	0.153	1.9207274541729e-33	RNASEH1	c2
5.72817760849505e-38	-0.358000478157574	0.158	0.245	1.92111620633707e-33	OXLD1	c2
5.85229427455458e-38	-0.509776916312177	0.09	0.159	1.96274245380011e-33	TOP2B	c2
6.19645661059221e-38	-0.285126410484027	0.515	0.621	2.07816761806041e-33	OTUB1	c2
6.32107577658269e-38	-0.36503069387883	0.169	0.258	2.1199623939503e-33	PLEKHB2	c2
6.3342411435752e-38	-3.8907454989069	0.002	0.031	2.12437779473225e-33	WWTR1	c2
6.58164749162043e-38	-0.361312509764377	0.153	0.24	2.20735293573966e-33	PDE6D	c2
6.61250969768604e-38	-0.315070390919185	0.318	0.427	2.21770350240995e-33	HDAC1	c2
6.84773797020924e-38	-2.17959582610144	0.008	0.042	2.29659436044878e-33	NUF2	c2
7.20505862593627e-38	-0.403727755929357	0.14	0.222	2.41643256196651e-33	RAB35	c2
7.29860572887054e-38	-0.334009644466334	0.24	0.344	2.4478063893486e-33	POLR2I	c2
7.39543106918502e-38	0.712513586912088	0.159	0.106	2.48027967198327e-33	SPINK2	c2
7.4817078258905e-38	-0.28315708702286	0.433	0.546	2.50921517064716e-33	SF3B6	c2
7.57929921722031e-38	-0.635513147657905	0.065	0.126	2.54194537147135e-33	CENPK	c2
7.73322016370666e-38	-5.136376018111	0	0.029	2.59356737850394e-33	CDC45	c2
8.06398008642875e-38	-3.75530228504797	0.001	0.03	2.70449764138647e-33	DEPDC1B	c2
8.35042082760425e-38	-0.51831638027471	0.096	0.166	2.80056413716191e-33	TYK2	c2
8.42735585629311e-38	-0.408175747179935	0.166	0.252	2.82636660708358e-33	RB1CC1	c2
8.51949268950112e-38	-0.376709676856116	0.319	0.42	2.85726745820488e-33	DDX39A	c2
9.62022957561369e-38	-0.803356082244434	0.03	0.077	3.22643259506932e-33	ALYREF	c2
1.02589225881686e-37	-0.230161704695848	0.647	0.735	3.44063745762e-33	GNB2	c2
1.03004471036374e-37	-0.265606845334761	0.449	0.57	3.45456394961791e-33	TSC22D4	c2
1.04242139131568e-37	-1.14907478493338	0.022	0.065	3.49607286219453e-33	FHL3	c2
1.06358936927297e-37	-0.383501977801854	0.146	0.23	3.56706602666768e-33	COA5	c2
1.15782707281615e-37	-0.498777891003231	0.085	0.153	3.8831204368108e-33	FAM45A	c2
1.29106502655048e-37	-2.53218430700674	0.003	0.034	4.329973886045e-33	RAD51AP1	c2
1.30779936540084e-37	-0.367186586760176	0.177	0.267	4.38609751168133e-33	LARP7	c2
1.31705012539291e-37	-0.345906380976209	0.309	0.418	4.41712271054274e-33	ARHGEF3	c2
1.33746636184181e-37	-0.417954999340689	0.133	0.213	4.48559468434507e-33	ACLY	c2
1.34693005332313e-37	-4.00640765049188	0.001	0.029	4.51733401283511e-33	MELK	c2
1.45647195617769e-37	-0.33006937442373	0.306	0.418	4.88471564662875e-33	GOLGA7	c2
1.5589582725861e-37	-0.355649218700769	0.212	0.312	5.22843425459927e-33	EMC3	c2
1.61824699872367e-37	-0.836401024467492	0.038	0.088	5.42727678431946e-33	ASNS	c2
1.70510709536909e-37	-0.284428569529141	0.455	0.565	5.71858817644884e-33	ROMO1	c2
1.7340312348346e-37	-0.553479766435397	0.076	0.14	5.81559395538829e-33	MAN1A1	c2
1.74917829547198e-37	-0.36792525216992	0.2	0.295	5.86639416735392e-33	RANGRF	c2
1.78559488987535e-37	-0.253852186582067	0.608	0.698	5.98852814166394e-33	EZR	c2
1.82059332679711e-37	-0.338370197551564	0.228	0.329	6.10590589941215e-33	BECN1	c2
1.90929890699877e-37	-0.381769389892726	0.331	0.434	6.40340667429249e-33	GRAP2	c2
1.98065285585973e-37	-0.319792412166239	0.337	0.448	6.64271354798238e-33	CASP1	c2
1.99242185843681e-37	-0.505363893283461	0.262	0.349	6.68218442882536e-33	MATK	c2
2.10370391573723e-37	0.204967806975887	0.723	0.661	7.05540219259951e-33	CD6	c2
2.20110501478008e-37	-0.652938452960792	0.062	0.12	7.38206599856943e-33	TP53INP1	c2
2.20437727523909e-37	-0.510763617012503	0.075	0.14	7.39304050569687e-33	ISOC2	c2
2.36215085088362e-37	-0.359907878228476	0.154	0.24	7.92218152369348e-33	LLPH	c2
2.45930832184139e-37	-0.860198360882455	0.045	0.097	8.24802824979167e-33	SSH1	c2
2.50885115949397e-37	-0.75588571022683	0.058	0.115	8.41418501871087e-33	BTLA	c2
2.6672312497323e-37	-0.941938980225416	0.042	0.093	8.9453601653522e-33	MAST4	c2
2.78884175016377e-37	-0.400553109983259	0.206	0.299	9.35321746169926e-33	SIPA1	c2
3.07661957646362e-37	-0.51215540230204	0.069	0.13	1.03183667355437e-32	C18orf21	c2
3.10453157898986e-37	-0.346362184948748	0.193	0.289	1.04119780096162e-32	GTF2E2	c2
3.35352039620157e-37	-0.558204418514541	0.12	0.193	1.12470367047808e-32	TMEM106C	c2
3.38789798443622e-37	-0.316521082394801	0.255	0.361	1.13623322602022e-32	IDH3G	c2
3.65881617098387e-37	-0.305149679286076	0.278	0.388	1.22709376742457e-32	EIF6	c2
3.72647552770882e-37	-0.326980203502148	0.249	0.354	1.24978536248298e-32	LAMTOR2	c2
4.08900604245179e-37	-4.3988358767838	0.001	0.029	1.37137084651748e-32	CADM1	c2
4.09476769507024e-37	-0.386075115188542	0.134	0.214	1.37330318957266e-32	NFKBIB	c2
4.10181904238923e-37	-7.60583960456993	0	0.027	1.3756680704365e-32	SPC25	c2
4.28392829429218e-37	0.106496435043448	0.999	0.996	1.43674387133971e-32	MT-ATP6	c2
4.29810123881531e-37	-0.437873531975164	0.138	0.218	1.44149719347388e-32	ABHD3	c2
4.53860227746022e-37	-0.734242179748029	0.056	0.113	1.52215643181461e-32	SBNO2	c2
4.57095568547956e-37	-0.542563804651492	0.076	0.139	1.53300711779613e-32	APEX2	c2
4.83636542176981e-37	-0.356726300804089	0.177	0.268	1.62202023515316e-32	MRPS16	c2
5.12094440887269e-37	-1.36131942753726	0.019	0.059	1.71746233584772e-32	MCM2	c2
5.308628544337e-37	0.862288554654381	0.18	0.128	1.78040784119974e-32	ETV3	c2
5.41790786317086e-37	-0.630297701882645	0.064	0.123	1.81705793915024e-32	PITPNM1	c2
5.71811060425581e-37	-0.405646560189099	0.132	0.211	1.91773993445532e-32	RB1	c2
6.13306723694859e-37	-0.434364382506445	0.111	0.184	2.05690808992782e-32	SLC25A20	c2
6.36431423224399e-37	-0.199386477230339	0.167	0.251	2.13446370720999e-32	SPRY1	c2
6.52806141632625e-37	-0.624442927986165	0.057	0.114	2.1893812378075e-32	RITA1	c2
7.06305391181169e-37	-1.03126192878547	0.07	0.129	2.3688070209434e-32	MAGEH1	c2
7.29139520907396e-37	-0.500872249568861	0.095	0.164	2.44538812521923e-32	MPHOSPH9	c2
7.42728379554525e-37	-0.338320194946547	0.165	0.254	2.49096243934997e-32	NOB1	c2
8.0031854187622e-37	-0.461887703078356	0.103	0.174	2.68410832574447e-32	RNF6	c2
8.05315699098855e-37	-0.229220868042078	0.623	0.724	2.70086779163774e-32	C19orf53	c2
8.14508509986547e-37	-0.289125492203672	0.515	0.618	2.73169864079288e-32	RNF167	c2
9.01377806934431e-37	-0.333316163834146	0.281	0.385	3.0230408888967e-32	NUDT5	c2
9.8865860080262e-37	-0.759599085931384	0.069	0.128	3.31576321537183e-32	ACTA2	c2
1.03533131027206e-36	-4.67686701579876	0.002	0.03	3.47229414839042e-32	PLK1	c2
1.11367219536725e-36	-0.756170556345781	0.042	0.093	3.73503380882267e-32	DENND6B	c2
1.13987949585523e-36	-0.660774354174951	0.057	0.114	3.82292785319928e-32	UBE2F	c2
1.18269117425723e-36	-0.732190808416323	0.046	0.099	3.96650966022389e-32	TOMM34	c2
1.24872054426498e-36	-0.739639752585517	0.072	0.133	4.1879589613559e-32	SLC9A9	c2
1.25132955097849e-36	-0.253341440212037	0.561	0.675	4.19670904807165e-32	KMT2E	c2
1.25208121007729e-36	-0.391821763962913	0.151	0.233	4.19922996235721e-32	TRIM8	c2
1.30938273608498e-36	-0.562467922329117	0.073	0.135	4.39140782028179e-32	RFC4	c2
1.34176371543253e-36	-0.330033377218538	0.437	0.542	4.50000714881763e-32	TPR	c2
1.37198913694679e-36	-0.429319713405491	0.08	0.145	4.60137716749213e-32	SIRT6	c2
1.50223535243057e-36	-0.924337812230543	0.062	0.118	5.03819692498165e-32	CD9	c2
1.55060727608214e-36	-0.426374287464933	0.106	0.179	5.2004266825243e-32	CASP7	c2
1.584036983807e-36	-5.42792961558926	0.001	0.028	5.31254323629193e-32	F5	c2
1.59980161799664e-36	-0.248364944778396	0.598	0.689	5.36541466643713e-32	EID1	c2
1.80175551390691e-36	-2.04363875577232	0.006	0.037	6.042727642541e-32	ORC6	c2
1.80816227172451e-36	-0.365922733670477	0.181	0.271	6.06421462690966e-32	CRELD2	c2
1.83962989872778e-36	0.427094040741494	0.535	0.495	6.16975075435324e-32	GATA3	c2
1.86750198519936e-36	-0.407830472559269	0.104	0.175	6.26322815796161e-32	MRPL44	c2
1.87017370161862e-36	0.38318766602749	0.266	0.2	6.27218856048854e-32	KLRG1	c2
1.88178397567172e-36	-0.495032007903484	0.09	0.157	6.31112709760783e-32	TMEM199	c2
2.01708879963685e-36	-0.425567289736106	0.165	0.25	6.76491241622206e-32	RALGDS	c2
2.07587414109908e-36	-0.540133487074846	0.09	0.156	6.96206669441808e-32	TMEM154	c2
2.1205840267027e-36	-0.312865811802068	0.267	0.374	7.11201470875551e-32	EIF4E	c2
2.29045136203163e-36	-0.310784862827607	0.254	0.36	7.68171577798169e-32	C1D	c2
2.45770073590836e-36	-4.50709291783223	0.001	0.028	8.24263672808945e-32	DTL	c2
2.50836429112844e-36	-0.368440917680455	0.134	0.214	8.41255215958656e-32	DPM2	c2
2.54679407525955e-36	-0.332271991614694	0.768	0.804	8.54143796960548e-32	LAT	c2
2.62357537020521e-36	-0.241301882724527	0.619	0.715	8.79894707659423e-32	PRRC2C	c2
2.63794835197305e-36	-0.590077112706133	0.068	0.128	8.8471511828472e-32	IVD	c2
2.83140702551342e-36	-0.302476814819165	0.258	0.363	9.49597288216692e-32	EIF5B	c2
2.88787178876218e-36	-0.37668734082579	0.184	0.273	9.68534440515061e-32	ZNF394	c2
3.09712545097572e-36	-0.619831742923814	0.093	0.159	1.03871393374824e-31	MAN2A1	c2
3.10774438626796e-36	-0.359042226838833	0.119	0.195	1.04227531226655e-31	MED8	c2
3.10900868919084e-36	-4.55282985803178	0.001	0.028	1.04269933418082e-31	IL26	c2
3.20270996580666e-36	-0.329628345950299	0.27	0.372	1.07412486833224e-31	AHSA1	c2
3.22843733268865e-36	-0.465363266533403	0.12	0.195	1.08275331263712e-31	DDHD1	c2
3.66379295726839e-36	-0.425712579471336	0.111	0.185	1.22876288200867e-31	FBXO9	c2
3.7906371450263e-36	-0.303408732413305	0.254	0.361	1.27130388569892e-31	ABT1	c2
4.07294242037692e-36	-0.335837232970841	0.229	0.327	1.36598342894601e-31	COMMD8	c2
4.13801743751728e-36	-0.344413261289847	0.201	0.294	1.38780828819455e-31	HSPA4	c2
4.36462936901428e-36	-0.627542858372736	0.067	0.126	1.46380939778001e-31	NCAPD2	c2
4.62597891640732e-36	-1.17439934999331	0.02	0.06	1.55146080898469e-31	CCDC102A	c2
4.79426147468895e-36	-0.373077195471283	0.244	0.337	1.60789941338118e-31	DUSP5	c2
4.81001653561176e-36	-0.344042882552172	0.163	0.249	1.61318334571347e-31	TUBGCP2	c2
4.85803973405569e-36	-3.4234124965341	0.002	0.03	1.6292893660076e-31	E2F1	c2
4.8971492990933e-36	-0.428853241436081	0.094	0.163	1.64240593192991e-31	POP7	c2
5.0139680753393e-36	-0.310548831684933	0.259	0.364	1.68158461310729e-31	RSU1	c2
5.25084385307567e-36	-0.415968845466366	0.18	0.265	1.76102801144452e-31	ZBTB7A	c2
5.43507766980303e-36	-0.324950182017722	0.181	0.271	1.82281634889854e-31	SLU7	c2
5.52713773542178e-36	0.883108253140802	0.147	0.099	1.85369145370576e-31	DUSP6	c2
5.6278389250904e-36	-0.400243241857123	0.122	0.197	1.88746461869682e-31	PEX11B	c2
5.74565730594551e-36	-0.864835328194022	0.039	0.087	1.92697854726801e-31	DYRK1B	c2
6.39660784160423e-36	-0.30776202180028	0.313	0.427	2.14529433791723e-31	CCDC12	c2
6.57112498597084e-36	-0.296496472771198	0.269	0.375	2.2038238977949e-31	PMPCB	c2
6.91521641942705e-36	-0.604945584017845	0.08	0.142	2.31922528274744e-31	TSPAN17	c2
6.92792584043756e-36	-0.681499729737897	0.043	0.094	2.32348776836595e-31	LRR1	c2
7.0672650192089e-36	-0.794604839154875	0.409	0.5	2.37021934214228e-31	HMGB2	c2
7.41269453124448e-36	-0.433996359842955	0.095	0.163	2.48606949188877e-31	VPS16	c2
8.28940524498928e-36	-4.87904451218812	0.001	0.027	2.7801007310645e-31	KIF15	c2
8.44851843236574e-36	-0.334931083951187	0.212	0.306	2.83346411184682e-31	NBDY	c2
8.98774082347591e-36	-7.32441203104074	0	0.026	3.01430851737735e-31	MYBL2	c2
9.6167699666309e-36	-0.756511908785256	0.037	0.085	3.22527231140867e-31	BLM	c2
1.10619772156628e-35	0.320525372129412	0.547	0.499	3.70996591858899e-31	PARP8	c2
1.12412422219072e-35	-0.321541655096885	0.174	0.263	3.77008781638323e-31	MRPL21	c2
1.16215092999877e-35	1.0632523483548	0.09	0.052	3.89762178902987e-31	AL121944.1	c2
1.17035419757447e-35	-0.539683529345611	0.068	0.127	3.92513390782525e-31	TPMT	c2
1.22119792208619e-35	0.84968353548688	0.134	0.087	4.09565359109267e-31	ACSL6	c2
1.27074064396085e-35	-0.315622866483899	0.203	0.298	4.2618099717159e-31	ZBTB8OS	c2
1.31429967433774e-35	-0.317378604241249	0.264	0.369	4.40789824779391e-31	C14orf119	c2
1.36941541442241e-35	-4.90757531017032	0.003	0.031	4.59274541688989e-31	LGMN	c2
1.38901363828092e-35	-0.354949595130763	0.217	0.311	4.65847394006654e-31	SRPK2	c2
1.40248599738933e-35	-0.360947513831374	0.255	0.353	4.70365753804435e-31	SMC3	c2
1.45709678547634e-35	-0.330215971479202	0.148	0.231	4.88681119913055e-31	RFXANK	c2
1.50626520476845e-35	-0.25377585690833	0.484	0.6	5.05171224375241e-31	ATP6V1F	c2
1.61406599558918e-35	-0.357544655327517	0.156	0.241	5.41325453600699e-31	HMG20B	c2
1.68161137514806e-35	-0.555326107059319	0.109	0.178	5.63978822997155e-31	CCR5	c2
1.70822848517895e-35	-0.308799608442783	0.186	0.279	5.72905669359315e-31	PSMD14	c2
1.76950697808154e-35	-0.55810874363678	0.07	0.13	5.93457250308988e-31	EIF4EBP1	c2
1.78567372119479e-35	-0.781411914854865	0.044	0.095	5.9887925261431e-31	TRERF1	c2
1.79783325565783e-35	-0.307468657359031	0.269	0.376	6.02957317282522e-31	OGFR	c2
1.83240550961589e-35	-0.336852185072155	0.142	0.223	6.14552159814977e-31	CCDC32	c2
1.83379634974428e-35	-0.282979016421635	0.372	0.485	6.15018619777236e-31	MRPS34	c2
1.85484074971435e-35	-0.333324230164379	0.195	0.287	6.22076490639197e-31	HCFC1R1	c2
1.87287749511158e-35	-2.1393464580109	0.005	0.036	6.28125654310521e-31	VANGL1	c2
1.96072907100151e-35	-0.257368380456212	0.527	0.632	6.57589315832487e-31	UBXN4	c2
2.14866659151806e-35	-0.43105320326007	0.111	0.183	7.20619801463327e-31	HENMT1	c2
2.24094983620292e-35	-0.269602447016376	0.509	0.623	7.51569756065736e-31	MAT2B	c2
2.25812205401848e-35	-0.291658651278949	0.309	0.42	7.57328974476719e-31	CAPZA2	c2
2.42943859986215e-35	-1.56646511585141	0.015	0.052	8.14785117621769e-31	NUGGC	c2
2.47549486325187e-35	0.316814201803191	0.562	0.512	8.30231467237414e-31	XBP1	c2
2.53324139873898e-35	-0.307758367974464	0.191	0.285	8.49598500309078e-31	CHMP4B	c2
2.83361040448631e-35	-0.361017499731532	0.3	0.401	9.5033625745662e-31	SLBP	c2
2.86385162324635e-35	-0.771491947094002	0.032	0.077	9.60478557404362e-31	RCC2	c2
2.96198947288614e-35	-0.379512573815708	0.192	0.281	9.93392029416553e-31	STAT5A	c2
2.98470580931982e-35	-0.353720944741185	0.152	0.236	1.00101063432968e-30	POLDIP2	c2
3.06962750787258e-35	-0.34814273443985	0.139	0.22	1.02949167359031e-30	TOR3A	c2
3.11199327622047e-35	-0.409010423525349	0.116	0.189	1.04370030497882e-30	TMEM222	c2
3.21977878657958e-35	-0.297645159316512	0.381	0.492	1.07984940944306e-30	CSNK1A1	c2
3.23527943636884e-35	-8.69206585872968	0	0.026	1.08504801736938e-30	SH2D1B	c2
3.289633730687e-35	-0.429694562721655	0.092	0.159	1.10327736059781e-30	HDGF	c2
3.55831247061145e-35	-0.407303685086109	0.137	0.213	1.19338683639367e-30	FAM13B	c2
3.56285193697583e-35	-0.42856570065883	0.092	0.159	1.19490928262295e-30	DDX49	c2
3.67134654024492e-35	-0.316110830028496	0.175	0.264	1.23129620266734e-30	ILKAP	c2
3.67235174487091e-35	0.674603921051349	0.151	0.101	1.23163332819481e-30	PTGDR	c2
3.75518888828424e-35	-0.274209633556571	0.468	0.578	1.25941524935277e-30	POLR1D	c2
3.93766168092726e-35	-0.387210965400664	0.081	0.145	1.32061297454938e-30	EIF2B2	c2
4.06085114998534e-35	-0.675454349062196	0.049	0.101	1.36192825868208e-30	TBC1D31	c2
4.33335288584868e-35	0.878888856452817	0.126	0.081	1.45331989085593e-30	TMEM200A	c2
4.38031725862693e-35	-0.386274018026566	0.134	0.211	1.4690708021983e-30	DBF4	c2
4.39553152875456e-35	-0.328634040552529	0.467	0.566	1.47417336411371e-30	TNFRSF14	c2
4.41411272767373e-35	-0.31485736881213	0.238	0.338	1.48040512660721e-30	ALDH9A1	c2
4.5179067379839e-35	-0.395475866437434	0.176	0.261	1.51521556178504e-30	ORMDL3	c2
4.60151529362757e-35	-4.59907780364839	0.001	0.027	1.54325619917681e-30	MSC-AS1	c2
4.8498885569336e-35	-0.372596593504968	0.118	0.193	1.62655562422439e-30	MRPS2	c2
4.897309506713e-35	-2.39081760419425	0.003	0.031	1.64245966236141e-30	OIP5	c2
4.99804438312956e-35	-0.299210173352087	0.375	0.482	1.67624412521399e-30	EIF3A	c2
5.10728272250038e-35	-0.455556606272781	0.09	0.156	1.71288047947218e-30	ALDH16A1	c2
5.23343437307354e-35	-0.605103198255715	0.064	0.121	1.7551892200414e-30	GPKOW	c2
5.34799366115972e-35	-0.325632915764848	0.227	0.324	1.79361011407975e-30	CSNK1D	c2
5.5112241155191e-35	-0.317065423513227	0.221	0.319	1.8483543438628e-30	CISD2	c2
5.60427773924024e-35	-0.349909173594663	0.152	0.235	1.87956266818639e-30	MBD4	c2
5.61545256043491e-35	-0.292617245370649	0.444	0.545	1.88331047971866e-30	BANF1	c2
5.89112140930264e-35	-0.378237299152413	0.129	0.206	1.97576429825192e-30	TARS	c2
5.97953270066392e-35	-0.318721215222373	0.515	0.603	2.00541567714867e-30	PDIA6	c2
6.33870713376744e-35	-2.18307355218305	0.016	0.053	2.12587559852293e-30	TRAV1-2	c2
6.61149242377073e-35	-1.70755552310475	0.012	0.047	2.21736232908423e-30	CCR1	c2
7.21135907987313e-35	-0.247309105289051	0.512	0.622	2.41854560820785e-30	GHITM	c2
8.38690117840962e-35	-0.369085851478201	0.131	0.208	2.81279891721502e-30	SNRNP35	c2
8.50500465019437e-35	-0.208369036321965	0.772	0.822	2.85240845958219e-30	HNRNPF	c2
8.52248282575544e-35	-0.305865401960147	0.247	0.349	2.85827029010186e-30	SARNP	c2
8.81188109048191e-35	-0.369854348820978	0.183	0.271	2.95532868012582e-30	BRD4	c2
9.01578076490843e-35	-0.306003009421471	0.164	0.251	3.02371255293499e-30	GRHPR	c2
9.3402508486419e-35	-0.329056018457717	0.172	0.259	3.13253332961752e-30	TRIM27	c2
9.51333103666626e-35	-3.67927729006504	0.002	0.029	3.19058096307713e-30	CDCA3	c2
9.92073872109223e-35	-1.43709679805859	0.03	0.072	3.32721735227991e-30	IL23R	c2
9.95082226764188e-35	0.174152970333744	0.911	0.888	3.33730677212173e-30	TAGLN2	c2
9.98765220031602e-35	0.376105875570708	0.507	0.476	3.34965879494199e-30	CLK1	c2
1.00333389552775e-34	-0.355588341740125	0.151	0.233	3.36498121882097e-30	PARP14	c2
1.05014868453195e-34	-0.351632623441689	0.167	0.253	3.52198865818326e-30	RTCB	c2
1.05326595223782e-34	-0.279040043908303	0.398	0.509	3.5324433506152e-30	NDUFB1	c2
1.17948103354993e-34	-0.447116238216291	0.17	0.249	3.95574349031977e-30	NUDT1	c2
1.21302081388258e-34	-0.358815706321746	0.172	0.257	4.0682292055994e-30	UPF3A	c2
1.27101367616601e-34	0.103242700052468	0.989	0.981	4.26272566712556e-30	MYL12A	c2
1.27763654066913e-34	-0.346213523084887	0.145	0.226	4.28493743009614e-30	FAM192A	c2
1.27828009214322e-34	-0.356033165647636	0.138	0.218	4.28709577302992e-30	MRPS11	c2
1.36771172436642e-34	-0.335101267286992	0.15	0.232	4.58703158118008e-30	COMMD4	c2
1.41129466708351e-34	-0.398207704769269	0.134	0.211	4.73320005446469e-30	VAV1	c2
1.46785043266763e-34	-0.404478901249915	0.161	0.242	4.9228767810807e-30	MYO9B	c2
1.50208403359008e-34	-0.430975709464659	0.095	0.162	5.0376894318544e-30	AHCY	c2
1.56798123626094e-34	-0.450344438433596	0.105	0.175	5.25869547017194e-30	SUZ12	c2
1.59058095693211e-34	-0.374556114603116	0.137	0.215	5.3344904133589e-30	MARS	c2
1.67757809976657e-34	-0.349013903133562	0.336	0.439	5.62626143099711e-30	ITK	c2
1.75981191995177e-34	-0.273520970614121	0.334	0.444	5.90205721713423e-30	KIF5B	c2
1.77845063150907e-34	0.830815480611087	0.096	0.057	5.96456772795513e-30	NT5E	c2
1.78601793155189e-34	-0.399213342471342	0.218	0.306	5.98994693883874e-30	NEDD9	c2
1.87414528471602e-34	-0.415780415502549	0.39	0.482	6.28550845588059e-30	CBLB	c2
1.97254666065034e-34	-1.63328934882837	0.008	0.04	6.61552699048912e-30	BRCA1	c2
1.98168198293678e-34	0.928862329246763	0.108	0.067	6.64616503437337e-30	HSBP1L1	c2
2.04534528154577e-34	-0.398698599998182	0.1	0.169	6.85967900524819e-30	HPF1	c2
2.0766046870881e-34	-0.572957250414388	0.059	0.114	6.96451679955607e-30	DERA	c2
2.09316999549172e-34	-1.17037047960293	0.017	0.054	7.02007353088013e-30	TIMELESS	c2
2.12800798914067e-34	-0.636141053440527	0.06	0.114	7.13691319397996e-30	NHLRC3	c2
2.2456852620815e-34	-3.80528606727662	0.001	0.028	7.53157923196895e-30	SETBP1	c2
2.26214195658843e-34	-0.300416828278105	0.268	0.372	7.58677169400628e-30	SUCLG1	c2
2.26620264883128e-34	-0.322146876860137	0.23	0.329	7.60039044365035e-30	CCDC124	c2
2.32909694793687e-34	-0.286931685987279	0.362	0.475	7.81132534399067e-30	UBAC2	c2
2.38649535999267e-34	-0.341908022313807	0.324	0.427	8.00382813834343e-30	WNK1	c2
2.42672613814168e-34	-0.377274863264106	0.153	0.234	8.13875412209956e-30	INPP5K	c2
2.55909801896617e-34	-0.311752573893783	0.224	0.322	8.58270293600873e-30	AKR1A1	c2
2.59031659044369e-34	-0.284592936188026	0.243	0.344	8.68740378103004e-30	COPS5	c2
2.64239654703142e-34	-4.4058162738446	0.004	0.032	8.86206953943399e-30	IL10	c2
2.69301970316532e-34	-0.286986966456458	0.284	0.391	9.03184948047584e-30	PDCD2	c2
2.74600836553838e-34	-1.17406975559706	0.015	0.051	9.20956285634263e-30	COPRS	c2
2.75358382224607e-34	-0.32300458729865	0.167	0.252	9.23496942304888e-30	PPP2R5E	c2
2.8330574177183e-34	-0.406237398154893	0.141	0.218	9.50150796754364e-30	NADSYN1	c2
2.86640675930541e-34	-3.53244216585777	0.001	0.028	9.61335498935849e-30	SHCBP1	c2
2.88645385238421e-34	-0.794917509660719	0.082	0.141	9.68058893012615e-30	ITGB2-AS1	c2
2.93136394008768e-34	0.160857003424129	0.865	0.866	9.83120838226606e-30	NOP53	c2
2.99458040164127e-34	-0.328696338464845	0.15	0.231	1.00432237510245e-29	TIMM10	c2
3.06477014694184e-34	-0.294972917221712	0.374	0.487	1.02786261188135e-29	IRF2	c2
3.24459283914114e-34	-0.357550600776476	0.119	0.193	1.08817154639116e-29	FAM120A	c2
3.25716990487352e-34	-0.377396223674154	0.11	0.181	1.09238964269648e-29	C8orf76	c2
3.40127841794626e-34	-0.398386496384615	0.103	0.171	1.14072075581082e-29	CANT1	c2
3.40957035825682e-34	-0.554066998812075	0.07	0.129	1.14350170675217e-29	SDHAF1	c2
3.45656150372287e-34	-0.305197430995834	0.311	0.418	1.15926159711858e-29	ANKRD11	c2
3.45933511258689e-34	-1.13948699154691	0.02	0.058	1.16019181005939e-29	FANCL	c2
3.47120599338974e-34	-1.72939416912215	0.013	0.049	1.16417306606305e-29	TTN	c2
3.65953773812412e-34	-0.298984591511299	0.263	0.366	1.22733576661207e-29	CHMP4A	c2
3.75512691511951e-34	-0.357045900189812	0.211	0.302	1.25939446479278e-29	EFHD2	c2
4.45938745613321e-34	-0.294663736724397	0.215	0.31	1.49558936503796e-29	STX10	c2
4.61230769732126e-34	-1.05413568490268	0.025	0.066	1.5468757555276e-29	PLEKHG2	c2
4.62013334805961e-34	-0.445438108859768	0.091	0.156	1.54950032227223e-29	UBA6	c2
4.64296282522918e-34	-0.386245352987719	0.12	0.193	1.55715687232536e-29	CYB5R4	c2
4.68559975692176e-34	-0.307385975381396	0.195	0.287	1.57145644647642e-29	UBA3	c2
4.82277745825113e-34	-1.19291139884295	0.02	0.059	1.61746310394827e-29	SRGAP3	c2
5.39945574146331e-34	-0.639292662499638	0.045	0.094	1.81086946657196e-29	UBE2R2	c2
5.41573167142943e-34	-0.496307931338164	0.088	0.152	1.816328087964e-29	MSMO1	c2
5.58254378486888e-34	-1.16963127840465	0.022	0.061	1.87227353456932e-29	HVCN1	c2
5.75722654044195e-34	-0.308375026171852	0.171	0.258	1.93085863713342e-29	SAMM50	c2
6.16863806477315e-34	-0.289569746317112	0.299	0.407	2.06883783416362e-29	FAAP20	c2
6.55830674589407e-34	-0.604489825745457	0.056	0.109	2.19952491643795e-29	NCOA1	c2
6.73992698572218e-34	-2.53442875499606	0.004	0.033	2.2604367124715e-29	SCUBE1	c2
6.90266823452646e-34	-0.334075234527861	0.342	0.444	2.31501687249548e-29	GPR174	c2
7.06898246166537e-34	-0.475876648786707	0.079	0.14	2.37079533799333e-29	CTNNBIP1	c2
7.07089125615214e-34	0.584475557938718	0.292	0.237	2.3714355094883e-29	MYLIP	c2
7.24513711836302e-34	-0.295360326581059	0.345	0.45	2.42987408675659e-29	PSMA3	c2
7.34257381660641e-34	-0.593616114588379	0.06	0.115	2.46255240661346e-29	SHMT1	c2
7.48693978738043e-34	-0.353342573353871	0.113	0.184	2.51096986589165e-29	NDUFA7	c2
7.50745380446333e-34	-0.319387629694344	0.157	0.239	2.51784985694091e-29	ARFGAP2	c2
8.22578542406305e-34	-0.353015134035471	0.146	0.226	2.75876391552227e-29	AK3	c2
8.72425483872353e-34	-0.550972878158858	0.072	0.131	2.9259405878111e-29	RNASEH2A	c2
9.00435257835057e-34	-0.311151363771465	0.287	0.387	3.01987976772721e-29	DENND1C	c2
9.07347908548621e-34	-0.423151024548703	0.148	0.226	3.04306341569036e-29	RGS3	c2
9.24700786335108e-34	-0.315103340267939	0.203	0.295	3.10126149721068e-29	PRPF38A	c2
9.33506306241253e-34	-0.387419400608618	0.103	0.172	3.13079344987191e-29	ZMAT5	c2
9.5222886196084e-34	-0.438911216372124	0.127	0.2	3.19358515724427e-29	MPRIP	c2
9.84748317480008e-34	-0.346775699750895	0.152	0.233	3.30264890716445e-29	TMED3	c2
1.01002007484944e-33	-0.321183755086068	0.224	0.318	3.38740532703006e-29	DNAJC4	c2
1.01048925129256e-33	-0.12821250398936	0.956	0.968	3.38897885098497e-29	TMA7	c2
1.01844328704874e-33	-1.0630804457789	0.028	0.07	3.41565509610406e-29	RACGAP1	c2
1.19441437732839e-33	-0.472871921362133	0.078	0.139	4.00582693868395e-29	PGP	c2
1.21178330479564e-33	-0.292843542567691	0.233	0.332	4.06407884762362e-29	MED4	c2
1.25789671860242e-33	-7.34946860900473	0	0.025	4.21873401484878e-29	FGR	c2
1.27460735380642e-33	-0.314703408167486	0.163	0.247	4.27477814319598e-29	C19orf25	c2
1.37432298858662e-33	-0.544289796887219	0.068	0.125	4.60920443912181e-29	TSPOAP1-AS1	c2
1.37629080017956e-33	-0.29158715360663	0.493	0.599	4.6158040856422e-29	STAT3	c2
1.41190813841775e-33	-0.368421245672246	0.13	0.205	4.73525751462545e-29	CRIPT	c2
1.44759122273994e-33	-0.255705696350337	0.533	0.645	4.85493144282523e-29	PAIP2	c2
1.501261956901e-33	-0.4979435980457	0.061	0.116	5.03493235105457e-29	ASCC1	c2
1.51576606824435e-33	-0.445785649416522	0.096	0.161	5.0835762396779e-29	TP53RK	c2
1.6278251081257e-33	-1.28045532419851	0.018	0.056	5.45939984763196e-29	MCM4	c2
1.64972539441143e-33	-0.35952642539494	0.156	0.237	5.53284902777704e-29	SIRT2	c2
1.67433142862098e-33	-0.567081283164918	0.082	0.143	5.61537274530904e-29	SLC43A3	c2
1.68991201259916e-33	-0.486286966615824	0.081	0.142	5.66762690785506e-29	DFFA	c2
1.71794130168069e-33	-0.291717549177253	0.652	0.725	5.7616315375767e-29	AES	c2
1.80928691500149e-33	-0.323964838135995	0.423	0.52	6.06798645553201e-29	SLFN5	c2
1.81114667429342e-33	-0.501199868624227	0.083	0.144	6.07422371624526e-29	PCYT2	c2
1.89477137919556e-33	-0.292840728945644	0.196	0.287	6.35468425154608e-29	TPGS1	c2
1.96001545383581e-33	-0.610580742602522	0.077	0.136	6.57349982907453e-29	ATAD2	c2
2.00924520831568e-33	0.455204094837106	0.426	0.387	6.73860657964912e-29	AMD1	c2
2.01014687066456e-33	-0.341712361077766	0.085	0.148	6.74163057483479e-29	ZFAND2A	c2
2.06648864148864e-33	-1.6115854972835	0.011	0.044	6.93058960582459e-29	SLC25A35	c2
2.08547107441473e-33	-5.27895839578029	0	0.025	6.99425288937212e-29	KLRC4-KLRK1	c2
2.11196034646397e-33	-0.632881710054585	0.044	0.092	7.08309260997087e-29	CTPS1	c2
2.26669976358658e-33	-2.42290348154591	0.006	0.036	7.60205766711668e-29	COL5A3	c2
2.42463323028936e-33	-4.2165797680472	0.001	0.026	8.13173492774447e-29	ESCO2	c2
2.5954663206389e-33	-0.331276251935337	0.158	0.24	8.70467494615874e-29	ZNF524	c2
2.74198048580611e-33	-0.332923507989683	0.188	0.274	9.19605415329654e-29	RASGRP1	c2
2.74753413372731e-33	-0.589180334319881	0.065	0.12	9.21467997769467e-29	DCLRE1C	c2
2.76662421599184e-33	-0.502891825693407	0.083	0.145	9.27870429559343e-29	HAUS3	c2
2.90961909798009e-33	-0.318236646954471	0.223	0.319	9.75828053080562e-29	PLEKHJ1	c2
2.92745219534902e-33	-0.365726231942357	0.2	0.286	9.81808917276153e-29	SMC1A	c2
3.02791548993608e-33	-0.309341672912526	0.238	0.334	1.01550229701476e-28	TRAPPC4	c2
3.39515750270045e-33	-3.03609805432747	0.004	0.032	1.13866792325568e-28	CPNE2	c2
3.42202565369124e-33	-0.652352648912416	0.044	0.093	1.14767896373497e-28	IPO8	c2
3.64802858987284e-33	0.240189009838169	0.642	0.611	1.22347582847155e-28	DHRS7	c2
3.98829900367703e-33	-0.443345742880477	0.074	0.134	1.3375957198532e-28	COQ5	c2
4.28212077304994e-33	-0.674441979841106	0.053	0.104	1.43613766486549e-28	BACH1	c2
4.55464829544949e-33	0.114447319059703	0.98	0.973	1.52753794532785e-28	RPL31	c2
4.84341861723575e-33	-0.296441794524886	0.265	0.365	1.62438573584853e-28	OLA1	c2
4.87405316328187e-33	-0.275209338369937	0.395	0.506	1.63465994990147e-28	PUF60	c2
5.26184439251387e-33	-0.391932067587874	0.122	0.194	1.7647173723613e-28	DEDD	c2
5.39896530006338e-33	-0.305207584913712	0.24	0.335	1.81070498233526e-28	HNRNPD	c2
5.40629632375394e-33	-0.196298332588277	0.733	0.796	1.8131636610606e-28	HNRNPC	c2
5.45904227419744e-33	-1.27870263616542	0.012	0.045	1.83085359792034e-28	GGH	c2
5.51790989210822e-33	-0.263702906418204	0.537	0.646	1.85059661961525e-28	RAP1A	c2
5.53112627121958e-33	-0.345006265827151	0.257	0.352	1.85502912884162e-28	MAPK1	c2
5.70706482243628e-33	-0.340280449360516	0.26	0.356	1.91403540014868e-28	CCM2	c2
5.82254197505936e-33	-0.341865574747982	0.216	0.306	1.95276412759541e-28	XRN1	c2
6.07668953138228e-33	-0.571451301507653	0.066	0.121	2.03800013503499e-28	N4BP2	c2
6.74032932164804e-33	-0.549417793784738	0.087	0.149	2.26057164789432e-28	SDCCAG8	c2
7.10895478988693e-33	-5.00912879266716	0	0.025	2.38420125743228e-28	HJURP	c2
7.60317697692727e-33	-0.39090649916761	0.455	0.556	2.54995349452187e-28	ARL6IP1	c2
7.94791806103353e-33	-0.453978824467106	0.084	0.145	2.66557275930942e-28	MCCC2	c2
8.05405477348178e-33	-0.443252705079483	0.084	0.145	2.70116888993032e-28	ZNF581	c2
8.16148997806577e-33	-0.359607463227506	0.148	0.226	2.7372005088437e-28	CCDC186	c2
8.57988934576593e-33	-0.304820514771418	0.273	0.373	2.87752328878298e-28	SUMO3	c2
8.68933990468508e-33	-0.23717829919	0.514	0.614	2.91423081723328e-28	UFC1	c2
8.69985649046327e-33	0.375301626391724	0.493	0.456	2.91775786977157e-28	STAT4	c2
8.76029577065807e-33	-0.35968485745158	0.144	0.221	2.9380279955633e-28	TSN	c2
9.17917158053541e-33	-1.93776840802585	0.004	0.032	3.07851056467996e-28	IL21	c2
9.23918161477061e-33	-0.326453641191129	0.179	0.264	3.09863672996177e-28	PEX16	c2
9.25502854310914e-33	-0.290880365453416	0.326	0.43	3.10395147278794e-28	TMEM256	c2
9.73349728069796e-33	-0.277365742044129	0.365	0.476	3.26442031800048e-28	TRABD	c2
9.81486941142596e-33	-0.285877538433904	0.311	0.414	3.29171090320404e-28	NUTF2	c2
9.83293023694054e-33	-0.421369481532289	0.115	0.185	3.29776814286512e-28	DTNBP1	c2
9.85526813662072e-33	-0.344840025074696	0.176	0.26	3.30525982765986e-28	HEXA	c2
1.09054771987679e-32	-0.436145364697007	0.09	0.153	3.65747894292279e-28	ADPRHL2	c2
1.12048092846536e-32	-0.271809953983286	0.27	0.375	3.75786893788713e-28	EMC7	c2
1.12425629379704e-32	-1.18139242664289	0.022	0.06	3.7705307581365e-28	FBXO5	c2
1.16134523124466e-32	-0.39881284492458	0.097	0.162	3.89491963654833e-28	MUS81	c2
1.23131584571873e-32	-0.445059826496415	0.084	0.145	4.12958708337149e-28	MON1B	c2
1.30636769003973e-32	-0.701918564107016	0.069	0.124	4.38129595885525e-28	DGKD	c2
1.38652740446715e-32	-0.368125435105956	0.113	0.183	4.65013560910192e-28	TRIAP1	c2
1.41789781669525e-32	-3.00998476788909	0.004	0.031	4.75534569763253e-28	SLC4A10	c2
1.43491232814273e-32	-0.424180742905714	0.091	0.154	4.8124089661251e-28	HIST3H2A	c2
1.53037296118525e-32	-0.311966766340403	0.258	0.358	5.13256483722308e-28	AATF	c2
1.57824864204375e-32	-0.353864024071131	0.13	0.203	5.29313029568631e-28	GCH1	c2
1.5973307826058e-32	-0.516234370826335	0.071	0.128	5.35712797870334e-28	TRIP4	c2
1.67381668141815e-32	-0.328881525936307	0.176	0.26	5.61364638614021e-28	PPID	c2
1.7156491665218e-32	0.68942995361418	0.301	0.254	5.75394417468081e-28	DNAAF2	c2
1.79454915219149e-32	-0.264790361916568	0.22	0.316	6.01855894661982e-28	GPS1	c2
1.83971370628167e-32	-0.26822329134795	0.483	0.591	6.17003182812745e-28	C9orf78	c2
1.94418800758423e-32	-4.89874337630187	0	0.024	6.52041773983598e-28	KIF14	c2
1.94545138950075e-32	-0.312710835862542	0.193	0.28	6.52465487010763e-28	NUTM2B-AS1	c2
1.95974916268623e-32	-2.64484556369028	0.002	0.028	6.57260674181708e-28	MTFR2	c2
2.04442337210021e-32	-0.530293083521423	0.065	0.12	6.85658710534969e-28	SCLT1	c2
2.05847052821319e-32	-0.461603026819208	0.069	0.126	6.90369845752139e-28	THOC5	c2
2.07264828258205e-32	-1.89913219679531	0.004	0.031	6.95124781012369e-28	POC1A	c2
2.14854200279444e-32	-0.281427638295708	0.343	0.453	7.20578016897199e-28	DGUOK	c2
2.15065983644179e-32	-0.341986783804506	0.107	0.176	7.21288295945848e-28	IFT20	c2
2.19594948500528e-32	-0.34147109799189	0.154	0.234	7.3647753828107e-28	PEX2	c2
2.46429061080798e-32	-0.276023572197923	0.295	0.399	8.26473785052779e-28	PDCD10	c2
2.53969552023491e-32	-0.305721008508971	0.233	0.327	8.51763083576385e-28	SNX1	c2
2.56598820640205e-32	-0.342555809107054	0.146	0.224	8.60581124663118e-28	APOL3	c2
2.59902978738195e-32	-0.30908901239093	0.173	0.257	8.71662610092158e-28	WIPI2	c2
2.75896079777625e-32	-0.519754649854669	0.065	0.121	9.25300272358199e-28	DAPK3	c2
2.92819695926457e-32	-0.240851071299132	0.533	0.634	9.82058696198152e-28	ECH1	c2
2.97195196096541e-32	-0.369445149822993	0.108	0.177	9.96733248668578e-28	GATD3B	c2
3.08702132743886e-32	-4.90221711472182	0	0.024	1.03532521279644e-27	NEIL3	c2
3.1161975742217e-32	-0.353358988096155	0.141	0.216	1.04511034244247e-27	PTGES2	c2
3.14186845365233e-32	0.730843405906078	0.272	0.22	1.05371984198592e-27	ANKRD37	c2
3.22068291610373e-32	-0.566711409325145	0.085	0.145	1.08015263640287e-27	LPCAT1	c2
3.26501562894264e-32	-0.273770788377496	0.466	0.568	1.09502094163478e-27	RAB1B	c2
3.35842284344076e-32	-0.422171055724804	0.096	0.16	1.12634785323316e-27	DNTTIP1	c2
3.58344834986612e-32	-0.314498304667445	0.143	0.221	1.2018169075781e-27	TIMM23	c2
3.60083286074861e-32	-0.438120735794882	0.07	0.127	1.20764732483787e-27	BCKDK	c2
4.07570533448461e-32	-0.657414153756993	0.113	0.177	1.36691005507945e-27	PCNA	c2
4.09510233736946e-32	0.271642168715166	0.537	0.487	1.37341542190697e-27	FKBP11	c2
4.11349118246856e-32	-0.271195698457447	0.485	0.589	1.37958267277631e-27	RASAL3	c2
4.1141902241309e-32	0.233723908455465	0.972	0.962	1.37981711736902e-27	HSP90AA1	c2
4.35995274202933e-32	-0.279196209459617	0.267	0.368	1.4622409506218e-27	TCIRG1	c2
4.71993523959696e-32	-0.949305536010004	0.04	0.085	1.58297188065603e-27	SH3TC1	c2
5.14123452541806e-32	-0.644682074552294	0.041	0.087	1.72426723513471e-27	CCDC117	c2
5.50761253511976e-32	-0.432255677784213	0.186	0.268	1.84714309202847e-27	CTSD	c2
5.79104722184715e-32	-0.433841908665423	0.099	0.163	1.9422014172631e-27	CYB561A3	c2
5.85485080815889e-32	-0.28503783957412	0.7	0.767	1.96359986404033e-27	DUSP2	c2
5.86732703635724e-32	-0.664255588927498	0.032	0.075	1.96778414145349e-27	PXMP2	c2
5.92666223777839e-32	-0.370692539549293	0.161	0.239	1.98768398130612e-27	PRKX	c2
5.96273498299709e-32	-0.377542152914071	0.111	0.179	1.99978205859756e-27	AZI2	c2
6.06106185626543e-32	-1.34707686184593	0.009	0.041	2.0327589253543e-27	CCNF	c2
6.19472677685962e-32	-0.287347358535965	0.267	0.368	2.07758746642318e-27	NAXE	c2
6.20653002359004e-32	-0.273035828428591	0.381	0.491	2.08154603931163e-27	SS18L2	c2
6.35869337135404e-32	0.117213451679093	0.361	0.284	2.13257858288472e-27	TCF7	c2
6.44431067189104e-32	-1.42449430540149	0.012	0.045	2.16129291313882e-27	NETO2	c2
6.73630938011979e-32	-0.448933808953828	0.08	0.139	2.25922343990458e-27	TM2D2	c2
6.76384225694195e-32	-0.356350743515325	0.137	0.212	2.26845741613319e-27	CTBP1	c2
6.78557226438405e-32	-0.19941081784939	0.833	0.864	2.27574522602912e-27	GMFG	c2
7.103253848659e-32	-0.276020754428708	0.26	0.361	2.38228927576325e-27	PQBP1	c2
7.12690236549079e-32	-0.38075063726641	0.11	0.178	2.3902205153383e-27	PDXK	c2
7.33302951401701e-32	-0.397897155601655	0.095	0.159	2.45935143841102e-27	DCAF12	c2
7.68859155772778e-32	-0.341956585200673	0.142	0.218	2.57859983663074e-27	ETF1	c2
7.73747588976501e-32	-0.467094011347153	0.072	0.129	2.59499466390939e-27	YIPF1	c2
7.87615601275752e-32	-0.28607863282761	0.225	0.318	2.64150520355862e-27	CWC15	c2
8.02265582535559e-32	-0.491091953969269	0.073	0.129	2.69063831070776e-27	ALG1	c2
8.12149838544494e-32	-1.32485712592084	0.009	0.039	2.72378812851052e-27	CIP2A	c2
8.2191500528923e-32	-0.247034267305574	0.504	0.602	2.75653854473902e-27	ENSA	c2
8.36804280608236e-32	-1.93985002881866	0.014	0.048	2.8064741963039e-27	RTKN2	c2
9.82377680526196e-32	-0.32926213750054	0.151	0.229	3.29469826494876e-27	GLRX5	c2
1.02172421562805e-31	-1.94458307331286	0.006	0.034	3.42665867437334e-27	FAM83D	c2
1.05129656549511e-31	-0.304755158887335	0.2	0.289	3.5258384213575e-27	TUSC2	c2
1.08497067057518e-31	-0.279749270160468	0.276	0.379	3.63877463497505e-27	COQ10B	c2
1.09506864456518e-31	-0.334188246596325	0.196	0.281	3.67264122014269e-27	NBR1	c2
1.11321890554548e-31	-0.290419843410481	0.245	0.343	3.73351356541843e-27	PHF5A	c2
1.15789854707413e-31	-0.126153287431996	0.98	0.977	3.88336014717721e-27	HNRNPA1	c2
1.16013612226956e-31	-0.303396941647467	0.162	0.243	3.89086452686764e-27	MRPL55	c2
1.17541069509252e-31	-0.338286279610071	0.155	0.233	3.94209238920129e-27	KPNA3	c2
1.17881825741518e-31	-0.198871268837756	0.954	0.962	3.95352067171902e-27	LAPTM5	c2
1.22526068808067e-31	-0.649262315499087	0.043	0.09	4.10927929568494e-27	POLD3	c2
1.22853961670251e-31	1.15816274810233	0.065	0.035	4.12027616649686e-27	EPS8	c2
1.29913717115448e-31	-0.299193232439947	0.238	0.332	4.3570462446179e-27	ARL5A	c2
1.30438503942867e-31	-2.67950985421681	0.002	0.027	4.37464654523587e-27	CDC6	c2
1.31734958193518e-31	-0.5077049375551	0.108	0.172	4.41812702789421e-27	RRM1	c2
1.35609787329102e-31	-0.289067524257372	0.31	0.414	4.54808104744344e-27	MGAT1	c2
1.36909889638786e-31	-0.298563989379484	0.216	0.308	4.59168387870559e-27	APEH	c2
1.39115981146483e-31	-0.360130316486697	0.131	0.203	4.66567177569074e-27	SLC25A46	c2
1.45904701487904e-31	-0.34280792572871	0.189	0.273	4.89335187850132e-27	ADD1	c2
1.50036846064539e-31	-0.381744630928792	0.104	0.17	5.0319357433125e-27	RUVBL1	c2
1.55206942140921e-31	-0.480661555261974	0.068	0.123	5.20533042552222e-27	CPSF3	c2
1.5579529743157e-31	-0.370037618401662	0.112	0.181	5.22506268526001e-27	C1orf122	c2
1.5851751452338e-31	-0.29027376460751	0.2	0.289	5.31636040208512e-27	TAF9	c2
1.61267391845116e-31	-0.644690878184284	0.048	0.096	5.40858578770149e-27	CEP78	c2
1.63142083909031e-31	0.60895796409491	0.188	0.137	5.4714592101411e-27	LGALS3BP	c2
1.64018636799695e-31	-0.286804338639239	0.228	0.321	5.50085704098817e-27	ARRDC1	c2
1.6932333443992e-31	-0.271574958601271	0.224	0.32	5.67876599044604e-27	PSENEN	c2
1.71919341278142e-31	-0.690194889601002	0.184	0.255	5.76583086778633e-27	PDCD1	c2
1.75613639593932e-31	0.50048820716298	0.338	0.289	5.88973024470128e-27	ADI1	c2
1.8277366045884e-31	-0.411268110057569	0.092	0.154	6.12986302446857e-27	MAGOHB	c2
1.98630297268498e-31	-0.469865139831036	0.08	0.138	6.66166290979089e-27	ST3GAL5	c2
2.03593664309241e-31	-0.320320914751521	0.141	0.216	6.82812431360331e-27	GPS2	c2
2.08264153822935e-31	-0.314858599314341	0.196	0.282	6.9847631909136e-27	USP4	c2
2.21958165431295e-31	-0.319746636346824	0.146	0.223	7.44403295223478e-27	VRK3	c2
2.24992590006259e-31	-3.76223514388135	0.001	0.024	7.5458014836299e-27	BUB1B	c2
2.34929639192774e-31	-0.294629042616648	0.144	0.221	7.87907023924726e-27	DRG1	c2
2.40650427342543e-31	-0.264625682140508	0.3	0.403	8.07093403221421e-27	DCTN2	c2
2.4747420734995e-31	-8.38409590101265	0	0.023	8.29978996610261e-27	VCAM1	c2
2.48518927239477e-31	-0.983282851485572	0.064	0.114	8.33482778175758e-27	IL6R	c2
2.51111375120938e-31	-0.333200666555015	0.15	0.228	8.42177329880601e-27	KLHDC3	c2
2.5154258357233e-31	-0.337122672279428	0.176	0.257	8.43623516784882e-27	MIS18BP1	c2
2.52111938520122e-31	-0.557722972175359	0.054	0.104	8.45533019408784e-27	ESS2	c2
2.53701132506531e-31	-2.25720388794141	0.003	0.029	8.50862858200402e-27	PRR11	c2
2.58730231570454e-31	-0.327005004795721	0.216	0.304	8.6772945064099e-27	IRF7	c2
2.70174299355706e-31	-0.373053150517778	0.119	0.189	9.06110565179167e-27	TOLLIP	c2
2.74026836475076e-31	-0.319618312803774	0.182	0.266	9.19031204170109e-27	RIOK3	c2
2.98965584315411e-31	-0.290376795586018	0.339	0.443	1.00267077667703e-26	ADAR	c2
3.04907261533004e-31	-2.79706273540008	0.005	0.033	1.02259797372939e-26	HIST1H2AJ	c2
3.07994561994319e-31	-0.455462875628234	0.116	0.182	1.03295216201655e-26	RUNX1	c2
3.12575910562923e-31	-0.358827625399851	0.176	0.258	1.04831708884593e-26	NELFCD	c2
3.19693839728033e-31	-0.253229874547781	0.394	0.505	1.07218919967988e-26	NAPA	c2
3.30931249560602e-31	-1.26059456119868	0.024	0.062	1.10987722477635e-26	LY96	c2
3.42906596497691e-31	-0.303794136506227	0.189	0.276	1.15004014333395e-26	NUBP2	c2
3.43072237922283e-31	-0.652034858536017	0.054	0.103	1.15059567154375e-26	DEAF1	c2
3.45023609693009e-31	-5.72631686772167	0	0.023	1.15714018218841e-26	LMCD1	c2
3.56230419457868e-31	-4.68153154011211	0.001	0.025	1.1947255807778e-26	ADRB1	c2
3.56319416651483e-31	-0.309116945869593	0.199	0.285	1.19502405956574e-26	PRKD2	c2
3.69431078075674e-31	-0.27914584809097	0.239	0.334	1.23899794965019e-26	ELOVL1	c2
3.85325480207368e-31	0.192088604087987	0.8	0.795	1.29230459551947e-26	EIF4A2	c2
3.92818788559248e-31	-0.277992215522904	0.322	0.427	1.31743565307e-26	MEA1	c2
3.97672812961382e-31	-0.535271209671933	0.068	0.122	1.33371508010988e-26	NKAPD1	c2
4.06213074497961e-31	-0.526322543604279	0.046	0.094	1.36235740925126e-26	CPPED1	c2
4.08672000920355e-31	-0.141059578374803	0.92	0.937	1.37060415668669e-26	MYL12B	c2
4.20342448065087e-31	0.379943892473323	0.213	0.301	1.40974450232069e-26	IFNG	c2
4.22923448819743e-31	-0.457733422857544	0.081	0.14	1.41840066265165e-26	SEC23IP	c2
4.38375062405737e-31	-0.278969845562371	0.303	0.407	1.47022228429636e-26	RHEB	c2
4.40417382195263e-31	-0.308508793342192	0.214	0.303	1.47707181640647e-26	SPPL2A	c2
4.435734347844e-31	-0.26127214613508	0.24	0.336	1.48765658557992e-26	TOX4	c2
4.54583938010177e-31	-0.55214565314541	0.057	0.108	1.52458361129853e-26	TIMM29	c2
4.57239057398775e-31	-0.313846429054787	0.238	0.329	1.53348835070401e-26	BTG3	c2
4.78722979845038e-31	-1.22572727353998	0.046	0.092	1.60554112980429e-26	FCGRT	c2
4.88898076458868e-31	-6.75926310102116	0	0.023	1.63966636882775e-26	LILRB1	c2
5.10016724068747e-31	-0.307421384006594	0.139	0.214	1.71049408918176e-26	MRPS18A	c2
5.27149204789043e-31	-2.59509554969539	0.003	0.029	1.76795300302149e-26	LINC01358	c2
5.45255591172048e-31	-0.246492405196955	0.385	0.495	1.82867820167281e-26	DYNLT1	c2
5.54254186802059e-31	-0.209731045520931	0.682	0.756	1.85885769169675e-26	SPCS1	c2
5.62559177609348e-31	-0.261913361164885	0.233	0.329	1.88671096986623e-26	TRAPPC5	c2
5.76462867512614e-31	-0.662935306598256	0.036	0.08	1.9333411650638e-26	KCTD9	c2
5.76702328645449e-31	-0.412240576186247	0.067	0.122	1.93414426981111e-26	SPTSSA	c2
5.86463065817385e-31	-0.484505134203097	0.069	0.123	1.96687983013834e-26	NADK	c2
6.06598157021686e-31	-0.476699331633312	0.092	0.153	2.03440889901933e-26	WDFY1	c2
6.61166276446496e-31	-0.260800812013014	0.365	0.472	2.21741945794626e-26	NAA10	c2
6.67869941629862e-31	-0.262964002535432	0.391	0.499	2.23990221023823e-26	ZNHIT1	c2
7.11480158832376e-31	0.628646341200253	0.258	0.208	2.38616215669202e-26	TLE4	c2
7.12060609495693e-31	-0.294800119422975	0.198	0.287	2.38810887212666e-26	PIN4	c2
7.52085926564459e-31	-0.480622205785081	0.071	0.127	2.52234578051188e-26	UBR7	c2
7.76089850047387e-31	-0.271027069332206	0.229	0.323	2.60285013908893e-26	PSMC6	c2
8.10746271888012e-31	-0.341568446218435	0.158	0.235	2.71908084665801e-26	USP48	c2
8.1173367963536e-31	-0.301719486441336	0.188	0.272	2.72239241476107e-26	PWP1	c2
8.52085687259931e-31	-0.309209191203223	0.238	0.326	2.85772497793236e-26	H2AFJ	c2
8.54694896815456e-31	-0.318256292181742	0.111	0.179	2.86647574493968e-26	ELP6	c2
8.73430638646915e-31	-0.677824284237411	0.035	0.078	2.92931167589402e-26	HAUS8	c2
9.00528946062916e-31	-0.3969084599641	0.082	0.142	3.02019397930581e-26	NUP37	c2
9.87002642113918e-31	-0.266534533971559	0.305	0.41	3.31020946112166e-26	PFDN2	c2
1.01149051187666e-30	-0.508718713555268	0.055	0.105	3.39233687873193e-26	HSCB	c2
1.0133284185986e-30	-0.314355662513584	0.195	0.28	3.39850085029598e-26	RPIA	c2
1.03676217979718e-30	-0.250064204083709	0.237	0.332	3.47709299860377e-26	DNTTIP2	c2
1.20002082422858e-30	-0.529287415726809	0.072	0.127	4.02462984029781e-26	MAGED1	c2
1.21270752565534e-30	-0.262072962282659	0.258	0.359	4.06717849954288e-26	LYPLA1	c2
1.22754098491027e-30	0.184883243403691	0.991	0.988	4.11692695519206e-26	HSPA8	c2
1.24876502982553e-30	-0.281569499368093	0.243	0.339	4.18810815702886e-26	CYB561D2	c2
1.25646441502063e-30	-0.528688116341568	0.092	0.151	4.21393035509617e-26	DDAH2	c2
1.2576989700669e-30	-0.653733754922721	0.043	0.089	4.21807080581037e-26	FBXL6	c2
1.27600819543668e-30	-0.289405663178236	0.248	0.343	4.27947628585555e-26	EIF4E2	c2
1.34930688261348e-30	-5.73943957545451	0	0.023	4.52530542290909e-26	KIF4A	c2
1.35178411851236e-30	-0.272739946426588	0.347	0.451	4.53361357666676e-26	NUDC	c2
1.37108652790511e-30	-0.351805866308736	0.143	0.217	4.59834999728816e-26	TERF1	c2
1.42623721271386e-30	-0.25546036232445	0.53	0.624	4.78331436399975e-26	RHOF	c2
1.42965030676379e-30	-0.26428252496971	0.283	0.383	4.79476119882442e-26	IAH1	c2
1.43884761503959e-30	-0.296990806936484	0.212	0.303	4.82560713131976e-26	PRELID3B	c2
1.47815243417399e-30	-0.316203153955888	0.184	0.267	4.95742763373272e-26	PCIF1	c2
1.49417059250326e-30	-0.42495309748917	0.084	0.143	5.01114933313744e-26	DUSP12	c2
1.54053242995961e-30	-0.905484282775294	0.035	0.076	5.16663766359855e-26	RAB30	c2
1.56082250344849e-30	0.829478853236123	0.143	0.099	5.23468651206554e-26	TUBB2A	c2
1.56515911538137e-30	-0.342178697523289	0.24	0.329	5.24923064116605e-26	PTP4A1	c2
1.57155474043668e-30	-0.30084052594836	0.187	0.27	5.27068028847653e-26	ACSL5	c2
1.63778482056422e-30	0.102080014437251	0.984	0.982	5.49280273120827e-26	PFDN5	c2
1.6513210362245e-30	-0.307106908859596	0.172	0.253	5.53820049128974e-26	ME2	c2
1.69886926339628e-30	-0.275409181926028	0.238	0.332	5.69766773557844e-26	UBE2V2	c2
1.70117070694821e-30	-0.354680414801137	0.112	0.178	5.70538631696291e-26	RWDD4	c2
1.70468550364261e-30	-0.377846293891019	0.111	0.176	5.71717424211658e-26	ING4	c2
1.71412783361247e-30	-0.319203701835022	0.142	0.217	5.74884192836949e-26	USP39	c2
1.7484720074925e-30	-0.441022875415439	0.137	0.208	5.86402541872834e-26	NFAT5	c2
1.74942752667932e-30	-0.294672435815426	0.161	0.239	5.86723003897712e-26	NFATC2IP	c2
1.78343512989717e-30	-0.345185627209787	0.155	0.23	5.98128473864912e-26	OAS2	c2
1.82138220244023e-30	-0.411488641042606	0.093	0.154	6.10855163054406e-26	EXOG	c2
1.83487722976196e-30	-0.318976967933639	0.184	0.266	6.15381125317565e-26	EIF2AK1	c2
1.8479619533536e-30	-1.50138617295955	0.008	0.037	6.19769479915729e-26	SLC29A1	c2
1.90068450850273e-30	-3.89144713480453	0.001	0.024	6.37451570461645e-26	CIITA	c2
1.91326553495735e-30	-0.247455482324	0.396	0.504	6.41670995113996e-26	TOMM22	c2
2.0397259390861e-30	-3.11291018971413	0.004	0.03	6.84083285450695e-26	IL17A	c2
2.15696565931209e-30	-0.362719625855161	0.121	0.189	7.23403142820088e-26	ZRSR2	c2
2.25775875826188e-30	-0.292613877355608	0.149	0.226	7.5720713234587e-26	DLD	c2
2.28358817262407e-30	-0.38025280144351	0.095	0.157	7.6586980133466e-26	SGTA	c2
2.28663830346492e-30	-0.274488172703529	0.144	0.221	7.66892754216065e-26	DPH3	c2
2.33732641443042e-30	-0.268256045599627	0.315	0.417	7.83892532871676e-26	TXNL4A	c2
2.33908197740446e-30	1.1879491702216	0.056	0.029	7.84481313581909e-26	STX3	c2
2.36668572121131e-30	-0.414090796060309	0.124	0.192	7.93739057179848e-26	TBCD	c2
2.3824088388058e-30	0.586578427246662	0.147	0.101	7.99012276358689e-26	RNF130	c2
2.44519293064381e-30	-0.355501158254125	0.134	0.206	8.20068805079322e-26	AAGAB	c2
2.45805039313927e-30	-0.528431641034785	0.049	0.097	8.24380940851047e-26	AGFG1	c2
2.46396254419678e-30	-0.458654098489319	0.073	0.128	8.26363758072717e-26	TAF1B	c2
2.4828161729744e-30	-0.283542942879897	0.176	0.258	8.32686888092155e-26	SLC25A1	c2
2.48408732232898e-30	-0.513758228818803	0.068	0.122	8.33113206162695e-26	RRBP1	c2
2.48675082832415e-30	-0.400872282445104	0.089	0.149	8.34006492803354e-26	CSTF1	c2
2.50172639102476e-30	-5.20422417660228	0.001	0.023	8.39028997021885e-26	LINC01480	c2
2.56333274921645e-30	-0.287550056958562	0.188	0.272	8.59690537432214e-26	MRPL22	c2
2.57581443024333e-30	2.12352418769439	0.014	0.004	8.63876643615009e-26	TLCD2	c2
2.5880182104706e-30	-0.661827209426077	0.041	0.085	8.6796954742763e-26	NFKBIE	c2
2.85122174688983e-30	-0.375694384926408	0.114	0.181	9.56242749471913e-26	FLYWCH2	c2
2.87825685658591e-30	-0.370379162795896	0.213	0.297	9.65309784561783e-26	FAS	c2
2.91865039538354e-30	-0.405477987795062	0.097	0.16	9.78856969603732e-26	ABHD12	c2
2.9964831633104e-30	-0.264076508293133	0.396	0.503	1.00496052331104e-25	ATRX	c2
3.02894928766543e-30	-0.535585733394331	0.051	0.099	1.01584901209723e-25	ATP2A2	c2
3.07599739718092e-30	-0.400428483918185	0.074	0.13	1.03162800706654e-25	CREB3	c2
3.28843100597563e-30	-0.383714533822099	0.088	0.149	1.10287399078411e-25	MVB12A	c2
3.64934272786e-30	-0.370182289851946	0.11	0.176	1.22391656406969e-25	TBK1	c2
4.08310582791617e-30	-0.58712109794293	0.04	0.085	1.36939203256653e-25	IFI27L1	c2
4.17168984560791e-30	-0.274236320897916	0.256	0.352	1.39910134041998e-25	PSMD11	c2
4.2137577932271e-30	-0.32600404086099	0.106	0.171	1.41321008869251e-25	MRPL46	c2
4.22364546111878e-30	-0.352998435427507	0.099	0.162	1.41652621475002e-25	SNX4	c2
4.42184309391454e-30	-0.134137105026099	0.188	0.275	1.48299773683706e-25	SYAP1	c2
4.75491804127354e-30	-0.343767358923997	0.1	0.163	1.59470441268232e-25	CINP	c2
4.76072415656483e-30	-0.47968076980604	0.097	0.157	1.59665166762871e-25	PHF19	c2
4.84530019466176e-30	-0.470087502199043	0.104	0.167	1.62501677928566e-25	SGMS1	c2
5.03272859311901e-30	-0.263559627033267	0.303	0.402	1.68787651556025e-25	SUPT4H1	c2
5.43604652633747e-30	-0.299126721581011	0.188	0.271	1.82314128400306e-25	NSD1	c2
5.72015370932709e-30	-0.221799211382612	0.514	0.623	1.91842515103412e-25	SSU72	c2
5.75644351272384e-30	-1.8191321269312	0.01	0.04	1.93059602529732e-25	FAM184A	c2
5.80455894338651e-30	-0.669597320441068	0.042	0.086	1.94673297843297e-25	GXYLT1	c2
5.84426998715967e-30	-0.214946147419427	0.6	0.696	1.96005126829361e-25	HNRNPU	c2
5.90543368439255e-30	-0.259830129776829	0.35	0.453	1.98056434907157e-25	MMADHC	c2
6.18733033905104e-30	-0.275188584370088	0.336	0.44	2.07510684911094e-25	SNRPC	c2
6.21076710062278e-30	-0.486166004574621	0.077	0.133	2.08296707020687e-25	ZNF672	c2
6.23617021191819e-30	-0.329456510613107	0.231	0.319	2.09148676567312e-25	NFATC3	c2
7.07361618662361e-30	-0.285181551711147	0.392	0.491	2.37234939666983e-25	MRPL54	c2
7.43566325891624e-30	-0.27903665410105	0.174	0.256	2.49377274377533e-25	ETNK1	c2
7.61465323468297e-30	-0.3120511616813	0.18	0.261	2.55380240184797e-25	LRBA	c2
7.67784078944455e-30	-0.322705491979826	0.142	0.215	2.57499424396391e-25	ATP6V1H	c2
7.92408183873397e-30	-0.283753101725291	0.166	0.247	2.6575785670746e-25	C12orf10	c2
7.97790597593697e-30	-0.328463794158106	0.276	0.369	2.67563010620974e-25	MYO1F	c2
8.20592554445249e-30	-0.306112689397988	0.263	0.355	2.75210330909848e-25	RASSF1	c2
8.81848025990289e-30	-0.328430362822159	0.207	0.29	2.95754190956623e-25	ABTB1	c2
8.94497457064743e-30	-0.326976586451861	0.131	0.201	2.99996557150374e-25	PAFAH1B3	c2
9.06814578982099e-30	-0.318197557165471	0.133	0.204	3.04127473499016e-25	PMM1	c2
9.12843631394884e-30	-6.71364963222112	0	0.022	3.06149497097216e-25	CLNK	c2
9.1443420965126e-30	-0.231880524261056	0.494	0.597	3.0668294523284e-25	RNPS1	c2
9.17584815322967e-30	-4.2583082533009	0.001	0.023	3.07739595363017e-25	SPC24	c2
9.56948879113057e-30	-3.33154936541646	0.001	0.023	3.20941515076937e-25	SKA3	c2
9.68795312174668e-30	-0.576373532275933	0.051	0.098	3.2491457179714e-25	MTRF1L	c2
1.01711133321447e-29	-0.317165893913577	0.204	0.289	3.41118798933468e-25	UQCC2	c2
1.0625951771636e-29	-0.291203074315365	0.143	0.217	3.56373170517128e-25	MRPS10	c2
1.09100828485161e-29	-0.361669470070297	0.116	0.182	3.65902358573533e-25	C3orf38	c2
1.10874887842826e-29	-0.849726524073253	0.027	0.065	3.7185219884727e-25	TAP2	c2
1.1549924104847e-29	-1.46794306824682	0.009	0.039	3.87361354628358e-25	AURKA	c2
1.1706111872351e-29	-0.69197104434961	0.054	0.101	3.92599579974907e-25	ATP10D	c2
1.20385926947357e-29	-0.35644602918456	0.112	0.177	4.03750321796047e-25	MAPKAPK5-AS1	c2
1.22581462144602e-29	-0.291613990822136	0.266	0.358	4.11113707740565e-25	STIP1	c2
1.24023441565258e-29	-2.5014021087638	0.005	0.031	4.15949818321562e-25	UBXN10-AS1	c2
1.24222119261071e-29	-0.285541393024034	0.328	0.431	4.16616143577779e-25	DNAJB6	c2
1.26015722611307e-29	-0.296292037996661	0.24	0.332	4.22631530493803e-25	PTPRA	c2
1.28500756675329e-29	-0.228269218790576	0.234	0.332	4.30965837737718e-25	NDUFA10	c2
1.29243314459819e-29	-0.322390325407392	0.108	0.173	4.33456228035342e-25	MRPL2	c2
1.3453642220439e-29	-0.679581875166244	0.044	0.088	4.51208252789082e-25	KCTD17	c2
1.39896854547452e-29	-0.848638566653958	0.038	0.08	4.69186070781243e-25	HOTAIRM1	c2
1.40439999017626e-29	-6.19871428304241	0	0.022	4.71007668705313e-25	STYK1	c2
1.41206841668222e-29	-0.274269133213541	0.219	0.307	4.73579505586883e-25	YIPF4	c2
1.42962696709977e-29	-0.568332735981669	0.077	0.131	4.7946829222592e-25	PVT1	c2
1.4641740708747e-29	-0.294741991374012	0.189	0.271	4.91054699889958e-25	CTCF	c2
1.481433851852e-29	0.806523867830517	0.166	0.121	4.96843285234123e-25	AL118516.1	c2
1.5107668733246e-29	-0.285132808195086	0.278	0.376	5.06680993975603e-25	ETFA	c2
1.53391065883642e-29	-0.304971565339233	0.157	0.233	5.14442956760559e-25	SNRNP27	c2
1.54274760188679e-29	-0.272725985903935	0.23	0.321	5.17406690720793e-25	DERL2	c2
1.57307034469522e-29	-0.26028123398529	0.253	0.35	5.27576332203884e-25	THYN1	c2
1.58415730582159e-29	-0.816903648054877	0.032	0.072	5.31294677226445e-25	CASS4	c2
1.65065924606802e-29	-1.44634503185366	0.019	0.052	5.53598097946292e-25	CA10	c2
1.81306926116517e-29	-0.313195117569014	0.195	0.278	6.08067168809573e-25	RRP1B	c2
2.0244243915521e-29	-0.35538289259192	0.098	0.159	6.78951452438744e-25	CIAPIN1	c2
2.0479282159056e-29	-0.258313711693	0.213	0.304	6.86834165050421e-25	MRPL16	c2
2.06892985020173e-29	-0.526638913053034	0.062	0.112	6.93877693160656e-25	FBXL12	c2
2.11622603793164e-29	1.02930029861248	0.067	0.038	7.09739888601512e-25	ZNF677	c2
2.14900711024734e-29	-0.308720865252696	0.145	0.218	7.20734004634753e-25	SART1	c2
2.23325752302085e-29	-0.390657980986331	0.067	0.12	7.48989908070732e-25	DMAC2	c2
2.37658576463924e-29	-0.469177819021356	0.084	0.141	7.97059333744708e-25	AP5M1	c2
2.72524789481524e-29	-0.211778193853587	0.685	0.756	9.13993638963134e-25	MSN	c2
2.76956145069544e-29	-0.102022668650521	1	0.998	9.28855519334236e-25	MT-CO1	c2
2.78270444371462e-29	-0.289591865778511	0.162	0.239	9.3326341633301e-25	PPP2R3C	c2
2.80229261773327e-29	0.202889779991075	0.823	0.822	9.39832898135384e-25	SERP1	c2
2.88355981804186e-29	-0.426113160235414	0.082	0.138	9.67088291774879e-25	ASB1	c2
2.9141424590288e-29	-0.328981456590816	0.104	0.168	9.77345097909079e-25	SLC35B1	c2
3.18270406794755e-29	-0.291214307170714	0.165	0.243	1.06741529030825e-24	DPF2	c2
3.33169039445821e-29	-0.280660918359139	0.462	0.56	1.11738232449339e-24	BIN2	c2
3.3458669209554e-29	-1.19671611796036	0.015	0.047	1.12213684795002e-24	HIST1H2AM	c2
3.45187208428827e-29	-1.57125000253444	0.032	0.07	1.1576888596286e-24	TRGV8	c2
3.62600738164943e-29	-0.261952517951416	0.257	0.35	1.21609035565759e-24	P2RY10	c2
3.86138406065979e-29	-0.350879679232949	0.121	0.188	1.29503098626408e-24	PTPA	c2
4.08810929774938e-29	0.123584614625474	0.976	0.973	1.37107009627919e-24	RPL36AL	c2
4.15389027560977e-29	-0.316550074045323	0.123	0.192	1.39313172063401e-24	PLAA	c2
4.28738089438822e-29	-0.315892362790333	0.185	0.266	1.43790180435992e-24	HDDC2	c2
4.37822537561964e-29	-0.375085930696385	0.11	0.174	1.46836922647531e-24	ATG4D	c2
4.39871428954689e-29	-0.330440798671656	0.134	0.204	1.47524079842824e-24	TRIM21	c2
4.48094197566204e-29	-0.295527259877465	0.266	0.355	1.50281831979754e-24	NASP	c2
4.69025659459582e-29	-0.276441712039433	0.147	0.222	1.57301825669555e-24	NIP7	c2
4.73361173717726e-29	0.684262337866023	0.166	0.121	1.58755870441451e-24	NME4	c2
4.83606367864827e-29	-3.10486212948486	0.001	0.023	1.62191903654506e-24	MCM10	c2
4.92873719301192e-29	-0.521315635198532	0.147	0.215	1.65299987979234e-24	ITGB1	c2
4.94895943292959e-29	-2.09037983630442	0.004	0.029	1.65978201461593e-24	AC091057.6	c2
5.01862849078021e-29	-0.583589296235221	0.052	0.1	1.68314762323787e-24	KLHDC7B	c2
5.55602749153767e-29	-0.270388219411026	0.242	0.335	1.8633805001119e-24	SPG21	c2
5.74026339882661e-29	-2.88014431446176	0.002	0.025	1.92516953869847e-24	DSCC1	c2
5.87955950603867e-29	-1.92830701603186	0.015	0.046	1.97188666713525e-24	CCNB1	c2
6.23003839223791e-29	-0.317649620432897	0.215	0.299	2.08943027598875e-24	SERPINB9	c2
6.246088727542e-29	-0.353573695866355	0.095	0.155	2.09481323744304e-24	IDH3A	c2
6.33082257109598e-29	-0.290418387126332	0.166	0.244	2.12323127389417e-24	AP3D1	c2
6.74137018419986e-29	-4.53593266474301	0.001	0.022	2.26092073237695e-24	ENC1	c2
6.81006049413678e-29	-0.414369888853556	0.095	0.154	2.28395808852359e-24	KDM2B	c2
6.88390923926759e-29	-0.795596696740949	0.032	0.072	2.30872548066556e-24	STK39	c2
7.19015951397972e-29	-0.253000826534172	0.212	0.298	2.41143569779852e-24	MRPL10	c2
7.30053153404787e-29	-0.275201933512683	0.352	0.452	2.44845226588897e-24	MRPL52	c2
7.3450014704103e-29	-0.758774169259524	0.03	0.068	2.46336659314621e-24	INTS7	c2
7.43404937151342e-29	-0.248127316306068	0.195	0.281	2.49323147821817e-24	MPLKIP	c2
7.81404843730853e-29	-0.277216593817324	0.197	0.283	2.62067556490453e-24	GNG10	c2
7.82411243019203e-29	-0.372661855193186	0.147	0.218	2.6240508268378e-24	FKBP4	c2
8.06294621683701e-29	-1.59693757481578	0.006	0.033	2.70415090220279e-24	ECT2	c2
8.19940830595172e-29	-0.266826691510312	0.347	0.451	2.74991755765009e-24	GADD45GIP1	c2
8.4605782346663e-29	-0.296459680220659	0.163	0.24	2.83750872834238e-24	POLR3K	c2
8.80677468205831e-29	-1.05752826456917	0.022	0.058	2.95361609286872e-24	AC008105.3	c2
8.87801236428718e-29	-5.85170131523389	0.001	0.022	2.97750778673464e-24	SPRY2	c2
8.91221289283995e-29	-0.407603744924986	0.088	0.146	2.98897796000066e-24	ZNF720	c2
9.01352766162708e-29	-0.261972717468294	0.27	0.365	3.02295690715649e-24	KDM5A	c2
9.08970870174971e-29	-0.260154570192062	0.233	0.325	3.04850650439282e-24	UBE2G1	c2
9.2490238192664e-29	-0.335824852247431	0.085	0.143	3.10193760850556e-24	HDGFL2	c2
9.4891613009509e-29	-0.297813764325375	0.114	0.179	3.18247491711291e-24	EIPR1	c2
9.61091096163218e-29	-0.466789103749314	0.072	0.125	3.2233073183122e-24	SMIM4	c2
9.71701254434274e-29	-0.253246863182528	0.201	0.289	3.25889166712167e-24	PFDN1	c2
9.77366151052343e-29	-0.306316134698485	0.114	0.18	3.27789059739935e-24	RBM18	c2
9.79607566712939e-29	-0.256340816389955	0.136	0.208	3.28540785724185e-24	DELE1	c2
1.03985336289304e-28	-0.508264784986816	0.065	0.115	3.48746020847067e-24	TATDN3	c2
1.04851893780907e-28	-0.599742095451195	0.043	0.087	3.51652281362407e-24	NTHL1	c2
1.06323271441896e-28	-0.300691706730353	0.188	0.269	3.56586987761831e-24	GARS	c2
1.07865354461324e-28	-0.321067902210046	0.125	0.194	3.61758825792388e-24	ABHD16A	c2
1.0866338660622e-28	-0.368171708821336	0.117	0.181	3.64435265999942e-24	ODF2	c2
1.08816194302262e-28	-4.2891751166337	0.001	0.023	3.64947752450925e-24	REG4	c2
1.09009313029237e-28	-0.324663475018618	0.113	0.178	3.65595434037456e-24	MED27	c2
1.09763428003812e-28	-0.279985164158724	0.391	0.492	3.68124584839186e-24	DCTN3	c2
1.10567690866225e-28	-3.1421291217643	0.001	0.023	3.70821921627146e-24	SKA1	c2
1.11037772090492e-28	-1.78757186555007	0.005	0.031	3.72398480037091e-24	CCNE2	c2
1.12991759863696e-28	-0.284281159083743	0.186	0.267	3.78951764230864e-24	CLTC	c2
1.13321131894049e-28	-0.354421045720122	0.118	0.184	3.80056412146261e-24	GRIPAP1	c2
1.14296289809035e-28	-0.318637424211278	0.132	0.201	3.83326896761542e-24	NOA1	c2
1.16234341829132e-28	0.427480870701653	0.343	0.291	3.89826735626544e-24	BCL2	c2
1.19405080052459e-28	-0.431987463207201	0.093	0.151	4.00460757479938e-24	LINC00847	c2
1.21458097135597e-28	-0.317405297454896	0.118	0.184	4.07346166173365e-24	COASY	c2
1.25723985728524e-28	-0.497039057734467	0.052	0.098	4.21653103336323e-24	POLR2J3	c2
1.28270603118782e-28	-0.23476073903262	0.316	0.418	4.30193948739772e-24	MRFAP1	c2
1.33884503264688e-28	-0.321053030693779	0.081	0.138	4.4902184704911e-24	GOT1	c2
1.46322227383251e-28	-0.313377832319091	0.124	0.192	4.90735486197946e-24	DCTN6	c2
1.52502258312568e-28	-0.589001113810292	0.051	0.097	5.11462073928691e-24	SCO2	c2
1.56412353365549e-28	-0.531383267871211	0.051	0.097	5.24575750717378e-24	SRGAP2	c2
1.58600752755026e-28	-0.296068984722351	0.211	0.296	5.31915204589808e-24	WBP1	c2
1.62766752774646e-28	-0.346226561277705	0.125	0.192	5.45887135455606e-24	TIMM50	c2
1.67979332285161e-28	-0.51958436553097	0.05	0.095	5.63369084617972e-24	PCNT	c2
1.7288790618461e-28	-0.229461599246375	0.391	0.498	5.79831459761945e-24	ZC3H15	c2
1.729116567403e-28	0.191112599789594	0.77	0.758	5.79911114375618e-24	HNRNPA0	c2
1.72935823190436e-28	-0.267168155283274	0.206	0.29	5.79992163816084e-24	FKBP3	c2
1.75728821120562e-28	-1.61842440774078	0.008	0.035	5.8935932027414e-24	MAPK11	c2
1.78494962172614e-28	0.612633711120448	0.247	0.199	5.98636404134512e-24	ANKRD28	c2
1.79356644209314e-28	-0.742926195961014	0.042	0.085	6.01526313349196e-24	BICDL1	c2
1.81288331178571e-28	-0.465289337127597	0.047	0.092	6.08004805106693e-24	ASL	c2
1.82942641552494e-28	-0.216158262960041	0.51	0.608	6.13553031238756e-24	GDI2	c2
2.16758551528987e-28	-0.275088350227009	0.191	0.274	7.26964830117915e-24	RPS6KB2	c2
2.17116885941142e-28	-0.302395123724168	0.203	0.286	7.28166612069402e-24	SMARCC1	c2
2.2142365534764e-28	-0.728335534917043	0.048	0.092	7.42610655304915e-24	GADD45G	c2
2.24520350707462e-28	0.665161709319987	0.162	0.116	7.52996352202687e-24	ANTXR2	c2
2.32856337036776e-28	-0.350385647376113	0.095	0.155	7.8095358315394e-24	SLC25A12	c2
2.36454038323098e-28	-0.367839077866408	0.16	0.232	7.93019553728007e-24	IRF2BP2	c2
2.37714185369753e-28	-0.288606040501946	0.215	0.299	7.97245834893077e-24	NUDT4	c2
2.41580654934895e-28	-0.315171694917795	0.118	0.184	8.1021320052065e-24	CISD1	c2
2.4845368043989e-28	-0.425589674405257	0.068	0.12	8.33263953459304e-24	ABCB8	c2
2.48908115565798e-28	-3.35942606275795	0.002	0.024	8.34788037984573e-24	PTPRK	c2
2.49241984837598e-28	-0.471173832302416	0.059	0.108	8.35907768748337e-24	PDRG1	c2
2.52575853364195e-28	-4.38471490426977	0	0.021	8.47088897012838e-24	PBK	c2
2.53149855306858e-28	-0.304936631308276	0.174	0.251	8.4901398472814e-24	SAE1	c2
2.59123933950523e-28	-0.273643041575612	0.159	0.236	8.69049849683266e-24	EEF1E1	c2
2.61178456625452e-28	-0.408819740103362	0.116	0.179	8.75940307830442e-24	CPD	c2
2.63433273093415e-28	-0.263907271326944	0.327	0.428	8.83502511300694e-24	BAZ1A	c2
2.66434891444171e-28	-0.277992280379992	0.231	0.319	8.93569338925459e-24	MPC1	c2
2.67124190254426e-28	0.922178686282726	0.076	0.044	8.95881109275294e-24	CYSLTR1	c2
2.687802123498e-28	-0.354559470661075	0.133	0.201	9.01435076178759e-24	JPX	c2
2.68869238670121e-28	-0.336672254735264	0.118	0.183	9.01733652651853e-24	LYRM1	c2
2.71873913994967e-28	-0.234662128066205	0.466	0.571	9.11810732756322e-24	OCIAD2	c2
2.90618138882227e-28	-0.15676141907181	0.848	0.88	9.74675114183212e-24	TPM3	c2
2.95488546802327e-28	-0.295498133289218	0.155	0.229	9.91009488265646e-24	SMIM10L1	c2
3.08556324140273e-28	-0.345808282091629	0.084	0.141	1.03483619990165e-23	MED25	c2
3.12676499860512e-28	-0.324772729963347	0.104	0.166	1.04865444523218e-23	RBM26	c2
3.24411239543025e-28	-0.297210741533588	0.35	0.445	1.0880104151794e-23	CCT5	c2
3.25754965734222e-28	-1.08542025341819	0.013	0.043	1.09251700407943e-23	BRCA2	c2
3.39617469108673e-28	-0.226615212902056	0.549	0.647	1.13900906789667e-23	BSG	c2
3.57407082521569e-28	-0.24216484343942	0.278	0.376	1.19867187336084e-23	ATF6B	c2
3.62192375535157e-28	-0.753195498768052	0.038	0.079	1.21472078906981e-23	HELZ2	c2
3.80793979217947e-28	-0.34112451970275	0.09	0.149	1.27710684750115e-23	GON7	c2
3.83692551515303e-28	-0.797501405806695	0.031	0.069	1.28682807927202e-23	IRF8	c2
3.91631270557838e-28	-1.71258625924052	0.011	0.039	1.31345295519688e-23	KIFC3	c2
3.93367798513604e-28	-0.357628612642266	0.216	0.295	1.31927692265493e-23	SYNE1	c2
4.01422975046583e-28	-0.301376804340569	0.105	0.168	1.34629237371123e-23	NUDT2	c2
4.07588222706819e-28	-5.79110698238179	0	0.021	1.36696938131413e-23	DRAIC	c2
4.08221851036049e-28	0.255503100201605	0.644	0.615	1.3690944440047e-23	GLIPR1	c2
4.23379668942345e-28	-0.313224298055823	0.1	0.162	1.41993073369884e-23	NUBP1	c2
4.26582206263974e-28	-0.259807985104631	0.181	0.262	1.43067140336811e-23	JAGN1	c2
4.35345667758804e-28	-0.286263493976097	0.192	0.273	1.46006230052948e-23	FARSA	c2
4.43934592856365e-28	-9.05259515569393	0	0.02	1.48886783752168e-23	FGFBP2	c2
4.52569909741495e-28	-0.238865110594097	0.551	0.638	1.51782896329103e-23	ERH	c2
4.76127324909415e-28	-0.49240581176947	0.077	0.13	1.5968358222812e-23	ZNF281	c2
4.94575342334536e-28	-0.369331894745285	0.09	0.148	1.65870678312157e-23	GLMP	c2
5.08096448788466e-28	-0.272201176546762	0.215	0.301	1.70405386994676e-23	GPAA1	c2
5.12910022681004e-28	-0.262637491537883	0.23	0.32	1.72019763406755e-23	NDUFA9	c2
5.59069403119908e-28	-0.288542295639197	0.15	0.223	1.87500696418355e-23	TIMMDC1	c2
5.68430770795857e-28	-0.556102624553025	0.062	0.11	1.90640311909515e-23	PIGB	c2
5.73415489726418e-28	0.525857189958208	0.28	0.232	1.92312086944446e-23	PBX4	c2
5.80031061274211e-28	-0.347450329331876	0.117	0.182	1.94530817330145e-23	MRPS9	c2
6.06858657157058e-28	-0.359223393039734	0.102	0.162	2.03528256437334e-23	TCOF1	c2
6.17865941541118e-28	-0.663508329079164	0.029	0.066	2.0721987947406e-23	CCDC34	c2
6.28134245156462e-28	-0.25932056009007	0.24	0.33	2.10663663140574e-23	COMT	c2
6.46031939163813e-28	-0.278959659025698	0.197	0.281	2.16666191756759e-23	IDH3B	c2
6.80420234741011e-28	-0.974984816725994	0.014	0.045	2.2819933832744e-23	NCAPG2	c2
6.84475439782968e-28	-0.748900272246548	0.039	0.08	2.29559372994412e-23	INPP5F	c2
6.88438855079624e-28	-0.266454976842025	0.208	0.294	2.30888623216604e-23	B4GALT3	c2
7.13303045563575e-28	-5.29463352938854	0	0.021	2.39227575421112e-23	FAM111B	c2
7.15326327384232e-28	-0.314073286176492	0.13	0.199	2.39906143678124e-23	HBS1L	c2
7.3239542530648e-28	-0.353137833214828	0.115	0.178	2.45630777739287e-23	ZFX	c2
7.52856174943038e-28	-0.247187120678721	0.229	0.319	2.52492903952396e-23	ACAA1	c2
7.63301153351077e-28	-0.312847703931257	0.116	0.181	2.55995940810884e-23	YAF2	c2
7.70288104673724e-28	-0.70721415088256	0.04	0.081	2.58339224545474e-23	TET2	c2
7.80851560850902e-28	-0.495096386906795	0.105	0.164	2.61881996478176e-23	ZBP1	c2
7.84173412906626e-28	-0.462241016283127	0.084	0.138	2.62996079220624e-23	CDC37L1	c2
7.88073574194781e-28	-0.277963314725665	0.126	0.194	2.64304115313446e-23	UROD	c2
8.0232908219953e-28	-0.170913100537435	0.804	0.852	2.69085127588078e-23	SEPT1	c2
8.15606642916118e-28	0.891093101986487	0.146	0.105	2.73538155901208e-23	FAM122C	c2
8.36221241969128e-28	-3.87689849436179	0.001	0.023	2.80451880131606e-23	SOX4	c2
8.38986191584583e-28	-0.45181737615053	0.072	0.124	2.81379188933637e-23	UBE2Z	c2
8.45426160140412e-28	-0.34687475145371	0.073	0.125	2.83539025587891e-23	DOHH	c2
8.45726850570764e-28	-0.257534095798139	0.25	0.343	2.83639871144423e-23	MRPL4	c2
8.46221627131322e-28	-0.321854381482151	0.119	0.184	2.83805809307303e-23	EXOSC7	c2
8.89283519295495e-28	-0.246408177139646	0.182	0.264	2.98247906701323e-23	EPN1	c2
8.9424019804546e-28	-0.279869254293288	0.162	0.238	2.99910277620486e-23	IWS1	c2
9.03107432879758e-28	-1.9013031712976	0.006	0.031	3.02884170839213e-23	MXD3	c2
9.12619919252712e-28	-0.265034809953063	0.177	0.257	3.06074468518975e-23	JOSD2	c2
9.14806268301232e-28	-0.263684885859829	0.273	0.368	3.06807726262867e-23	LMAN1	c2
9.22831757977459e-28	1.16357447080225	0.048	0.024	3.0949931499048e-23	PLAG1	c2
9.41636213682369e-28	-1.49254057611142	0.014	0.044	3.15805953344793e-23	TRGC1	c2
9.49606026209523e-28	-0.262634921206358	0.153	0.227	3.1847886907015e-23	TMEM126A	c2
9.86998853968615e-28	-0.845938727638418	0.025	0.061	3.31019675643994e-23	WSB2	c2
1.05924979480073e-27	-0.29880389744195	0.152	0.224	3.55251196180269e-23	MRPS23	c2
1.09635545639216e-27	-0.263084224923464	0.316	0.415	3.67695692964804e-23	STXBP2	c2
1.12543483449984e-27	-0.637981598409294	0.029	0.066	3.77448334794558e-23	FANCG	c2
1.13129946843323e-27	-0.498008746110609	0.064	0.114	3.79415215723138e-23	TBC1D2B	c2
1.14145513686588e-27	-4.35724910258625	0.001	0.021	3.82821223802079e-23	BEND4	c2
1.14900307492133e-27	-0.368180065054011	0.073	0.125	3.85352651267115e-23	AIMP2	c2
1.15440297176183e-27	-0.282551315743565	0.162	0.237	3.87163668669481e-23	GUSB	c2
1.20263493413651e-27	-2.77958786924082	0.002	0.024	4.03339704210703e-23	FHL2	c2
1.22173774137437e-27	-0.291277477715593	0.314	0.407	4.09746403702137e-23	SPTAN1	c2
1.24272825834231e-27	-4.55663042930532	0	0.021	4.16786203282845e-23	ANLN	c2
1.40563985872968e-27	-0.227720737396528	0.529	0.624	4.71423495820761e-23	BZW1	c2
1.4098519658772e-27	-0.591581494213595	0.04	0.082	4.72836152315894e-23	ACAD8	c2
1.50225793195779e-27	-0.434769500871908	0.09	0.146	5.03827265220003e-23	CEACAM21	c2
1.52312168619698e-27	-0.273361261180315	0.19	0.272	5.10824551116743e-23	SAR1B	c2
1.58531282863814e-27	-0.345920527940215	0.154	0.224	5.31682216468658e-23	ECI2	c2
1.65543429799532e-27	-0.283392694355745	0.189	0.269	5.55199554861671e-23	PIGT	c2
1.66270009755461e-27	-0.629783451688187	0.036	0.076	5.57636358717864e-23	CLPTM1L	c2
1.73128886739877e-27	-0.296993694629028	0.213	0.296	5.80639660348201e-23	CCDC91	c2
1.81178792915378e-27	-0.3418044572819	0.129	0.195	6.07637435679596e-23	HDAC10	c2
1.91322644270417e-27	-0.246665382015432	0.241	0.331	6.41657884354125e-23	DDRGK1	c2
1.92068782575909e-27	-0.247944818038634	0.35	0.453	6.44160283003083e-23	DDX46	c2
1.93192989168917e-27	-0.548617667603429	0.055	0.101	6.47930647074715e-23	MIOS	c2
1.93831876265111e-27	-0.712867470711485	0.041	0.081	6.5007334661793e-23	TRIB3	c2
1.97786184756514e-27	-0.227003216049966	0.219	0.308	6.63335306436397e-23	TAF12	c2
1.99002948756916e-27	-1.09830600612108	0.043	0.084	6.67416089540944e-23	IL4I1	c2
2.06640813973161e-27	-0.267155413552989	0.182	0.261	6.93031961903188e-23	SREK1	c2
2.13254169335577e-27	-0.279611560798862	0.255	0.342	7.15211833117658e-23	ATP2B4	c2
2.1790897268236e-27	-2.59463349683255	0.009	0.036	7.30823112582099e-23	HIST1H1B	c2
2.18738280745704e-27	-0.343658249094	0.118	0.182	7.33604445964943e-23	RDH14	c2
2.21399056871405e-27	-0.335543974224104	0.105	0.166	7.42528156935319e-23	VRK1	c2
2.27938794522118e-27	-0.279677830442004	0.255	0.346	7.64461129068278e-23	CISD3	c2
2.49085812270388e-27	-0.375233309395627	0.121	0.184	8.35383997192426e-23	ABCC1	c2
2.53098030795526e-27	-0.254873540300118	0.18	0.259	8.48840175682034e-23	UBE2K	c2
2.58265468334734e-27	-0.229220372708071	0.413	0.519	8.6617072770103e-23	SDF4	c2
2.64585972337733e-27	-0.244682178463999	0.247	0.337	8.87368434026289e-23	BAZ1B	c2
2.69735688967242e-27	-0.348956887756997	0.1	0.159	9.04639553658335e-23	PARVB	c2
2.72744021482582e-27	-0.208729684219041	0.623	0.709	9.14728899248285e-23	KHDRBS1	c2
2.79986331997082e-27	-0.439997743747237	0.078	0.131	9.39018160251815e-23	STX6	c2
2.83281424639559e-27	-0.252056220602251	0.229	0.316	9.50069241956153e-23	BBX	c2
2.85159030449636e-27	-0.348830295631346	0.09	0.147	9.56366356321988e-23	ALG12	c2
2.89688558903143e-27	-1.327479124045	0.008	0.035	9.7155748884936e-23	SPAG5	c2
2.90470797121449e-27	-0.25289380882324	0.184	0.265	9.74180959385915e-23	ITPA	c2
2.96302283634584e-27	-3.20902086347973	0.006	0.031	9.93738598853667e-23	IL22	c2
3.40910862732737e-27	-0.368220823761147	0.131	0.195	1.14334685143305e-22	GGA1	c2
3.53741049819204e-27	-0.238632400714444	0.176	0.254	1.18637673288365e-22	MRPL42	c2
4.14414892474833e-27	0.426056835901879	0.527	0.495	1.3898646663821e-22	NFKBIZ	c2
4.15661633644668e-27	-0.229631675853343	0.665	0.734	1.39404598691749e-22	TRAF3IP3	c2
4.1880865924917e-27	-0.324829499449659	0.14	0.208	1.40460048138987e-22	BOD1L1	c2
4.30560109285934e-27	-0.248543080604547	0.235	0.323	1.44401249452316e-22	METAP2	c2
4.33166043400898e-27	-0.265581793321325	0.354	0.455	1.45275227635793e-22	DNAJA2	c2
4.3560206091935e-27	-0.253591858064884	0.282	0.377	1.46092219191132e-22	ZNF800	c2
4.45515097635381e-27	-0.300129669228314	0.158	0.231	1.49416853444954e-22	PITPNB	c2
4.53742807834222e-27	-0.240499775469216	0.141	0.212	1.52176262891441e-22	SNAP29	c2
4.55383384930169e-27	1.40826082740049	0.031	0.014	1.5272647963788e-22	TNFRSF10D	c2
4.65663098316542e-27	0.495614991443375	0.332	0.29	1.56174089913402e-22	MDFIC	c2
4.67092146071304e-27	0.875353722113241	0.113	0.076	1.56653363949394e-22	AC087239.1	c2
4.784183558342e-27	-0.273560283121784	0.178	0.258	1.60451948179674e-22	VMA21	c2
4.93237161985538e-27	-0.333247452537303	0.112	0.173	1.6542187938671e-22	VAMP7	c2
4.95649333405046e-27	-0.226358499624692	0.442	0.546	1.66230873437384e-22	KPNB1	c2
5.23687367870565e-27	-0.830938194442797	0.02	0.052	1.7563426943643e-22	GSTZ1	c2
5.4637277091086e-27	-0.289704067439828	0.545	0.625	1.83242499908084e-22	SELPLG	c2
5.9869801106317e-27	-0.639518733782836	0.027	0.063	2.00791338950366e-22	DSN1	c2
6.02498018364867e-27	-0.772964919973674	0.031	0.068	2.02065785399209e-22	RELL2	c2
6.15488099905783e-27	-0.440216615250397	0.061	0.109	2.06422398946402e-22	C1orf50	c2
6.16459011981481e-27	-0.338159070323233	0.095	0.153	2.06748023438349e-22	DCTN5	c2
6.20159519013366e-27	-0.775996971009437	0.029	0.065	2.07989099486703e-22	TCF19	c2
6.41912717934584e-27	-0.452049504467093	0.068	0.118	2.15284687340901e-22	RFC2	c2
6.47860124496169e-27	-0.397380514227289	0.089	0.144	2.17279328553525e-22	DHX8	c2
6.52211242545506e-27	-0.314385633068402	0.101	0.16	2.18738606524912e-22	NNT	c2
6.6862143130236e-27	1.28677173948865	0.036	0.017	2.24242255630185e-22	MPZL2	c2
6.69819824259496e-27	-0.365790025369291	0.094	0.152	2.2464417266015e-22	NTAN1	c2
6.75902947243643e-27	-0.358713337218954	0.073	0.125	2.26684330446573e-22	CNP	c2
6.92306068479129e-27	0.235666292851253	0.529	0.486	2.3218560924653e-22	TUBB4B	c2
6.94060886476122e-27	-0.301372909624921	0.193	0.272	2.32774140106362e-22	JMJD6	c2
7.08430529507447e-27	-0.318650534623733	0.132	0.198	2.37593430986207e-22	NOL8	c2
7.50705609471647e-27	-0.335095662480924	0.113	0.175	2.51771647304601e-22	ISOC1	c2
7.5372178630686e-27	-0.283869420422947	0.106	0.166	2.52783212691595e-22	RAD51C	c2
7.74344050208733e-27	-0.791193592573025	0.017	0.049	2.59699507559005e-22	WDHD1	c2
7.9506967346683e-27	-0.256920059183569	0.276	0.367	2.66650467087305e-22	PDCL3	c2
8.05327232549212e-27	-0.240493631718342	0.208	0.29	2.70090647252355e-22	PHF20L1	c2
8.21643830012987e-27	-5.29991235399638	0	0.02	2.75562907709756e-22	ASCL2	c2
8.53504999648144e-27	-0.276857699675843	0.28	0.372	2.86248506781995e-22	RNF166	c2
8.53774379351125e-27	-0.442696088630762	0.074	0.125	2.8633885134678e-22	DNMT3A	c2
8.73526304152016e-27	-0.298801494850882	0.144	0.213	2.92963251886503e-22	HAT1	c2
8.75042719401231e-27	-0.414234981080731	0.122	0.185	2.93471827232785e-22	KDM5B	c2
9.07682899326968e-27	-0.289662199575216	0.195	0.273	3.04418690776279e-22	CLIP1	c2
9.12624037636649e-27	-0.233874577542307	0.302	0.402	3.06075849742579e-22	MOB4	c2
9.17448073566788e-27	-0.377593763381468	0.104	0.162	3.07693734912829e-22	BTBD1	c2
9.39513768459033e-27	-0.232065180222175	0.412	0.519	3.1509412766579e-22	TMCO1	c2
9.6002091625964e-27	-0.596390913748602	0.036	0.076	3.21971814895158e-22	WDR76	c2
1.01460280604754e-26	-0.292749458138592	0.348	0.44	3.40277489092223e-22	LBR	c2
1.04197026970624e-26	-0.868576421958399	0.032	0.069	3.49455989054077e-22	TSPOAP1	c2
1.04547231026902e-26	-0.304589242448002	0.096	0.155	3.50630503418025e-22	MRPL15	c2
1.13687413547265e-26	-6.6080959330652	0	0.019	3.81284847554817e-22	E2F2	c2
1.15077710409556e-26	-0.273142506100728	0.281	0.373	3.8594762517157e-22	PHF11	c2
1.20814377131743e-26	-0.263536874341578	0.182	0.261	4.05187258024438e-22	MYCBP	c2
1.239826434764e-26	-0.750102905153269	0.027	0.063	4.1581298969115e-22	RRP36	c2
1.2686698681151e-26	-0.455308680597641	0.076	0.128	4.25486500368444e-22	ACSL4	c2
1.27232260355599e-26	-0.264427396571938	0.205	0.286	4.26711554780608e-22	TTC14	c2
1.31695368864764e-26	-0.963575610127784	0.018	0.049	4.41679928098646e-22	INCENP	c2
1.37216873609043e-26	-0.257074598578526	0.177	0.254	4.60197950710009e-22	CCNK	c2
1.37828068866982e-26	-0.241330244926632	0.207	0.291	4.62247777366085e-22	PSMD3	c2
1.39357333817118e-26	-0.204962686842914	0.571	0.657	4.67376626155851e-22	ATP5PB	c2
1.39766645249826e-26	-0.253878557249967	0.302	0.396	4.68749374838868e-22	ETFB	c2
1.4035962394814e-26	-0.267995673263139	0.124	0.19	4.70738106797272e-22	MRPS27	c2
1.4116731302842e-26	-0.276913142699625	0.177	0.253	4.73446934434714e-22	TM2D1	c2
1.43267457580957e-26	-0.246003981526854	0.232	0.32	4.80490399235013e-22	CYB5B	c2
1.46553829208832e-26	-0.250755130854537	0.238	0.327	4.9151223240058e-22	SLC25A11	c2
1.49892130622954e-26	-0.219434029153905	0.543	0.625	5.02708227683264e-22	SRSF3	c2
1.52173015585995e-26	0.796295428235932	0.113	0.075	5.10357859672311e-22	GCSAM	c2
1.61099935306913e-26	-0.400505045417775	0.079	0.131	5.40296963032326e-22	ELOA	c2
1.64111748450962e-26	-0.229186181809374	0.373	0.478	5.50397981954837e-22	POLR2J	c2
1.64316768048006e-26	-0.464954808134566	0.059	0.106	5.51085576679402e-22	PELO	c2
1.68980656300174e-26	-0.208567448222327	0.527	0.628	5.66727325099524e-22	CD164	c2
1.7409977031482e-26	-0.255529071028089	0.205	0.288	5.83895809681843e-22	MRPS18B	c2
1.75702471646143e-26	-0.440170390513007	0.06	0.107	5.89270949406834e-22	METTL3	c2
1.75890977353214e-26	-0.241276090667979	0.435	0.538	5.8990315984721e-22	G3BP2	c2
1.76018580041326e-26	-0.276062747474755	0.157	0.228	5.90331113742598e-22	PEPD	c2
1.76851733710447e-26	-0.289601981616641	0.198	0.276	5.93125344518096e-22	CTNNB1	c2
1.79580324817383e-26	-0.297202839103746	0.241	0.327	6.0227649337254e-22	SFXN1	c2
1.7968258739969e-26	-0.258198310966325	0.236	0.324	6.0261946162108e-22	COPS3	c2
1.81707106547311e-26	-0.281899846093395	0.123	0.188	6.09409293938372e-22	LPCAT3	c2
1.86070363530842e-26	-0.255798424894929	0.142	0.212	6.24042785209738e-22	EXOSC3	c2
1.88606910783139e-26	-0.265609020305182	0.163	0.237	6.32549857384492e-22	BAD	c2
1.92645122579904e-26	-0.27362739512986	0.27	0.361	6.46093212108481e-22	SNRNP40	c2
1.95835004294662e-26	-0.239750570791197	0.173	0.251	6.56791437403438e-22	PREB	c2
1.96744461646281e-26	-0.312325817204806	0.105	0.165	6.59841575469299e-22	PGM2	c2
1.98803661271289e-26	-0.282160430300381	0.107	0.168	6.66747719171648e-22	HSD17B7	c2
1.99022040319114e-26	0.404678141083702	0.372	0.323	6.67480118822245e-22	PRNP	c2
2.04473274463341e-26	-0.311801608104951	0.08	0.134	6.85762467895155e-22	MRPL35	c2
2.08911161540295e-26	-0.284337745539192	0.142	0.211	7.00646253573842e-22	MTF2	c2
2.09366891237911e-26	-0.227457259291168	0.447	0.553	7.02174679833706e-22	COPS9	c2
2.11517340707212e-26	-0.320639298540376	0.111	0.172	7.09386857263848e-22	RNPEP	c2
2.12100972423389e-26	-0.278081925752035	0.168	0.242	7.1134424131356e-22	DMAC1	c2
2.1217855846772e-26	-0.324276994076458	0.106	0.166	7.11604449389041e-22	POLR2D	c2
2.21293945050541e-26	-0.32476478245993	0.122	0.185	7.42175632910506e-22	CAMK2D	c2
2.22328834846252e-26	-0.334681947612234	0.09	0.146	7.4564644630736e-22	PIGX	c2
2.25631602482233e-26	-0.19882470241977	0.607	0.695	7.56723268404915e-22	ARF6	c2
2.30274588040548e-26	-0.210393159006264	0.541	0.633	7.72294913370389e-22	XRCC5	c2
2.30643435372033e-26	-0.340929540336659	0.123	0.186	7.73531953550723e-22	ESCO1	c2
2.33498028489902e-26	-3.22646783571488	0.001	0.021	7.83105687949434e-22	DIAPH3	c2
2.37760408639854e-26	-0.240081768643845	0.391	0.495	7.97400858496344e-22	RBM4	c2
2.39795236727525e-26	-0.586296641295104	0.042	0.083	8.04225264936774e-22	AKT1	c2
2.46470079216261e-26	-0.360904174832476	0.088	0.143	8.26611351675497e-22	PDS5B	c2
2.60201887048794e-26	-0.526104809424795	0.058	0.103	8.72665088784245e-22	MICAL2	c2
2.60508724249238e-26	-0.237011430934041	0.167	0.243	8.73694159387093e-22	MPV17	c2
2.60800151650328e-26	-0.236463655755683	0.21	0.294	8.74671548604869e-22	RIC8A	c2
2.60802931840835e-26	-0.30403873135272	0.155	0.227	8.74680872807791e-22	VHL	c2
2.645482800755e-26	-0.96331591097664	0.017	0.048	8.8724202171721e-22	WEE1	c2
2.73188661062748e-26	-0.39897298397542	0.061	0.108	9.16220131472243e-22	HDAC8	c2
2.76727243201694e-26	-0.325412595716244	0.111	0.172	9.28087828249841e-22	PLEKHA2	c2
2.78806016089122e-26	-0.331570815028256	0.189	0.265	9.35059616759698e-22	HECTD1	c2
2.83807434879869e-26	-0.237221811587949	0.239	0.327	9.51833375100104e-22	ERLEC1	c2
2.89597080877834e-26	-0.305328149157471	0.148	0.216	9.71250689848079e-22	CD151	c2
2.95939333910631e-26	-0.247487491771565	0.146	0.216	9.92521338069473e-22	COX19	c2
3.15127844041728e-26	-1.09700942630601	0.009	0.035	1.05687576334715e-21	PARPBP	c2
3.18825659360062e-26	-0.371817246343243	0.086	0.14	1.06927749636178e-21	BUD13	c2
3.22761375379351e-26	-0.298150491356703	0.102	0.161	1.08247710074727e-21	BSCL2	c2
3.23071629049075e-26	-0.507487808417293	0.047	0.09	1.08351762950479e-21	PCCB	c2
3.34739079928515e-26	-8.0169695588388	0	0.019	1.12264792626425e-21	EBI3	c2
3.37073484491008e-26	-0.262504140126958	0.191	0.27	1.13047705228594e-21	TDG	c2
3.39164031897905e-26	-0.331517932417662	0.094	0.151	1.13748833017919e-21	DDX41	c2
3.4810103623362e-26	-0.228817880316082	0.436	0.54	1.16746125532032e-21	ARHGAP45	c2
3.5527645848908e-26	-0.262908698076455	0.173	0.249	1.19152618648067e-21	EIF2B1	c2
3.57941779811552e-26	1.32816887932537	0.033	0.015	1.20046514113198e-21	ACVR1C	c2
3.62242306785794e-26	-0.405153917255349	0.1	0.156	1.2148882484982e-21	GBP3	c2
3.89986125155314e-26	-0.87003283149363	0.027	0.062	1.30793546654589e-21	GRAMD2B	c2
3.96939918462995e-26	-1.19613704627049	0.003	0.026	1.33125709854119e-21	TRIP13	c2
4.27374664087024e-26	-0.467513032060463	0.082	0.134	1.43332914841506e-21	MARF1	c2
4.35071638676865e-26	-0.308301176585185	0.134	0.2	1.45914326179447e-21	TRIM11	c2
4.47410970485455e-26	-0.372983656209879	0.1	0.157	1.50052691281412e-21	SCRN2	c2
4.58267796097735e-26	-0.256823486580031	0.258	0.348	1.53693853455258e-21	UBE3A	c2
4.61262492728473e-26	-0.29809727030605	0.134	0.2	1.54698214811275e-21	KIAA1143	c2
4.69514652223765e-26	-0.359398450677451	0.08	0.133	1.57465824062806e-21	TTC9C	c2
4.77878267539767e-26	-0.247950267608599	0.186	0.263	1.60270813367487e-21	CCNG1	c2
4.80136183472997e-26	-0.153505905896154	0.982	0.984	1.61028073213174e-21	PPIA	c2
5.02909623034754e-26	0.737396788090139	0.198	0.156	1.68665829373396e-21	IER5	c2
5.13949692691963e-26	-1.11473689887271	0.011	0.038	1.72368447935031e-21	GINS4	c2
5.24505800293878e-26	-0.345178477688743	0.079	0.131	1.75908755302561e-21	UTP11	c2
5.29274780025013e-26	-0.399416572918893	0.082	0.135	1.77508175724789e-21	AGPAT5	c2
5.36846852439625e-26	-0.723387323264502	0.024	0.057	1.80047697371201e-21	CHAF1A	c2
5.53393508264409e-26	-5.01490795165861	0	0.02	1.85597114801718e-21	MYO7A	c2
5.55088394905144e-26	-0.222011453756865	0.23	0.318	1.86165545883287e-21	B3GAT3	c2
5.58786450013181e-26	1.84049833277101	0.02	0.007	1.87405799605421e-21	IQCN	c2
5.65207207447663e-26	-0.662543108442606	0.034	0.072	1.89559193233797e-21	SMARCD2	c2
5.75678621657802e-26	0.772566936065286	0.102	0.067	1.93071096131594e-21	SMIM14	c2
5.83159109407706e-26	-0.250107126168972	0.128	0.194	1.95579902113157e-21	UPF3B	c2
5.9911820861396e-26	-0.282324432066333	0.201	0.28	2.0093226480495e-21	PCSK7	c2
6.07303558619317e-26	-0.375079267882334	0.073	0.124	2.03677467489747e-21	TAF8	c2
6.11433415716708e-26	-0.531376236087804	0.047	0.089	2.0506253896307e-21	RANBP9	c2
6.14440252376242e-26	-0.253137532820265	0.144	0.214	2.06070971841944e-21	GET4	c2
6.21809933761259e-26	-0.330098292559493	0.17	0.241	2.08542615584851e-21	AGTRAP	c2
6.53105257382682e-26	-0.285658912353807	0.166	0.239	2.19038441221004e-21	PYM1	c2
6.56087699450054e-26	-0.458003133654667	0.067	0.115	2.20038692641559e-21	UBE2H	c2
6.72162867551504e-26	-0.199661272346651	0.479	0.579	2.25429982519424e-21	SF3B5	c2
6.87006087961455e-26	-0.302808890149699	0.16	0.231	2.30408101780513e-21	ZNF106	c2
7.11593550205096e-26	-0.520680723162168	0.068	0.116	2.38654244867785e-21	KDM7A	c2
7.25741903264375e-26	-0.264868281976892	0.191	0.269	2.43399319516806e-21	PPP4R3A	c2
7.41506447909884e-26	-0.25226505313283	0.187	0.266	2.48686432500017e-21	TFAM	c2
7.71234477223124e-26	-0.247793474690464	0.231	0.314	2.58656618971091e-21	CEP350	c2
7.72259982602698e-26	-0.486911616644292	0.054	0.099	2.59000552965293e-21	KLHL22	c2
7.92541919886318e-26	-2.23568469129943	0.006	0.029	2.65802709091473e-21	AC243829.1	c2
7.97326586000933e-26	-6.82739805242835	0	0.019	2.67407390412993e-21	CLEC7A	c2
8.0494808466966e-26	-3.04151323015342	0.001	0.022	2.69963488636511e-21	CCNE1	c2
8.46030288704425e-26	-0.25878545953456	0.152	0.222	2.8374163822569e-21	UBALD2	c2
8.57722948772873e-26	-0.307349853017018	0.149	0.217	2.87663122559446e-21	CCDC57	c2
8.66935204453123e-26	-3.93631144018003	0.001	0.021	2.90752728869489e-21	SMAD1	c2
9.00135971184398e-26	-0.594225898797445	0.073	0.121	3.01887602015823e-21	ISYNA1	c2
9.11668889564281e-26	-0.971100346948907	0.022	0.054	3.05755512182068e-21	ANKRD35	c2
9.75666249857604e-26	-0.414551455823795	0.078	0.129	3.27218946877243e-21	NCBP1	c2
9.76957310001866e-26	-0.328307641116314	0.108	0.167	3.27651942628426e-21	STIM2	c2
9.82290767246108e-26	-4.30533884930724	0	0.019	3.29440677519e-21	DEPDC1	c2
9.85076296769347e-26	-6.59236771730667	0	0.019	3.30374888410504e-21	TTK	c2
1.00310365031947e-25	-7.17497244914993	0	0.019	3.36420902244143e-21	KRT86	c2
1.01729487539385e-25	-0.294567219049902	0.15	0.217	3.41180355309588e-21	ERBIN	c2
1.01907364673993e-25	-0.315174074923147	0.101	0.159	3.41776919643638e-21	HMGXB4	c2
1.04987486637521e-25	-0.446787837223717	0.065	0.113	3.52107032684917e-21	PTRH1	c2
1.0516482419084e-25	-0.375164859333799	0.064	0.112	3.5270178737124e-21	ARMC6	c2
1.07344022667326e-25	-0.711862416199675	0.024	0.057	3.60010383221678e-21	CENPL	c2
1.11055951522813e-25	-0.235198921905667	0.436	0.538	3.7245945021721e-21	RAB5C	c2
1.11708206831946e-25	-0.271830290693537	0.127	0.191	3.7464698407298e-21	ERCC3	c2
1.13785740849193e-25	1.28003008543624	0.035	0.016	3.81614617660025e-21	C10orf91	c2
1.14746972729202e-25	-0.873048966736351	0.02	0.051	3.84838397139198e-21	TRIM59	c2
1.1582434808974e-25	1.28270933245986	0.036	0.017	3.88451698623371e-21	ARAP3	c2
1.18592320178222e-25	-0.274557174891078	0.222	0.304	3.97734923413722e-21	CNOT6L	c2
1.22146389690966e-25	-0.247728565800607	0.367	0.469	4.09654561745562e-21	TMEM179B	c2
1.2455029081072e-25	-6.74733278496513	0	0.019	4.17716765320994e-21	BCAT1	c2
1.24791021424462e-25	-1.55978270339999	0.011	0.037	4.18524127653361e-21	SMPD3	c2
1.25172667751127e-25	-0.264559615455406	0.342	0.435	4.1980409310373e-21	SP110	c2
1.25320536423956e-25	0.376978980960928	0.649	0.642	4.20300015058665e-21	CYCS	c2
1.26110264541939e-25	-0.280781641445339	0.194	0.272	4.22948605220754e-21	MAN2B1	c2
1.26155109504937e-25	-0.436569837957739	0.068	0.116	4.23099006257657e-21	ARV1	c2
1.32789325012563e-25	-0.364353883231047	0.095	0.15	4.45348838227134e-21	TOPORS	c2
1.39993726347682e-25	-0.306354144063506	0.179	0.252	4.69510959424857e-21	ADAM10	c2
1.4127676061895e-25	-1.76165486575023	0.006	0.03	4.73813999763834e-21	HIST1H2BH	c2
1.44227630431886e-25	-0.224265443206229	0.363	0.463	4.83710626942458e-21	PSMG2	c2
1.4455993238883e-25	-0.638836383463216	0.138	0.196	4.84825101245658e-21	LEF1	c2
1.48118432050104e-25	-0.353272593717095	0.075	0.125	4.96759597409639e-21	PTS	c2
1.55503298858895e-25	-0.573088807411739	0.045	0.086	5.21526963712962e-21	CHUK	c2
1.56847434011281e-25	-0.186262660548871	0.703	0.776	5.26034924187036e-21	STK17B	c2
1.61361264765949e-25	-0.236502875073837	0.176	0.253	5.41173409772039e-21	PRCC	c2
1.69093717576216e-25	-0.296118391905258	0.21	0.289	5.67106510007112e-21	DGKZ	c2
1.73871986624342e-25	-0.245736892567669	0.321	0.414	5.83131868740719e-21	ATP5MC1	c2
1.77475569427303e-25	-0.382920938274352	0.101	0.157	5.95217564745288e-21	EPS8L2	c2
1.86978948260288e-25	-0.260151767102341	0.313	0.408	6.27089996675354e-21	GLG1	c2
1.89952169481468e-25	0.8172082157645	0.119	0.082	6.37061586006946e-21	MPP1	c2
1.90768161991754e-25	-0.233912003471185	0.174	0.249	6.39798261687943e-21	LRRC59	c2
1.95489717861615e-25	-0.260506682829454	0.218	0.3	6.55633415764285e-21	PMVK	c2
1.96372370652344e-25	-0.404380613180574	0.045	0.087	6.58593656693832e-21	TTF2	c2
1.97773875490858e-25	-0.365886931292549	0.081	0.132	6.63294023621239e-21	PIGBOS1	c2
1.99621779142245e-25	-0.239065699717087	0.166	0.239	6.69491522887261e-21	ARL8B	c2
2.06929779944717e-25	-0.403190832900715	0.053	0.097	6.94001095978592e-21	TCTEX1D2	c2
2.07649329192437e-25	-0.2494073980874	0.149	0.219	6.96414320245595e-21	CCDC25	c2
2.11557390058729e-25	-0.277493639223459	0.136	0.201	7.09521174778965e-21	LZIC	c2
2.13838373268775e-25	-0.364679422499307	0.121	0.181	7.17171136268819e-21	ITCH	c2
2.18801236679917e-25	-0.442477297385444	0.057	0.102	7.33815587577105e-21	ZBTB17	c2
2.19715563028064e-25	-4.93079229018914	0	0.019	7.3688205528352e-21	E2F8	c2
2.21410911084368e-25	-1.34046541442364	0.008	0.034	7.42567913594755e-21	FADS2	c2
2.2424289422997e-25	-0.240990919869021	0.179	0.255	7.52065818668472e-21	ISCA2	c2
2.32254861585091e-25	-0.252264750714632	0.172	0.246	7.78936354784077e-21	UROS	c2
2.37620281036968e-25	-0.339619676609302	0.133	0.196	7.96930898541783e-21	SEL1L3	c2
2.43654392882545e-25	-0.73274117418587	0.031	0.066	8.17168102849478e-21	PPP2R5B	c2
2.50714289143438e-25	-0.211518527592283	0.542	0.633	8.40845582929262e-21	TBCB	c2
2.56322081977316e-25	-0.318592958021454	0.356	0.439	8.59652998535524e-21	RANBP1	c2
2.59639357189998e-25	-4.73361388433321	0.001	0.02	8.70778476143814e-21	HACD1	c2
2.64427621696255e-25	-0.194815861726785	0.697	0.769	8.868373576449e-21	APBB1IP	c2
2.69747257254864e-25	-0.824450389225316	0.031	0.066	9.04678351381362e-21	ATXN7L1	c2
2.7148678975929e-25	-0.235484919360644	0.183	0.26	9.10512395494708e-21	RAB4A	c2
2.78134170737449e-25	-0.227536385627187	0.253	0.343	9.32806381819256e-21	TROVE2	c2
2.89599080085238e-25	-0.382998978164453	0.095	0.15	9.71257394789873e-21	NIPAL3	c2
3.08983859310555e-25	-0.310429290558519	0.105	0.162	1.03627006735574e-20	CPSF2	c2
3.12305309680411e-25	-0.808634336801711	0.035	0.072	1.04740954760616e-20	ABCA2	c2
3.20576351181467e-25	-0.324697418653228	0.136	0.2	1.0751489665924e-20	AFTPH	c2
3.2182133698567e-25	-0.246623534570683	0.146	0.214	1.07932439998254e-20	TAF11	c2
3.29735399852211e-25	-3.50876659945951	0.001	0.02	1.10586658402434e-20	HDGFL3	c2
3.32405844548283e-25	-0.286204688918154	0.146	0.214	1.11482272144603e-20	CWC25	c2
3.32811312396896e-25	-0.218830639450563	0.274	0.365	1.11618257951671e-20	TXN2	c2
3.36511111947828e-25	-0.383303389787968	0.077	0.128	1.12859096725063e-20	YJU2	c2
3.40661437383565e-25	-0.367279081237515	0.093	0.147	1.142510328697e-20	CKAP5	c2
3.58349027771301e-25	1.13548342524322	0.055	0.031	1.20183096933939e-20	SPINT1	c2
3.68582413381649e-25	-2.33082208472547	0.007	0.03	1.23615169799937e-20	PTPN13	c2
3.69204979710866e-25	-0.305208661135105	0.226	0.305	1.2382396609543e-20	NIN	c2
3.72911340709165e-25	-0.294238399332038	0.119	0.18	1.2506700544704e-20	AP3M1	c2
3.7525179898691e-25	-0.235179661313453	0.361	0.462	1.2585194834423e-20	TMEM160	c2
3.80214807936664e-25	-0.527204707790942	0.047	0.088	1.27516442285798e-20	WIPI1	c2
3.84038998989828e-25	-0.129090794298604	0.195	0.268	1.28798999481209e-20	CKS2	c2
3.84671175102821e-25	-0.23135236747588	0.291	0.386	1.29011018705984e-20	RAB10	c2
3.86207934141056e-25	-0.534935052506532	0.061	0.106	1.29526416952227e-20	JMY	c2
3.99064433405317e-25	-0.250992643756595	0.209	0.29	1.33838229675475e-20	ECHDC1	c2
4.06038288935563e-25	-0.329833684702199	0.193	0.266	1.36177121343209e-20	GRINA	c2
4.06680544388166e-25	-0.327261436447482	0.143	0.208	1.36392520976903e-20	ACAT2	c2
4.11905150924569e-25	-0.262064850087295	0.139	0.206	1.38144749517082e-20	NSMCE4A	c2
4.27126737141287e-25	-0.838521169971637	0.028	0.062	1.43249765102445e-20	PLCXD2	c2
4.27630034824492e-25	-0.251935342541113	0.158	0.229	1.43418561079438e-20	TRNAU1AP	c2
4.3153368515053e-25	-0.301856119672546	0.117	0.178	1.44727767325785e-20	U2AF1	c2
4.35033628006173e-25	-0.218405452259394	0.538	0.622	1.4590157816071e-20	UQCRQ	c2
4.55969002603905e-25	-0.206631506750829	0.564	0.647	1.52922884093298e-20	EWSR1	c2
4.58030348142305e-25	-0.731278211467435	0.03	0.065	1.53614218159966e-20	DLG3	c2
4.60500540495374e-25	-0.440444919769774	0.057	0.101	1.54442671271338e-20	APOBEC3F	c2
4.68523629139334e-25	1.61783599965371	0.017	0.006	1.5713345474075e-20	ZNF365	c2
4.81195455057275e-25	-4.7442236394627	0.002	0.022	1.61383331717109e-20	TRDV3	c2
5.01382292718393e-25	-0.271058450349026	0.119	0.181	1.68153593331895e-20	RHNO1	c2
5.07678485945613e-25	-0.22753413697295	0.447	0.553	1.7026521061644e-20	LSM8	c2
5.09189600596964e-25	-0.540020895388213	0.043	0.083	1.7077200824821e-20	COPG2	c2
5.34215868120036e-25	-0.422911930131748	0.055	0.099	1.79165317850098e-20	LETM1	c2
5.35585882598138e-25	-0.28981810179299	0.095	0.151	1.79624793305763e-20	ATG13	c2
5.76183801797039e-25	-0.23990723855196	0.212	0.292	1.93240523446691e-20	RALBP1	c2
5.79675015779265e-25	-0.332742254996054	0.1	0.156	1.9441140679205e-20	CUL3	c2
5.95217706803293e-25	-0.258722832549703	0.131	0.195	1.99624114507688e-20	ALG3	c2
5.95521251784474e-25	-0.222533243183603	0.254	0.344	1.99725917423477e-20	COPB2	c2
5.96456404510641e-25	-0.411503757061448	0.074	0.123	2.00039548944779e-20	AARS	c2
6.02312049698181e-25	-0.272418978094696	0.135	0.2	2.02003415227776e-20	CCNQ	c2
6.03492867479729e-25	-0.22703438931936	0.242	0.328	2.02399437895351e-20	CPSF6	c2
6.09741239341239e-25	-0.299637917811603	0.098	0.155	2.04495016850265e-20	BOLA2-SMG1P6	c2
6.11141475733419e-25	-0.254893006677026	0.171	0.243	2.04964628131474e-20	PBRM1	c2
6.16349916016081e-25	-0.270438932399599	0.159	0.23	2.06711434833473e-20	XAB2	c2
6.17895386469008e-25	-3.08677282839317	0.003	0.023	2.07229754713976e-20	HIST1H3B	c2
6.55052429383135e-25	-0.228094753892647	0.284	0.377	2.19691483766516e-20	ELAVL1	c2
6.95680947669628e-25	-0.327669494040309	0.095	0.151	2.3331747622944e-20	GTF3C5	c2
6.95702656808636e-25	-0.220738410666009	0.393	0.493	2.3332475704048e-20	ERGIC3	c2
6.96854219028919e-25	-0.229274946209019	0.237	0.322	2.33710967977919e-20	MRPL11	c2
7.33990135242522e-25	-0.662253357947516	0.028	0.062	2.46165611557637e-20	CEP41	c2
7.47458088777151e-25	-0.218287061622375	0.2	0.279	2.50682493814081e-20	ABCF1	c2
7.6566568403654e-25	-0.932786966421014	0.03	0.064	2.56788957112175e-20	GLUL	c2
7.67741237120593e-25	-0.404402010002292	0.075	0.124	2.57485056105505e-20	MRE11	c2
7.72153872599507e-25	-0.292961623456086	0.158	0.227	2.58964965792423e-20	SPATA13	c2
7.72605035105353e-25	-0.221959183537638	0.352	0.453	2.59116276673633e-20	STMP1	c2
7.82527220830684e-25	-0.418688738116756	0.107	0.164	2.62443979322195e-20	MBD5	c2
7.90976805281686e-25	-0.218273273858774	0.187	0.265	2.65277800955372e-20	MRPL27	c2
7.91675327559517e-25	0.388550329552436	0.45	0.424	2.65512071356911e-20	ST3GAL1	c2
8.24539111564761e-25	-0.967714824662623	0.013	0.04	2.7653392723659e-20	MTHFD1L	c2
8.93015354579808e-25	-0.495888270287161	0.067	0.113	2.99499489618976e-20	SLC27A3	c2
8.94500804262269e-25	-0.44647682649064	0.05	0.092	2.9999767973348e-20	USF1	c2
8.95246068376896e-25	-0.630345148049285	0.03	0.065	3.00247626412244e-20	MPV17L2	c2
9.19140247561922e-25	-0.291338423584239	0.152	0.22	3.08261256227318e-20	EML2	c2
9.1925440049107e-25	-0.261830052797848	0.148	0.216	3.08299540836695e-20	ATP6V1B2	c2
9.28889670237249e-25	-0.244447715666192	0.101	0.158	3.11531017604169e-20	RMDN1	c2
9.34300344933864e-25	-0.407265387581458	0.071	0.119	3.13345649683919e-20	OGG1	c2
9.78317814192674e-25	-0.371207438480122	0.104	0.16	3.28108228523939e-20	DDX58	c2
9.92486075205037e-25	-0.738626098869422	0.028	0.061	3.32859979902265e-20	NECAB3	c2
1.07658903948236e-24	-0.349729494203098	0.079	0.13	3.61066432061594e-20	NTPCR	c2
1.07725466908074e-24	-0.250309575608027	0.291	0.381	3.612896709163e-20	GSPT1	c2
1.08445122830012e-24	-0.326566180853324	0.1	0.156	3.63703252947295e-20	BORCS6	c2
1.10559097338406e-24	-0.351438229660272	0.093	0.146	3.70793100653545e-20	ING3	c2
1.15141690778846e-24	-0.372583482306815	0.084	0.136	3.86162202534093e-20	MAPK6	c2
1.22053651709941e-24	-0.445830532041841	0.078	0.127	4.09343537104799e-20	IFNAR2	c2
1.24586357356951e-24	-0.665694722306934	0.03	0.065	4.17837725303742e-20	NPM3	c2
1.24774481543589e-24	-0.28426932684125	0.096	0.152	4.18468656200888e-20	PSMG3	c2
1.25346346377538e-24	-0.278353613063312	0.182	0.255	4.20386576480985e-20	ZNFX1	c2
1.26653466047172e-24	-0.368556680322761	0.104	0.161	4.24770394429007e-20	GABPB1	c2
1.27049575415296e-24	-0.235068067106849	0.238	0.322	4.26098866027819e-20	UHMK1	c2
1.29474975323684e-24	-0.180091287015202	0.432	0.538	4.34233172240571e-20	RWDD1	c2
1.30525156600645e-24	-0.260113651670437	0.134	0.198	4.37755270207242e-20	CBFB	c2
1.31776813368519e-24	-0.195302027220135	0.508	0.613	4.41953076675338e-20	MRPS21	c2
1.3190282526306e-24	-1.19122700769268	0.015	0.043	4.42375695367251e-20	AC078883.1	c2
1.34440825665258e-24	-1.50424140047937	0.007	0.031	4.50887641116141e-20	ADCY3	c2
1.35297630081689e-24	-0.334713336113444	0.102	0.158	4.5376119176797e-20	ADIPOR2	c2
1.36745548330667e-24	-0.392398488302517	0.068	0.115	4.58617219991392e-20	SAYSD1	c2
1.37755539919022e-24	-0.261926760848181	0.139	0.204	4.62004529780416e-20	CFAP20	c2
1.38036629417779e-24	-0.234914126833137	0.326	0.422	4.62947247741346e-20	ZNF428	c2
1.38929978641143e-24	-1.70682645365817	0.014	0.041	4.65943362366666e-20	KIR3DL2	c2
1.39668550025912e-24	-0.274284674479429	0.117	0.177	4.68420383076904e-20	SLC39A7	c2
1.39727450935475e-24	-0.257042816790548	0.14	0.206	4.68617924947397e-20	PCBD1	c2
1.41831428742541e-24	-0.203420348151312	0.335	0.436	4.75674245716733e-20	SRP19	c2
1.448724969654e-24	-0.227441655605718	0.227	0.31	4.8587338032256e-20	ARPP19	c2
1.4951052515489e-24	-0.22825145375488	0.315	0.414	5.01428399264472e-20	ANAPC5	c2
1.51410562709889e-24	-0.31849340569179	0.106	0.163	5.07800745216427e-20	ZNF688	c2
1.53490082642835e-24	-0.225721890767418	0.191	0.268	5.14775039167539e-20	WAC	c2
1.5596062062851e-24	-0.270298135165426	0.14	0.205	5.23060729463896e-20	DRG2	c2
1.56105772100908e-24	-0.327180326185456	0.082	0.133	5.23547538472024e-20	N4BP1	c2
1.57692232149571e-24	-0.595648880395244	0.047	0.087	5.28868208183231e-20	JAK2	c2
1.58149256024573e-24	-0.72865890586958	0.021	0.052	5.30400974855212e-20	NUDT8	c2
1.58700278748988e-24	-1.54517156378578	0.007	0.03	5.32248994868356e-20	GLIDR	c2
1.61337366651627e-24	-0.263160919573413	0.178	0.252	5.41093260276228e-20	CLPTM1	c2
1.66018412679182e-24	-0.305944955437427	0.114	0.172	5.56792552443441e-20	TMEM138	c2
1.66346190263265e-24	-0.460963347744769	0.07	0.117	5.57891852904938e-20	PHF21A	c2
1.66647850281057e-24	-0.236797554402245	0.159	0.23	5.58903560272611e-20	PANK2	c2
1.66717343788678e-24	-0.320942160699515	0.108	0.165	5.59136627598469e-20	CNOT3	c2
1.72035624765394e-24	-6.86492887539434	0	0.018	5.76973078338179e-20	CEND1	c2
1.75312479078327e-24	1.00681061730562	0.062	0.036	5.87962992332892e-20	SEC14L2	c2
1.7546293833444e-24	-0.848795494480906	0.027	0.06	5.88467602586044e-20	SGO2	c2
1.78255197768482e-24	-0.221638492715311	0.292	0.386	5.97832282275934e-20	COX16	c2
1.78929358383322e-24	-0.547498780418928	0.075	0.122	6.00093282145986e-20	PILRB	c2
1.82095538748806e-24	-0.2312151600485	0.225	0.308	6.10712017855744e-20	HDAC2	c2
1.82222226539379e-24	-0.226706976073291	0.336	0.431	6.11136903367769e-20	SNRNP70	c2
1.87704249607947e-24	-0.299990852420195	0.129	0.191	6.29522512335134e-20	TMEM223	c2
1.90539783904063e-24	-0.293055691553638	0.15	0.216	6.39032327257447e-20	ZC3H7A	c2
1.98842398879236e-24	-0.230255136220774	0.185	0.26	6.66877637361182e-20	IRAK4	c2
2.00398103481271e-24	-0.212203272072345	0.32	0.417	6.72095159455486e-20	PDAP1	c2
2.0149143391593e-24	-0.696263684595411	0.025	0.058	6.75761971067245e-20	TRIOBP	c2
2.01987976369802e-24	-0.515881374965497	0.038	0.076	6.77427275149044e-20	RAD51D	c2
2.11503222708534e-24	-0.883756571066361	0.02	0.051	7.09339508319881e-20	SRGAP2B	c2
2.19020442868615e-24	-0.463311232720524	0.041	0.08	7.3455076129276e-20	SEPHS1	c2
2.23448363962558e-24	-0.316536945880039	0.075	0.124	7.49401123057629e-20	C16orf91	c2
2.2664361637934e-24	-0.214036400861687	0.505	0.601	7.60117360613032e-20	SP100	c2
2.28564945066796e-24	-0.536105013289618	0.033	0.068	7.66561112765019e-20	HMBS	c2
2.29636164818099e-24	-0.236902539244286	0.414	0.508	7.7015376956694e-20	SERPINB1	c2
2.30221743660332e-24	-0.160454235682382	0.754	0.809	7.7211768388802e-20	UBE2D2	c2
2.33294895060976e-24	-0.301282361427569	0.135	0.199	7.82424419055502e-20	UBR2	c2
2.34343046439683e-24	-0.556868727309316	0.043	0.082	7.85939709149407e-20	SAC3D1	c2
2.38818998202886e-24	-0.526615649400304	0.053	0.095	8.00951156172839e-20	SLF2	c2
2.4424623758645e-24	-1.46592069864459	0.004	0.025	8.19153031617435e-20	PLK4	c2
2.50350410155257e-24	-0.341196269862792	0.099	0.154	8.396252055787e-20	HERC2	c2
2.52157799587479e-24	-0.22667523206304	0.32	0.417	8.45686828256488e-20	DAP3	c2
2.5463538881954e-24	1.54181759157348	0.032	0.015	8.53996167022974e-20	AC025259.3	c2
2.56512392880113e-24	-0.225663130779609	0.198	0.277	8.60291263241321e-20	CNDP2	c2
2.57529955774366e-24	-0.230478542618785	0.277	0.366	8.63703965676068e-20	GOLGA4	c2
2.64849604253591e-24	-1.02703861523909	0.02	0.049	8.88252602745693e-20	SLC25A15	c2
2.82531235383376e-24	-0.399442675614816	0.129	0.189	9.47553257228766e-20	AD000671.2	c2
2.85727988287205e-24	-0.404350686626713	0.054	0.096	9.58274527117627e-20	NCAPD3	c2
2.97230629505417e-24	0.412117367349085	0.199	0.151	9.96852085235267e-20	SPINT2	c2
2.98685433787008e-24	-0.237043154697479	0.119	0.181	1.00173120783487e-19	ACTL6A	c2
3.06723766618821e-24	-0.242525258470113	0.23	0.313	1.0286901684862e-19	TACC1	c2
3.07147044319095e-24	-0.241524494600438	0.225	0.307	1.03010975723738e-19	FLII	c2
3.08736150369413e-24	-0.329567481238499	0.097	0.152	1.03543930110894e-19	BLVRA	c2
3.09904418872061e-24	-0.401671008534012	0.055	0.098	1.03935744001312e-19	WDR83	c2
3.10519603694226e-24	-0.253507623650732	0.297	0.387	1.04142064686969e-19	SNX5	c2
3.26331225315659e-24	-0.246307172626147	0.43	0.528	1.09444966346366e-19	GRK6	c2
3.37430173594765e-24	-0.292716307884486	0.104	0.161	1.13167331620212e-19	COMMD9	c2
3.398642320932e-24	-0.217618441085016	0.178	0.253	1.13983666159417e-19	BCKDHA	c2
3.41050883922196e-24	-1.16764833266984	0.008	0.032	1.14381645449826e-19	C1orf112	c2
3.44849741025374e-24	-6.05741088075026	0	0.018	1.1565570614509e-19	B3GNT7	c2
3.46905281976831e-24	-0.347719386909559	0.085	0.137	1.16345093469389e-19	MAP3K7	c2
3.57326563456827e-24	-0.253070387850335	0.221	0.301	1.19840182852151e-19	PSMC2	c2
3.60909392668546e-24	-0.333861051311328	0.097	0.151	1.21041792113177e-19	ATE1	c2
3.64314537857693e-24	-0.578537333655956	0.035	0.071	1.22183809706713e-19	LRRC45	c2
3.68613448232597e-24	-0.243534535196083	0.204	0.282	1.23625578268248e-19	MECP2	c2
3.72847266239381e-24	-0.88606769379869	0.042	0.08	1.25045516151364e-19	LST1	c2
3.75348050059021e-24	-0.298854291874283	0.086	0.138	1.25884229028794e-19	ATP6V1C1	c2
3.75591358706915e-24	-0.383963161700534	0.06	0.104	1.25965829883125e-19	KATNB1	c2
3.77429614444436e-24	-2.02133842729105	0.007	0.03	1.26582344092375e-19	CCDC141	c2
3.80415581680887e-24	-0.208775399301774	0.461	0.564	1.27583777784136e-19	RAB7A	c2
4.15210355911119e-24	-0.227043308106518	0.253	0.341	1.39253249165471e-19	HIKESHI	c2
4.2771996074187e-24	-0.988503704247523	0.017	0.045	1.43448720433608e-19	AC009403.1	c2
4.29651419647904e-24	-0.212830151227124	0.508	0.604	1.44096493121514e-19	DYNLRB1	c2
4.32911126478144e-24	-0.200267444219161	0.213	0.296	1.4518973359824e-19	COPS2	c2
4.53417329071256e-24	-0.308882252561825	0.125	0.186	1.52067103823918e-19	PREP	c2
4.66068399328868e-24	-2.43003420946782	0.003	0.024	1.56310019766916e-19	SLC2A6	c2
4.75017063965436e-24	-0.22596707417197	0.199	0.276	1.59311222912728e-19	THOC3	c2
4.77230388881079e-24	-0.317688257472952	0.073	0.122	1.60053527822936e-19	ZNF326	c2
4.79552505520518e-24	-0.312427282725568	0.193	0.264	1.60832319301471e-19	CYTH4	c2
4.93815959252694e-24	-0.231561115226768	0.163	0.233	1.65615996414169e-19	PML	c2
4.9461551483205e-24	-0.504345330291801	0.071	0.118	1.65884151364373e-19	MAD2L1	c2
5.10158520748091e-24	-0.237968074057187	0.198	0.276	1.71096964688495e-19	ZNF148	c2
5.18291048724473e-24	-0.261336715120174	0.132	0.195	1.73824451921214e-19	STAMBP	c2
5.30553248063423e-24	-0.261088079754484	0.398	0.49	1.77936948335511e-19	OPTN	c2
5.43465964384444e-24	-6.5727205146509	0	0.018	1.82267615135255e-19	MEOX1	c2
5.49270367700681e-24	-0.245960826378618	0.247	0.33	1.84214295919454e-19	CCAR1	c2
5.72937052889576e-24	-0.476260663955185	0.058	0.101	1.92151628798106e-19	BISPR	c2
5.89524869723041e-24	-0.267897764995664	0.155	0.223	1.97714850807714e-19	WDR45	c2
5.92759817132198e-24	-0.223772478470175	0.341	0.436	1.98799787469797e-19	RBM17	c2
5.96855495022635e-24	-0.199036564215621	0.317	0.415	2.00173395920691e-19	PAFAH1B1	c2
6.04134896327141e-24	-0.183399933071199	0.168	0.241	2.02614761530196e-19	GNB1	c2
6.05097689490757e-24	-0.341818725049885	0.193	0.263	2.0293766310141e-19	IGFLR1	c2
6.36290954964666e-24	-1.17706561909422	0.009	0.033	2.1339926047605e-19	NET1	c2
6.36627716729204e-24	-0.255380890567	0.222	0.302	2.13512203636641e-19	IST1	c2
6.46979326274717e-24	-0.25492157951963	0.141	0.206	2.16983926446015e-19	PSPC1	c2
6.47116615524818e-24	-0.339104479873837	0.124	0.184	2.17029970514714e-19	VTI1A	c2
6.64523065663823e-24	-0.20586185656981	0.448	0.544	2.22867745762333e-19	MDH1	c2
6.67247134509179e-24	0.647343953227517	0.133	0.095	2.23781343971688e-19	PTP4A3	c2
6.69036686549835e-24	1.11320561508397	0.044	0.023	2.24381523935084e-19	RIMKLB	c2
6.76479758543427e-24	-0.491545137099908	0.053	0.095	2.26877781420295e-19	GSE1	c2
6.87554213949711e-24	-0.229007869637136	0.269	0.357	2.30591932274454e-19	RNF10	c2
7.03717848844955e-24	-0.280743295130254	0.13	0.192	2.36012892145621e-19	PRR14	c2
7.23477966329383e-24	-0.212720336534133	0.304	0.4	2.42640040347548e-19	THOC7	c2
7.24810206407652e-24	-0.333664014872975	0.082	0.133	2.43086847024998e-19	MDP1	c2
7.42382566264e-24	-0.255309515807149	0.179	0.252	2.4898026507362e-19	DCTD	c2
7.55517348602994e-24	-0.249590471569608	0.158	0.225	2.53385408374472e-19	AC004687.1	c2
7.78773096486198e-24	0.634491080390054	0.211	0.17	2.61184921099541e-19	AP3M2	c2
7.91131016333401e-24	-0.212192580186103	0.206	0.285	2.65329520257896e-19	CAMTA1	c2
7.97568414765537e-24	-0.216850207573773	0.302	0.394	2.67488494944066e-19	COPB1	c2
8.08069975826635e-24	-0.215942647702089	0.111	0.17	2.71010508492737e-19	GNL2	c2
8.35745828817001e-24	-0.404831398150411	0.095	0.148	2.80292436068646e-19	OTUD5	c2
8.5511697344878e-24	-0.239987711355002	0.103	0.16	2.86789130555252e-19	HSPBP1	c2
8.56296654790289e-24	-0.256117817532076	0.472	0.561	2.87184772083567e-19	SH3KBP1	c2
8.60749051204166e-24	-0.267636957721055	0.184	0.256	2.88678016792853e-19	CNTRL	c2
8.6624858363739e-24	-0.219006463043219	0.228	0.311	2.90522449980308e-19	FUBP1	c2
8.66784925464985e-24	-0.321532451975278	0.107	0.163	2.90702328302447e-19	TMEM33	c2
8.81159929932407e-24	-0.230329980019575	0.285	0.376	2.95523417300731e-19	PPP4R2	c2
9.07147766665736e-24	-0.267643352196934	0.172	0.242	3.04239217984355e-19	RBM5	c2
9.08352730942388e-24	-0.207089389653671	0.175	0.249	3.04643338903458e-19	RABIF	c2
9.11620604487798e-24	-0.270345655979211	0.179	0.25	3.05739318333118e-19	USP8	c2
9.27100262769796e-24	-0.706894403810849	0.026	0.058	3.10930886127734e-19	BTN2A2	c2
9.33891708126207e-24	-0.272594892129717	0.125	0.186	3.13208601071367e-19	GART	c2
9.37390474976201e-24	-0.273815463923505	0.158	0.227	3.14382017497518e-19	GRK2	c2
1.00390947373881e-23	-0.270494593855205	0.107	0.164	3.36691159302524e-19	ZMPSTE24	c2
1.00710440130925e-23	-0.378383308812038	0.058	0.102	3.37762674111096e-19	PUDP	c2
1.00807616581953e-23	-0.318320169190543	0.094	0.147	3.38088584492553e-19	SYMPK	c2
1.01508138271954e-23	-0.365221482389491	0.08	0.13	3.40437994136481e-19	POLB	c2
1.02985123594247e-23	-0.280782031014748	0.215	0.291	3.45391507510384e-19	COMMD7	c2
1.04344973849673e-23	-0.285110521803207	0.148	0.213	3.49952173297034e-19	SH2D3C	c2
1.05882777185927e-23	-1.75379510608292	0.009	0.034	3.55109658126163e-19	LIMS2	c2
1.07373915659767e-23	-0.40682877884367	0.094	0.146	3.60110638339728e-19	ITPR2	c2
1.08608154130059e-23	0.174971710524074	0.793	0.794	3.64250027321392e-19	SF1	c2
1.0943520239582e-23	-0.222886690764092	0.245	0.33	3.67023781795102e-19	PPHLN1	c2
1.15383345641971e-23	-0.227768887749607	0.299	0.392	3.86972664614041e-19	TEX264	c2
1.19963562253564e-23	-0.210289808659102	0.258	0.349	4.02333795086004e-19	PSMD9	c2
1.24070417081891e-23	-0.321311433668311	0.089	0.141	4.16107364809247e-19	CDKN2AIPNL	c2
1.25911607111978e-23	-0.294299544559392	0.132	0.193	4.22282347932151e-19	GATAD2B	c2
1.31435640443893e-23	-0.351121305610244	0.07	0.116	4.40808850920729e-19	MAD2L1BP	c2
1.34962720284452e-23	-6.0500612489399	0	0.018	4.52637971289996e-19	CCR8	c2
1.35808088156991e-23	-0.329684900020171	0.133	0.194	4.55473166060915e-19	FBXW11	c2
1.36000289399057e-23	-0.602734963708071	0.038	0.074	4.56117770586556e-19	TMEM19	c2
1.40440805615025e-23	-0.339657988195921	0.082	0.132	4.71010373871672e-19	KCTD5	c2
1.40966483323123e-23	-0.602389920243948	0.025	0.057	4.7277339176909e-19	DONSON	c2
1.42767020180668e-23	-0.869448406390823	0.013	0.04	4.78812032281924e-19	CTNNAL1	c2
1.48036498612065e-23	-0.213346024688581	0.247	0.335	4.96484809045142e-19	ECHS1	c2
1.48457266686301e-23	-0.315857418724001	0.117	0.175	4.97895981012515e-19	TRIM26	c2
1.51444108605409e-23	-0.212273159016909	0.389	0.488	5.07913251440822e-19	KDELR1	c2
1.53284034626695e-23	-0.506518515576881	0.048	0.088	5.14083995331011e-19	GALNT1	c2
1.54540944095546e-23	-0.227462524415039	0.122	0.183	5.18299418307643e-19	TMEM101	c2
1.55948464095334e-23	-0.392474125512904	0.05	0.09	5.23019958882932e-19	THOP1	c2
1.55981078487284e-23	-0.536242789961976	0.04	0.077	5.23129341030652e-19	GGT1	c2
1.5854653071686e-23	-0.374719496792478	0.072	0.119	5.31733354718205e-19	MED24	c2
1.5884088077791e-23	-0.276553047361343	0.128	0.19	5.32720545952955e-19	SUPT7L	c2
1.64083246892298e-23	-0.349952239503781	0.071	0.118	5.50302393427388e-19	C17orf49	c2
1.65953713955078e-23	-0.246981929997721	0.192	0.266	5.56575565862541e-19	DENND1B	c2
1.66191113820263e-23	-0.238813505997634	0.213	0.292	5.573717575304e-19	DAZAP1	c2
1.66848498859128e-23	-0.203679577675763	0.17	0.242	5.59576495473742e-19	WDR61	c2
1.76589249964636e-23	-0.27423556503048	0.148	0.214	5.92245026531398e-19	EHMT1	c2
1.77589762784598e-23	-0.53342179477475	0.043	0.081	5.95600546426985e-19	CNBD2	c2
1.81505783291637e-23	0.668822315946267	0.126	0.088	6.08734096003491e-19	NLRP6	c2
1.88114385311412e-23	-0.213616898441898	0.304	0.398	6.30898025457415e-19	PPP6C	c2
1.89416906191003e-23	-0.419057220269067	0.068	0.113	6.35266419983386e-19	PRAF2	c2
1.93363476429385e-23	-0.317547694307622	0.114	0.172	6.4850242724887e-19	EFTUD2	c2
1.9970106146802e-23	-0.239951679636214	0.158	0.226	6.69757419951445e-19	ISY1	c2
2.00371853377845e-23	-0.239147604195391	0.29	0.379	6.72007121858617e-19	MRFAP1L1	c2
2.02083887886624e-23	-0.255767005021082	0.107	0.164	6.77748943194159e-19	SRSF6	c2
2.08143930957322e-23	-0.389769165768332	0.058	0.101	6.98073115644668e-19	ACP2	c2
2.09147982262458e-23	-0.21317934553949	0.199	0.277	7.01440502911832e-19	ACTR1B	c2
2.17952491725581e-23	-0.197016977280451	0.265	0.356	7.30969066749254e-19	SMIM7	c2
2.19173495079463e-23	-0.189777415419663	0.597	0.684	7.35064067797504e-19	TMEM50A	c2
2.19889329087824e-23	-1.16756971274346	0.01	0.035	7.37464831894744e-19	TST	c2
2.27301486307848e-23	-1.23632463883798	0.014	0.041	7.62323724779262e-19	ARHGEF12	c2
2.3017611050949e-23	-0.322367321183198	0.071	0.118	7.71964639426729e-19	COX10	c2
2.31826444080932e-23	0.694783350477517	0.14	0.101	7.7749952815863e-19	PAQR8	c2
2.40351616057891e-23	-0.192436689839704	0.355	0.457	8.06091249934954e-19	POLR2K	c2
2.49747473740543e-23	-0.232625249454807	0.283	0.371	8.37603077431033e-19	PPP3CC	c2
2.5642826080097e-23	-0.262992934958541	0.16	0.227	8.60009101074294e-19	UNC50	c2
2.57633763181258e-23	-0.329212256264643	0.104	0.159	8.64052114957304e-19	IFT27	c2
2.59132484310651e-23	-0.41794809154544	0.065	0.11	8.69078525881063e-19	TRMU	c2
2.71648205630042e-23	-0.272864473880118	0.164	0.231	9.11053752042036e-19	CAB39	c2
2.72631807801061e-23	-6.72005501167309	0	0.017	9.14352557003198e-19	KIF20A	c2
2.73349343380141e-23	-0.32589062890278	0.079	0.128	9.16759027828316e-19	ATP6V1A	c2
2.79473390806825e-23	-0.222950571251632	0.113	0.171	9.3729785808793e-19	BLMH	c2
2.89764993013511e-23	-0.172009806879053	0.787	0.83	9.71813833568712e-19	LCP2	c2
2.90552142228102e-23	-0.193575182796775	0.496	0.594	9.74453774604608e-19	THRAP3	c2
2.91683051033186e-23	-0.321681108598901	0.096	0.149	9.78246616555098e-19	RPAP3	c2
2.91989604998211e-23	-0.281019193851268	0.123	0.182	9.79274737243002e-19	GLB1	c2
2.94278725422884e-23	-0.316915193589306	0.229	0.307	9.8695198932327e-19	IFI6	c2
3.11927956750077e-23	-0.404238772972408	0.069	0.114	1.04614398134841e-18	AKIP1	c2
3.12700207751573e-23	-0.283749315203132	0.081	0.13	1.04873395675722e-18	MRPS17	c2
3.19276368259406e-23	-0.235071028637905	0.114	0.173	1.0707890838684e-18	MRPS28	c2
3.23822702748786e-23	-0.366696387598748	0.07	0.116	1.08603658047888e-18	FKBP15	c2
3.25786463087569e-23	-0.225626137033759	0.234	0.315	1.09262263990309e-18	BDP1	c2
3.3094198748598e-23	-0.392489393849383	0.057	0.099	1.10991323763048e-18	TEN1	c2
3.35753916446377e-23	-0.410851266677073	0.069	0.115	1.12605148497786e-18	HSDL2	c2
3.42375876554694e-23	-0.208532413854027	0.488	0.581	1.14826021478913e-18	HNRNPM	c2
3.56442120003557e-23	-4.86440189189772	0	0.017	1.19543558206793e-18	PDGFD	c2
3.58959604359588e-23	-0.298843926697941	0.112	0.169	1.20387872110119e-18	TRMT2A	c2
3.62114957628759e-23	-0.372639046741111	0.056	0.098	1.21446114489533e-18	UCK1	c2
3.66527833688657e-23	-0.215682829182355	0.211	0.29	1.22926104862502e-18	REXO2	c2
3.71479592216249e-23	-3.59801495289242	0.001	0.019	1.24586825637486e-18	HIST1H3C	c2
3.77919614298542e-23	-0.510816620118502	0.041	0.079	1.26746680243445e-18	SMUG1	c2
3.79624246967296e-23	-0.416603255458469	0.058	0.101	1.27318379947892e-18	TMEM39B	c2
3.79727369707756e-23	-0.217231945360461	0.285	0.375	1.27352965252587e-18	PARVG	c2
3.80352737862103e-23	-0.210189940694429	0.447	0.538	1.27562701224192e-18	NONO	c2
3.81900916168157e-23	-0.486484504749439	0.054	0.095	1.28081929264477e-18	GPALPP1	c2
3.82290688894378e-23	-0.388909703242586	0.071	0.118	1.28212651241396e-18	EIF3B	c2
3.87482889128283e-23	-0.278315698076073	0.123	0.182	1.29954011355844e-18	NDUFB8	c2
3.93989517361169e-23	-0.315996915786361	0.078	0.127	1.32136204332589e-18	YKT6	c2
4.01373122178044e-23	-0.25891569450185	0.122	0.181	1.34612517716072e-18	DESI2	c2
4.15215932543361e-23	-0.238866279590733	0.185	0.258	1.39255119456392e-18	HARS	c2
4.18782517367696e-23	-0.632509817837488	0.04	0.077	1.40451280674778e-18	ZNF490	c2
4.24711348753807e-23	-0.381546167460726	0.063	0.107	1.42439692145052e-18	TMED1	c2
4.29693447933052e-23	-0.269833607290922	0.09	0.141	1.44110588567787e-18	RPUSD1	c2
4.33915155398326e-23	0.268232614476144	0.504	0.475	1.45526464817491e-18	MGST3	c2
4.54975110484264e-23	-2.28350314704699	0.003	0.023	1.52589552554212e-18	LINC02384	c2
4.55768621614718e-23	-0.248555483754592	0.127	0.187	1.52855680317144e-18	NSUN5	c2
4.60303430402895e-23	-0.312493307675543	0.104	0.158	1.54376564488523e-18	HIBCH	c2
4.64966614727906e-23	-1.20749989727946	0.013	0.038	1.55940503247445e-18	AC004865.2	c2
4.7730558087214e-23	-0.223606577994631	0.177	0.249	1.60078745712898e-18	POLR2H	c2
4.849882798867e-23	-3.52579152974618	0.002	0.021	1.62655369308401e-18	CA2	c2
4.87657744537537e-23	1.73172365741754	0.019	0.007	1.63550654362999e-18	PRMT5-AS1	c2
4.92515864994595e-23	-0.180147952927414	0.993	0.969	1.65179970801887e-18	IL32	c2
4.93252996484809e-23	-0.199268015071913	0.54	0.629	1.65427189961075e-18	EIF3M	c2
4.96906994448933e-23	-0.238595682788765	0.178	0.251	1.66652667798283e-18	DHX30	c2
5.00819989028229e-23	-0.273264174354194	0.134	0.196	1.67965007920287e-18	XRCC1	c2
5.01001243708632e-23	-0.251042394872574	0.124	0.184	1.68025797115001e-18	ZC3H18	c2
5.05308298785784e-23	0.224730552268786	0.543	0.507	1.69470297246776e-18	MCUB	c2
5.08660737237919e-23	-0.234172786940417	0.241	0.324	1.70594638054853e-18	NCK1	c2
5.08725285853523e-23	-0.245463198872996	0.133	0.195	1.70616286369555e-18	MED16	c2
5.22704778385053e-23	-0.412658238942264	0.056	0.097	1.75304728574779e-18	THUMPD2	c2
5.33502272919582e-23	-0.232916484266123	0.158	0.225	1.78925992291769e-18	NMRAL1	c2
5.40594111490829e-23	-0.209779064318877	0.125	0.186	1.81304453111794e-18	MRPL19	c2
5.53942572495992e-23	-0.272731119277537	0.094	0.146	1.85781259963706e-18	HCFC1	c2
5.71160477651259e-23	-0.517342703566107	0.057	0.099	1.91555800994679e-18	TECPR1	c2
5.72422491316391e-23	1.05814871287702	0.055	0.032	1.91979055137691e-18	LOXL1-AS1	c2
5.87837241239369e-23	-0.235843293859252	0.354	0.446	1.9714885396686e-18	PSTPIP1	c2
5.97161676733267e-23	0.830160878552129	0.099	0.067	2.00276083142803e-18	LTB4R2	c2
6.00757794976434e-23	-0.289310640104594	0.105	0.16	2.01482149279196e-18	TPRA1	c2
6.07949031948007e-23	-0.481879355811264	0.046	0.085	2.03893946334723e-18	CHP1	c2
6.14491389742761e-23	-0.284674851929505	0.121	0.178	2.06088122291927e-18	ANKRD49	c2
6.15459690276417e-23	-0.94694961410439	0.01	0.034	2.06412870924905e-18	KIF18A	c2
6.32507032121479e-23	-0.615791645155933	0.039	0.075	2.12130208432902e-18	RNF170	c2
6.52756342080371e-23	-0.241992093082063	0.119	0.178	2.18921422006915e-18	NOL12	c2
6.69255697064948e-23	-0.299945388632923	0.201	0.273	2.24454975681642e-18	SAMD9	c2
6.77789548887088e-23	-0.434423001697055	0.064	0.108	2.27317058905751e-18	EMSY	c2
6.80297543351802e-23	-0.227682286091637	0.173	0.244	2.28158190089327e-18	MTMR14	c2
6.93557255803179e-23	-0.389992313975386	0.075	0.122	2.3260523245127e-18	GTF3C1	c2
7.13787821287886e-23	-0.263401799493261	0.132	0.194	2.39390159503531e-18	IMPDH1	c2
7.14647802124172e-23	0.932544270906347	0.065	0.039	2.39678579876405e-18	PDE8A	c2
7.52493796768192e-23	-0.194280419439378	0.229	0.312	2.52371369560116e-18	VTI1B	c2
7.80297301400573e-23	-0.185706550793525	0.539	0.626	2.61696108943724e-18	PHB2	c2
8.41263637233087e-23	-0.359726919793093	0.053	0.094	2.82142998655233e-18	SFXN4	c2
8.76958409235641e-23	-0.216228477801817	0.235	0.317	2.94114311289449e-18	CAPN1	c2
8.77740798985507e-23	-0.220972135815264	0.172	0.241	2.94376709163759e-18	OXCT1	c2
9.01041233643724e-23	-0.608458777285541	0.031	0.064	3.02191208939432e-18	ERCC2	c2
9.02242809409897e-23	-0.280988580713122	0.096	0.148	3.02594193419891e-18	ALAS1	c2
9.13912014193159e-23	-0.692765114713403	0.072	0.116	3.06507811320102e-18	CKS1B	c2
9.31204611150037e-23	-0.298218084157594	0.138	0.2	3.123074024875e-18	GTPBP4	c2
9.40691360632095e-23	-0.264180472120097	0.11	0.166	3.15489068528792e-18	TMEM156	c2
9.52199849099518e-23	-0.208528505521703	0.307	0.398	3.19348785390996e-18	RSBN1L	c2
9.81955200288141e-23	-0.235590168457799	0.201	0.275	3.29328135072637e-18	LPIN1	c2
9.97007686165089e-23	-0.210138501616386	0.476	0.568	3.34376437786048e-18	DEF6	c2
1.00544994321012e-22	-0.64004785988061	0.033	0.067	3.37207801953809e-18	ASB7	c2
1.02702789166191e-22	-0.545158493450648	0.048	0.087	3.44444614305573e-18	PARP3	c2
1.05931812234909e-22	-0.222865952054616	0.156	0.223	3.55274111873438e-18	PLPBP	c2
1.07798998339537e-22	-0.351071905103101	0.1	0.152	3.61536280631139e-18	DTYMK	c2
1.11241896593703e-22	-0.278963002966014	0.119	0.177	3.73083072795961e-18	LRRC41	c2
1.13172515311237e-22	-0.526588912456641	0.033	0.067	3.79557981850828e-18	CDK2	c2
1.16554943535208e-22	-0.195744161808587	0.217	0.297	3.90901969628379e-18	TSG101	c2
1.17039534628898e-22	-0.383031059351279	0.059	0.101	3.92527191238398e-18	AHCYL1	c2
1.21284811021656e-22	-0.192350922389288	0.204	0.28	4.06764999204429e-18	DDX27	c2
1.22437062978137e-22	-0.821037119722845	0.017	0.045	4.10629421816077e-18	FANCD2	c2
1.23145220267002e-22	-0.276037985442839	0.107	0.162	4.13004439731471e-18	RPP25L	c2
1.28571186766975e-22	-0.232291745474977	0.146	0.209	4.31202046179081e-18	NMT1	c2
1.28718075668812e-22	-0.211003018036129	0.387	0.485	4.31694682178063e-18	SEPT2	c2
1.37762820782264e-22	-0.25627638548464	0.094	0.146	4.62028948339558e-18	TRAF2	c2
1.38293744148051e-22	-0.341071430543482	0.098	0.15	4.63809559123732e-18	TWF1	c2
1.39571442848204e-22	-0.323669937317341	0.089	0.14	4.68094705024306e-18	DHX38	c2
1.40895764340655e-22	-0.410844595623579	0.072	0.118	4.72536214445689e-18	KLC2	c2
1.44145607714217e-22	-0.228140983785458	0.183	0.254	4.83435539151942e-18	VPS26A	c2
1.48952759238439e-22	-0.393364647741416	0.057	0.099	4.99557763933878e-18	RABEP2	c2
1.49239524809411e-22	-0.506531775319123	0.042	0.079	5.00519518305801e-18	LDAH	c2
1.62327441688617e-22	-0.208591135885906	0.182	0.254	5.44413773935282e-18	TMEM126B	c2
1.65443468284394e-22	-0.24921916651541	0.282	0.364	5.54864303932201e-18	DNMT1	c2
1.69048095754898e-22	-7.17550277024901	0	0.016	5.66953503542776e-18	HLA-DOA	c2
1.71992760186358e-22	-0.407077654553165	0.059	0.1	5.76829319113009e-18	DDX19B	c2
1.73472188555622e-22	-0.304516452417017	0.14	0.2	5.81791025977844e-18	ST6GAL1	c2
1.74040298089167e-22	0.744004214767327	0.137	0.1	5.83696351731448e-18	LINC02273	c2
1.81942409372191e-22	-0.229587567260159	0.789	0.818	6.10198452552454e-18	LDHA	c2
1.84040337377754e-22	0.546580717156372	0.246	0.205	6.17234483497512e-18	KDM6B	c2
1.84635147372537e-22	-0.244291316683967	0.19	0.262	6.19229357258013e-18	SF3B3	c2
1.86585323002318e-22	-0.183531160203545	0.567	0.658	6.25769856285175e-18	GNAS	c2
1.87866539785158e-22	-0.428905500601304	0.061	0.104	6.30066801131463e-18	MAPK3	c2
1.89811967348245e-22	-0.380781660452366	0.071	0.116	6.36591376092545e-18	INTS12	c2
1.92430759530433e-22	-0.130661665495376	0.868	0.906	6.45374281313168e-18	TMBIM6	c2
1.96163502206904e-22	-0.413908976216782	0.048	0.087	6.57893153701513e-18	GEMIN8	c2
1.96679543205963e-22	-1.17679160033319	0.014	0.04	6.59623852004159e-18	MGST2	c2
1.96737191220752e-22	-0.206380652273566	0.492	0.592	6.59817191916158e-18	UBE2B	c2
1.99129853679064e-22	-0.432556936921937	0.07	0.115	6.67841703268843e-18	NXPE3	c2
2.04031813648317e-22	-0.972145356433893	0.014	0.039	6.84281896613725e-18	HIST1H3H	c2
2.06176410811647e-22	-0.202670705290642	0.719	0.761	6.914744465801e-18	RGS10	c2
2.07267828877621e-22	-0.267153326476202	0.121	0.178	6.95134844489765e-18	SLMAP	c2
2.07912333034982e-22	-0.114550236595402	0.991	0.993	6.97296382532722e-18	HLA-E	c2
2.09445353718967e-22	-0.182949904057304	0.275	0.367	7.02437827302672e-18	POLR2F	c2
2.14122930639159e-22	-0.252554322629401	0.16	0.226	7.1812548477761e-18	USP34	c2
2.20322012944618e-22	-0.225521608429415	0.307	0.397	7.3891596701366e-18	RAB8B	c2
2.28057136377165e-22	-0.440528380819139	0.057	0.099	7.64858023981736e-18	ZHX1	c2
2.30620583762023e-22	-0.205942387767097	0.311	0.402	7.73455313821072e-18	YY1	c2
2.33490563621152e-22	-0.25727635299331	0.109	0.165	7.83080652272618e-18	HADH	c2
2.36870500094671e-22	-0.322916816257463	0.09	0.141	7.94416283217506e-18	AAR2	c2
2.37996069004696e-22	-4.13258404688439	0.001	0.017	7.98191216227948e-18	AC012368.1	c2
2.40901560573571e-22	1.98608334276171	0.012	0.004	8.07935653851641e-18	AC083973.1	c2
2.42965571868879e-22	-0.235754754701864	0.13	0.19	8.14857934933845e-18	IKBIP	c2
2.46556361467431e-22	-0.197762708160178	0.199	0.275	8.2690072508947e-18	EBPL	c2
2.49032897460789e-22	-1.27023545068252	0.006	0.027	8.35206531503992e-18	MAP3K20	c2
2.56585531928892e-22	-0.330332604171427	0.069	0.114	8.60536556983119e-18	ASH2L	c2
2.66878571000569e-22	1.2855989138895	0.032	0.015	8.95057351421709e-18	PIANP	c2
2.68051788226349e-22	-1.13935230362149	0.007	0.029	8.98992087353528e-18	GEN1	c2
2.6870252935967e-22	0.783969286949577	0.089	0.058	9.0117454296646e-18	FAM241B	c2
2.72357542568928e-22	-0.287295347813031	0.065	0.11	9.13432726267671e-18	KHSRP	c2
2.76442998017853e-22	-0.291737150533364	0.096	0.148	9.27134526752276e-18	TANGO2	c2
2.77672381283817e-22	-0.273395411271208	0.125	0.183	9.31257632349666e-18	TRAF3	c2
2.79190596987054e-22	-0.186524782446264	0.264	0.35	9.36349424175181e-18	DCAF7	c2
2.8310258554103e-22	-0.259292037520988	0.135	0.195	9.49469451387506e-18	WRAP73	c2
2.88606903184446e-22	-0.482359440538817	0.055	0.096	9.67929831899995e-18	UHRF1BP1L	c2
2.91319611639082e-22	-0.332266425560144	0.078	0.126	9.77027713515152e-18	GBA	c2
3.03178649534139e-22	-0.278607909949279	0.123	0.18	1.01680055480759e-17	PLEKHA3	c2
3.0902010226041e-22	-0.849615951519789	0.013	0.039	1.03639161896096e-17	CDC7	c2
3.09090405835927e-22	-0.248939377925684	0.116	0.173	1.03662740309253e-17	CXorf38	c2
3.1924703750684e-22	-0.234251720392703	0.23	0.308	1.07069071439044e-17	BIRC6	c2
3.2176752625091e-22	-0.189539868726745	0.196	0.271	1.0791439295403e-17	DNPEP	c2
3.35172960408942e-22	-0.350320200505964	0.084	0.132	1.12410307461951e-17	L3MBTL2	c2
3.51353025404899e-22	-0.220203210279873	0.224	0.303	1.17836777660295e-17	PKN1	c2
3.52261770416725e-22	-4.56624525830227	0	0.017	1.18141552562361e-17	NEK2	c2
3.58906230928753e-22	-2.28688382002303	0.031	0.063	1.20369971728885e-17	IGHV1-3	c2
3.80553790197607e-22	-0.539286220220985	0.053	0.092	1.27630130156473e-17	TULP4	c2
3.81569877237453e-22	-0.26928315949551	0.09	0.141	1.27970905427897e-17	NSMCE2	c2
3.95697819164269e-22	-0.173797490198416	0.211	0.29	1.32709134591312e-17	ATG5	c2
4.01136826186757e-22	-0.242583671800005	0.124	0.184	1.34533268766515e-17	ACAT1	c2
4.06020795744326e-22	-0.227465345242063	0.162	0.228	1.36171254476732e-17	RC3H1	c2
4.0856729172435e-22	-0.25933948156433	0.137	0.198	1.37025298298513e-17	ALKBH6	c2
4.09103854087084e-22	-0.235705132457291	0.145	0.209	1.37205250583726e-17	GAK	c2
4.1603225863865e-22	-0.467847320127307	0.093	0.142	1.39528898902231e-17	SPON2	c2
4.22111868994468e-22	-0.433001436280032	0.066	0.109	1.41567878623365e-17	DGKE	c2
4.26799221966025e-22	-0.343582390289281	0.07	0.115	1.43139923062965e-17	HRAS	c2
4.38402947031778e-22	-0.20638727976342	0.186	0.258	1.47031580375518e-17	HTATIP2	c2
4.4776996661877e-22	-0.197728606725798	0.183	0.255	1.50173091404603e-17	YDJC	c2
4.51688453770967e-22	-0.320683488917822	0.096	0.148	1.51487273625707e-17	KDM5C	c2
4.75801478038963e-22	-0.958113686532084	0.009	0.032	1.59574299704708e-17	ZNF367	c2
4.77423358416197e-22	-0.222710369132451	0.13	0.19	1.60118245945624e-17	AL365205.1	c2
4.84550082644055e-22	-0.333128653138634	0.093	0.143	1.62508406717163e-17	TMEM205	c2
4.85131541676275e-22	-0.286869308354313	0.084	0.132	1.62703416447389e-17	MICB	c2
4.88632258547886e-22	-0.254284131031052	0.142	0.205	1.6387748687179e-17	GLYR1	c2
4.91648460889648e-22	-0.212713004893592	0.239	0.322	1.6488906081317e-17	RPL7L1	c2
4.95467685872561e-22	-0.236784697373142	0.154	0.218	1.6616995248794e-17	USP22	c2
5.14086974400534e-22	-0.208871823588386	0.177	0.247	1.72414489474451e-17	CNOT1	c2
5.28488268705224e-22	-0.242675366994468	0.115	0.171	1.77244395558358e-17	RPF1	c2
5.29963861305915e-22	-1.65860607799831	0.006	0.027	1.77739279804778e-17	RYR1	c2
5.32451845832011e-22	-0.204153491430402	0.2	0.275	1.7857370005514e-17	DDX54	c2
5.35867166026931e-22	-0.33709531195022	0.099	0.15	1.79719130142112e-17	FAM122B	c2
5.39511277892977e-22	1.06722696564717	0.024	0.01	1.80941292379747e-17	COL6A1	c2
5.50578940881716e-22	-0.335018857557205	0.084	0.132	1.8465316519291e-17	WIPF2	c2
5.51215835663031e-22	-0.360177204778862	0.076	0.122	1.84866766964667e-17	BRAP	c2
5.64714624782555e-22	-0.444514029402214	0.041	0.077	1.89393990859573e-17	FAM118B	c2
5.88243483885612e-22	-0.305408529539399	0.115	0.169	1.97285099625557e-17	MCM3AP	c2
6.14940280121808e-22	-0.288250739019821	0.088	0.137	2.06238671147252e-17	ZFPL1	c2
6.30647332514435e-22	-0.277787852390128	0.099	0.151	2.11506502378691e-17	DHRSX	c2
6.3830813948566e-22	-0.307284630923333	0.079	0.126	2.14075783820701e-17	POMZP3	c2
6.56512364859426e-22	-0.28397057073254	0.064	0.107	2.20181116926554e-17	KCMF1	c2
6.78419878470463e-22	-0.256632310797178	0.113	0.169	2.27528458841424e-17	PPIL3	c2
6.85896613224615e-22	-0.294288414757945	0.117	0.173	2.30036006143271e-17	DNAJB12	c2
6.9813667625324e-22	-0.2369829772128	0.277	0.36	2.34141078481811e-17	ZNF292	c2
7.0087898133727e-22	1.42956457947204	0.026	0.011	2.35060792760894e-17	ZNF208	c2
7.16110878750506e-22	0.401008459318919	0.313	0.271	2.40169266515345e-17	SATB1	c2
7.3221723903518e-22	-0.329659497348084	0.085	0.133	2.45571017627619e-17	NOP16	c2
7.34794613384421e-22	-0.245070718379556	0.096	0.148	2.46435417436867e-17	UBL4A	c2
7.65917152651149e-22	1.70546992268589	0.015	0.005	2.56873294656142e-17	SNCA	c2
7.68961902820065e-22	-0.255012549907226	0.311	0.398	2.57894442967793e-17	CNIH1	c2
7.74870870514283e-22	-1.02105600899151	0.011	0.035	2.5987619255308e-17	NQO1	c2
7.91348964366875e-22	-0.302386579620739	0.081	0.128	2.65402615669363e-17	C12orf49	c2
7.92857655511543e-22	-0.225379181003511	0.244	0.323	2.65908600505461e-17	CD58	c2
7.93917599842111e-22	-0.374625117219849	0.05	0.089	2.66264084635047e-17	NF2	c2
7.96575239724056e-22	-0.300464394451178	0.1	0.152	2.67155403898654e-17	CCDC22	c2
7.9712098758629e-22	-0.34261105148938	0.08	0.128	2.6733843681669e-17	DTX3	c2
8.07888613443031e-22	-0.23411937424755	0.138	0.2	2.70949683176524e-17	EBNA1BP2	c2
8.26250773005314e-22	-0.217563435305115	0.152	0.216	2.77107984250522e-17	GNPAT	c2
8.31222900166994e-22	-0.234403177895931	0.156	0.222	2.78775536258007e-17	ZCCHC17	c2
8.35544900303889e-22	-0.225269751497668	0.182	0.252	2.80225048663918e-17	TPGS2	c2
8.36523636364905e-22	-0.188615657049327	0.378	0.479	2.80553297164062e-17	MAPK1IP1L	c2
8.42433751432943e-22	-0.209328581414832	0.144	0.207	2.82535431555581e-17	MRPL48	c2
8.59820981030928e-22	-0.230814907878042	0.204	0.279	2.88366760618153e-17	AASDHPPT	c2
8.87643711940238e-22	-0.313258729378606	0.101	0.153	2.97697948110517e-17	DICER1	c2
9.00579509501031e-22	-0.212652909738968	0.222	0.299	3.02036355896456e-17	AIMP1	c2
9.01312416896573e-22	-0.192627781620009	0.616	0.696	3.02282158378773e-17	WAS	c2
9.01470396605621e-22	-0.425157433563403	0.056	0.096	3.02335141613593e-17	C2orf74	c2
9.04211757567812e-22	-0.273742223651464	0.093	0.143	3.03254539253093e-17	FTSJ3	c2
9.04594857784534e-22	-0.20744145607689	0.28	0.369	3.03383023403777e-17	SZRD1	c2
9.0641306288457e-22	-0.278188163802442	0.105	0.157	3.03992813030227e-17	USP9X	c2
9.07499116117183e-22	-0.252393705180504	0.106	0.16	3.04357053563381e-17	PCYT1A	c2
9.18496333028412e-22	-0.310747228574929	0.103	0.155	3.08045300171069e-17	TRPM7	c2
9.23767568595782e-22	-5.00514015503197	0.001	0.017	3.09813167155653e-17	SBK1	c2
9.34323220178898e-22	-0.314379058480831	0.081	0.128	3.13353321583599e-17	ADCY7	c2
9.37541850771623e-22	0.938996544559408	0.066	0.04	3.14432785911787e-17	LINC02132	c2
9.57222830698209e-22	-3.00815979352434	0.002	0.019	3.21033392959565e-17	RAP1GAP2	c2
9.72314887972244e-22	-0.198098744873126	0.45	0.549	3.26094967128131e-17	FIS1	c2
9.8075035271692e-22	-4.28828886753692	0.001	0.017	3.28924053294201e-17	IL1R1	c2
9.8636594317216e-22	-0.395563280789528	0.072	0.117	3.30807410021079e-17	ECE1	c2
1.00138437675374e-21	-0.662436717096273	0.022	0.05	3.3584429227567e-17	PCTP	c2
1.02545414671607e-21	-0.290655690165291	0.081	0.129	3.43916811725637e-17	RABEPK	c2
1.03255769396902e-21	-2.77297818055628	0.001	0.018	3.46299199403329e-17	POLQ	c2
1.05621064175987e-21	-0.250589335510542	0.121	0.178	3.54231925033427e-17	MFSD5	c2
1.07376511108157e-21	-1.72158068887588	0.003	0.021	3.60119342954536e-17	POLE2	c2
1.08877397619523e-21	-0.228572366497495	0.172	0.24	3.65153016136357e-17	GSK3B	c2
1.10296618149166e-21	-0.579256575175554	0.042	0.078	3.69912797948673e-17	PROSER1	c2
1.1213006835505e-21	1.83469503246151	0.016	0.005	3.76061823249167e-17	PLEK2	c2
1.13364243341208e-21	-0.816503284462272	0.025	0.054	3.80200999317744e-17	MAFG	c2
1.14422409171109e-21	-0.211189050045137	0.412	0.507	3.83749875878066e-17	LRP10	c2
1.21310971057843e-21	-0.27586302442505	0.11	0.165	4.06852734733795e-17	TBP	c2
1.22460619378084e-21	-0.33085770341332	0.134	0.191	4.10708425270217e-17	PMAIP1	c2
1.23534253476659e-21	0.666088533352702	0.233	0.194	4.1430917931002e-17	FAM53C	c2
1.2600460632996e-21	-0.249653235923043	0.109	0.163	4.22594248709419e-17	KPNA6	c2
1.27416825240533e-21	-0.285874905131672	0.125	0.182	4.273305484917e-17	LAMP2	c2
1.30590299789998e-21	-0.391289356646895	0.059	0.099	4.37973747435696e-17	HOXB4	c2
1.3561508564689e-21	-0.245204685977012	0.153	0.216	4.54825874242538e-17	HGS	c2
1.37821437077148e-21	-1.49464915444208	0.008	0.029	4.6222553566934e-17	PIK3R6	c2
1.4434434991415e-21	-0.977084296403492	0.021	0.049	4.84102080742077e-17	CARD17	c2
1.45503421841374e-21	-0.202254915351025	0.221	0.298	4.87989376171601e-17	BLOC1S4	c2
1.46560536491298e-21	-0.206466362457395	0.486	0.574	4.91534727284514e-17	UBE2V1	c2
1.46742119920793e-21	-2.32969009500952	0.003	0.022	4.92143721790356e-17	HIST1H2AL	c2
1.49027749004075e-21	-0.264170344341969	0.123	0.18	4.99809264609868e-17	UBR5	c2
1.5077738134238e-21	-0.492885017962553	0.044	0.081	5.05677181546075e-17	ZNF100	c2
1.54814564427715e-21	-0.274013478361644	0.151	0.213	5.19217086177669e-17	OTULINL	c2
1.55500914590484e-21	-0.362795411840493	0.049	0.087	5.21518967353564e-17	SNX11	c2
1.5965006894667e-21	0.706117292408161	0.119	0.084	5.35434401233343e-17	PATJ	c2
1.59784676859615e-21	-0.212974284221425	0.272	0.358	5.35885849251776e-17	ATG3	c2
1.61307489275095e-21	-0.288949318775779	0.097	0.147	5.40993057530814e-17	AP5Z1	c2
1.65268066826855e-21	-0.222805612728847	0.138	0.198	5.54276042523905e-17	EXOSC10	c2
1.66259816381674e-21	-3.12199209310113	0.001	0.018	5.57602172180858e-17	PSRC1	c2
1.67093284522629e-21	-0.226443299505716	0.14	0.202	5.60397457631992e-17	RUVBL2	c2
1.68200018258273e-21	-0.258771710456025	0.099	0.151	5.64109221234596e-17	TBC1D22A	c2
1.71153344087512e-21	0.426341187142718	0.344	0.31	5.74014085400699e-17	LIX1L	c2
1.71374383936585e-21	-0.683957766372388	0.018	0.044	5.74755408846517e-17	SPDL1	c2
1.71536717249385e-21	-0.377882728789642	0.087	0.135	5.75299842310988e-17	SUSD6	c2
1.72646354117707e-21	-0.324709548282914	0.087	0.135	5.79021342439964e-17	KBTBD4	c2
1.73621583676606e-21	-0.225279100553607	0.176	0.245	5.82292067334601e-17	IL10RB	c2
1.74120181408315e-21	-3.93922310864553	0	0.016	5.83964264407205e-17	APOBEC3B	c2
1.75049766398835e-21	0.68931699942621	0.15	0.113	5.87081906548411e-17	SGK3	c2
1.82826341838984e-21	-0.293078430167152	0.101	0.152	6.13162985259585e-17	WDR48	c2
1.85197550207405e-21	0.159477988706355	0.453	0.391	6.21115543885595e-17	CAPG	c2
1.86676610385007e-21	0.123944933630113	0.479	0.421	6.26076015909237e-17	LGALS1	c2
1.87384898549563e-21	-0.339059481990435	0.091	0.14	6.28451472755523e-17	CYSTM1	c2
1.88751166406812e-21	-0.206035410895644	0.175	0.244	6.33033661895166e-17	TGS1	c2
1.8877037371782e-21	-0.458107128546306	0.054	0.093	6.33098079374825e-17	BRPF1	c2
1.89035821542153e-21	-0.276307568968924	0.104	0.156	6.33988338288074e-17	OSBPL3	c2
1.89246355507579e-21	-0.360544892834715	0.06	0.101	6.34694427101317e-17	SLC38A5	c2
1.94847576779611e-21	1.30551706494717	0.031	0.015	6.53479803003459e-17	RIN1	c2
1.95304106944521e-21	-0.237538794347577	0.197	0.269	6.55010913870534e-17	ZNF22	c2
1.98081930154077e-21	0.812536449524842	0.147	0.111	6.64327177350745e-17	SNAPC1	c2
1.99572654634596e-21	-0.23876613794033	0.236	0.311	6.69326769113509e-17	VPS37B	c2
2.00249546957719e-21	-0.245517113955959	0.149	0.211	6.71596930586797e-17	PSMA3-AS1	c2
2.06231268650707e-21	-0.33599647467343	0.08	0.126	6.91658428800742e-17	C6orf226	c2
2.11416834816836e-21	-0.306081663199881	0.07	0.114	7.09049780608705e-17	SELENOI	c2
2.12015014322101e-21	-0.253139438251696	0.216	0.289	7.11055955033463e-17	UBASH3A	c2
2.12697390430782e-21	-0.351750429604303	0.076	0.121	7.13344508026756e-17	VCPKMT	c2
2.16409773487701e-21	-2.39946708924742	0.001	0.018	7.25795098323053e-17	ORC1	c2
2.19929976939685e-21	-0.201945408167463	0.219	0.294	7.37601156660316e-17	ARID4A	c2
2.26985584039678e-21	-0.349640463918147	0.127	0.183	7.61264251752273e-17	CALCOCO1	c2
2.31842467542833e-21	0.270187249977495	0.803	0.774	7.77553267645155e-17	CXCR4	c2
2.36379703234559e-21	-0.215907963562255	0.185	0.256	7.92770248708064e-17	GNL1	c2
2.36450834470959e-21	-0.603980768510172	0.039	0.073	7.93008808648701e-17	OSBPL7	c2
2.38493165868091e-21	-0.186915690459465	0.14	0.201	7.99858379688404e-17	NFU1	c2
2.4146936108001e-21	-0.213145953470334	0.314	0.403	8.09839943190136e-17	PHB	c2
2.41523612817966e-21	-0.298884897233648	0.13	0.187	8.10021892668894e-17	GSTM1	c2
2.54262997785587e-21	-0.435519748775586	0.04	0.076	8.52747241973302e-17	TKFC	c2
2.59512451780172e-21	-0.339983322991198	0.095	0.145	8.70352860780342e-17	ATP13A1	c2
2.64908407956061e-21	-0.189296927048233	0.307	0.396	8.88449818603038e-17	MAPRE1	c2
2.65950740390223e-21	-0.306844768482241	0.08	0.127	8.91945593120729e-17	SCYL2	c2
2.73610873893366e-21	-0.243881227685494	0.121	0.178	9.17636148863572e-17	REV3L	c2
2.76573890360648e-21	-0.205450086954931	0.432	0.53	9.27573513491541e-17	PDCD6	c2
3.00925898339911e-21	-0.699573950946474	0.021	0.049	1.00924527785239e-16	SNX8	c2
3.10418807028338e-21	-0.221980829196881	0.194	0.268	1.04108259501164e-16	TIMM17A	c2
3.10685796776147e-21	-0.328644876382576	0.073	0.118	1.04197802522784e-16	C19orf48	c2
3.12794926638798e-21	-0.38484013434406	0.069	0.112	1.0490516249612e-16	ABI2	c2
3.19349159824644e-21	-0.216091478083786	0.227	0.304	1.07103321221989e-16	ATIC	c2
3.24704338129683e-21	-0.669874050832826	0.033	0.066	1.08899340921933e-16	DGKH	c2
3.25412072138076e-21	-0.55388829625009	0.039	0.073	1.09136700753668e-16	VIPAS39	c2
3.27243578663072e-21	1.56534751567749	0.026	0.012	1.09750951412021e-16	LZTS1	c2
3.28638449991051e-21	-0.452056057787578	0.056	0.096	1.10218763357999e-16	MTMR2	c2
3.28873975693115e-21	-0.277342714565423	0.126	0.182	1.10297753967957e-16	TSEN34	c2
3.32523048313041e-21	-0.809189706458065	0.012	0.035	1.11521579943228e-16	CENPP	c2
3.35732429712384e-21	-0.210802720210783	0.136	0.196	1.12597942276939e-16	NTMT1	c2
3.41821398703759e-21	-0.211244897620703	0.21	0.285	1.14640060697267e-16	PRPF31	c2
3.42247089688018e-21	-0.504055714900939	0.037	0.071	1.14782828939567e-16	ATP13A3	c2
3.4280218931861e-21	-0.201615889161991	0.155	0.219	1.14968998253675e-16	HMCES	c2
3.48373409306951e-21	-0.297193378183631	0.065	0.107	1.16837474013365e-16	RNF8	c2
3.59380234045903e-21	-0.190339642866098	0.608	0.697	1.20528942894315e-16	TERF2IP	c2
3.69868773019553e-21	-0.259953574532667	0.119	0.175	1.24046589095298e-16	CBLL1	c2
3.77143181558699e-21	-0.206333122166889	0.162	0.228	1.26486280231156e-16	IKBKG	c2
3.79986286351159e-21	-0.287939603192846	0.085	0.133	1.27439800716452e-16	HDHD5	c2
3.96002574183489e-21	-0.206497835497844	0.344	0.436	1.32811343329659e-16	LUC7L3	c2
3.98666422346694e-21	-0.247258275624983	0.203	0.272	1.33704744726634e-16	USP1	c2
4.06495382588054e-21	-0.17320533689859	0.278	0.368	1.36330421412381e-16	FDX1	c2
4.08226724879786e-21	-0.21981870035968	0.114	0.17	1.36911078990183e-16	CMAS	c2
4.24753348579493e-21	1.04075275131766	0.041	0.022	1.4245377804659e-16	MEGF6	c2
4.26653948927757e-21	-0.212900230975247	0.205	0.279	1.43091201391391e-16	HIGD1A	c2
4.27077903406276e-21	-3.3991434659303	0.002	0.018	1.43233387244397e-16	AL122035.1	c2
4.3360840896688e-21	0.871709948278177	0.07	0.044	1.45423588199312e-16	EPAS1	c2
4.4339237704299e-21	-0.427424707344499	0.039	0.073	1.48704935412678e-16	CENPH	c2
4.4990592339627e-21	-0.192319336255151	0.211	0.287	1.50889448588641e-16	KRR1	c2
4.51920854302486e-21	-0.283720363028566	0.117	0.17	1.51565216115968e-16	DPP8	c2
4.55494671546886e-21	-0.250095795178824	0.119	0.174	1.52763802943395e-16	AGK	c2
4.58380977843815e-21	-0.756733282461015	0.013	0.037	1.53731812349259e-16	CHEK2	c2
4.64521531995391e-21	-3.37215201163726	0.003	0.02	1.55791231400614e-16	DERL3	c2
4.69792445731857e-21	-0.220134696511959	0.25	0.332	1.5755899044955e-16	CEP57	c2
4.74329386464657e-21	-0.332043640490202	0.076	0.122	1.59080589632517e-16	ARMT1	c2
4.88633635271253e-21	-0.186259024681777	0.202	0.275	1.63877948597273e-16	SP3	c2
4.89205671902222e-21	-0.215803783028072	0.079	0.125	1.64069798242567e-16	CCDC43	c2
4.89377975059429e-21	-0.155669237094928	0.608	0.692	1.64127585275431e-16	NEDD8	c2
4.91645636536771e-21	-0.682544806778459	0.03	0.061	1.64888113581702e-16	ST3GAL2	c2
4.93372699952146e-21	-0.240178950260172	0.264	0.341	1.65467336109951e-16	RELB	c2
5.01405096682357e-21	-5.0152861733951	0	0.016	1.68161241325329e-16	XXYLT1-AS2	c2
5.19647675122544e-21	1.41587132925708	0.028	0.013	1.74279437282599e-16	AC004854.2	c2
5.52503227057262e-21	-0.313457779584078	0.08	0.125	1.85298532290465e-16	IFT52	c2
5.70584185789503e-21	-0.328195702884699	0.06	0.101	1.91362524230084e-16	PPP1R8	c2
5.73212996524985e-21	-0.454544832584243	0.047	0.084	1.9224417477455e-16	ACOX1	c2
5.77176199509232e-21	-0.839452829117675	0.009	0.031	1.93573353791406e-16	CENPO	c2
5.83491939496699e-21	-0.220552637726914	0.261	0.342	1.95691526668403e-16	RHBDD2	c2
5.85265047724986e-21	-0.222709300926682	0.146	0.207	1.96286191706006e-16	UNC45A	c2
6.24771341567285e-21	-0.225259498904094	0.275	0.356	2.09535812534836e-16	BPTF	c2
6.27087586666798e-21	-0.328248386981114	0.057	0.097	2.10312634816311e-16	CCDC18	c2
6.33793021764778e-21	-0.192482815960423	0.134	0.194	2.12561503639471e-16	UCHL3	c2
6.34628612292505e-21	-0.358744261886813	0.11	0.162	2.1284174399066e-16	TCTN3	c2
6.50216908534169e-21	0.786745545183034	0.094	0.064	2.1806974678419e-16	LINC00944	c2
6.53026113084762e-21	-0.215790728726242	0.228	0.304	2.19011897806367e-16	RECQL	c2
6.62023561818147e-21	-0.197404638403122	0.16	0.225	2.2202946216257e-16	HDAC3	c2
6.72081326841906e-21	1.57264062721736	0.023	0.01	2.25402635396239e-16	IL5RA	c2
6.89747419183259e-21	-0.44805036822428	0.049	0.086	2.31327489445681e-16	C2orf68	c2
7.05569832236823e-21	-0.191346130312834	0.251	0.334	2.36634010335586e-16	MLX	c2
7.27807328035272e-21	-2.46289885426562	0.003	0.021	2.4409202167647e-16	ADAM12	c2
7.42768074058717e-21	-1.25854597081132	0.007	0.027	2.49109556677813e-16	LINC00467	c2
7.44109514647893e-21	-5.77626999929163	0	0.016	2.4955944902261e-16	LINC01281	c2
7.57644384981224e-21	-0.453287090231078	0.049	0.086	2.54098773835003e-16	NBPF14	c2
7.67984205729151e-21	-0.183690523357381	0.295	0.386	2.57566542917443e-16	TMUB1	c2
7.73369816966107e-21	-0.213982566125938	0.246	0.327	2.59372769214093e-16	AP1M1	c2
7.83318247094123e-21	-0.168004336100016	0.565	0.653	2.62709273710427e-16	MTDH	c2
8.09928356822518e-21	-0.279255656735983	0.073	0.117	2.71633772311136e-16	FBXW7	c2
8.27942516741544e-21	-0.476479850649752	0.055	0.094	2.77675361264779e-16	TTC31	c2
8.34440477952411e-21	-0.449304071550641	0.059	0.099	2.7985464749568e-16	POMC	c2
8.38321330436045e-21	-0.373114450988819	0.093	0.14	2.81156207801641e-16	PIK3CG	c2
8.50164445927788e-21	-0.250865774120882	0.143	0.203	2.85128151875261e-16	SCAF4	c2
8.50283985354898e-21	-0.238834781024199	0.105	0.157	2.85168243008326e-16	DNAJC21	c2
8.65300629373852e-21	-0.205519871273208	0.136	0.195	2.90204525079403e-16	SFSWAP	c2
8.69790139428759e-21	-0.258510872102304	0.147	0.207	2.91710216961617e-16	UBL3	c2
8.69972549899043e-21	-0.504600673026592	0.042	0.077	2.91771393785141e-16	SLC9A8	c2
8.79755404300455e-21	-0.22280258616356	0.14	0.2	2.95052367494287e-16	BID	c2
8.96589671029552e-21	-0.342491573940461	0.069	0.112	3.00698243869891e-16	MOV10	c2
8.97750142717111e-21	-0.204051810237439	0.504	0.594	3.01087442864465e-16	FMNL1	c2
9.15382046555475e-21	-0.398019014647169	0.076	0.12	3.07000830773775e-16	ARAP1	c2
9.22928556253512e-21	-0.339219980486355	0.087	0.134	3.09531779196303e-16	GPR89B	c2
9.28049567611902e-21	0.975638668171154	0.049	0.027	3.1124926398568e-16	IFNL1	c2
9.44578080917262e-21	-0.534738558072048	0.047	0.084	3.16792596778031e-16	SGPP1	c2
9.49557216407972e-21	-0.63952893322579	0.025	0.054	3.18462499238905e-16	CASP9	c2
9.74719607405933e-21	-0.245594739884011	0.109	0.162	3.26901461931802e-16	YEATS4	c2
9.76930810016338e-21	-0.367627877178838	0.045	0.082	3.27643055063279e-16	UBFD1	c2
9.84650906206095e-21	-0.167581268143491	0.738	0.798	3.302322209234e-16	SEPT9	c2
9.97036944089466e-21	-1.03263008878384	0.028	0.057	3.34386250308725e-16	HES4	c2
1.00589471684636e-20	-0.22717399523121	0.095	0.145	3.37356970135932e-16	LARP4	c2
1.00784003210733e-20	-0.236850352864276	0.472	0.556	3.38009389968156e-16	CHCHD10	c2
1.03358013078964e-20	-0.256254534276077	0.059	0.1	3.4664210426423e-16	BNIP1	c2
1.03691768587539e-20	-0.319490352447527	0.102	0.151	3.47761453488888e-16	DNAJC10	c2
1.04026093969503e-20	-3.73264262569653	0.001	0.016	3.48882713954918e-16	MYB	c2
1.04727309143761e-20	-0.258379727651816	0.105	0.157	3.51234449406347e-16	PIGH	c2
1.06880337477731e-20	-0.57174107231973	0.027	0.056	3.58455275832814e-16	ZNF714	c2
1.08389755540451e-20	-0.389513033143236	0.072	0.115	3.63517562131565e-16	SPRTN	c2
1.09182714488839e-20	-0.189311978625234	0.308	0.397	3.66176987852667e-16	FNTA	c2
1.0921827591854e-20	-0.19890075224753	0.222	0.298	3.66296253775598e-16	UBLCP1	c2
1.09612189444085e-20	-0.25668375499144	0.073	0.117	3.67617360957572e-16	SHLD1	c2
1.09943210361245e-20	-0.210962997551382	0.213	0.286	3.68727538909542e-16	SUPT16H	c2
1.12310959776295e-20	-0.217278597847276	0.349	0.437	3.76668496897739e-16	TAF15	c2
1.13062672441192e-20	-0.380905592855009	0.043	0.078	3.7918959083327e-16	FOXRED1	c2
1.13822824962217e-20	-0.242701507167936	0.142	0.201	3.81738990358284e-16	DYNC1LI1	c2
1.14185233683117e-20	-0.279078122480449	0.128	0.184	3.82954436726438e-16	FBXO44	c2
1.16214397348771e-20	-0.332243694207222	0.079	0.124	3.8975984582831e-16	ACOT9	c2
1.18673683432776e-20	-0.242824015891936	0.181	0.248	3.98007799496844e-16	POLR2B	c2
1.20890704325348e-20	-0.221769710410262	0.129	0.186	4.05443244166353e-16	MTA2	c2
1.22491984637453e-20	-2.25997143783465	0.001	0.018	4.10813618077089e-16	RAD54L	c2
1.25740983594113e-20	-1.20618236227452	0.01	0.032	4.21710110777936e-16	CDYL2	c2
1.29871039119064e-20	-0.431274681786186	0.037	0.07	4.35561490997518e-16	GGCX	c2
1.34923322077199e-20	-0.190469239738064	0.182	0.251	4.5250583758251e-16	MTG1	c2
1.35147311866301e-20	-0.225223863501679	0.187	0.255	4.53257054537199e-16	NT5C3A	c2
1.35250447914462e-20	-0.250784507918549	0.08	0.126	4.53602952215524e-16	REXO4	c2
1.35511499993536e-20	-0.56460421170538	0.039	0.072	4.5447846867832e-16	OTUD4	c2
1.35713828283281e-20	-0.251135295491938	0.103	0.155	4.55157037296468e-16	LTV1	c2
1.38338536249742e-20	-0.297052551397637	0.14	0.198	4.63959782874384e-16	RFFL	c2
1.38741183357893e-20	-0.256865182120402	0.141	0.199	4.653101807457e-16	KRI1	c2
1.38953399046716e-20	-0.407740912952645	0.063	0.103	4.66021909722877e-16	MED13	c2
1.39151149556406e-20	-0.25161586868859	0.128	0.185	4.66685125382274e-16	AFG3L2	c2
1.43033223482499e-20	-0.185629540074587	0.527	0.619	4.79704824915606e-16	EIF3D	c2
1.44444405030089e-20	-0.183807186914439	0.167	0.234	4.84437645589912e-16	SEC23B	c2
1.53147481633582e-20	-0.277912982441276	0.077	0.122	5.13626023902706e-16	ICMT	c2
1.53480062132777e-20	-0.246202616492327	0.138	0.198	5.14741432380906e-16	GMCL1	c2
1.54899783769777e-20	-0.235736352902247	0.128	0.186	5.19502894807077e-16	PIGS	c2
1.65306947078915e-20	-0.198401483856156	0.322	0.409	5.54406439113265e-16	CPNE1	c2
1.67015779002024e-20	-0.238829061105253	0.125	0.181	5.60137519616987e-16	CHID1	c2
1.68622754105405e-20	-0.190927787628395	0.29	0.377	5.65526992718709e-16	TAOK3	c2
1.68896225595442e-20	-1.09606490345371	0.009	0.03	5.66444161401993e-16	AIFM2	c2
1.703936495031e-20	-0.478186206722446	0.074	0.116	5.71466221703497e-16	SLC12A6	c2
1.71716091977262e-20	-0.430009394607378	0.055	0.094	5.75901429273342e-16	CASP2	c2
1.76122435265755e-20	-0.30116217880708	0.114	0.166	5.90679423394288e-16	PTEN	c2
1.77456042129949e-20	-1.85419620596077	0.007	0.027	5.95152074095422e-16	MMP23B	c2
1.79040542759312e-20	-0.450202436585588	0.036	0.068	6.0046617230618e-16	POLA2	c2
1.79357404318155e-20	-0.220177749091154	0.141	0.201	6.01528862602227e-16	CTNNBL1	c2
1.79868734434872e-20	-2.80872097053168	0.003	0.02	6.03243761547674e-16	IL1R2	c2
1.81395247426778e-20	-0.261498606071228	0.08	0.125	6.08363380819929e-16	USP38	c2
1.90954903713996e-20	-0.199579071261122	0.59	0.675	6.40424556075998e-16	GABARAPL2	c2
1.99865193189653e-20	-2.50781244601026	0.003	0.02	6.70307884919457e-16	BFSP2	c2
1.99888518039719e-20	-0.668360815639363	0.024	0.052	6.70386111801609e-16	CLP1	c2
2.03516894808904e-20	-0.246021647191686	0.142	0.2	6.82554961810101e-16	PHKG2	c2
2.04657315076981e-20	-0.53302337997797	0.039	0.072	6.86379703305178e-16	CDK19	c2
2.08205436682912e-20	-0.202613505197791	0.59	0.666	6.98279393547149e-16	BST2	c2
2.08644149367958e-20	-0.318677598294061	0.061	0.101	6.99750748150256e-16	GEMIN6	c2
2.18067585382563e-20	-0.308317137484863	0.084	0.13	7.3135506785604e-16	BCL2L12	c2
2.286646131391e-20	-0.398719243855458	0.068	0.109	7.66895379545915e-16	AUH	c2
2.33553879870179e-20	-0.214435498465487	0.131	0.189	7.83293002308605e-16	GSS	c2
2.34015747667597e-20	-0.273769919159779	0.117	0.171	7.84842014527587e-16	ACSF3	c2
2.35972255733304e-20	-0.304869303412223	0.062	0.102	7.91403751278357e-16	OAZ2	c2
2.40193793014011e-20	-0.18906445335021	0.417	0.514	8.0556194301039e-16	PSMF1	c2
2.43995882072118e-20	-0.269844604421728	0.125	0.18	8.18313389293468e-16	DTX3L	c2
2.50541547656621e-20	-0.232534694644593	0.156	0.219	8.40266242530774e-16	SCYL1	c2
2.53677203440622e-20	-0.959825099238831	0.016	0.041	8.50782604899158e-16	ABAT	c2
2.53683784756922e-20	-0.206767884706241	0.532	0.614	8.50804677317765e-16	RAC1	c2
2.54410462492358e-20	-0.190532052534419	0.135	0.194	8.53241809106871e-16	C1orf131	c2
2.6502355247084e-20	-0.180493270365468	0.171	0.239	8.88835990276703e-16	STX5	c2
2.66051222134605e-20	-3.73314065496039	0.001	0.016	8.92282588795039e-16	SAPCD2	c2
2.69706214077409e-20	-0.302927081619114	0.094	0.142	9.04540700772816e-16	POLR2M	c2
2.76078952858209e-20	-2.7424747917066	0.002	0.019	9.25913592095861e-16	AL606807.1	c2
2.77192800657509e-20	-0.619598918791224	0.023	0.05	9.29649214845152e-16	PDXP	c2
2.862419326875e-20	-0.293057148664962	0.083	0.128	9.59998193847338e-16	FBXO22	c2
2.87515045105342e-20	-0.18724278871208	0.141	0.202	9.64267958274296e-16	ALG5	c2
2.89403363134398e-20	-0.289055693980145	0.099	0.148	9.70600999280143e-16	CRKL	c2
2.92058070996669e-20	-0.551668391899164	0.085	0.128	9.79504358508628e-16	KLF3	c2
2.96183711984828e-20	-0.332201537163999	0.064	0.105	9.93340933254718e-16	CWF19L1	c2
2.97030436140529e-20	-0.291916295539013	0.18	0.244	9.96180676728105e-16	IPCEF1	c2
3.01884937825814e-20	-0.191978869081208	0.095	0.146	1.01246170448021e-15	DPM1	c2
3.1206310255027e-20	-0.234579666574158	0.112	0.165	1.0465972333331e-15	SLC50A1	c2
3.12244926865026e-20	-0.211492416491057	0.157	0.221	1.04720703571992e-15	FTSJ1	c2
3.12833997443647e-20	-0.227612697877352	0.082	0.128	1.0491826606265e-15	HAUS2	c2
3.16668294818689e-20	-0.212960969300473	0.215	0.289	1.06204212716292e-15	AKR7A2	c2
3.16887622068619e-20	-0.228959405757942	0.124	0.18	1.06277770689374e-15	ZCCHC10	c2
3.17821174086422e-20	-4.47124773369867	0	0.015	1.06590865365104e-15	KIF18B	c2
3.19875653496745e-20	-0.182463471595202	0.522	0.616	1.07279896669738e-15	TBCA	c2
3.28277426005502e-20	-0.380477016338737	0.067	0.109	1.10097683133725e-15	IRF9	c2
3.36801468667601e-20	-0.451198931622458	0.051	0.087	1.1295647656174e-15	IFIH1	c2
3.39944251828644e-20	1.09921540249729	0.045	0.025	1.14010503178291e-15	MAPRE3	c2
3.42733737583863e-20	-0.212264035479707	0.184	0.251	1.14946040910876e-15	BABAM2	c2
3.44289574917137e-20	-0.23418348350038	0.157	0.219	1.15467837635709e-15	N4BP2L1	c2
3.54408674456817e-20	-0.65140890945017	0.029	0.058	1.18861581239327e-15	FASN	c2
3.54961714242906e-20	-0.392216830513263	0.058	0.097	1.19047059722786e-15	SOCS4	c2
3.78056573123483e-20	-0.349852571769402	0.063	0.104	1.26792613494154e-15	GOSR2	c2
3.78701553279393e-20	-0.284537643634201	0.124	0.177	1.27008926938843e-15	HIST1H1C	c2
3.79795428958642e-20	-0.182163051984575	0.445	0.538	1.27375790964149e-15	SRSF10	c2
3.83888109133425e-20	-0.137509509346825	0.801	0.846	1.28748394041168e-15	NDUFA4	c2
3.85517461913217e-20	-0.332289916440483	0.062	0.102	1.29294846376455e-15	ABHD2	c2
3.9426565631379e-20	-0.389265540799059	0.06	0.099	1.32228815814519e-15	MAPKAPK2	c2
3.95792736894017e-20	-0.262648359695044	0.082	0.128	1.32740968099516e-15	TBL3	c2
4.12110586840597e-20	-0.195176817578734	0.416	0.51	1.38213648614599e-15	C1orf43	c2
4.22720173787133e-20	-2.51636609497006	0.004	0.022	1.41771891884729e-15	DKK3	c2
4.23607223117287e-20	-0.19719977761606	0.296	0.382	1.42069390489076e-15	MFNG	c2
4.30480477339509e-20	-0.209999592122289	0.081	0.127	1.44374542490125e-15	TACO1	c2
4.48125851948999e-20	-0.241042585778144	0.119	0.173	1.50292448226655e-15	TMEM242	c2
4.57397209633439e-20	-0.19494465035603	0.172	0.238	1.53401876166863e-15	DDX39B	c2
4.81861895826896e-20	-0.265544072437941	0.312	0.391	1.61606842622424e-15	SRM	c2
4.90747171760512e-20	-0.20619350214345	0.276	0.357	1.6458678646504e-15	ITGB1BP1	c2
5.01023044474978e-20	-0.77043467049469	0.019	0.045	1.68033108656018e-15	ADAT3	c2
5.25680744095078e-20	-0.200628946137405	0.166	0.23	1.76302807954607e-15	POLDIP3	c2
5.47303434737392e-20	-0.197466455441916	0.39	0.482	1.83554625942227e-15	PNRC2	c2
5.56885398592698e-20	-0.201446974670934	0.284	0.367	1.86768224980019e-15	IRF3	c2
5.61190429170368e-20	-0.172572783011431	0.202	0.274	1.88212046135158e-15	MRPS26	c2
5.77588582313996e-20	-0.231503551884101	0.171	0.235	1.93711658736468e-15	JKAMP	c2
5.89407118647656e-20	-0.278937281300912	0.109	0.16	1.97675359452051e-15	OCEL1	c2
6.02382813712691e-20	-0.783352539935795	0.018	0.044	2.02027148062962e-15	ADAP1	c2
6.06472816084129e-20	-0.351298650356092	0.076	0.119	2.03398853058295e-15	USP7	c2
6.06788610978518e-20	-5.49847802311254	0	0.015	2.03504764349975e-15	IL7	c2
6.18291999347383e-20	-0.331458115840586	0.063	0.103	2.07362770741125e-15	TRIM33	c2
6.2543363012876e-20	1.8156672901626	0.012	0.004	2.09757930872583e-15	MYO16	c2
6.30957650120654e-20	-0.405105740210749	0.042	0.077	2.11610576697465e-15	SPHK2	c2
6.38911672511784e-20	-0.34151916959349	0.107	0.156	2.14278196727002e-15	ZNF101	c2
6.56277559400672e-20	-0.230581516417036	0.11	0.162	2.20102367871797e-15	KIN	c2
6.5809743127868e-20	-1.10753578022198	0.015	0.038	2.20712716502244e-15	AFAP1L2	c2
6.63236649918094e-20	-0.354356671203896	0.088	0.134	2.22436307649531e-15	GSR	c2
6.69057311661684e-20	-0.261052972250216	0.081	0.127	2.24388441185096e-15	RAD9A	c2
6.83666431697354e-20	-0.182737660979731	0.211	0.284	2.29288047862658e-15	BFAR	c2
7.11113964687472e-20	-0.368453472754093	0.056	0.094	2.38493401476884e-15	ZFP91	c2
7.12983999442371e-20	-0.240638954170484	0.338	0.415	2.39120573732982e-15	HNRNPAB	c2
7.14784377597591e-20	-0.644516319660308	0.021	0.047	2.3972438455868e-15	BORA	c2
7.24629158956649e-20	-0.75301520293883	0.022	0.048	2.43026127330881e-15	PI4K2A	c2
7.25686983690169e-20	-0.508860238462911	0.14	0.192	2.43380900590009e-15	MAF	c2
7.35548754939384e-20	-4.84487798272456	0	0.015	2.46688341431571e-15	HIST1H3G	c2
7.55203761885371e-20	-0.288749660768983	0.106	0.156	2.53280237661116e-15	SLC41A3	c2
7.65924616961558e-20	-0.174751361792265	0.622	0.714	2.56875798036567e-15	STK4	c2
7.76534900927563e-20	-0.286760066806031	0.094	0.141	2.60434275073086e-15	HACL1	c2
7.81638248955623e-20	-0.17670575395574	0.163	0.228	2.62145835934737e-15	NDUFS4	c2
8.00345625204946e-20	-0.197064919181067	0.251	0.328	2.68419915781235e-15	RRP7A	c2
8.03108498522527e-20	-0.23551474995531	0.113	0.165	2.69346528234485e-15	RSPRY1	c2
8.11302939400697e-20	-0.179458253045285	0.134	0.192	2.72094779816206e-15	EI24	c2
8.13497592986986e-20	-0.693944459289266	0.024	0.052	2.72830822735975e-15	TFCP2	c2
8.2251601235986e-20	-0.212941406170031	0.889	0.896	2.7585542022525e-15	FYB1	c2
8.2671626510525e-20	-0.35382481326614	0.07	0.112	2.77264100990999e-15	C18orf25	c2
8.32809346125882e-20	-0.198169188766442	0.225	0.3	2.79307598503698e-15	SUPT5H	c2
8.5259689724357e-20	-0.198338453842373	0.227	0.302	2.85943947397549e-15	PFKL	c2
8.76934762060225e-20	-0.249857234657942	0.085	0.13	2.94106380499758e-15	PTPN9	c2
8.80079415196888e-20	-0.290059960906163	0.074	0.117	2.95161034268732e-15	ASB3	c2
8.8570030478863e-20	0.679137208167766	0.219	0.183	2.97046168220011e-15	MID1IP1	c2
8.92744841924011e-20	-1.30290799097668	0.02	0.045	2.99408765084475e-15	HIST1H2AI	c2
8.99460195351624e-20	-0.210191756285337	0.319	0.403	3.01660960317028e-15	TANK	c2
9.08190891394196e-20	-0.168805180359573	0.226	0.302	3.04589061155786e-15	NFYC	c2
9.12182110557966e-20	-0.251828246574317	0.201	0.269	3.05927636238931e-15	BCL2L1	c2
9.19691199875267e-20	-0.207945385708519	0.18	0.246	3.08446034614167e-15	RNF34	c2
9.20569476099493e-20	-0.429931799534486	0.056	0.094	3.08740590894248e-15	SLC46A3	c2
9.21412120796268e-20	-0.323712264471769	0.066	0.107	3.09023197072652e-15	FUCA2	c2
9.2930185252506e-20	-0.222762956919369	0.12	0.174	3.11669255299855e-15	TMEM189	c2
9.37754603005441e-20	-0.225089965398221	0.108	0.159	3.14504138755965e-15	MAP3K11	c2
9.55870971688756e-20	-0.356215861999079	0.052	0.089	3.20580006484975e-15	HCCS	c2
9.63335048089806e-20	0.350392031075406	0.383	0.349	3.23083308428359e-15	LAIR1	c2
1.008597541278e-19	-0.501575012963469	0.025	0.054	3.38263443393817e-15	ATAD5	c2
1.02571335863666e-19	-0.242614001781861	0.135	0.191	3.44003746219564e-15	EXOSC9	c2
1.05492455494666e-19	-0.197208365716061	0.131	0.188	3.5380059723801e-15	CAPNS1	c2
1.05853608855252e-19	-0.489250605010461	0.039	0.071	3.55011833378744e-15	ZNF669	c2
1.06101770043285e-19	-0.248639746649351	0.116	0.168	3.55844116371168e-15	NFYB	c2
1.06909430634141e-19	-0.204940574474387	0.2	0.269	3.58552848460783e-15	CTR9	c2
1.09652859173006e-19	-0.246483558598236	0.254	0.329	3.67753759094426e-15	SRRT	c2
1.10705214402252e-19	-0.33996409514151	0.063	0.103	3.71283148062272e-15	ASB6	c2
1.1089506906607e-19	-0.187431534326013	0.341	0.429	3.71919882633784e-15	TCP1	c2
1.11568066587684e-19	-0.326331244805095	0.072	0.114	3.74176981721776e-15	PANK4	c2
1.17835843558273e-19	-0.189846258272031	0.206	0.278	3.95197852125736e-15	ATP6V1E1	c2
1.19853237371748e-19	-0.174967903039522	0.339	0.43	4.01963787497367e-15	CNOT7	c2
1.21831020617707e-19	-0.408500577987574	0.054	0.092	4.08596876947664e-15	RNF121	c2
1.2544350244746e-19	-0.209063451118287	0.153	0.213	4.20712418508291e-15	DIDO1	c2
1.26175926521032e-19	-0.138563383940996	0.403	0.503	4.23168822366237e-15	RBBP6	c2
1.2840129043697e-19	-7.22235805556907	0	0.014	4.30632247867509e-15	TSHR	c2
1.29777967004351e-19	-0.497669412132136	0.039	0.072	4.35249345739193e-15	UBL7-AS1	c2
1.30366231975866e-19	-0.909240163218158	0.015	0.038	4.37222268800659e-15	ATXN7L2	c2
1.30845526447167e-19	-0.174223440173938	0.337	0.429	4.38829726598509e-15	RAB14	c2
1.3154724263782e-19	-0.201555737490087	0.249	0.327	4.41183142358722e-15	AK2	c2
1.34056206385665e-19	-0.29212680491425	0.1	0.149	4.49597704976242e-15	PIK3C3	c2
1.34533594799869e-19	-7.30242050160216	0	0.014	4.51198770239802e-15	TNFRSF13B	c2
1.34770890960317e-19	0.177367926850676	0.901	0.892	4.5199461410271e-15	ZFP36L1	c2
1.37045596853507e-19	-0.180441917606071	0.423	0.518	4.59623522727291e-15	NDUFB7	c2
1.38362174351668e-19	-0.592042826529011	0.02	0.046	4.64039060340623e-15	KNSTRN	c2
1.39025980168269e-19	0.232963303865494	0.593	0.597	4.66265332288341e-15	CMPK1	c2
1.40859516766588e-19	-0.322027138562656	0.053	0.09	4.72414647331783e-15	WDR41	c2
1.40933859694388e-19	-0.369325649001163	0.058	0.096	4.72663978643039e-15	PIP5K1A	c2
1.41162107580416e-19	-1.42284778655073	0.009	0.03	4.73429476403198e-15	LINC01684	c2
1.41895455484934e-19	-0.199879396065734	0.122	0.176	4.75888978605371e-15	CEBPG	c2
1.45255909880921e-19	-0.455859778896576	0.036	0.067	4.87159270558632e-15	TIPIN	c2
1.4903306326773e-19	-0.191267662345962	0.574	0.655	4.99827087587312e-15	LBH	c2
1.49383314096018e-19	-0.242409718226065	0.113	0.165	5.01001758815226e-15	PES1	c2
1.51939704093513e-19	-0.333886092385445	0.073	0.115	5.09575379588825e-15	PXK	c2
1.52641235799935e-19	-0.184967846584455	0.137	0.195	5.11928176625823e-15	PMPCA	c2
1.5291396033719e-19	-0.44433887769675	0.05	0.085	5.12842840178866e-15	NSUN3	c2
1.55250024450763e-19	-0.192744927229273	0.333	0.422	5.20677532002969e-15	U2SURP	c2
1.57096797580952e-19	-0.262563502588265	0.101	0.15	5.26871239726996e-15	PARP12	c2
1.59555970947935e-19	-0.795434407415302	0.017	0.042	5.35118815365185e-15	MFSD3	c2
1.59818041028538e-19	-0.371135633484517	0.046	0.081	5.35997746001512e-15	TCAIM	c2
1.61660693910077e-19	-0.172234359421533	0.21	0.284	5.42177635235615e-15	MCTS1	c2
1.6276826743949e-19	-0.184514877641869	0.557	0.651	5.45892215338561e-15	CHURC1	c2
1.65709028529242e-19	-0.197723563631526	0.318	0.404	5.55754939881371e-15	PSMD6	c2
1.66126507405464e-19	-0.293471405131873	0.095	0.142	5.57155080536446e-15	CCDC14	c2
1.66458688663345e-19	-0.264890666028132	0.17	0.231	5.58269150039126e-15	ASXL2	c2
1.66469778228143e-19	-0.305385720754193	0.071	0.113	5.58306342221546e-15	CTDP1	c2
1.67796359865154e-19	-0.395432621980797	0.038	0.07	5.62755431715754e-15	WDYHV1	c2
1.6782873845646e-19	-0.281997370608114	0.112	0.163	5.62864023035275e-15	UHRF2	c2
1.70345978483615e-19	-0.178914934221727	0.199	0.268	5.71306342638348e-15	TIA1	c2
1.74897224472916e-19	-0.186909954857462	0.201	0.27	5.86570311437265e-15	FAM133B	c2
1.75637065457897e-19	-0.368405752050456	0.055	0.093	5.89051590132697e-15	QRSL1	c2
1.75974156533971e-19	-6.38228683658083	0	0.014	5.90182126183631e-15	CX3CR1	c2
1.77320489640382e-19	-0.193503056968594	0.189	0.257	5.94697458155912e-15	TBC1D1	c2
1.77574091646866e-19	-1.0407142252253	0.017	0.041	5.95547988565259e-15	KCNK5	c2
1.77738988721961e-19	0.973769868439994	0.05	0.029	5.96101020375713e-15	KCNQ1	c2
1.81156251862645e-19	-0.264066857794606	0.079	0.123	6.07561837496938e-15	YARS2	c2
1.81322688373269e-19	-0.54158062618498	0.045	0.079	6.08120032266271e-15	EHD4	c2
1.8342946589748e-19	-0.3466670375199	0.083	0.127	6.15185742726968e-15	LRRC8C	c2
1.86563856258491e-19	-1.07905805975552	0.016	0.04	6.25697861119726e-15	SLC14A1	c2
1.89849040860979e-19	-0.427681601563809	0.141	0.195	6.3671571323955e-15	CD59	c2
1.91951492307098e-19	-0.720116466524018	0.024	0.051	6.43766914899545e-15	LRRC8B	c2
1.96487753139143e-19	-0.337848296379783	0.066	0.107	6.58980626478058e-15	YBEY	c2
1.97304304372991e-19	-1.01587048818726	0.011	0.033	6.61719176006137e-15	GDAP1	c2
2.04729181593085e-19	-0.271230094319915	0.112	0.163	6.8662072922689e-15	NBEAL2	c2
2.10864278826886e-19	-0.235862317591987	0.152	0.211	7.07196618329609e-15	ZMYM5	c2
2.21115124227221e-19	-0.384196942769519	0.052	0.088	7.41575903633255e-15	ZUP1	c2
2.26436252630869e-19	-0.209732658475855	0.128	0.184	7.59421904073409e-15	DCAF13	c2
2.2708655614139e-19	-0.244076086913773	0.1	0.149	7.61602891986993e-15	DDX52	c2
2.299263791577e-19	-0.189136733069797	0.137	0.196	7.71127090419093e-15	TFPT	c2
2.30333583995451e-19	-0.189312941324813	0.162	0.224	7.72492774003942e-15	SUDS3	c2
2.39523566017328e-19	-0.258460602018511	0.079	0.122	8.03314135708916e-15	RPP38	c2
2.40858344982226e-19	-0.179215085219286	0.115	0.167	8.07790717401388e-15	CCDC137	c2
2.43932624422407e-19	-0.692509655649994	0.026	0.054	8.18101235787868e-15	ZNRF2	c2
2.44646850401949e-19	-0.188607626411246	0.121	0.176	8.20496606878058e-15	EDEM2	c2
2.45728261018641e-19	-0.178916860506952	0.258	0.336	8.24123441804318e-15	STAU1	c2
2.45987954938686e-19	-1.32658972560178	0.006	0.025	8.24994403273366e-15	GPSM2	c2
2.46066220779397e-19	-0.380141538281948	0.035	0.067	8.25256891249943e-15	PPCDC	c2
2.49038519616257e-19	-2.67500615248123	0.002	0.018	8.35225387089004e-15	SIGLEC10	c2
2.5629820826082e-19	-0.171215966622236	0.264	0.348	8.59572930865139e-15	TRAPPC3	c2
2.56633813966145e-19	-0.161893299358236	0.265	0.349	8.60698485279656e-15	METTL5	c2
2.57678163111744e-19	-0.19885494038873	0.333	0.421	8.64201023444166e-15	DIAPH1	c2
2.59227633530974e-19	-0.295258283783649	0.058	0.097	8.6939763733618e-15	COX15	c2
2.60919146481713e-19	-0.330961153068432	0.088	0.133	8.75070633470367e-15	MR1	c2
2.62649630123595e-19	-0.235581609673128	0.157	0.217	8.80874329508513e-15	PRDM2	c2
2.63290857999496e-19	-3.28202199442134	0.001	0.015	8.83024879558711e-15	PYCR1	c2
2.64460490635054e-19	0.298808642335754	0.38	0.344	8.86947593491844e-15	SYPL1	c2
2.68946565084704e-19	-0.753567235499502	0.017	0.042	9.0199298998108e-15	DUS2	c2
2.72191022441914e-19	-0.233421070974421	0.091	0.137	9.12874251065691e-15	JARID2	c2
2.76283696960376e-19	-0.185326913982277	0.088	0.135	9.26600262865708e-15	RDX	c2
2.7863717523969e-19	-0.268143466231676	0.075	0.117	9.34493358318872e-15	NIPSNAP3A	c2
2.81011687099387e-19	-0.223726928154998	0.111	0.162	9.42456996193924e-15	C1GALT1C1	c2
2.86778269213643e-19	-0.285836915223085	0.065	0.105	9.61796959288715e-15	MRM2	c2
2.87606659543538e-19	1.93801279029497	0.012	0.004	9.64575214777119e-15	ZNF618	c2
2.95883822277291e-19	-0.20758091399308	0.275	0.354	9.92335163153578e-15	DNAJB14	c2
2.9845945564776e-19	-0.556273691565827	0.038	0.07	1.00097332235146e-14	NAB2	c2
3.00470401279894e-19	-0.334656372182957	0.07	0.11	1.00771763181251e-14	RXYLT1	c2
3.00828485287504e-19	-0.196975575911577	0.312	0.395	1.00891857395723e-14	SNRPE	c2
3.01112114206155e-19	-0.303973490228765	0.061	0.1	1.0098698086246e-14	TAX1BP3	c2
3.01687728028112e-19	-0.280677101159018	0.084	0.128	1.01180030226068e-14	CEP250	c2
3.0505021447108e-19	-0.250450539471069	0.115	0.166	1.02307740929311e-14	FOXO1	c2
3.07073111119898e-19	-0.182838095947115	0.152	0.212	1.02986180007391e-14	TUT7	c2
3.12714902006363e-19	-1.44775843343011	0.006	0.025	1.04878323834894e-14	HIST1H2AE	c2
3.14297322210472e-19	-0.330480851237639	0.067	0.107	1.05409035922948e-14	ALG6	c2
3.23564110389714e-19	-2.33273744395845	0.001	0.016	1.08516931342502e-14	FAM72B	c2
3.26632839931561e-19	-0.199446581416338	0.449	0.54	1.09546121856247e-14	IQGAP1	c2
3.30454295073711e-19	-0.189947233391215	0.217	0.29	1.10827761481821e-14	HK1	c2
3.36220388990503e-19	-0.192714272659809	0.226	0.301	1.12761594059635e-14	HADHB	c2
3.3722742235657e-19	-0.188871164348505	0.15	0.21	1.13099332909946e-14	ATG4B	c2
3.37537244280806e-19	-0.542200142032369	0.025	0.052	1.13203240986897e-14	ZWILCH	c2
3.3765221086499e-19	-0.20435987355818	0.203	0.271	1.132417984799e-14	MFSD14A	c2
3.40948334078186e-19	-0.310772467049432	0.061	0.1	1.14347252283142e-14	NOL10	c2
3.45316113924073e-19	-0.218660609342501	0.19	0.256	1.15812118287856e-14	ZFAND3	c2
3.47588106997957e-19	-0.275112867558733	0.093	0.14	1.16574099324975e-14	IFRD2	c2
3.49564815274108e-19	-0.303025147479561	0.051	0.088	1.1723704774663e-14	BAG2	c2
3.50345168622122e-19	-0.47804923178832	0.032	0.062	1.17498762652487e-14	XXYLT1	c2
3.57659879558333e-19	-1.10339785846911	0.011	0.032	1.19951970406274e-14	HIST1H4H	c2
3.60719886978291e-19	0.204735927506567	0.641	0.642	1.20978235694779e-14	SMDT1	c2
3.63880811412874e-19	-0.209221118831152	0.137	0.193	1.2203834653165e-14	SMARCD1	c2
3.66950486949801e-19	0.500659551701855	0.197	0.159	1.23067854313224e-14	CMTM8	c2
3.67656146936698e-19	-0.196062115833812	0.205	0.275	1.2330451855963e-14	TNIP2	c2
3.77539824902877e-19	-0.21326444409115	0.17	0.233	1.26619306475927e-14	NUP50	c2
3.78543832345697e-19	-0.168662471051062	0.161	0.224	1.269560304921e-14	RCC1	c2
3.83284903413685e-19	-0.258803517420595	0.086	0.13	1.28546090906882e-14	CHD1L	c2
4.00155145051641e-19	-0.174873068763675	0.14	0.197	1.34204032547419e-14	C6orf62	c2
4.02064471008087e-19	-0.615751497597833	0.026	0.054	1.34844382286692e-14	PNPO	c2
4.04701004496132e-19	-0.629137243013378	0.013	0.036	1.35728622887913e-14	SUV39H2	c2
4.14399994821878e-19	-0.220887107162381	0.137	0.193	1.38981470263361e-14	ECD	c2
4.16993910636388e-19	-0.152338669014184	0.152	0.213	1.39851417749232e-14	MRPL40	c2
4.21034116108226e-19	-0.188853105930411	0.407	0.5	1.41206421860377e-14	SDHC	c2
4.25422151506049e-19	-0.715867790253704	0.027	0.055	1.42678081172099e-14	AC099063.4	c2
4.29260983891888e-19	-0.418589691556877	0.06	0.098	1.43965548777661e-14	BCOR	c2
4.29604251723484e-19	-0.21068136364169	0.256	0.333	1.44080673943022e-14	SQOR	c2
4.29789131255421e-19	-0.195631694673583	0.337	0.423	1.44142678840443e-14	UBA2	c2
4.35760054931943e-19	-1.84524362810356	0.002	0.018	1.46145207223075e-14	RECQL4	c2
4.39344993209775e-19	-0.223958302267053	0.095	0.143	1.47347523822694e-14	COIL	c2
4.49581741400525e-19	-0.205739495189495	0.119	0.173	1.50780724430908e-14	PLPP5	c2
4.63748904761939e-19	-0.367091003043714	0.064	0.103	1.55532107679059e-14	SLC6A6	c2
4.66819513679249e-19	-0.243562414162694	0.131	0.185	1.56561928497746e-14	TXNDC11	c2
4.69503961625083e-19	-0.148492461317118	0.618	0.7	1.5746223864982e-14	SNU13	c2
4.71272075510147e-19	-0.211825493139381	0.126	0.18	1.58055228684593e-14	GMEB1	c2
4.73090990745166e-19	-0.313160751124559	0.054	0.09	1.58665256476114e-14	FAM91A1	c2
4.7600605296569e-19	-0.201856359750583	0.165	0.227	1.59642910043633e-14	STK25	c2
4.76836935809501e-19	-0.232697016979756	0.117	0.169	1.5992157153179e-14	MARK2	c2
4.8245438815005e-19	-1.29227827187522	0.011	0.032	1.61805552697764e-14	SYNGR1	c2
4.96974641560882e-19	-0.419780589623291	0.048	0.082	1.66675355286689e-14	LACTB	c2
5.05726962517318e-19	-0.934708645960224	0.181	0.229	1.69610708689058e-14	TNFRSF18	c2
5.07404068761452e-19	-0.206678413661611	0.243	0.317	1.70173176581216e-14	C7orf50	c2
5.15059940235904e-19	-0.373156161427177	0.06	0.099	1.72740802756318e-14	MTOR	c2
5.17460683791474e-19	-0.462786287998923	0.045	0.079	1.73545964129985e-14	ZNF668	c2
5.58676358129385e-19	-0.340160353594966	0.089	0.134	1.87368876989433e-14	STAT2	c2
5.60654549287256e-19	-0.40989076152908	0.066	0.105	1.8803232273996e-14	PTPRN2	c2
5.6088729277651e-19	-0.202145011398873	0.333	0.417	1.88110380251386e-14	LSM3	c2
5.63123524160167e-19	-0.208311384837239	0.12	0.173	1.88860367532837e-14	AGPAT1	c2
5.63435359454976e-19	-0.179309925426126	0.226	0.3	1.8896495085401e-14	RFC1	c2
5.7629220865227e-19	-0.302526771888192	0.087	0.131	1.93276880937798e-14	BRI3	c2
5.84400119866473e-19	-3.9977111182842	0	0.014	1.95996112200818e-14	ANKS1B	c2
5.98081828685176e-19	-0.177864292136998	0.496	0.586	2.00584683704434e-14	PPP2R1A	c2
6.07326840338408e-19	-0.20243552306963	0.125	0.179	2.03685275712695e-14	GSKIP	c2
6.37646719407326e-19	-0.246548471122853	0.111	0.161	2.13853956754829e-14	NSF	c2
6.53564566811976e-19	-0.22799161597307	0.118	0.17	2.191924844174e-14	COG4	c2
6.62125858299425e-19	-2.30976235834011	0.004	0.02	2.22063770356461e-14	ZNF80	c2
6.68859790234794e-19	-0.213663259860656	0.099	0.148	2.24322196448945e-14	AAAS	c2
6.84432785770581e-19	-0.272868737317206	0.091	0.136	2.29545067691738e-14	TAB2	c2
6.92262486202394e-19	-3.65083873782582	0.001	0.014	2.32170992622559e-14	EXO1	c2
6.99874535950706e-19	-0.188416048119909	0.132	0.189	2.34723921867148e-14	R3HCC1	c2
7.04465215951817e-19	-0.15725827085475	0.826	0.851	2.3626354412592e-14	PGK1	c2
7.07185949894585e-19	0.729377055465046	0.108	0.078	2.37176023875646e-14	BACH2	c2
7.11104917287342e-19	-1.94972681286348	0.002	0.017	2.38490367159829e-14	CIT	c2
7.39195202719837e-19	-0.22399739563096	0.425	0.506	2.47911287088179e-14	NUCKS1	c2
7.39633106357666e-19	-0.412788457115788	0.053	0.089	2.48058151210234e-14	KIF3B	c2
7.419531588901e-19	-0.273457520584335	0.084	0.128	2.48836250428562e-14	WASHC5	c2
7.43975842178105e-19	-0.238665906831631	0.104	0.152	2.49514617949693e-14	GBF1	c2
7.44224769779086e-19	-0.245671881693081	0.082	0.126	2.4959810328851e-14	AGPS	c2
7.47925573823235e-19	-0.187764912849154	0.395	0.482	2.50839278948836e-14	TLN1	c2
7.50840774157283e-19	-0.633202270194892	0.03	0.059	2.5181697883687e-14	KLHL2	c2
7.51751999960838e-19	-0.485812383707124	0.053	0.088	2.52122585746866e-14	ZNF564	c2
7.51992119877524e-19	-0.156279886765739	0.657	0.731	2.52203117164524e-14	CDC42	c2
7.61439671927867e-19	-0.203835884177254	0.157	0.217	2.55371637171168e-14	RPAP2	c2
7.667521253099e-19	1.02022278119482	0.038	0.02	2.57153327786434e-14	OBSCN	c2
7.74653416195453e-19	-0.274488208568084	0.061	0.1	2.59803262723631e-14	SAAL1	c2
7.80919520459079e-19	-0.199195836382116	0.261	0.34	2.61904788771566e-14	VPS36	c2
7.96649260841675e-19	-0.212055895605387	0.078	0.121	2.67180229101081e-14	TARBP2	c2
8.00053303509973e-19	-0.227448054620063	0.129	0.183	2.68321876931175e-14	PPP1R21	c2
8.09465868021568e-19	-0.296079214709779	0.108	0.157	2.71478662817073e-14	IREB2	c2
8.1177682732149e-19	-0.193983408431819	0.178	0.241	2.72253712347081e-14	KPNA4	c2
8.16776281731888e-19	-0.244562551247169	0.107	0.156	2.73930429367241e-14	VPS33A	c2
8.33341804711689e-19	-0.468848121418447	0.068	0.107	2.79486174464206e-14	YPEL2	c2
8.4153497063186e-19	-0.190126246644965	0.283	0.368	2.82233998450513e-14	TIMM17B	c2
8.56556036039921e-19	-1.21043839925493	0.01	0.03	2.87271763367069e-14	METRN	c2
8.68590572758568e-19	-0.193653829647493	0.154	0.213	2.91307906291768e-14	YY1AP1	c2
8.93359291581929e-19	-4.55911768787438	0.002	0.018	2.99614839210747e-14	TRDV2	c2
9.04357836411146e-19	-0.177789491844178	0.246	0.323	3.0330353117557e-14	STARD3	c2
9.06280126690583e-19	-0.44720030665581	0.042	0.074	3.03948228889488e-14	VPS18	c2
9.07385352543767e-19	-0.289186101694223	0.066	0.105	3.04318899536128e-14	FAHD2A	c2
9.14063695059208e-19	-0.474831986549415	0.044	0.077	3.06558682048957e-14	ATG2A	c2
9.16451998909582e-19	-0.331086814072381	0.064	0.102	3.07359671394296e-14	NARFL	c2
9.19236644811746e-19	-0.181506827675442	0.324	0.411	3.08293585936963e-14	PPCS	c2
9.20660056170771e-19	-0.367849289699625	0.061	0.099	3.08770969638553e-14	ZNF675	c2
9.43025455962471e-19	-0.212390494497343	0.151	0.209	3.16271877420694e-14	MKLN1	c2
9.49273386356641e-19	-0.29714107297864	0.09	0.135	3.1836730831629e-14	ZBTB2	c2
9.66256914624607e-19	-0.284082800188834	0.086	0.131	3.24063244026801e-14	PHF6	c2
9.7904818215099e-19	-0.175558015894314	0.229	0.303	3.28353179329799e-14	ACO2	c2
9.80493914655467e-19	-0.289409839563704	0.057	0.094	3.2883804909715e-14	LRRC28	c2
9.95854945575093e-19	-0.371019623967588	0.048	0.083	3.33989831646975e-14	SCLY	c2
9.99293272184365e-19	0.238656373094374	0.587	0.584	3.35142977625192e-14	TMED10	c2
1.01242770397495e-18	-0.250732661428213	0.314	0.393	3.39548003359119e-14	APMAP	c2
1.01441247621926e-18	-0.431094312475446	0.031	0.06	3.40213656274415e-14	IFT22	c2
1.01835284911219e-18	-0.262315221191428	0.137	0.192	3.41535178535246e-14	ATP11B	c2
1.02545003529719e-18	-0.540916421179017	0.04	0.071	3.43915432837971e-14	DGCR8	c2
1.03453894208473e-18	-0.279768179845919	0.061	0.1	3.46963670396376e-14	OGFOD2	c2
1.04952487801179e-18	-0.309903032704153	0.073	0.115	3.51989653587595e-14	ADNP	c2
1.06939959546521e-18	-4.76266934053923	0	0.014	3.58655236327124e-14	AMZ1	c2
1.07328743468636e-18	-0.210385888650268	0.153	0.212	3.59959139845112e-14	IBTK	c2
1.08767059453943e-18	-0.168220497117094	0.201	0.271	3.64782963996633e-14	SLC25A38	c2
1.09243077012137e-18	-0.192918255562197	0.146	0.204	3.66379431683306e-14	NCBP3	c2
1.11357493058097e-18	-0.166738260959864	0.186	0.254	3.73470760218244e-14	COMMD1	c2
1.11864448401349e-18	-0.689986139044718	0.03	0.058	3.75170987048446e-14	MARK4	c2
1.13552382086683e-18	-0.179608769802282	0.378	0.47	3.80831979042318e-14	COX14	c2
1.14333265235273e-18	-0.166313036655534	0.318	0.406	3.8345090494606e-14	DERL1	c2
1.14883674353044e-18	-2.19141976694362	0.003	0.02	3.85296867045238e-14	EPHA4	c2
1.16155960838893e-18	-0.474128642068913	0.034	0.064	3.89563861461479e-14	TAF6L	c2
1.16782543427183e-18	-0.329732857503382	0.062	0.1	3.91665294146088e-14	FAM174A	c2
1.17387849068471e-18	-0.325707911446304	0.058	0.095	3.93695368205839e-14	THAP3	c2
1.18286255376771e-18	-0.388675570761073	0.062	0.099	3.96708443282616e-14	PYGB	c2
1.18604091804221e-18	-5.95782016749657	0	0.014	3.97774403092997e-14	GPA33	c2
1.21286385565191e-18	1.19053519167981	0.032	0.016	4.06770279908536e-14	MID2	c2
1.25000172825443e-18	0.816961831066002	0.07	0.045	4.19225579621972e-14	ABCA1	c2
1.26021240697213e-18	-0.427851897466492	0.041	0.073	4.22650037050312e-14	ATG4A	c2
1.27304196039275e-18	-0.196414124582543	0.124	0.177	4.26952812676521e-14	ECSIT	c2
1.286484200273e-18	-0.626447332099576	0.028	0.055	4.31461071087559e-14	RPUSD2	c2
1.29557741072e-18	-0.187711974389545	0.139	0.196	4.34510752007273e-14	USE1	c2
1.30100459432097e-18	-0.370348912769832	0.066	0.104	4.36330920843366e-14	ALOX12-AS1	c2
1.30808763056578e-18	-0.180449911044829	0.158	0.219	4.38706429539153e-14	ZDHHC6	c2
1.31683884538326e-18	-5.38633846983053	0	0.014	4.41641411964637e-14	FAM49A	c2
1.33961967630947e-18	-0.181652560441595	0.261	0.342	4.4928164704067e-14	GTF2F1	c2
1.36715856407798e-18	-0.209974794668982	0.365	0.454	4.58517639220474e-14	COPS6	c2
1.3687624766481e-18	-0.212575339297469	0.083	0.126	4.59055559418238e-14	ICAM1	c2
1.38457250076272e-18	-0.443702224333812	0.054	0.09	4.64357925305802e-14	PGPEP1	c2
1.38615089326019e-18	-0.114571967733025	0.917	0.94	4.64887286581602e-14	CCNI	c2
1.40157213203903e-18	-0.280448478226931	0.099	0.145	4.7005926164325e-14	HPS3	c2
1.42023089325973e-18	-0.220534153309602	0.329	0.411	4.76317036981448e-14	MYCBP2	c2
1.44660805162767e-18	-0.365986510235819	0.056	0.093	4.85163408354888e-14	GNB1L	c2
1.46797900639888e-18	-0.351501343625915	0.072	0.112	4.92330799166056e-14	ATP2C1	c2
1.47672029883846e-18	-0.342211231326569	0.048	0.083	4.95262453824443e-14	C12orf73	c2
1.48744782863345e-18	-0.183139866656222	0.182	0.247	4.98860252767086e-14	UBAP1	c2
1.4956506211045e-18	-0.335327294127531	0.079	0.121	5.01611305306028e-14	CPTP	c2
1.50156291915617e-18	-0.239015410695504	0.176	0.238	5.03594171826596e-14	BIRC2	c2
1.51827653468684e-18	-0.208382070948068	0.194	0.26	5.09199584203271e-14	PUM2	c2
1.52438944054754e-18	-0.234623963990819	0.195	0.261	5.11249730570834e-14	HDAC7	c2
1.54207807042578e-18	-0.167848869285197	0.393	0.484	5.17182143259397e-14	DDT	c2
1.55368335356701e-18	-0.449260706381167	0.044	0.077	5.21074323119305e-14	IDNK	c2
1.56482243444429e-18	-0.184169791125474	0.208	0.279	5.24810148063926e-14	ZDHHC12	c2
1.63828268491412e-18	-0.194677933720777	0.344	0.429	5.49447246866498e-14	KIF2A	c2
1.64106270556606e-18	-0.169724996532851	0.642	0.711	5.50379610192746e-14	XRCC6	c2
1.65505846032848e-18	-0.214341218023441	0.272	0.349	5.55073506424965e-14	APOL6	c2
1.66069820148289e-18	-0.167881555091997	0.318	0.402	5.56964962813332e-14	PHPT1	c2
1.66305186058342e-18	-0.409476970561262	0.046	0.08	5.57754333002467e-14	SLC43A1	c2
1.66679711012853e-18	-0.273850119710913	0.095	0.141	5.59010414794906e-14	HIF1AN	c2
1.68159125292235e-18	-0.290681095436586	0.085	0.129	5.63972074405096e-14	ANAPC7	c2
1.71332674249454e-18	-0.242221481905898	0.267	0.341	5.74615522897818e-14	TLK1	c2
1.72218825761973e-18	-0.169520358868082	0.196	0.264	5.77587497840506e-14	SRPK1	c2
1.74509111207511e-18	-0.243139853728607	0.074	0.116	5.85268657167751e-14	FGFR1OP	c2
1.75102531645167e-18	-0.278444163882847	0.073	0.114	5.87258870631559e-14	MRRF	c2
1.82363035300319e-18	-0.162711715970452	0.279	0.361	6.1160914779021e-14	C19orf24	c2
1.85644662515402e-18	-5.12677290904547	0.001	0.015	6.22615069144156e-14	IGHM	c2
1.87062612853813e-18	-0.1351470737481	0.217	0.292	6.27370590989117e-14	NAA20	c2
1.87111342269719e-18	-0.178098504493133	0.189	0.256	6.27534019704184e-14	CAND1	c2
1.97076110629565e-18	-0.358843022090273	0.039	0.071	6.60953859829434e-14	SASS6	c2
1.97882701811184e-18	-0.36079724733532	0.056	0.092	6.63659005334348e-14	HPS6	c2
1.98878078583284e-18	0.583935710595857	0.23	0.194	6.66997299952616e-14	AC007384.1	c2
2.01959025058423e-18	-0.19405904121979	0.121	0.172	6.7733017824094e-14	PPP1R35	c2
2.02544935862965e-18	-0.249325229176612	0.071	0.112	6.79295205897211e-14	LMNB2	c2
2.06423538362691e-18	-0.262527922842285	0.102	0.149	6.92303262960792e-14	DOCK11	c2
2.11073678600569e-18	-0.177487474495794	0.181	0.246	7.07898903290588e-14	PBDC1	c2
2.13574947593981e-18	-0.438244129052999	0.044	0.076	7.16287659240693e-14	MDM1	c2
2.19763049659513e-18	0.149103487171306	0.713	0.707	7.37041315948074e-14	PEBP1	c2
2.21058610406241e-18	-1.92655876608675	0.003	0.019	7.41386367580453e-14	AC245595.1	c2
2.23708250572522e-18	-0.563132897529738	0.088	0.13	7.50272730770123e-14	LTA	c2
2.28234396560649e-18	-0.347931915801527	0.055	0.091	7.65452519185106e-14	MINPP1	c2
2.28351593183371e-18	-0.448777625535481	0.044	0.077	7.65845573218389e-14	NOTCH1	c2
2.29187972448368e-18	-0.164770385706411	0.248	0.326	7.68650621997335e-14	SDF2	c2
2.30373497435807e-18	-1.59432849097032	0.005	0.022	7.7262663570021e-14	HIST1H2AH	c2
2.30958850300537e-18	-0.669517070282451	0.044	0.077	7.74589792137942e-14	CTSZ	c2
2.3784795232126e-18	1.04612782370203	0.046	0.026	7.97694462495041e-14	AC136475.3	c2
2.39631132401411e-18	-6.17908688777863	0	0.013	8.03674891847851e-14	IGKV3OR2-268	c2
2.43810369227971e-18	1.29535897880153	0.035	0.018	8.17691216316768e-14	CFAP54	c2
2.4630286868312e-18	-0.161796988500093	0.275	0.357	8.26050560989448e-14	SNW1	c2
2.4661101509395e-18	-0.186093325450996	0.253	0.33	8.2708402242209e-14	SF3A3	c2
2.47662827276345e-18	-0.341355754910452	0.04	0.072	8.30611590119407e-14	G6PC3	c2
2.47938812263982e-18	-0.175016631383664	0.193	0.261	8.31537188570942e-14	ERG28	c2
2.49237510234819e-18	-0.209333142971219	0.178	0.242	8.35892761825536e-14	RNF220	c2
2.51400149559759e-18	-0.180254610217468	0.283	0.366	8.43145821593519e-14	LYPLA2	c2
2.58555394293802e-18	-0.305919481941099	0.069	0.108	8.67143081382552e-14	SUGP2	c2
2.66029123271002e-18	-6.08492023040591	0	0.013	8.92208473626286e-14	PIMREG	c2
2.70318559466285e-18	-0.23336720734319	0.12	0.171	9.06594384738026e-14	TMEM60	c2
2.72255018769435e-18	-0.186003536006597	0.14	0.196	9.13088881948929e-14	ANKRD39	c2
2.75729254436265e-18	-0.239606304577995	0.127	0.18	9.24740773528345e-14	NUP107	c2
2.76076105479213e-18	-2.74886466381686	0.002	0.016	9.25904042556186e-14	DRAXIN	c2
2.86005588200478e-18	-0.438405344221801	0.046	0.079	9.59205541706764e-14	CSTF3	c2
2.86642479971766e-18	-0.342120418945424	0.09	0.133	9.61341549329309e-14	ATG16L1	c2
2.9335114471235e-18	-0.181465740294521	0.126	0.18	9.8384106913628e-14	HTRA2	c2
2.95315697639939e-18	-0.88848225424736	0.048	0.081	9.90429786744826e-14	FAAH2	c2
2.95892478285764e-18	-0.177191769270996	0.223	0.296	9.92364193674796e-14	CNOT8	c2
3.00798678340819e-18	-0.553924530279941	0.037	0.068	1.00881860741944e-13	PDK1	c2
3.02906166830164e-18	-0.330451590830924	0.057	0.093	1.015886702315e-13	GLYCTK	c2
3.0550303400044e-18	-0.282372441125169	0.068	0.107	1.02459607543068e-13	RAB21	c2
3.07127774540715e-18	-0.179448766302563	0.195	0.264	1.03004513025465e-13	CHCHD3	c2
3.15574263452293e-18	-0.188367511125808	0.345	0.432	1.0583729647663e-13	NRBP1	c2
3.2276317631197e-18	-0.21596633133638	0.149	0.207	1.08248314071508e-13	BZW2	c2
3.26286070025678e-18	-0.290136416049407	0.09	0.134	1.09429822165212e-13	ZNF195	c2
3.28693431974166e-18	-1.00219240563011	0.019	0.042	1.10237203215496e-13	MYO6	c2
3.30592715918661e-18	-0.225561658619192	0.124	0.176	1.10874185064801e-13	YTHDC2	c2
3.3225427708127e-18	-0.593306122766613	0.018	0.041	1.11431439447516e-13	CDK2AP1	c2
3.34297169496369e-18	-0.242074365089175	0.055	0.092	1.12116584705692e-13	SARS2	c2
3.36597050953291e-18	-0.185645530863339	0.23	0.302	1.12887918948715e-13	DDB1	c2
3.44583288348322e-18	-0.170475108187237	0.169	0.23	1.1556634324626e-13	COMMD2	c2
3.49452904938562e-18	-0.152597238294996	0.197	0.266	1.17199515258295e-13	SMIM15	c2
3.49679294132068e-18	-0.372570189360674	0.055	0.09	1.17275441666013e-13	MXD1	c2
3.57150537726083e-18	-0.16368453946352	0.281	0.362	1.19781147342574e-13	RNF126	c2
3.57751056322262e-18	-0.177220010989841	0.197	0.263	1.1998254926936e-13	FAM208A	c2
3.59041546399777e-18	-0.367900674182424	0.037	0.067	1.20415353831557e-13	ATAD3A	c2
3.65260085516841e-18	-0.317656649635265	0.07	0.11	1.22500927480638e-13	POLR2J3.1	c2
3.69731942348566e-18	-0.238665316552256	0.268	0.339	1.24000698824862e-13	PTPN4	c2
3.69881973906292e-18	-0.178604831625113	0.132	0.187	1.24051016408692e-13	DNASE2	c2
3.78792058880114e-18	-0.291509133056426	0.067	0.106	1.27039280707213e-13	SLC25A40	c2
3.79720559671678e-18	-0.260308714521859	0.084	0.126	1.27350681302687e-13	TCHP	c2
3.85228775739807e-18	-0.197450143399538	0.186	0.25	1.29198026807616e-13	GON4L	c2
3.86946924368706e-18	-0.234396143034629	0.125	0.177	1.29774259494777e-13	ARID1B	c2
3.88035914053038e-18	-0.328587668422921	0.053	0.089	1.30139484855108e-13	NDUFAF1	c2
3.89675785398874e-18	-0.187058324706469	0.133	0.188	1.30689464907074e-13	SLC4A1AP	c2
3.90495459699795e-18	-1.04648233590329	0.005	0.022	1.30964367274117e-13	GINS3	c2
3.93193669263217e-18	-5.30766578571938	0	0.014	1.31869292797498e-13	GNG4	c2
4.03438427781506e-18	-0.288962256517201	0.078	0.12	1.35305179909361e-13	ATF7	c2
4.04336398086255e-18	-0.223701766805407	0.253	0.325	1.35606341190168e-13	PIK3CD	c2
4.06872342553996e-18	-0.365981907190355	0.035	0.064	1.36456846245759e-13	RIDA	c2
4.09791932436642e-18	-0.211688671592558	0.139	0.194	1.37436018300601e-13	GOT2	c2
4.12222909090468e-18	-0.349086326627617	0.047	0.08	1.38251319250761e-13	PUS3	c2
4.12660710181225e-18	-1.09709189093564	0.01	0.03	1.38398148980579e-13	B4GALT5	c2
4.2241839492785e-18	-0.14545310580378	0.219	0.29	1.41670681290902e-13	MICU2	c2
4.26366587672484e-18	-0.316297127825625	0.071	0.111	1.42994826173598e-13	RNF31	c2
4.28214118356247e-18	0.929437889034022	0.059	0.036	1.43614451014318e-13	CITED4	c2
4.29429133876694e-18	-0.820120884068501	0.018	0.041	1.44021942919565e-13	PUS10	c2
4.3395345407204e-18	-0.331429211723266	0.067	0.106	1.45539309426681e-13	PPME1	c2
4.36276971616216e-18	-0.685914315241108	0.906	0.738	1.46318570740646e-13	CCL5	c2
4.40553118651216e-18	0.547202081195667	0.174	0.138	1.47752704933245e-13	TMEM273	c2
4.44679959162928e-18	-0.211430987836285	0.171	0.232	1.49136764704063e-13	KAT6B	c2
4.51169117854692e-18	-1.56996916248171	0.006	0.023	1.51313098746107e-13	NFIL3	c2
4.54069875497902e-18	-0.640182727133615	0.032	0.061	1.52285954844486e-13	ZNF184	c2
4.55622687928814e-18	-0.288086543684973	0.105	0.153	1.52806737077566e-13	LRMP	c2
4.61438735670408e-18	-0.523368635258371	0.034	0.063	1.54757323169142e-13	MIB1	c2
4.62225944446315e-18	-0.295170868074369	0.057	0.094	1.55021337248405e-13	UBE2W	c2
4.62676691457656e-18	-0.244727775803977	0.085	0.128	1.55172508781069e-13	DOK1	c2
4.65878178598773e-18	-0.191479063067026	0.118	0.17	1.56246223538456e-13	ARMCX6	c2
4.67226328977987e-18	-0.179233087313922	0.146	0.203	1.56698366212637e-13	NPRL2	c2
4.79041499781808e-18	-0.171588740371074	0.397	0.491	1.60660938196823e-13	POLR3GL	c2
4.87533106680769e-18	-0.21454259403965	0.136	0.191	1.63508853318596e-13	SPNS1	c2
4.91007883599733e-18	-0.173358067571852	0.376	0.465	1.64674224001678e-13	NHP2	c2
4.93822866720284e-18	-0.219082897684383	0.116	0.166	1.65618313040649e-13	IMPA1	c2
4.94739772621223e-18	-0.397669653437767	0.061	0.097	1.65925824941706e-13	DYRK1A	c2
5.00714002946948e-18	-0.163223042388488	0.307	0.393	1.67929462308348e-13	GOLPH3	c2
5.06627113474442e-18	-0.194252408874231	0.083	0.126	1.69912601317059e-13	WDR5	c2
5.14516869104008e-18	-0.303091875227495	0.105	0.151	1.72558667560102e-13	LMBR1	c2
5.18353422481205e-18	-0.435660731420281	0.103	0.148	1.73845370831747e-13	TXK	c2
5.23294434963351e-18	-0.155640852103617	0.614	0.687	1.75502487598009e-13	SRP9	c2
5.32797912271238e-18	-0.370977956088726	0.041	0.073	1.78689763817528e-13	ATAD3B	c2
5.34772015744042e-18	-0.135601946463666	0.11	0.161	1.79351838640237e-13	ERI3	c2
5.38049292844725e-18	-0.350805198097749	0.07	0.109	1.80450971834264e-13	RNF25	c2
5.40504523233512e-18	-0.276481127245868	0.055	0.09	1.81274407002055e-13	TP53	c2
5.4093466898238e-18	-0.238718997172361	0.072	0.112	1.81418669283311e-13	TTC7A	c2
5.44307860953343e-18	-0.398522026049998	0.039	0.069	1.82549970406532e-13	EIF3C	c2
5.45678313777987e-18	-0.309129051505394	0.063	0.1	1.83009592874861e-13	TXLNA	c2
5.56738951328189e-18	-0.297156949277781	0.069	0.107	1.86719109496448e-13	TBC1D15	c2
5.67279876177651e-18	-0.189773075319322	0.132	0.187	1.90254324872461e-13	FBXW2	c2
5.68542698797757e-18	-0.341826524025024	0.085	0.127	1.90677850322792e-13	LRCH3	c2
5.72589441888386e-18	-0.1777810706147	0.405	0.496	1.92035047020527e-13	SNRPB2	c2
5.86345031025944e-18	-0.183493908535291	0.358	0.443	1.96648396505481e-13	CCT2	c2
5.93546873937189e-18	-0.508217352978613	0.038	0.069	1.99063750581054e-13	IPO13	c2
5.94589680303859e-18	-0.339721952282019	0.059	0.096	1.99413486980308e-13	CHPF	c2
6.03039600460903e-18	-0.318381334293803	0.082	0.124	2.02247421202578e-13	LIG1	c2
6.04216604495503e-18	-0.575868145578478	0.03	0.058	2.02642164815702e-13	EEF2K	c2
6.11083243140579e-18	0.940799218453495	0.049	0.029	2.04945098084487e-13	PTPRM	c2
6.25138839452403e-18	-0.162808997292562	0.245	0.323	2.09659063975547e-13	INTS11	c2
6.32466127210176e-18	-0.214615107377309	0.129	0.182	2.12116489743749e-13	TRAPPC12	c2
6.42338766492559e-18	-0.139559008336232	0.174	0.238	2.15427575506275e-13	TPRKB	c2
6.45320628628457e-18	-0.172356215966636	0.153	0.212	2.16427632429412e-13	BABAM1	c2
6.5357652617335e-18	-0.24121423083218	0.168	0.226	2.19196495348018e-13	IGSF8	c2
6.77673294033914e-18	-0.136725263680349	0.169	0.232	2.27278069353094e-13	UBE2D1	c2
7.01569160366243e-18	-0.690689545109926	0.025	0.051	2.3529226500363e-13	INPPL1	c2
7.06315160878098e-18	-0.176253208662599	0.399	0.491	2.36883978655297e-13	NDUFV1	c2
7.10612728055182e-18	-0.141213454409995	0.402	0.493	2.38325296735147e-13	UQCRC2	c2
7.13403464152641e-18	-0.14370677931694	0.199	0.267	2.39261253807513e-13	ASXL1	c2
7.26859297531849e-18	-4.40064421057882	0.001	0.014	2.43774071206231e-13	KLF7	c2
7.32933033043578e-18	1.61157369251938	0.014	0.005	2.45811080622155e-13	SLC5A5	c2
7.46248535590115e-18	-0.624094424862249	0.033	0.062	2.50276833866213e-13	AL359220.1	c2
7.47623915652282e-18	-0.225163762189337	0.094	0.139	2.50738108831462e-13	SLC25A22	c2
7.57948210589485e-18	-0.175989966525058	0.223	0.295	2.54200670867501e-13	E2F4	c2
7.72426897133316e-18	-0.17115815656522	0.14	0.196	2.59056532760572e-13	GFER	c2
7.97652946081683e-18	-0.182460205408461	0.156	0.214	2.67516845056875e-13	THUMPD3-AS1	c2
8.00495517087362e-18	-0.159076444586564	0.308	0.394	2.68470186520759e-13	OS9	c2
8.00554276431991e-18	-0.430832804120877	0.027	0.054	2.68489893229761e-13	CORO1C	c2
8.01874211503411e-18	-0.178037443568746	0.143	0.2	2.68932573054014e-13	BCAP29	c2
8.20798866720907e-18	-0.302154187340682	0.047	0.081	2.75279523920858e-13	PUSL1	c2
8.43328822170652e-18	0.632236758563185	0.121	0.089	2.82835620379593e-13	LINC02256	c2
8.46316459426191e-18	-0.181877229081901	0.434	0.524	2.83837614162356e-13	SDHD	c2
8.55978068531157e-18	-0.243516111572332	0.08	0.121	2.87077924623979e-13	RAD1	c2
8.57636924202633e-18	-0.18859653037336	0.425	0.515	2.87634271639079e-13	MAGOH	c2
8.6042046617932e-18	-0.21600517758389	0.35	0.431	2.8856781594722e-13	STK10	c2
8.69072222544868e-18	-0.148434322479417	0.2	0.269	2.91469441997098e-13	LCMT1	c2
9.05625682237824e-18	-0.299018604139077	0.08	0.121	3.03728741308921e-13	TRAPPC2	c2
9.15895874882714e-18	-0.169351608469809	0.267	0.347	3.07173158518165e-13	FIP1L1	c2
9.21658722625783e-18	-0.215592028256633	0.396	0.478	3.09105902394235e-13	AKNA	c2
9.31823148885334e-18	-0.395879787675654	0.052	0.086	3.12514847673163e-13	ANKIB1	c2
9.41585488485946e-18	-0.797373046481555	0.019	0.043	3.15788941128417e-13	UAP1L1	c2
9.55001170578702e-18	-0.182790129867793	0.116	0.167	3.20288292588685e-13	TYW3	c2
9.76242962250534e-18	-0.496828239564571	0.024	0.05	3.27412364679584e-13	ARHGAP19	c2
9.79539966687253e-18	-2.03996641867588	0.001	0.015	3.28518114027571e-13	TEDC2	c2
9.84550495089583e-18	-0.316290223642882	0.162	0.217	3.30198545043144e-13	SNX9	c2
9.98391493095116e-18	-0.670999650940222	0.028	0.055	3.3484053895424e-13	FNDC3B	c2
9.98924068900267e-18	-0.442823961564666	0.041	0.072	3.35019154227772e-13	SLC4A2	c2
1.04285015712471e-17	-0.200420000879146	0.168	0.228	3.49751085696486e-13	DNAJC2	c2
1.07420659003477e-17	-0.361247782323211	0.051	0.085	3.6026740616586e-13	HGH1	c2
1.08552184822448e-17	0.371385765837255	0.379	0.356	3.64062317457526e-13	TRADD	c2
1.08802170472915e-17	1.26605082987972	0.026	0.013	3.64900719332061e-13	LINC01970	c2
1.09012176379024e-17	-0.174562018369424	0.512	0.597	3.65605037139971e-13	LMAN2	c2
1.10217315278227e-17	1.35040897213132	0.024	0.011	3.69646831980117e-13	BAMBI	c2
1.11319464127695e-17	-0.168150100033613	0.344	0.428	3.73343218791462e-13	NAA38	c2
1.14738332158427e-17	-0.169451920009994	0.29	0.372	3.84809418392932e-13	CDC26	c2
1.1568484407344e-17	-0.159962324469415	0.263	0.342	3.87983830053504e-13	POLR2C	c2
1.16709674636103e-17	-2.47051210804233	0.003	0.018	3.91420906794562e-13	CDHR3	c2
1.1687978272386e-17	-0.229835854052256	0.327	0.403	3.9199141529928e-13	HNRNPLL	c2
1.18511144130607e-17	-0.155875640041501	0.217	0.288	3.97462675185229e-13	COPS8	c2
1.20554060347823e-17	-0.167020585895119	0.252	0.329	4.04314207594528e-13	VBP1	c2
1.24207018210605e-17	-0.211672961263919	0.13	0.182	4.16565497674728e-13	CCDC82	c2
1.25502651644022e-17	-0.151743399434647	0.662	0.735	4.20910793083721e-13	FKBP8	c2
1.25514291483477e-17	-0.640533062979216	0.017	0.04	4.20949830777284e-13	POLA1	c2
1.25619914265479e-17	-0.481786113097868	0.035	0.064	4.21304068463563e-13	MED9	c2
1.2735816803226e-17	-0.173237143749772	0.198	0.264	4.27133823946593e-13	PIGC	c2
1.28073328925585e-17	-4.22162893270021	0.001	0.014	4.29532330550627e-13	KIR2DL3	c2
1.29182714686957e-17	-0.150250827030826	0.136	0.191	4.33252988517115e-13	RANBP3	c2
1.30494140037244e-17	-0.341464612616199	0.062	0.099	4.37651246856909e-13	MED7	c2
1.35946540964907e-17	-0.181764942541742	0.329	0.416	4.55937509088107e-13	MRPL34	c2
1.37439295097085e-17	-0.231436299851683	0.109	0.157	4.60943907896603e-13	MCPH1	c2
1.39040787276317e-17	0.409274607283858	0.307	0.276	4.66314992367311e-13	TESPA1	c2
1.39794650166869e-17	-0.210000835983031	0.113	0.162	4.68843297729646e-13	RAVER1	c2
1.41548029558272e-17	-0.568459326315434	0.028	0.055	4.74723781532531e-13	ZNF12	c2
1.47686676916172e-17	-0.379015721233424	0.062	0.098	4.95311577041459e-13	TSPAN3	c2
1.49973924643055e-17	-0.226261942456447	0.145	0.2	5.02982548467879e-13	ZNF267	c2
1.50964398185797e-17	-0.173335889968108	0.174	0.235	5.06304398635527e-13	PDS5A	c2
1.54438080542123e-17	-0.186175065683235	0.364	0.45	5.17954434522171e-13	FAM177A1	c2
1.56272051440867e-17	-0.16558516289471	0.198	0.265	5.24105206122379e-13	ACADM	c2
1.5885397493844e-17	-0.212106390090879	0.19	0.252	5.3276446114854e-13	STIM1	c2
1.6123231487675e-17	-0.365649996940927	0.044	0.076	5.40740937633645e-13	SPATA33	c2
1.61981948673491e-17	-0.293262808935672	0.071	0.11	5.43255059461153e-13	GPATCH2	c2
1.65358571732403e-17	-0.165077581400353	0.232	0.305	5.54579577876132e-13	EGLN2	c2
1.67356722892909e-17	0.851742481155294	0.057	0.035	5.61280977238239e-13	TRAV23DV6	c2
1.72876510502229e-17	-1.2761277005519	0.007	0.025	5.79793240922375e-13	SFXN5	c2
1.73075534027947e-17	-0.27356396924091	0.084	0.125	5.8046072602293e-13	LSG1	c2
1.74633352544671e-17	-0.178205555526248	0.443	0.527	5.85685337764319e-13	EIF4H	c2
1.7754761870123e-17	-0.256600356869233	0.08	0.121	5.95459203600184e-13	RAPGEF1	c2
1.77903491194108e-17	-0.191783072242478	0.164	0.223	5.966527287668e-13	FAM129A	c2
1.79622126874913e-17	-0.16609125581549	0.381	0.473	6.02416689113083e-13	SMIM26	c2
1.86789107819621e-17	-0.312815643315554	0.131	0.18	6.26453309805445e-13	ABCB1	c2
1.87523163869195e-17	-0.429252047438436	0.065	0.102	6.28915186984505e-13	THADA	c2
1.94920354463232e-17	-0.439567443599323	0.051	0.084	6.53723884798786e-13	UBE3B	c2
1.95459462541893e-17	-0.301238442413991	0.065	0.103	6.55531945473e-13	ZNF37A	c2
1.97948914077099e-17	-0.362228309974688	0.075	0.114	6.63881068031776e-13	CTNNA1	c2
1.98088909528954e-17	-0.347810497434432	0.057	0.092	6.64350584778206e-13	TMEM135	c2
2.0174364400364e-17	-0.557999565462687	0.032	0.06	6.76607833259407e-13	APOLD1	c2
2.02507374168854e-17	-0.191778812977488	0.148	0.204	6.79169231487503e-13	DDX23	c2
2.02795536958872e-17	-0.400731489904168	0.042	0.073	6.80135671852663e-13	AP5S1	c2
2.05943573179866e-17	-0.168465548871435	0.274	0.354	6.90693555730635e-13	RNF4	c2
2.06299979024107e-17	-0.159770351733618	0.134	0.187	6.9188886965105e-13	CDK9	c2
2.12915787638672e-17	-0.141874282689423	0.182	0.246	7.14076968582578e-13	METTL17	c2
2.13501777727091e-17	-0.387560433509592	0.052	0.085	7.16042262141118e-13	RASA1	c2
2.17574766507673e-17	-0.159827181667546	0.205	0.273	7.29702251913433e-13	CSNK2A1	c2
2.20036147740021e-17	-0.150044220649969	0.116	0.166	7.37957232290482e-13	CAAP1	c2
2.20822894036662e-17	-0.222230890804486	0.108	0.155	7.40595822020158e-13	MTMR6	c2
2.22823353026287e-17	-0.164017887960151	0.255	0.332	7.47304961379561e-13	NCOA4	c2
2.25239076074987e-17	-0.199806530443418	0.172	0.232	7.55406813340291e-13	NPTN	c2
2.25271216559421e-17	-0.472392443175418	0.023	0.048	7.55514606096987e-13	CHAC2	c2
2.26789922607958e-17	-1.84248685002801	0.004	0.019	7.60608042442568e-13	FADS1	c2
2.31436124357858e-17	-0.196826500240562	0.133	0.186	7.76190473871384e-13	CASC3	c2
2.3501613579457e-17	-0.17031806095358	0.296	0.377	7.88197116227829e-13	TMOD3	c2
2.36249437654424e-17	-0.127056499767908	0.197	0.264	7.92333364005408e-13	CHTOP	c2
2.3722075763039e-17	-0.290209762908762	0.082	0.123	7.955909769408e-13	MANBA	c2
2.38398191529644e-17	-0.2087056724119	0.148	0.204	7.9953985475212e-13	ARHGAP1	c2
2.39602401295695e-17	0.633059368769556	0.183	0.15	8.03578533465502e-13	CSKMT	c2
2.41443443211505e-17	-0.299010625592999	0.114	0.161	8.09753019842747e-13	DLGAP1-AS1	c2
2.41938432961886e-17	-0.235014573044356	0.134	0.185	8.11413116467574e-13	RRN3	c2
2.45711615602499e-17	-0.181530840288415	0.367	0.456	8.24067616407663e-13	TMEM9B	c2
2.46147028351359e-17	-0.187412251432576	0.279	0.356	8.25527903684788e-13	ACAA2	c2
2.46155632403812e-17	-0.942676781382189	0.014	0.035	8.25556759955903e-13	PTPN12	c2
2.54719164064862e-17	-0.267044325143642	0.073	0.113	8.54277132440735e-13	SLC39A4	c2
2.55609513654716e-17	1.39510337057716	0.022	0.01	8.57263186895185e-13	P3H3	c2
2.56837725992239e-17	-0.233579746859312	0.126	0.176	8.61382365432771e-13	POR	c2
2.5808569586313e-17	-0.30892638918159	0.057	0.092	8.65567806785764e-13	LRWD1	c2
2.68609927855569e-17	0.648709921012728	0.127	0.095	9.00863976042009e-13	AC093010.2	c2
2.69086175704733e-17	0.633299989716468	0.143	0.11	9.02461216078535e-13	CD83	c2
2.77890180467907e-17	-0.350115256375958	0.061	0.097	9.31988087253265e-13	RAB4B	c2
2.83706000248871e-17	-0.266498921682522	0.144	0.198	9.51493183634664e-13	CD81	c2
3.02991818975969e-17	-1.08975052830953	0.013	0.034	1.01617396248161e-12	SPECC1	c2
3.04061612937886e-17	-0.387959978828587	0.046	0.078	1.01976183747108e-12	C2CD3	c2
3.05250806941738e-17	-0.168529442040601	0.174	0.235	1.0237501563212e-12	CCDC174	c2
3.2369397848945e-17	-0.328203280224879	0.061	0.097	1.08560486505792e-12	NRROS	c2
3.39298643765282e-17	-0.788365138030843	0.02	0.043	1.13793979146e-12	RAP2A	c2
3.59575156223162e-17	0.670853393682038	0.122	0.091	1.20594315894124e-12	DSE	c2
3.60566766394041e-17	-0.597896750241616	0.028	0.055	1.20926882113233e-12	CCDC152	c2
3.61314151479727e-17	-0.361001651274266	0.095	0.138	1.21177540123271e-12	SKAP2	c2
3.66848805801673e-17	-0.188644618118447	0.158	0.216	1.23033752489765e-12	USP33	c2
3.77159748570505e-17	-0.183563639031915	0.326	0.409	1.26491836475576e-12	CHIC2	c2
3.78152272573505e-17	-0.554001687658771	0.025	0.05	1.26824709175702e-12	TNRC18	c2
3.79179300024803e-17	0.58531584575862	0.204	0.171	1.27169153642319e-12	MPZL3	c2
3.83269355337208e-17	0.835711811963162	0.067	0.043	1.28540876392993e-12	FN3K	c2
3.85259224014638e-17	-0.33791529497937	0.057	0.091	1.29208238550029e-12	PPP1R14B	c2
3.89947195397186e-17	-0.247498697634752	0.073	0.112	1.30780490392308e-12	SCAMP4	c2
3.97821190470315e-17	-0.23050813432565	0.156	0.211	1.33421270859934e-12	RAB9A	c2
3.98641988059054e-17	-0.243087102758826	0.077	0.117	1.33696549955246e-12	SCO1	c2
4.0133535145205e-17	-0.903169274653371	0.011	0.03	1.34599850169989e-12	ANKDD1A	c2
4.02532544629122e-17	-0.305999508347172	0.076	0.115	1.35001364817715e-12	HMGCS1	c2
4.04247292570123e-17	-0.138946607341283	0.169	0.229	1.35576456982168e-12	MRPS31	c2
4.10065725228823e-17	-0.254336385989892	0.054	0.089	1.37527842927243e-12	MGME1	c2
4.16316038082806e-17	-0.266345265125492	0.087	0.129	1.39624072852212e-12	POLM	c2
4.28229159253057e-17	-0.219478170135168	0.27	0.342	1.4361949543029e-12	OGT	c2
4.29804096524107e-17	-0.326183441675065	0.059	0.095	1.44147697892255e-12	CRACR2A	c2
4.36861119098004e-17	-0.255347557291899	0.069	0.107	1.46514482123089e-12	DYRK4	c2
4.46276516271838e-17	-0.386957396917422	0.086	0.126	1.49672218027249e-12	ZMAT3	c2
4.48431714175829e-17	-0.229794841183969	0.102	0.148	1.50395028300289e-12	TMEM115	c2
4.49875332387544e-17	-0.612656286481922	0.028	0.054	1.50879188976134e-12	ZSWIM8	c2
4.50196089851003e-17	-0.264924031590103	0.063	0.1	1.5098676461423e-12	PSME4	c2
4.65106902226793e-17	-0.164218033076728	0.215	0.283	1.55987552868822e-12	CDC40	c2
4.67088226398259e-17	-0.523677151823568	0.027	0.053	1.56652049369448e-12	CEP97	c2
4.68136410171417e-17	-0.1665842389142	0.353	0.441	1.5700358924329e-12	ADH5	c2
4.71615776206334e-17	-0.183909308251558	0.425	0.513	1.5817049902408e-12	NUCB1	c2
4.75634823580645e-17	-0.141646442130662	0.277	0.355	1.59518407132477e-12	NDUFC2	c2
4.80826178680023e-17	-0.156585928936443	0.507	0.593	1.61259483805706e-12	SRI	c2
4.8132917203898e-17	-0.157325271795496	0.135	0.188	1.61428177718433e-12	MAPKAP1	c2
4.92921995659413e-17	-0.175248674944781	0.248	0.322	1.65316178904254e-12	U2AF2	c2
4.93811396997948e-17	-0.287307318063494	0.123	0.172	1.65614466325172e-12	SPNS3	c2
5.1207479833562e-17	-0.598693072143697	0.025	0.05	1.717396458658e-12	IFT80	c2
5.15390505129853e-17	-0.202772734821918	0.121	0.171	1.7285166761045e-12	RC3H2	c2
5.156330699159e-17	-0.178861224020547	0.228	0.296	1.72933018988394e-12	THOC2	c2
5.17196914950374e-17	-0.382251078126459	0.05	0.083	1.73457501336057e-12	PAXBP1	c2
5.2187337772445e-17	-0.318886257256653	0.052	0.085	1.75025893421226e-12	TTI2	c2
5.27526822285904e-17	-0.46954359324346	0.038	0.068	1.76921945658246e-12	KLHL42	c2
5.32978471190855e-17	-0.130145185399914	0.127	0.179	1.78750319667989e-12	RBMX2	c2
5.34782036979717e-17	-0.223085316422523	0.081	0.122	1.79355199562257e-12	NUDT3	c2
5.36993973418189e-17	-0.173258721551685	0.202	0.268	1.80097038804992e-12	USP10	c2
5.38167860972657e-17	-0.18661276706546	0.093	0.137	1.8049073721301e-12	CDK16	c2
5.39413039979178e-17	-0.230829559511214	0.09	0.133	1.80908345348217e-12	EDC4	c2
5.40398533546008e-17	-0.144889327840357	0.263	0.341	1.8123886018066e-12	SCAMP3	c2
5.63147544542512e-17	-0.21119342504148	0.106	0.153	1.88868423488668e-12	GRWD1	c2
5.64661078010862e-17	-0.279556003579891	0.086	0.128	1.89376032343283e-12	FCHSD1	c2
5.65685478529984e-17	-0.138742744774262	0.113	0.162	1.89719595789386e-12	UBA5	c2
5.80129645681292e-17	-0.130836391707555	0.244	0.319	1.94563880568592e-12	MED28	c2
5.86734224663866e-17	-0.184893626542188	0.135	0.187	1.96778924267767e-12	SDHAF2	c2
5.95708644180475e-17	-0.392371413741126	0.047	0.079	1.99788765085248e-12	SEC24A	c2
6.00072481230161e-17	-0.145127599494358	0.667	0.743	2.01252308754971e-12	ATP6V0C	c2
6.01574951994168e-17	0.270181254072974	0.363	0.331	2.01756207399804e-12	TUBA1C	c2
6.05953228864243e-17	-0.29102316266687	0.047	0.079	2.0322459389649e-12	HSPA14.1	c2
6.14869483312558e-17	-1.02433734686125	0.011	0.031	2.06214927313366e-12	AL592295.4	c2
6.20339216537853e-17	-0.232719722787329	0.081	0.121	2.08049366442465e-12	KBTBD2	c2
6.30998121048537e-17	-0.190094436771578	0.105	0.152	2.11624149837258e-12	TOPBP1	c2
6.32430014294986e-17	-1.86216886732924	0.001	0.014	2.12104378194252e-12	CDC25C	c2
6.40133506202941e-17	-0.24653749329632	0.078	0.118	2.14687975310342e-12	LANCL1	c2
6.41945239091622e-17	-0.2584272912587	0.081	0.122	2.15295594286548e-12	PNO1	c2
6.47090031496012e-17	-0.179717700566779	0.247	0.317	2.17021054763133e-12	SSRP1	c2
6.57622436339666e-17	-0.738307625236908	0.012	0.032	2.20553412699597e-12	ARID3A	c2
6.67681593662972e-17	-0.155504533921523	0.213	0.281	2.23927052882688e-12	CCDC90B	c2
6.72730174727821e-17	-0.210422633512165	0.146	0.199	2.25620246000217e-12	ARL14EP	c2
6.76950058226105e-17	-0.269158192131485	0.085	0.125	2.27035510527871e-12	MKRN2	c2
6.78273440212852e-17	-0.163220923173687	0.343	0.429	2.27479346378586e-12	RAB8A	c2
6.81490394701205e-17	-0.237529487818082	0.103	0.148	2.2855824857489e-12	POM121	c2
6.81739410498548e-17	-0.12648115783178	0.098	0.143	2.28641763493003e-12	FH	c2
6.96296360151953e-17	-0.321181940332937	0.052	0.085	2.33523873267762e-12	TMED8	c2
7.06842953232439e-17	-0.816182992555788	0.022	0.046	2.37060989655095e-12	METRNL	c2
7.28541395721712e-17	-0.157181097120452	0.137	0.19	2.44338213297148e-12	TIFA	c2
7.35068997027593e-17	-0.167569539293774	0.205	0.271	2.46527440223114e-12	BRWD1	c2
7.36111787806723e-17	-0.25908748713664	0.066	0.102	2.46877171394619e-12	METTL4	c2
7.94393428213452e-17	-0.718141378644507	0.021	0.045	2.66423667954228e-12	STK11IP	c2
7.99865712741839e-17	-0.190289107090133	0.12	0.17	2.68258962739358e-12	RBM10	c2
8.25723189322751e-17	-0.183031160905434	0.145	0.199	2.76931043235064e-12	TM7SF3	c2
8.26359253760978e-17	-0.174994961492382	0.209	0.275	2.77144366526357e-12	MZT1	c2
8.29407919027097e-17	-0.152494877814747	0.194	0.258	2.78166827883308e-12	ZPR1	c2
8.35024888228122e-17	-4.99664232412287	0	0.012	2.80050647013948e-12	TM6SF1	c2
8.53638556821737e-17	-0.233069550927647	0.081	0.121	2.86293299186874e-12	NOC4L	c2
8.57051020429398e-17	-0.166777860396357	0.12	0.17	2.87437771231611e-12	HAUS4	c2
8.65274357413509e-17	-0.696136470657651	0.017	0.039	2.90195713989343e-12	FAM214B	c2
8.66262643320935e-17	-0.188724122322364	0.112	0.159	2.90527165316975e-12	MDM2	c2
8.84509674271894e-17	-1.48102652025829	0.004	0.019	2.96646854557308e-12	ARHGEF39	c2
8.85696691032239e-17	-0.243367058717166	0.184	0.242	2.97044956238392e-12	STK38	c2
9.07593661876336e-17	-0.249315763101649	0.092	0.135	3.04388762320086e-12	ACSS1	c2
9.16731265056845e-17	-1.2337391828588	0.004	0.019	3.07453331674765e-12	DNA2	c2
9.26777986355385e-17	-0.256043512990372	0.05	0.083	3.10822801063869e-12	C12orf4	c2
9.28182057183191e-17	-0.273491332679453	0.065	0.101	3.11293698338099e-12	C8orf33	c2
9.39177407511889e-17	-0.391609567946863	0.049	0.082	3.14981318931337e-12	AP3S2	c2
9.40703391048867e-17	-0.19815661698146	0.072	0.111	3.15493103289969e-12	ITGB3BP	c2
9.47598275347289e-17	-0.177672591890705	0.131	0.182	3.17805509585974e-12	GAPVD1	c2
9.59355600091556e-17	-1.30405476961565	0.004	0.019	3.21748681158706e-12	SCD	c2
9.60023972134734e-17	-0.146215207179052	0.38	0.474	3.21972839774547e-12	TCF25	c2
9.60431158167636e-17	-0.336638231821992	0.057	0.092	3.22109401826262e-12	TOR1AIP2	c2
9.92425341782474e-17	-2.61180525237175	0.002	0.015	3.32839611127006e-12	AC017002.1	c2
1.00889285646971e-16	-0.161567142285987	0.327	0.411	3.38362486202811e-12	FAM50A	c2
1.01088853426967e-16	-0.206380515335386	0.199	0.261	3.39031796623362e-12	HBP1	c2
1.02624942043594e-16	-0.139771204588855	0.405	0.501	3.44183530625804e-12	WTAP	c2
1.03776991843697e-16	-0.172717560906698	0.112	0.16	3.48047275245392e-12	TSFM	c2
1.05600973527938e-16	-0.275863196012347	0.066	0.103	3.54164545017999e-12	TMA16	c2
1.06575772927878e-16	-0.170655350072346	0.11	0.158	3.57433827245516e-12	MCUR1	c2
1.07846290390336e-16	-0.200188273905902	0.158	0.215	3.61694888711108e-12	SNAPC5	c2
1.10386459986099e-16	-0.40789001246647	0.047	0.079	3.7021410950138e-12	DNAJC11	c2
1.11527177768709e-16	-0.246630177785341	0.09	0.132	3.74039848800696e-12	SBF1	c2
1.12038640371803e-16	-0.198192913436831	0.117	0.165	3.75755192078951e-12	PPIL2	c2
1.13949757709127e-16	-0.307544164285703	0.051	0.083	3.82164697404869e-12	UBAP2	c2
1.1485584822112e-16	-0.511926172197334	0.026	0.051	3.85203543763992e-12	SLX1B	c2
1.16847539708659e-16	-0.172391774244219	0.185	0.247	3.918832786749e-12	NPEPPS	c2
1.16874902420019e-16	0.355706559985429	0.596	0.582	3.91975047736261e-12	DDIT4	c2
1.19191778083603e-16	-0.266482974677364	0.08	0.12	3.99745385336787e-12	FAM168B	c2
1.20275623840175e-16	-0.218466764136855	0.094	0.138	4.03380387235178e-12	CSNK1G3	c2
1.20961403936895e-16	-0.363357551319498	0.037	0.066	4.05680356523557e-12	ECI1	c2
1.21739781299309e-16	-1.59235657297752	0.019	0.041	4.08290878521624e-12	FGL2	c2
1.22125446615692e-16	-0.169261782670914	0.104	0.15	4.09584322859709e-12	VRK2	c2
1.2315409013435e-16	-0.262821371371341	0.078	0.117	4.13034187492583e-12	CLCN3	c2
1.2587802047692e-16	-0.163454187508888	0.36	0.44	4.22169705075495e-12	PDE4B	c2
1.26020874015252e-16	-0.122752790950508	0.172	0.233	4.22648807272352e-12	ATG101	c2
1.26226362537249e-16	-0.227646082975616	0.094	0.137	4.23337974677426e-12	ZC3H14	c2
1.27225615978867e-16	-0.283494558963263	0.08	0.119	4.26689270869925e-12	DTNB	c2
1.28189951003908e-16	-1.73065556149169	0.004	0.02	4.29923457676907e-12	TMPRSS3	c2
1.28710934025063e-16	-0.80437945914734	0.014	0.034	4.31670730533256e-12	DCLRE1A	c2
1.28856400288472e-16	-0.324867371901985	0.051	0.084	4.32158595287478e-12	RINT1	c2
1.29243478418306e-16	-0.263541501430996	0.095	0.138	4.33456777919314e-12	OPA1	c2
1.30733204597329e-16	-0.173579416720204	0.241	0.311	4.38453021578523e-12	HELZ	c2
1.3150829545766e-16	-0.470851296322821	0.044	0.075	4.41052521305901e-12	RENBP	c2
1.332429016068e-16	-0.185731629377669	0.182	0.243	4.46870043408886e-12	TRIM38	c2
1.33457341607171e-16	-0.463512308420915	0.045	0.076	4.4758923228213e-12	DIP2B	c2
1.33799010471535e-16	-0.447032661707718	0.048	0.079	4.48735121319434e-12	SYNJ1	c2
1.34095249298243e-16	-0.540756602081912	0.022	0.046	4.49728647096448e-12	DVL3	c2
1.34922690896559e-16	-0.202445520304644	0.079	0.119	4.5250372072888e-12	EXOC3	c2
1.36463804065803e-16	-0.17435819988335	0.364	0.448	4.57672306075891e-12	ILF3	c2
1.39196001980578e-16	-0.174676279876976	0.262	0.336	4.66835551442463e-12	WAPL	c2
1.41816243817031e-16	-0.17141327730162	0.26	0.335	4.75623318513558e-12	SNRPA1	c2
1.44592499814948e-16	-1.06803650612887	0.012	0.031	4.84934325879374e-12	ZNF778	c2
1.46000988917445e-16	-0.160116218087985	0.467	0.558	4.89658116631328e-12	HMOX2	c2
1.49993332736292e-16	-0.534937974051643	0.026	0.05	5.03047639330975e-12	RWDD2B	c2
1.5388803104363e-16	-0.154399196852317	0.646	0.705	5.16109678514125e-12	LRRFIP1	c2
1.54585016859352e-16	-0.173464236172873	0.478	0.571	5.18447229542894e-12	AUP1	c2
1.5807551674894e-16	-0.190237402863925	0.167	0.223	5.30153668072596e-12	ZNF430	c2
1.59702976046404e-16	-1.19611567918745	0.009	0.027	5.35611841064431e-12	EEPD1	c2
1.60528160650631e-16	-0.211405818475949	0.137	0.188	5.38379345190086e-12	MKL1	c2
1.61618830352776e-16	-0.275715494050226	0.066	0.103	5.42037233237139e-12	MRS2	c2
1.6299722139951e-16	-1.5105121372611	0.008	0.026	5.46660081129675e-12	HIST1H2BF	c2
1.69271258065775e-16	-0.16130416525992	0.149	0.204	5.67701945300995e-12	MED6	c2
1.69426065283732e-16	-0.18927791080843	0.111	0.158	5.6822113774858e-12	ABHD18	c2
1.69904609332364e-16	-0.347183184610878	0.057	0.09	5.69826078778883e-12	TMEM206	c2
1.71340900144968e-16	-0.413755795772473	0.049	0.081	5.74643110906194e-12	INPP5B	c2
1.71377649634874e-16	-0.333307196149815	0.058	0.092	5.74766361345441e-12	TRIM37	c2
1.73009585948681e-16	-0.306437970279417	0.047	0.079	5.80239549354686e-12	ALKBH4	c2
1.75735203666141e-16	-0.148893004100036	0.116	0.165	5.89380726055503e-12	PHF23	c2
1.7808294788578e-16	-0.340961513441452	0.056	0.09	5.97254590619329e-12	HECTD3	c2
1.78505325179937e-16	0.292327894442384	0.512	0.51	5.98671159588473e-12	HAX1	c2
1.85014629810964e-16	-4.32421118913747	0	0.012	6.20502065460013e-12	IFITM10	c2
1.89489536534803e-16	-0.176525189649535	0.412	0.504	6.35510007630422e-12	EIF1B	c2
1.89768395564367e-16	-0.304557034091531	0.072	0.11	6.36445245043772e-12	KHDC4	c2
1.90646700073494e-16	-0.173238236724929	0.086	0.127	6.39390902706486e-12	ALG8	c2
1.92194657823115e-16	-0.135275600907283	0.261	0.338	6.44582443407164e-12	SRP72	c2
1.93268213376731e-16	-6.22451768016627	0	0.012	6.4818293402288e-12	PRRG4	c2
1.93743347546375e-16	-0.198841670054812	0.118	0.166	6.49776439001031e-12	C1orf35	c2
1.97633998228294e-16	-0.287885141500335	0.09	0.131	6.62824903258051e-12	TNRC6A	c2
1.99943944195884e-16	-0.145977831552248	0.152	0.208	6.70572000044156e-12	MRPS25	c2
2.02522278681117e-16	-1.45395919891226	0.007	0.023	6.7921921824073e-12	DMWD	c2
2.04458768662272e-16	-0.22506695596222	0.416	0.494	6.85713818339528e-12	HERPUD1	c2
2.05429133868321e-16	-0.147394007895507	0.276	0.354	6.88968229167575e-12	BNIP2	c2
2.05583887878137e-16	-0.36158407575563	0.045	0.075	6.89487243165697e-12	BPGM	c2
2.08178843513945e-16	-0.312951676675081	0.057	0.091	6.98190205377069e-12	C5orf22	c2
2.1003899691375e-16	-0.157036698477036	0.202	0.268	7.04428787849335e-12	MRPS35	c2
2.14198267010631e-16	-0.115401006730553	0.947	0.958	7.18378147900253e-12	HNRNPA2B1	c2
2.16428595820472e-16	-0.151912724864363	0.205	0.272	7.258582246627e-12	FPGS	c2
2.17048459154352e-16	-0.252369239464368	0.318	0.387	7.27937122311865e-12	ABLIM1	c2
2.18756695714418e-16	-1.24641786980191	0.002	0.016	7.33666206087015e-12	GINS1	c2
2.21201315931624e-16	-0.421196772996979	0.017	0.039	7.41864973371479e-12	CENPJ	c2
2.21487496265167e-16	-0.404073653580156	0.054	0.087	7.42824764974118e-12	DNAJC14	c2
2.21573327056924e-16	-0.419031836544661	0.055	0.088	7.43112624283512e-12	PCED1A	c2
2.2162504824617e-16	-0.178401963318071	0.13	0.181	7.43286086808006e-12	FLAD1	c2
2.21690591668638e-16	-0.470946785662994	0.04	0.069	7.43505906338279e-12	NAA40	c2
2.22067290200491e-16	-0.188616073906134	0.093	0.135	7.44769277874407e-12	NEK1	c2
2.23392393439874e-16	-0.160387746341016	0.237	0.308	7.49213409118648e-12	BUD23	c2
2.23858701402053e-16	-0.952573465285311	0.011	0.03	7.50777312762204e-12	HIST1H2BN	c2
2.2537376034212e-16	-0.348758406383055	0.137	0.187	7.55858517435403e-12	MX1	c2
2.2568847352621e-16	-0.391348852018637	0.052	0.085	7.56914002512204e-12	ATG9A	c2
2.27855967388169e-16	-0.152467970237632	0.085	0.127	7.64183343426441e-12	TEX30	c2
2.30185511753832e-16	-0.189891046718438	0.118	0.166	7.71996169320003e-12	PPIP5K2	c2
2.36097830293077e-16	-0.18604547541684	0.156	0.21	7.91824903236921e-12	KAT7	c2
2.38004998512206e-16	-0.122217782559347	0.233	0.307	7.98221164010238e-12	NELFE	c2
2.38605033023278e-16	-0.402911941746575	0.044	0.074	8.00233559753469e-12	RFWD3	c2
2.43109730981111e-16	-0.255738582670137	0.056	0.09	8.1534141576445e-12	NDUFAF6	c2
2.43550564192727e-16	-0.775779457538788	0.024	0.048	8.16819882189568e-12	SARDH	c2
2.43682546158422e-16	-0.26002216233416	0.073	0.111	8.17262523306116e-12	PDK2	c2
2.43987844650957e-16	-0.383380418599347	0.05	0.082	8.18286433390381e-12	ENOX2	c2
2.44171695592574e-16	-0.462171416353522	0.037	0.065	8.18903032678376e-12	HPSE	c2
2.52059437374202e-16	-0.176841446866995	0.133	0.184	8.45356941065598e-12	TDP2	c2
2.53071429511252e-16	-0.871643305528222	0.014	0.034	8.48750960294838e-12	SUSD1	c2
2.53923651881634e-16	-1.89380978707553	0.003	0.017	8.51609143680624e-12	RDH10	c2
2.6002846037584e-16	-0.173397736111113	0.127	0.177	8.72083450408493e-12	HACD3	c2
2.60252715744868e-16	-0.145447291127226	0.181	0.243	8.72835558065139e-12	PHAX	c2
2.60713229167907e-16	-0.229398583384921	0.073	0.111	8.74380027983326e-12	PPP2R2D	c2
2.63406340557394e-16	-0.262432979753306	0.083	0.123	8.83412184961389e-12	ANKRA2	c2
2.63636990230763e-16	-0.218873828014721	0.107	0.152	8.84185737835933e-12	PDPK1	c2
2.66333930127077e-16	-0.242156389953708	0.07	0.107	8.93230734860191e-12	SIL1	c2
2.66680800861288e-16	-0.198738733726882	0.113	0.16	8.94394069928589e-12	PPP2R5D	c2
2.69136373068757e-16	-1.11840641513545	0.01	0.029	9.02629567997996e-12	IKZF4	c2
2.69950313185046e-16	-0.229213014693956	0.109	0.154	9.05359360360008e-12	TRAPPC6B	c2
2.73989287471751e-16	-3.60810224351616	0.001	0.014	9.18905272322757e-12	KIT	c2
2.76347927788179e-16	-0.200678615783431	0.148	0.2	9.26815680215995e-12	TRIM14	c2
2.80620766732927e-16	-0.190540576234993	0.196	0.257	9.41145927468892e-12	USF2	c2
2.84138556430093e-16	-0.182950782572116	0.364	0.448	9.52943890555246e-12	RNF187	c2
2.84884177560867e-16	-0.173277884191256	0.158	0.214	9.55444554703637e-12	SLC35C2	c2
2.84943676745746e-16	-0.164485088776183	0.161	0.218	9.55644103069884e-12	C19orf12	c2
2.86366329484721e-16	-0.923918300496214	0.021	0.043	9.60415395825859e-12	AF165147.1	c2
2.86955333031769e-16	-0.443692818646878	0.029	0.054	9.62390795921948e-12	ZNF738	c2
2.93892163848514e-16	-0.230655230909421	0.095	0.137	9.85655539115146e-12	COPS7B	c2
2.9512435201252e-16	-0.188427356023679	0.124	0.173	9.8978805177959e-12	DNAJC17	c2
2.97068768564236e-16	-0.667099062468342	0.015	0.036	9.96309236010733e-12	RPS10-NUDT3	c2
2.98412108101973e-16	-0.239329401456086	0.145	0.197	1.0008145281524e-11	PRR5	c2
3.01149351855647e-16	-0.169116536920239	0.088	0.13	1.00999469625347e-11	GEMIN7	c2
3.09819170436636e-16	-0.169453028520653	0.397	0.483	1.03907153381039e-11	TNIP1	c2
3.19182496048404e-16	1.15980634988145	0.024	0.012	1.07047425524714e-11	ZFYVE9	c2
3.2095866093079e-16	-0.20574021543047	0.082	0.122	1.07643115702968e-11	SMG9	c2
3.22747416887685e-16	-0.168829243723549	0.162	0.219	1.08243028675792e-11	SMIM27	c2
3.26082504964274e-16	-0.175349763736373	0.401	0.486	1.09361550514918e-11	HM13	c2
3.29510205041553e-16	-0.217258381195423	0.057	0.091	1.10511132566836e-11	LRRC42	c2
3.31403216746713e-16	-0.217785246193097	0.125	0.174	1.11146010832513e-11	CERS5	c2
3.36303995835267e-16	-0.240410739151994	0.058	0.092	1.12789634123232e-11	UBE2Q1	c2
3.36827056308339e-16	-0.938872423341975	0.009	0.027	1.12965058144691e-11	NAT1	c2
3.40967432513473e-16	-0.24741732530732	0.077	0.116	1.14353657516369e-11	CDK7	c2
3.41124217249843e-16	-0.13624918706768	0.149	0.203	1.14406239981252e-11	MED11	c2
3.41422957841581e-16	-0.232112188899442	0.083	0.123	1.14506431600909e-11	ACADS	c2
3.42238218294647e-16	0.12973620681722	0.772	0.783	1.14779853651659e-11	EIF4B	c2
3.44565140377606e-16	-0.142283778436741	0.106	0.152	1.15560256779842e-11	ATP5S	c2
3.46943895183138e-16	-0.8884198914763	0.013	0.033	1.16358043566521e-11	SLFN12	c2
3.48631343515402e-16	-0.153388607122637	0.395	0.485	1.16923979988195e-11	GTF2A2	c2
3.54829965290667e-16	-0.269071844384296	0.041	0.071	1.19002873759184e-11	WRAP53	c2
3.59944384565421e-16	-0.124176432392649	0.82	0.863	1.20718147695551e-11	CYTIP	c2
3.60894909428189e-16	-0.234703553000564	0.107	0.152	1.21036934724026e-11	RAB3GAP2	c2
3.62574964466279e-16	-0.248806955060436	0.071	0.108	1.21600391582701e-11	SUGP1	c2
3.64122687452473e-16	0.347855354084995	0.433	0.425	1.2211946691781e-11	YME1L1	c2
3.64200921053179e-16	-0.281336088462955	0.077	0.115	1.22145704902815e-11	MRM3	c2
3.67727483738519e-16	-0.199907590885824	0.111	0.157	1.23328443496225e-11	RUFY1	c2
3.68380518999491e-16	1.41741230738008	0.024	0.011	1.23547458462049e-11	C6orf99	c2
3.79470704916287e-16	-0.126766305993127	0.157	0.214	1.27266885014824e-11	COPS4	c2
3.82213368807887e-16	-0.487437856257011	0.036	0.063	1.28186719630789e-11	AC009779.3	c2
3.90935542801351e-16	-0.174561052186012	0.138	0.19	1.31111962344717e-11	DYM	c2
3.98933219767334e-16	-0.39710170257397	0.069	0.105	1.33794223245569e-11	SNX29	c2
3.98979308919768e-16	-0.325067733052584	0.052	0.084	1.33809680625512e-11	PIGO	c2
4.03297086436813e-16	-0.200844386971216	0.136	0.187	1.35257776849178e-11	S100PBP	c2
4.05888447793339e-16	-0.652279737740836	0.013	0.032	1.3612686762093e-11	MASTL	c2
4.07063783037005e-16	-5.53193222464059	0	0.011	1.36521051554951e-11	ESPL1	c2
4.16868901407722e-16	-0.173974278798668	0.105	0.151	1.39809492154122e-11	SNUPN	c2
4.18482431951284e-16	-0.939191716314208	0.015	0.035	1.40350638027822e-11	AL022328.4	c2
4.22510308394082e-16	-0.207750856278966	0.128	0.177	1.41701507229207e-11	UBE4A	c2
4.25389893707049e-16	-0.547747910633543	0.028	0.053	1.4266726255147e-11	TARBP1	c2
4.28013694247211e-16	-0.889072951517805	0.004	0.019	1.4354723277663e-11	TRAIP	c2
4.39387356724037e-16	-0.58422521799619	0.019	0.041	1.47361731698108e-11	CNOT6	c2
4.40289244827379e-16	-0.897802550198931	0.011	0.03	1.47664206930207e-11	MORN2	c2
4.43728240822455e-16	-0.23533750442448	0.097	0.14	1.48817577407035e-11	VPS41	c2
4.50030802290479e-16	-2.30033363308597	0.003	0.016	1.50931330472181e-11	CEBPA	c2
4.53908200667679e-16	-0.182505354255476	0.104	0.148	1.52231732339926e-11	BCL2L13	c2
4.54689248903397e-16	-0.225477703120336	0.06	0.095	1.52493680297221e-11	GPN2	c2
4.65057408490349e-16	-1.63543092118456	0.004	0.019	1.55970953659493e-11	MAPK12	c2
4.6860065163866e-16	-0.400950725565935	0.064	0.098	1.57159286546574e-11	FAM117A	c2
4.8469332554071e-16	-0.145786630274497	0.128	0.179	1.62556447519843e-11	EMC2	c2
4.8764534819135e-16	-0.292041927908384	0.057	0.09	1.63546496876415e-11	NUDT16	c2
5.02123002149192e-16	-0.280982949591362	0.078	0.116	1.68402012460796e-11	SEC16A	c2
5.02774929298511e-16	-0.163985707137459	0.191	0.253	1.68620655788135e-11	PRRC2A	c2
5.13744442027799e-16	-7.08231136087703	0	0.011	1.72299610967283e-11	AL359834.1	c2
5.25428388962342e-16	-0.258563951556303	0.081	0.12	1.7621817309019e-11	ELP4	c2
5.29542961474893e-16	-0.201053177473912	0.091	0.133	1.7759811841945e-11	KYAT3	c2
5.33537789541406e-16	1.23448485482615	0.023	0.011	1.78937903856397e-11	TRPC1	c2
5.36229649940673e-16	-0.355237857063915	0.042	0.071	1.79840699997103e-11	ARMC7	c2
5.48989545640749e-16	-0.126317025680319	0.18	0.242	1.84120113816994e-11	TMEM141	c2
5.51971917474684e-16	-0.186415522422279	0.096	0.139	1.85120341682659e-11	CHKB	c2
5.5953045843606e-16	-0.530488053502291	0.023	0.047	1.87655325150286e-11	SLC35F2	c2
5.69591246987147e-16	-0.16934822713681	0.182	0.242	1.91029512414549e-11	SMC5	c2
5.80887439651421e-16	-0.25488637053635	0.055	0.088	1.94818029510294e-11	ACAD9	c2
5.9279305936089e-16	-0.23015899554988	0.091	0.132	1.98810936248455e-11	STAU2	c2
5.94670120239561e-16	-0.213644897552308	0.256	0.325	1.99440464925944e-11	CENPX	c2
5.99939671342904e-16	-0.383377993482944	0.04	0.069	2.01207766974983e-11	NEMP2	c2
6.07285093057912e-16	-0.135924990244866	0.183	0.243	2.03671274509763e-11	RNMT	c2
6.11773912654733e-16	-0.177835554787114	0.119	0.166	2.05176734826144e-11	BRAT1	c2
6.13045094116497e-16	-0.977149819516526	0.011	0.029	2.05603063664791e-11	AC093157.1	c2
6.18571201383716e-16	-0.15795200486393	0.289	0.367	2.07456409520071e-11	RCN2	c2
6.27607007574633e-16	-0.13973763292724	0.239	0.312	2.10486838200381e-11	NUDCD2	c2
6.27946863485146e-16	-0.22914381032848	0.073	0.11	2.10600819075648e-11	HMGCL	c2
6.40690533096622e-16	-0.178743055158556	0.276	0.35	2.14874790989945e-11	MLEC	c2
6.41792449997819e-16	-0.130714300511737	0.19	0.253	2.15244351880268e-11	CDC5L	c2
6.42775025928634e-16	-1.53437202098163	0.004	0.019	2.15573888195945e-11	LINC01572	c2
6.52238331442531e-16	0.833160720099688	0.054	0.034	2.18747691599196e-11	EPHA1-AS1	c2
6.54320443526497e-16	-0.314891633676447	0.101	0.143	2.19445990349917e-11	MYO5A	c2
6.60307222909784e-16	-0.274988155226253	0.077	0.115	2.21453836419483e-11	C2orf49	c2
6.61899337415105e-16	-0.317402312134976	0.05	0.081	2.21987799782278e-11	AC084033.3	c2
6.80912778265456e-16	-0.264222254898717	0.081	0.119	2.28364527574669e-11	NAGPA	c2
6.86557603707382e-16	-0.396561024642275	0.055	0.087	2.30257689131382e-11	SESN2	c2
6.87155338193413e-16	-4.98298814121031	0	0.012	2.30458157323307e-11	FANK1	c2
6.9052151268121e-16	-0.307645649139637	0.047	0.078	2.31587104923024e-11	ERI1	c2
6.97187754333845e-16	-0.215536189009613	0.146	0.198	2.33822829048485e-11	CREBZF	c2
6.9748725740825e-16	-0.21962099630635	0.121	0.168	2.33923276389579e-11	ZNF431	c2
7.04927803309906e-16	-0.157545778590147	0.391	0.483	2.36418686674076e-11	IK	c2
7.26048975494979e-16	-0.213800498862304	0.335	0.408	2.43502305401506e-11	NFATC2	c2
7.33211391380356e-16	-0.708119820319521	0.02	0.041	2.45904436441144e-11	ZNF236-DT	c2
7.54835608166981e-16	-0.676437351903205	0.126	0.169	2.53156766267042e-11	TRGV3	c2
7.59239780451701e-16	-1.29642279432957	0.006	0.022	2.54633837567892e-11	HES6	c2
7.60643219175951e-16	-0.124106631952623	0.225	0.294	2.5510452284723e-11	PHF14	c2
7.80826524564501e-16	-0.160862785732779	0.275	0.35	2.61873599808442e-11	AKR1B1	c2
7.88375409277003e-16	-0.199970664368413	0.122	0.169	2.64405344763321e-11	CRNKL1	c2
7.89879097461337e-16	-0.216575989731833	0.037	0.065	2.64909651706583e-11	MIS18A	c2
7.97126151578388e-16	-0.214337436354795	0.089	0.13	2.6734016871636e-11	CEP104	c2
8.08661109791031e-16	-0.154387773969398	0.276	0.354	2.71208763001716e-11	ERP44	c2
8.31715819153146e-16	-0.441047180246319	0.052	0.084	2.78940851427582e-11	MHENCR	c2
8.32379352798172e-16	-0.205336792785711	0.092	0.134	2.79163387341451e-11	BRCC3	c2
8.57100528568007e-16	-0.166455950508692	0.19	0.25	2.87454375271138e-11	KLF13	c2
8.62947474472412e-16	-0.354146207310193	0.044	0.073	2.89415323988558e-11	UPF1	c2
8.72654164130455e-16	-0.194259410183022	0.365	0.443	2.92670753566072e-11	MVP	c2
8.7449366436894e-16	-0.278697454596332	0.069	0.105	2.93287685156055e-11	MUM1	c2
8.75610291031133e-16	-0.621956996378289	0.022	0.045	2.93662179406022e-11	YPEL1	c2
8.82560343348479e-16	-0.651943093277784	0.021	0.044	2.95993087952213e-11	AL137003.1	c2
8.89105985916913e-16	-0.359218990402115	0.038	0.065	2.98188365556814e-11	BRF2	c2
8.94610518242706e-16	-0.659513054933884	0.017	0.038	3.00034475608239e-11	SLC26A6	c2
8.98653045648926e-16	-0.960750922860473	0.025	0.048	3.01390258449737e-11	LINC02084	c2
9.10363524842285e-16	0.810622728666462	0.068	0.046	3.05317718961606e-11	PLAUR	c2
9.15724825630577e-16	-0.211534402023791	0.142	0.194	3.07115792019983e-11	MAP2K4	c2
9.27807317530062e-16	-2.44422634919176	0.003	0.016	3.11168018153232e-11	DMPK	c2
9.31204771925997e-16	-0.250878741103848	0.07	0.106	3.12307456408541e-11	ANAPC10	c2
9.35477038350343e-16	0.515375708593748	0.205	0.173	3.13740289121938e-11	ADAM19	c2
9.3571749400409e-16	-0.431652187935273	0.032	0.058	3.13820933139092e-11	ROCK2	c2
9.47293317018071e-16	-0.166951878891596	0.137	0.188	3.17703232661521e-11	MTREX	c2
9.50418284498452e-16	-0.446975586885424	0.029	0.054	3.18751284255091e-11	ACY1	c2
9.5759138273349e-16	-0.413381556812672	0.057	0.089	3.21156997941158e-11	NF1	c2
9.59275955491393e-16	-0.324359478281274	0.068	0.103	3.21721969952703e-11	ELMOD3	c2
9.59373236656122e-16	-0.513507255013027	0.024	0.047	3.2175459610973e-11	PABPC1L	c2
9.65166249174431e-16	-0.151436352255742	0.129	0.179	3.23697456648121e-11	THAP4	c2
9.67738327328151e-16	0.397887906742584	0.278	0.243	3.24560080219315e-11	ZBTB20	c2
1.00582305717069e-15	-0.460594327416564	0.05	0.08	3.37332936913904e-11	TRABD2A	c2
1.04896376774959e-15	-0.270682171109069	0.059	0.093	3.51801468427857e-11	SLC39A9	c2
1.06586588528802e-15	-0.480046817449546	0.025	0.049	3.57470100607895e-11	ARHGEF18	c2
1.07356463874382e-15	-0.28765401898449	0.091	0.131	3.60052108541903e-11	SERTAD2	c2
1.09690180578723e-15	-0.22518274869077	0.064	0.099	3.67878927624921e-11	GRAMD1B	c2
1.13068861127005e-15	-0.180685732361488	0.125	0.173	3.7921034644775e-11	RIOK1	c2
1.13625476615883e-15	-0.163939469295611	0.322	0.402	3.81077123474348e-11	PRMT1	c2
1.13671962026995e-15	-0.164619663400738	0.339	0.42	3.81233026246137e-11	DDX6	c2
1.15837789137422e-15	0.732462450910398	0.078	0.054	3.88496777209086e-11	LINC00243	c2
1.16185934297992e-15	-0.183591938653501	0.133	0.183	3.89664386448606e-11	SUCO	c2
1.16628193693301e-15	-1.72277510602429	0.004	0.019	3.91147636008592e-11	KLHL23	c2
1.1707463200045e-15	-0.178032607019121	0.556	0.629	3.92644900803111e-11	REEP5	c2
1.1945968905302e-15	-0.218505286065035	0.094	0.135	4.00643905146019e-11	FAM126B	c2
1.23371296907502e-15	-0.11168992576696	0.94	0.955	4.1376265556838e-11	PPDPF	c2
1.23849973777019e-15	-0.198488903006564	0.761	0.799	4.15368042053365e-11	ENO1	c2
1.23993988671149e-15	-3.15114208911228	0.001	0.014	4.15851039205301e-11	TIMD4	c2
1.27479024517602e-15	-0.143293861596068	0.174	0.231	4.27539152427132e-11	RBM33	c2
1.28358293481396e-15	-0.383255465479417	0.033	0.06	4.30488044677906e-11	ABHD11	c2
1.29798355113475e-15	-0.284125258574576	0.058	0.092	4.35317723379571e-11	UBE3C	c2
1.31193744692569e-15	-4.62325690958792	0.001	0.012	4.39997580949938e-11	AC120193.1	c2
1.31760437875247e-15	-0.306800595168667	0.036	0.063	4.41898156546005e-11	APOPT1	c2
1.32635027591974e-15	-0.457796514935315	0.026	0.05	4.44831355537964e-11	SRF	c2
1.33003257005587e-15	-0.17381722192072	0.064	0.099	4.46066323345338e-11	ZDHHC16	c2
1.35569714731053e-15	-0.152660334309686	0.391	0.476	4.54673709265006e-11	C19orf66	c2
1.35649332382952e-15	-0.287821536649108	0.083	0.121	4.54940730945945e-11	ZBTB24	c2
1.38205557333521e-15	-0.165584056572682	0.11	0.155	4.63513798185164e-11	FADD	c2
1.39903942418455e-15	-0.538745259794039	0.007	0.023	4.69209842083014e-11	STIL	c2
1.42222893517161e-15	-0.173143181525298	0.086	0.127	4.76987140277854e-11	AIDA	c2
1.45500368472667e-15	-0.45944206122901	0.027	0.051	4.87979135783632e-11	TAOK2	c2
1.4952290844461e-15	-0.186585573174323	0.088	0.128	5.01469930341534e-11	MRTO4	c2
1.50842843432293e-15	0.674122782258069	0.062	0.04	5.05896728303226e-11	ZMAT1	c2
1.51051310006027e-15	-0.751941207313821	0.015	0.034	5.06595883498214e-11	KIAA0930	c2
1.51992038580231e-15	-0.118929908546818	0.206	0.272	5.0975089899038e-11	VPS72	c2
1.53394719070655e-15	-0.176672670828605	0.145	0.196	5.14455208819163e-11	TRIM56	c2
1.53397125672473e-15	-0.153573512226178	0.129	0.179	5.1446328008034e-11	GTF2F2	c2
1.53398657526206e-15	-0.150292978675584	0.197	0.26	5.14468417611391e-11	TSR2	c2
1.53932751772371e-15	-0.230686133188935	0.529	0.587	5.16259662894179e-11	SIT1	c2
1.54099490329232e-15	-0.288390358489562	0.047	0.078	5.16818870666178e-11	LXN	c2
1.54302200780911e-15	-0.146635963643842	0.444	0.53	5.1749872097902e-11	PPIG	c2
1.56815357088022e-15	-0.164912594965283	0.296	0.374	5.25927344601807e-11	NIPBL	c2
1.59576465234764e-15	1.57891911884726	0.014	0.005	5.35187549104353e-11	BACE1	c2
1.60667388985301e-15	-0.187223672294258	0.16	0.213	5.38846289178904e-11	HERC4	c2
1.63403689486706e-15	-0.134520932025634	0.255	0.33	5.48023293800516e-11	SURF1	c2
1.64148161296466e-15	-0.274094406229564	0.06	0.094	5.50520103356087e-11	FUNDC1	c2
1.6450488474998e-15	-0.148136029822409	0.275	0.351	5.51716482474483e-11	SMARCE1	c2
1.69687291934049e-15	-2.89397152396881	0.001	0.013	5.69097239688413e-11	CREB3L3	c2
1.69869074130724e-15	-0.466832940658378	0.056	0.087	5.69706900819621e-11	CHN2	c2
1.72185064149449e-15	-0.344624549968038	0.064	0.098	5.77474268144421e-11	MFSD8	c2
1.73054744961211e-15	-0.130769586481251	0.165	0.221	5.80391003650909e-11	TAPBPL	c2
1.74743216569896e-15	-0.266620584875451	0.053	0.085	5.86053799732118e-11	MTIF2	c2
1.7499141601412e-15	-0.155240470719266	0.195	0.256	5.86886211028156e-11	TMEM43	c2
1.7744669481929e-15	-0.242061129004042	0.059	0.092	5.95120725084936e-11	SYNJ2	c2
1.80336018549003e-15	-0.223289494224993	0.086	0.125	6.04810939009648e-11	CDK5RAP2	c2
1.80750664708651e-15	-0.128394634379425	0.077	0.116	6.06201579299874e-11	UBE2M	c2
1.83320162811962e-15	-0.493001537187928	0.043	0.072	6.14819162038759e-11	LY75	c2
1.83657612136306e-15	-0.321695552790537	0.055	0.087	6.15950899582743e-11	MIEF1	c2
1.86424805312824e-15	-0.143719860182812	0.164	0.22	6.25231512058149e-11	CBX5	c2
1.86834130863883e-15	-0.176738693401952	0.151	0.203	6.26604308091290e-11	LRCH4	c2
1.87225364238663e-15	-0.137403426585302	0.122	0.17	6.27916426583627e-11	MRPL39	c2
1.87533968659512e-15	-0.391974238829433	0.027	0.052	6.28951424090271e-11	MTHFD2L	c2
1.87618803497602e-15	0.607982069751873	0.179	0.148	6.29235943170258e-11	SLC39A8	c2
1.91292312319565e-15	-0.190177750089822	0.074	0.111	6.41556157057357e-11	METTL13	c2
1.91531855067971e-15	-0.152938325707405	0.189	0.25	6.42359535526962e-11	NOP56	c2
1.9274132997179e-15	-0.156789099812836	0.312	0.392	6.4641587245939e-11	YTHDF2	c2
1.92961792928136e-15	-0.15127128937235	0.161	0.215	6.47155261122383e-11	GPCPD1	c2
1.95034485993502e-15	-0.141012684524526	0.102	0.146	6.54106659125006e-11	ZCCHC9	c2
1.97956987979548e-15	-0.143961066112673	0.098	0.141	6.63908146285807e-11	TIMM22	c2
1.9842249870524e-15	-0.437191269226654	0.029	0.054	6.65469376157635e-11	ERCC8	c2
1.99173298286812e-15	-0.201342956907287	0.063	0.098	6.6798740779431e-11	ILVBL	c2
2.00150067740495e-15	-0.465452466548245	0.02	0.042	6.71263297188073e-11	KMT5A	c2
2.00781089267188e-15	-0.137879128413818	0.091	0.133	6.73379617184296e-11	APTX	c2
2.01401083552467e-15	-0.192218725965091	0.178	0.233	6.75458954018264e-11	AKTIP	c2
2.02281697725025e-15	-0.190755890938007	0.441	0.521	6.78412357830188e-11	DCXR	c2
2.03526571487468e-15	-0.468190021805615	0.031	0.057	6.82587415454669e-11	RHBDD3	c2
2.04541821212197e-15	-0.202063046027478	0.313	0.385	6.85992359981466e-11	SUSD3	c2
2.05430354908666e-15	-0.170857359175133	0.1	0.143	6.88972324292684e-11	CPSF1	c2
2.05815960518325e-15	-0.142216419654063	0.302	0.381	6.90265568386359e-11	CNPPD1	c2
2.09854098302727e-15	-0.12615042829539	0.257	0.33	7.03808674887686e-11	ZFR	c2
2.12345138554251e-15	-0.155050656961721	0.138	0.189	7.12163125683247e-11	RABGGTA	c2
2.12908628922762e-15	-0.190352253338328	0.059	0.092	7.1405295968116e-11	PRADC1	c2
2.14413165337647e-15	-0.403243824321237	0.026	0.05	7.19098873909399e-11	DHRS7B	c2
2.20907426910225e-15	-0.244748788781846	0.078	0.116	7.40879328371512e-11	PAICS	c2
2.22905422274772e-15	-0.532913683024832	0.015	0.035	7.47580205225129e-11	PDSS1	c2
2.27846879954671e-15	-0.21499506116321	0.1	0.143	7.64152865991976e-11	BTBD10	c2
2.28125355060345e-15	-4.40027436015777	0	0.011	7.65086815801386e-11	TNS3	c2
2.31658224497988e-15	-0.14887537378796	0.074	0.112	7.76935353321352e-11	PRIM2	c2
2.32222516769861e-15	-0.347976071342022	0.048	0.078	7.78827876742761e-11	CDKN2C	c2
2.32681500340522e-15	-0.41509163069551	0.047	0.077	7.80367215842044e-11	CLEC16A	c2
2.33273255686139e-15	-0.147313985634631	0.323	0.404	7.82351844920171e-11	GRSF1	c2
2.3403953302752e-15	-0.137282356812711	0.27	0.345	7.84921785867696e-11	DENR	c2
2.35123799973684e-15	-0.428134289940922	0.037	0.064	7.88558200351741e-11	TOP3A	c2
2.36921383847823e-15	-0.182786280841779	0.13	0.179	7.94586937148828e-11	MRPL49	c2
2.46827852450769e-15	-0.160076429188401	0.14	0.191	8.2781125154939e-11	STK24	c2
2.48192599836489e-15	-0.183663299880265	0.33	0.405	8.32388341331617e-11	TGFBR2	c2
2.51848567803549e-15	-0.165692793665247	0.158	0.212	8.44649726699542e-11	PRPF18	c2
2.5310496364999e-15	1.04717560887738	0.03	0.016	8.48863427089335e-11	ID1	c2
2.59349845820472e-15	-0.103728671493829	0.209	0.276	8.698075129127e-11	MRPL9	c2
2.61223641853751e-15	-0.154548412357032	0.235	0.303	8.76091850049111e-11	CDIPT	c2
2.62048608986403e-15	-0.111465357426983	0.19	0.251	8.78858624818599e-11	C1orf52	c2
2.64039753054004e-15	-0.209760113952747	0.097	0.138	8.85536523792519e-11	CHAMP1	c2
2.66394562000284e-15	-0.135103220775547	0.428	0.522	8.93434082036552e-11	HADHA	c2
2.72077217854592e-15	-0.164340074448906	0.111	0.156	9.1249257324073e-11	GLE1	c2
2.72621882683458e-15	-0.13822680934932	0.262	0.335	9.14319270143782e-11	STAG2	c2
2.74950428028178e-15	-0.202385114977557	0.085	0.124	9.22128745520903e-11	ANAPC2	c2
2.75462333985687e-15	-0.76846685230909	0.025	0.048	9.23845575721199e-11	SNN	c2
2.7705690793835e-15	-0.197875461361766	0.05	0.081	9.29193457843639e-11	RFC5	c2
2.79987362843686e-15	-0.315876913929438	0.039	0.067	9.39021617505155e-11	NSDHL	c2
2.83888776469172e-15	-0.164442174012093	0.243	0.312	9.52106178522307e-11	CLINT1	c2
2.8794822264188e-15	-0.256316072300544	0.093	0.133	9.65720749096338e-11	EEFSEC	c2
2.90227681136143e-15	-0.137638916762012	0.158	0.213	9.73365596994396e-11	TMEM18	c2
2.90497406981196e-15	-0.352858453211956	0.046	0.075	9.74270203533534e-11	NAXD	c2
2.95758841065513e-15	-0.20520719604098	0.099	0.141	9.91916001165517e-11	AC010642.2	c2
2.9773945557524e-15	0.833693663106612	0.084	0.059	9.9855858610824e-11	FAR2	c2
3.00770458951708e-15	1.64808269413461	0.015	0.006	1.00872396523224e-10	ACE	c2
3.01927450818258e-15	-0.203281390423956	0.119	0.165	1.01260428455427e-10	XPO4	c2
3.04095670906191e-15	-0.173267551407285	0.24	0.305	1.01987606108518e-10	CCSER2	c2
3.07531624915816e-15	-1.20442832964579	0.007	0.023	1.03139956364267e-10	OTUB2	c2
3.15132074178316e-15	-0.162500031348435	0.138	0.188	1.05688995037924e-10	NCSTN	c2
3.2059122501683e-15	-0.163832111813344	0.139	0.189	1.07519885046144e-10	RINL	c2
3.29799773292598e-15	0.606858284335656	0.132	0.102	1.10608247966871e-10	ZNF10	c2
3.30580975236076e-15	-5.96940126978797	0	0.011	1.10870247474675e-10	FAM92A	c2
3.31552492464014e-15	-0.163903316046698	0.085	0.124	1.11196074922581e-10	INO80C	c2
3.35333895091748e-15	-0.171836218205491	0.134	0.183	1.1246428173587e-10	LRRFIP2	c2
3.36831600419346e-15	-0.158767777936259	0.148	0.199	1.1296658214864e-10	UBQLN2	c2
3.43988155235692e-15	-0.155715749967734	0.275	0.348	1.15366747502946e-10	RAD23B	c2
3.49662183773177e-15	-0.169247530709314	0.134	0.183	1.17269703193848e-10	OARD1	c2
3.54843826861404e-15	-0.18371806931335	0.443	0.524	1.19007522652778e-10	ANKRD44	c2
3.57402619780925e-15	-0.276284730304415	0.074	0.11	1.19865690622126e-10	CARD8-AS1	c2
3.57941501783553e-15	-0.151574510699191	0.129	0.178	1.20046420868168e-10	EIF4EBP2	c2
3.63042395318579e-15	-0.181719031246587	0.094	0.135	1.21757158541945e-10	FO393401.1	c2
3.70842940720369e-15	-0.146208943174869	0.203	0.265	1.24373305458797e-10	LETMD1	c2
3.71905073469958e-15	-0.291000548851978	0.128	0.173	1.24729523540355e-10	LINC01550	c2
3.8287484465987e-15	-0.22049466610462	0.126	0.172	1.28408565402027e-10	CDK13	c2
3.83601659849583e-15	-0.168629031609595	0.199	0.258	1.28652324680353e-10	MORC3	c2
3.84595120195483e-15	-0.260859989712231	0.082	0.12	1.28985511411161e-10	SLC35B3	c2
3.91734270699658e-15	1.13347287857558	0.037	0.021	1.31379839707251e-10	RASD1	c2
3.95830942009743e-15	-0.116622141922995	0.203	0.267	1.32753781331228e-10	TBPL1	c2
3.99249014865042e-15	-0.253138872810289	0.086	0.124	1.33900134605438e-10	PSEN1	c2
4.01145787606189e-15	-0.745951586746123	0.017	0.037	1.34536274247363e-10	TRPM2	c2
4.05413181470483e-15	0.226923090992392	0.571	0.574	1.3596747280157e-10	CCNL1	c2
4.06199156189529e-15	-0.252687452343159	0.078	0.114	1.36231073002844e-10	ZNF226	c2
4.46451158174563e-15	-0.190497012450697	0.108	0.151	1.49730789428585e-10	PAM16	c2
4.49273143012371e-15	-0.147892128244903	0.574	0.658	1.50677226703489e-10	RPS27L	c2
4.50440281188127e-15	-0.141571404814463	0.196	0.257	1.51068661504874e-10	PDCD7	c2
4.51204118889229e-15	-0.132146845494942	0.222	0.287	1.51324837393069e-10	CFDP1	c2
4.57310475337925e-15	-0.124458837329475	0.298	0.378	1.53372787218833e-10	RNF114	c2
4.61161626387394e-15	-0.144395068303978	0.116	0.162	1.54664386257804e-10	CDK10	c2
4.62427634153884e-15	-0.165640683972562	0.179	0.237	1.55088979942529e-10	GMPS	c2
4.65013100514545e-15	-0.323081021044965	0.057	0.089	1.55956093650568e-10	EDC3	c2
4.7787080863798e-15	-0.185170869160605	0.102	0.144	1.60268311801006e-10	PGS1	c2
4.77911911986724e-15	-0.191212753198659	0.146	0.196	1.60282097042108e-10	SPEN	c2
4.8716057283828e-15	-0.154153263747262	0.094	0.135	1.63383912918502e-10	WBP4	c2
4.90621800641602e-15	-0.298635140219905	0.024	0.046	1.6454473949918e-10	CEP152	c2
4.95079781337731e-15	-0.17051639825307	0.086	0.125	1.66039857065048e-10	SMPD4	c2
4.95700307092021e-15	-0.182731099805902	0.157	0.209	1.66247968992522e-10	FAM111A	c2
4.95908165045319e-15	-0.236601845488466	0.06	0.093	1.66317680392899e-10	SLC12A9	c2
4.96728150475837e-15	-0.168509713451456	0.442	0.53	1.66592687106586e-10	SF3A2	c2
5.06348214768611e-15	-0.202294397972232	0.056	0.088	1.69819064269097e-10	APOO	c2
5.08264418436591e-15	-0.455073415366379	0.017	0.037	1.70461720655264e-10	TMEM97	c2
5.10785105945058e-15	-0.230329855269011	0.08	0.118	1.71307108831854e-10	DDX19A	c2
5.20733722013021e-15	-0.185978164874067	0.506	0.578	1.74643675688727e-10	CACYBP	c2
5.2791759109137e-15	-0.131265589492402	0.194	0.255	1.77053001700224e-10	PPIE	c2
5.47635329081877e-15	-0.501257926705381	0.03	0.055	1.8366593666748e-10	ADAT2	c2
5.49749743550983e-15	-0.392265348606143	0.061	0.093	1.84375068992129e-10	AC012615.1	c2
5.59661669813756e-15	-0.56220373711319	0.02	0.042	1.87699330822137e-10	RNASEK-C17orf49	c2
5.60619473208614e-15	-0.420890434451827	0.032	0.058	1.88020558924705e-10	ZNHIT2	c2
5.61700591384736e-15	-0.118953713082494	0.206	0.271	1.88383144338613e-10	CS	c2
5.79584249398825e-15	-0.474298019857043	0.033	0.058	1.94380965563378e-10	GBA2	c2
5.84825502352736e-15	-0.124908503039563	0.366	0.455	1.96138776979061e-10	TIAL1	c2
5.89538850657567e-15	-0.618562775425021	0.02	0.041	1.97719539733535e-10	ST20-MTHFS	c2
5.94706539084392e-15	-0.289209020632043	0.083	0.12	1.99452679078124e-10	NPC1	c2
5.94792925460974e-15	-0.190027983484395	0.106	0.149	1.99481651341101e-10	CDCA4	c2
5.99677721255655e-15	-0.138834155525375	0.213	0.277	2.01119914154722e-10	ANKRD10	c2
5.99894446610941e-15	-0.174207086435583	0.093	0.134	2.01192599504377e-10	LARP1	c2
6.01854536779046e-15	-0.159700549906811	0.108	0.152	2.01849974544957e-10	MAP1S	c2
6.05092920323488e-15	-2.81201945529113	0.001	0.013	2.02936063618091e-10	DPF3	c2
6.09919396502161e-15	-0.319909027938395	0.033	0.058	2.04554767198895e-10	TIMM8A	c2
6.1564943658555e-15	-0.544221897235579	0.02	0.041	2.06476508042062e-10	IQCE	c2
6.43640938267379e-15	-0.237805267790734	0.131	0.176	2.15864297876114e-10	TGIF1	c2
6.44234762051736e-15	-0.359232741487432	0.035	0.061	2.16063454496911e-10	NXT2	c2
6.46373230209134e-15	-0.258820404446415	0.07	0.105	2.16780653947539e-10	WDR11	c2
6.46940108257524e-15	-0.188399420254165	0.167	0.221	2.16970773507408e-10	BTN3A3	c2
6.55186573455972e-15	-0.381436783846114	0.046	0.075	2.19736473005664e-10	PORCN	c2
6.60364916078653e-15	-0.319602433716909	0.058	0.09	2.21473185554459e-10	SMPD2	c2
6.70843190060834e-15	1.40811388435841	0.018	0.008	2.24987389082603e-10	LINC01353	c2
6.71885379777399e-15	-0.159123163199204	0.089	0.129	2.25336918669744e-10	WDR55	c2
6.72820685659519e-15	1.90901263966904	0.012	0.004	2.2565060155649e-10	NKX3-1	c2
6.77481535145952e-15	-0.150079960704767	0.253	0.32	2.2721375725725e-10	INPP4A	c2
6.80225411717865e-15	-0.274501422996901	0.044	0.073	2.28133998581938e-10	FAM69A	c2
6.86475519848568e-15	-0.256176066208774	0.062	0.095	2.30230159846813e-10	KCTD18	c2
6.88011834046007e-15	-2.44721635747778	0.002	0.013	2.3074540890235e-10	CD109	c2
6.89190459463297e-15	-0.114133367858016	0.178	0.236	2.31140696294801e-10	RHOT2	c2
7.06268082011754e-15	-1.52603954884795	0.002	0.014	2.36868189345102e-10	DDIAS	c2
7.10643915389212e-15	-0.14157717400707	0.17	0.225	2.38335756343234e-10	ADPGK	c2
7.13613399558742e-15	-0.286982984788902	0.047	0.077	2.39331661944011e-10	NDST2	c2
7.2044030480403e-15	-0.212613266768057	0.093	0.133	2.41621269425176e-10	BROX	c2
7.27106684256181e-15	-0.379632338690508	0.039	0.066	2.43857039765838e-10	XPO5	c2
7.38724592320011e-15	-0.241504930165255	0.09	0.129	2.47753453772285e-10	RHBDF2	c2
7.38800274994641e-15	-0.105609509215842	0.197	0.259	2.47778836227703e-10	SREK1IP1	c2
7.416784906324e-15	-0.210665502542432	0.076	0.113	2.48744132188294e-10	PRPF39	c2
7.51412408291526e-15	-0.201721391057855	0.148	0.197	2.52008693492812e-10	RNF216	c2
7.61264963946938e-15	-0.142173596642491	0.675	0.737	2.55313043608524e-10	RAP1B	c2
7.62904703339077e-15	-0.324224259548758	0.045	0.073	2.5586297940586e-10	RNF135	c2
7.67236462518851e-15	-0.147621911400715	0.124	0.17	2.57315764799572e-10	RAB28	c2
7.81206055419898e-15	-0.151382353049095	0.211	0.274	2.62000886866725e-10	AZIN1	c2
7.9451033117109e-15	-0.140990931992462	0.657	0.73	2.6646287486816e-10	ANXA11	c2
7.99343679064523e-15	-0.257338778155347	0.065	0.098	2.6808388308466e-10	PEX26	c2
8.07147056204415e-15	-0.271080857053587	0.074	0.109	2.70700979709837e-10	LARP4B	c2
8.08501460815976e-15	-0.37899006410653	0.032	0.057	2.71155219928462e-10	ARPC4-TTLL3	c2
8.10121739584886e-15	-0.269906090748611	0.091	0.13	2.71698629021979e-10	RNPC3	c2
8.14085637374844e-15	-0.164458214911578	0.423	0.504	2.73028041062775e-10	CYFIP2	c2
8.18637007668701e-15	-0.154619231798906	0.289	0.365	2.74554479631929e-10	RELA	c2
8.22080075350943e-15	0.202958416615814	0.521	0.496	2.75709215671199e-10	SYTL3	c2
8.26259042969354e-15	-0.162309446305411	0.118	0.164	2.77110757831062e-10	CDC16	c2
8.28037281599199e-15	-0.175835257545901	0.075	0.112	2.7770714350274e-10	IPO9	c2
8.56099367229852e-15	-0.107182617324948	0.216	0.283	2.87118605781548e-10	SRP54	c2
8.58345362677127e-15	-0.221507303606516	0.054	0.085	2.87871867734655e-10	RFT1	c2
8.63894903836787e-15	-0.266799432504706	0.062	0.095	2.89733072848782e-10	PEX14	c2
8.96424720897325e-15	-1.02352769222876	0.011	0.028	3.00642922894545e-10	CHST10	c2
9.05374031247249e-15	-0.299750303097982	0.056	0.087	3.03644342599702e-10	INTS9	c2
9.07556048782696e-15	-0.125197497638409	0.38	0.469	3.04376147640741e-10	EMC4	c2
9.14978067623866e-15	-0.257662714232212	0.064	0.097	3.06865344319692e-10	HMGCR	c2
9.28775625076516e-15	-0.372370403284994	0.05	0.079	3.11492769138162e-10	PRIMPOL	c2
9.3389263087253e-15	-0.230408931571615	0.081	0.119	3.13208910542029e-10	RIC1	c2
9.39600557955238e-15	-0.279649518057984	0.07	0.104	3.15123235127028e-10	WDR59	c2
9.44371596631119e-15	-0.179817498179496	0.126	0.172	3.16723346078145e-10	NUMB	c2
9.45470607878829e-15	-0.193028318225182	0.193	0.25	3.17091932470402e-10	USP20	c2
9.47995409028535e-15	0.116769170115984	0.852	0.859	3.1793870027999e-10	HNRNPDL	c2
9.58759398079164e-15	-5.02114029360822	0	0.011	3.2154872692779e-10	PIP5K1B	c2
9.60344790603441e-15	-0.181870655611224	0.116	0.161	3.22080435872582e-10	MAP3K2	c2
9.65232306585517e-15	-0.404136799193774	0.035	0.061	3.23719610982651e-10	TBC1D22B	c2
9.66938255568452e-15	-0.114883200437283	0.195	0.256	3.24291752152548e-10	SRP68	c2
9.73487813824946e-15	-0.298271508905802	0.084	0.121	3.2648834300061e-10	EDRF1	c2
9.76500370130411e-15	-0.424676249087244	0.017	0.037	3.27498694134337e-10	CHAF1B	c2
9.90441938107099e-15	-1.71077073065141	0.013	0.031	3.32174417202359e-10	TRBV4-1	c2
1.04217572697523e-14	-0.275057951495858	0.041	0.068	3.49524895312951e-10	EEF1AKMT1	c2
1.05849149723132e-14	-0.153133739988312	0.161	0.215	3.54996878341441e-10	NBN	c2
1.06446303823926e-14	-0.231175824926646	0.086	0.124	3.56999613764681e-10	ANAPC4	c2
1.07357252750421e-14	-0.225796452448042	0.073	0.109	3.6005475427436e-10	MPI	c2
1.08242820227022e-14	-0.120193022210966	0.211	0.275	3.63024770477385e-10	ZC3H13	c2
1.1062376689453e-14	-4.90875522338833	0	0.011	3.71009989410874e-10	FUT7	c2
1.14031681328751e-14	-0.337593909299822	0.046	0.075	3.82439452840365e-10	C2orf76	c2
1.14672691753331e-14	-0.198807774406506	0.084	0.123	3.8458927360232e-10	WDR26	c2
1.14768831574349e-14	-2.22486375638655	0.001	0.012	3.84911707334051e-10	C17orf53	c2
1.14896631520219e-14	-0.588873415981128	0.049	0.078	3.85340322792511e-10	TRAV4	c2
1.15299398308737e-14	-0.201440916291682	0.099	0.14	3.86691122047842e-10	SLC30A7	c2
1.17581910351697e-14	-0.211431378069351	0.069	0.103	3.9434621093752e-10	MSH2	c2
1.17753811201423e-14	-0.157768885748952	0.257	0.324	3.94922732007331e-10	BNIP3L	c2
1.18606578424127e-14	-0.319217534730099	0.08	0.116	3.97782742718838e-10	DDX60	c2
1.20184042569184e-14	-0.165237313678325	0.105	0.148	4.03073241968529e-10	SPOUT1	c2
1.21231450359579e-14	-0.438633302029242	0.034	0.059	4.06586038215958e-10	AREL1	c2
1.21323063646927e-14	-0.115212334563651	0.176	0.233	4.06893290859064e-10	CDK12	c2
1.22890448513644e-14	-0.188897704697131	0.257	0.321	4.12149986225059e-10	GPR171	c2
1.23046271144617e-14	-0.157798735934202	0.373	0.457	4.12672584164817e-10	LSM6	c2
1.23142705432052e-14	0.290153644070187	0.133	0.18	4.12996005478016e-10	ATF3	c2
1.23587956284933e-14	-0.449284928125141	0.031	0.055	4.14489287788409e-10	WDR25	c2
1.25604601678517e-14	-0.158875619474151	0.129	0.176	4.2125271310941e-10	KLC1	c2
1.25664922229471e-14	-0.251749494557013	0.079	0.115	4.21455016173201e-10	DHRS1	c2
1.25781566882263e-14	-0.307436675547113	0.048	0.077	4.21846219009735e-10	AC025159.1	c2
1.25876763893777e-14	0.685962334486709	0.104	0.078	4.22165490746948e-10	GPHN	c2
1.2744680748396e-14	-5.36696137695079	0	0.01	4.27431102939705e-10	CDC25A	c2
1.27528709518737e-14	-0.287766190409532	0.046	0.075	4.2770578598394e-10	CDPF1	c2
1.29086493541798e-14	-1.70636131411207	0.003	0.016	4.32930282040481e-10	AP002990.1	c2
1.29206470502169e-14	-0.224320285399182	0.054	0.085	4.33332660770173e-10	P3H1	c2
1.30478431824096e-14	-0.180510800432733	0.343	0.42	4.37598564651652e-10	TMEM243	c2
1.31185143192937e-14	-0.291107780008247	0.063	0.096	4.39968733240471e-10	MFN2	c2
1.31866903559846e-14	-0.242153313934037	0.066	0.1	4.4225522115901e-10	CYREN	c2
1.32265663617904e-14	-0.728764163247698	0.012	0.029	4.43592582641726e-10	SRR	c2
1.33516846431932e-14	-6.54955723382943	0	0.01	4.47788799563414e-10	CD86	c2
1.34405450294963e-14	-0.478853222280613	0.014	0.032	4.50768999199249e-10	SAP30	c2
1.34417871948878e-14	-0.498476939507987	0.027	0.05	4.50810658942146e-10	TYW5	c2
1.34647843805983e-14	-0.141763504275793	0.157	0.21	4.51581938556507e-10	UTP18	c2
1.40685976422374e-14	-0.172496041077061	0.113	0.156	4.71832627725357e-10	PYROXD1	c2
1.40775777144483e-14	-1.77513595058808	0.005	0.02	4.72133801387168e-10	LINC00891	c2
1.41096942448872e-14	-0.216964042216774	0.065	0.098	4.73210925585027e-10	CCDC6	c2
1.42025762146351e-14	-0.479650536897473	0.023	0.045	4.76326001086432e-10	SAMD1	c2
1.42170281348241e-14	-0.112682737172368	0.921	0.932	4.7681068958573e-10	HINT1	c2
1.4252082451826e-14	-0.149071206949105	0.095	0.136	4.7798634126934e-10	GPATCH4	c2
1.43525534093539e-14	-0.540153374211627	0.017	0.037	4.81355936242911e-10	ALG14	c2
1.44129121764693e-14	-0.318471299544462	0.054	0.085	4.83380248574427e-10	SETD1B	c2
1.49713359451149e-14	-0.201663372816408	0.106	0.148	5.02108664927264e-10	METTL14	c2
1.51357025933147e-14	-0.18435145965366	0.117	0.161	5.07621193574588e-10	COL4A3BP	c2
1.54405816729915e-14	-0.647862965419266	0.019	0.04	5.17846228148788e-10	BIVM	c2
1.57274183596619e-14	-0.287742654726501	0.072	0.107	5.2746615694634e-10	TBC1D25	c2
1.58131269333728e-14	-0.172515345896443	0.127	0.173	5.30340651091456e-10	CHD8	c2
1.58472745820789e-14	-0.121858636530859	0.209	0.272	5.31485894933762e-10	ACTR10	c2
1.59141726438981e-14	-0.171317657205978	0.09	0.129	5.33729522131056e-10	CLPX	c2
1.65506659863846e-14	-0.655092616804998	0.025	0.048	5.55076235851367e-10	GZF1	c2
1.66120879559615e-14	-0.127984363182312	0.262	0.333	5.57136205867037e-10	PDCD6IP	c2
1.67257634789282e-14	-0.155001270940632	0.158	0.211	5.60948655556294e-10	TENT2	c2
1.71025727876175e-14	-0.177332906504566	0.104	0.146	5.73586086151117e-10	AP1G1	c2
1.73014974501534e-14	1.3398703106725	0.021	0.01	5.80257621483245e-10	C11orf74	c2
1.74708628687756e-14	-0.650072482025888	0.009	0.025	5.85937798892998e-10	EFCAB11	c2
1.76494899531205e-14	1.30130960077116	0.022	0.011	5.91928594047756e-10	SPINT1-AS1	c2
1.79313421422393e-14	-0.282973301684302	0.057	0.088	6.01381352766422e-10	CCDC61	c2
1.80232305354764e-14	-1.7589348767642	0.006	0.02	6.04463105698809e-10	FAM174B	c2
1.84016298063486e-14	-0.191282007786833	0.259	0.326	6.1715386044532e-10	INPP5D	c2
1.86714092369857e-14	-0.313499853183962	0.033	0.059	6.26201722990028e-10	PARP2	c2
1.90946014111535e-14	-0.134484416156474	0.155	0.208	6.40394742127265e-10	RMC1	c2
1.92191766794508e-14	-1.05097933331092	0.003	0.016	6.4457274747542e-10	FAM72A	c2
1.93726849426747e-14	-6.71962059706965	0	0.01	6.49721107607425e-10	CDH17	c2
1.93726849452328e-14	-6.37654332942269	0	0.01	6.49721107693217e-10	LINC02539	c2
1.95292853030147e-14	-0.105997198413002	0.882	0.911	6.54973170492507e-10	UQCRB	c2
1.98508429359625e-14	0.12851942452201	0.414	0.385	6.65757570386309e-10	CTSB	c2
1.99619746974347e-14	-0.147534267338269	0.106	0.149	6.69484707402565e-10	GCDH	c2
1.9998683864023e-14	-2.28725622509416	0.001	0.012	6.70715859431603e-10	SMTN	c2
2.00071522771236e-14	-0.143493817378818	0.473	0.56	6.70999873070171e-10	TMEM14B	c2
2.0010625465365e-14	-0.229543728784222	0.377	0.444	6.71116356857411e-10	GPR65	c2
2.01734445260872e-14	-0.282391314078276	0.045	0.074	6.76576982515912e-10	WRNIP1	c2
2.05943915229345e-14	1.27425133942996	0.022	0.011	6.90694702896178e-10	MAML3	c2
2.07361463027281e-14	-0.143623847810893	0.197	0.257	6.95448874700895e-10	QRICH1	c2
2.09990428873903e-14	-0.156459228292531	0.11	0.154	7.04265900357296e-10	GTF2H1	c2
2.11479878811119e-14	0.961954108297389	0.034	0.019	7.09261217556732e-10	AC145124.1	c2
2.12619184420787e-14	-10.1967841720652	0	0.01	7.13082220710437e-10	CXCL13	c2
2.14955563382421e-14	-0.151267525495139	0.312	0.389	7.20917968471963e-10	RPA2	c2
2.20859556994936e-14	-0.391466597884073	0.041	0.068	7.40718782249618e-10	ZNF174	c2
2.20992655256894e-14	-0.924511265404665	0.016	0.035	7.4116516720057e-10	C2CD2	c2
2.21629033855262e-14	-0.261089089651763	0.078	0.114	7.43299453743778e-10	FAM214A	c2
2.25080614267518e-14	-0.126909343756993	0.135	0.184	7.548753641304e-10	MKKS	c2
2.26056672945631e-14	-0.435914131911293	0.024	0.047	7.58148869725057e-10	HIST1H2BC	c2
2.27695998919262e-14	0.337966316045301	0.36	0.34	7.63646841175422e-10	TRAPPC6A	c2
2.27975655757564e-14	-0.475016029873933	0.026	0.049	7.64584754279717e-10	SLC37A4	c2
2.31819144588526e-14	1.28671440417991	0.021	0.01	7.77475047121e-10	AL451085.1	c2
2.33670504439826e-14	-0.111673021927733	0.151	0.203	7.83684137790288e-10	GATAD2A	c2
2.35014281422122e-14	-0.143393896853037	0.088	0.128	7.88190897033512e-10	TRUB2	c2
2.36983970937401e-14	-0.442553635785954	0.017	0.036	7.94796841729855e-10	RCCD1	c2
2.37212099366179e-14	-0.342363397813171	0.058	0.09	7.95561938854291e-10	CYP51A1	c2
2.37402991832568e-14	-0.167934549382085	0.103	0.144	7.96202154008067e-10	ZSCAN16-AS1	c2
2.38059808702762e-14	-0.219985498190843	0.05	0.08	7.98404986427324e-10	RCN1	c2
2.39298834644667e-14	-0.334593650309198	0.051	0.08	8.02560431631283e-10	ANKRD26	c2
2.43603721243212e-14	-0.187442297404401	0.1	0.141	8.16998160305483e-10	FBH1	c2
2.45505504166617e-14	-0.159789793303596	0.181	0.236	8.23376359873999e-10	MLLT3	c2
2.48625095774421e-14	-0.623087646563598	0.02	0.041	8.33838846208252e-10	GRAMD4	c2
2.54103863573124e-14	-0.251207848629098	0.055	0.085	8.52213537651544e-10	C6orf106	c2
2.55560190497437e-14	-0.177719952683199	0.082	0.119	8.57097766890305e-10	PATL1	c2
2.57646094519829e-14	-0.345529030209788	0.032	0.056	8.64093471800601e-10	PCGF3	c2
2.61434411581202e-14	-0.136092601049865	0.103	0.145	8.76798729561034e-10	KAT5	c2
2.6510820807537e-14	-0.17582402210615	0.127	0.173	8.89119908243175e-10	KDM6A	c2
2.68758580712243e-14	-0.164299439455732	0.096	0.137	9.01362527992722e-10	RFK	c2
2.68907511860594e-14	0.589160631942955	0.242	0.212	9.0186201327806e-10	CDKN1A	c2
2.69982581690297e-14	-0.153822236399129	0.119	0.164	9.05467582472917e-10	UIMC1	c2
2.77446660130562e-14	-0.388446368670991	0.03	0.053	9.30500608745879e-10	MAPK9	c2
2.77812015795793e-14	-0.170079962491683	0.158	0.209	9.31725938575932e-10	ARHGEF7	c2
2.78763803114416e-14	-0.413419338283489	0.03	0.054	9.34918042885128e-10	PIDD1	c2
2.8908713898005e-14	-0.187292265247988	0.062	0.095	9.6954044671129e-10	GPR137	c2
2.91085954420187e-14	-0.244953835971571	0.097	0.136	9.76244073934422e-10	KIZ	c2
2.91390137628483e-14	-0.150707865270017	0.257	0.324	9.77264243578406e-10	UBTF	c2
2.92167413311265e-14	-0.134084415001243	0.266	0.338	9.7987107076332e-10	TOR1AIP1	c2
2.93053379909648e-14	-0.223058872438622	0.087	0.125	9.82842425540977e-10	NME7	c2
2.96842663785172e-14	-0.314535438163535	0.059	0.09	9.95550925802711e-10	SLC5A3	c2
3.01205895214964e-14	-0.303984697606792	0.033	0.058	1.01018433137195e-09	CCDC51	c2
3.06367127564669e-14	-0.131537502919317	0.191	0.249	1.02749407242639e-09	URI1	c2
3.09011177717216e-14	-0.246748356021505	0.054	0.085	1.036361687828e-09	TRAPPC13	c2
3.11009434974281e-14	-0.13707316217089	0.146	0.197	1.04306344301674e-09	CCAR2	c2
3.11255357957843e-14	-0.220689079640378	0.097	0.137	1.04388821951901e-09	VPS39	c2
3.11955945283512e-14	-0.146191291794704	0.323	0.399	1.04623784929184e-09	PCM1	c2
3.13723655922379e-14	-1.80275084925461	0.004	0.018	1.05216639723247e-09	ATP1A3	c2
3.16968316175687e-14	-0.199481798706465	0.126	0.171	1.06304833879002e-09	DMTF1	c2
3.18303738216283e-14	-1.20969960966247	0.007	0.022	1.06752707722977e-09	MIR9-3HG	c2
3.21678822698157e-14	-0.271471564217372	0.047	0.075	1.07884643556508e-09	SLC16A1	c2
3.32708443998319e-14	-1.41120540180613	0.002	0.013	1.11583757948156e-09	WDR62	c2
3.32761655400251e-14	-0.147227844228526	0.182	0.238	1.11601603988136e-09	RBM6	c2
3.35272479004259e-14	-0.153770364851496	0.088	0.126	1.12443684008449e-09	GTF2H3	c2
3.36990444078538e-14	-0.31732981131205	0.087	0.124	1.1301985513506e-09	MAP3K1	c2
3.39909119407652e-14	-0.123255752749112	0.129	0.176	1.13998720466938e-09	MTA1	c2
3.42631146561447e-14	-0.147364099341998	0.163	0.215	1.14911633933778e-09	MIDN	c2
3.46180263854212e-14	-0.938453181395144	0.013	0.031	1.16101936891426e-09	CRIM1	c2
3.54219166494636e-14	-0.106923014692701	0.176	0.233	1.18798024058971e-09	ARMC8	c2
3.6217592974613e-14	-0.10754804240978	0.22	0.285	1.21466563318257e-09	RNF115	c2
3.642333784722e-14	-0.125771491864793	0.242	0.312	1.22156590472006e-09	BCCIP	c2
3.66201062768203e-14	0.95299032520889	0.041	0.025	1.228165124312e-09	H1F0	c2
3.68947290485929e-14	-0.138556158384022	0.294	0.368	1.23737542283171e-09	METTL23	c2
3.75780092388692e-14	-0.200403215789118	0.108	0.15	1.2602912738532e-09	ACBD5	c2
3.77429500197399e-14	-4.27035245994975	0.001	0.011	1.26582305776204e-09	CPM	c2
3.77452945355292e-14	-0.333320303117564	0.053	0.083	1.26590168813258e-09	TRAPPC11	c2
3.79293036510703e-14	-0.289525987830173	0.3	0.359	1.2720729858496e-09	CD82	c2
3.81968342628409e-14	-3.26941813871326	0.001	0.011	1.28104542750716e-09	HIST1H3F	c2
4.010813732611e-14	-0.165404731849605	0.142	0.19	1.34514670964308e-09	STX12	c2
4.03034087590072e-14	-0.358685388513954	0.059	0.09	1.35169572295958e-09	ABCD2	c2
4.06537640036976e-14	-0.1635134312319	0.091	0.13	1.36344593715601e-09	DPH7	c2
4.08205534401589e-14	-3.87697490825634	0	0.01	1.36903972127605e-09	E2F7	c2
4.11848622537846e-14	0.402449883432344	0.266	0.236	1.38125791026743e-09	AHR	c2
4.13112832969648e-14	-0.147853850879785	0.527	0.611	1.3854978192136e-09	COX7A2L	c2
4.1763232395016e-14	-0.13314463031664	0.181	0.238	1.40065528806405e-09	C1orf123	c2
4.19152956340586e-14	-0.121915196679014	0.751	0.804	1.40575518497506e-09	RPS17	c2
4.22349929784851e-14	-0.185272850080557	0.084	0.121	1.41647719451243e-09	ETFDH	c2
4.2511835607966e-14	-0.219805663200251	0.079	0.114	1.42576194261996e-09	KLHL6	c2
4.26396024315785e-14	-0.165215387189333	0.345	0.421	1.43004698635028e-09	MFSD10	c2
4.3039104985527e-14	-0.168699929636197	0.102	0.142	1.4434455030046e-09	TP53TG1	c2
4.58474993388714e-14	-0.131867752259803	0.129	0.176	1.53763343282707e-09	ELAC2	c2
4.59900017561052e-14	-0.323026572149042	0.1	0.139	1.54241267889626e-09	UGCG	c2
4.5996832662859e-14	-0.150391379705192	0.116	0.159	1.54264177384696e-09	CUL2	c2
4.6070824393437e-14	-0.193927169486953	0.101	0.141	1.54512330850709e-09	C6orf47	c2
4.63733019209825e-14	-0.125741165656216	0.188	0.246	1.55526779982591e-09	GLTP	c2
4.69114964126367e-14	-0.183555069219723	0.297	0.367	1.57331776668701e-09	SYTL1	c2
4.7136996000439e-14	-0.144512925889305	0.1	0.141	1.58088057186272e-09	USP5	c2
4.72177643014793e-14	-0.699437210907017	0.021	0.042	1.58358937914301e-09	TGFBR3L	c2
4.7373036686941e-14	-0.440259690400127	0.03	0.053	1.58879690440663e-09	TATDN2	c2
4.79084408588753e-14	-1.76677242565724	0.004	0.017	1.60675328952496e-09	AC018797.2	c2
4.87631224702098e-14	-1.2272588598076	0.049	0.075	1.6354176014059e-09	TRAV19	c2
4.87947651148104e-14	-5.39524827203845	0	0.01	1.63647883242051e-09	S1PR5	c2
4.89151465796856e-14	-1.30907941998741	0.005	0.019	1.6405161859895e-09	AC016773.1	c2
4.90606352446493e-14	-0.353850262009436	0.059	0.09	1.64539558483505e-09	NCDN	c2
4.91156675791897e-14	-0.178038148776639	0.089	0.128	1.64724125927086e-09	NUP153	c2
5.0540248851225e-14	-0.143444029814102	0.363	0.443	1.69501886597238e-09	PDCD5	c2
5.10998143937613e-14	-0.111419576654777	0.16	0.213	1.71378557513797e-09	PRPSAP1	c2
5.16367595142881e-14	-0.284981943451933	0.055	0.085	1.7317936405902e-09	MYPOP	c2
5.19451705627861e-14	-0.674561720980934	0.007	0.022	1.74213713033472e-09	C21orf58	c2
5.21899614996881e-14	-0.14909398234013	0.093	0.132	1.75034692877654e-09	NKIRAS2	c2
5.30009493454096e-14	-0.12405306105593	0.087	0.126	1.77754583914635e-09	YIPF2	c2
5.36641789551218e-14	-0.160354276543736	0.101	0.141	1.79978923379687e-09	ZDHHC20	c2
5.42882974597867e-14	-0.306831696621327	0.049	0.078	1.82072092020633e-09	PRR3	c2
5.43803358581483e-14	-0.184044040022981	0.044	0.072	1.82380770401058e-09	POLD1	c2
5.46762352012608e-14	-0.28667906850182	0.059	0.09	1.83373157617988e-09	SNIP1	c2
5.49641782376687e-14	-0.192698266421966	0.098	0.138	1.84338860973493e-09	MEF2A	c2
5.49920095482948e-14	-0.337539552262476	0.062	0.094	1.84432201623071e-09	EIF5A2	c2
5.58296895319452e-14	-0.347296268287987	0.038	0.064	1.87241612752238e-09	TCEANC2	c2
5.59195605238312e-14	-0.171068241061617	0.196	0.252	1.87543022084825e-09	BTN3A1	c2
5.6065106683456e-14	-0.335100223695944	0.055	0.085	1.88031154794975e-09	METTL18	c2
5.61625578140669e-14	-0.111279039072749	0.241	0.31	1.88357986396817e-09	COA3	c2
5.62412625160994e-14	-0.175330513697013	0.111	0.153	1.88621946226494e-09	PARN	c2
5.68750931888775e-14	-0.160381918119144	0.372	0.448	1.90747687536857e-09	PRKACB	c2
5.69213827240031e-14	-1.3497169055548	0.003	0.016	1.90902933379762e-09	RDM1	c2
5.76603558903395e-14	0.556561213099967	0.119	0.091	1.93381301585021e-09	TCEAL4	c2
5.83490021455324e-14	-0.190372259533663	0.089	0.127	1.95690883395687e-09	SMG5	c2
5.85114178976809e-14	-0.378306809982188	0.048	0.076	1.96235593345242e-09	ARL15	c2
5.90179311979354e-14	-0.149687773642265	0.304	0.38	1.97934337651636e-09	ACADVL	c2
5.94597225804282e-14	0.168845914088297	0.565	0.552	1.9941601759024e-09	SYNE2	c2
5.95513328571345e-14	-0.557562653012864	0.013	0.03	1.99723260136258e-09	EEF1AKMT4	c2
5.96095757958921e-14	-0.112768844807224	0.142	0.192	1.99918595304263e-09	MRPS22	c2
6.01977908129015e-14	-0.152357025034523	0.21	0.27	2.01891350828309e-09	EFCAB14	c2
6.07269155061653e-14	-3.32296184735282	0.001	0.011	2.03665929224577e-09	TP73	c2
6.17821754597506e-14	-0.231969234791179	0.073	0.108	2.07205060056912e-09	TRAK2	c2
6.21730786369937e-14	-0.13333302832352	0.073	0.108	2.08516071132749e-09	PPIL1	c2
6.28368098658437e-14	-0.141342926965355	0.106	0.148	2.10742092928067e-09	DPP9	c2
6.35502161833894e-14	-0.16153812875064	0.362	0.438	2.13134715035851e-09	MRPS6	c2
6.52568576635212e-14	-0.123674196310563	0.103	0.145	2.18858449231917e-09	CXorf40B	c2
6.57108641688731e-14	-0.128845172741652	0.355	0.437	2.20381096249567e-09	KDELR2	c2
6.60223507812616e-14	-0.37169990267957	0.027	0.05	2.21425760050195e-09	HNRNPUL2	c2
6.63723314867328e-14	-0.922866940612542	0.01	0.026	2.22599525340205e-09	MORC2	c2
6.65406710745959e-14	-1.44330023580137	0.005	0.019	2.2316410264998e-09	SLC43A2	c2
6.68477846535068e-14	-0.149971086449506	0.242	0.307	2.24194100170931e-09	PPP4R3B	c2
6.74417914567892e-14	-0.275696843959109	0.051	0.08	2.26186280187780e-09	MLKL	c2
6.91904655770517e-14	-0.224754636785045	0.086	0.123	2.32050983452316e-09	DIS3	c2
6.94765804271028e-14	-0.248779351998764	0.05	0.08	2.33010555436417e-09	GTF2H4	c2
7.03298657725252e-14	-0.456441660404283	0.017	0.036	2.35872303827895e-09	LIN9	c2
7.19911226078521e-14	-0.10435700464009	0.086	0.124	2.41443827002214e-09	CEP63	c2
7.30732525243938e-14	-0.128100035230368	0.202	0.262	2.45073074316312e-09	C1GALT1	c2
7.37745374171487e-14	-0.453586943245614	0.022	0.043	2.47425043589633e-09	STRN4	c2
7.40467917705621e-14	-0.165037766476957	0.454	0.532	2.48338130240111e-09	FERMT3	c2
7.41084274919157e-14	-0.305987466682832	0.06	0.091	2.48544844122387e-09	STRBP	c2
7.41400699074464e-14	-0.192891396224882	0.099	0.139	2.48650966455594e-09	BTAF1	c2
7.43754699553357e-14	-0.252527178244574	0.082	0.117	2.49440451136205e-09	TRRAP	c2
7.45267534669036e-14	-0.157403508515865	0.127	0.173	2.49947825777301e-09	ANKRD13D	c2
7.49569871462575e-14	-1.55762687988013	0.004	0.017	2.51390743491119e-09	NAT14	c2
7.49941943040327e-14	-0.142802661054654	0.329	0.411	2.51515528856865e-09	LRPAP1	c2
7.55126897494766e-14	-0.264627001268471	0.055	0.085	2.53254458881795e-09	ZDHHC21	c2
7.55805470347428e-14	-0.114031279462755	0.185	0.243	2.5348203864512e-09	FAM120AOS	c2
7.60810778676583e-14	-0.413343315174362	0.032	0.056	2.55160718952552e-09	NDOR1	c2
7.80790487388408e-14	-0.146812301559453	0.121	0.166	2.61861513660324e-09	FAF2	c2
7.81062949380062e-14	-0.143410253722923	0.165	0.218	2.61952891963085e-09	AKT2	c2
7.82264453893117e-14	-6.72457979376149	0	0.01	2.62355852546674e-09	MEF2C	c2
7.98421178767364e-14	-0.406488017892859	0.031	0.055	2.67774494934998e-09	CBR4	c2
8.27441276553247e-14	-0.542022199173164	0.022	0.043	2.77507255330428e-09	ZNF408	c2
8.32574460758923e-14	-0.143301832513746	0.254	0.321	2.79228822649328e-09	SNRNP200	c2
8.43822898652206e-14	0.536000646372964	0.24	0.214	2.83001323749977e-09	BORCS5	c2
8.4570844756977e-14	-0.137432212821392	0.145	0.193	2.83633699145950e-09	TRMT10C	c2
8.46427213038535e-14	-0.141623662327806	0.161	0.213	2.83874758708864e-09	ICE1	c2
8.47925698985175e-14	-0.127180233736162	0.122	0.167	2.84377320925648e-09	SMG7	c2
8.48101960640517e-14	-0.18716448389947	0.131	0.175	2.84436435559617e-09	MOAP1	c2
8.59190042814962e-14	-0.327475396223981	0.036	0.061	2.88155156559282e-09	PRMT6	c2
8.62712964898966e-14	-0.297521019791852	0.06	0.091	2.89336674167815e-09	KDM4B	c2
8.66380029736294e-14	-0.128996916463387	0.232	0.297	2.90566534372958e-09	KRCC1	c2
8.69232462588281e-14	-0.183803217759622	0.306	0.378	2.91523183302858e-09	UGP2	c2
8.71133132482462e-14	-0.112908384511936	0.234	0.301	2.92160629971968e-09	MRPL14	c2
8.84556101763793e-14	1.29444678642147	0.022	0.011	2.96662425409541e-09	AC010624.3	c2
9.00530968962644e-14	0.142435427861218	0.792	0.795	3.02020076370692e-09	FUS	c2
9.14661180296922e-14	-0.212188088119669	0.085	0.121	3.06759066647982e-09	MAU2	c2
9.26104787521675e-14	-0.106279578938589	0.152	0.203	3.10597023639019e-09	NEPRO	c2
9.35698020988414e-14	-0.508259817342418	0.015	0.034	3.13814402279094e-09	LANCL2	c2
9.39482512293659e-14	-0.132563549776937	0.344	0.425	3.15083644973047e-09	VPS51	c2
9.51690737058505e-14	-0.174410609250184	0.089	0.127	3.19178039394682e-09	BAG4	c2
9.53628940910685e-14	-0.225611460216235	0.096	0.135	3.19828074202626e-09	INTS8	c2
9.54324445487157e-14	-2.75460467275335	0.001	0.012	3.20061332527483e-09	CLEC11A	c2
9.59446381815444e-14	1.4232396431328	0.014	0.006	3.21779127533264e-09	FAAH	c2
9.75101815895728e-14	-0.118079764125452	0.264	0.334	3.27029647015109e-09	CAMLG	c2
9.76251925776919e-14	-0.206189839295505	0.433	0.507	3.27415370867063e-09	SAMHD1	c2
9.80318590397842e-14	-0.129427424106567	0.144	0.193	3.28779248847628e-09	C5orf15	c2
9.96243896341766e-14	-0.233074188992657	0.069	0.102	3.34120277955101e-09	CSNK1G1	c2
9.96912769768686e-14	-0.266108269146578	0.059	0.09	3.34344604725022e-09	DENND4B	c2
9.97110327688878e-14	-2.69068902282443	0.001	0.012	3.34410861700296e-09	C16orf45	c2
1.00004021906177e-13	-0.127241594683674	0.179	0.234	3.35393488668938e-09	RING1	c2
1.00039747665609e-13	-0.372387459710027	0.049	0.078	3.35513305720921e-09	SLC35E3	c2
1.01065441545295e-13	-0.46234322128844	0.032	0.055	3.38953277854609e-09	SCAMP1-AS1	c2
1.0333491223108e-13	-0.179674970537408	0.08	0.116	3.46564628640596e-09	RBM4B	c2
1.04196045924002e-13	-0.124024095188504	0.121	0.165	3.49452698819916e-09	RNF40	c2
1.04219636337258e-13	-0.120585780271983	0.3	0.377	3.49531816347895e-09	HSF1	c2
1.05998915335611e-13	-0.165552384566671	0.094	0.133	3.55499162252572e-09	MFSD14B	c2
1.07325269940775e-13	-0.132556131571868	0.182	0.237	3.59947490327372e-09	AP3B1	c2
1.07326278721542e-13	-0.262219642398592	0.055	0.085	3.59950873576308e-09	ZFYVE19	c2
1.09614265264756e-13	-0.222925672798718	0.049	0.078	3.67624322844939e-09	SLC39A3	c2
1.10177002851178e-13	-0.102140888984788	0.164	0.217	3.6951163216228e-09	PLRG1	c2
1.1108193110403e-13	-3.7153843152624	0.001	0.01	3.72546580536696e-09	IQSEC3	c2
1.11944521183968e-13	-0.311711547341369	0.044	0.071	3.75439535146792e-09	CHRNB1	c2
1.12134838921223e-13	-0.18071332393152	0.087	0.124	3.76077822773998e-09	HMGXB3	c2
1.13549839479514e-13	-0.280150412544051	0.076	0.11	3.80823451646393e-09	SURF6	c2
1.13819542879684e-13	-0.273115389416595	0.045	0.072	3.81727982909885e-09	TADA2A	c2
1.15397202587792e-13	-0.18612126886092	0.039	0.065	3.87019138038936e-09	TEDC1	c2
1.15506496051019e-13	-0.127358728976942	0.152	0.203	3.87385686455906e-09	SLC25A32	c2
1.15657030481161e-13	-0.112039763220535	0.306	0.384	3.87890548827718e-09	BCL7B	c2
1.17070188614464e-13	-0.367486349387077	0.036	0.06	3.92629998575188e-09	C17orf80	c2
1.20271283596143e-13	-0.518095004667656	0.034	0.058	4.03365830924746e-09	CHST7	c2
1.21225097325992e-13	-0.282855529796799	0.043	0.07	4.06564731411912e-09	CCP110	c2
1.23181809786253e-13	-0.223225278658542	0.168	0.217	4.13127153661135e-09	DNAJC9	c2
1.23198901758983e-13	-0.104022460664052	0.219	0.284	4.13184476719279e-09	SMIM19	c2
1.2355823199217e-13	-0.10048204850647	0.099	0.139	4.1438959845534e-09	MTX2	c2
1.24934342757613e-13	-0.106839355443205	0.203	0.263	4.19004798740481e-09	PSMD12	c2
1.25747214791982e-13	-0.138767922879586	0.536	0.619	4.21731008969350e-09	SELENOT	c2
1.27300730898516e-13	-0.144929817184097	0.561	0.631	4.26941191287443e-09	PA2G4	c2
1.28043619094316e-13	-0.158688243360003	0.171	0.224	4.29432689718516e-09	ARL16	c2
1.28092389785281e-13	-0.27811196186012	0.054	0.084	4.29596256861876e-09	WDR7	c2
1.29201649366873e-13	-0.129510064345242	0.477	0.566	4.33316491646618e-09	VDAC2	c2
1.29999551860366e-13	-0.129312362882718	0.177	0.233	4.35992497029295e-09	MRPS30	c2
1.30263530680729e-13	0.461919892177384	0.257	0.232	4.36877829197029e-09	TPD52	c2
1.30935177899437e-13	0.403907027407399	0.298	0.272	4.3913039963913e-09	PLK3	c2
1.31146481049408e-13	-0.457191430914741	0.032	0.056	4.39839068143506e-09	ADCK5	c2
1.31748303074809e-13	-0.521452551826719	0.019	0.038	4.41857458852294e-09	ENDOG	c2
1.32794623518825e-13	-0.13683125214442	0.434	0.524	4.45366608357434e-09	OCIAD1	c2
1.33660398506177e-13	-0.139765064027075	0.07	0.104	4.48270244510017e-09	FAM210A	c2
1.35239001426339e-13	-0.135341224680384	0.152	0.202	4.53564562983657e-09	CXXC1	c2
1.36908031600011e-13	-0.849994242257783	0.007	0.021	4.59162156380117e-09	FAAP24	c2
1.40180378141738e-13	-0.172801753001623	0.126	0.17	4.7013695221176e-09	DGLUCY	c2
1.40349394364505e-13	-0.508763806066494	0.021	0.041	4.70703798819677e-09	POP1	c2
1.45485001001787e-13	-0.305465183787283	0.517	0.575	4.87927596359793e-09	FCMR	c2
1.46249334633007e-13	-0.244690875743168	0.068	0.101	4.90491018492178e-09	VPS52	c2
1.46331172712376e-13	-0.106658397214515	0.339	0.422	4.90765487042766e-09	NDUFA11	c2
1.46633150476597e-13	-0.402186193579639	0.03	0.052	4.91778260068412e-09	MED20	c2
1.48095157967776e-13	-0.125767616197108	0.139	0.187	4.96681540792327e-09	EDEM3	c2
1.52944697762187e-13	0.353684662985134	0.303	0.274	5.12945927354824e-09	DPYD	c2
1.53074521160249e-13	-0.121583792703575	0.227	0.291	5.13381329067242e-09	NUDT16L1	c2
1.55225310132386e-13	-0.301452522223488	0.066	0.098	5.20594645121997e-09	SLC37A1	c2
1.55561495972991e-13	-0.106823763887482	0.116	0.16	5.21722145194218e-09	SCFD1	c2
1.56976184790486e-13	0.497646536192656	0.148	0.119	5.26466728550332e-09	C3AR1	c2
1.57852439558645e-13	-0.118721003423716	0.217	0.277	5.29405511791784e-09	RASSF7	c2
1.59221668232132e-13	0.250295507871832	0.545	0.543	5.33997630916925e-09	SDCBP	c2
1.5954461294513e-13	-0.270449326553407	0.048	0.076	5.35080722895376e-09	C22orf34	c2
1.60491156462622e-13	-0.259976884187974	0.05	0.078	5.38255240544341e-09	ACBD3	c2
1.60791604870476e-13	-0.339170099591292	0.038	0.063	5.39262884414602e-09	TUBGCP4	c2
1.61269865098658e-13	-0.279775276688162	0.031	0.054	5.40866873567878e-09	TAF5	c2
1.63427916591774e-13	-0.132771112713849	0.142	0.19	5.48104546665491e-09	TXNRD1	c2
1.65098284372438e-13	-0.15493533576894	0.067	0.1	5.53706626128284e-09	BBS7	c2
1.65575954815202e-13	-0.171364922101194	0.122	0.165	5.55308637259224e-09	MAN1B1	c2
1.65627112121757e-13	0.591184347804925	0.094	0.069	5.55480208633948e-09	ADRB2	c2
1.65720028129164e-13	-0.179168287040105	0.102	0.142	5.55791830339591e-09	RNF20	c2
1.67728161222317e-13	-0.164056748858517	0.189	0.243	5.62526707107406e-09	KANSL1	c2
1.68030948571816e-13	-0.13146984713774	0.131	0.177	5.63542195320158e-09	SLC35B2	c2
1.77410122693156e-13	-0.130091616307773	0.715	0.781	5.94998069488307e-09	SRSF5	c2
1.78172025842377e-13	-0.285315792817623	0.057	0.087	5.97553340270164e-09	PHF8	c2
1.7855036625045e-13	-0.176799865891584	0.096	0.134	5.98822218330759e-09	TCTA	c2
1.78742121152916e-13	-0.731236343466865	0.019	0.038	5.9946532592265e-09	VWA5A	c2
1.83544257795961e-13	0.963158322191231	0.083	0.06	6.15570731796093e-09	EFCAB2	c2
1.85272296608175e-13	-0.340524645278591	0.034	0.058	6.21366228364498e-09	NDUFAF5	c2
1.86160870616077e-13	-0.345457347897038	0.041	0.067	6.243463278722e-09	FDXR	c2
1.88236668351048e-13	-0.3129400574997	0.084	0.119	6.31308138315744e-09	PIKFYVE	c2
1.89693521508914e-13	-0.255358474449843	0.058	0.088	6.36194132436596e-09	CEP164	c2
1.91833621113352e-13	-1.39410469365331	0.007	0.021	6.43371598489959e-09	PLEKHG3	c2
1.92576164618112e-13	-0.137096243769476	0.324	0.401	6.45861940896224e-09	FBXO7	c2
1.94188113349032e-13	-0.266858638505428	0.045	0.072	6.51268094549985e-09	BPNT1	c2
1.96156641791402e-13	-0.140878318653622	0.088	0.125	6.57870145240003e-09	HDHD2	c2
1.96626121514215e-13	-0.312967315819379	0.051	0.08	6.59444686334374e-09	AC008124.1	c2
1.9680097464481e-13	-0.527108294657769	0.022	0.042	6.60031108763764e-09	DHX33	c2
1.97434703172688e-13	-0.210173656350227	0.096	0.134	6.6215650750056e-09	AL390728.5	c2
1.97884974684878e-13	0.104725691099401	0.824	0.826	6.63666628098144e-09	LEPROTL1	c2
1.99356647296717e-13	0.65043862609712	0.093	0.069	6.68602323703729e-09	F11R	c2
2.01888851242128e-13	-0.269064869573707	0.062	0.093	6.77094829295849e-09	BAP1	c2
2.06303590157869e-13	-0.445338918137805	0.022	0.042	6.91900980671462e-09	RMI1	c2
2.08370513618119e-13	-0.162200394571827	0.089	0.126	6.98833028572448e-09	TOR1B	c2
2.09362692315885e-13	-0.440349766663345	0.024	0.045	7.02160597489016e-09	SFXN2	c2
2.10769879698143e-13	1.58221387454452	0.011	0.004	7.06880022531632e-09	SIAH3	c2
2.10888178884448e-13	-0.382234405877982	0.043	0.069	7.07276774342661e-09	TEPSIN	c2
2.1099000863355e-13	-0.136080079692109	0.293	0.366	7.07618290955198e-09	USP16	c2
2.17437765696144e-13	-0.239461668723129	0.052	0.081	7.29242778591727e-09	RRNAD1	c2
2.18104947765897e-13	-0.250096698980003	0.061	0.091	7.31480373817265e-09	GTPBP1	c2
2.20576272012066e-13	-0.131968568850803	0.106	0.147	7.39768701074066e-09	CNOT11	c2
2.22250397174675e-13	-0.157320407977974	0.256	0.32	7.45383382044426e-09	MANF	c2
2.22870441912209e-13	-0.150623812568944	0.557	0.619	7.47462888085166e-09	NAP1L1	c2
2.26291059471619e-13	-0.219038757229125	0.074	0.108	7.58934955255916e-09	MRGBP	c2
2.26549487482587e-13	-0.205836299849197	0.047	0.074	7.59801671119099e-09	CDC34	c2
2.28672036821754e-13	-0.177675947980815	0.081	0.117	7.66920277092798e-09	RPL39L	c2
2.29783028835914e-13	-0.110102241037473	0.25	0.318	7.70646322109887e-09	RAB18	c2
2.313189311412e-13	-0.162854592010927	0.165	0.215	7.75797431261356e-09	CNST	c2
2.33847952366274e-13	-0.164507583141265	0.478	0.556	7.8427926264601e-09	CMTM3	c2
2.37947793494975e-13	-0.392310721780981	0.033	0.056	7.98029309823446e-09	LRRC8A	c2
2.44959479089566e-13	-2.55364076577774	0.002	0.012	8.21545100970588e-09	DPY19L2	c2
2.57877305920517e-13	-0.177197351304087	0.075	0.109	8.64868908596232e-09	VPS35L	c2
2.58934975787569e-13	-0.105282247007354	0.196	0.256	8.6841612179635e-09	CDS2	c2
2.62544124416067e-13	-2.43594944085055	0.001	0.011	8.80520484466606e-09	SLC17A9	c2
2.62575737786684e-13	-0.124645087782063	0.206	0.267	8.8062650938898e-09	NSFL1C	c2
2.63260861330592e-13	-0.117569176531514	0.162	0.213	8.82924276730541e-09	DHX29	c2
2.65737115008968e-13	-0.132857569323754	0.114	0.156	8.91229136317077e-09	UBR1	c2
2.66286315318746e-13	-0.230888870839315	0.043	0.069	8.93071044316011e-09	RABL3	c2
2.69106218136259e-13	-0.203195540023862	0.185	0.236	9.02528434385384e-09	CDIP1	c2
2.76491026813218e-13	-0.15467629599506	0.138	0.184	9.27295605726169e-09	SLAIN2	c2
2.76570486770793e-13	-0.72868686090478	0.014	0.031	9.27562098531885e-09	ABHD17B	c2
2.76685556688433e-13	-0.203550848352665	0.107	0.146	9.27948020021666e-09	LEMD3	c2
2.76997772731473e-13	-0.178469302628234	0.103	0.142	9.28995130186814e-09	TMEM175	c2
2.77401760947939e-13	-0.32939172035356	0.017	0.035	9.30350025867199e-09	CHTF18	c2
2.77983871284366e-13	-0.55868524595789	0.026	0.047	9.32302307513506e-09	TAB3	c2
2.79836041184559e-13	-0.226423769591409	0.078	0.112	9.38514114924773e-09	ZNF335	c2
2.8581715983658e-13	-0.189701300629423	0.091	0.128	9.58573590659923e-09	GPX7	c2
2.86229275135436e-13	-0.392048705113878	0.049	0.077	9.59955742949225e-09	CCDC159	c2
2.86691673254371e-13	-0.573707667322019	0.018	0.037	9.61506533760508e-09	CEP76	c2
2.90432286305575e-13	-1.27172599980239	0.007	0.021	9.74051801811637e-09	UTS2	c2
2.94143668248321e-13	-1.1145193942184	0.016	0.034	9.86499034571218e-09	IL17RE	c2
2.96944688574628e-13	-0.320823858514625	0.047	0.074	9.95893096541588e-09	SLC35B4	c2
2.98366485883039e-13	0.878606674265295	0.045	0.028	1.00066152035454e-08	FBP1	c2
2.99334916775102e-13	-0.259864503095965	0.068	0.1	1.00390944388034e-08	PECR	c2
3.00648247837788e-13	-0.40798719612768	0.023	0.043	1.00831409359837e-08	NEMP1	c2
3.0213910425688e-13	-0.225862848577897	0.072	0.105	1.01331412785673e-08	ADAM17	c2
3.07067576682144e-13	-0.13594090633921	0.101	0.14	1.02984323867657e-08	CIZ1	c2
3.1406881087878e-13	-0.129390573751534	0.172	0.224	1.05332397792525e-08	CUL1	c2
3.14806621291932e-13	-0.134806893768446	0.428	0.512	1.05579844648888e-08	LSM14A	c2
3.17916837209475e-13	-0.134346553992988	0.161	0.212	1.06622948863314e-08	TOMM40	c2
3.18363360876939e-13	-0.38393883584183	0.035	0.058	1.06772703970908e-08	ZNF700	c2
3.18730215250124e-13	-0.124259009071851	0.164	0.216	1.06895739590587e-08	BSDC1	c2
3.2010256160134e-13	-0.287370621689497	0.041	0.066	1.07355997109857e-08	RAB30-AS1	c2
3.20350150434081e-13	-0.239282591712604	0.062	0.092	1.07439033452582e-08	USP21	c2
3.25076846117892e-13	0.319978792766115	0.438	0.416	1.09024272651019e-08	MAP3K8	c2
3.31602671121189e-13	-0.244068180264582	0.052	0.081	1.11212903840625e-08	DPH2	c2
3.31714371225728e-13	-1.20841760409035	0.005	0.018	1.11250365821685e-08	ARHGAP11B	c2
3.33493029835604e-13	-0.395469934255996	0.047	0.074	1.11846892346265e-08	TMEM161B-AS1	c2
3.35860187501372e-13	-0.10882448593143	0.232	0.296	1.1264078968421e-08	NIFK	c2
3.39830669221091e-13	-0.126335101010099	0.144	0.192	1.1397240984337e-08	SEPT11	c2
3.43195312184037e-13	-1.85167802361377	0.002	0.013	1.15100843800282e-08	GPR19	c2
3.43238947139709e-13	1.07753722746336	0.033	0.019	1.15115478091716e-08	CXorf57	c2
3.43576837116323e-13	-0.184310824978872	0.074	0.107	1.15228799632073e-08	TRIM41	c2
3.43783961548557e-13	-0.1333343066863	0.09	0.127	1.15298265024155e-08	TAF2	c2
3.45072105483611e-13	-0.202442709659932	0.096	0.133	1.15730282737093e-08	KIAA0100	c2
3.45446999743737e-13	0.9898940020884	0.032	0.018	1.15856014774054e-08	FAM171A1	c2
3.46597606392518e-13	-0.119336332294636	0.204	0.264	1.16241905231923e-08	MRPS33	c2
3.58598899384973e-13	-0.503845536420945	0.03	0.052	1.20266898875732e-08	SLC35D2	c2
3.5863925979631e-13	1.33501270176354	0.02	0.01	1.20280434950486e-08	PLB1	c2
3.61434066156302e-13	0.172991060180219	0.616	0.631	1.212177571075e-08	TOMM20	c2
3.67717346950207e-13	-0.156113365098985	0.449	0.53	1.2332504382016e-08	SYNRG	c2
3.68291749692822e-13	-0.377649021374373	0.028	0.051	1.23517687011979e-08	C4orf33	c2
3.7086134771048e-13	-0.130512120126064	0.252	0.315	1.24379478795141e-08	SMG1	c2
3.7247858225887e-13	-0.356240600104781	0.043	0.069	1.2492186691798e-08	SIAH1	c2
3.76043576784074e-13	-0.211400237385546	0.066	0.097	1.26117494781843e-08	DPH5	c2
3.76653845278822e-13	-0.876610356426895	0.009	0.024	1.26322166629611e-08	ASPHD2	c2
3.77236823539078e-13	-1.8512571393494	0.003	0.014	1.26517685878536e-08	C1R	c2
3.78045786544015e-13	-0.200894595677616	0.085	0.121	1.26788995891132e-08	MOB2	c2
3.82591785540478e-13	-0.100882810083949	0.166	0.219	1.28313633034565e-08	ITFG1	c2
3.87493094055111e-13	-1.37509062303434	0.003	0.014	1.29957433884203e-08	ASRGL1	c2
3.87817146528709e-13	-0.255176291934613	0.058	0.087	1.30066114602798e-08	EIF1AD	c2
3.87821878693537e-13	1.26025705095825	0.014	0.006	1.30067701676238e-08	ARHGAP5-AS1	c2
3.90246262013326e-13	-0.224575115502754	0.147	0.193	1.30880791354029e-08	SPTBN1	c2
3.9740909388013e-13	-0.303439054648423	0.063	0.093	1.33283061905518e-08	PVRIG	c2
3.97471427184922e-13	-0.278479304218468	0.079	0.112	1.33303967249279e-08	NCOR2	c2
3.97582957638905e-13	-0.505697053590875	0.024	0.044	1.33341372332936e-08	FAM111A-DT	c2
4.07043953589395e-13	-0.190838106921724	0.061	0.092	1.36514401154811e-08	PAAF1	c2
4.07283172189421e-13	-0.163284282184861	0.488	0.572	1.36594630288888e-08	ARGLU1	c2
4.09982127921328e-13	-0.126808587620296	0.208	0.267	1.37499806062255e-08	PPWD1	c2
4.12581177107185e-13	-0.197326735296098	0.079	0.113	1.38371475178208e-08	RIOX1	c2
4.14286535061826e-13	-0.256240914332749	0.045	0.072	1.38943418129035e-08	KTI12	c2
4.18773309988782e-13	-0.324641464336149	0.034	0.057	1.40448192704038e-08	ZW10	c2
4.20597340039428e-13	-0.471284187200712	0.014	0.031	1.41059935902423e-08	DOT1L	c2
4.26617444751852e-13	-0.533059357694923	0.032	0.054	1.43078958620876e-08	AVPI1	c2
4.33262677329946e-13	-0.179589519358632	0.076	0.11	1.45307636722917e-08	C21orf2	c2
4.34913866621232e-13	-0.314997637018976	0.032	0.055	1.45861412587429e-08	DENND1A	c2
4.35633104869209e-13	-2.23829105696249	0.002	0.013	1.46102630711035e-08	LINC02195	c2
4.39886681378255e-13	-0.101094387121542	0.166	0.219	1.47529195200639e-08	PDHA1	c2
4.48554363889169e-13	-0.189643796384831	0.07	0.103	1.50436162561149e-08	LIN37	c2
4.51059823317571e-13	-0.151925730438194	0.112	0.153	1.51276443544247e-08	CASP8AP2	c2
4.64139535079517e-13	-0.252299978477376	0.011	0.027	1.55663117274968e-08	CENPS-CORT	c2
4.64821403056423e-13	-0.123774040841621	0.331	0.41	1.55891802157063e-08	ZRANB2	c2
4.68205950715713e-13	-0.530187941349755	0.013	0.029	1.57026911751036e-08	MCM8	c2
4.70032966813436e-13	-2.0622686352716	0.004	0.016	1.5763965640989e-08	CDKL2	c2
4.71193146492904e-13	-0.355416727720791	0.048	0.075	1.5802875747079e-08	MED12	c2
4.72457931754382e-13	-0.163162381251163	0.116	0.158	1.58452941151785e-08	WDR20	c2
4.72845666362533e-13	-0.13622281365698	0.463	0.541	1.58582979584666e-08	TOMM5	c2
4.72884762644432e-13	-0.132410261903583	0.354	0.433	1.5859609169569e-08	CLPP	c2
4.76139448869385e-13	-0.290638132997495	0.038	0.063	1.59687648361814e-08	NPLOC4	c2
4.82187875041683e-13	-0.190015068404438	0.089	0.126	1.6171616953148e-08	SELENOO	c2
4.86882213998055e-13	-0.266079373077132	0.044	0.07	1.63290556930668e-08	AC027097.1	c2
4.99156288504336e-13	-0.122642292271859	0.19	0.246	1.67407036038584e-08	ELMO1	c2
5.04827588532428e-13	-0.122791940823597	0.201	0.258	1.69309076642006e-08	SECISBP2L	c2
5.08603087626656e-13	-0.265442897657985	0.046	0.073	1.70575303528228e-08	ARL8A	c2
5.11124068651339e-13	-0.619063536888348	0.007	0.021	1.71420790144286e-08	XRCC3	c2
5.12284149080949e-13	-0.19613171987244	0.11	0.15	1.71809857918769e-08	LEMD2	c2
5.17766383042054e-13	-0.225360102355214	0.034	0.057	1.73648489544644e-08	RBM45	c2
5.1830090768137e-13	-0.153606584996492	0.098	0.137	1.73827758418178e-08	AQR	c2
5.1978831086953e-13	-0.175312477486413	0.135	0.179	1.74326603699423e-08	ARFGEF1	c2
5.25318805220322e-13	0.613911785397783	0.105	0.08	1.76181420894792e-08	AC013264.1	c2
5.28098694687623e-13	-0.461560144317793	0.022	0.041	1.77113740224335e-08	SH3BP5L	c2
5.30081729413583e-13	-0.138949947036345	0.143	0.19	1.77778810410727e-08	RDH11	c2
5.36428296428317e-13	-0.227781702970608	0.086	0.121	1.79907322056129e-08	C5orf51	c2
5.42696310896006e-13	-0.270783515271314	0.037	0.061	1.82009488748302e-08	LIAS	c2
5.46699582609085e-13	-0.147868634574961	0.122	0.165	1.83352106015435e-08	COX11	c2
5.48447764507784e-13	-1.33406130410708	0.007	0.021	1.83938411260621e-08	CLDN7	c2
5.51884128003827e-13	-0.11452058947268	0.272	0.344	1.85090898849923e-08	INO80E	c2
5.5335300415268e-13	-0.133724469996823	0.121	0.163	1.85583530532726e-08	EXOC5	c2
5.53357895865773e-13	-0.344407001617876	0.04	0.064	1.85585171115463e-08	DDI2	c2
5.73003099995791e-13	-0.200948396872631	0.101	0.14	1.92173779676588e-08	GPR132	c2
5.77947461922128e-13	-0.165834028095299	0.109	0.149	1.93832019779443e-08	SLK	c2
5.7999000605163e-13	-0.116652811738255	0.092	0.129	1.94517048229596e-08	CTDNEP1	c2
5.815226176925e-13	-0.18444912364398	0.142	0.187	1.9503105552171e-08	KLHL24	c2
5.81958707939625e-13	-0.19658279470783	0.054	0.083	1.95177311468791e-08	METTL6	c2
5.84023793980173e-13	-0.360822165436147	0.039	0.063	1.9586990002507e-08	MEX3C	c2
5.89721546749826e-13	-0.13616709740506	0.221	0.28	1.97780812348956e-08	ERICH1	c2
5.92040122008256e-13	-0.484281075586299	0.032	0.054	1.98558416119129e-08	ALDH5A1	c2
5.92509530971542e-13	-0.122820268021925	0.232	0.294	1.98715846497236e-08	CRBN	c2
5.99802196650987e-13	-0.136253708008936	0.411	0.493	2.01161660712808e-08	IMP3	c2
6.018809944111e-13	-0.312362249643713	0.037	0.061	2.01858847905595e-08	ELAC1	c2
6.01969148527101e-13	-0.123893919146529	0.115	0.156	2.01888413033019e-08	PGM1	c2
6.09897500178208e-13	-2.35073877161399	0.002	0.012	2.04547423609767e-08	DNAJB5	c2
6.10547354889966e-13	-0.304850438085561	0.032	0.055	2.04765371882997e-08	PITPNA	c2
6.14650554971121e-13	-0.196274944548214	0.097	0.134	2.06141503126214e-08	MAP3K5	c2
6.20314080930076e-13	-0.501756327486687	0.012	0.028	2.08040936462329e-08	ZGRF1	c2
6.22606359375563e-13	-0.393583857709521	0.034	0.058	2.08809720807376e-08	PHF10	c2
6.22865615843613e-13	0.146244229112682	0.609	0.603	2.08896670241631e-08	TNFAIP8	c2
6.26868988803819e-13	-0.279703170722346	0.052	0.08	2.10239321465025e-08	SLC38A9	c2
6.29041119031373e-13	-0.764445249974613	0.008	0.022	2.10967810500742e-08	LINC01006	c2
6.34548029685754e-13	-0.128299232773223	0.214	0.272	2.12814718196008e-08	GPBP1L1	c2
6.3600411242038e-13	-0.193767875072712	0.081	0.116	2.13303059223547e-08	RRP1	c2
6.37466216655408e-13	-0.276617881268759	0.054	0.082	2.13793419741891e-08	ZNF507	c2
6.38982544887595e-13	-0.100701797014767	0.22	0.282	2.14301965904402e-08	PPP2R2A	c2
6.41783734514168e-13	-0.12509319011926	0.426	0.509	2.15241428881362e-08	MRPL57	c2
6.42163891531133e-13	-0.133355568201682	0.113	0.154	2.15368925941711e-08	PPM1A	c2
6.42664580428402e-13	-1.20629968106132	0.005	0.017	2.15536846984077e-08	SCARB1	c2
6.44405275805158e-13	-0.114827167204203	0.208	0.268	2.16120641399534e-08	RNF145	c2
6.52180244077037e-13	-0.152183633193237	0.161	0.211	2.18728210258557e-08	SEL1L	c2
6.53664280832653e-13	-0.125653423571637	0.265	0.332	2.19225926505655e-08	SYNCRIP	c2
6.54182577851349e-13	-0.667617256547491	0.027	0.047	2.19399752959785e-08	LY6G5C	c2
6.60912012455557e-13	-0.297061152858965	0.059	0.088	2.21656670737345e-08	ADAT1	c2
6.65041914217783e-13	-0.411534327228086	0.035	0.059	2.2304175719036e-08	HIVEP1	c2
6.68305395435908e-13	-0.155697999956641	0.081	0.116	2.24136263521295e-08	FAM104B	c2
6.70854824191083e-13	-0.177220694133119	0.076	0.11	2.24991290937205e-08	FEM1B	c2
6.77236377108167e-13	-0.160415189644444	0.073	0.106	2.27131536154537e-08	PAK1IP1	c2
6.80300267048797e-13	-0.193994124278586	0.049	0.077	2.28159103562825e-08	MAIP1	c2
6.88810205075272e-13	-0.131289147047672	0.113	0.154	2.31013166578145e-08	SART3	c2
6.9032640186625e-13	-0.149262533619844	0.134	0.178	2.31521668657903e-08	XIAP	c2
6.92624152247717e-13	-0.18276654105145	0.112	0.153	2.32292288180839e-08	MSI2	c2
7.03524713124448e-13	-0.10036503498414	0.125	0.169	2.35948118287678e-08	KPNA1	c2
7.08682430201033e-13	-1.91634876433077	0.003	0.015	2.37677913440822e-08	AHRR	c2
7.10606056335107e-13	-0.110986035889627	0.157	0.207	2.38323059173668e-08	SVBP	c2
7.2349767864379e-13	-1.28641880939709	0.005	0.017	2.42646651463554e-08	FGFR1	c2
7.27774224081596e-13	-1.24719530737585	0.006	0.019	2.44080919272486e-08	SERPINE2	c2
7.35919624134094e-13	-3.17564921353782	0.001	0.01	2.46812723542092e-08	GLDC	c2
7.4251855459277e-13	-0.34927892863996	0.023	0.043	2.49025872839323e-08	DARS2	c2
7.44858925689166e-13	-1.05275604709951	0.01	0.025	2.49810786497633e-08	SLC35G1	c2
7.45744193471287e-13	-0.101823949923937	0.133	0.178	2.501076876064e-08	ZNF410	c2
7.48319579727967e-13	-0.185401987349434	0.087	0.123	2.50971420649165e-08	FAM219B	c2
7.52711675156426e-13	-0.242982355930861	0.058	0.087	2.52444441613962e-08	RBL1	c2
7.58211165636231e-13	-0.512012865078221	0.025	0.045	2.54288860731079e-08	MGAT4B	c2
7.64033975515736e-13	-0.281204370526595	0.078	0.111	2.56241714708467e-08	PEX6	c2
7.70959803869683e-13	-0.14367725615882	0.166	0.216	2.58564499021814e-08	STAT6	c2
7.79158591406646e-13	-0.220909484233365	0.091	0.127	2.61314208385961e-08	FAM120B	c2
8.06886638930824e-13	-0.147165425513651	0.213	0.27	2.7061364096462e-08	TRPV2	c2
8.08566856782157e-13	-0.368511209692842	0.033	0.057	2.711771524276e-08	GK5	c2
8.13425888893738e-13	-0.172918064191918	0.083	0.118	2.72806774617182e-08	CARNMT1	c2
8.16321142184657e-13	-0.139801276642662	0.133	0.178	2.7377778466589e-08	NDUFS1	c2
8.28015482531579e-13	-0.333211282233528	0.024	0.045	2.77699832531441e-08	VKORC1L1	c2
8.54329736494547e-13	-0.803881115707531	0.008	0.022	2.86525107025541e-08	KHDC1	c2
8.801922925281e-13	-1.56296194298656	0.002	0.013	2.95198891068074e-08	AC108047.1	c2
8.85308273594538e-13	0.30000691069668	0.388	0.376	2.96914688798136e-08	GLO1	c2
8.87569510231503e-13	-0.120789266983943	0.791	0.826	2.97673062341442e-08	HMGN1	c2
8.89460249721819e-13	-0.548215822112542	0.02	0.038	2.98307178551704e-08	FBXL8	c2
8.89668105653591e-13	-0.141269114499309	0.127	0.17	2.98376889274101e-08	WASHC2C	c2
8.8990595438509e-13	-0.772908017038184	0.012	0.029	2.98456658981671e-08	SNHG21	c2
8.9512382170439e-13	-0.161507964329645	0.074	0.107	3.00206627323218e-08	PIGK	c2
8.96430221169568e-13	-0.116283914470528	0.205	0.263	3.0064476757585e-08	EML3	c2
9.08622941838289e-13	-0.139134981826868	0.113	0.153	3.04733962233725e-08	RNGTT	c2
9.09479624418399e-13	-0.207244846402581	0.077	0.11	3.05021276437443e-08	C11orf54	c2
9.25078779876115e-13	-0.521757309654734	0.024	0.045	3.10252921194851e-08	TMEM79	c2
9.26459613460639e-13	-2.22611364165504	0.002	0.012	3.10716025162429e-08	CLIP3	c2
9.35307299777009e-13	-0.439343197252417	0.036	0.059	3.13683362199213e-08	USP32	c2
9.3783837980408e-13	-0.103996644821592	0.185	0.24	3.14532235818692e-08	SLC38A10	c2
9.59426366878085e-13	-0.148477728233049	0.061	0.092	3.21772414923572e-08	MCEE	c2
9.66589333698081e-13	-0.485639483192483	0.016	0.034	3.24174730735662e-08	B3GALNT2	c2
9.76008020893509e-13	-0.201830460953814	0.085	0.12	3.27333570047265e-08	SENP5	c2
9.82368200127985e-13	-0.209547089593544	0.113	0.152	3.29466646958923e-08	MAP3K4	c2
9.82484100087138e-13	-0.49453680074871	0.019	0.037	3.29505517487224e-08	KDM4A	c2
9.8341762119719e-13	-0.127260485090403	0.198	0.254	3.29818601797114e-08	KLHDC2	c2
9.90729306537455e-13	0.708271262321832	0.116	0.091	3.32270794826532e-08	COQ7	c2
9.9101148593761e-13	-0.307281767737625	0.042	0.067	3.32365432153756e-08	DHRS4L2	c2
1.00103998643456e-12	-0.301907509102279	0.044	0.07	3.35728790650424e-08	SLC35E1	c2
1.00947253863078e-12	-0.116945772062505	0.142	0.189	3.38556900005993e-08	EIF2B5	c2
1.01346805020394e-12	-0.125658039871229	0.186	0.24	3.39896914677396e-08	SINHCAF	c2
1.01792752177289e-12	-0.124166823764589	0.337	0.415	3.41392532252193e-08	ATXN10	c2
1.01830836305077e-12	-0.297979396818568	0.068	0.099	3.41520258799969e-08	FBXO38	c2
1.01876832496283e-12	-0.272626497929412	0.027	0.048	3.41674520826035e-08	MMS22L	c2
1.02448145609103e-12	-0.215624923862694	0.092	0.128	3.4359059074381e-08	CLECL1	c2
1.03065661065729e-12	-0.4810999787751	0.025	0.046	3.45661614082241e-08	IFI30	c2
1.04003182790426e-12	-0.739386128283048	0.015	0.032	3.48805874442531e-08	AC105446.1	c2
1.04079503778665e-12	-0.139860589157666	0.071	0.103	3.49061839772886e-08	NUP85	c2
1.04671988699348e-12	-0.174741736929211	0.082	0.116	3.51048915699872e-08	COG2	c2
1.05150387965762e-12	-0.125479649533375	0.132	0.176	3.52653371159574e-08	ZNF277	c2
1.0600468073724e-12	-0.191401808187006	0.146	0.19	3.55518498256556e-08	CREBRF	c2
1.0605626328413e-12	-0.111558738091603	0.319	0.395	3.55691495802314e-08	SARS	c2
1.06292881815423e-12	-0.134474046586908	0.406	0.489	3.56485067032565e-08	SRRM2	c2
1.06868222802031e-12	-0.196448273517877	0.065	0.095	3.58414645633451e-08	KLHL12	c2
1.07242576267179e-12	-0.156847678974621	0.098	0.135	3.59670152284865e-08	EPS15L1	c2
1.07522999272179e-12	-0.187274445778706	0.086	0.121	3.60610634959035e-08	CSNK1G2	c2
1.09635389111989e-12	-0.268087397518284	0.03	0.053	3.6769516800379e-08	SLC25A19	c2
1.10489582735775e-12	-0.135999288711993	0.097	0.135	3.70559962579241e-08	FARS2	c2
1.10908600763541e-12	-0.990413551524343	0.005	0.018	3.71965265240764e-08	DBF4B	c2
1.11242321089459e-12	-0.344330451726557	0.029	0.05	3.73084496469827e-08	TCF3	c2
1.11786635752201e-12	-0.812473840629385	0.067	0.096	3.74910018985731e-08	LINC01943	c2
1.14908731313432e-12	0.195335243780625	0.532	0.528	3.85380903078989e-08	NME3	c2
1.15233046852499e-12	-0.169556685797942	0.079	0.112	3.86468592533911e-08	PAFAH1B2	c2
1.20525764406177e-12	-0.131287815915314	0.195	0.25	4.04219308665436e-08	NUP210	c2
1.21069558375671e-12	-0.172213186632844	0.085	0.119	4.06043084880325e-08	CEP135	c2
1.22174853797696e-12	-0.163108733172763	0.065	0.096	4.09750024666713e-08	TIMM44	c2
1.22682437449012e-12	-0.142323306370322	0.528	0.608	4.11452358716496e-08	MAP1LC3B	c2
1.23399154044701e-12	-0.15565477533123	0.153	0.2	4.13856082835118e-08	NOL11	c2
1.23741336922136e-12	-0.104339290574364	0.148	0.197	4.15003695769459e-08	CBWD5	c2
1.24768625603485e-12	-0.326705860810572	0.047	0.073	4.18449016548968e-08	CRADD	c2
1.24842505898039e-12	-0.171644448405301	0.085	0.12	4.18696796280845e-08	TXLNG	c2
1.25023551190487e-12	-0.143373757091765	0.154	0.201	4.19303985982655e-08	ZFC3H1	c2
1.25242680737226e-12	-0.172085572254618	0.073	0.105	4.2003890265651e-08	GPR89A	c2
1.2742085825022e-12	-0.105498605090058	0.151	0.199	4.27344074399587e-08	C15orf40	c2
1.27530581195236e-12	-0.15131761161826	0.353	0.425	4.27712063212583e-08	CAPN2	c2
1.28793077827136e-12	-0.413789818017027	0.026	0.047	4.31946224416649e-08	SLX4IP	c2
1.29772748849734e-12	-0.128317643930259	0.606	0.692	4.35231845092237e-08	VPS28	c2
1.29775508063057e-12	-0.129850895652178	0.124	0.166	4.3524109894188e-08	DNAJB2	c2
1.30433042963273e-12	-0.147908729770931	0.135	0.179	4.37446339490225e-08	DDX42	c2
1.30792046126366e-12	-0.676231281561953	0.021	0.04	4.38650364298605e-08	MANEA-DT	c2
1.321975352751e-12	-0.211508617078772	0.077	0.11	4.43364093805629e-08	POLR3E	c2
1.32533162456674e-12	-0.649871944102999	0.01	0.025	4.44489720247194e-08	HEXIM2	c2
1.32744363574004e-12	-0.250732340844643	0.055	0.084	4.45198046554494e-08	MED14	c2
1.33226275023559e-12	-0.952168472537376	0.009	0.024	4.46814281174012e-08	LINC00996	c2
1.34568316102038e-12	-0.227706521607612	0.064	0.094	4.51315218543014e-08	ATG7	c2
1.3572311120634e-12	-0.176425916232867	0.072	0.104	4.55188170363824e-08	BLOC1S5	c2
1.36353075675762e-12	-0.102467163065824	0.2	0.258	4.57300945201372e-08	USO1	c2
1.36933015149908e-12	-0.25406740932601	0.062	0.092	4.5924594620976e-08	GMDS-DT	c2
1.37972141527466e-12	-0.191772702355719	0.133	0.176	4.62730968254814e-08	TOB1	c2
1.38675629989919e-12	-0.350454373815444	0.035	0.058	4.65090327860191e-08	GSK3A	c2
1.39645482638976e-12	-0.485507008332839	0.02	0.039	4.68343019674598e-08	SPSB2	c2
1.40974636961449e-12	-1.4246224163685	0.004	0.017	4.72800737441307e-08	HIST1H2AB	c2
1.43085653102119e-12	-0.79793523421333	0.008	0.021	4.79880663373888e-08	TMPO-AS1	c2
1.43578960537207e-12	-0.26175777357067	0.037	0.061	4.81535117849684e-08	IMPAD1	c2
1.46250416196834e-12	-0.103153097346716	0.174	0.226	4.90494645840941e-08	GANAB	c2
1.46440438222397e-12	-0.134888464890865	0.125	0.167	4.91131941710276e-08	PRKRIP1	c2
1.47885502157895e-12	-0.232259352505042	0.066	0.097	4.95978397137147e-08	DLG1	c2
1.48447521568551e-12	-0.135983136742576	0.147	0.194	4.97863297836607e-08	PRPSAP2	c2
1.48650800995477e-12	-0.309397128514438	0.029	0.051	4.9854505637863e-08	CCHCR1	c2
1.49386719713144e-12	-0.109926150143328	0.262	0.33	5.01013180573942e-08	GIT2	c2
1.52062662046806e-12	-0.121070982712347	0.238	0.3	5.09987755972578e-08	SNX2	c2
1.5269776530634e-12	-0.182191778528973	0.058	0.087	5.12117765284402e-08	SENP1	c2
1.55006843783236e-12	-0.180960902097939	0.044	0.07	5.19861952680215e-08	UBAC1	c2
1.55010584304355e-12	-0.273677409388	0.039	0.064	5.19874497639945e-08	MANBAL	c2
1.56400255439261e-12	-0.298251130483735	0.042	0.067	5.24535176692192e-08	DAAM1	c2
1.5782040625899e-12	-0.238363755424767	0.05	0.077	5.29298078511401e-08	DHDDS	c2
1.60313823814571e-12	-2.04046659725507	0.002	0.012	5.37660502309307e-08	REEP2	c2
1.62275510402189e-12	-0.402030541129192	0.03	0.052	5.44239606786861e-08	ZSCAN32	c2
1.66962201550128e-12	-0.458990593766639	0.031	0.053	5.59957831558821e-08	ZNF562	c2
1.69516915818882e-12	-0.14825382826572	0.145	0.191	5.68525832273365e-08	EXOC4	c2
1.7336930451864e-12	-0.124745097630882	0.1	0.137	5.81445973494614e-08	RP9	c2
1.73555595700396e-12	-0.541096276471231	0.023	0.042	5.82070756859988e-08	SLC2A13	c2
1.75200831112614e-12	-0.14401906291979	0.088	0.123	5.87588547385486e-08	ZNF76	c2
1.75393743353144e-12	-0.732879852833912	0.008	0.022	5.88235536457776e-08	ATP2A1-AS1	c2
1.75938273879209e-12	-0.135804501593886	0.085	0.12	5.9006178293609e-08	TMEM218	c2
1.76605970339086e-12	-0.610268615687401	0.018	0.037	5.92301103323227e-08	LYL1	c2
1.78707920649121e-12	0.572360951210615	0.087	0.064	5.99350624273021e-08	GGT7	c2
1.78822257016967e-12	-0.121401414845561	0.26	0.326	5.99734085583505e-08	SMARCC2	c2
1.80587201458197e-12	-0.262406615363694	0.064	0.094	6.05653356250502e-08	CMTR2	c2
1.80914176558431e-12	-0.12198599668805	0.337	0.414	6.06749965341666e-08	SEC13	c2
1.81924451083103e-12	-0.214550387058337	0.022	0.041	6.1013822404251e-08	RFC3	c2
1.83366901846654e-12	0.47467014908617	0.156	0.128	6.14975915413308e-08	PGGHG	c2
1.84786754727777e-12	-1.82734408223187	0.002	0.013	6.1973781800602e-08	BCL7A	c2
1.86469483431435e-12	-0.184390888695678	0.061	0.091	6.25381353532347e-08	USP12	c2
1.88811712948077e-12	-0.157753818712652	0.093	0.129	6.33236722885262e-08	TMEM161A	c2
1.88943529146118e-12	-0.328934022504167	0.039	0.064	6.33678808050251e-08	NIFK-AS1	c2
1.90896362669989e-12	-1.12198648375814	0.009	0.024	6.40228221122608e-08	BLK	c2
1.91153908886925e-12	-0.101123262099823	0.164	0.215	6.4109197962497e-08	SUPT6H	c2
1.92037344661205e-12	0.230431416556539	0.45	0.43	6.44054846524749e-08	SOCS3	c2
1.93775452118173e-12	-0.124807661147129	0.347	0.426	6.49884111313927e-08	TMBIM4	c2
1.94252362495693e-12	-0.148737860722632	0.074	0.107	6.51483573338056e-08	SETDB1	c2
1.94806153587168e-12	-0.209912011876506	0.077	0.11	6.53340877900642e-08	ARID3B	c2
1.97823999142451e-12	-0.277451396915445	0.051	0.079	6.63462128323952e-08	PDPR	c2
2.03087593560847e-12	-0.169073047721136	0.545	0.603	6.8111517128437e-08	TXN	c2
2.04131902933548e-12	-0.217638329756024	0.047	0.073	6.84617576058534e-08	PIGU	c2
2.0677512859665e-12	-0.236311325129138	0.068	0.098	6.93482426287445e-08	COQ8B	c2
2.09529099908217e-12	0.637618028773681	0.132	0.106	7.02718695272177e-08	AL357060.1	c2
2.12157512485999e-12	-0.20488952517541	0.078	0.111	7.11533865375542e-08	PPFIA1	c2
2.12864408772342e-12	-0.600950378607658	0.019	0.037	7.13904654140681e-08	ZSCAN2	c2
2.16239650896998e-12	1.0995278934425	0.019	0.009	7.25224541178351e-08	AL163973.2	c2
2.16945257905728e-12	-0.145856480737893	0.113	0.154	7.27591005964229e-08	MACO1	c2
2.18966736707773e-12	-0.140706079418011	0.113	0.153	7.3437064157053e-08	OMA1	c2
2.20086597323947e-12	-0.228469007273585	0.093	0.129	7.38126430105055e-08	SLC35E2B	c2
2.24640492734498e-12	1.62819098039305	0.011	0.005	7.5339928453296e-08	ADGRE2	c2
2.30449586787594e-12	-0.207584717623656	0.088	0.123	7.72881824168233e-08	PDZD8	c2
2.31185783820321e-12	-0.135693001501895	0.088	0.124	7.75350881776594e-08	ZDHHC4	c2
2.32657375988096e-12	-0.126294497953214	0.285	0.352	7.80286307588875e-08	ERAP2	c2
2.33924859111849e-12	-0.225140919453565	0.055	0.082	7.8453719248932e-08	COG7	c2
2.349490479376e-12	-0.212237399833297	0.067	0.097	7.87972116973123e-08	C6orf203	c2
2.36356220548373e-12	-0.308246308018536	0.055	0.083	7.92691492475134e-08	ZNF561	c2
2.40600224303805e-12	-0.280554233775044	0.041	0.066	8.06925032270102e-08	NCOA6	c2
2.42825455046669e-12	-0.124000503796746	0.127	0.17	8.14388011135517e-08	SPTLC1	c2
2.45773532997068e-12	-0.113586150031985	0.115	0.155	8.24275274965566e-08	ZNF107	c2
2.45802740296431e-12	-0.271620177105217	0.044	0.069	8.2437323040617e-08	UBP1	c2
2.47095278225806e-12	-0.221175780018596	0.047	0.073	8.28708144113709e-08	PUS1	c2
2.47174057897201e-12	-0.107904514624932	0.2	0.255	8.28972355375632e-08	SDR39U1	c2
2.49756521671487e-12	-0.516062935366933	0.017	0.035	8.37633422381833e-08	DDX28	c2
2.50727921427539e-12	-0.219544828852539	0.083	0.116	8.40891302883679e-08	NR2C2	c2
2.51696149359048e-12	-0.415427855765053	0.056	0.083	8.44138545720374e-08	PGM2L1	c2
2.52785828914571e-12	-0.194868505853076	0.056	0.084	8.47793113013689e-08	JMJD4	c2
2.58419230417243e-12	-0.11147127451526	0.101	0.139	8.66686414973349e-08	USP42	c2
2.59426911261029e-12	-0.270225322647835	0.056	0.084	8.7006597498724e-08	ARSG	c2
2.63654580052158e-12	-0.134564721965832	0.094	0.13	8.84244730578929e-08	TIMM10B	c2
2.65115288172377e-12	-0.130473360714714	0.124	0.166	8.89143653472518e-08	MFSD11	c2
2.67002860977595e-12	-0.20591304408901	0.054	0.082	8.95474195146657e-08	LINC02001	c2
2.70241858929628e-12	-0.568042730209963	0.016	0.033	9.06337146478185e-08	MLLT11	c2
2.77312131148712e-12	-0.118635531056201	0.099	0.136	9.3004942544655e-08	RNF41	c2
2.7763506661744e-12	-0.222849216435948	0.085	0.119	9.3113248642157e-08	PLEKHM1	c2
2.82870346655375e-12	1.42585992312404	0.015	0.007	9.48690568612797e-08	LINC01136	c2
2.84362167275773e-12	-0.177215439589697	0.087	0.121	9.53693836609487e-08	CLN3	c2
2.86785856573397e-12	-0.218957889449409	0.076	0.108	9.6182240577586e-08	HTT	c2
2.89029787135355e-12	-0.121924773024619	0.311	0.383	9.69348100094552e-08	TMX1	c2
2.89066383172748e-12	-0.110878112222766	0.217	0.275	9.69470835884761e-08	DHX9	c2
2.90949859236846e-12	-0.319684543186266	0.044	0.069	9.75787637908535e-08	BBS4	c2
2.94309254390287e-12	-0.492377821611572	0.022	0.041	9.87054377374144e-08	SEPSECS-AS1	c2
2.97634502764708e-12	-0.119006406444633	0.163	0.211	9.98206595372278e-08	PNPLA8	c2
3.03342356256118e-12	-0.117994113792261	0.118	0.16	1.01734959441177e-07	SNAPC2	c2
3.05508672766524e-12	-0.289749603922574	0.037	0.061	1.02461498672437e-07	FAIM	c2
3.07588515713215e-12	-0.198312137631836	0.073	0.105	1.03159036399898e-07	CES2	c2
3.08049303952735e-12	-0.198792644124454	0.05	0.077	1.03313575559668e-07	POLR3H	c2
3.0856961169314e-12	-0.315426069349124	0.037	0.06	1.03488076369645e-07	MTMR12	c2
3.09748774354256e-12	-0.140094513256938	0.071	0.103	1.0388354394293e-07	SEH1L	c2
3.12087952740608e-12	-0.18273552245514	0.065	0.095	1.04668057590145e-07	ATP13A2	c2
3.13278158741132e-12	-0.194592785316305	0.072	0.104	1.05067228878601e-07	LINC01184	c2
3.13294465111829e-12	1.02266637645259	0.011	0.005	1.05072697709205e-07	CAVIN1	c2
3.13430908675107e-12	-0.204448096323182	0.093	0.128	1.05118458151457e-07	ELMO2	c2
3.14136945991231e-12	-0.116700109941836	0.216	0.275	1.05355248946539e-07	DHX15	c2
3.14350210058492e-12	-0.108481885481919	0.103	0.142	1.05426773449417e-07	NCLN	c2
3.15464695290145e-12	-2.91839386746345	0.001	0.011	1.05800549506409e-07	AK4	c2
3.16254145039393e-12	0.853094047727854	0.02	0.01	1.06065315163312e-07	IFI27	c2
3.18305462538691e-12	-0.10002212641374	0.127	0.17	1.06753286026226e-07	NOP14	c2
3.28081123446947e-12	0.793644136719967	0.035	0.021	1.10031847181637e-07	NR3C2	c2
3.33143040654001e-12	-2.69176991633184	0.001	0.011	1.11729512974539e-07	NIPAL2	c2
3.40043243087938e-12	-0.124653923738901	0.421	0.503	1.14043702866832e-07	ELOC	c2
3.43639112300409e-12	-0.11244095050248	0.076	0.109	1.15249685483311e-07	NAA30	c2
3.43735814837772e-12	-1.04367463362911	0.006	0.019	1.15282117580292e-07	TET1	c2
3.44855539079067e-12	-0.227219617560247	0.084	0.117	1.15657650696338e-07	ZNF92	c2
3.48391763609469e-12	-0.112116310068827	0.193	0.248	1.16843629679344e-07	CHMP2B	c2
3.51950614635507e-12	-0.163714547866556	0.084	0.118	1.18037197136456e-07	ELP3	c2
3.52328637846961e-12	-0.217041619154097	0.039	0.063	1.18163978561114e-07	FECH	c2
3.52364863977638e-12	-0.558924354521707	0.023	0.042	1.1817612808082e-07	IZUMO4	c2
3.54784282588227e-12	-0.328053493038791	0.028	0.049	1.18987552694439e-07	SLC25A14	c2
3.5522660082676e-12	-1.07356764155371	0.006	0.019	1.19135897385279e-07	PPARGC1B	c2
3.56748851523716e-12	0.579831475196489	0.17	0.144	1.19646429824024e-07	IL18RAP	c2
3.57199682023418e-12	-0.107040391022968	0.146	0.192	1.19797629357014e-07	CCNL2	c2
3.58365340280304e-12	-0.139483990641296	0.161	0.209	1.20188567823208e-07	EXOC7	c2
3.66555484391926e-12	-0.112957400951617	0.841	0.877	1.22935378355364e-07	CALM2	c2
3.68925492525084e-12	-0.172601469590802	0.095	0.131	1.23730231683063e-07	AHCTF1	c2
3.71458599790209e-12	-0.197982582412498	0.057	0.086	1.2457978519764e-07	DUS1L	c2
3.8716133632477e-12	0.854569608313811	0.048	0.031	1.29846168976601e-07	PLEKHA5	c2
3.95313953075447e-12	-0.366788045695484	0.047	0.073	1.32580393582443e-07	CEP170	c2
3.95895966906287e-12	-0.284140671112813	0.038	0.062	1.32775589381031e-07	IPPK	c2
3.96520070418764e-12	-0.146985304424793	0.104	0.142	1.32984901217045e-07	LCOR	c2
3.97742047018254e-12	-0.169096678253802	0.068	0.098	1.33394727728982e-07	ACTR8	c2
3.99154989832652e-12	-3.94925528383209	0.001	0.01	1.33868600490075e-07	SCGB3A1	c2
4.03425959326023e-12	-0.112630682376074	0.158	0.206	1.35300998238762e-07	CUTC	c2
4.0523923011461e-12	-0.110087194109756	0.502	0.588	1.35909132995838e-07	SSBP1	c2
4.06480208884618e-12	-0.167234206307788	0.123	0.163	1.36325332455723e-07	MAN2B2	c2
4.11253106270861e-12	-0.437786233968717	0.029	0.049	1.37926066781121e-07	TTPAL	c2
4.14422209068623e-12	0.467437467118992	0.187	0.158	1.38988920477435e-07	AC026979.2	c2
4.17355211852639e-12	-0.292167883757901	0.049	0.075	1.39972590951138e-07	GMEB2	c2
4.17744508139576e-12	-1.81616991997865	0.001	0.01	1.40103153139851e-07	HASPIN	c2
4.2083618780827e-12	-0.198387476240013	0.058	0.086	1.41140040667137e-07	LINC01003	c2
4.21740857605911e-12	-0.371498132083266	0.036	0.059	1.41443448823871e-07	ZNF468	c2
4.25114911655449e-12	-1.19542198275729	0.007	0.02	1.42575039071004e-07	TTYH3	c2
4.30712429399491e-12	-1.24042804077501	0.01	0.025	1.44452334572001e-07	HRH2	c2
4.34060066494102e-12	-0.108116668880373	0.194	0.249	1.45575065100792e-07	UPF2	c2
4.36965774433806e-12	-0.143749246612944	0.195	0.25	1.4654958142961e-07	PFKP	c2
4.46859553095393e-12	-0.143716452597134	0.098	0.135	1.49867756917133e-07	TGIF2	c2
4.47781132632035e-12	-0.166815390030882	0.091	0.126	1.50176836262132e-07	TYW1	c2
4.62890566977794e-12	-0.290643567958262	0.046	0.071	1.55244238353013e-07	PPAN	c2
4.71513721949613e-12	-0.131616582758455	0.072	0.103	1.58136272067461e-07	CDC23	c2
4.76442387165883e-12	-0.272616956206063	0.061	0.089	1.59789247807694e-07	ERCC4	c2
4.83831333803015e-12	-0.109616504696492	0.189	0.241	1.62267352730855e-07	DCTN1	c2
4.86037251337513e-12	-0.16260416833892	0.054	0.081	1.63007173353575e-07	CHCHD4	c2
4.86127340306092e-12	-0.966779468119954	0.007	0.02	1.63037387391857e-07	AC008438.1	c2
4.91137545391482e-12	1.29573403271273	0.015	0.007	1.64717709973395e-07	IGF1R	c2
4.943495357096e-12	-0.209563141805589	0.063	0.092	1.65794947286286e-07	MTG2	c2
4.96857976917202e-12	-0.298233758597921	0.041	0.064	1.66636228298491e-07	TMCO3	c2
4.98256841778737e-12	-0.212721589982371	0.047	0.073	1.67105379595753e-07	TRIM25	c2
4.99886436672787e-12	-0.112282972377749	0.122	0.164	1.67651913131319e-07	PSMD10	c2
5.01512239126118e-12	-0.125410843430358	0.412	0.489	1.68197174758117e-07	PGLS	c2
5.03009320434764e-12	-0.191407643167301	0.073	0.105	1.68699265887411e-07	PI4KA	c2
5.05029397711191e-12	-0.170308653318536	0.202	0.253	1.69376759404379e-07	TACC3	c2
5.11265641456623e-12	-0.242104413448236	0.061	0.09	1.71468270831722e-07	FUT11	c2
5.1447617032394e-12	-0.112113264245345	0.217	0.275	1.72545018003243e-07	AP2B1	c2
5.24776825141056e-12	-1.27189747584568	0.004	0.015	1.75999651615808e-07	SPHK1	c2
5.29158401912748e-12	-0.164742870679771	0.163	0.209	1.77469144833497e-07	MARCKSL1	c2
5.30160417455716e-12	-0.207721741474458	0.061	0.09	1.77805200806298e-07	PDSS2	c2
5.32734783533683e-12	-0.245586199074047	0.057	0.085	1.78668591701526e-07	PDCD11	c2
5.35980188709961e-12	-0.189027910061518	0.078	0.111	1.79757035689547e-07	ORC2	c2
5.39888399067651e-12	-2.94537649837934	0.001	0.01	1.81067771279309e-07	GNB4	c2
5.54548758811269e-12	-1.93304682952858	0.002	0.012	1.85984562730123e-07	TNFRSF13C	c2
5.55099482758586e-12	-0.141862916471826	0.056	0.084	1.86169264527574e-07	PCGF6	c2
5.60763318591539e-12	0.363379965054447	0.343	0.33	1.8806880178923e-07	STT3B	c2
5.68076955980312e-12	-0.260604389195274	0.037	0.061	1.90521649496677e-07	ZNF689	c2
5.74499568618102e-12	-0.149262800224395	0.112	0.151	1.92675665323139e-07	TMX3	c2
5.89669523075277e-12	-0.38807095295092	0.031	0.052	1.97763364648986e-07	TLDC1	c2
5.90471422878139e-12	-0.248018345181249	0.069	0.099	1.9803230580487e-07	SNAPC3	c2
5.95751009388282e-12	-0.261104243136104	0.042	0.067	1.99802973528642e-07	SH3GLB2	c2
6.04303690567001e-12	-0.101783023753255	0.243	0.306	2.02671371742361e-07	SAP30BP	c2
6.1982871755204e-12	-0.214319087314395	0.05	0.077	2.07878155292603e-07	ALKBH5	c2
6.26067532086517e-12	-0.206154514073923	0.057	0.085	2.09970528911176e-07	ZNF586	c2
6.28355347088897e-12	-0.114324116244867	0.159	0.205	2.10737816306674e-07	GPATCH8	c2
6.43991983712561e-12	-0.255583572971211	0.087	0.12	2.15982031497519e-07	NAALADL1	c2
6.51074381057025e-12	-0.400755774320688	0.045	0.069	2.18357325918905e-07	TSPAN32	c2
6.52652598440465e-12	-0.215734895840183	0.062	0.09	2.18886628464963e-07	CPOX	c2
6.55910804239458e-12	-0.102499892612619	0.243	0.307	2.19979365525829e-07	SHARPIN	c2
6.61265195913921e-12	-1.57210397696649	0.019	0.036	2.21775121405611e-07	CFD	c2
6.6525898142476e-12	-0.400060467436997	0.024	0.043	2.23114557190236e-07	MED18	c2
6.69120170100775e-12	-0.12059935512897	0.107	0.145	2.24409522648398e-07	FCHO1	c2
6.8433167549178e-12	-0.101146313311573	0.305	0.378	2.29511157326433e-07	EMC10	c2
6.89108795207201e-12	-0.307118113981466	0.025	0.045	2.31113307736591e-07	TOMM40L	c2
6.9023060620402e-12	-0.112542780044889	0.331	0.408	2.31489540708704e-07	WDR33	c2
6.97316560906101e-12	-0.276946588373492	0.048	0.074	2.33866028196688e-07	RBM34	c2
6.98148196199817e-12	-0.115921974446958	0.134	0.177	2.34144942041495e-07	FBXL15	c2
7.05300551608406e-12	-0.108527786430616	0.285	0.354	2.36543698998427e-07	CAPRIN1	c2
7.09667310889926e-12	-0.473860531454265	0.018	0.036	2.38008222726263e-07	TMEM53	c2
7.16486844125834e-12	-0.256737827532562	0.061	0.09	2.40295357782922e-07	THEMIS2	c2
7.19319920886572e-12	-0.113769142564689	0.084	0.117	2.41245515066939e-07	CDR2	c2
7.29038183406791e-12	-0.15272592226776	0.084	0.117	2.4450482595097e-07	ORC5	c2
7.326818177063e-12	-1.34005556150634	0.002	0.012	2.45726828022339e-07	XRCC2	c2
7.33093336583998e-12	-0.382368526042803	0.027	0.047	2.45864843223541e-07	NAPA-AS1	c2
7.39964058509205e-12	0.532683956213677	0.181	0.156	2.48169145942817e-07	MBOAT7	c2
7.41382512990349e-12	-0.292207599361186	0.025	0.044	2.48644867206703e-07	BYSL	c2
7.42947667319055e-12	-0.378310643972163	0.044	0.068	2.49169788665465e-07	GRPEL2	c2
7.45941719801020e-12	1.08430319534399	0.025	0.014	2.50173933986866e-07	RAB6B	c2
7.49012285825335e-12	-0.184277292726344	0.552	0.612	2.51203740420101e-07	CLEC2D	c2
7.57509847556083e-12	-0.191799136255951	0.069	0.099	2.54053652673359e-07	RIPK3	c2
7.64089147602644e-12	-0.212312517742498	0.045	0.069	2.56260218322975e-07	PIGQ	c2
7.71557073687197e-12	-0.138456523870237	0.114	0.153	2.58764811373212e-07	PHACTR4	c2
7.7432318864555e-12	-0.398405761452697	0.031	0.052	2.59692511007945e-07	HIST1H2AG	c2
7.81695359501453e-12	-0.136807501453655	0.11	0.148	2.62164989669597e-07	ZNF143	c2
7.87125385025293e-12	-0.118526407323421	0.529	0.61	2.63986111629783e-07	NSA2	c2
7.91124167917471e-12	-0.142747095438807	0.08	0.113	2.65327223436161e-07	POC5	c2
8.01153915753134e-12	-0.350767716223819	0.085	0.117	2.68691000265286e-07	CD79B	c2
8.14874148089835e-12	-0.132296236398524	0.124	0.164	2.73292491786369e-07	DDX59	c2
8.17969304134579e-12	-0.142054784610364	0.108	0.146	2.74330545220655e-07	SMG6	c2
8.20530545680155e-12	-0.641280930759975	0.01	0.024	2.7518953441021e-07	PSPH	c2
8.22982400924492e-12	-1.05147374309718	0.004	0.015	2.76011837622056e-07	TONSL	c2
8.26479719305079e-12	-0.162356212612213	0.105	0.142	2.77184768260537e-07	SKIV2L	c2
8.39695694786165e-12	-0.240430235782298	0.056	0.083	2.81617142117384e-07	TEFM	c2
8.46886170444015e-12	-0.148147546049795	0.095	0.131	2.84028683843514e-07	QSOX1	c2
8.47861021687494e-12	-0.251444595385406	0.056	0.083	2.84355629453552e-07	MED13L	c2
8.54381415293644e-12	-0.53787290034669	0.018	0.035	2.86542439061182e-07	DPYSL2	c2
8.60408863684252e-12	-0.132422073402467	0.117	0.157	2.88563924702424e-07	SCAP	c2
8.61368275546108e-12	-0.130496926068132	0.056	0.084	2.88885692252654e-07	FASTKD1	c2
8.67069238407749e-12	-0.219345117960679	0.051	0.078	2.90797681177191e-07	AEBP2	c2
8.75685289941396e-12	0.750799883616185	0.048	0.032	2.93687332540545e-07	TJP3	c2
8.89749574692701e-12	-0.140111085258435	0.3	0.368	2.98404212360438e-07	ADSL	c2
8.93326250928024e-12	1.13899715132049	0.02	0.01	2.99603758036241e-07	CCDC30	c2
8.99587969205422e-12	-0.197591447648549	0.088	0.121	3.01703813112114e-07	RBBP5	c2
9.01303366594592e-12	-0.111074499041328	0.633	0.704	3.02279123088494e-07	ARL6IP4	c2
9.03478946128576e-12	-0.110379633945936	0.104	0.141	3.03008768952602e-07	YTHDF3	c2
9.06712083133538e-12	0.110382456526883	0.722	0.726	3.04093098441326e-07	SUN2	c2
9.09991561998606e-12	-0.13890780518572	0.22	0.277	3.05192970063093e-07	PJA2	c2
9.12274643857928e-12	-1.00831630419294	0.004	0.016	3.05958670057072e-07	ALDH4A1	c2
9.12372371009112e-12	-0.135749290733451	0.465	0.541	3.05991445789036e-07	CCT7	c2
9.1374075514812e-12	-0.207925625639424	0.06	0.088	3.06450374461576e-07	C8orf82	c2
9.17022737390997e-12	-0.498180726499619	0.068	0.096	3.07551085666193e-07	C1orf162	c2
9.20957657753346e-12	-0.118355062987741	0.429	0.51	3.08870779257317e-07	NDUFAF3	c2
9.23929633909191e-12	-0.105609821037735	0.189	0.242	3.09867520620464e-07	EFR3A	c2
9.27054620397861e-12	-2.14771142134121	0.008	0.021	3.10915578589034e-07	GSN	c2
9.27617633699889e-12	-0.951290530910407	0.007	0.02	3.11104401990269e-07	TTL	c2
9.39378040477082e-12	-0.156278196490633	0.119	0.159	3.15048607215204e-07	CSTF2T	c2
9.77802071539158e-12	-0.13668123385389	0.054	0.081	3.27935258752803e-07	FBXO4	c2
9.78837792214319e-12	-0.138314690201161	0.126	0.167	3.28282618752838e-07	PTCD3	c2
9.93642567743181e-12	0.267809516162403	0.447	0.444	3.33247844369708e-07	SBDS	c2
9.93836748260323e-12	0.424316565010759	0.201	0.174	3.33312968631547e-07	RARA	c2
1.00272547895581e-11	-0.243025635978107	0.034	0.056	3.36294071132198e-07	SSBP3	c2
1.02688570661168e-11	-0.132317417943324	0.103	0.14	3.44396928283426e-07	ZNF414	c2
1.0445634508464e-11	-0.137683328108769	0.119	0.159	3.50325690144866e-07	CYB5A	c2
1.05098550863316e-11	-0.924231032365163	0.008	0.021	3.5247951988539e-07	ADPRH	c2
1.05827455782187e-11	-0.174492074185078	0.08	0.112	3.54924121202298e-07	THOC1	c2
1.07871140805309e-11	-0.157279530369067	0.08	0.113	3.61778232032845e-07	ZC3H3	c2
1.08013705406362e-11	-0.157421253595311	0.084	0.117	3.62256365191856e-07	GPAT4	c2
1.08862741140147e-11	-0.206121233514204	0.102	0.138	3.65103861235826e-07	MINK1	c2
1.10192976296639e-11	-0.155505004245748	0.062	0.09	3.69565203903668e-07	FAM76B	c2
1.10269752853109e-11	-0.172883455435754	0.447	0.511	3.69822697118758e-07	PIM1	c2
1.11088678749016e-11	-0.170639498845507	0.07	0.1	3.7256921078845e-07	IFT43	c2
1.12324302080655e-11	-0.188930913708407	0.099	0.135	3.76713244318099e-07	ULK3	c2
1.13116915399885e-11	-0.163141659151754	0.067	0.096	3.79371510868134e-07	TMEM251	c2
1.13293131122584e-11	-0.12877364151272	0.345	0.419	3.79962503158921e-07	TGOLN2	c2
1.14544912204676e-11	-0.182155779759246	0.095	0.129	3.84160726552043e-07	TMEM127	c2
1.15460687189669e-11	-0.159240679726585	0.251	0.307	3.87232052696713e-07	FKBP5	c2
1.17241143014467e-11	-0.581955824751478	0.023	0.041	3.93203345441919e-07	PCBP3	c2
1.18061186004934e-11	-0.649265027858898	0.007	0.019	3.95953605623348e-07	TMEM237	c2
1.18126363252169e-11	-1.51909182618201	0.005	0.016	3.96172197075124e-07	MCF2L2	c2
1.18980848796407e-11	-0.122052259987326	0.118	0.159	3.9903797069339e-07	VPS37A	c2
1.19184687964412e-11	-0.263582884293806	0.04	0.063	3.99721606495044e-07	NUP43	c2
1.20112905081873e-11	-0.454640736015366	0.023	0.042	4.02834661063584e-07	ATP11C	c2
1.2038502146769e-11	0.629069033756649	0.147	0.121	4.0374728499834e-07	MZF1	c2
1.21191186586012e-11	-0.437239898376165	0.027	0.047	4.06451001572167e-07	CDKL1	c2
1.23164917951449e-11	-0.686156778292626	0.012	0.027	4.13070501825571e-07	DRAM1	c2
1.24249369549575e-11	-0.371131149278026	0.036	0.058	4.16707535595366e-07	GNA15	c2
1.26502141803163e-11	-0.542944183614146	0.018	0.035	4.24262883179449e-07	PPP1R16A	c2
1.27571607172826e-11	-0.307959539086735	0.035	0.057	4.27849656136225e-07	MON1A	c2
1.28062195366166e-11	-0.123428144776623	0.193	0.244	4.29494990819048e-07	ZNF217	c2
1.28438874867165e-11	-0.196822356313498	0.087	0.12	4.30758298529497e-07	APC	c2
1.29432821036432e-11	-0.132744325057914	0.084	0.117	4.34091795191986e-07	REEP4	c2
1.29803820155438e-11	-0.373250705610671	0.033	0.055	4.35336052037309e-07	PPARD	c2
1.30510615056457e-11	-0.111538003375667	0.111	0.149	4.37706500776347e-07	PWWP2A	c2
1.31220925081328e-11	-2.05981574168291	0.003	0.013	4.40088738537757e-07	RTP5	c2
1.32065266049892e-11	-0.123306034436656	0.153	0.198	4.42920489278129e-07	AGFG2	c2
1.32781695096071e-11	-0.122567833572256	0.283	0.35	4.45323249013203e-07	PTK2B	c2
1.35676810357444e-11	-0.117897871610862	0.091	0.126	4.55032886576794e-07	WDR13	c2
1.38666460318051e-11	-0.230994067117314	0.053	0.08	4.65059574614681e-07	ZC3H4	c2
1.38792271505166e-11	-0.169004980911889	0.086	0.119	4.65481520174027e-07	LINC00324	c2
1.40417061581702e-11	-0.15070115542883	0.192	0.243	4.70930741132713e-07	LENG8	c2
1.45079036974917e-11	-2.04182934408548	0.002	0.011	4.86566074206477e-07	HOXB7	c2
1.45744116130686e-11	-0.123359469045871	0.119	0.159	4.88796616679096e-07	CBX1	c2
1.47325040742051e-11	0.66402438654062	0.08	0.059	4.9409872164069e-07	TNFRSF10B	c2
1.48608832327598e-11	-1.13801846001697	0.007	0.02	4.98404301860298e-07	HIST1H4F	c2
1.49442277250889e-11	-0.256224048735758	0.049	0.074	5.01199509444033e-07	AL590764.1	c2
1.51736610879607e-11	-0.284509816962982	0.036	0.058	5.08894245568025e-07	C5orf63	c2
1.5175638409624e-11	-0.180007629471278	0.05	0.075	5.08960560981968e-07	ARRDC1-AS1	c2
1.52570838796662e-11	-0.12746400903907	0.346	0.417	5.11692079156244e-07	ATF7IP	c2
1.54993986071988e-11	-0.169866440048807	0.044	0.068	5.19818830488235e-07	ATPAF2	c2
1.56261438667257e-11	-0.303725449349074	0.041	0.065	5.24069613002245e-07	FRAT2	c2
1.57280135151326e-11	-0.106016707953247	0.244	0.307	5.27486117270516e-07	DUSP11	c2
1.58990070149586e-11	1.23212682258931	0.032	0.019	5.33220897267683e-07	AC008014.1	c2
1.61716927818773e-11	1.13346826889672	0.024	0.013	5.42366232518601e-07	AC099778.1	c2
1.63803993265506e-11	-0.462961374377272	0.028	0.048	5.49365832613853e-07	CASD1	c2
1.7021362483808e-11	-0.462923192981366	0.016	0.033	5.70862454981953e-07	FLVCR1-DT	c2
1.71423682021328e-11	-0.118669194902765	0.091	0.125	5.74920744763129e-07	PEX19	c2
1.71873448205535e-11	-0.446142724563661	0.021	0.039	5.76429170591722e-07	CBX8	c2
1.72679094254003e-11	-0.174363567018396	0.338	0.4	5.79131146309074e-07	LSM4	c2
1.74163374612612e-11	-0.211400336742425	0.105	0.14	5.84109125775778e-07	ZC3H12D	c2
1.7477830227178e-11	-0.147411020088605	0.129	0.169	5.86171470159096e-07	SFI1	c2
1.74903795136782e-11	-0.2742884666668	0.055	0.081	5.8659234812974e-07	PPP4R1	c2
1.76498122456057e-11	-0.11258291370555	0.362	0.439	5.91939403093123e-07	ENY2	c2
1.77553139555029e-11	-0.151540213073769	0.067	0.096	5.95477719439656e-07	CMTR1	c2
1.78356279720767e-11	-0.138031937389856	0.124	0.164	5.98171290927508e-07	MUC20-OT1	c2
1.78938225602584e-11	-0.153685762037513	0.181	0.229	6.00123021025945e-07	HOXB2	c2
1.80811585151857e-11	-0.129202708927587	0.09	0.124	6.064058942823e-07	MICU1	c2
1.81879848347779e-11	-1.7330844545186	0.002	0.012	6.09988635388782e-07	AL590399.1	c2
1.81879919573128e-11	-0.15032269501068	0.084	0.117	6.09988874264355e-07	MAP2K5	c2
1.82385649345289e-11	-2.6649978268924	0.002	0.011	6.11684990774229e-07	TTC16	c2
1.84838671303676e-11	-0.296991624209162	0.037	0.059	6.19911935818268e-07	NELFB	c2
1.86493858083454e-11	-0.192993750054101	0.028	0.048	6.25463101240289e-07	CENPQ	c2
1.87710741327499e-11	-0.637069473394869	0.015	0.031	6.29544284264165e-07	MYEF2	c2
1.89216441298479e-11	-0.31392353016104	0.057	0.083	6.34594100826839e-07	ZNF484	c2
1.92551524406582e-11	-0.190946789810407	0.063	0.091	6.45779302554795e-07	NAGA	c2
1.92620310606245e-11	-0.111539285681462	0.153	0.199	6.46009997711225e-07	ZNF330	c2
1.96570799895664e-11	-0.158563849846965	0.05	0.076	6.59259148690077e-07	EXOSC2	c2
1.97983313318019e-11	-0.107481425991703	0.635	0.705	6.63996436205973e-07	C11orf58	c2
2.01807803426818e-11	-0.121457862377009	0.129	0.171	6.76823011132862e-07	MSH3	c2
2.05637847232576e-11	-0.45343855967282	0.031	0.052	6.89668212048614e-07	STAG3	c2
2.09018429216182e-11	-0.288449690423959	0.041	0.065	7.0100600790523e-07	FAM193A	c2
2.14986185435377e-11	-0.215117755773111	0.058	0.086	7.21020668713166e-07	FBXO33	c2
2.17271425043682e-11	-0.3713710569309	0.048	0.072	7.28684905311501e-07	SLC23A2	c2
2.17800664719857e-11	-0.157094871304862	0.105	0.141	7.30459869337455e-07	TMEM80	c2
2.20057581433183e-11	-0.310966399059456	0.029	0.049	7.38029116610609e-07	UQCC1	c2
2.2104905743211e-11	-0.108446526947142	0.369	0.445	7.4135432881581e-07	CGGBP1	c2
2.21260500971977e-11	-5.83377688631267	0.004	0.015	7.42063468159816e-07	CST3	c2
2.21339744575553e-11	-0.147310887431943	0.362	0.43	7.4232923535749e-07	TSEN54	c2
2.22554771830835e-11	-0.175480623807328	0.092	0.126	7.46404193766255e-07	SCAF8	c2
2.27770650751916e-11	-0.114890442423809	0.658	0.718	7.63897208491777e-07	NDUFB2	c2
2.28729655833306e-11	-0.148080531378514	0.235	0.293	7.67113519733743e-07	MTERF4	c2
2.332619818501e-11	1.2278541327311	0.012	0.005	7.82314034728867e-07	ERBB3	c2
2.36185281581021e-11	-0.171571312503833	0.057	0.084	7.92118197366428e-07	FAM50B	c2
2.37801519925098e-11	-0.169926344747645	0.078	0.11	7.97538737524794e-07	ELK4	c2
2.38645819098109e-11	-0.260211769367639	0.053	0.078	8.0037034809124e-07	BCKDHB	c2
2.38916066296677e-11	-0.17077617818113	0.605	0.665	8.01276703145795e-07	DENND2D	c2
2.39016964395509e-11	-0.217899429488996	0.059	0.087	8.0161509518966e-07	GFM2	c2
2.45931924726262e-11	-0.332627436063951	0.032	0.053	8.24806489146937e-07	ZNF286A	c2
2.47521683631176e-11	-0.17290924074158	0.067	0.095	8.30138222562236e-07	RBM19	c2
2.47782094905305e-11	-0.18005727477553	0.069	0.098	8.31011589893411e-07	RPRD1B	c2
2.49843976359777e-11	-0.404469456368467	0.029	0.048	8.37926727915421e-07	GTF2E1	c2
2.64013770680304e-11	0.246753070867609	0.316	0.285	8.85449384107603e-07	SELENOM	c2
2.6512104732627e-11	-0.154839348621352	0.215	0.267	8.89162968522846e-07	TNFSF10	c2
2.68629181949878e-11	-0.358357207290077	0.016	0.032	9.00928550423501e-07	KNTC1	c2
2.69316532425682e-11	-0.3304032881019	0.036	0.058	9.03233786449253e-07	UBA6-AS1	c2
2.71559973449009e-11	-0.100912682519746	0.12	0.16	9.10757838953287e-07	NOP2	c2
2.73261627475573e-11	-0.121879990925321	0.183	0.232	9.16464846227577e-07	PACS1	c2
2.76358515484927e-11	-0.103527026316071	0.174	0.223	9.26851189233348e-07	EBP	c2
2.76445932309571e-11	-1.60418674696195	0.006	0.018	9.27144367779839e-07	ANKRD55	c2
2.7784552778589e-11	-0.759571306310082	0.013	0.028	9.31838331088317e-07	FKBP1B	c2
2.78121733423237e-11	-0.176333414230866	0.06	0.088	9.32764669554853e-07	PMS2	c2
2.81107124089267e-11	-0.245820844411708	0.047	0.071	9.42777072770583e-07	DNLZ	c2
2.82231795543542e-11	-0.8801354176671	0.008	0.021	9.46548995893932e-07	C16orf86	c2
2.8407520256095e-11	-0.163899598887421	0.395	0.459	9.52731414348914e-07	RGL4	c2
2.90855673474168e-11	-0.156175684488194	0.049	0.074	9.75471757697664e-07	AKT1S1	c2
2.94339886570483e-11	0.557224031510461	0.111	0.087	9.87157111580085e-07	CEP68	c2
2.99711021693261e-11	-0.294286823658665	0.037	0.058	1.00517082455486e-06	TCF20	c2
3.02311843433285e-11	-0.118063684568789	0.482	0.561	1.01389346050655e-06	C8orf59	c2
3.02630338215265e-11	-0.104382597395249	0.086	0.119	1.01496162830635e-06	ALDH18A1	c2
3.08600703229708e-11	-0.102912541940962	0.1	0.135	1.0349850384918e-06	MED1	c2
3.16364156078939e-11	-0.102647038937411	0.175	0.224	1.06102210665754e-06	GMPR2	c2
3.20603283697554e-11	-0.128787551800316	0.106	0.143	1.07523929286486e-06	RPS6KA4	c2
3.21160608586528e-11	-0.119950753316646	0.46	0.542	1.0771084490775e-06	TMC6	c2
3.22431324116921e-11	-0.474627300403743	0.011	0.025	1.08137017482333e-06	HIST1H2BJ	c2
3.25649255234922e-11	-0.890183089030562	0.009	0.023	1.09216247220688e-06	SLC35E4	c2
3.28052540897978e-11	-0.175127819744637	0.052	0.078	1.10022261166364e-06	GPR107	c2
3.44314738570231e-11	-0.173462884429773	0.072	0.101	1.15476277021684e-06	MEN1	c2
3.46550558276179e-11	-0.113293051909214	0.068	0.097	1.16226126234665e-06	BIN3	c2
3.53201460911417e-11	-0.115276166945406	0.449	0.528	1.18456705960471e-06	MRPL20	c2
3.57510767041939e-11	-0.265250093990907	0.059	0.086	1.19901961050526e-06	GCNT1	c2
3.65342384327621e-11	0.89272349713115	0.033	0.02	1.22528528855798e-06	AC133644.2	c2
3.67499598872034e-11	-0.381665431383515	0.026	0.045	1.23252015469703e-06	TSNAX	c2
3.68052624401434e-11	1.08338504529077	0.025	0.014	1.23437489171753e-06	LEKR1	c2
3.72314340169327e-11	0.109136170533773	0.813	0.817	1.24866783405989e-06	APRT	c2
3.72497579219125e-11	-0.248630429659292	0.048	0.073	1.2492823811851e-06	ZFAND4	c2
3.7312779684776e-11	-0.248635172756118	0.041	0.064	1.25139600506802e-06	ATMIN	c2
3.73743657723459e-11	0.558917430163382	0.15	0.125	1.25346147927294e-06	NSUN6	c2
3.80034062886114e-11	-0.111605777887707	0.148	0.191	1.27455824010745e-06	HNRNPH2	c2
3.83263001013081e-11	-0.205888211882199	0.074	0.104	1.28538745279767e-06	PDP1	c2
3.86862646514508e-11	-0.181671568925905	0.042	0.065	1.29745994388036e-06	PDF	c2
3.88648473182349e-11	-0.102998049816084	0.214	0.269	1.30344924935896e-06	SNHG15	c2
3.91362925059287e-11	0.565134761699671	0.092	0.07	1.31255297806384e-06	IER3	c2
3.94703110639078e-11	-0.10113171868283	0.15	0.194	1.32375529246134e-06	KIAA1191	c2
3.97391021832927e-11	-0.114326007147368	0.138	0.18	1.33277000902327e-06	UMAD1	c2
3.9799071738866e-11	-0.233154223368673	0.041	0.064	1.33478126797809e-06	POLR3F	c2
4.01510365464598e-11	-0.102302042051283	0.169	0.217	1.34658546369517e-06	NIPSNAP1	c2
4.03719857230956e-11	1.1425390642195	0.018	0.009	1.35399565718118e-06	PRKN	c2
4.0968095484415e-11	-0.127858284113671	0.027	0.046	1.37398798635631e-06	LRRCC1	c2
4.09979192667095e-11	-1.20034065374982	0.005	0.016	1.3749882163669e-06	CHKA	c2
4.10823183989083e-11	-0.702243710789319	0.013	0.027	1.37781879446258e-06	MFSD13A	c2
4.16072301901081e-11	0.155640438366629	0.67	0.675	1.39542328611585e-06	RSRP1	c2
4.17052714335916e-11	-0.136080607897134	0.079	0.111	1.3987113933398e-06	NCOA5	c2
4.17713610111526e-11	-2.37993315700279	0.001	0.01	1.40092790559204e-06	EPOP	c2
4.19577022556232e-11	-0.161166535072425	0.085	0.117	1.40717741824909e-06	RALGAPB	c2
4.20468404373006e-11	-0.121328828091792	0.245	0.304	1.41016693458619e-06	SETX	c2
4.20769753300388e-11	-0.156187455304317	0.081	0.113	1.41117759861884e-06	ABCD4	c2
4.24182079948653e-11	-0.376583787172986	0.029	0.049	1.42262185973179e-06	MFSD9	c2
4.27956597519875e-11	-0.108622370769308	0.072	0.102	1.43528083676216e-06	C9orf85	c2
4.29810331451238e-11	-2.02453631924705	0.002	0.011	1.44149788962116e-06	P2RY14	c2
4.33826409638978e-11	-0.20116298476473	0.056	0.083	1.4549670126472e-06	FMR1	c2
4.35351021720306e-11	-0.135062541813191	0.567	0.644	1.46008025664556e-06	ELF1	c2
4.42040034343057e-11	-0.225395701658916	0.074	0.103	1.48251386717974e-06	RPRD1A	c2
4.46419254586291e-11	-0.1253417216768	0.102	0.137	1.4972008960315e-06	ANGEL2	c2
4.46939207507332e-11	-0.187658740834402	0.073	0.103	1.49894471413809e-06	ZNF362	c2
4.51219029549867e-11	-0.39670290304325	0.01	0.023	1.51329838130434e-06	PSMC3IP	c2
4.61819667031212e-11	-0.182613719401733	0.086	0.118	1.54885079928928e-06	PRR14L	c2
4.64816205586589e-11	-0.550307276011355	0.018	0.035	1.5589005902963e-06	FXR2	c2
4.66264719298892e-11	-0.127880848757929	0.126	0.165	1.56375861558462e-06	SNX14	c2
4.72304080280774e-11	-0.210249272433876	0.081	0.112	1.58401342444566e-06	TRAPPC8	c2
4.72913329755539e-11	-0.14403553282077	0.058	0.085	1.58605672533413e-06	RAB39B	c2
4.73509589729594e-11	-0.207362150973897	0.051	0.076	1.58805646203511e-06	PPP1R9B	c2
4.84071250943596e-11	-0.113706523190726	0.097	0.131	1.62347816141463e-06	ZCCHC8	c2
4.84606235561601e-11	-0.13471174548294	0.147	0.19	1.6252723928265e-06	GGA2	c2
4.85866551411858e-11	-0.368590778172963	0.037	0.059	1.62949924012509e-06	HEG1	c2
4.87737562798498e-11	-0.146839365327296	0.131	0.172	1.6357742381136e-06	ZFYVE27	c2
4.89105414864449e-11	-0.265099793808483	0.046	0.07	1.64036174037239e-06	ANKRD52	c2
4.89249278768622e-11	-0.269776632581084	0.031	0.051	1.6408442311342e-06	ZNF85	c2
4.96831850698853e-11	-0.330864461286036	0.023	0.04	1.66627466087381e-06	BOLA2B	c2
4.99759431663896e-11	-0.257402729699681	0.051	0.075	1.67609318191438e-06	BCDIN3D	c2
5.10717209209305e-11	-0.120445836378065	0.147	0.19	1.71284337624617e-06	CRTC3	c2
5.24343415302879e-11	-0.232101313045685	0.065	0.092	1.7585429462428e-06	MAP3K14	c2
5.25019729932893e-11	-0.114203465142202	0.131	0.171	1.76081117024894e-06	DUSP22	c2
5.27424606042152e-11	-0.225227682010765	0.05	0.075	1.76887664374417e-06	DDX47	c2
5.2823055806711e-11	-0.263991296542011	0.04	0.063	1.77157964564547e-06	RUNDC1	c2
5.29129005435512e-11	-0.103868330540342	0.295	0.363	1.77459285842962e-06	DNAJC1	c2
5.29240219601278e-11	-0.158703390241475	0.064	0.092	1.77496584849877e-06	C11orf24	c2
5.30242573015969e-11	-0.100140463783973	0.219	0.273	1.77832754138096e-06	SHOC2	c2
5.31680221945465e-11	-0.410602833824405	0.036	0.057	1.7831491283607e-06	ZER1	c2
5.35970050339439e-11	-0.109604046792931	0.149	0.193	1.79753635482841e-06	ATF2	c2
5.37439448147991e-11	-0.457860471608852	0.03	0.05	1.80246442119873e-06	SLC38A6	c2
5.3966959823472e-11	0.723691867994748	0.078	0.058	1.8099438985596e-06	PHOSPHO2	c2
5.40797459339346e-11	-0.16796572140225	0.069	0.097	1.8137265191323e-06	DNAJC30	c2
5.46246176633827e-11	-0.328225824882971	0.021	0.038	1.83200042719453e-06	FAM216A	c2
5.46392562164361e-11	1.44292318466795	0.018	0.009	1.83249137498684e-06	FOXJ1	c2
5.46898666140628e-11	-0.149997673933201	0.742	0.784	1.83418874650244e-06	PDIA3	c2
5.46977333259974e-11	-0.147817490653206	0.125	0.164	1.8344525802873e-06	MAP4K5	c2
5.48329371854947e-11	-0.260621740617121	0.043	0.066	1.83898704732712e-06	MCOLN1	c2
5.54053157564524e-11	-0.230576880799902	0.047	0.071	1.8581834798399e-06	QKI	c2
5.56544839706408e-11	-0.811127426530072	0.01	0.023	1.86654008340735e-06	KPTN	c2
5.61523811478265e-11	-0.982108261018087	0.006	0.018	1.8832385589358e-06	EVA1B	c2
5.64437207825164e-11	-0.147820550599751	0.062	0.09	1.89300950760403e-06	MAP4K4	c2
5.68120876578375e-11	-0.139111355688127	0.068	0.097	1.90536379586855e-06	AC004922.1	c2
5.72585055079796e-11	-0.183784023533776	0.065	0.093	1.92033575772662e-06	BRF1	c2
5.76163461511251e-11	-0.12873511996356	0.204	0.256	1.93233701721643e-06	TTC17	c2
5.80892152312441e-11	-0.204071216135351	0.038	0.06	1.94819610042546e-06	SPATS2	c2
5.81241117571477e-11	-0.247437310622769	0.062	0.089	1.94936646011122e-06	PIK3C2A	c2
5.83056368328328e-11	-0.108211884516712	0.137	0.178	1.95545444809955e-06	SIN3A	c2
5.86558058693423e-11	0.900189432776878	0.04	0.026	1.967198417246e-06	C4orf47	c2
5.87833620049036e-11	-0.148397784496919	0.044	0.068	1.97147639492046e-06	HAUS5	c2
6.00378271107915e-11	-0.132653264069444	0.074	0.104	2.01354864564173e-06	GPATCH11	c2
6.02994315134708e-11	0.532036233861621	0.075	0.055	2.02232233409878e-06	TRAV8-4	c2
6.03000657941685e-11	-0.103316675911432	0.216	0.271	2.02234360660482e-06	PCID2	c2
6.03331423267023e-11	-0.5742295201991	0.017	0.032	2.02345292735294e-06	PPP2CB	c2
6.04679150234367e-11	-0.363167936674162	0.044	0.067	2.02797293405602e-06	GRK5	c2
6.05258720090723e-11	-0.127118880521527	0.174	0.221	2.02991669544027e-06	TRAF5	c2
6.10591634481236e-11	-1.07713477965397	0.006	0.017	2.04780222372317e-06	SLC25A29	c2
6.12445603636029e-11	-0.175896007340962	0.059	0.086	2.05402006547452e-06	SLC25A44	c2
6.12927759698633e-11	-0.122269808101851	0.078	0.109	2.05563712047728e-06	MAVS	c2
6.26758911303973e-11	0.20290355695877	0.545	0.548	2.10202403673126e-06	ATP1A1	c2
6.30069642608879e-11	-0.543299358648508	0.018	0.035	2.11312756738166e-06	ZNF496	c2
6.3432964775629e-11	-0.159774526464466	0.097	0.131	2.12741477264504e-06	BANP	c2
6.39090644921755e-11	-0.188190508654223	0.052	0.077	2.14338220493858e-06	RPP14	c2
6.39420928744106e-11	-0.665209742295386	0.015	0.03	2.14448991082198e-06	ZSCAN29	c2
6.40713006261007e-11	-0.140100397600034	0.049	0.073	2.14882328039817e-06	GUF1	c2
6.4118526011808e-11	-1.54515244985604	0.003	0.013	2.15040712538402e-06	AL445471.1	c2
6.45027429613847e-11	-0.908711651363106	0.015	0.029	2.16329299343892e-06	IFIT3	c2
6.47419631012963e-11	-0.112956877217586	0.094	0.128	2.17131595849127e-06	MRPL30	c2
6.47969515830115e-11	-0.167320484933683	0.058	0.084	2.17316016219104e-06	TDRD3	c2
6.52552777254268e-11	-0.247352598231615	0.049	0.073	2.18853150435536e-06	STAM2	c2
6.57713970592554e-11	-0.257498212520272	0.049	0.074	2.20584111457331e-06	ZNF749	c2
6.62041063847838e-11	-0.203570510615125	0.04	0.063	2.22035331993288e-06	PANK3	c2
6.6670471692562e-11	-0.117422693819682	0.309	0.377	2.23599427962514e-06	PTBP3	c2
6.67119008915857e-11	1.01014635074135	0.027	0.016	2.237383732102e-06	ROBO3	c2
6.6979776274692e-11	-0.160623472850374	0.033	0.054	2.24636773670062e-06	SUV39H1	c2
6.70379806462941e-11	-0.225203653964167	0.037	0.059	2.24831979491541e-06	NLE1	c2
6.72157091942946e-11	0.722895308714555	0.059	0.041	2.25428045495825e-06	SPEF2	c2
6.7364218154765e-11	-0.207875582561174	0.056	0.081	2.25926114847451e-06	LMBRD2	c2
6.76943849697754e-11	-0.112574358281794	0.124	0.163	2.27033428311633e-06	MON2	c2
6.85301936600611e-11	0.8089577113452	0.178	0.156	2.29836563497113e-06	GLA	c2
6.86610549811708e-11	-0.160067829029577	0.084	0.116	2.30275446195851e-06	RNF38	c2
6.89221152159417e-11	-0.249273508899106	0.048	0.072	2.31150990011225e-06	DNASE1	c2
7.00354727753273e-11	-0.544686180054693	0.018	0.034	2.34884968593893e-06	PLEKHO2	c2
7.07535300356184e-11	-0.156182808154472	0.06	0.087	2.37293189033457e-06	DNAL4	c2
7.18434185372819e-11	-0.581978859972242	0.014	0.029	2.40948457090336e-06	HIST1H2AK	c2
7.21136448354519e-11	-1.2250349435428	0.006	0.017	2.41854742049139e-06	FOXP4	c2
7.2834525887472e-11	-1.30960758045234	0.005	0.016	2.44272432921404e-06	KCNQ5	c2
7.28592542427836e-11	-0.130987865357362	0.293	0.357	2.44355366879448e-06	BCL11B	c2
7.29244037327596e-11	-0.101661797113572	0.049	0.074	2.44573865238929e-06	ING2	c2
7.30704472019907e-11	-0.139147114972036	0.084	0.116	2.45063665826036e-06	GABPA	c2
7.31050206044496e-11	-0.236882120418576	0.078	0.108	2.45179618103203e-06	WDTC1	c2
7.45729847334733e-11	0.903570211456584	0.037	0.023	2.50102876199123e-06	CCDC112	c2
7.54603703162496e-11	0.457174397746352	0.222	0.198	2.53078989966638e-06	TRAPPC2B	c2
7.56739406490968e-11	-0.500858042548238	0.014	0.029	2.53795262148941e-06	AC244090.1	c2
7.61977808812362e-11	-0.385381370132008	0.035	0.056	2.5555211751949e-06	ZNF254	c2
7.73135502500467e-11	-1.01683998500436	0.01	0.023	2.59294184828606e-06	AZIN1-AS1	c2
7.9198171098244e-11	-0.184746875377861	0.044	0.067	2.65614826229291e-06	HDAC6	c2
7.94210204148406e-11	1.06657426522981	0.019	0.01	2.66362218267292e-06	IRGM	c2
8.01886947304849e-11	-0.220434287724403	0.06	0.087	2.689368443871e-06	GCFC2	c2
8.04921452185762e-11	-0.770091629055019	0.008	0.021	2.69954556634061e-06	HILPDA	c2
8.07775267331351e-11	-0.204908209310148	0.056	0.082	2.70911669157588e-06	THAP12	c2
8.15212369459607e-11	0.331519855169409	0.356	0.343	2.73405924469363e-06	SLC38A2	c2
8.17496820041455e-11	-0.294426306992958	0.032	0.053	2.74172083505503e-06	TMEM186	c2
8.34483201752001e-11	-0.254668797332324	0.055	0.081	2.79868976203586e-06	ALDH3A2	c2
8.41972043041329e-11	-0.339753825187632	0.03	0.049	2.82380583795201e-06	LIMD1	c2
8.51775239149394e-11	-0.133906645751091	0.102	0.137	2.85668379705924e-06	VIRMA	c2
8.6231069770882e-11	-0.12811401566546	0.704	0.766	2.89201761797584e-06	ACAP1	c2
8.6536731986005e-11	0.953568243960171	0.04	0.026	2.90226891734664e-06	MMP25	c2
8.68483786097009e-11	-0.132393536994733	0.443	0.517	2.91272092181215e-06	HNRNPL	c2
8.74527405860414e-11	-2.09764046953778	0.002	0.011	2.93299001377466e-06	MAP7	c2
8.81556412782499e-11	-0.196228264472111	0.063	0.09	2.95656389718994e-06	GPATCH3	c2
8.9060458711804e-11	-0.101536389047957	0.341	0.415	2.98690966427648e-06	MMP24OS	c2
8.93594366299001e-11	0.86411022962801	0.045	0.03	2.99693678569359e-06	HOOK1	c2
8.94426433379653e-11	-0.459235789310359	0.025	0.043	2.99972737226868e-06	SYNGR3	c2
9.00241803407634e-11	-0.547284041900214	0.017	0.032	3.01923096026852e-06	AC139530.1	c2
9.23875030083518e-11	-0.554137774351225	0.015	0.029	3.0984920758941e-06	EID2	c2
9.30833888172906e-11	-0.258945318933669	0.04	0.062	3.12183069415429e-06	TM7SF2	c2
9.52049007527874e-11	-2.5100377235033	0.008	0.02	3.19298196144698e-06	CD68	c2
9.55837258904735e-11	-0.135485949510698	0.089	0.122	3.2056869989147e-06	SIPA1L1	c2
9.58863485703161e-11	-0.159178419447069	0.092	0.124	3.21583635835126e-06	INO80D	c2
9.64686336765361e-11	-0.11441821400728	0.161	0.205	3.23536503624367e-06	SUPT3H	c2
9.85740415462875e-11	-0.209434088001754	0.041	0.064	3.30597620537939e-06	YTHDF1	c2
9.87333252801996e-11	-0.218934466497896	0.037	0.058	3.31131826324733e-06	FASTKD3	c2
9.8764177817666e-11	-0.146971539985842	0.08	0.11	3.31235299564888e-06	FZR1	c2
9.93708639637435e-11	-0.290815951093948	0.044	0.066	3.33270003561603e-06	CIC	c2
9.99449988402793e-11	-0.109047872350807	0.083	0.114	3.35195537110529e-06	FBXO28	c2
1.00144427423914e-10	-0.110377561105882	0.084	0.116	3.35864380694322e-06	RBM28	c2
1.00202993748325e-10	-0.110359638820637	0.341	0.412	3.36060800433131e-06	HMGN3	c2
1.01619451993164e-10	-0.152738365847832	0.076	0.106	3.40811318094672e-06	ATR	c2
1.02582369700994e-10	-0.131141150836317	0.028	0.047	3.44040751503193e-06	C4orf46	c2
1.06101107898821e-10	-0.115003410188428	0.196	0.247	3.55841895671066e-06	NUP58	c2
1.06422997739727e-10	-0.166474679615504	0.059	0.085	3.56921449819496e-06	TARS2	c2
1.07158022049819e-10	-0.11044877749473	0.13	0.17	3.59386574350684e-06	BCL10	c2
1.08076206715344e-10	-0.393530048003927	0.027	0.046	3.62465982081922e-06	DHTKD1	c2
1.08373280586135e-10	-0.216260461919633	0.052	0.077	3.63462308429779e-06	CCDC9	c2
1.09562239356565e-10	-0.532190995416931	0.024	0.042	3.67449838354048e-06	ZNF45	c2
1.1052747590879e-10	-0.106009170964176	0.142	0.183	3.70687048702902e-06	ZNF33A	c2
1.11254936846808e-10	-0.109147278399912	0.449	0.529	3.73126807196825e-06	SCP2	c2
1.12674837188034e-10	-0.15422323238336	0.132	0.171	3.77888868961228e-06	ZBED5	c2
1.12856555873406e-10	-0.115775077564008	0.059	0.085	3.7849831708823e-06	RPE	c2
1.13941008723816e-10	-0.193520402334128	0.064	0.092	3.82135355057935e-06	DMXL1	c2
1.14217810869167e-10	-0.104037973944524	0.177	0.225	3.83063694093012e-06	HUWE1	c2
1.14796321597877e-10	-0.15329192538152	0.058	0.084	3.8500390337496e-06	PPOX	c2
1.17092062447082e-10	-0.103674287770556	0.113	0.149	3.92703359035022e-06	SH3GL1	c2
1.17135104432606e-10	-0.545975517674506	0.014	0.028	3.92847713246076e-06	RHEBL1	c2
1.17413771016795e-10	-0.457849436382029	0.02	0.037	3.93782305236128e-06	TMSB15B	c2
1.18906056256079e-10	-0.327607318338368	0.038	0.06	3.98787131471639e-06	RYBP	c2
1.18980337140691e-10	-0.200385788853547	0.104	0.138	3.9903625470245e-06	TRIM13	c2
1.20814042854225e-10	-0.139333237607774	0.358	0.43	4.05186136924501e-06	LNPEP	c2
1.21044567282691e-10	-0.261815197911194	0.034	0.055	4.05959269752688e-06	POU2F1	c2
1.21620185652537e-10	-0.236114031281218	0.047	0.07	4.07889778641479e-06	GATD1	c2
1.23740343502308e-10	-0.312352303071813	0.042	0.065	4.15000364038041e-06	CFL2	c2
1.25248382955444e-10	-0.118182922523778	0.104	0.139	4.20058026755969e-06	MTO1	c2
1.25254854288296e-10	-0.1604070060815	0.049	0.074	4.20079730312088e-06	IMPACT	c2
1.25453099797445e-10	-0.22655439823377	0.051	0.075	4.2074460610067e-06	DHCR7	c2
1.25467765917767e-10	-0.138927900805619	0.682	0.744	4.20793793335008e-06	TAPBP	c2
1.26186855190966e-10	-0.122101045901449	0.088	0.12	4.23205474939461e-06	EIF4E3	c2
1.28982851395134e-10	-0.28186166576163	0.033	0.053	4.32582687009002e-06	CEP89	c2
1.30670232952129e-10	-0.740096275803843	0.009	0.022	4.38241827274851e-06	AC006064.4	c2
1.31351640293329e-10	-0.240040331224459	0.066	0.094	4.40527131215766e-06	ZNF266	c2
1.33662248005124e-10	-0.184814192965049	0.05	0.075	4.48276447359585e-06	SPATA2	c2
1.35079665541584e-10	-0.587062486558793	0.014	0.029	4.53030182293365e-06	SLFN13	c2
1.35167978627223e-10	-0.122125931104956	0.494	0.567	4.5332636671998e-06	SNRPD3	c2
1.3696630004495e-10	-0.269840068303294	0.04	0.061	4.59357577090754e-06	PLAGL2	c2
1.39350243608757e-10	-0.176887184290495	0.069	0.096	4.67352847015048e-06	ERGIC1	c2
1.40655113314358e-10	0.168652606405107	0.571	0.579	4.71729119033695e-06	TMED2	c2
1.41713506161438e-10	-0.111682715780522	0.086	0.117	4.7527875696423e-06	PHRF1	c2
1.45159233183043e-10	-1.13756432870835	0.007	0.018	4.8683503624929e-06	RGS9	c2
1.45621388724933e-10	-0.120953201377827	0.109	0.145	4.88385013505681e-06	RAP2B	c2
1.48258206668528e-10	-0.41288550588375	0.029	0.048	4.9722837352491e-06	SLC10A7	c2
1.49044264654642e-10	-0.194676480585867	0.049	0.072	4.99864654798737e-06	FAM98B	c2
1.49192138433143e-10	-0.186249415608862	0.077	0.107	5.00360593877074e-06	SLC2A1	c2
1.50476621430372e-10	-0.159576384505523	0.054	0.079	5.04668492953182e-06	COQ2	c2
1.53779482036748e-10	-0.18439029942119	0.04	0.061	5.15745626854845e-06	NOM1	c2
1.54391891196688e-10	-0.89417170487438	0.009	0.021	5.17799524695451e-06	AC022098.1	c2
1.5629593703493e-10	-0.207831774554773	0.076	0.105	5.2418531362775e-06	VPS11	c2
1.59839436757033e-10	1.06024454297844	0.029	0.017	5.36069502995738e-06	EEF1AKMT3	c2
1.628035843953e-10	-0.349927608890975	0.025	0.042	5.46010661344957e-06	CCZ1	c2
1.63290200222391e-10	-0.406724901220838	0.021	0.037	5.47642673505856e-06	NUP50-DT	c2
1.64531108519537e-10	-0.156261778465427	0.347	0.413	5.51804431752822e-06	CMTM7	c2
1.67343807873833e-10	-0.232684527726119	0.052	0.077	5.6123766284726e-06	APAF1	c2
1.68234989062501e-10	-0.136828669410549	0.069	0.097	5.64226506317816e-06	C7orf43	c2
1.70574017049629e-10	-1.94689485454894	0.002	0.01	5.72071138381045e-06	SUOX	c2
1.71733635505765e-10	-0.149732708070739	0.052	0.077	5.75960266759233e-06	TXNRD2	c2
1.72413799477177e-10	-0.467623863251755	0.02	0.036	5.78241400686555e-06	GIT1	c2
1.73238526841785e-10	-0.115668088493733	0.131	0.17	5.81007371321978e-06	GOLGA2	c2
1.73388192654246e-10	-0.393053039087853	0.023	0.04	5.8150932052381e-06	AXIN1	c2
1.7379483652175e-10	0.562019798461005	0.15	0.126	5.82873122726644e-06	HOOK2	c2
1.74450478151437e-10	-0.200824265719459	0.109	0.144	5.85072013624288e-06	TTC13	c2
1.75569277510849e-10	-0.500292260138999	0.015	0.03	5.88824242915887e-06	EXO5	c2
1.79006246285658e-10	-0.71951926281996	0.008	0.02	6.00351148792841e-06	SPINDOC	c2
1.80147642121634e-10	-0.109257834865318	0.661	0.719	6.04179162147537e-06	RBM3	c2
1.80301332660537e-10	-0.432212880374189	0.03	0.048	6.04694609476908e-06	MMAA	c2
1.80992651034171e-10	-0.13926386855381	0.191	0.239	6.07013153038404e-06	ZMYM2	c2
1.81200784980481e-10	-1.87128426869051	0.002	0.01	6.07711192667538e-06	FAM81A	c2
1.8734190981189e-10	-0.389777878815277	0.023	0.041	6.28307297127115e-06	SULT1A1	c2
1.87587688091614e-10	-0.54206115443175	0.014	0.028	6.29131588321655e-06	CD72	c2
1.88590904138066e-10	0.566339034756786	0.084	0.063	6.32496174298246e-06	TCEAL3	c2
1.89117241593006e-10	-0.658752559145355	0.011	0.025	6.34261404854623e-06	PSMG3-AS1	c2
1.89181319453182e-10	-0.275053854152799	0.032	0.052	6.34476309182083e-06	C9orf64	c2
1.92595196542758e-10	-0.107966790309819	0.366	0.437	6.45925770165103e-06	IL27RA	c2
1.97341440695904e-10	-0.64033650021498	0.01	0.023	6.61843723805922e-06	MREG	c2
1.98501231583445e-10	-0.232934300575623	0.083	0.113	6.65733430484557e-06	L3MBTL3	c2
1.99709194457433e-10	-0.172331683797429	0.088	0.119	6.69784696371339e-06	PIP4K2C	c2
2.00635015006895e-10	0.800199317350447	0.061	0.043	6.72889713330123e-06	IRS2	c2
2.01506754023645e-10	-0.217404200102066	0.046	0.069	6.758133516445e-06	HECTD4	c2
2.03965068657009e-10	-0.556150514687297	0.016	0.031	6.84058047261878e-06	UHRF1BP1	c2
2.0573328745813e-10	-0.553855603615744	0.012	0.026	6.89988299477078e-06	MAST2	c2
2.05821790750068e-10	-0.229664755566219	0.131	0.167	6.90285121817579e-06	P2RY8	c2
2.07442229751038e-10	-0.140027925122248	0.193	0.241	6.95719750139032e-06	OSTM1	c2
2.07544723679046e-10	-0.42784403524274	0.035	0.055	6.96063494274783e-06	ZNF627	c2
2.08249263727357e-10	-0.512547425217274	0.015	0.029	6.9842638068881e-06	ZNF93	c2
2.11912311155258e-10	-0.105662024746746	0.078	0.107	7.10711509152504e-06	C12orf43	c2
2.1220139595826e-10	-0.155204659114057	0.07	0.098	7.11681041764813e-06	MTFMT	c2
2.13276451762462e-10	-0.173784077749639	0.086	0.117	7.15286563920946e-06	STRIP1	c2
2.13807654413092e-10	-0.145582210609129	0.071	0.099	7.1706811137063e-06	ELMOD2	c2
2.15039325393688e-10	-0.114392676537795	0.285	0.349	7.2119888950535e-06	TM9SF2	c2
2.16574370775504e-10	-0.19822585520074	0.039	0.06	7.26347124706884e-06	AL451165.2	c2
2.1758322549877e-10	-0.129286919326623	0.107	0.141	7.29730621677774e-06	SRFBP1	c2
2.17708988090512e-10	-0.103789414792014	0.084	0.115	7.3015240425796e-06	NISCH	c2
2.23577118240654e-10	-0.300271378736321	0.024	0.042	7.49832939155505e-06	CEP131	c2
2.26052817390638e-10	-0.126315429658269	0.589	0.668	7.5813593896472e-06	ISCU	c2
2.26812986800075e-10	-0.124986024375595	0.074	0.102	7.60685395130093e-06	METTL2A	c2
2.28283815273463e-10	-0.161287698487347	0.085	0.115	7.65618259664139e-06	CEPT1	c2
2.29332058245002e-10	-0.100795365490401	0.148	0.191	7.69133856942087e-06	MGRN1	c2
2.30330140926107e-10	-0.114891029739212	0.117	0.153	7.72481226637976e-06	WASHC2A	c2
2.30366996140048e-10	-0.743815264840467	0.005	0.015	7.72604831654493e-06	SLC25A10	c2
2.33440869603676e-10	-0.648821584869523	0.005	0.016	7.82913988476808e-06	BRIP1	c2
2.36980087263872e-10	0.413388338403408	0.193	0.168	7.94783816665574e-06	TMEM71	c2
2.37741520296568e-10	-0.229358168957285	0.036	0.057	7.9733751077063e-06	CCDC86	c2
2.3802133585345e-10	-0.144096825504914	0.094	0.126	7.98275956185301e-06	KIAA0232	c2
2.38048207059435e-10	-0.10395879509112	0.147	0.189	7.98366076835934e-06	PHF12	c2
2.39684769725691e-10	-0.148066191557325	0.087	0.118	8.03854780706023e-06	KIAA0391	c2
2.4416725734722e-10	-0.227117028566854	0.026	0.044	8.18888147691108e-06	GATB	c2
2.48691842416452e-10	-0.101870575142888	0.16	0.205	8.34062701096298e-06	BRIX1	c2
2.53817366341045e-10	-0.23766007103493	0.032	0.051	8.51252683234598e-06	LARS2	c2
2.54684104390258e-10	-0.108741561939674	0.057	0.082	8.54159549304048e-06	GATC	c2
2.56203465417477e-10	-0.297583456651209	0.026	0.044	8.59255182317134e-06	CENPB	c2
2.58481153666502e-10	-0.426256039067929	0.02	0.036	8.66894093166716e-06	CTU1	c2
2.59424908664627e-10	-0.474464457070548	0.065	0.091	8.70059258679427e-06	FUCA1	c2
2.6466827876521e-10	-0.11821272320771	0.37	0.443	8.87644473322763e-06	WASF2	c2
2.66236223318542e-10	-0.171403951466225	0.032	0.052	8.92903045765728e-06	FIGNL1	c2
2.68331812091301e-10	1.56364253646726	0.013	0.006	8.99931231391805e-06	AL360012.1	c2
2.68462825455671e-10	-0.164324696856977	0.061	0.087	9.00370624013228e-06	NAA35	c2
2.69109849786654e-10	-0.14047470656458	0.092	0.124	9.0254061421448e-06	UBXN7	c2
2.70733295586295e-10	-0.297037926629126	0.034	0.054	9.07985326737317e-06	C14orf93	c2
2.71949348353753e-10	-0.112542352868518	0.46	0.545	9.12063724508816e-06	STUB1	c2
2.7224016721226e-10	-0.290750582418073	0.023	0.041	9.13039072796478e-06	NACC1	c2
2.73654935635083e-10	-0.240356502203556	0.045	0.068	9.17783923132943e-06	EIF4ENIF1	c2
2.74484378968695e-10	-0.422260557067651	0.019	0.035	9.20565710185208e-06	PQLC1	c2
2.77260433831092e-10	0.729356817996778	0.035	0.022	9.29876042982716e-06	GPRASP1	c2
2.8277835394016e-10	-0.560400308615335	0.008	0.02	9.48382043444509e-06	C16orf95	c2
2.83073048099081e-10	-0.360981547784106	0.031	0.051	9.49370388714698e-06	SAMD10	c2
2.84795254645354e-10	-0.200254924054784	0.041	0.063	9.55146325029587e-06	ACAP3	c2
2.88846458971274e-10	-0.154138486184943	0.051	0.076	9.68733254097858e-06	UPRT	c2
2.90019978437413e-10	-0.117021055758113	0.102	0.136	9.72669003683397e-06	TM9SF4	c2
2.90575968217001e-10	-0.193341722346993	0.048	0.071	9.74533682206178e-06	SPATA20	c2
2.91019659050355e-10	-0.154808621393716	0.423	0.493	9.76021732523079e-06	SIVA1	c2
2.91522070030622e-10	-0.126681635585693	0.131	0.17	9.77706718468699e-06	EP300	c2
2.92740921947746e-10	-0.412751033715313	0.033	0.052	9.81794504028352e-06	LCORL	c2
2.96044961487056e-10	-0.297876293307939	0.03	0.049	9.92875591835287e-06	PDCD2L	c2
2.97915503124024e-10	-0.151773219131543	0.052	0.076	9.99149014377353e-06	MRPL53	c2
2.98825316176942e-10	-0.124477305635859	0.148	0.189	1.00220034539423e-05	AGAP2	c2
3.0023267080337e-10	-3.30129280346984	0.002	0.01	1.00692033134034e-05	PLTP	c2
3.01741072917996e-10	-0.110433641195513	0.124	0.162	1.01197921035238e-05	TLE3	c2
3.02542774908278e-10	-0.118086510102243	0.376	0.448	1.01466795848738e-05	PTBP1	c2
3.03392997493816e-10	-0.499008335573684	0.013	0.027	1.01751943499476e-05	CARM1	c2
3.04719966027976e-10	-0.126812650832782	0.09	0.122	1.02196982206463e-05	TMEM209	c2
3.04976269121976e-10	-0.220637560201677	0.049	0.073	1.02282941138128e-05	SPAST	c2
3.05964503460935e-10	-0.201786378245299	0.051	0.075	1.02614375170729e-05	TMEM260	c2
3.09739753176612e-10	-0.113722212121628	0.069	0.097	1.03880518420372e-05	FAM98A	c2
3.10956192185494e-10	-0.107102231701782	0.274	0.337	1.04288487735171e-05	RNF5	c2
3.13120347532428e-10	-0.201433917747154	0.041	0.063	1.05014302155426e-05	PPP1R12C	c2
3.14467383169388e-10	-0.48857929089901	0.025	0.042	1.0546607096735e-05	MXRA7	c2
3.14847307153059e-10	-0.121780875082222	0.068	0.095	1.05593489872993e-05	PDHX	c2
3.15263598366888e-10	-0.100075563108857	0.265	0.325	1.05733105620287e-05	ZNF638	c2
3.16238062097596e-10	1.16171581830817	0.018	0.009	1.06059921266292e-05	ZSWIM5	c2
3.22419202666835e-10	-0.35616651226586	0.031	0.05	1.08132952190403e-05	MFAP3	c2
3.28178575834978e-10	-0.193728018974471	0.053	0.077	1.10064530763535e-05	XPNPEP3	c2
3.28763380262735e-10	-0.171515343560618	0.061	0.087	1.10260662472516e-05	ELF4	c2
3.30408803820904e-10	0.297651551627419	0.382	0.37	1.10812504625455e-05	RNF139	c2
3.31084921325928e-10	0.956213759185012	0.03	0.018	1.1103926091429e-05	PCAT1	c2
3.35626295528436e-10	-0.146030083168462	0.092	0.123	1.12562346994327e-05	TBC1D23	c2
3.36136820343218e-10	-0.100786810030199	0.141	0.182	1.12733566806708e-05	ZKSCAN1	c2
3.41677484489921e-10	-0.820075681850764	0.011	0.025	1.1459179474823e-05	FBXO41	c2
3.41770757110058e-10	-0.296110624705725	0.04	0.062	1.14623076519571e-05	RBM41	c2
3.4663249411672e-10	-0.116930261918482	0.489	0.571	1.16253605876866e-05	EPC1	c2
3.51626624219055e-10	-0.380181018438249	0.024	0.041	1.17928537230587e-05	MARS2	c2
3.55834840038855e-10	-0.143564147106309	0.074	0.103	1.19339888652231e-05	FBXO31	c2
3.56350725588316e-10	-0.937279886221824	0.009	0.021	1.19512906347809e-05	NSMF	c2
3.59523235567016e-10	-0.116437364548652	0.095	0.127	1.20576902744466e-05	ORAI3	c2
3.64799005221762e-10	-0.131146270401717	0.05	0.074	1.22346290371274e-05	MYO19	c2
3.66719878822917e-10	-0.103341442269824	0.397	0.473	1.2299051295963e-05	MRPL33	c2
3.69469336600636e-10	-0.201862739899846	0.037	0.057	1.23912626109121e-05	LONP1	c2
3.72336484304385e-10	-0.539353109124294	0.02	0.036	1.24874210106005e-05	ACVR1	c2
3.73963018712186e-10	-0.140702417861257	0.122	0.158	1.25419717215693e-05	MTR	c2
3.84369390848021e-10	-0.188085091251427	0.068	0.095	1.28909806302609e-05	CCDC126	c2
3.86825999007835e-10	-0.267610608574004	0.044	0.065	1.29733703547248e-05	TMEM187	c2
3.87257882574196e-10	-0.238051672661321	0.069	0.096	1.29878548657734e-05	RNF169	c2
3.87695801625728e-10	-0.108187772487256	0.469	0.552	1.30025417949237e-05	MEAF6	c2
3.91488156895563e-10	-0.102331680919124	0.424	0.505	1.31297298059634e-05	NOL7	c2
3.92548131625086e-10	-0.285551922497663	0.061	0.086	1.31652792384421e-05	BCAS3	c2
3.94005654463558e-10	-0.120376942552477	0.431	0.508	1.32141616393988e-05	METTL26	c2
3.95472797992178e-10	-0.496931521615994	0.02	0.036	1.32633666990617e-05	AC009061.2	c2
3.99149964533908e-10	-0.132128691509303	0.056	0.08	1.33866915105382e-05	VPS50	c2
3.99290201714543e-10	-0.127635091609099	0.062	0.088	1.33913947851024e-05	ZC3HC1	c2
4.03283398672449e-10	-0.142813644104291	0.187	0.235	1.35253186246766e-05	RAB11FIP1	c2
4.0449391111466e-10	-0.126021116981836	0.074	0.102	1.35659167909635e-05	TRAPPC10	c2
4.05312857536933e-10	-0.149847709445266	0.06	0.086	1.35933826160736e-05	YEATS2	c2
4.05891506562679e-10	-0.250638411034013	0.027	0.045	1.36127893470991e-05	CCDC138	c2
4.0708785532311e-10	-0.307939496085847	0.034	0.054	1.36529124918265e-05	DEPDC5	c2
4.08329671612373e-10	0.316736735226724	0.301	0.282	1.36945605265357e-05	CRTAP	c2
4.18661281565193e-10	-0.166618241248004	0.032	0.052	1.40410620611335e-05	SLC7A1	c2
4.26176263480655e-10	-0.125908793370703	0.687	0.737	1.42930995246142e-05	OSTF1	c2
4.27916008641626e-10	-0.120421804925943	0.102	0.135	1.43514470978229e-05	PHKB	c2
4.29248377749355e-10	-0.306261113223731	0.036	0.056	1.43961320929579e-05	PDE6B	c2
4.37855738325699e-10	-0.127019827767429	0.1	0.133	1.46848057519673e-05	ANKRD13C	c2
4.40169735270152e-10	-0.167419672302465	0.057	0.082	1.47624125814903e-05	PRMT3	c2
4.40318857483086e-10	-0.651949750607955	0.015	0.029	1.47674138422677e-05	CASZ1	c2
4.45898478756385e-10	-0.13504623753479	0.144	0.184	1.49545431805316e-05	KAT6A	c2
4.4708380046316e-10	-0.45903412532711	0.013	0.027	1.49942964999335e-05	VPS54	c2
4.56634942891059e-10	-0.107925444925413	0.205	0.256	1.53146227146803e-05	PPP3R1	c2
4.60879618637961e-10	-0.113001582932351	0.304	0.371	1.54569806498799e-05	ATP6AP1	c2
4.67816253330153e-10	-0.19948029049015	0.098	0.13	1.56896215041867e-05	GALNT11	c2
4.7132662919236e-10	-0.100669379751825	0.122	0.159	1.58073524898534e-05	STYX	c2
4.74628802162948e-10	1.2202404196889	0.026	0.015	1.5918100766941e-05	AC106739.1	c2
4.74745673076943e-10	-0.127946762772909	0.085	0.116	1.59220203836545e-05	CC2D1A	c2
4.91242427381181e-10	-0.163233067542429	0.071	0.099	1.647528852951e-05	SPPL3	c2
4.92358580186806e-10	1.39445067238051	0.012	0.005	1.65127220623051e-05	ZNF135	c2
4.95290794337741e-10	-0.843353728738465	0.008	0.02	1.66110626604991e-05	C5orf17	c2
5.06175677078211e-10	-0.104970854894029	0.136	0.175	1.6976119857849e-05	CCDC66	c2
5.18315885193574e-10	-0.1214683299286	0.069	0.096	1.73832781576221e-05	TIMM21	c2
5.22758504005784e-10	-0.105601637482691	0.321	0.389	1.7532274707346e-05	DYNC1H1	c2
5.40411886862209e-10	-0.109398563430158	0.096	0.128	1.81243338615848e-05	RTL8A	c2
5.47686850628408e-10	-0.841394840191423	0.007	0.018	1.83683215963755e-05	IFNLR1	c2
5.60184303355893e-10	-0.222767754012701	0.059	0.084	1.87874611659499e-05	LINC00476	c2
5.65062563598358e-10	-0.730960718589484	0.009	0.021	1.89510682579617e-05	NR1H3	c2
5.6506638856982e-10	-0.109031993732225	0.088	0.119	1.89511965398546e-05	FAR1	c2
5.67198010896805e-10	-0.235042250991287	0.036	0.056	1.90226868894571e-05	CCDC77	c2
5.77841151901364e-10	-0.158859881385459	0.064	0.09	1.9379636552468e-05	EFL1	c2
5.78551189347057e-10	-0.142901822807936	0.091	0.122	1.94034497883216e-05	ARNT	c2
5.79748849751094e-10	-0.299375817369029	0.026	0.043	1.94436169229522e-05	RTN4IP1	c2
5.86693388887504e-10	-0.573185925657296	0.268	0.226	1.96765228765091e-05	TNFRSF4	c2
5.94773776727427e-10	-0.162101267170572	0.094	0.125	1.99475229238844e-05	HMG20A	c2
5.98582606853832e-10	-0.218396583853425	0.031	0.05	2.00752634686638e-05	NLRX1	c2
6.02354330214258e-10	-0.425355758413835	0.02	0.036	2.02017595267258e-05	MTFR1	c2
6.03521811744862e-10	-0.164802558321625	0.504	0.558	2.02409145222992e-05	YWHAH	c2
6.04358552869953e-10	-0.998831449548662	0.007	0.017	2.02689771461525e-05	DPY19L3	c2
6.10214367776587e-10	-0.140968832100182	0.075	0.103	2.04653694664912e-05	VPS45	c2
6.13195859744983e-10	-0.250977345557965	0.054	0.077	2.05653627441272e-05	TRMT2B	c2
6.16225911151569e-10	-0.241748137538935	0.035	0.055	2.06669846082013e-05	DGAT1	c2
6.20977245022484e-10	0.785366453123427	0.055	0.039	2.08263348435641e-05	EIF4EBP3	c2
6.21670388256754e-10	-0.270967765742213	0.032	0.052	2.0849581481355e-05	ACOX3	c2
6.25874327944033e-10	1.19398041982175	0.013	0.006	2.0990573210587e-05	CACNA1I	c2
6.33807287169837e-10	-0.66108196755029	0.01	0.022	2.1256628797102e-05	P4HA2	c2
6.45283906113756e-10	-0.185816212212377	0.052	0.075	2.16415316432431e-05	MLYCD	c2
6.51775349914233e-10	-0.533733863553419	0.018	0.033	2.18592416854236e-05	TRIM16	c2
6.53711682456405e-10	-0.103567527022558	0.128	0.166	2.19241824062229e-05	EXOC2	c2
6.61886244582898e-10	1.42748105414027	0.01	0.004	2.21983408708212e-05	AC022098.4	c2
6.62070506126098e-10	-0.108559244899063	0.337	0.407	2.22045206344571e-05	ILK	c2
6.65120290855421e-10	-0.10250216322664	0.176	0.221	2.23068043147091e-05	SETD2	c2
6.79099240774251e-10	-0.115941899372235	0.407	0.481	2.27756303370868e-05	CCDC107	c2
6.80084795915408e-10	1.21799060706528	0.015	0.007	2.2808683885411e-05	VWDE	c2
6.87041674812866e-10	-1.05837338041161	0.004	0.013	2.30420036898739e-05	AL355338.1	c2
6.98648073073887e-10	-0.489685750385921	0.016	0.03	2.3431259074752e-05	SLC36A1	c2
7.07838191228401e-10	-0.305717111179851	0.225	0.276	2.37394772574181e-05	CMC1	c2
7.11525549576923e-10	-0.14272640258217	0.06	0.085	2.38631438817108e-05	ROGDI	c2
7.11611802711491e-10	-1.12369282896245	0.006	0.017	2.3866036639338e-05	SIRPB1	c2
7.12924525173264e-10	0.262208550590667	0.294	0.262	2.39100627252609e-05	TNFSF9	c2
7.27234410452903e-10	-0.201118831750454	0.044	0.066	2.43899876577694e-05	GYS1	c2
7.27844938894898e-10	-0.893955544780723	0.007	0.019	2.44104635606571e-05	LINC00528	c2
7.299232599611e-10	-0.138393006943768	0.076	0.105	2.44801662925754e-05	RBM15B	c2
7.32815843613973e-10	-0.118261220954732	0.054	0.078	2.45771777631254e-05	RMND1	c2
7.35458399735626e-10	-0.115162568810411	0.074	0.102	2.46658038103334e-05	CEP290	c2
7.36843002489465e-10	1.38656006230011	0.012	0.006	2.47122406174917e-05	CXADR	c2
7.42092948855202e-10	-1.60437118354891	0.002	0.01	2.48883133187058e-05	NTRK1	c2
7.43823473840508e-10	-0.233151596611939	0.073	0.1	2.49463516656629e-05	MCTP2	c2
7.49687619851192e-10	-0.237511416673603	0.215	0.261	2.51430233945693e-05	TNFRSF25	c2
7.5559735715541e-10	-0.127614614251728	0.072	0.099	2.53412241642781e-05	WDR70	c2
7.62049851809144e-10	-0.10377021191709	0.382	0.458	2.55576279299751e-05	REST	c2
7.7993775710529e-10	0.666987706876538	0.063	0.046	2.61575524977972e-05	TMOD2	c2
7.84443763705479e-10	-0.155176272017059	0.044	0.066	2.63086749471543e-05	SFR1	c2
7.87742375520545e-10	-0.208392164886897	0.052	0.075	2.6419303790208e-05	INTS1	c2
8.09079717605255e-10	-0.101213815445888	0.282	0.344	2.7134915569045e-05	COX20	c2
8.11090736202794e-10	-0.102652837124186	0.033	0.053	2.72023611107693e-05	MECR	c2
8.11786517845654e-10	-0.350575955127526	0.024	0.04	2.72256962355075e-05	PRKACA	c2
8.20860510313323e-10	-0.164665703988094	0.067	0.093	2.75300197948882e-05	APOL1	c2
8.27266875963726e-10	-0.104232316984325	0.378	0.451	2.77448764860715e-05	CLNS1A	c2
8.33794833265491e-10	-0.416654820067907	0.028	0.046	2.79638111180581e-05	USP46	c2
8.35495955660524e-10	0.140884405940202	0.44	0.416	2.80208633609427e-05	SLAMF1	c2
8.69289600912776e-10	-0.162448921985204	0.067	0.093	2.91542346354127e-05	ZNF639	c2
8.83526946170842e-10	-0.182346357002543	0.032	0.051	2.96317267206777e-05	UBXN8	c2
8.95794533858514e-10	0.998880519758499	0.023	0.013	3.00431570765469e-05	CPLX1	c2
9.16123651230132e-10	-0.100578862893028	0.987	0.985	3.07249550149562e-05	PABPC1	c2
9.24800679898619e-10	-0.112873336277133	0.082	0.112	3.10159652024399e-05	PRKCZ	c2
9.2575325554935e-10	-0.174676934263596	0.062	0.088	3.10479126846141e-05	TTN-AS1	c2
9.37990702629765e-10	-0.137600014697994	0.64	0.696	3.14583321847971e-05	ANXA6	c2
9.57322568625301e-10	-0.333608181544203	0.018	0.033	3.21066843065554e-05	ADAL	c2
9.76129072869897e-10	-0.130225352404407	0.085	0.114	3.27374168459106e-05	VIM-AS1	c2
9.76544262918811e-10	1.18600609432743	0.016	0.008	3.27513414897711e-05	AXIN2	c2
9.8876135352348e-10	-0.176177086228027	0.067	0.094	3.31610782744705e-05	MAML1	c2
9.92648026562997e-10	-0.307568859142223	0.026	0.043	3.32914295148698e-05	DNAJC18	c2
9.95514700868265e-10	-0.217087783415431	0.056	0.08	3.33875720377199e-05	AC008555.5	c2
9.9933111479122e-10	-0.142691248508574	0.051	0.074	3.35155669278679e-05	SLC25A16	c2
1.00373667478868e-09	-0.245772262710338	0.048	0.07	3.36633205990626e-05	NOP14-AS1	c2
1.00578388002758e-09	-0.119830699554251	0.107	0.141	3.37319797683651e-05	KCTD13	c2
1.00674865669787e-09	-0.121305171922685	0.065	0.091	3.37643364483332e-05	MANEA	c2
1.01286596076349e-09	-1.51056580727871	0.003	0.011	3.3969498592086e-05	HSF5	c2
1.03301491282796e-09	-0.370281861387259	0.031	0.05	3.46452541464241e-05	TEP1	c2
1.04871283748638e-09	-0.117510404543536	0.106	0.139	3.51717311436183e-05	WAC-AS1	c2
1.05103300269756e-09	-0.258865038605287	0.037	0.057	3.52495448444706e-05	FAHD1	c2
1.05276272395152e-09	-0.65044189116283	0.013	0.027	3.53075562358859e-05	TBCEL	c2
1.07066802512688e-09	-0.657182686369379	0.017	0.031	3.59080642267054e-05	SMAGP	c2
1.0760760410767e-09	-0.152678425701687	0.035	0.054	3.60894382656303e-05	ACACA	c2
1.1026783209383e-09	1.39544770271816	0.012	0.006	3.69816255276287e-05	AC073934.1	c2
1.10897238594671e-09	-0.100949529157231	0.419	0.5	3.71927158798807e-05	TBRG1	c2
1.11310566800563e-09	0.493300219398884	0.094	0.073	3.73313378935729e-05	KDM5D	c2
1.14691405652754e-09	0.313884931763533	0.473	0.479	3.84652036278207e-05	BCAS2	c2
1.15515271497741e-09	-0.314465410367738	0.036	0.055	3.87415117549125e-05	CORO7	c2
1.1634850877451e-09	-0.722292321077459	0.011	0.024	3.90209628727951e-05	TET3	c2
1.18011659772159e-09	-0.121493859381831	0.075	0.103	3.95787504543868e-05	RRS1	c2
1.20537147623844e-09	-1.20525121999689	0.004	0.014	4.04257485700847e-05	AL353622.1	c2
1.20919315240248e-09	-1.70116833623334	0.002	0.01	4.05539199452744e-05	ABTB2	c2
1.22485789204423e-09	-0.11126947698305	0.065	0.091	4.10792839833793e-05	SLC30A6	c2
1.2274618863481e-09	-0.154636779247781	0.068	0.095	4.11666167443425e-05	NPRL3	c2
1.23206085914074e-09	-0.633227591046639	0.016	0.03	4.13208570938621e-05	PTCD2	c2
1.23276275151614e-09	-0.105902328484274	0.138	0.176	4.13443971603484e-05	WDR43	c2
1.23407934944883e-09	0.776117921948334	0.047	0.032	4.13885532218149e-05	ANKRD42	c2
1.28136791774859e-09	-0.110556502794258	0.1	0.132	4.29745172254521e-05	VCPIP1	c2
1.29671306533479e-09	-0.186048644248966	0.088	0.117	4.34891627851981e-05	TSC2	c2
1.30316111449663e-09	-0.220006460629315	0.057	0.081	4.37054174579878e-05	SPIN2B	c2
1.31949189978693e-09	-0.191707007914159	0.662	0.698	4.42531193350541e-05	ITM2A	c2
1.32420393348547e-09	-0.285399804273722	0.034	0.053	4.44111515212356e-05	ACBD4	c2
1.38376774962906e-09	0.16973629374674	0.586	0.603	4.64088027870595e-05	TRAM1	c2
1.39080690497857e-09	-0.305223024530557	0.033	0.052	4.66448819791712e-05	ENTR1	c2
1.39997790538743e-09	-0.389429690190596	0.021	0.036	4.69524589908835e-05	ZNF684	c2
1.41896306940155e-09	-0.41894393695331	0.013	0.026	4.75891834215893e-05	GSEC	c2
1.47753909990027e-09	-0.612378631066645	0.016	0.029	4.95537063324553e-05	DOLK	c2
1.48685213229932e-09	-0.249875793870201	0.036	0.056	4.98660468130545e-05	TRIM24	c2
1.48713642466017e-09	-1.54799174287309	0.003	0.011	4.98755814102526e-05	ADAM9	c2
1.50533920275122e-09	-0.190353790249493	0.037	0.057	5.04860661818703e-05	TLK2	c2
1.50878478408053e-09	-0.118199866397727	0.09	0.12	5.06016240884927e-05	ARFIP1	c2
1.53711579938412e-09	-0.394594488387074	0.028	0.046	5.15517896797446e-05	CCDC125	c2
1.54518561051915e-09	-0.194145182951821	0.048	0.07	5.18224350055912e-05	EIF2AK3	c2
1.54519719562573e-09	-0.759902182170108	0.008	0.019	5.18228235468958e-05	STAP2	c2
1.59232965627774e-09	-0.256369937045041	0.066	0.092	5.3403552012243e-05	TGFBR3	c2
1.59913274860784e-09	-0.314963185899781	0.015	0.029	5.36317141228097e-05	C19orf54	c2
1.60031157581032e-09	-0.260567207887001	0.065	0.09	5.36712496295265e-05	AMMECR1	c2
1.60524808838847e-09	-0.318644569747486	0.03	0.048	5.38368103883725e-05	ASH1L-AS1	c2
1.62414190100474e-09	-0.189867977743274	0.069	0.095	5.44704710758969e-05	BCL9L	c2
1.62512527753323e-09	-0.14086686086955	0.106	0.139	5.45034515579096e-05	B3GALT4	c2
1.64072142893973e-09	-0.188183307774294	0.041	0.062	5.50265152837807e-05	UBXN6	c2
1.6407829285928e-09	-0.201056048491264	0.048	0.071	5.50285778591454e-05	GGACT	c2
1.64254099125164e-09	-0.122303630283333	0.057	0.081	5.50875397645976e-05	NUP188	c2
1.65082152380144e-09	-1.39537958159552	0.003	0.012	5.53652522652526e-05	RHOU	c2
1.65441395641841e-09	-0.100242524915014	0.128	0.166	5.54857352703606e-05	EHMT2	c2
1.65687681251678e-09	-0.455436099366461	0.022	0.038	5.55683345381879e-05	CCDC146	c2
1.67710383583559e-09	-0.241213091415401	0.046	0.068	5.6246708446254e-05	IDE	c2
1.68531545371651e-09	-0.119958268323812	0.352	0.419	5.65221096867443e-05	TMEM14C	c2
1.74259273825402e-09	-0.804661668321806	0.008	0.019	5.84430752555634e-05	SLX1A	c2
1.79161961872401e-09	-0.167653422340182	0.03	0.048	6.00873387727657e-05	CEP57L1	c2
1.80485152864076e-09	-0.120927532115387	0.086	0.115	6.05311105675537e-05	GNL3L	c2
1.82853879369087e-09	-0.510901918289332	0.012	0.025	6.13255340628044e-05	SPAG1	c2
1.88309532266336e-09	-0.170030460865636	0.053	0.076	6.31552509314839e-05	HS2ST1	c2
1.92470368845387e-09	0.66463513492112	0.084	0.065	6.45507123033657e-05	CACNA2D4	c2
1.92620929600758e-09	-0.481299643266072	0.017	0.032	6.46012073695022e-05	MYL5	c2
1.93040467221439e-09	-0.255300384291574	0.046	0.067	6.47419118967262e-05	SIK3	c2
1.94127602457594e-09	-0.100947406095972	0.064	0.09	6.51065153122279e-05	THG1L	c2
1.96515155340369e-09	0.468070639083439	0.069	0.051	6.59072527980528e-05	TRBV7-2	c2
2.00564220134455e-09	-0.440918643961742	0.012	0.025	6.72652281486936e-05	RPP25	c2
2.00724206719015e-09	-0.142416584703366	0.047	0.07	6.73188844494232e-05	PXMP4	c2
2.00899484162817e-09	0.433318169182501	0.128	0.105	6.73776689985256e-05	THRA	c2
2.01201859762828e-09	-0.279578695942114	0.054	0.077	6.74790797272572e-05	ABHD15	c2
2.03019493885501e-09	-0.113674283499428	0.126	0.162	6.80886778593192e-05	CCNT2	c2
2.03073309459077e-09	-0.109090148235389	0.042	0.062	6.81067265263852e-05	MCAT	c2
2.04581478671157e-09	-0.16551647049618	0.083	0.111	6.86125363167326e-05	NCALD	c2
2.05646923117295e-09	-0.137579478842171	0.077	0.104	6.89698650750785e-05	UBE4B	c2
2.05677721913367e-09	-0.521418052877989	0.018	0.032	6.8980194375305e-05	TBC1D2	c2
2.08579487462875e-09	-6.64808738442883	0.003	0.011	6.99533885052989e-05	IGHA1	c2
2.10370650580831e-09	-0.203876241850701	0.047	0.068	7.05541087917991e-05	ODR4	c2
2.1274719313183e-09	-1.21957768393463	0.003	0.012	7.13511536325532e-05	PINLYP	c2
2.1377425975278e-09	0.891115724941512	0.04	0.027	7.16956112358874e-05	AC111182.1	c2
2.15127471977732e-09	-0.265337753341996	0.046	0.067	7.21494515518919e-05	MTMR4	c2
2.16998199024071e-09	1.08570255089012	0.017	0.009	7.2776855988693e-05	AC009041.2	c2
2.17032105062479e-09	-0.101608410008814	0.526	0.601	7.27882273958543e-05	CCT4	c2
2.18024494322057e-09	-0.173769759279394	0.038	0.058	7.31210549057315e-05	AP4M1	c2
2.18149005540492e-09	-0.126917549781248	0.073	0.1	7.31628134781701e-05	TMEM250	c2
2.21216247898515e-09	-0.250927181087572	0.03	0.048	7.41915052202039e-05	CDYL	c2
2.23443006747794e-09	-0.615139633403012	0.029	0.046	7.49383156030753e-05	ST8SIA1	c2
2.24769896839401e-09	-0.316543908124909	0.025	0.042	7.53833280019982e-05	DHX57	c2
2.26302646348206e-09	-0.819625311004335	0.008	0.019	7.58973815322612e-05	TXNDC5	c2
2.26723941000338e-09	-0.201843755661466	0.066	0.092	7.60386753326933e-05	MIATNB	c2
2.26781072072693e-09	-0.112520328854819	0.087	0.116	7.60578359517396e-05	AC091959.3	c2
2.28709536221787e-09	-0.130801638066973	0.052	0.075	7.67046042580631e-05	WDR12	c2
2.3078710906471e-09	-0.300472462425176	0.477	0.519	7.74013806381223e-05	CD63	c2
2.33988200865462e-09	-0.17928817926226	0.058	0.082	7.84749628062588e-05	APOBEC3D	c2
2.34783078278636e-09	-0.202609350187064	0.036	0.056	7.87415487930889e-05	MAPK7	c2
2.36369074389033e-09	1.09631539340954	0.024	0.014	7.9273460168594e-05	CAMKK1	c2
2.38023098076658e-09	-0.19354782995361	0.039	0.059	7.98281866329494e-05	ACER3	c2
2.38043635964158e-09	-0.16893742193625	0.051	0.074	7.98350746296592e-05	NNT-AS1	c2
2.3806446380378e-09	-0.105461421391309	0.082	0.111	7.98420598705116e-05	STRN	c2
2.3809654419618e-09	-0.100872015655309	0.075	0.103	7.98528189925148e-05	POLL	c2
2.38342698931912e-09	0.836047052001	0.032	0.02	7.99353743677847e-05	TCEA3	c2
2.44504094629398e-09	-0.297536174292136	0.041	0.061	8.20017832568074e-05	ARHGEF19	c2
2.46895948670059e-09	-2.01536548648982	0.003	0.012	8.28039632649643e-05	TBC1D8	c2
2.49560272448743e-09	-0.716440757995765	0.013	0.026	8.36975241738594e-05	LRRC2	c2
2.50302933706723e-09	-0.243693236012622	0.047	0.068	8.39465979065606e-05	UBE2O	c2
2.52279385700062e-09	-0.105816577155211	0.382	0.45	8.46094603760867e-05	EIF1AX	c2
2.53444962448503e-09	-0.284897650347301	0.049	0.071	8.5000371505979e-05	CLCN7	c2
2.66343346128538e-09	-1.21001531528363	0.067	0.09	8.93262314245891e-05	TRGV5	c2
2.70549582318245e-09	-0.152161098193573	0.07	0.096	9.07369189178931e-05	FANCF	c2
2.80290328047137e-09	0.867030522806417	0.026	0.016	9.40037702204487e-05	PTCH1	c2
2.80885732472442e-09	-1.05080599955234	0.005	0.014	9.42034569566076e-05	AC131971.1	c2
2.82058521954458e-09	-0.344637471599947	0.027	0.044	9.45967870930861e-05	KLHL5	c2
2.82972470101608e-09	-0.119031357661053	0.069	0.095	9.49033070226772e-05	TMEM68	c2
2.89568190967632e-09	-0.423325244613905	0.026	0.042	9.71153798867244e-05	AP000787.1	c2
2.92815196067325e-09	-0.14204649524069	0.038	0.058	9.82043604570594e-05	DCAF17	c2
2.9296828102079e-09	-0.252807847313095	0.058	0.082	9.82557020887526e-05	ZFP64	c2
2.96465548122592e-09	-0.235156708245515	0.049	0.07	9.94286155293549e-05	ZNF611	c2
2.9694654939092e-09	0.651481121040583	0.055	0.04	9.95899337347267e-05	PRKAG2-AS1	c2
3.02870250317512e-09	-0.214646871540241	0.046	0.067	0.000101576624551487	TMEM120B	c2
3.0757869919728e-09	-0.194029126434856	0.056	0.079	0.000103155744136784	SCPEP1	c2
3.08979798786025e-09	-0.360500869076012	0.027	0.044	0.000103625644916857	CCZ1B	c2
3.10720513742164e-09	1.43224578588587	0.011	0.005	0.000104209445898847	AC104695.3	c2
3.20163455009366e-09	0.561571362422745	0.078	0.06	0.000107376419541041	DPEP2	c2
3.25481553407695e-09	-0.100055010572505	0.105	0.137	0.000109160003381873	NUP133	c2
3.27498836569353e-09	-0.488084941858095	0.131	0.16	0.00010983655980863	TRGV10	c2
3.33061339004395e-09	-0.196798245661588	0.034	0.053	0.000111702111875294	ABHD8	c2
3.34961403475096e-09	-0.16138958902754	0.048	0.07	0.000112339355497478	NUFIP1	c2
3.3738496837133e-09	-0.136259502999236	0.079	0.106	0.000113152170692377	HEXDC	c2
3.37950023645333e-09	-0.124499073920718	0.063	0.088	0.000113341678930172	MCCC1	c2
3.38638765807569e-09	-0.49119755080602	0.022	0.038	0.000113572669276543	ADARB2	c2
3.39444103430991e-09	0.867615657643015	0.029	0.018	0.000113842763408686	KRTCAP3	c2
3.40148788281408e-09	-0.544208956585194	0.008	0.018	0.000114079100613819	MESP1	c2
3.42609674129225e-09	-0.10718451063729	0.073	0.1	0.000114904432509459	UGGT1	c2
3.43244758941405e-09	-0.180338813496419	0.066	0.091	0.000115117427253768	MTMR9	c2
3.44190089022993e-09	0.532697983147006	0.137	0.116	0.000115434472056531	PLOD3	c2
3.45593256696911e-09	-1.1055937838552	0.005	0.015	0.00011590506643101	SVIL	c2
3.47545600675018e-09	-0.233442799251117	0.023	0.039	0.000116559843554387	SNHG10	c2
3.49901043178397e-09	1.03710675091783	0.023	0.013	0.000117349811861171	DDX43	c2
3.53230815156889e-09	-0.294969746585005	0.026	0.042	0.000118466550787318	SRRD	c2
3.53801679127412e-09	-0.111432401870831	0.094	0.124	0.000118658007145752	FRA10AC1	c2
3.54100704322167e-09	-0.137448283302833	0.052	0.075	0.000118758294215568	KCTD10	c2
3.66898972484097e-09	-0.666335810793769	0.013	0.026	0.000123050577391717	TPTEP2-CSNK1E	c2
3.73447648728701e-09	-0.709826874061092	0.008	0.019	0.000125246872430632	TSPAN2	c2
3.74404317982988e-09	0.776688793856428	0.049	0.034	0.000125567720165134	TMEM25	c2
3.76166092083002e-09	-0.738222710372258	0.006	0.015	0.000126158583962797	ITGA2	c2
3.80948820846237e-09	-0.218896503836931	0.041	0.061	0.000127762615535411	TAF1C	c2
3.82537946659538e-09	-0.213809990006482	0.02	0.035	0.000128295576550676	FBXO46	c2
3.84642731641378e-09	-0.278138507758081	0.024	0.04	0.000129001479337885	TERF2	c2
3.85525042210798e-09	-0.118651609803691	0.256	0.311	0.000129297388656657	SSH2	c2
3.87461164357878e-09	-0.151678700881099	0.151	0.188	0.000129946725302345	PLEC	c2
3.88612123585122e-09	-0.312982205154107	0.045	0.065	0.000130332734007978	DNAJC27	c2
3.89485345532352e-09	-0.196829943907606	0.064	0.089	0.00013062559518464	C1orf216	c2
3.91253479379236e-09	-0.158480540399276	0.053	0.075	0.000131218591914208	SRGAP2C	c2
3.92188681451038e-09	-0.300801840944085	0.045	0.066	0.000131532239985049	SLC37A3	c2
3.92315981264432e-09	0.491981758578516	0.158	0.137	0.000131574933796465	SMAD3	c2
3.93652101185197e-09	-0.313809341962236	0.025	0.041	0.000132023041695491	PGAM5	c2
3.94417535189949e-09	-0.120074251728164	0.511	0.582	0.000132279752952005	RPN1	c2
3.9669033040639e-09	-0.128359332349341	0.066	0.092	0.000133042003011695	PISD	c2
4.11912722755447e-09	0.658723917914162	0.058	0.042	0.000138147288957722	KLF11	c2
4.18128371158642e-09	-0.366273357744186	0.025	0.042	0.000140231893119185	SEMA4B	c2
4.21300335262652e-09	-1.69696546688956	0.003	0.011	0.000141295706440388	AL109955.1	c2
4.22561427780625e-09	-0.328425699492913	0.017	0.031	0.000141718651649066	C5orf30	c2
4.23818870421481e-09	-0.168023500870077	0.044	0.065	0.000142140372761956	GABPB2	c2
4.25605192397442e-09	-0.125418024026791	0.383	0.452	0.000142739469426254	RTN4	c2
4.26152839613802e-09	0.755902442398899	0.035	0.023	0.000142923139349677	FAM84B	c2
4.27347334198376e-09	-0.290066942909311	0.036	0.054	0.000143323748943451	NAPEPLD	c2
4.39787155910643e-09	0.250286695890015	0.389	0.383	0.000147495816349311	CD46	c2
4.39928316393355e-09	-0.541274297595641	0.026	0.042	0.000147543158752004	FBXO2	c2
4.43646050984432e-09	-0.178631783526365	0.057	0.08	0.000148790012579159	FBXO11	c2
4.49287241253419e-09	-0.350631541963337	0.049	0.07	0.000150681954971572	TBXAS1	c2
4.54336036781398e-09	0.829823671620539	0.049	0.034	0.000152375220015745	BTBD11	c2
4.55971748832431e-09	-0.300927864432488	0.04	0.06	0.000152923805123421	AL451062.3	c2
4.57152923390524e-09	-0.100149194653415	0.094	0.124	0.000153319947446714	TP53BP1	c2
4.71090591031519e-09	-1.31663113145452	0.006	0.016	0.000157994362420151	ADAMTS4	c2
4.71448686970077e-09	-0.197419222771166	0.07	0.095	0.000158114460636024	ALDOC	c2
4.76401583617771e-09	-0.253513894008903	0.024	0.04	0.000159775563113728	AP002360.1	c2
4.7686362348761e-09	-0.646575695010193	0.01	0.021	0.000159930522045275	YOD1	c2
4.85261253920719e-09	-0.208431034578835	0.054	0.077	0.000162746919339931	RAB2B	c2
4.93020622630826e-09	-1.6919602435623	0.003	0.011	0.000165349256417926	N4BP3	c2
4.96233576276028e-09	-0.132722671088374	0.102	0.132	0.000166426816811454	NUDT14	c2
4.97140009999755e-09	-0.144189160970026	0.071	0.096	0.000166730816553718	ZNF350	c2
5.10588710150128e-09	-0.152337515530511	0.048	0.069	0.00017124124161015	TMEM234	c2
5.11082363550611e-09	-0.402036954315937	0.012	0.025	0.000171406803087604	COA7	c2
5.13515318022873e-09	-0.260816315872417	0.029	0.046	0.000172222767358511	LIN7B	c2
5.25084242670742e-09	-0.133609996526418	0.079	0.105	0.000176102753306913	HARS2	c2
5.2585867300632e-09	-0.157958147895066	0.069	0.095	0.00017636248175286	NAT10	c2
5.27537035629548e-09	-0.244084462164614	0.039	0.058	0.000176925371009438	ZNF827	c2
5.29838932223027e-09	-0.850715064805358	0.014	0.027	0.000177697381088959	IFNG-AS1	c2
5.36396589130374e-09	-0.29504933217865	0.033	0.051	0.000179896688062545	ZNF18	c2
5.41250583249778e-09	-0.207694319419421	0.041	0.061	0.00018152462061031	TSC1	c2
5.42013631773378e-09	-0.148644424233288	0.073	0.099	0.000181780531824155	PIAS3	c2
5.43435497274974e-09	-0.130273488628464	0.067	0.092	0.000182257397076081	CLASP1	c2
5.48336751578409e-09	0.796050173450287	0.049	0.034	0.000183901179744367	ASPH	c2
5.52726428556834e-09	-0.119110504939639	0.508	0.58	0.000185373389609391	HP1BP3	c2
5.57040404641114e-09	-0.144566576721329	0.075	0.102	0.000186820210908537	WBP1L	c2
5.59896545177031e-09	-0.235574229426319	0.03	0.047	0.000187778103321473	NAP1L5	c2
5.62863636172514e-09	-0.70294701075056	0.01	0.021	0.000188773206299538	SERAC1	c2
5.77010361882946e-09	-0.277419003297936	0.036	0.055	0.000193517735168302	SRP14-AS1	c2
5.79945499294246e-09	0.167597161877665	0.469	0.456	0.000194502121553304	TRAT1	c2
5.81947099114926e-09	-1.8258556357188	0.002	0.01	0.000195173418101164	PAQR6	c2
5.89504536484079e-09	-0.217214712558127	0.057	0.079	0.00019770803144603	ZDHHC17	c2
5.91242106938728e-09	-0.124957449998287	0.109	0.141	0.000198290777825111	ZZEF1	c2
6.05084349681995e-09	1.20164780975393	0.013	0.006	0.000202933189196348	ZFR2	c2
6.11744548578114e-09	-0.509306927151261	0.015	0.028	0.000205166886702128	AC012360.3	c2
6.19102131042973e-09	0.264341037217907	0.221	0.195	0.000207634472709192	LDLRAP1	c2
6.24775969254393e-09	-0.146041220604693	0.068	0.093	0.000209537364568538	HINT3	c2
6.28210368094594e-09	-0.113984039190657	0.062	0.087	0.000210689193251565	TRAF4	c2
6.40553803370949e-09	-0.311168155667941	0.033	0.051	0.000214828934574549	ZNF691	c2
6.46780286389597e-09	-0.191185794531727	0.02	0.035	0.000216917172449343	AC137767.1	c2
6.48064759899097e-09	-0.136529770209382	0.066	0.091	0.000217347959174959	GLI4	c2
6.50136417577152e-09	0.425547179762563	0.058	0.042	0.000218042751727025	TRBV2	c2
6.58961632440559e-09	-0.340185532064279	0.02	0.034	0.000221002552287915	ZNF282	c2
6.62165348629967e-09	-0.361358801349581	0.023	0.038	0.000222077014623518	PSEN2	c2
6.68528913969644e-09	-0.107951538189536	0.068	0.093	0.000224211227167139	AMBRA1	c2
6.74347148629612e-09	-0.105167530465536	0.068	0.093	0.000226162546707399	NFE2L1	c2
6.74903263009248e-09	-0.248345289806607	0.023	0.038	0.000226349056348042	SNHG19	c2
6.82985098842947e-09	-0.529924558843704	0.009	0.02	0.000229059542449947	EPB41L2	c2
6.91568305244609e-09	-0.169887579403238	0.065	0.09	0.000231938178212937	FBXL20	c2
6.94279529335026e-09	-0.282393533889427	0.039	0.058	0.000232847468548381	TRIM32	c2
6.9735213153558e-09	-1.34226485851912	0.003	0.012	0.000233877957874403	COL9A2	c2
7.04970918605027e-09	-0.242398210399152	0.04	0.059	0.000236433146681754	VMAC	c2
7.14219426950171e-09	1.01683581160064	0.025	0.015	0.000239534911410548	SECTM1	c2
7.24492443323403e-09	-0.103080479610216	0.463	0.537	0.000242980275641803	EIF2S3	c2
7.24597076571592e-09	-0.610877525935974	0.011	0.023	0.000243015367540581	HIST2H2AB	c2
7.25555063885915e-09	-0.296375929122099	0.023	0.039	0.000243336657326058	AL050341.2	c2
7.31267242779242e-09	-0.158162920135795	0.052	0.073	0.000245252407883302	BTBD7	c2
7.39821176314098e-09	-0.106273787041254	0.113	0.146	0.000248121226112222	KLHL36	c2
7.47933107129615e-09	-0.280596077002683	0.02	0.035	0.00025084180546913	MBD3	c2
7.59017944787081e-09	-0.11362198185674	0.459	0.529	0.000254559438322691	EVI2B	c2
7.73917009472269e-09	-0.18916855103388	0.047	0.067	0.00025955628663681	TSTD2	c2
7.82053731663558e-09	-0.659963470912839	0.011	0.023	0.000262285180525324	RBAK	c2
8.00931700465015e-09	-0.225272377259962	0.042	0.062	0.000268616473701957	C2orf42	c2
8.04071278596757e-09	-0.132786060244671	0.06	0.084	0.00026966942541578	MFN1	c2
8.0781281328266e-09	-0.182482541114369	0.058	0.081	0.000270924261318739	ZNF134	c2
8.19376291516084e-09	-0.315593210353621	0.023	0.038	0.000274802420648664	HACE1	c2
8.1992609859433e-09	-0.670772110663205	0.008	0.019	0.000274986814946567	TFEB	c2
8.35072344621493e-09	-0.611137721489132	0.012	0.024	0.000280066562939156	NPL	c2
8.42908013652498e-09	0.468891068425765	0.164	0.143	0.000282694489618775	FRMD4B	c2
8.52330446225503e-09	-0.211930846125794	0.05	0.071	0.000285854585055109	PRDM4	c2
8.64428171286806e-09	-0.105003797854546	0.085	0.112	0.000289911920086169	MUTYH	c2
8.66421611177863e-09	-0.799838960399341	0.006	0.016	0.000290580479956832	AC009948.1	c2
8.72013816742944e-09	-0.640040808757999	0.028	0.045	0.000292455993859248	LYPD3	c2
8.75681094526699e-09	-0.324987620737874	0.032	0.049	0.000293685925482364	F8	c2
8.91870595405969e-09	-0.191710255964713	0.035	0.053	0.000299115560287254	ZNF614	c2
8.99506163446136e-09	-0.147158449462428	0.12	0.153	0.000301676377096565	PARP15	c2
9.27940884348356e-09	0.916671158036619	0.023	0.014	0.000311212813792752	DOCK7	c2
9.32099847681781e-09	-0.299923025761857	0.031	0.049	0.000312607646915516	AGO1	c2
9.54438520371683e-09	0.273330209735192	0.281	0.256	0.000320099590962255	CISH	c2
9.56945366404759e-09	-0.290904105852945	0.033	0.051	0.000320940336984828	CCDC85C	c2
9.86320300893573e-09	-0.57334895014682	0.011	0.023	0.000330792102513687	GTPBP2	c2
1.00564969643645e-08	-0.121018275818126	0.058	0.081	0.000337274795190855	FASTKD5	c2
1.0088710924743e-08	-0.12788316539651	0.044	0.064	0.00033835518699403	STIMATE	c2
1.0300098133286e-08	-0.105615362991122	0.491	0.561	0.000345444691194146	RAD23A	c2
1.0360726907699e-08	-0.155464597479153	0.062	0.086	0.000347478059030409	TBL1X	c2
1.04143894721045e-08	-0.111032280678332	0.327	0.388	0.000349277794115441	SLC44A2	c2
1.04691161106507e-08	-1.46067360820923	0.003	0.011	0.000351113216119004	FLVCR2	c2
1.05101646703614e-08	-1.74761253188467	0.009	0.019	0.00035248990271458	MS4A1	c2
1.08127922132282e-08	0.645450059719029	0.083	0.065	0.000362639425247246	PGLYRP2	c2
1.08577413762567e-08	-0.17567002458173	0.059	0.082	0.000364146930276898	SMYD4	c2
1.08906915504089e-08	-0.495128309309567	0.009	0.019	0.000365252013217615	ZNF726	c2
1.11361222444565e-08	-0.126271997072348	0.09	0.119	0.000373483267834583	ABR	c2
1.11790189601496e-08	-0.130497900826457	0.103	0.133	0.000374921937885496	FAM78A	c2
1.12772088642138e-08	-0.164266915094338	0.064	0.087	0.000378215030888001	PLCL2	c2
1.14938622573686e-08	-0.185739426828279	0.042	0.062	0.000385481152387629	MCM9	c2
1.1548964845056e-08	-1.46394606267698	0.003	0.012	0.000387329182973487	CNKSR2	c2
1.18785240037187e-08	-1.57143898932151	0.003	0.01	0.000398381938036719	CARNS1	c2
1.20546165156794e-08	-0.217352046428481	0.038	0.057	0.000404287728702856	IRF5	c2
1.21055391633267e-08	-0.112745713354758	0.278	0.335	0.000405995572459651	OGA	c2
1.2220389850735e-08	-0.105944445039059	0.063	0.087	0.000409847434813952	TTC33	c2
1.22553412861346e-08	-0.33875408417691	0.031	0.048	0.000411019636054381	ATXN1L	c2
1.22589692829539e-08	-1.08657883266306	0.006	0.015	0.000411141311811707	MTUS1	c2
1.24001955384352e-08	-0.113378418244678	0.141	0.176	0.00041587775796804	TOM1	c2
1.25107830284496e-08	-0.548559056394514	0.012	0.024	0.000419586641208144	NLRP2	c2
1.26742847544002e-08	-0.256741268387591	0.039	0.058	0.000425070162093073	TRIM35	c2
1.2816821581839e-08	-0.102800999735772	0.112	0.144	0.000429850562211717	SC5D	c2
1.28327386915984e-08	-1.08082791534604	0.004	0.012	0.000430384390238828	AC147651.4	c2
1.29480404177186e-08	-0.295656131572207	0.025	0.04	0.000434251379529448	CSNK2A2	c2
1.29783236827717e-08	-0.232549372937952	0.04	0.059	0.000435267019672796	NOD1	c2
1.32400509903056e-08	-0.184467007353904	0.041	0.061	0.00044404483011287	TRUB1	c2
1.32778587047788e-08	-0.645955298967507	0.006	0.015	0.000445312825240871	ERI2	c2
1.34834224291298e-08	-0.797320075977577	0.036	0.053	0.000452207021428156	TRBV27	c2
1.36371787949457e-08	-0.12286535151669	0.098	0.128	0.00045736370242489	POLRMT	c2
1.36453873252865e-08	-0.915901226719845	0.006	0.015	0.00045763900011546	RHOBTB2	c2
1.38629022924613e-08	-0.101093969041552	0.067	0.091	0.000464934017084568	EHBP1L1	c2
1.39926738458872e-08	-0.103878787182265	0.335	0.398	0.000469286295443365	DCK	c2
1.41124936554644e-08	-0.534595903054505	0.015	0.028	0.000473304812216966	NAPB	c2
1.42298825773131e-08	-0.145459638021869	0.238	0.289	0.000477241801877927	PLD3	c2
1.43110228843676e-08	-0.272683567719432	0.028	0.044	0.000479963085495921	HEATR3	c2
1.4617787557482e-08	-0.111411461056955	0.049	0.069	0.00049025135910283	TXNL4B	c2
1.46325202196846e-08	-0.171897990434684	0.021	0.036	0.000490745463127782	FBXO45	c2
1.4793788683075e-08	0.24454893097634	0.319	0.298	0.000496154084852971	TSPYL2	c2
1.480144119031e-08	-0.101013145652082	0.085	0.113	0.000496410734640617	FBXO8	c2
1.48744983742493e-08	1.20329120451263	0.018	0.01	0.000498860926475574	PRSS16	c2
1.48857612607575e-08	-0.172780483978322	0.08	0.107	0.000499238661163287	ENG	c2
1.49547004905018e-08	-0.265314018371341	0.03	0.046	0.000501550745050448	LMAN2L	c2
1.50692111227793e-08	-0.12663068196666	0.069	0.094	0.000505391202635773	ZNF322	c2
1.53927695916109e-08	-0.114472731133896	0.056	0.078	0.000516242706563445	OTUD6B	c2
1.54448489383506e-08	-0.376311684236571	0.017	0.03	0.000517989343694402	NMNAT1	c2
1.58502937806803e-08	-0.129957351318933	0.054	0.076	0.000531587152816455	LIN52	c2
1.6247332604952e-08	-0.11303818084448	0.07	0.095	0.000544903040904879	SPECC1L	c2
1.62958037327046e-08	-0.31445855638062	0.021	0.036	0.000546528665587448	AC006449.6	c2
1.63643941603388e-08	-0.180979245407471	0.042	0.062	0.000548829051349441	POLR1A	c2
1.64124386044271e-08	-0.12169774835257	0.097	0.126	0.000550440365915277	TYSND1	c2
1.64800512679375e-08	-0.121311227808556	0.042	0.061	0.000552707959424086	SLFN11	c2
1.67420970627e-08	-0.462394829552757	0.009	0.02	0.000561496451288833	APOM	c2
1.68650598232528e-08	-0.103929158836287	0.316	0.379	0.000565620376352254	KCNAB2	c2
1.68659558854667e-08	-1.14907965362019	0.004	0.013	0.000565650428486782	OSBPL1A	c2
1.68724824256602e-08	-0.183319556404132	0.106	0.135	0.00056586931559179	GADD45A	c2
1.69436990877813e-08	-0.289099183571056	0.03	0.047	0.000568257780006008	ZNF273	c2
1.70038213452644e-08	-0.108154085713552	0.065	0.089	0.000570274160277476	TELO2	c2
1.71072855215786e-08	-0.106000540224257	0.054	0.076	0.000573744141822704	CTU2	c2
1.71719254011061e-08	-0.330882544792239	0.029	0.045	0.000575912034102295	SGPL1	c2
1.74950843673345e-08	-0.206618521171662	0.042	0.061	0.000586750139511664	IGHMBP2	c2
1.78806668260508e-08	-0.349413759139536	0.022	0.037	0.000599681804012092	MRM1	c2
1.81718938894682e-08	-1.32894893309794	0.003	0.011	0.000609448977264983	AC239868.2	c2
1.87552872559058e-08	-0.647160576805513	0.006	0.015	0.00062901482398857	AFMID	c2
1.888329632678e-08	-0.289637608465031	0.019	0.033	0.000633307992207548	PYCR3	c2
1.89269697176039e-08	0.90782068893559	0.026	0.017	0.000634772710389	FSCN1	c2
1.8942659762946e-08	-0.102878088145694	0.095	0.124	0.000635298923129682	THAP6	c2
1.90284051401898e-08	-0.401820112236427	0.02	0.034	0.000638174651591687	SDCBP2-AS1	c2
1.94774201894955e-08	-0.236302534982149	0.051	0.072	0.000653233718315299	ZNF260	c2
1.97006362797534e-08	-0.22672102869201	0.049	0.069	0.000660719939550368	MAST3	c2
1.97434742149089e-08	-0.370285370723317	0.018	0.032	0.000662156638219613	MIR762HG	c2
1.98043790556403e-08	-0.147068274670942	0.068	0.092	0.000664199264768065	ALAD	c2
1.98289750505479e-08	-0.106340988878146	0.059	0.081	0.000665024165245276	PET117	c2
2.00314764288281e-08	-0.603973131692277	0.01	0.021	0.000671815656470037	ARHGAP21	c2
2.00983161507857e-08	-0.239717995768252	0.031	0.048	0.000674057327065051	SPATA5L1	c2
2.01166853361834e-08	-0.116167342595642	0.046	0.066	0.000674673392804918	SMAD4	c2
2.02672304195621e-08	1.31621362541427	0.013	0.007	0.000679722373811272	RRAGD	c2
2.03212604838492e-08	-0.137347014352193	0.037	0.056	0.000681534434107334	PXN-AS1	c2
2.11674788764185e-08	-0.371679955755948	0.053	0.073	0.000709914906557322	DTHD1	c2
2.12438270270434e-08	0.463301746610052	0.094	0.075	0.000712475470832982	APBA2	c2
2.14635167807895e-08	-0.136823400877236	0.062	0.085	0.000719843425794117	USP19	c2
2.1778424851989e-08	-0.114097740408416	0.095	0.123	0.000730404812686007	MARCH2	c2
2.22282077600714e-08	-0.211903355931899	0.052	0.073	0.000745489631857275	GRAP	c2
2.24267447537853e-08	-0.172755537100497	0.408	0.461	0.000752148165552452	RUNX3	c2
2.26959677673759e-08	-0.251472623737417	0.032	0.048	0.000761177366982254	UBOX5	c2
2.28178800389166e-08	-0.177007690165446	0.029	0.045	0.000765266060745185	ZFP1	c2
2.28943598852358e-08	-0.11523510318945	0.017	0.03	0.000767831041831037	C17orf58	c2
2.32785388382621e-08	0.489841056433298	0.083	0.065	0.000780715635557634	TTC39C-AS1	c2
2.41323081472047e-08	-0.109736479291588	0.368	0.434	0.000809349350640952	SEC11C	c2
2.43535354067327e-08	-0.133962845566867	0.538	0.598	0.000816768870471001	NR3C1	c2
2.44292232266326e-08	-0.177795223172263	0.059	0.081	0.000819307288574806	IKZF5	c2
2.49200226647006e-08	-0.724904510243259	0.069	0.091	0.000835767720128728	CCL20	c2
2.50230048486072e-08	-0.475215320464773	0.016	0.028	0.000839221536612589	SCD5	c2
2.50703773967845e-08	-0.818272573766074	0.004	0.013	0.000840810317133358	NRAV	c2
2.51167575316749e-08	0.887899380217905	0.025	0.015	0.000842365814097312	ZFP28	c2
2.53550869350262e-08	-0.165709225807452	0.033	0.05	0.00085035890562691	CEP85	c2
2.59847346073514e-08	-0.111082400203096	0.05	0.071	0.00087147602926135	POLR3A	c2
2.59970306840432e-08	-0.106918640730832	0.489	0.563	0.000871888415081441	PRKAR1A	c2
2.61274655673676e-08	0.399200516622185	0.201	0.182	0.000876262940198373	NBL1	c2
2.62130423952635e-08	-0.116548695217809	0.041	0.059	0.000879133015852348	TCP11L1	c2
2.63272534705961e-08	-0.194074468194211	0.031	0.047	0.000882963426896852	TTLL5	c2
2.64573951666367e-08	0.998242187616331	0.022	0.013	0.00088732811909866	SLC44A3	c2
2.68749505868826e-08	-0.189878470429445	0.047	0.067	0.000901332092782868	TMEM62	c2
2.69513146297113e-08	-0.105965120993277	0.12	0.152	0.000903893190051258	ZNF276	c2
2.70930060814689e-08	-0.127171239188081	0.099	0.128	0.000908645237960303	CREBBP	c2
2.7143447954111e-08	-0.121707397092631	0.049	0.07	0.000910336957484973	CPT2	c2
2.72610258500123e-08	-0.673086623489267	0.02	0.034	0.000914280284957713	FRMD4A	c2
2.74829819934438e-08	-0.748091295265561	0.01	0.021	0.000921724250096119	DGKQ	c2
2.75214189960924e-08	-0.591993603975394	0.01	0.021	0.000923013350290946	EXOC3-AS1	c2
2.75845565638648e-08	-0.116656449254917	0.05	0.07	0.000925130858038897	MINDY3	c2
2.76253514813713e-08	-0.246574601787034	0.043	0.062	0.00092649903798223	XRRA1	c2
2.7664132896388e-08	-0.217201645121816	0.05	0.07	0.000927799689079061	GATD3A	c2
2.77014331029571e-08	-0.258659417687713	0.029	0.045	0.000929050663406976	E2F6	c2
2.80846429530596e-08	-0.449032095948056	0.013	0.024	0.000941902755359712	TREX1	c2
2.82895756835502e-08	-0.644596727482304	0.01	0.021	0.000948775789274905	ACTL10	c2
2.85152642651617e-08	-0.311810637209994	0.066	0.089	0.000956344932924992	RIC3	c2
2.86405136835702e-08	-0.342326390053543	0.023	0.038	0.000960545547919577	NUDT19	c2
2.86575250779501e-08	-0.363644854551926	0.029	0.045	0.000961116076064292	MTSS1	c2
2.88053866065607e-08	-0.62159215054178	0.055	0.075	0.000966075056010831	TRBV28	c2
2.9836136057311e-08	-0.110307576013856	0.057	0.079	0.00100064433109009	ZNF576	c2
3.01274909225287e-08	-0.207512292100259	0.049	0.069	0.00101041579055977	IQSEC1	c2
3.05885352719136e-08	-0.110296521939184	0.046	0.066	0.00102587829594944	SETD4	c2
3.12843098367382e-08	-0.25073170672338	0.023	0.038	0.00104921318330453	SLC12A2	c2
3.15239568475037e-08	0.437089853901572	0.118	0.098	0.00105725046475158	IL18BP	c2
3.18673270172396e-08	-0.463796527847149	0.014	0.026	0.00106876641350418	AC015912.3	c2
3.25638649200964e-08	-0.13997783382745	0.025	0.04	0.00109212690169019	WDR4	c2
3.28559297808105e-08	0.349727760429968	0.262	0.245	0.00110192217298882	TSPYL1	c2
3.30522780089353e-08	-0.111679725075988	0.029	0.045	0.00110850729986367	SLC19A1	c2
3.30676469847164e-08	0.459059836483617	0.111	0.091	0.00110902274457342	UTY	c2
3.37304355336464e-08	1.20545114677053	0.011	0.005	0.00113125134692743	SPATA6	c2
3.45864707860357e-08	-1.12300412232327	0.005	0.013	0.00115996105722207	KLHL3	c2
3.46720468161816e-08	-0.84213734302227	0.005	0.014	0.0011628311061211	HECTD2	c2
3.49837268776837e-08	-0.11609104110861	0.059	0.082	0.00117328423202376	B4GALT4	c2
3.56051253972996e-08	-0.397049002693206	0.027	0.042	0.00119412469557463	SLC41A1	c2
3.62250553929996e-08	-0.632477570150527	0.013	0.025	0.00121491590777042	C12orf42	c2
3.66308736886521e-08	0.212038491972226	0.571	0.589	0.00122852624177001	BRD2	c2
3.68859726912286e-08	-0.180529734403192	0.042	0.061	0.00123708175211843	ZNF317	c2
3.71813222641812e-08	-0.28922195813943	0.034	0.051	0.00124698718609611	CARF	c2
3.74767354695183e-08	-0.357734704415225	0.02	0.033	0.0012568947541767	MTMR1	c2
3.75949768651387e-08	-0.159072395750255	0.073	0.097	0.00126086033410302	MIGA1	c2
3.7934588892596e-08	-0.365887311077907	0.013	0.024	0.00127225024227988	AL031777.3	c2
3.88191390406797e-08	-0.113872236869668	0.053	0.074	0.00130191628514632	FBXO25	c2
3.88203884601095e-08	-0.38195820488265	0.011	0.022	0.00130195818817515	IMPA2	c2
3.88396138036637e-08	-0.15214944148206	0.059	0.081	0.00130260296774727	NRDE2	c2
3.88596533405839e-08	0.522980105697088	0.067	0.05	0.0013032750537365	PSTPIP2	c2
3.92680802670325e-08	1.1788366538444	0.031	0.021	0.00131697287599574	EGLN3	c2
3.93172547098092e-08	-0.180933674142495	0.042	0.061	0.00131862208845758	IPP	c2
3.93204932680214e-08	-0.233659861942509	0.033	0.05	0.0013187307032229	KDM1B	c2
3.93384468123947e-08	-0.10462749130792	0.08	0.105	0.00131933282919409	PRKCD	c2
3.96074909104318e-08	-0.158833541386374	0.085	0.111	0.00132835603015406	IFFO1	c2
3.96557973477306e-08	0.702501850192589	0.048	0.035	0.00132997613144819	AMPD3	c2
4.05015269476244e-08	-0.372563899875893	0.013	0.025	0.00135834021076943	SAP30L	c2
4.13191357474272e-08	-0.143215886940688	0.037	0.055	0.00138576117469721	FAM173B	c2
4.17593236588514e-08	-0.764356008091677	0.005	0.013	0.00140052419687056	AL391069.3	c2
4.19451099428015e-08	-0.122426480149007	0.055	0.076	0.00140675509726168	PARG	c2
4.33072873102805e-08	-0.308914547658373	0.018	0.031	0.00145243980181219	TESK1	c2
4.3794384096901e-08	-0.882775284283492	0.102	0.126	0.00146877605384186	TRGV2	c2
4.38513755117353e-08	-0.230558539662075	0.026	0.041	0.00147068743191258	EARS2	c2
4.42777576891249e-08	-0.155894928739722	0.04	0.059	0.00148498743737787	TRMT12	c2
4.48553539309482e-08	-1.30882593307793	0.003	0.01	0.00150435886013614	ICA1L	c2
4.49823924028526e-08	-0.154416143693582	0.069	0.092	0.00150861947640687	ZBTB48	c2
4.5544908651043e-08	-0.15364898347197	0.083	0.109	0.00152748514633868	MADD	c2
4.59466744175225e-08	0.387108112046176	0.2	0.18	0.00154095956661487	MGAT5	c2
4.69723425569675e-08	-0.224388375737101	0.03	0.046	0.00157535842467558	ZMYM3	c2
4.82606061177142e-08	0.114139246313716	0.559	0.561	0.0016185642079759	NDFIP1	c2
4.84468426922213e-08	-0.239751177283864	0.031	0.047	0.00162481021021172	PCCA	c2
4.84731403961978e-08	-0.269106749709106	0.024	0.039	0.00162569218260768	EID2B	c2
4.93473808269484e-08	-0.841965477059853	0.006	0.015	0.00165501245817419	KCNK12	c2
5.05559250541702e-08	-0.209766263691088	0.025	0.04	0.00169554461446676	SWSAP1	c2
5.07608819059228e-08	-0.151713877212733	0.041	0.06	0.00170241845736084	FIG4	c2
5.08916834319402e-08	-0.307990507094877	0.022	0.037	0.00170680527894041	GPD2	c2
5.11733619475637e-08	-0.184615521661645	0.042	0.061	0.00171625221299739	POLR1B	c2
5.14397547082765e-08	-0.300186475834917	0.043	0.061	0.00172518649340618	ARHGAP10	c2
5.16108326422556e-08	-0.199020934628409	0.054	0.074	0.00173092410515597	PPP1R3E	c2
5.16148229684313e-08	-0.137813891531981	0.05	0.07	0.00173105793271525	ZNF529	c2
5.18718324720868e-08	-0.128231891283135	0.713	0.757	0.00173967751744885	ANP32B	c2
5.29083763079483e-08	0.831439062768962	0.035	0.023	0.00177444112461597	MCC	c2
5.44218845520578e-08	-0.336528145494887	0.026	0.041	0.00182520116410691	AP5B1	c2
5.45999886491679e-08	-0.183112488115385	0.072	0.096	0.00183117441931579	PDE4A	c2
5.63764309428859e-08	-0.713767855978694	0.005	0.013	0.00189075274096251	HNRNPA1P48	c2
5.70509038505865e-08	0.698870526977119	0.04	0.028	0.00191337321334097	PLCH2	c2
5.70770918099258e-08	-0.552665730678044	0.013	0.024	0.00191425150512129	TNFRSF12A	c2
5.72312252707453e-08	-0.120747348668103	0.103	0.132	0.00191942083313025	KPNA5	c2
5.75478456146313e-08	-0.794586396408384	0.007	0.016	0.0019300396462235	NATD1	c2
5.79468561338063e-08	1.53318454580093	0.01	0.004	0.0019434216610156	EML5	c2
5.79539854511859e-08	-0.420487001240583	0.028	0.043	0.00194366076406187	KIAA0355	c2
5.89971418750755e-08	-0.216175343607485	0.039	0.056	0.00197864614420628	EXD3	c2
5.94576077432414e-08	-0.412131615482571	0.011	0.022	0.00199408924849283	AC004556.1	c2
5.99151135829489e-08	-0.195404776209434	0.055	0.075	0.00200943307934494	GPR55	c2
6.02453700190675e-08	-0.56912863183772	0.007	0.016	0.00202050921969948	LRP8	c2
6.03569361216926e-08	-0.12232122355596	0.04	0.058	0.00202425092364933	ZADH2	c2
6.06560290470552e-08	-0.925231923440264	0.005	0.013	0.00203428190218014	GCNT2	c2
6.10316727242854e-08	-0.735014562945175	0.01	0.021	0.00204688023982708	KANK3	c2
6.23660374081042e-08	-0.228135644639368	0.025	0.04	0.002091632162593	SLC16A13	c2
6.25485330162899e-08	-0.294439661396468	0.022	0.036	0.00209775270030033	FGGY	c2
6.30977467272487e-08	-0.109822938982783	0.515	0.59	0.00211617222973847	LAMP1	c2
6.31605636594283e-08	-0.383027525367896	0.015	0.027	0.00211827898400991	TTLL4	c2
6.40715303121788e-08	-0.772321553425273	0.007	0.016	0.00214883098360985	DMGDH	c2
6.43464909834771e-08	-0.195113500865599	0.031	0.047	0.00215805261460386	INTS2	c2
6.44069386648604e-08	1.2594274405621	0.013	0.007	0.00216007990894209	S100Z	c2
6.46914856892915e-08	1.36955769953376	0.01	0.005	0.00216962304704746	RTL5	c2
6.62934005689931e-08	-0.105562753116852	0.034	0.051	0.00222334806828289	ESRRA	c2
6.69085872525976e-08	-2.49297135583011	0.003	0.01	0.00224398019927762	S100B	c2
6.70598994012907e-08	-0.116279951087938	0.037	0.054	0.00224905490612049	CAPN15	c2
6.76776646788658e-08	1.14211012564104	0.012	0.006	0.0022697735179998	CR1	c2
6.82104500070541e-08	-0.143587429866023	0.061	0.083	0.00228764207233658	NHLRC2	c2
6.82999765914214e-08	-0.256932684976421	0.032	0.048	0.00229064461492309	AC016065.1	c2
6.86791125741785e-08	-0.436498358403167	0.011	0.022	0.0023033600775128	ZMYND19	c2
6.87518955408948e-08	-0.177524338385809	0.051	0.071	0.00230580107265053	CAPN10	c2
6.88516254285431e-08	-0.100570931303254	0.051	0.071	0.00230914581362248	NCK1-DT	c2
7.06779089686269e-08	-0.407071303714913	0.024	0.038	0.00237039571098981	ATRN	c2
7.15392089443577e-08	-0.564974685857414	0.008	0.018	0.00239928198957587	AL034549.1	c2
7.20643122988986e-08	0.65512983913441	0.032	0.022	0.00241689290588046	VSIG1	c2
7.21105554025943e-08	-0.444901438756633	0.019	0.032	0.00241844380709221	WDR81	c2
7.21834937656268e-08	0.716414827585892	0.047	0.034	0.00242089001391159	NPIPB4	c2
7.27301977036352e-08	-0.247183460969112	0.041	0.059	0.00243922537058452	WDSUB1	c2
7.28041036646143e-08	-0.858121654295565	0.003	0.011	0.00244170402870383	CCDC189	c2
7.36600087770268e-08	-0.270449117079454	0.039	0.056	0.00247040937436392	TSHZ1	c2
7.36632399847916e-08	-0.150065575104443	0.048	0.067	0.00247051774260994	ANKMY2	c2
7.41193182783266e-08	-0.388425571877589	0.025	0.04	0.00248581369641852	RBBP9	c2
7.56332438477888e-08	-0.135279524102175	0.03	0.045	0.00253658773216714	PNPLA4	c2
7.75862991231268e-08	-0.316785572236353	0.013	0.024	0.00260208929999143	HIST1H4J	c2
7.78282887006008e-08	-0.20564138286356	0.031	0.047	0.00261020514644075	WDR24	c2
7.98487670302821e-08	-0.35823191847154	0.022	0.035	0.0026779679486616	CHSY1	c2
8.06748246843979e-08	-0.185252978786171	0.044	0.063	0.00270567227026534	ZBTB14	c2
8.08086586388719e-08	-0.315644827903484	0.023	0.037	0.00271016079343048	AJM1	c2
8.18953407446584e-08	-0.187685136109899	0.063	0.085	0.00274660593789435	MTMR3	c2
8.22098647819283e-08	-0.266024221797705	0.02	0.034	0.00275715444505631	ABCB10	c2
8.24480809425447e-08	-0.33504987935237	0.025	0.039	0.00276514373865107	AC007383.2	c2
8.33367601012154e-08	-0.659771678571659	0.009	0.019	0.00279494826027456	ZNF337-AS1	c2
8.34638731940081e-08	-0.110553662502484	0.401	0.469	0.00279921137918064	ARHGAP4	c2
8.37583200082482e-08	-0.10936467042982	0.093	0.12	0.00280908653643663	DCAF16	c2
8.43844279584539e-08	-0.199755336177298	0.033	0.05	0.00283008494487063	ZNF213-AS1	c2
8.47598940035372e-08	-0.333548301237547	0.029	0.044	0.00284267732509063	SLC12A7	c2
8.50512723216615e-08	-0.350425426232365	0.011	0.021	0.00285244957112388	HAUS7	c2
8.56609764284866e-08	-0.155510773157538	0.03	0.045	0.00287289782745858	SLC31A1	c2
8.64715825772138e-08	-0.264672973219853	0.028	0.043	0.0029000839364746	ZRANB1	c2
8.6486077580639e-08	-0.412502961642317	0.028	0.043	0.00290057006989947	HLA-G	c2
8.65069339506164e-08	-0.330497596056851	0.017	0.03	0.00290126955083577	ZNF341	c2
8.67613631681348e-08	-0.107769258057033	0.059	0.08	0.0029098025979329	THAP2	c2
8.72060353501451e-08	-0.219457670273843	0.022	0.036	0.00292471601357317	PHC2	c2
8.76594718971496e-08	-0.444743008069953	0.019	0.031	0.0029399233684866	GALNT3	c2
9.13155730190663e-08	-0.13312758066682	0.065	0.087	0.00306254168791345	AGTPBP1	c2
9.23547597971193e-08	0.478200105943634	0.135	0.115	0.00309739393407579	RNF139-AS1	c2
9.27400009906051e-08	-1.12977299709283	0.005	0.013	0.00311031415322291	USP51	c2
9.61881995885445e-08	-0.390164051430099	0.009	0.02	0.00322595983780061	KDELC1	c2
9.72777213881173e-08	-0.605774425257779	0.004	0.012	0.00326250021991468	XYLB	c2
9.91727789600727e-08	-0.636266340284804	0.008	0.018	0.00332605666076292	ST20	c2
1.02601927552945e-07	-0.176278551152817	0.027	0.042	0.00344106344627066	ZNF598	c2
1.03324955826828e-07	-0.11306246951411	0.696	0.747	0.00346531236852016	SKAP1	c2
1.04419311913814e-07	-0.273403095265098	0.029	0.044	0.0035020148829655	MTHFSD	c2
1.04761903245283e-07	-0.184418888760645	0.033	0.05	0.00351350471104031	SLC11A2	c2
1.05128350439091e-07	-0.365878940720143	0.021	0.035	0.00352579461702625	TVP23C	c2
1.05835118083905e-07	-0.239380920021878	0.027	0.042	0.00354949819029801	P2RX7	c2
1.0638531345963e-07	-0.112939561179278	0.048	0.067	0.00356795064280907	TEX10	c2
1.07013912269159e-07	-0.896189655899448	0.006	0.014	0.00358903258968304	NRSN2	c2
1.07157090096493e-07	-0.392422162441012	0.013	0.024	0.00359383448765618	PIGW	c2
1.11671186217931e-07	-0.175185182967283	0.045	0.064	0.00374522824337697	ARMC2	c2
1.14710534080178e-07	-0.157605722910036	0.069	0.092	0.003847161891981	HIP1R	c2
1.18388931863703e-07	-0.266810053689857	0.024	0.038	0.00397052799684486	C1RL-AS1	c2
1.186952702134e-07	0.275034481352982	0.337	0.327	0.00398080197241702	RALGAPA1	c2
1.20296623363271e-07	0.661568039036685	0.021	0.013	0.00403450815435737	CCND1	c2
1.20957333808354e-07	-0.10250800766866	0.667	0.718	0.00405666706126456	VAMP8	c2
1.21925741774613e-07	-0.169692316177507	0.055	0.075	0.00408914552763698	ABCC10	c2
1.22087941151598e-07	-0.167863392894732	0.058	0.078	0.00409458537034231	NPIPB5	c2
1.24795864199871e-07	-0.223261551508899	0.037	0.054	0.00418540369353527	SAMD4B	c2
1.24922456198608e-07	-0.973813685198293	0.003	0.01	0.00418964933598891	DGUOK-AS1	c2
1.2553551708354e-07	-1.46181843701329	0.003	0.01	0.00421021017194777	FGD4	c2
1.26662409192265e-07	-0.108346964800172	0.547	0.604	0.00424800387949018	PRDX2	c2
1.28866121405949e-07	-0.404550779739298	0.015	0.027	0.0043219119797127	AL355001.2	c2
1.2958122262914e-07	0.939153797376222	0.028	0.018	0.00434589504453611	AC139720.1	c2
1.31067668027347e-07	-0.431993087914504	0.012	0.022	0.00439574745030115	NRL	c2
1.33831814930761e-07	-0.401514784862053	0.009	0.018	0.00448845140914788	NUDT6	c2
1.34245704560199e-07	-0.214391780288353	0.037	0.054	0.00450233243953996	DHX37	c2
1.34667475079888e-07	-0.238602682356406	0.024	0.038	0.00451647777922928	DENND3	c2
1.3836821305958e-07	-0.259112538001093	0.035	0.051	0.00464059312959219	ZBED5-AS1	c2
1.41243513785666e-07	-0.280351632087646	0.021	0.035	0.00473702496534367	KIAA0556	c2
1.41453087730712e-07	-0.115933478741944	0.073	0.097	0.0047440536563126	NDUFAF7	c2
1.42832628542908e-07	-0.147210489822307	0.041	0.058	0.00479032069607203	ZCCHC2	c2
1.42963911770617e-07	0.423210509391656	0.156	0.136	0.00479472367296295	RHOB	c2
1.4372028878812e-07	0.601609848871021	0.057	0.043	0.00482009104537598	RARG	c2
1.46546009494915e-07	-0.121539887228889	0.061	0.082	0.00491486006644047	PEX1	c2
1.46939101959338e-07	-1.02340008298101	0.008	0.017	0.00492804360151228	HRASLS2	c2
1.49913993599761e-07	-0.131474860785981	0.06	0.081	0.0050278155173488	RFX1	c2
1.51504610731596e-07	0.223572753087672	0.522	0.536	0.00508116163471628	PPP2R5C	c2
1.51932378312813e-07	-0.311309367490227	0.035	0.051	0.00509550810385512	PAFAH2	c2
1.54228076580493e-07	-0.142893721917106	0.062	0.083	0.00517250123235659	KDM3B	c2
1.579516264022e-07	-0.273073807070084	0.024	0.038	0.00529738164627697	PPARA	c2
1.5880994805557e-07	-0.20611069169197	0.041	0.059	0.00532616803788772	TNFAIP1	c2
1.65043683550846e-07	-1.02143635055333	0.006	0.015	0.00553523505892828	FAM169A	c2
1.65438976155734e-07	-0.765226053412482	0.005	0.012	0.00554849238231102	CBR3	c2
1.73007557467783e-07	-1.50292520564239	0.004	0.012	0.00580232746235452	ME1	c2
1.73284211562533e-07	-0.130945837739789	0.043	0.061	0.00581160588738422	GFOD2	c2
1.75280896389694e-07	-0.387086503933435	0.011	0.021	0.00587857070311756	MTBP	c2
1.76000351018398e-07	-0.278732068290213	0.027	0.042	0.00590269977245504	AC007216.4	c2
1.76997855381655e-07	-0.567616785802181	0.011	0.021	0.00593615407378995	ZFPM1	c2
1.77315091838337e-07	0.507603601318634	0.109	0.09	0.00594679355007415	SLC44A1	c2
1.79990972070417e-07	-0.131369749616804	0.063	0.084	0.00603653722129765	AC127521.1	c2
1.811456477249e-07	-0.194918958113142	0.037	0.053	0.00607526273339771	KIF1C	c2
1.8128027023428e-07	-0.286053347273317	0.034	0.05	0.00607977770311728	ZNF180	c2
1.83046692898635e-07	-0.283450265751168	0.033	0.048	0.00613901998643443	CUL9	c2
1.90240392699151e-07	-0.356941145662801	0.066	0.086	0.00638028229034413	TRGV7	c2
1.92694491049563e-07	0.901163969597476	0.02	0.012	0.00646258784082023	CALY	c2
1.94615134412371e-07	-0.252879194172487	0.024	0.038	0.00652700237792208	RBM27	c2
1.9471315351262e-07	-0.162055178529054	0.034	0.05	0.00653028974250624	METTL22	c2
1.9737205172982e-07	-0.232039180485346	0.027	0.041	0.0066194638709147	DHX35	c2
1.98824541612732e-07	-0.228726520012892	0.034	0.049	0.00666817747660779	GANC	c2
1.99192683999427e-07	-0.423728589675637	0.016	0.028	0.0066805242359728	AP005482.1	c2
2.00315588726846e-07	-0.265738552508874	0.041	0.058	0.00671818421472096	CCR9	c2
2.01062597119286e-07	-0.185382693997636	0.039	0.056	0.00674323738218662	SLC35F6	c2
2.04063266812057e-07	1.19136714700375	0.015	0.008	0.00684387384234275	MAGI3	c2
2.11710611511117e-07	-0.317987185752408	0.016	0.028	0.00710035048885986	DHX32	c2
2.14482741923289e-07	-0.188560305651908	0.031	0.046	0.00719332219862327	HYPK	c2
2.14639294683431e-07	-0.241498225795275	0.015	0.027	0.00719857266509292	PMF1-BGLAP	c2
2.16152674936826e-07	-0.62432504278719	0.012	0.022	0.00724932841203127	NCAM1	c2
2.19803920293447e-07	-0.582026464191626	0.009	0.018	0.00737178387880164	EXTL2	c2
2.20763418264703e-07	-1.40883781012552	0.004	0.012	0.0074039635217616	GAS6	c2
2.22664219895347e-07	-0.15650557635886	0.043	0.061	0.00746771260685014	UNKL	c2
2.25647920139822e-07	1.18839473541364	0.018	0.011	0.00756777994564936	TMEM220	c2
2.2748573962745e-07	-0.480437879364352	0.023	0.037	0.00762941673562543	ZNF34	c2
2.30462218006845e-07	-0.483339752270258	0.017	0.029	0.00772924186751358	AP006621.3	c2
2.35297554776247e-07	-0.768688108712781	0.007	0.015	0.00789140939208576	WDR63	c2
2.39495752348084e-07	-0.412521885520553	0.045	0.062	0.00803220854225005	TRBV7-9	c2
2.46576278898821e-07	-0.317232594128551	0.02	0.032	0.00826967524170867	AHDC1	c2
2.47278800650637e-07	0.399666511417147	0.22	0.205	0.00829323641622106	MAP4K2	c2
2.48269934809611e-07	0.440213117012613	0.114	0.096	0.00832647707364474	CPQ	c2
2.50931722344269e-07	-0.119785828683136	0.1	0.127	0.00841574810398208	FMNL3	c2
2.52698633941165e-07	-1.07529359421711	0.004	0.012	0.00847500678511878	NRSN2-AS1	c2
2.55587910643476e-07	-0.240252498875068	0.04	0.057	0.00857190734716089	LMTK2	c2
2.57495815903603e-07	-0.119095998031598	0.07	0.092	0.00863589467377502	KIAA0586	c2
2.61068995834458e-07	0.884652913816015	0.028	0.018	0.00875573198229604	ZNF219	c2
2.6186724510577e-07	-0.565932688261367	0.009	0.019	0.0087825036663573	RASGRP3	c2
2.61965453216465e-07	-0.173656214455449	0.092	0.117	0.00878579736997381	ARHGEF9	c2
2.66263459949089e-07	-0.336970312048131	0.029	0.044	0.00892994391977254	ZNF816	c2
2.66802767007648e-07	0.509758225109487	0.158	0.141	0.00894803119990251	DXO	c2
2.70330634789515e-07	0.135196795382721	0.032	0.021	0.00906634882957075	TGFBI	c2
2.70930360216148e-07	-0.204689724996807	0.026	0.04	0.00908646242092917	TMED7	c2
2.72194668349813e-07	-0.182861805267314	0.031	0.046	0.00912886478711604	PAXIP1-AS1	c2
2.75757699744178e-07	-0.162202477893337	0.027	0.041	0.00924836173402022	GORAB	c2
2.86384382359169e-07	0.32600967927891	0.192	0.17	0.00960475941556182	LRRN3	c2
2.87099428581559e-07	-0.154331830226474	0.248	0.293	0.00962874063576834	PHTF2	c2
2.94283049721406e-07	-0.247370755745673	0.021	0.034	0.00986966492155653	KIAA0753	c2
2.94476003915252e-07	-0.625662942324158	0.008	0.018	0.00987613621930973	TRIM61	c2
2.95408618374885e-07	-0.347150477786389	0.017	0.029	0.00990741424305689	TPCN2	c2
2.99657800202577e-07	-0.122246283302315	0.051	0.07	0.010049923303194	PPRC1	c2
3.01428312226832e-07	-0.288065709226018	0.024	0.037	0.0101093027354635	FBF1	c2
3.04730354872428e-07	-0.177147955889322	0.046	0.064	0.0102200466417115	SRCAP	c2
3.04755628221815e-07	-0.125610089475228	0.037	0.054	0.0102208942593032	KIAA2013	c2
3.05229897571551e-07	-0.902864126432052	0.006	0.013	0.0102368003047547	MROH6	c2
3.08468240018912e-07	-0.204968868294888	0.045	0.063	0.0103454078337543	DOPEY2	c2
3.13760506863867e-07	1.18803762185666	0.013	0.007	0.0105228998792004	WWC2	c2
3.14203591076637e-07	-0.411903073066587	0.015	0.026	0.0105377600375282	CAB39L	c2
3.15766040099265e-07	-0.137197989629492	0.031	0.046	0.0105901614528492	ERMARD	c2
3.17145251935918e-07	0.771083512785961	0.045	0.033	0.0106364174594268	AL162377.1	c2
3.21274586587022e-07	-0.781059292089072	0.008	0.017	0.0107749070849555	MBNL1-AS1	c2
3.22328677536918e-07	-0.135574360555298	0.049	0.068	0.0108102591872331	DUSP18	c2
3.28807362403236e-07	-0.171227739824147	0.043	0.06	0.0110275413202797	ZNF354A	c2
3.29975641928449e-07	-0.179990814112112	0.043	0.061	0.0110667230789963	AP1AR	c2
3.34482345170512e-07	-0.112862497582889	0.647	0.708	0.0112178688923286	HLA-F	c2
3.36001999811486e-07	-0.757070847310777	0.007	0.015	0.0112688350696776	AC010654.1	c2
3.36096085650575e-07	-0.201213908975021	0.031	0.045	0.011271990520549	SLC39A11	c2
3.45305634566849e-07	-0.493558571467384	0.01	0.019	0.011580860372103	LRRC8C-DT	c2
3.45833176677974e-07	0.407978856322771	0.187	0.17	0.0115985530794259	IL18R1	c2
3.47703604317377e-07	-0.448579429631544	0.013	0.024	0.0116612834815962	FBXL18	c2
3.48344562499827e-07	-0.192810503843016	0.039	0.055	0.0116827799371192	MAGEF1	c2
3.49360764924421e-07	-0.394052599219036	0.017	0.029	0.0117168613340352	ZNF707	c2
3.6038906722788e-07	-1.10002634449216	0.003	0.01	0.0120867285366886	ARHGEF5	c2
3.66463084993339e-07	-0.161325010199497	0.057	0.077	0.0122904389445066	ZNF3	c2
3.75071269995372e-07	-0.498995440488938	0.01	0.02	0.0125791402531048	C16orf74	c2
3.75945021963587e-07	-0.521388437053303	0.017	0.029	0.0126084441466148	KLC4	c2
3.81700655795414e-07	0.471985801803835	0.098	0.08	0.0128014765940666	LDOC1	c2
3.82524292285951e-07	0.370236496783916	0.052	0.039	0.0128290997146862	TRBV3-1	c2
3.87265011272685e-07	0.69941181765208	0.032	0.022	0.0129880939480633	CDC14B	c2
3.89514152102402e-07	0.662760487075906	0.052	0.039	0.0130635256332104	TTC9	c2
3.92274999829638e-07	-0.107532060503841	0.045	0.063	0.0131561189442864	MIER2	c2
3.93790469637654e-07	0.149583932499129	0.545	0.558	0.0132069447707076	RBM25	c2
3.97975340588587e-07	1.18941286518132	0.018	0.01	0.01334729697266	SHISA4	c2
3.98777052036937e-07	-0.141182825935494	0.051	0.07	0.0133741847712148	CEP44	c2
4.02983405040312e-07	-0.132167607668112	0.041	0.057	0.013515257438242	TUBGCP5	c2
4.03576610514832e-07	-0.185712436731702	0.045	0.063	0.0135351523634464	DNAJC16	c2
4.04117696411293e-07	-0.291210374963806	0.021	0.033	0.0135532993022419	HNRNPUL2-BSCL2	c2
4.16579553377439e-07	-0.327625861850189	0.019	0.031	0.0139712450611725	AC004812.2	c2
4.19223570840492e-07	-0.251963694565832	0.033	0.048	0.0140599201188484	ZBTB33	c2
4.26917439822272e-07	-0.324248210385589	0.021	0.033	0.0143179570967594	EVC2	c2
4.27446948127919e-07	-0.351426423805843	0.018	0.03	0.0143357157463141	TRMT5	c2
4.34473913849482e-07	0.785962250262709	0.037	0.026	0.0145713861226839	GPAT3	c2
4.38183505015945e-07	-0.687465919840601	0.004	0.011	0.0146957983912248	C18orf54	c2
4.44026694064199e-07	-0.310774053645704	0.02	0.032	0.0148917672655251	PARL	c2
4.53777600966226e-07	0.639800852548338	0.083	0.067	0.0152187931812053	MFHAS1	c2
4.62042728395728e-07	-0.257411628421055	0.027	0.041	0.0154959890249359	BIK	c2
4.65003806261696e-07	-0.315421894678482	0.03	0.044	0.0155952976544047	RAB11FIP2	c2
4.82196195346359e-07	-1.02739881617139	0.005	0.013	0.0161718959995262	ADAMTS6	c2
4.88739280387805e-07	-0.219709226003721	0.063	0.083	0.0163913379856462	PIP4P2	c2
4.96729661355483e-07	1.01437229612085	0.014	0.008	0.0166593193825402	ACVR2A	c2
5.05729868089702e-07	-0.166252786939121	0.049	0.067	0.0169611683159924	GOLGA1	c2
5.08465699855999e-07	-0.868275521594847	0.007	0.015	0.0170529226417705	LAMP3	c2
5.1783670689156e-07	-0.229605283253696	0.015	0.025	0.0173672074757292	PLCXD1	c2
5.21427034234964e-07	-0.32626491830252	0.009	0.019	0.0174876198741722	PKN3	c2
5.30391662836294e-07	-0.270195898098869	0.034	0.049	0.0177882755882036	CRTC1	c2
5.31751324772133e-07	-0.152103048415268	0.041	0.057	0.0178338759302078	ZNF28	c2
5.39893831085244e-07	-0.4856340377306	0.01	0.019	0.0181069593069369	AP003774.4	c2
5.40437523000751e-07	-0.30234040560075	0.02	0.032	0.0181251936463992	CTNS	c2
5.47752105550445e-07	0.91763211868417	0.02	0.012	0.0183705101159508	ZNF223	c2
5.58764895163362e-07	0.197980404261657	0.467	0.482	0.0187398570539888	PPP1R11	c2
5.63346779327845e-07	-0.398161604519632	0.013	0.023	0.0188935242850973	PKD2	c2
5.66248830320597e-07	-0.188557963855782	0.054	0.073	0.0189908532712922	ARHGAP35	c2
5.67918692660851e-07	-0.303438808532595	0.052	0.07	0.0190468571144596	PLXDC1	c2
5.82986861194709e-07	-0.376936508605549	0.015	0.025	0.0195522133507482	ARSB	c2
6.05739454591053e-07	-0.101800241681488	0.058	0.077	0.0203152898280747	RIPK2	c2
6.18523238747574e-07	-0.479621496521845	0.013	0.023	0.0207440323811161	PKD2L2	c2
6.20969313701579e-07	-0.179679401051673	0.03	0.045	0.0208260688429236	RNF103	c2
6.40091745257067e-07	-0.634778205356652	0.009	0.018	0.0214673969524315	NLK	c2
6.57475360328851e-07	-0.222783185806589	0.052	0.07	0.022050408634709	FAM8A1	c2
6.69385168295026e-07	-0.315714225472476	0.018	0.03	0.0224498397742786	AC009961.1	c2
6.96769507819359e-07	0.579963228205518	0.072	0.057	0.0233682557532456	ZNF250	c2
7.0067832780458e-07	0.183320604325452	0.463	0.47	0.02349934975791	RGS14	c2
7.13125168027738e-07	-0.584815860569114	0.009	0.017	0.0239167918853143	RXRA	c2
7.14614247248126e-07	-0.151251230915431	0.059	0.078	0.0239667326242076	ELP1	c2
7.1574552500567e-07	-0.146886081633329	0.074	0.096	0.0240046734176401	KCNN4	c2
7.18210673679289e-07	-0.346884205036911	0.015	0.026	0.024087349573856	TRAF3IP2-AS1	c2
7.26920683797974e-07	-0.102177350597	0.047	0.065	0.0243794658932165	CPEB4	c2
7.2794607636262e-07	-0.127014273885049	0.055	0.074	0.0244138555090496	CBX4	c2
7.3696698495927e-07	-0.175934415956112	0.049	0.066	0.024716398741564	HERC3	c2
7.48364411715255e-07	-0.227831999437828	0.02	0.032	0.0250986456401062	C1orf61	c2
7.63756975124204e-07	-0.13912158981842	0.038	0.054	0.0256148814317156	CYB5D2	c2
7.91354367852356e-07	-0.604821253233294	0.007	0.015	0.0265404427890323	ZNF57	c2
7.93827371486922e-07	-1.37871574711468	0.004	0.011	0.0266233823849284	CCDC78	c2
8.00848596243377e-07	-0.147981812313142	0.049	0.067	0.0268588602208104	ZNF746	c2
8.03831805950031e-07	-0.266604737964394	0.027	0.04	0.0269589111079521	BCL6	c2
8.21772259956311e-07	-0.180126299829711	0.031	0.045	0.0275605980544148	CEP162	c2
8.22922742117856e-07	-0.154977449338007	0.038	0.054	0.0275991829251487	REXO1	c2
8.44082086124418e-07	-0.137334867770968	0.042	0.058	0.0283088250044407	AC067852.2	c2
8.52352399737673e-07	-0.247516676054395	0.026	0.04	0.0285861947824021	ERICH6-AS1	c2
8.63374119315295e-07	-0.23655145733292	0.017	0.029	0.0289558412135964	CHKB-DT	c2
8.65946388954794e-07	-0.149078198277554	0.036	0.051	0.0290421099927659	KLHDC10	c2
8.7891099663926e-07	-0.115436120251428	0.421	0.485	0.0294769170052875	TMC8	c2
8.83629672690081e-07	-0.178635295431892	0.031	0.046	0.0296351719626799	PRICKLE3	c2
8.91806625421527e-07	0.438229196072611	0.09	0.074	0.0299094106033872	ITGA6	c2
8.92190855941925e-07	-0.102120305710712	0.047	0.064	0.0299222969265803	SLC5A6	c2
8.97121867848522e-07	-0.249841884192126	0.027	0.04	0.0300876732039037	MAPKBP1	c2
8.98032909238708e-07	-0.118163298665787	0.046	0.064	0.0301182277100478	GM2A	c2
8.9814826938126e-07	-0.223603309502147	0.028	0.041	0.0301220966585087	ACTR3C	c2
9.19092676327551e-07	-1.4082724720779	0.005	0.012	0.0308245301786734	THY1	c2
9.2589459031316e-07	-0.209951700204336	0.049	0.066	0.0310526527699228	LINC01089	c2
9.35570558959586e-07	-0.129050773536457	0.022	0.034	0.0313771654063866	PAXIP1	c2
9.55416639265577e-07	-0.507119697656323	0.007	0.014	0.0320427632476889	ITPRIPL2	c2
9.67036755533538e-07	-0.272657366306452	0.017	0.028	0.0324324787070838	SLC27A4	c2
9.76414827048957e-07	-0.253180017459826	0.028	0.041	0.0327470004695679	LIG4	c2
9.76785325535548e-07	-0.156907187974019	0.035	0.05	0.0327594262478112	TAF13	c2
9.86086744717269e-07	0.732076867449276	0.029	0.02	0.0330713772443278	NEO1	c2
9.86760115651601e-07	-0.121272423813997	0.606	0.656	0.0330939607587234	PRDX1	c2
1.00668728134407e-06	-0.342280964639827	0.016	0.027	0.0337622780417175	CLCN6	c2
1.01934955252498e-06	-0.206879199230903	0.026	0.039	0.0341869452925829	SEPSECS	c2
1.04190503341616e-06	-0.516818653175859	0.011	0.02	0.0349434110107113	AC027290.1	c2
1.0475064629475e-06	-0.227824167370589	0.029	0.043	0.0351312717543333	SLC16A1-AS1	c2
1.05002078151484e-06	-0.460716060908474	0.007	0.014	0.0352155969704446	NAPSA	c2
1.05979557038011e-06	-0.417248562124771	0.014	0.024	0.0355434238394081	ZCCHC18	c2
1.06526987584747e-06	-0.626859085284201	0.01	0.019	0.0357270210961726	SLC38A7	c2
1.06694818438238e-06	-0.234071923100037	0.021	0.033	0.0357833082078162	ZNF473	c2
1.07609015845222e-06	-0.179460387115916	0.041	0.057	0.0360899117341705	ZNF740	c2
1.09405368888228e-06	-0.139496812421557	0.051	0.07	0.0366923726177338	POMT1	c2
1.09560303494397e-06	-0.457455538236669	0.01	0.019	0.0367443345859509	INO80B	c2
1.09900457495954e-06	-0.241543441866364	0.01	0.019	0.0368584154349932	AL162258.2	c2
1.12073581310014e-06	-0.36760357387247	0.015	0.026	0.0375872376997525	PALB2	c2
1.1284193554033e-06	-0.113588997524584	0.041	0.058	0.037844928341516	AC005332.5	c2
1.13780810161413e-06	-0.380105592514811	0.013	0.022	0.0381598081119346	SEC61A2	c2
1.13809193013479e-06	-0.204378083522383	0.019	0.031	0.0381693271528607	ZNF77	c2
1.16396781930592e-06	1.01698737341306	0.03	0.021	0.0390371527238821	KLF4	c2
1.18189744441479e-06	-0.207924523450711	0.076	0.097	0.0396384764907831	NBPF15	c2
1.19052208429541e-06	-0.255032693358793	0.015	0.025	0.0399277296630994	NAIF1	c2
1.19809474902614e-06	-0.478876092352825	0.012	0.021	0.0401817016928387	AGBL3	c2
1.19820483913266e-06	-0.620662536370203	0.01	0.019	0.0401853938948311	AC009133.3	c2
1.22437688482039e-06	-0.222962730563655	0.045	0.061	0.0410631519631063	TCP11L2	c2
1.23598374888718e-06	-0.357754989390318	0.017	0.029	0.0414524229701782	H2AFY2	c2
1.26921103921295e-06	1.092057754112	0.031	0.021	0.0425667998331239	HSPA2	c2
1.29600677973867e-06	-0.135612153327638	0.035	0.05	0.0434654753788754	ACSL1	c2
1.31451608022032e-06	-0.403805941560448	0.022	0.035	0.0440862402984292	SLC16A6	c2
1.32349510387022e-06	-0.129165368374221	0.037	0.053	0.0443873787935996	MSANTD4	c2
1.32793515347611e-06	-0.117389975628348	0.041	0.057	0.0445362891772819	AGBL5	c2
1.36433664640111e-06	-0.143541216640454	0.024	0.037	0.0457571224470003	MCU	c2
1.38121336366002e-06	0.341991129014332	0.23	0.215	0.0463231337904298	RNF214	c2
1.39969240468687e-06	-0.152380295808928	0.06	0.079	0.0469428838683883	BICRAL	c2
1.40084085526873e-06	-0.205727222192895	0.016	0.027	0.0469814006040026	ZNF487	c2
1.43064469265197e-06	-0.133724004805739	0.058	0.077	0.0479809617021618	FAM220A	c2
1.43722979180423e-06	-0.186920236247091	0.035	0.05	0.0482018127575304	CASTOR1	c2
1.44869573653565e-06	-0.239276905856301	0.017	0.027	0.0485863576119327	URB1-AS1	c2
1.47355142527028e-06	-0.183506733797284	0.044	0.061	0.0494199677007147	ATG2B	c2
1.50828300707197e-06	-0.447934836743061	0.012	0.021	0.0505847954911796	AC104986.2	c2
1.5117158883591e-06	-0.284458440093056	0.015	0.025	0.0506999274637874	RHOQ	c2
1.51968711846545e-06	0.642852920885908	0.081	0.066	0.0509672665790942	MEPCE	c2
1.53147794616985e-06	-0.157609129319896	0.021	0.033	0.0513627073586446	FOXK2	c2
1.53227603958423e-06	-0.110489581869268	0.053	0.071	0.0513894738155758	STK38L	c2
1.535371267858e-06	-0.219375087003739	0.027	0.04	0.0514932815814216	TTC22	c2
1.58534021276654e-06	-0.589997385485806	0.021	0.033	0.0531691400557644	NAIP	c2
1.59174712356673e-06	-0.769711622294802	0.004	0.011	0.0533840150301811	SNHG4	c2
1.62943330101466e-06	-0.546993214907592	0.006	0.014	0.0546479340494295	TOLLIP-AS1	c2
1.65463702037634e-06	-0.32215588886378	0.016	0.027	0.0554932163893818	ZRANB3	c2
1.65869566930294e-06	-0.358926659865547	0.017	0.028	0.0556293353570819	TRAK1	c2
1.683118437331e-06	-0.162825579961832	0.047	0.064	0.0564484261512071	NRIP1	c2
1.69948471474779e-06	-0.249176466605897	0.017	0.028	0.0569973183632113	RPP40	c2
1.72501530834258e-06	-0.560015769991034	0.007	0.015	0.0578535634111936	AC016831.5	c2
1.7428669431476e-06	-0.103768792486075	0.072	0.093	0.0584522715392843	ZNF141	c2
1.75055778643442e-06	-0.381211726745946	0.007	0.015	0.0587102070414377	LRRC20	c2
1.7557105604741e-06	-0.612461714057075	0.006	0.013	0.0588830207771803	ZNF710	c2
1.77270217460318e-06	0.714259677176105	0.032	0.022	0.0594528855318416	FER	c2
1.77604534837458e-06	-0.152605444629151	0.034	0.049	0.0595650088937868	PRR34-AS1	c2
1.78650715925921e-06	-0.114243876666329	0.054	0.072	0.0599158771072354	USP24	c2
1.78927816608187e-06	0.87651566200629	0.036	0.026	0.0600088111340539	STAP1	c2
1.79842068796831e-06	-0.250627400629035	0.021	0.033	0.0603154330330812	IRAK2	c2
1.80231717219305e-06	0.675107549781944	0.056	0.043	0.0604461133210104	AC087623.3	c2
1.86151993174263e-06	-0.392679346088805	0.014	0.024	0.0624316554707845	AL117339.5	c2
1.86990207607625e-06	-0.430168005991194	0.015	0.025	0.0627127758274452	ACAD11	c2
1.8929755823886e-06	-0.961567022190957	0.004	0.011	0.0634866150821489	RORA-AS1	c2
1.92826123653425e-06	-0.115058484699023	0.052	0.07	0.0646700253508858	PIP5K1C	c2
1.94452070226269e-06	-0.632996230263672	0.004	0.011	0.0652153353124862	LRRC34	c2
1.96474044555283e-06	-0.1238841931039	0.067	0.087	0.0658934650629506	FCHSD2	c2
1.98844108466004e-06	-0.163739085540848	0.034	0.048	0.0666883370973285	STK11	c2
2.02815569272864e-06	-0.47016049703792	0.013	0.023	0.0680202856227331	ULK1	c2
2.06766970556977e-06	0.441963371036142	0.147	0.131	0.069345506585399	GALNT6	c2
2.08885581899746e-06	-0.216546565788527	0.028	0.041	0.070056046457537	RAD54L2	c2
2.0945079526256e-06	0.336291748893477	0.245	0.23	0.0702456077151575	CRYBG1	c2
2.09924847459134e-06	-0.39887175445831	0.114	0.139	0.0704045953408444	IFITM3	c2
2.10140978552911e-06	-0.231809327178209	0.029	0.043	0.0704770813870752	SPATC1L	c2
2.14511910687343e-06	-0.564702648109773	0.014	0.024	0.0719430046063212	TRGV5P	c2
2.15235944866267e-06	-0.126110270591256	0.141	0.171	0.0721858311892486	ABCG1	c2
2.17820524785687e-06	-0.313878138252611	0.018	0.028	0.0730526476026239	ZNF8	c2
2.18604246694912e-06	-0.140503499817459	0.036	0.05	0.0733154922565395	ALKBH1	c2
2.21614987403545e-06	0.125922933481594	0.641	0.649	0.074325234475401	P4HB	c2
2.22302859374825e-06	-0.229357826630307	0.012	0.021	0.0745559329771288	FXN	c2
2.26236056954742e-06	-0.324244103364663	0.022	0.034	0.0758750487814814	ZBTB37	c2
2.26412917647766e-06	0.24374468978756	0.385	0.391	0.0759343643207078	UFM1	c2
2.32528905244267e-06	-0.21500614633371	0.02	0.032	0.0779855442408223	CCDC71L	c2
2.33187387659787e-06	-0.120129189401906	0.059	0.077	0.0782063860733393	PIK3R4	c2
2.35302011192896e-06	0.314176780485283	0.257	0.245	0.0789155885138735	NAAA	c2
2.39654973617449e-06	-0.104108135794089	0.065	0.084	0.0803754850518199	GPR35	c2
2.39898215925746e-06	-0.149087249277141	0.045	0.061	0.0804570636571767	RMND5B	c2
2.44229744356138e-06	-0.150214526858011	0.029	0.042	0.0819097716621614	ZNF197	c2
2.50574027264428e-06	-0.154486226937373	0.753	0.77	0.0840375172639438	CKLF	c2
2.54724892978018e-06	-0.104634792121468	0.03	0.043	0.0854296346069678	SPRYD4	c2
2.56347231536571e-06	-0.108137406253929	0.034	0.049	0.0859737345127352	RFX7	c2
2.60041615738167e-06	0.743474201282829	0.02	0.013	0.0872127570862663	SLC4A4	c2
2.66917115936655e-06	-0.167673392226815	0.015	0.026	0.0895186623428353	CCDC134	c2
2.7790760775355e-06	-0.154680604355042	0.018	0.029	0.0932046534883855	KYAT1	c2
2.78153124527877e-06	-0.349900166315926	0.007	0.014	0.0932869949041595	AC011447.3	c2
2.79149259496813e-06	-0.306530580263057	0.012	0.021	0.0936210786500411	MPND	c2
2.79844100981687e-06	1.26507746126919	0.011	0.006	0.0938541145872383	AC092343.1	c2
2.80306884949433e-06	-0.916417966511347	0.005	0.012	0.0940093230743409	UBTD1	c2
2.84083994858104e-06	0.801447058585692	0.028	0.019	0.095276090195511	CACNB3	c2
2.84566455548889e-06	0.575371582739244	0.057	0.045	0.0954378978619865	AZIN2	c2
2.85933221078369e-06	-0.274445493033735	0.02	0.031	0.0958962836852633	USP30	c2
2.88235434178933e-06	-0.208906832256457	0.047	0.063	0.0966683999149304	SLC35E2A	c2
2.8923383350064e-06	-0.115787346953048	0.026	0.038	0.0970032430794447	PQLC2	c2
2.9118626629059e-06	-0.319727279152046	0.009	0.018	0.0976580499885379	DIABLO	c2
2.91353822892796e-06	0.447732004887006	0.09	0.074	0.0977142451217858	TTTY15	c2
2.95885969357753e-06	-0.254691138655068	0.028	0.041	0.0992342364032032	ZNF316	c2
2.95905555601454e-06	-0.568133001297821	0.012	0.021	0.0992408052376157	AL359513.1	c2
2.97376337374638e-06	-0.176554786568747	0.055	0.073	0.0997340760287061	H6PD	c2
2.9924018950826e-06	-0.153262114964078	0.036	0.05	0.10035917475728	TMEM63B	c2
3.00927770288895e-06	-0.319106176095701	0.022	0.034	0.10092515559949	LMO7	c2
3.05431075734054e-06	-0.152018318443738	0.036	0.05	0.102435474179687	SLC25A42	c2
3.09488779933504e-06	-0.123010443824308	0.058	0.076	0.103796347014098	HKR1	c2
3.12100681310428e-06	0.738289685703378	0.031	0.022	0.104672326497891	CCDC65	c2
3.19630226678731e-06	-0.124545717429097	0.04	0.055	0.107197585423513	ACOT4	c2
3.19742059921671e-06	0.479878406303758	0.086	0.071	0.10723509205653	USP53	c2
3.2550039288449e-06	-0.356830982220825	0.576	0.568	0.1091663217656	CD27	c2
3.25575942183464e-06	-0.268358082278143	0.014	0.024	0.10919165948949	CCSAP	c2
3.27072855884242e-06	-0.925922253354307	0.004	0.011	0.109693694406457	CARD9	c2
3.27766984382359e-06	0.382647956657297	0.177	0.161	0.109926491222156	TMEM204	c2
3.2931749604025e-06	-0.118582863684809	0.045	0.061	0.110446501821979	C10orf88	c2
3.31548997574635e-06	-0.748932456564089	0.006	0.013	0.111194902806581	AL513550.1	c2
3.33417061037399e-06	-0.703854042623187	0.006	0.013	0.111821413930723	SEMA4A	c2
3.34441428724758e-06	-0.287145013810275	0.021	0.033	0.112164966365709	FAM83G	c2
3.38574442399451e-06	-0.140658219814038	0.035	0.05	0.113551096491928	THAP8	c2
3.39697465751657e-06	-0.158126816939432	0.029	0.042	0.113927736063791	TNPO2	c2
3.39820515662586e-06	-0.597655417081058	0.007	0.015	0.113969004542918	MYLK-AS1	c2
3.409242729486e-06	-0.259862022944196	0.026	0.039	0.114339182661501	MAN1C1	c2
3.43561952274626e-06	-0.217816996811221	0.017	0.028	0.115223807553864	APTR	c2
3.46674379901138e-06	-0.279798898690373	0.015	0.025	0.116267653531244	GNA12	c2
3.54605191404368e-06	0.361599354117981	0.187	0.171	0.118927489093197	ZNF862	c2
3.66749442126148e-06	0.83996420661877	0.03	0.021	0.123000427900267	PAIP2B	c2
3.73743891329115e-06	-0.806455865476623	0.004	0.01	0.125346226273959	GRAMD1C	c2
3.87700650539495e-06	-0.194267843402245	0.025	0.037	0.130027044177936	DBT	c2
3.8855171615644e-06	0.118650908130892	0.016	0.027	0.130312474564547	FANCB	c2
3.8897568537732e-06	1.01316913787368	0.014	0.008	0.130454665361846	GRB10	c2
3.94085087069251e-06	-0.130071466018894	0.031	0.045	0.132168256501285	TRMT44	c2
3.94964621916444e-06	-0.13460661536279	0.079	0.1	0.132463234898337	PCMTD2	c2
4.05650462941202e-06	-0.293062997340185	0.017	0.027	0.13604705226122	FNTB	c2
4.12729898914685e-06	-0.207451289598473	0.032	0.045	0.138421353498007	ZNF407	c2
4.14049439741795e-06	-0.613612057132091	0.007	0.014	0.138863901100603	TNS4	c2
4.17840987445738e-06	-0.321670921306064	0.016	0.027	0.140135510369552	AC016876.1	c2
4.3064760696677e-06	0.442290866352465	0.143	0.127	0.144430594424515	ZBTB7B	c2
4.31934084352663e-06	-0.123818309978454	0.038	0.053	0.144862053210196	AC083798.2	c2
4.3700663515502e-06	-0.21422282032079	0.021	0.032	0.146563285298291	ST7	c2
4.37272146165629e-06	-0.757770010032488	0.007	0.014	0.146652332381029	FRY	c2
4.46387767991768e-06	1.16648783995954	0.012	0.006	0.149709529629079	MB21D2	c2
4.49105541033506e-06	-0.227493498465003	0.022	0.034	0.150621016351817	CARD6	c2
4.55910050444796e-06	-0.6231707920777	0.009	0.017	0.152903112718176	C1orf54	c2
4.57321759380921e-06	-0.268219972680749	0.022	0.033	0.153376571661173	ZCCHC3	c2
4.7173289782407e-06	-0.705620024281995	0.007	0.014	0.158209779272237	RASA4	c2
4.7546412449515e-06	-0.194076460224293	0.177	0.209	0.159461158073183	HIST1H1E	c2
4.79096140954273e-06	-0.136905701500779	0.049	0.065	0.160679263753244	ZNF200	c2
4.80022177313329e-06	0.736997335645815	0.035	0.025	0.160989837827344	ZNF395	c2
5.02556821515737e-06	0.362983840342335	0.087	0.071	0.168547506799948	PLEKHB1	c2
5.04514109555858e-06	-0.359898956044538	0.013	0.022	0.169203942062844	PITPNM2	c2
5.07624700383955e-06	-0.234638990549336	0.016	0.026	0.170247172014771	SETMAR	c2
5.12200387252513e-06	-0.166001026958842	0.023	0.035	0.171781765876748	MIR222HG	c2
5.14189172613506e-06	-0.521806331724869	0.007	0.015	0.172448764711118	BRSK1	c2
5.2466597461292e-06	-0.294123625134567	0.017	0.027	0.175962474565681	ZNF615	c2
5.27750443228763e-06	0.312504857048065	0.211	0.195	0.176996943650062	MX2	c2
5.3287885737047e-06	-0.139652547399375	0.037	0.052	0.178716911184908	SIDT2	c2
5.44885733964833e-06	-0.327812378224256	0.016	0.026	0.182743777457126	SERPINB8	c2
5.55847697360083e-06	-0.167662154544906	0.033	0.047	0.186420200740625	TRIM34	c2
5.63339272739517e-06	-0.191366662972251	0.016	0.026	0.188932725291379	IBA57	c2
5.71952544616111e-06	-0.420372085809334	0.011	0.02	0.191821444413351	CBWD6	c2
5.77407479646079e-06	-0.126283695167461	0.037	0.051	0.193650920523702	DNASE1L1	c2
5.83775398974895e-06	-0.550825197858035	0.012	0.021	0.1957865933082	PCSK1N	c2
6.00604584611898e-06	-0.196256249792499	0.051	0.067	0.201430765587138	ZNF821	c2
6.13166535252388e-06	-0.294603732434783	0.028	0.04	0.205643792592946	RMRP	c2
6.19224166737178e-06	-0.158044830293772	0.033	0.047	0.207675401040315	FAM168A	c2
6.22209763993437e-06	-0.378811835086887	0.014	0.024	0.208676710648119	AL021453.1	c2
6.34006411583815e-06	-0.253077790142177	0.02	0.031	0.21263307031698	FAM185A	c2
6.46722647232638e-06	0.210004959915816	0.384	0.385	0.216897841428882	LYSMD2	c2
6.69959278991078e-06	-0.151775071717941	0.049	0.065	0.224690942988028	SYNGAP1	c2
6.71532243891418e-06	-0.343607205073709	0.012	0.021	0.225218483956304	AL009179.1	c2
6.74962671018201e-06	-0.279722782454788	0.023	0.035	0.226368980606084	STXBP5	c2
6.80377666220129e-06	-0.220550192440687	0.04	0.055	0.228185061696907	RRAGB	c2
6.82289123035173e-06	-0.480395409170659	0.009	0.017	0.228826126083536	AC004241.1	c2
6.85655608495969e-06	-0.302837433856208	0.013	0.022	0.229955177977378	OSBPL11	c2
6.88386606532739e-06	0.253277502546544	0.382	0.383	0.23087110009895	CEBPB	c2
7.05024503872734e-06	0.400179626569821	0.083	0.068	0.236451118108837	TRAV9-2	c2
7.21357094865922e-06	-0.205483483487893	0.034	0.048	0.241928742476133	DAG1	c2
7.25119895554258e-06	-0.652548128471052	0.009	0.017	0.243190710570987	PPM1N	c2
7.31524712153662e-06	-0.665660692635178	0.008	0.016	0.245338757962095	SEC31B	c2
7.32085059328345e-06	0.164349110443699	0.445	0.448	0.24552668719754	FKBP2	c2
7.33831219908139e-06	-0.142194901183119	0.037	0.051	0.246112314532792	ZNF621	c2
7.35342624119051e-06	-0.661825506035292	0.012	0.021	0.246619209277047	CSGALNACT1	c2
7.37367880082802e-06	-0.261518715071038	0.015	0.024	0.24729843962217	ZSWIM6	c2
7.41214245422392e-06	0.581735908299227	0.055	0.043	0.248588433629762	ZYG11B	c2
7.47612858038138e-06	-0.824340385707673	0.005	0.012	0.250734400328831	PNPLA7	c2
7.50033009564461e-06	-0.384648598707167	0.015	0.025	0.251546070747729	SLC15A4	c2
7.50341199432931e-06	-0.181579916101507	0.04	0.055	0.251649431465816	FAM102B	c2
7.53406910836781e-06	-0.107615973967827	0.038	0.052	0.25267760975644	CCNY	c2
7.57551796298197e-06	-0.801156137359539	0.006	0.012	0.254067721442489	C8orf44	c2
7.7939995657538e-06	-0.179328357620602	0.021	0.032	0.261395157436251	TMEM143	c2
7.92278342620829e-06	-0.369257411586802	0.01	0.018	0.265714310548174	AC103691.1	c2
7.93035914491423e-06	-0.10498855741526	0.06	0.077	0.265968385002133	PPP1R37	c2
8.00825319232574e-06	-0.196394638620848	0.023	0.034	0.268580795564221	PLEKHM2	c2
8.23520375073101e-06	-0.700807835339309	0.062	0.079	0.276192263392017	AIF1	c2
8.28015581243369e-06	-0.252550344995031	0.619	0.621	0.277699865637401	ITGB2	c2
8.34704906039246e-06	-0.379087848149021	0.013	0.022	0.279943331387442	FAM156A	c2
8.44743857514831e-06	-0.440743200643852	0.012	0.02	0.283310194933324	CCDC136	c2
8.47339929689298e-06	0.378049977337191	0.216	0.203	0.284180865619197	LINC00623	c2
8.67314309850681e-06	0.670786541684438	0.032	0.023	0.290879873237721	IGSF22	c2
8.76811896563463e-06	-0.200914995299218	0.031	0.044	0.294065173869454	WDR35	c2
8.77973456942015e-06	-0.211166965617397	0.029	0.041	0.294454737989213	DAGLB	c2
8.80139184220773e-06	-0.367960107730575	0.018	0.029	0.295181079603963	ZNF558	c2
8.80878311928246e-06	1.26012973103511	0.01	0.005	0.295428968254495	TMEM88	c2
8.90394233264844e-06	0.613061817348242	0.051	0.039	0.298620417952363	LINC00920	c2
8.95183502603979e-06	-0.625312111722646	0.038	0.051	0.300226643103322	TRAV14DV4	c2
9.05377422569119e-06	-0.182415619855838	0.008	0.016	0.303645479981231	HIST1H4D	c2
9.256231946075e-06	-0.10777686454202	0.045	0.061	0.310435507007463	A1BG-AS1	c2
9.29031515019843e-06	0.774991371948007	0.019	0.012	0.311578589507355	GPR157	c2
9.38988747752582e-06	-0.712822374077252	0.006	0.012	0.314918046221261	AC007448.3	c2
9.40992277642821e-06	-0.101488728899411	0.054	0.07	0.315589990075849	EIF3J-DT	c2
9.42688916764253e-06	-0.491961364201441	0.011	0.019	0.316159008904395	TSHZ3	c2
9.49720729704786e-06	-0.82545501411009	0.005	0.011	0.318517338328391	AC004889.1	c2
9.54710039998937e-06	-6.24665821420975	0.009	0.017	0.320190653214843	IGLV2-14	c2
9.61344792082954e-06	-0.116769589613753	0.037	0.051	0.322415816368781	EOGT	c2
9.70339226313836e-06	-0.153860262599645	0.026	0.037	0.325432369721134	ARIH2OS	c2
9.707548164328e-06	-0.219803117833058	0.033	0.046	0.325571750335233	PHF2	c2
9.80497193468536e-06	-0.112763729837167	0.027	0.039	0.328839148745478	USP18	c2
1.01592548756343e-05	-0.20471075611518	0.02	0.031	0.340721090019022	ZNF280C	c2
1.02051518403113e-05	-0.72936864297435	0.007	0.014	0.342260382420362	CLIP2	c2
1.03223558545482e-05	0.200997050883218	0.11	0.137	0.346191170649837	ABHD5	c2
1.03310679344565e-05	0.274202611136838	0.3	0.291	0.346483356385802	SVIP	c2
1.0488012422486e-05	-0.130658410239578	0.046	0.062	0.351746960625335	ARFGEF2	c2
1.05404874328286e-05	-0.149805680613171	0.085	0.105	0.353506867522204	PAM	c2
1.069821720606e-05	-0.10943003331172	0.04	0.054	0.358796808656841	AC073896.2	c2
1.07335520652838e-05	-0.176646194045597	0.024	0.036	0.359981869165487	MED26	c2
1.10365969931288e-05	-0.112276945663128	0.297	0.342	0.370145389955554	PAG1	c2
1.1069950068256e-05	-0.329516661646866	0.016	0.025	0.371263985389171	AC016727.1	c2
1.11142623702676e-05	0.698973952078994	0.04	0.03	0.372750131374033	AC016831.1	c2
1.12210135974565e-05	-0.164552832892394	0.026	0.037	0.376330354031496	SCRIB	c2
1.12327628969998e-05	-0.114526324261786	0.038	0.052	0.37672440203958	YAE1D1	c2
1.12877466885627e-05	-0.203799973121562	0.027	0.039	0.378568448441016	IQCG	c2
1.13109304209146e-05	-0.181526941085796	0.024	0.035	0.379345984456634	TAF5L	c2
1.13512091427808e-05	-0.275454934174924	0.011	0.019	0.380696852230581	ATP8B3	c2
1.135721160142e-05	-0.10235101221195	0.048	0.063	0.380898162688424	PBX2	c2
1.15500238447055e-05	-0.257937413186214	0.018	0.027	0.387364699703733	DHRS11	c2
1.18983983941647e-05	-0.478885695560231	0.02	0.03	0.399048485343497	LINC01891	c2
1.19084367830298e-05	-0.291403383912044	0.031	0.044	0.399385152829254	ZKSCAN8	c2
1.19193452233721e-05	-0.150622008641871	0.026	0.038	0.399751000101453	TMEM177	c2
1.22157465937192e-05	-0.22187772052595	0.018	0.027	0.409691709260154	RSPH3	c2
1.22530975841759e-05	-0.142261552989237	0.042	0.056	0.41094438677809	C10orf143	c2
1.23297755942256e-05	-0.413558656455445	0.011	0.019	0.413516013879138	FBXL19	c2
1.23415470460514e-05	-0.159851377722188	0.017	0.026	0.413910804830473	DNAL1	c2
1.25551625000119e-05	-0.257410573360694	0.03	0.042	0.421075039925398	TRAV5	c2
1.26331868982326e-05	-0.123373717055595	0.032	0.045	0.423691822192924	EFNA4	c2
1.29609871660127e-05	0.291379463156783	0.331	0.334	0.434685587573732	SND1	c2
1.29741058825974e-05	-0.395789953306801	0.015	0.024	0.435125563090553	ARL17A	c2
1.29877559466857e-05	1.14592883577933	0.012	0.007	0.435583358939944	AC009404.1	c2
1.29980126786182e-05	-1.69992634204671	0.008	0.015	0.435927349215497	TRBV10-1	c2
1.30333562812776e-05	0.165121935657802	0.51	0.522	0.437112702961489	HNRNPUL1	c2
1.33460085777145e-05	-0.207746134817896	0.023	0.034	0.447598435679389	ZBTB11-AS1	c2
1.34473950414628e-05	-0.910841361696782	0.004	0.01	0.45099873490058	AL049869.3	c2
1.37088501909155e-05	-0.160428025084795	0.029	0.041	0.459767417702924	PCNX3	c2
1.37508666637302e-05	-0.513211935666539	0.008	0.015	0.461176566168183	FAM43A	c2
1.39887250883614e-05	0.580090808240609	0.07	0.057	0.469153862013464	PIK3CB	c2
1.44207405884659e-05	-0.641878512318754	0.005	0.011	0.483642797855968	CCDC171	c2
1.44801585440935e-05	-0.48009088141367	0.009	0.016	0.485635557251808	GDPGP1	c2
1.46094619708391e-05	0.330087638886244	0.186	0.17	0.489972135578	SH3YL1	c2
1.48078271281995e-05	-0.381397558115533	0.007	0.014	0.496624906225556	TMEM241	c2
1.5026631513502e-05	-0.102158940344417	0.377	0.431	0.503963167699832	CHST12	c2
1.50637318973982e-05	-0.726575836622231	0.007	0.014	0.50520744037494	FGD2	c2
1.50896629132783e-05	-0.165457732741836	0.02	0.03	0.506077114785527	JRK	c2
1.51349918686064e-05	-0.158686301376132	0.033	0.046	0.507597357289321	SETD6	c2
1.52100814538833e-05	-0.10704668613062	0.027	0.039	0.510115711800338	FICD	c2
1.52658123127072e-05	-0.107147342466154	0.035	0.048	0.511984813343575	PLA2G6	c2
1.5349944820939e-05	-0.320395683540601	0.008	0.015	0.514806449404652	CKLF-CMTM1	c2
1.53885060212848e-05	-0.127742410364943	0.047	0.062	0.516099714941851	PRH1	c2
1.5542968435553e-05	-0.179358271660588	0.037	0.051	0.521280075391576	NBPF11	c2
1.62460572873251e-05	0.137197891596066	0.062	0.08	0.544860269302311	PRMT5	c2
1.63715893670086e-05	-0.363471881509389	0.03	0.043	0.549070364190734	NMB	c2
1.64772152309871e-05	-0.134481551906558	0.029	0.041	0.552612844416844	ZNF678	c2
1.66275912948422e-05	-0.451510345535703	0.013	0.021	0.557656156846417	PGAP1	c2
1.6698957927312e-05	-0.290896919985492	0.009	0.016	0.56004965096619	KIAA0895L	c2
1.68254371801942e-05	-0.620765949715394	0.005	0.011	0.564291512149352	FLCN	c2
1.68633707639698e-05	-0.385282972930471	0.013	0.022	0.56556372868202	TCEANC	c2
1.69191985876783e-05	-0.212346040413721	0.014	0.023	0.567436082233554	CEP72	c2
1.70154248813922e-05	-0.373866218349542	0.017	0.027	0.570663319672132	ZSCAN30	c2
1.70907347346814e-05	0.472717117045744	0.082	0.068	0.573189061531744	ITGA5	c2
1.7105470148004e-05	0.704689781986102	0.019	0.013	0.573683257823758	PAGE5	c2
1.75405045755356e-05	-0.634385344057836	0.006	0.012	0.588273442454312	PDE1B	c2
1.76747355443277e-05	0.585337261001603	0.041	0.031	0.592775280685662	GNAO1	c2
1.76961470441627e-05	-0.183099224210634	0.02	0.03	0.593493379567128	PRDM10	c2
1.79492938082886e-05	-0.152731694335587	0.031	0.043	0.601983415742383	RAB40C	c2
1.80032682616966e-05	-0.101166003681232	0.082	0.102	0.60379361096078	MED23	c2
1.8124077516083e-05	-0.168324794921941	0.02	0.031	0.60784531173439	MIEF2	c2
1.82369636021016e-05	-0.274780644471816	0.015	0.024	0.611631285287282	IFT122	c2
1.84813564964751e-05	0.912601187761362	0.012	0.007	0.61982773417878	ZNF667-AS1	c2
1.87081764026131e-05	-0.153449167365519	0.034	0.047	0.627434820190839	VAMP1	c2
1.88999690903336e-05	-0.15459428262234	0.021	0.031	0.633867163351608	PEAK1	c2
1.89493086054234e-05	-0.122120587793086	0.035	0.048	0.635521912008688	ERLIN1	c2
1.91212057998306e-05	-0.442465512739314	0.008	0.015	0.641287000114717	NANP	c2
1.93394063275966e-05	-0.309596088828068	0.014	0.023	0.648605009414936	ACCS	c2
1.94178617537421e-05	-0.219341555170431	0.018	0.027	0.651236247497004	FARP2	c2
1.9651635240765e-05	-0.3413226143823	0.015	0.024	0.659076542704775	ZNF852	c2
1.96966600001841e-05	-0.14050319373922	0.034	0.047	0.660586583086176	TK2	c2
1.98948559262053e-05	-0.164716872484279	0.027	0.038	0.667233678053072	USP45	c2
1.99773984222847e-05	-0.22467809654728	0.015	0.024	0.670001988286586	ETV2	c2
2.00334770421847e-05	-0.228375883706325	0.041	0.054	0.671882753040792	ZNF649	c2
2.07417054744957e-05	-0.102871086659694	0.037	0.05	0.695635318203635	NUDT7	c2
2.12219143781416e-05	-0.124358312681332	0.027	0.039	0.711740564414112	MIER3	c2
2.14934432575736e-05	-0.112545610342802	0.021	0.031	0.720847099972503	ALG10	c2
2.21299380605098e-05	-0.110919966506239	0.049	0.064	0.742193862673379	LZTS2	c2
2.24309055860342e-05	0.692373361542359	0.029	0.021	0.752287711544414	BCORL1	c2
2.25502781502708e-05	-0.120892121374758	0.046	0.061	0.756291228603781	ZSCAN16	c2
2.25547489034495e-05	0.213568311314192	0.37	0.369	0.756441168723888	FLOT1	c2
2.27938309853747e-05	-0.130751195796678	0.02	0.03	0.764459503587498	STOML1	c2
2.28033943853994e-05	-0.401231274133432	0.007	0.014	0.764780240897524	SLC30A1	c2
2.33168736221739e-05	-0.135657152211964	0.04	0.053	0.782001307540468	WDR47	c2
2.36857683281795e-05	0.598304549078297	0.063	0.051	0.794373298190485	GSTM3	c2
2.37772534586207e-05	-0.145603113081315	0.023	0.033	0.797441526495223	MOSMO	c2
2.38338239768992e-05	-0.494315789123149	0.009	0.016	0.799338788537246	NUDT17	c2
2.39186600789494e-05	0.367297387977242	0.111	0.096	0.802184021727806	FBLN5	c2
2.39686357078106e-05	-0.196410548812947	0.02	0.03	0.803860104368554	VCL	c2
2.39701160678443e-05	-0.196183712079048	0.022	0.032	0.803909752683363	MLLT1	c2
2.39704902141253e-05	-0.743028447312195	0.005	0.011	0.803922300801334	CASTOR3	c2
2.412933754857e-05	-0.122986554001258	0.069	0.086	0.809249722703939	ZNF567	c2
2.42766965485078e-05	-0.492403214787087	0.006	0.012	0.814191848843855	PRKAR2B	c2
2.43100030827665e-05	-0.258582958344841	0.015	0.024	0.815308883389823	CD274	c2
2.43813352345117e-05	-0.206186742889595	0.018	0.028	0.817701221095053	LBHD1	c2
2.44681275930405e-05	-0.211651788758342	0.018	0.028	0.820612063215392	PRDM15	c2
2.45810498007452e-05	0.712564241539532	0.028	0.02	0.824399248217393	ACSM3	c2
2.47648154775604e-05	-0.490924211560362	0.009	0.016	0.830562381486421	AC098613.1	c2
2.49892458685989e-05	-0.114917726039966	0.028	0.04	0.838089327941069	SLC29A3	c2
2.50860873345062e-05	-0.380265987783281	0.009	0.016	0.84133719702467	EFNB1	c2
2.51411913090224e-05	-0.336624099916129	0.014	0.022	0.843185274121992	KRBA2	c2
2.6331275462902e-05	-0.349762369081241	0.01	0.017	0.883098316474807	ZNF81	c2
2.63555392027057e-05	-0.363196701267565	0.016	0.025	0.883912073780344	LIPE-AS1	c2
2.64143097298809e-05	-0.191129207644575	0.025	0.036	0.885883119720744	ZNF345	c2
2.66350296441407e-05	-0.30560024011981	0.019	0.029	0.89328562420519	AC021028.1	c2
2.67525809289019e-05	-0.23896220308336	0.028	0.039	0.897228059193513	ZFYVE26	c2
2.68201506032611e-05	1.12826086968065	0.021	0.015	0.899494210932171	DYRK3	c2
2.7155428963737e-05	1.20346739345333	0.01	0.005	0.910738776585812	GOLGA6L9	c2
2.71695165804614e-05	-0.572465077153483	0.008	0.014	0.911211247075515	ZKSCAN7	c2
2.77227361524259e-05	-0.637273867059729	0.005	0.011	0.929765125080061	AC009309.1	c2
2.77383603781454e-05	-0.549311124991098	0.005	0.011	0.930289130362241	GPC1	c2
2.81609579162513e-05	-0.100330509828204	0.027	0.039	0.944462206595236	HEATR5A	c2
2.82045898224143e-05	0.326816225773764	0.036	0.027	0.945925533464129	KRT18	c2
2.83320866713204e-05	-0.358566747691302	0.014	0.022	0.950201522782743	RNF19B	c2
2.83641026175182e-05	-0.362417448177153	0.008	0.015	0.951275273586327	AC007728.2	c2
2.86882031124805e-05	-0.550828597977584	0.005	0.011	0.962144955986371	TIAM2	c2
2.89246963466718e-05	-1.06142223675684	0.017	0.026	0.97007646607468	FXYD2	c2
2.90950071681433e-05	-0.251307863828325	0.039	0.052	0.975788350405189	LINC00954	c2
2.9772944752486e-05	0.441918177148704	0.1	0.086	0.998525021108875	SNTB1	c2
0.000280709984194916	-6.13796928011986	0.005	0.01	1	IGKC	c2
0.265255001157029	-5.97613251604401	0.022	0.025	1	JCHAIN	c2
0.448769560600012	-5.96699458454697	0.009	0.01	1	IGKV3-20	c2
0.000407884575693992	-1.58941169255742	0.007	0.012	1	TRBV13	c2
6.13498823264333e-05	1.57232206000624	0.03	0.022	1	PPP1R2C	c2
0.000780023363929871	1.1962418901759	0.01	0.006	1	FOSL1	c2
4.08093939772326e-05	1.18709166799198	0.015	0.009	1	PDE6G	c2
3.50661303060181e-05	1.15273050439838	0.014	0.009	1	STXBP1	c2
5.97618988690768e-05	1.13875949958869	0.014	0.009	1	NPIPB11	c2
0.000390230898215972	1.09889146404124	0.01	0.006	1	LOH12CR2	c2
8.18570265216377e-05	-1.08155634916999	0.009	0.015	1	TRBV7-4	c2
0.000782430822123076	1.07873202546427	0.011	0.007	1	SNAI1	c2
0.000913547574885144	1.07285200262338	0.011	0.007	1	ETFBKMT	c2
5.8962796586584e-05	1.04996568105002	0.023	0.016	1	AC011611.3	c2
0.000150792642173526	1.04940188961259	0.011	0.007	1	ZNF467	c2
0.000136077580172926	1.04852120217754	0.011	0.007	1	AC006942.1	c2
0.101351301266869	-1.03438550290318	0.013	0.015	1	TRBV15	c2
0.00198304654639685	-0.997854416447506	0.021	0.028	1	TRBV21-1	c2
9.64091716474921e-05	0.945065079075247	0.013	0.008	1	NKILA	c2
0.372487965571124	0.941406156668124	0.011	0.01	1	RIBC2	c2
0.0111310110757009	0.93775386046774	0.01	0.007	1	ECHDC3	c2
4.6729644784113e-05	-0.928745860734212	0.006	0.012	1	TIMP2	c2
0.000153271416379212	0.922193571666737	0.017	0.012	1	ZNF772	c2
0.00300975602634503	-0.918128806580855	0.013	0.019	1	TRAV1-1	c2
0.00112846821505746	0.905382944433013	0.011	0.007	1	ZNF578	c2
0.000940741741533428	0.903505229936669	0.017	0.012	1	ZNF577	c2
5.68460003776897e-05	-0.900517505530193	0.004	0.01	1	ANK1	c2
0.0188195542623767	-0.898965419439058	0.008	0.011	1	TRBV6-4	c2
0.000173750474002287	0.897787686985307	0.01	0.006	1	AP000977.1	c2
0.00337925758569359	0.896959414814275	0.01	0.007	1	ANKRD6	c2
4.78564434427058e-05	0.894252347643636	0.022	0.015	1	SBF2-AS1	c2
0.000614517974829798	0.885741768065936	0.015	0.011	1	CYSLTR2	c2
0.0121908116647325	0.877501947527075	0.011	0.008	1	CYP27B1	c2
0.00202830627805523	0.873918811956569	0.012	0.008	1	PLEKHA7	c2
0.000289367028169648	0.844797150112697	0.016	0.011	1	FP236383.3	c2
0.0218137387516496	0.836248426224614	0.012	0.009	1	AC092803.2	c2
0.00124751866945904	0.833873956703185	0.012	0.008	1	PAK6	c2
0.000737993531801878	0.82762540219805	0.015	0.011	1	NHSL2	c2
0.00252275289251504	0.827390191107762	0.018	0.014	1	STBD1	c2
0.000176865026858798	0.82420429152453	0.015	0.01	1	RIMS3	c2
0.000167894345399712	0.810096129197565	0.017	0.012	1	GLS2	c2
0.00239257577760798	0.808719677617178	0.012	0.008	1	VWA7	c2
0.00144845597469745	0.802459772721194	0.011	0.007	1	KDF1	c2
0.000108989861700087	0.799736605887996	0.03	0.023	1	AF213884.3	c2
0.0123295173418312	0.799139354905613	0.01	0.007	1	AC090204.1	c2
0.000206591614628282	0.793658731723915	0.036	0.028	1	TESMIN	c2
5.693244082705e-05	0.791464629659233	0.021	0.014	1	ASB13	c2
0.0267066309610776	0.788355972665101	0.015	0.012	1	FTCDNL1	c2
0.00075395785840526	0.787314683223817	0.025	0.018	1	LATS2	c2
0.000868794829102956	0.782516198735163	0.016	0.011	1	CRB3	c2
0.000163228418808364	0.780135104966909	0.015	0.01	1	ZNF502	c2
0.000748792832081246	0.773146805759839	0.024	0.018	1	PLEKHN1	c2
0.0228140657335985	0.772187357550872	0.013	0.01	1	FAM157C	c2
0.001236075506543	0.772040668552544	0.017	0.012	1	AC093635.1	c2
4.80609127379308e-05	-0.761700953250807	0.023	0.033	1	TRBV7-6	c2
0.0342312196258351	0.75414367249427	0.017	0.014	1	AL161421.1	c2
4.01963608137483e-05	0.750763234761441	0.033	0.024	1	KLHL25	c2
0.00120287934443652	0.747384330880155	0.021	0.015	1	OR4D1	c2
0.000436767186374343	0.745630813981946	0.027	0.02	1	AL136962.1	c2
0.00019993279917092	0.741726379393664	0.014	0.009	1	NPTXR	c2
0.110907805644195	0.741163226579232	0.011	0.009	1	KTN1-AS1	c2
0.017173893888215	0.738846011990785	0.013	0.01	1	HIST1H4A	c2
0.000675344696353307	0.738071405432435	0.017	0.012	1	UST	c2
0.00063288006975039	0.731957597788376	0.035	0.027	1	PTCH2	c2
0.0157750074697585	0.73182046606042	0.017	0.013	1	RHOD	c2
0.000324748060389098	0.729707807596138	0.025	0.019	1	ACSS2	c2
0.176768034137542	0.729353752523167	0.015	0.013	1	CEP112	c2
0.000707461823178111	0.727759500090659	0.012	0.008	1	STX17-AS1	c2
6.67785123089228e-05	0.726623557752373	0.031	0.023	1	TMCC3	c2
0.00227474415984723	-0.720120932736226	0.012	0.018	1	CRIP2	c2
6.96118157370719e-05	0.715504460958646	0.021	0.015	1	AL445686.2	c2
0.000204729779490831	0.712577629252144	0.092	0.08	1	OSM	c2
0.0016962550031024	0.712181115856766	0.019	0.014	1	AC005332.6	c2
0.00479517720156646	0.711764448009077	0.022	0.017	1	SLC30A4	c2
8.22012176602709e-05	0.709019605728421	0.019	0.013	1	TANC2	c2
0.00192942353031169	0.705318505545257	0.019	0.014	1	SDR42E2	c2
0.00284117569188569	0.691165789329884	0.014	0.01	1	AL135791.1	c2
0.0406295845093803	0.68746270891461	0.017	0.014	1	AC007952.4	c2
0.0277334069669862	0.683105271134446	0.018	0.015	1	UBE2E2	c2
0.000885417261655084	0.680170773861893	0.014	0.009	1	EFCAB13	c2
0.000985306764936672	0.678671331735819	0.02	0.015	1	FCHO2	c2
0.024015575399916	0.676547220575517	0.014	0.011	1	SCRN1	c2
0.0194017095250678	0.676280627644998	0.017	0.013	1	GALNT12	c2
9.04967985246185e-05	0.674807828695299	0.027	0.02	1	ZNF347	c2
0.00529335255518987	0.673011534607865	0.011	0.008	1	XKR9	c2
0.0395158773719133	0.672720385070108	0.012	0.009	1	ANG	c2
0.000132752076542865	0.67126928079252	0.068	0.057	1	KIF9	c2
0.000554146891131225	0.670692832531525	0.019	0.014	1	CARMIL1	c2
0.0605925286704347	0.67019651772896	0.013	0.011	1	HMGN5	c2
0.197107710326939	0.666257145821278	0.015	0.013	1	CYB5D1	c2
0.0125368037288351	0.66431811436903	0.01	0.007	1	SYDE2	c2
0.0539691592692554	0.66402976887921	0.02	0.016	1	C17orf107	c2
0.00114051721323263	0.664029668391786	0.018	0.013	1	SLC22A17	c2
0.0391347421653555	0.663811906852276	0.048	0.043	1	TRMT10A	c2
0.00976306879564064	0.663631206504765	0.013	0.01	1	RNASE4	c2
7.05206253711485e-05	0.660019962755703	0.037	0.028	1	B3GALT2	c2
0.000149887511405202	0.656689783262852	0.036	0.028	1	CAMK2N1	c2
3.46153236725819e-05	0.656684195783643	0.039	0.03	1	CRYBG2	c2
0.00108075317366074	0.654009122078675	0.017	0.012	1	YPEL4	c2
7.95054481038017e-05	-0.653364973123202	0.005	0.01	1	SUMO4	c2
0.0284811928946258	0.652889130649909	0.017	0.013	1	NRBP2	c2
0.000103626378999813	-0.650673633526761	0.007	0.013	1	RASGEF1A	c2
0.00201178272449328	0.648772039299615	0.048	0.04	1	AC103591.3	c2
0.00133600301118408	0.647395484592228	0.022	0.016	1	AFDN	c2
0.042355058624175	0.646251934709993	0.011	0.008	1	C8orf88	c2
0.0391725248889809	0.645015925312805	0.01	0.007	1	DLEC1	c2
0.00119968981812879	0.644811115653858	0.029	0.022	1	EPB41L5	c2
5.30283940505398e-05	-0.642804054443909	0.031	0.042	1	TRBV9	c2
0.00102741680599546	0.636753726634552	0.019	0.014	1	BTBD8	c2
0.0159637522961072	0.635371911836053	0.015	0.011	1	ZNF582-AS1	c2
0.127823456686983	0.63361061819694	0.01	0.008	1	MYLPF	c2
0.0142893219522615	0.632365238884682	0.02	0.016	1	ACACB	c2
0.190846955032355	-0.628155014989494	0.024	0.026	1	TRBV12-4	c2
0.00310799319956908	0.625306980437235	0.021	0.016	1	GALNT4	c2
0.105985601807777	0.6244684540952	0.01	0.008	1	SGSM1	c2
0.00157462620873608	0.62267501501905	0.035	0.028	1	XYLT1	c2
0.000106364369313936	0.622117788852827	0.036	0.027	1	WNT1	c2
0.145121373626838	0.621092285787716	0.016	0.014	1	WDR19	c2
0.00377610080399089	0.619391958099775	0.015	0.011	1	CDKL5	c2
0.103872997319066	0.618223351044479	0.018	0.015	1	AL353708.3	c2
0.183841116584241	0.614654430475361	0.018	0.016	1	ARF4-AS1	c2
0.0287939073950155	0.614557564474165	0.024	0.02	1	PTPDC1	c2
0.00131184184783649	0.613629950290878	0.027	0.021	1	RAB20	c2
0.000810669221906353	-0.612721983968634	0.006	0.011	1	ERP27	c2
5.67821081836222e-05	0.61150138099066	0.091	0.079	1	SFMBT1	c2
0.000176703434404924	-0.610561222055433	0.005	0.01	1	AC105052.3	c2
0.000124762663476366	-0.609492900038285	0.006	0.011	1	AC123768.3	c2
0.000125271671012468	0.60834998562024	0.032	0.024	1	EXD2	c2
0.381325872205104	0.608128263500501	0.011	0.01	1	AC073389.1	c2
0.184886537284727	0.607195822714105	0.01	0.009	1	ACVR2B	c2
0.00180339067887541	-0.606129861384091	0.006	0.01	1	LINC00663	c2
0.0299286793192236	0.605919762735935	0.088	0.082	1	RRP12	c2
0.000310020184062643	0.605805492489532	0.04	0.032	1	CYFIP1	c2
0.000384050304260597	0.605651100741698	0.014	0.009	1	TPM2	c2
6.19797799815846e-05	0.605349922458765	0.032	0.024	1	ZNF844	c2
0.061780936294664	0.603770718367652	0.011	0.009	1	PFN2	c2
7.13969418357075e-05	0.602653804377973	0.051	0.041	1	ZNF814	c2
0.00137708502724794	0.600276220578761	0.049	0.041	1	Z93930.2	c2
0.0614233717548741	0.598813019608877	0.01	0.008	1	SNX15	c2
0.00596226430539901	0.597244747312287	0.028	0.023	1	GDPD5	c2
0.0146086849917264	0.596170955507199	0.039	0.034	1	BPHL	c2
0.051994428723024	0.594780306728034	0.05	0.045	1	TAF4B	c2
0.000106728014079066	0.594250071536369	0.045	0.036	1	RNF157	c2
0.141903298921218	0.594226137383826	0.041	0.037	1	METTL1	c2
0.0507843012059231	0.593929277896335	0.016	0.013	1	AC006299.1	c2
3.37288840069247e-05	-0.593768182986182	0.009	0.016	1	PPM1L	c2
0.00247047729414515	0.592526831643073	0.02	0.015	1	NKD1	c2
0.0740594422621122	0.589942831592516	0.011	0.009	1	SIRT4	c2
0.0658575542685993	0.589551156519969	0.042	0.038	1	CASP10	c2
9.10841435319125e-05	-0.588393491118644	0.006	0.012	1	PROB1	c2
0.146139859350293	0.588349328065948	0.01	0.008	1	NEK11	c2
0.000353447785595025	0.587380353159388	0.024	0.018	1	ACVR1B	c2
0.0459063738977912	0.587302791770406	0.023	0.02	1	LTB4R	c2
4.30074421627717e-05	-0.586692620870545	0.007	0.014	1	AC002091.2	c2
0.00884403453205923	0.583109727674475	0.015	0.011	1	AMN	c2
0.0015509093973234	0.580251658263639	0.037	0.03	1	HAR1A	c2
0.0299154919580529	0.579367391250247	0.014	0.011	1	ABLIM2	c2
0.000458881799605365	-0.579023368682712	0.005	0.01	1	HLA-DQB2	c2
0.122850561120783	0.57815794030186	0.011	0.009	1	PROCA1	c2
0.240488797135358	0.576398739787925	0.015	0.013	1	NEK3	c2
4.33562612895781e-05	0.575409079077677	0.08	0.067	1	AL365361.1	c2
0.958209034261947	0.572190705735676	0.01	0.01	1	IER3-AS1	c2
0.0277789076814123	0.57138302876245	0.017	0.014	1	ZFP3	c2
0.00806859429079337	0.569829670043367	0.023	0.018	1	B3GNT8	c2
0.0101330930482921	0.569207360808059	0.044	0.038	1	NEDD4	c2
0.00795028035524125	0.567555337489325	0.025	0.02	1	LRFN1	c2
0.31797029157412	0.566911272408925	0.021	0.019	1	FGFBP3	c2
0.000195681306007623	-0.56396092675067	0.007	0.012	1	CCDC144A	c2
0.166527117731867	0.562395011073408	0.013	0.011	1	LINC01771	c2
0.00264300334479287	0.560524702120077	0.026	0.02	1	SYNJ2BP	c2
0.0719275162877164	0.559121256536324	0.022	0.019	1	ZNF154	c2
7.71157254687232e-05	-0.557690046858078	0.008	0.014	1	EPS8L1	c2
0.067397485540304	0.556285022900156	0.016	0.013	1	ADGRL1	c2
0.282255158230043	0.555318348199943	0.022	0.02	1	APLF	c2
0.0630180759140598	0.55269831243389	0.038	0.034	1	POC1B-GALNT4	c2
0.0214658947408375	0.552653377165422	0.025	0.02	1	HDAC11	c2
3.44874665834372e-05	0.552391218486505	0.028	0.02	1	SNHG22	c2
0.00116399443443148	0.551687815116715	0.086	0.077	1	SLC25A4	c2
0.0655178019216369	0.550609385543824	0.015	0.012	1	BAIAP3	c2
0.218596471750134	0.549961383231397	0.012	0.01	1	GAS8	c2
0.00213057527025508	0.549349341978307	0.021	0.016	1	OVCH1-AS1	c2
0.100493182326649	0.54902557375781	0.021	0.018	1	FITM2	c2
0.00162265174538985	-0.544710018652148	0.009	0.014	1	TRBV7-7	c2
0.2601899255938	0.541578756085193	0.031	0.029	1	LINC00265	c2
0.000714071978478719	-0.540413965632049	0.01	0.016	1	VIPR1	c2
0.00090206379292106	0.539288634476066	0.035	0.028	1	CFP	c2
0.00797857760608243	0.53884119323503	0.045	0.038	1	AP005019.1	c2
0.00111042725016415	0.535476000872115	0.049	0.041	1	ZNF626	c2
0.0949055612832855	0.535212867733716	0.016	0.014	1	NHLRC4	c2
0.00361296298280189	0.532615713865227	0.062	0.054	1	CTBP1-DT	c2
3.18717819789228e-05	0.528592301493201	0.077	0.064	1	SLC25A43	c2
0.000661152057596886	-0.527318875342549	0.007	0.012	1	JAM3	c2
0.059326973961567	0.526105304424071	0.034	0.03	1	ALPK1	c2
0.712681492593272	0.524680283595867	0.014	0.013	1	AC023157.3	c2
0.0393934057615246	0.523814939483002	0.019	0.016	1	RAB11FIP5	c2
0.00546229880563056	0.523463502845292	0.021	0.016	1	AC009831.1	c2
3.20346752519646e-05	-0.523412177781179	0.008	0.015	1	SLC9A7	c2
0.0706967990451213	0.52285669985228	0.044	0.039	1	SETD9	c2
0.0354825735499314	0.521932959396258	0.026	0.022	1	IL1RAP	c2
0.444153822002929	0.521567507653238	0.011	0.01	1	THAP9	c2
0.00899931455488008	0.521111816643116	0.02	0.015	1	NOXA1	c2
0.00364399255935497	-0.52060974231449	0.008	0.012	1	ZNF425	c2
0.200533693394638	0.518977709746894	0.022	0.019	1	PEX11A	c2
0.000223165756026914	0.518917101149778	0.035	0.027	1	TNK1	c2
7.61062885043368e-05	-0.518582469395713	0.006	0.011	1	NT5M	c2
0.487025263130735	0.518279531094405	0.01	0.009	1	AC020911.2	c2
0.000724996942348434	0.517758292202899	0.039	0.031	1	DISC1	c2
0.326108778545174	0.517192598707349	0.01	0.009	1	RNF207	c2
0.300495416034685	0.516747769287609	0.011	0.01	1	MAP1A	c2
0.000572994982780236	-0.516270558078561	0.005	0.01	1	LINC00294	c2
0.375475087939132	0.515979574327307	0.011	0.01	1	AC006333.2	c2
0.065353230307777	0.515911493391958	0.025	0.021	1	C8orf58	c2
0.00555126216087721	0.515572596506838	0.052	0.044	1	GLCE	c2
0.00857356969691909	0.5135473308115	0.037	0.031	1	ZNF382	c2
0.0778970642362624	0.513362286592834	0.042	0.038	1	AL359915.2	c2
0.509472977648948	0.512531174011968	0.012	0.011	1	CTH	c2
0.00124843716607503	0.512210393744179	0.111	0.101	1	HEXIM1	c2
0.656622884355723	0.510762691222482	0.016	0.015	1	BCL9	c2
0.125251377589496	0.510080463168014	0.032	0.029	1	SMYD5	c2
0.261812765903306	0.509581290414718	0.013	0.012	1	SNED1	c2
0.953561062264439	0.509396335341259	0.012	0.012	1	AL162231.1	c2
0.209189145880486	0.507805190795859	0.02	0.018	1	CCDC157	c2
0.0573742071620343	0.507270028173299	0.015	0.012	1	TEF	c2
0.015615484008619	0.506732619326416	0.022	0.018	1	ZNF665	c2
0.00114820986180916	0.505708548259662	0.056	0.047	1	SGSM2	c2
0.000410313898468028	0.504924001090149	0.109	0.098	1	EPOR	c2
0.000155318314429034	0.503665652634299	0.09	0.078	1	PLCD1	c2
8.94855591392982e-05	-0.501704360160883	0.006	0.012	1	ADAM22	c2
0.0438305236052816	0.501682986878456	0.036	0.031	1	PHLDA3	c2
0.0387769359595065	0.501164288803531	0.047	0.042	1	NOL4L	c2
0.000485162938151863	0.500982938642406	0.055	0.046	1	ZBTB22	c2
0.30106802942538	0.499199318554477	0.01	0.009	1	AL133415.1	c2
0.021277739605251	0.499106070299477	0.03	0.026	1	ZNF439	c2
0.00527507408756789	0.498731865222574	0.033	0.027	1	FAM117B	c2
0.402702315149143	0.498204809021994	0.019	0.018	1	TRIM46	c2
0.000229725195848318	0.49788533583359	0.068	0.057	1	LINC00662	c2
0.000252659231893057	-0.496817878289474	0.009	0.015	1	NBPF9	c2
0.000119048056008452	0.496002360610064	0.084	0.072	1	IL9R	c2
0.000434502487006815	-0.495654817185662	0.008	0.014	1	CNIH3	c2
0.142389170633063	0.494973698822192	0.027	0.024	1	THAP7-AS1	c2
0.0111190187815126	0.49445947407671	0.07	0.063	1	TFAP4	c2
0.178461701232544	-0.493604265909441	0.08	0.086	1	IL2RA	c2
0.00328093858095474	0.492911890026956	0.048	0.041	1	EVA1C	c2
0.0818796607301677	0.492682948970613	0.013	0.011	1	CEP126	c2
4.73319206777416e-05	-0.49234021387917	0.021	0.03	1	PLCL1	c2
0.00783707391980577	0.491209291020732	0.029	0.024	1	CKAP4	c2
0.194942037741663	0.49011065330057	0.011	0.009	1	GDPD3	c2
0.1858969656136	0.488410709499793	0.011	0.014	1	CHML	c2
0.00226622173445267	-0.488018296007258	0.008	0.013	1	SYNM	c2
0.000397592552112917	0.486676789653547	0.065	0.055	1	RIPOR1	c2
5.56720415516445e-05	0.486138660962186	0.055	0.044	1	IFI44L	c2
0.0186459753737757	0.485218529643396	0.042	0.037	1	KIFC2	c2
0.303471509738483	0.484612846622193	0.015	0.017	1	GCAT	c2
0.30907330416348	0.483820067896043	0.036	0.033	1	TMTC3	c2
0.0282820766149715	0.483645540125052	0.048	0.043	1	ZNF41	c2
0.147576437894991	0.483614370015306	0.021	0.018	1	HHAT	c2
0.00374537678895802	-0.4833498926589	0.009	0.013	1	MUC12	c2
0.0788161097989091	0.482485293407144	0.016	0.013	1	CDK20	c2
0.00781707006685018	0.482160169354952	0.065	0.058	1	ERC1	c2
0.672313635309368	0.48215407429262	0.018	0.017	1	DENND5A	c2
5.81783920275926e-05	0.480042520558654	0.097	0.084	1	SIK1	c2
0.502306433757175	0.479914449258549	0.012	0.011	1	AC083880.1	c2
0.527858333719081	0.479108415531406	0.015	0.014	1	ZNF888	c2
3.4849428021679e-05	-0.478598071539443	0.007	0.014	1	GCC2-AS1	c2
0.686376135940399	0.478479965691188	0.012	0.012	1	CALCB	c2
0.0432549648428655	0.478066659195585	0.035	0.031	1	ZNF573	c2
3.77456185395219e-05	-0.47795044676692	0.018	0.027	1	PLXND1	c2
0.000186719295533505	0.477822654645783	0.116	0.104	1	CHD7	c2
0.0012044146017897	0.477550150890741	0.037	0.03	1	NDRG2	c2
0.000389055178486079	-0.477279113438176	0.01	0.016	1	AC010616.1	c2
0.102964884196474	0.477223460296012	0.029	0.026	1	ZC4H2	c2
0.961011436472483	0.476995990972028	0.016	0.016	1	FANCE	c2
0.600144143070689	0.476013535845794	0.01	0.009	1	TTC8	c2
0.800831156781322	0.475432106165704	0.467	0.494	1	HSPA1A	c2
0.801648670369561	0.474397753250799	0.012	0.012	1	AC005229.4	c2
0.00111964160425177	0.471138486004619	0.055	0.046	1	ZBTB16	c2
0.287695278438391	0.471085158330836	0.014	0.013	1	RTN4R	c2
0.000654246116156874	0.470967424878808	0.081	0.071	1	MAP9	c2
0.0419074909339608	0.46987017940805	0.021	0.017	1	HTRA1	c2
7.85983406804925e-05	-0.469259005067225	0.006	0.012	1	AC103736.1	c2
0.287132276529842	0.4688602715479	0.028	0.026	1	AC091271.1	c2
0.0314193995484688	0.467792602918951	0.063	0.058	1	KIF1BP	c2
0.0407176820862742	0.467704468941413	0.042	0.037	1	TSC22D1	c2
0.00889731257429741	0.467096874436441	0.026	0.021	1	FP671120.4	c2
0.00915552808564038	0.466970623855207	0.036	0.03	1	AC147067.1	c2
0.0598651462663083	0.465706073204543	0.034	0.03	1	P3H4	c2
0.0760670833971833	0.465690229402082	0.017	0.014	1	FGFRL1	c2
0.00023183829203369	-0.465284671193927	0.006	0.011	1	AC009237.14	c2
0.00229762443545163	0.464738557697461	0.093	0.083	1	BAIAP2	c2
0.470163264929124	0.463235520632661	0.013	0.012	1	CLDN15	c2
0.0514143154921285	0.463131749101582	0.027	0.023	1	ZCWPW1	c2
0.440674640767548	0.46222288770327	0.013	0.012	1	ZNF280B	c2
4.69119441052859e-05	-0.4621976255484	0.011	0.018	1	RAB3D	c2
0.15162436336585	0.461073020762726	0.012	0.01	1	HSD17B14	c2
0.415355272092876	0.459845076824156	0.014	0.013	1	DARS-AS1	c2
0.000135193725674816	-0.459784956144554	0.716	0.744	1	TUBB	c2
0.129874964289542	0.459724502728935	0.036	0.033	1	RGPD2	c2
0.0735278727057644	0.459602242302763	0.028	0.024	1	C3orf33	c2
0.00301692768311859	-0.459422166379699	0.006	0.01	1	CHRNE	c2
0.946609210508196	0.458605851047279	0.024	0.024	1	AP003392.4	c2
0.0192364181010295	0.458148421419792	0.039	0.034	1	PLCB3	c2
0.00220047644548034	0.457919325144597	0.089	0.079	1	AIG1	c2
0.220832948638891	0.457803117537338	0.015	0.017	1	PDIA5	c2
0.109927610556882	-0.456500625508391	0.02	0.023	1	TRAV10	c2
0.48520136764135	0.456415789584894	0.069	0.068	1	HIST2H2AA4	c2
0.10515277383979	0.456308948982355	0.013	0.011	1	ZNF239	c2
0.491832258160772	0.45566350245354	0.029	0.028	1	TEX2	c2
0.0370549817608584	0.455604770334982	0.05	0.045	1	SETD7	c2
0.0807050971323467	0.4540831698538	0.052	0.047	1	MBNL3	c2
0.067172977856206	0.454051530384362	0.034	0.03	1	FAN1	c2
0.00808022830740907	0.453957467670127	0.043	0.036	1	MYO1D	c2
0.548241555021358	0.452950819173751	0.046	0.045	1	PM20D2	c2
0.075814739353618	0.451800176720478	0.042	0.038	1	IL15	c2
0.69088068328819	0.449010377732701	0.028	0.027	1	ZSCAN5A	c2
0.000109683842175408	-0.447812320223041	0.01	0.017	1	ULK2	c2
0.48348405506266	0.447688443770868	0.011	0.01	1	TEC	c2
0.182906509039439	0.447098723040257	0.014	0.012	1	TEPP	c2
0.698283671697301	0.446620570530642	0.035	0.034	1	LYSMD4	c2
0.0421255457852341	0.446264864582917	0.031	0.026	1	KBTBD6	c2
0.389629497434217	0.444998538906674	0.024	0.023	1	AL138963.3	c2
0.000521242236191854	0.444950745151925	0.095	0.084	1	PRKCI	c2
0.298591583699735	0.444051304395975	0.009	0.01	1	HOMER1	c2
0.223432408457701	0.443408561929035	0.026	0.024	1	FKBP14	c2
0.490473134257577	0.441334597595589	0.02	0.019	1	DNAH1	c2
0.0424372056444515	0.440684012317559	0.033	0.029	1	ZNF696	c2
0.406961583802183	0.440587030369155	0.012	0.01	1	CAPS2	c2
0.0973439624293208	0.440249050890048	0.04	0.036	1	AC044849.1	c2
0.759809237735125	0.440200440552053	0.023	0.023	1	RAB11B-AS1	c2
0.00118295019379416	0.439554509407334	0.082	0.072	1	SIK1B	c2
0.0474686611462256	0.43923634274165	0.068	0.063	1	SH2B3	c2
0.00690400586357679	-0.437510742056382	0.007	0.011	1	AC084018.2	c2
0.920850280320177	0.436432830337566	0.016	0.016	1	QPCTL	c2
0.000146894955656307	0.436346137477039	0.09	0.077	1	CROCC	c2
0.0235754774868257	0.434889953363603	0.036	0.031	1	C3orf18	c2
0.065466251048129	0.434841628956535	0.059	0.054	1	BEST1	c2
0.218242918501897	0.433412870407386	0.031	0.028	1	AC108134.3	c2
0.000307147399565577	0.43332618638476	0.159	0.15	1	RUNX2	c2
0.0197135770860192	0.433043506269346	0.03	0.025	1	CLCF1	c2
0.0220607322558595	0.432697413978527	0.03	0.025	1	CYP4F22	c2
0.0966680585601583	0.432690474845342	0.017	0.015	1	ADAMTS10	c2
0.588301013755626	0.432323682389382	0.013	0.014	1	YTHDF3-AS1	c2
0.795238628952749	0.432320078887484	0.025	0.025	1	AC132192.2	c2
0.298813945316359	0.43214147296561	0.029	0.027	1	ZNF528	c2
0.18072601558215	0.432049791961021	0.022	0.02	1	KLHDC1	c2
0.339556946410055	0.431642837995465	0.021	0.019	1	LINC01011	c2
0.00628481960020881	0.431035903251423	0.056	0.048	1	ZFY	c2
0.3224331337009	0.430066759455308	0.013	0.011	1	LONRF3	c2
0.27601077843631	0.429599219095492	0.031	0.029	1	PLD6	c2
0.371362081215379	0.429538206167387	0.014	0.013	1	AL645728.1	c2
0.702235797581886	0.429088816372942	0.016	0.017	1	HIST2H2AA3	c2
0.0755621004768808	0.428994990110718	0.052	0.048	1	BICRA	c2
3.49814790185718e-05	0.428661059973966	0.101	0.087	1	IFI44	c2
0.0829860585717824	0.428083048088391	0.014	0.012	1	ZNF610	c2
0.15909763261266	0.427727435763107	0.066	0.062	1	MSRB2	c2
0.00860250270616692	0.427217639459963	0.087	0.079	1	FYCO1	c2
0.0774573562796117	0.427159558721175	0.046	0.042	1	ZNF559	c2
0.357705754534619	0.426646444091856	0.018	0.017	1	FAM229B	c2
0.27832820550182	0.423658720452427	0.011	0.01	1	AC021092.1	c2
0.00206062376230678	0.423519914254872	0.12	0.111	1	HEBP1	c2
0.000460998627218405	-0.421979346500555	0.008	0.013	1	AC005944.1	c2
0.260615746865569	0.421898679822995	0.029	0.026	1	AC020765.2	c2
0.0844913340180614	0.421623519322545	0.032	0.028	1	ZNF799	c2
0.00074967325861913	0.42122004052058	0.145	0.136	1	PCNX1	c2
0.0863561197715819	0.419897448077619	0.041	0.037	1	AC025171.3	c2
0.0877262458157786	0.419723603677379	0.029	0.026	1	ARL10	c2
0.113500251478905	0.418453400117961	0.041	0.037	1	ZNF606	c2
0.00235932945395104	-0.4176584695401	0.006	0.01	1	B3GNT10	c2
0.0314927266060501	0.416942451761695	0.134	0.13	1	PARD6A	c2
0.0317726396912451	0.41591230239572	0.075	0.069	1	ZNF557	c2
0.258256567585195	0.415820291579078	0.011	0.013	1	AL139384.1	c2
0.0321861996988863	0.415610709151794	0.032	0.027	1	USP9Y	c2
0.0100665268881566	0.415441032545831	0.08	0.073	1	ENPP4	c2
0.420576289388139	0.415242821177347	0.045	0.043	1	MNT	c2
0.0296188681450064	0.41505920400079	0.051	0.046	1	SOCS2	c2
0.000432116987067051	-0.414141713187037	0.006	0.011	1	AGBL2	c2
0.000334811667649705	0.413224563444213	0.071	0.06	1	BX284668.5	c2
0.0856818051159013	0.413173455509514	0.008	0.01	1	CENPS	c2
0.177921898417821	0.410983242898964	0.016	0.014	1	SEMA4C	c2
0.00012654972159774	-0.41055680537099	0.046	0.058	1	EPHB6	c2
0.734661016899087	0.410411421515911	0.033	0.034	1	SORD	c2
0.000134468195971794	-0.410274697233411	0.012	0.02	1	LTK	c2
0.290698074261067	0.409785596976597	0.042	0.04	1	ZDHHC2	c2
0.000119980513251087	-0.409676902715466	0.011	0.018	1	ZNF596	c2
0.132736166030499	0.409278628642171	0.032	0.029	1	ZDHHC14	c2
0.00102961829198344	0.408439125554144	0.096	0.086	1	UNC93B1	c2
0.000147152945836415	-0.408341324767134	0.011	0.018	1	AC009133.1	c2
7.83012602373007e-05	-0.408151360146141	0.008	0.015	1	SENP3	c2
0.598079044609376	0.408062389801725	0.009	0.01	1	CDKL3	c2
3.41783537632409e-05	-0.406975464637516	0.022	0.032	1	THBS1	c2
0.470590357093062	0.406648254234025	0.013	0.012	1	SCOC-AS1	c2
0.00108336451669152	0.406634868645538	0.117	0.107	1	RELL1	c2
0.0296303050469544	0.406591315521437	0.04	0.034	1	ANO10	c2
0.492577164962518	0.40631578277601	0.028	0.026	1	CYP2U1	c2
0.0008728400369582	0.406108148251597	0.068	0.058	1	MXI1	c2
3.33105703987297e-05	-0.405512235693321	0.838	0.721	1	LTB	c2
0.955355063913227	0.404870317584321	0.014	0.014	1	DDIT4-AS1	c2
0.0252255041601624	0.404651960930515	0.102	0.096	1	UBQLN4	c2
0.01028719250914	0.40454188285826	0.131	0.125	1	BAG3	c2
9.83748051686229e-05	-0.403796821984294	0.011	0.018	1	AL139089.1	c2
0.000326322534388681	-0.40375582230976	0.006	0.011	1	SCO2.1	c2
0.740671336347528	0.402459647923904	0.016	0.016	1	TRBV11-3	c2
6.73452477388076e-05	-0.401845380387757	0.012	0.019	1	AC009126.1	c2
0.00369966924166697	-0.401298623659913	0.007	0.011	1	ZFP41	c2
0.802145425658715	0.401173851348378	0.011	0.01	1	AC090114.2	c2
0.0213698331449118	0.400768701296854	0.058	0.052	1	RHPN1	c2
0.221005338167214	-0.400531955924832	0.026	0.028	1	TRBV4-2	c2
0.243404066289825	0.39929002124132	0.036	0.033	1	EMILIN2	c2
0.230482055578845	-0.399147772384506	0.01	0.012	1	TRBV5-5	c2
0.656756151693846	0.398944159537574	0.023	0.022	1	KCNQ1OT1	c2
0.962631655713253	0.398696641726197	0.016	0.016	1	LINC00893	c2
0.000610762169677644	-0.398290293533337	0.009	0.015	1	AC010618.3	c2
0.0498158122102158	0.397130093575281	0.039	0.034	1	AC006213.2	c2
0.000202762136512985	0.397083883528425	0.153	0.141	1	VAT1	c2
0.297772698267905	0.396738393284674	0.008	0.01	1	ASMT	c2
5.82732000540058e-05	0.39613744850253	0.168	0.154	1	CDC14A	c2
0.433032890872069	0.395624101992655	0.014	0.013	1	SLC29A2	c2
0.467577385585326	0.394724037137257	0.015	0.014	1	ZNF449	c2
0.000325515972333171	-0.394204676214289	0.011	0.017	1	ZBTB26	c2
0.00369397295343863	0.393968026110599	0.18	0.175	1	CRY1	c2
0.000109364966883202	-0.393442912399728	0.013	0.02	1	LACC1	c2
0.0189724467537312	0.392448891628736	0.144	0.139	1	LUZP1	c2
3.13089496701997e-05	-0.39187189709933	0.01	0.017	1	KCTD11	c2
0.0406715761075898	0.390154240244559	0.055	0.049	1	GNAQ	c2
0.00157251931710087	-0.389559571074783	0.012	0.018	1	OTUD1	c2
0.000341966573450378	-0.389314561576683	0.01	0.016	1	ZNF555	c2
0.96725470601599	0.388797732233868	0.019	0.02	1	AC018816.1	c2
0.390030647370276	0.387162048827817	0.039	0.037	1	PKD1	c2
0.710640814662344	0.386738911555748	0.011	0.01	1	TRIM17	c2
0.946901954642031	0.386409966419898	0.013	0.013	1	AL158835.1	c2
0.552224528969032	0.385435606341841	0.01	0.01	1	ZCCHC14	c2
0.614144070601835	0.384742103797522	0.02	0.019	1	ZNF784	c2
0.548200198710814	0.384687463750221	0.067	0.067	1	FAH	c2
0.45396489689874	0.384628698503791	0.066	0.065	1	MTAP	c2
0.000238367033864866	-0.384209861196915	0.009	0.015	1	TRAF3IP1	c2
0.951312411747693	0.382748045107126	0.01	0.01	1	MAMLD1	c2
0.213453189721372	0.382598759191582	0.054	0.051	1	ENTPD1-AS1	c2
0.372166913818621	0.382556738585356	0.035	0.033	1	RUFY3	c2
0.00978471517412348	-0.381997614343845	0.007	0.01	1	CCNT2-AS1	c2
0.0971157028407004	0.381702762901558	0.009	0.011	1	GCNA	c2
0.203775009488878	0.381448087725917	0.031	0.029	1	MATN1-AS1	c2
0.0443723009797196	0.38047443932295	0.064	0.059	1	CTSO	c2
0.821690942286889	0.380277519870682	0.013	0.014	1	ZNF674	c2
0.0155276475068544	0.380242258152217	0.161	0.157	1	SGSM3	c2
0.91451874843844	0.379749583354041	0.021	0.021	1	FCRLB	c2
0.00275969853087537	-0.379593470192316	0.009	0.014	1	RNF227	c2
0.810174968922444	0.379323492515351	0.011	0.011	1	ABCA3	c2
0.15177694929096	0.379122211846628	0.084	0.08	1	TRIM39	c2
5.86982198813783e-05	-0.378959187882931	0.008	0.014	1	NBPF10	c2
0.000278053243131989	-0.378806305816317	0.009	0.015	1	AGAP6	c2
0.768026848717989	0.37878382427916	0.028	0.027	1	OGFRL1	c2
0.130506467910819	0.378692535698938	0.026	0.023	1	MAMSTR	c2
0.97588512750186	0.377984562972004	0.012	0.012	1	MAN1B1-DT	c2
0.00291037580713535	-0.377435053503847	0.007	0.012	1	RGS5.1	c2
0.00328683006714428	0.377311495988173	0.135	0.127	1	CREB3L2	c2
5.453255871956e-05	-0.376999115802343	0.014	0.022	1	TRIM62	c2
0.825669060726902	0.376625540297823	0.044	0.044	1	SNTA1	c2
0.403968294417986	0.376610120339433	0.025	0.024	1	ZNF485	c2
0.0914075401015701	0.376530749687231	0.07	0.066	1	NAA80	c2
0.267106190178653	0.375909906491607	0.057	0.055	1	LETM2	c2
0.434083677376081	0.375782781424984	0.039	0.037	1	MFSD4B	c2
0.0819829923211005	0.37557869491496	0.089	0.085	1	ZNF609	c2
0.656453351546411	0.375081046912143	0.01	0.009	1	TCTN2	c2
0.372326398708053	0.37429613292733	0.017	0.015	1	ZNF501	c2
0.00338487822209352	0.372968937591603	0.032	0.026	1	TRAV20	c2
0.229092303913492	0.372637482853745	0.013	0.015	1	PHLDB2	c2
0.0448054620509291	0.370959416705847	0.021	0.017	1	AMIGO1	c2
0.341813634772393	0.370259599191888	0.04	0.038	1	KIF16B	c2
0.143202461128697	0.369875976995601	0.041	0.038	1	ARRB1	c2
0.00337007504911526	0.369060852661723	0.196	0.192	1	CDKN2AIP	c2
0.00320685141920727	-0.368925365725671	0.006	0.01	1	RBM26-AS1	c2
0.0799731779730732	0.368816593606449	0.051	0.046	1	AFAP1	c2
0.882176084219291	0.36880271399657	0.014	0.013	1	MINDY1	c2
0.64877721011431	0.368625303384593	0.01	0.01	1	AL033527.5	c2
0.695518763784825	0.368490263552935	0.022	0.021	1	LINC00526	c2
0.198980923359466	0.36834333194086	0.015	0.013	1	LRRC56	c2
4.80763820054042e-05	0.367422512829265	0.207	0.197	1	TRIM44	c2
0.436729500737846	0.367120571340405	0.121	0.123	1	METTL21A	c2
0.315724548385186	0.366856623173209	0.055	0.053	1	RREB1	c2
0.793126299688856	0.366336323350457	0.048	0.048	1	CLOCK	c2
0.00239779215096732	0.365829910467463	0.171	0.164	1	ILF3-DT	c2
0.094546931659901	0.365253031798683	0.03	0.027	1	AFF3	c2
0.835711104715828	0.36476065700558	0.029	0.029	1	PKP4	c2
0.614804126606838	0.364751460740807	0.016	0.015	1	FBXL22	c2
0.242448893603631	0.364424511428557	0.073	0.07	1	MICA	c2
0.00540280296758449	-0.363778782626557	0.007	0.011	1	KIAA1958	c2
0.878445560391581	0.362037624117519	0.02	0.021	1	DPY19L1	c2
0.0453674391788102	0.361910224744833	0.053	0.048	1	APBB3	c2
0.100230555685072	0.360567989965368	0.042	0.038	1	ATP6V1E2	c2
0.00308851706132811	0.359336537915987	0.125	0.116	1	VPS13D	c2
0.19110066351729	0.357466062344953	0.017	0.019	1	SPAG4	c2
0.469000800292965	0.357118054220531	0.017	0.016	1	AC105020.6	c2
0.0114941304347952	0.356790825690389	0.083	0.075	1	LRIG1	c2
0.00522709698565994	-0.35677877719806	0.008	0.013	1	CNNM4	c2
0.750891228003294	0.356745810815845	0.017	0.016	1	FNIP2	c2
0.000313067712419015	0.356464593889559	0.131	0.119	1	RERE	c2
0.152197168680878	0.355944994532835	0.053	0.049	1	ZNF566	c2
0.533041041410962	0.355719445773977	0.02	0.021	1	F12	c2
0.0030270469591404	0.355109737119297	0.175	0.168	1	ATG16L2	c2
0.132911794440806	0.355033686345981	0.104	0.101	1	SH2D3A	c2
0.530671474977192	0.354954571595909	0.015	0.014	1	HSD11B1L	c2
0.0162697785355278	-0.354702663456219	0.006	0.01	1	TLR5	c2
0.000229227605000745	-0.354607631242021	0.016	0.024	1	SLC7A4	c2
0.719548660085343	0.353226013523735	0.02	0.02	1	PRKCE	c2
9.92192780958935e-05	-0.353163813303274	0.011	0.017	1	GPAT2	c2
0.334829286690534	0.352870000402866	0.019	0.021	1	SPACA9	c2
0.171260280749082	0.352689949647737	0.078	0.075	1	RECK	c2
0.142149846322948	0.352664460926284	0.08	0.076	1	SPRYD7	c2
0.140535583029015	0.352215301986762	0.055	0.051	1	FAM228B	c2
6.87932820116956e-05	0.351896421785631	0.234	0.227	1	CD226	c2
0.0531398682964011	0.351705024626728	0.105	0.101	1	ABRAXAS1	c2
0.00252255769031941	-0.351229728024953	0.007	0.012	1	TRBJ2-7	c2
0.795585596675801	0.351157604110266	0.023	0.023	1	ALCAM	c2
0.0831414680254723	0.351142751403533	0.028	0.024	1	AC124312.1	c2
0.690924044672054	0.350693365799046	0.016	0.015	1	SLC45A4	c2
3.09845511752804e-05	-0.349954329001831	0.016	0.024	1	USP35	c2
0.795025551161994	0.349255078179122	0.046	0.047	1	AC004817.3	c2
0.616771115617953	0.348797120767834	0.012	0.011	1	AL590705.1	c2
0.000325060383946903	0.348663775006273	0.189	0.179	1	LEPROT	c2
0.71215461526393	0.348284917484713	0.019	0.018	1	HIST1H3A	c2
0.00145653878255505	-0.3481905486155	0.006	0.01	1	AC243960.3	c2
0.0118856745656786	-0.347313453068549	0.007	0.01	1	AL353759.1	c2
0.0767063578846623	0.347042619900523	0.066	0.061	1	RAB33B	c2
0.0861611090791423	0.347027626833242	0.036	0.032	1	TRAV25	c2
0.000108757325867376	0.346632834307227	0.262	0.26	1	MORF4L2	c2
0.271474266485017	0.346345228240291	0.075	0.073	1	TMEM38B	c2
0.000169473797790127	-0.346322340070718	0.009	0.015	1	LINC01004	c2
0.630677791126739	0.346268132810647	0.076	0.077	1	GOLPH3L	c2
0.418502266989483	0.344608226877832	0.069	0.068	1	ATG4C	c2
0.62153637971872	0.344418690136186	0.038	0.04	1	METAP1D	c2
0.00717728701952327	0.344330351173938	0.077	0.069	1	BBS2	c2
0.35106727678059	0.344199689241826	0.044	0.042	1	MARCH9	c2
0.745955893111949	-0.343929063714434	0.016	0.016	1	RNASE6	c2
0.451399465178597	0.343100626747654	0.03	0.032	1	UBE3D	c2
0.00218445667421544	-0.342996931811522	0.006	0.01	1	OGFRP1	c2
0.00206390089856039	-0.342941928564314	0.038	0.047	1	TRAV27	c2
0.00849244506323276	-0.342913417759505	0.008	0.012	1	AC022182.1	c2
0.883849043571246	0.342849908880802	0.091	0.093	1	SNRNP48	c2
0.820721646896378	0.34268085116471	0.019	0.019	1	ZNF354C	c2
0.000274044096383293	0.342457628475481	0.179	0.168	1	MBNL2	c2
0.428421127856159	0.341885791994677	0.012	0.013	1	NFYC-AS1	c2
0.800399791812488	0.341477826501287	0.025	0.026	1	AC022182.2	c2
0.173690482785875	0.341445076279367	0.041	0.038	1	TTC12	c2
0.0633764699464186	-0.341150712476998	0.025	0.029	1	TRBV5-4	c2
0.830201695095425	0.341099231893768	0.013	0.012	1	LIPT2	c2
0.721029896062414	0.341047712230994	0.026	0.027	1	MPP6	c2
0.638597684062475	0.34036473785508	0.01	0.009	1	ZNF132	c2
0.117836475119484	0.340312767514015	0.074	0.07	1	SGSH	c2
0.644622988836178	0.340018007175857	0.02	0.021	1	ZNF530	c2
0.812957764781876	0.340001669985245	0.023	0.022	1	FAM13A	c2
0.644757813121981	0.33922413649127	0.03	0.029	1	FADS3	c2
0.0991457806620671	0.338728606580352	0.013	0.01	1	HBEGF	c2
0.955198173600105	0.338157823227072	0.063	0.064	1	ZNF268	c2
0.408039612700498	0.337221838002742	0.062	0.067	1	ADAM15	c2
0.493814949995599	0.33715704384254	0.123	0.126	1	TMEM39A	c2
0.000154616790580744	-0.336982575345511	0.012	0.019	1	TWNK	c2
0.952295517070505	0.335863896258583	0.016	0.016	1	NADK2	c2
0.00180099462108953	0.335741030167067	0.179	0.171	1	STK26	c2
0.00994032061334185	-0.335732686390853	0.01	0.014	1	SLC16A11	c2
0.00119487201048594	-0.335728651737275	0.005	0.01	1	BX255925.3	c2
0.758519741848893	0.335454600175917	0.015	0.014	1	SPATA7	c2
0.0371074294184089	0.335347992294178	0.08	0.074	1	C20orf204	c2
0.000823417377082707	-0.334401410561423	0.021	0.029	1	SLC9A3R2	c2
0.944124861601701	0.334363561654092	0.018	0.019	1	CCNYL1	c2
0.499845945720376	0.334337293140643	0.027	0.026	1	SLC19A2	c2
0.706075321251272	0.334216062661604	0.033	0.032	1	LONRF1	c2
0.000449045671878165	0.333615656804652	0.121	0.109	1	GSTM2	c2
0.227891922985172	0.333265483120029	0.016	0.014	1	DNAJC27-AS1	c2
5.77101032433859e-05	-0.333170911818144	0.026	0.036	1	FHIT	c2
0.735676261525105	0.332841176808048	0.027	0.028	1	TSNARE1	c2
0.660502748683582	0.332645696728929	0.062	0.062	1	EHBP1	c2
0.0431260603006111	0.332524583147006	0.079	0.074	1	IMMP2L	c2
0.186460252464403	0.33235223146723	0.037	0.034	1	SLC27A1	c2
0.00103047363507538	0.332336975369179	0.243	0.24	1	ATP2B1	c2
0.618215397479347	0.33198252433479	0.029	0.031	1	CSRNP2	c2
0.34758111964992	0.331718422904125	0.029	0.032	1	RAPGEF2	c2
0.705398468585923	0.331686268630529	0.062	0.065	1	SCFD2	c2
4.39620369874642e-05	-0.331525504329967	0.017	0.026	1	LRP5L	c2
0.700810563564508	0.331104535818406	0.019	0.02	1	BRPF3	c2
0.967454073728886	0.330939830898415	0.028	0.028	1	ZNF169	c2
0.177871250228663	0.330838936062299	0.136	0.136	1	IFT57	c2
0.00331089164198395	-0.330441982382224	0.009	0.013	1	VPS9D1	c2
0.0352459516478098	0.330416590897486	0.078	0.072	1	RCBTB2	c2
0.00260885733837427	-0.330315739475281	0.009	0.014	1	ZNF517	c2
0.000589500135626328	0.330200453185108	0.222	0.215	1	UBXN11	c2
0.442627209665245	0.329775441588108	0.009	0.01	1	GPR160	c2
0.341356796429892	0.329606690530498	0.087	0.086	1	HEATR5B	c2
4.9313468107504e-05	-0.329590801277135	0.013	0.021	1	LINC01534	c2
0.643823553145771	0.329460950085088	0.01	0.01	1	AC010226.1	c2
0.29413709643815	0.329163499643792	0.015	0.014	1	RNF212	c2
0.358814187384254	0.32894298931671	0.024	0.022	1	ZNF717	c2
0.591680006826775	0.328442480168985	0.02	0.019	1	POC1B-AS1	c2
0.000662846410866369	0.328096820183571	0.185	0.176	1	PPP3CA	c2
0.712781832801505	0.327515749872308	0.015	0.014	1	GSTA4	c2
0.275805730090107	0.326882736737466	0.011	0.013	1	MAP10	c2
0.000138944486271951	0.325622125319757	0.276	0.274	1	ISG20L2	c2
0.0137435134132856	0.325353393069797	0.175	0.17	1	KLF10	c2
0.000490298862524322	-0.325006762651206	0.061	0.074	1	AC012645.3	c2
0.0278285240511463	0.324297486023295	0.083	0.077	1	TMEM65	c2
0.208334971278224	0.324275551351241	0.112	0.11	1	AL139246.5	c2
0.276489993605034	0.32413654037212	0.034	0.032	1	ZNF571	c2
0.431288293361672	0.323673501277105	0.097	0.097	1	VWA8	c2
0.87784852795068	-0.32363078324956	0.019	0.019	1	TRBV10-3	c2
0.663707991144217	0.323170383059852	0.05	0.05	1	ST3GAL3	c2
0.444731390125202	0.322819397841513	0.03	0.032	1	CACNB1	c2
3.52729234351301e-05	-0.322645012844414	0.018	0.027	1	AC020659.1	c2
0.000402326784656556	-0.322211922067793	0.022	0.03	1	TUBB4A	c2
0.00230337686364953	-0.32198935733295	0.006	0.01	1	ENKD1	c2
0.000492031033083012	-0.3214934125568	0.009	0.015	1	C3orf62	c2
0.294320737911708	0.321493033006085	0.067	0.065	1	PGAP3	c2
8.78944721232514e-05	-0.321232513896233	0.01	0.017	1	AC245060.5	c2
0.00152992284684567	-0.320601686856717	0.013	0.019	1	FZD3	c2
0.0026577621206523	-0.320540085607549	0.008	0.012	1	PARS2	c2
0.169043839623465	0.320331792981817	0.027	0.024	1	LINC00921	c2
0.0211951990057332	-0.319730436690542	0.015	0.019	1	TRBV14	c2
0.848105118712034	0.319688463150431	0.041	0.041	1	BRMS1L	c2
0.916058750064675	0.318895893404052	0.02	0.019	1	MTMR8	c2
0.650317621309847	0.318848512313448	0.019	0.02	1	AC017083.2	c2
0.810675616112942	0.318196655138206	0.025	0.025	1	MORN3	c2
0.852909184987633	0.317967050011335	0.031	0.031	1	AC027644.3	c2
0.64430135606114	0.317948544433464	0.017	0.016	1	CAPS	c2
0.99161169191482	0.317597051981085	0.016	0.016	1	LRFN3	c2
0.0362215279009225	0.317309819168317	0.069	0.063	1	ATP1B1	c2
0.214357266795406	0.317291918817638	0.039	0.037	1	KIAA1147	c2
0.674065975218071	0.317278317377712	0.045	0.044	1	AC097376.2	c2
0.50263392837386	0.317238939948548	0.076	0.075	1	ALKBH2	c2
0.407171594749413	0.316783036793074	0.02	0.019	1	PRPF40B	c2
0.483354714739098	0.316627347223693	0.01	0.011	1	ZNF90	c2
0.000264518066729798	-0.31629534391898	0.012	0.018	1	ZNF222	c2
0.898192791127413	0.316049159473417	0.025	0.026	1	GKAP1	c2
0.00101710616932438	-0.315989040723053	0.01	0.015	1	TRBJ2-1	c2
0.0026600956571416	-0.315797500346176	0.043	0.052	1	TRAV12-2	c2
0.694095781011077	0.315555086107823	0.03	0.029	1	PLXNA3	c2
0.477745866621602	0.314911250448514	0.009	0.01	1	TBC1D16	c2
0.000241420089945103	0.31482196110687	0.151	0.138	1	DBNDD2	c2
0.624000310125225	0.314739918181761	0.022	0.024	1	SLC4A8	c2
0.634630306161476	0.313964451574972	0.018	0.017	1	ANKRD34A	c2
0.586413502255485	0.313365775489189	0.035	0.034	1	TDRD7	c2
0.586402168375362	0.313185950564058	0.009	0.01	1	C19orf44	c2
0.516850996098793	0.312775261793945	0.01	0.01	1	ZNF320	c2
0.532501276345013	0.312436376360139	0.017	0.016	1	SMKR1	c2
0.229145190500453	0.311877535929018	0.017	0.015	1	LINC00278	c2
0.624958133341394	0.311841763600256	0.012	0.011	1	AC011632.1	c2
0.000855413182383007	-0.31145996597355	0.008	0.014	1	LRRC27	c2
0.00076694808200574	-0.311377485023389	0.016	0.023	1	ZNF582	c2
0.470076122686065	0.310980586339786	0.028	0.027	1	ZNF525	c2
0.975661124206075	0.310832979128306	0.017	0.017	1	ZNF546	c2
0.193807307458829	0.310452411292679	0.106	0.104	1	TMEM116	c2
0.817398957553114	0.309688966524034	0.073	0.074	1	ST7L	c2
7.24071809828281e-05	-0.309679011909378	0.022	0.031	1	WNT10A	c2
0.24658191256256	0.309505127496192	0.023	0.026	1	ALDH1B1	c2
9.64872892636847e-05	-0.309382083682984	0.014	0.022	1	C9orf3	c2
0.51859747902544	0.309025882919411	0.011	0.012	1	ZSWIM4	c2
0.477851474407744	0.308672153625991	0.048	0.051	1	CHCHD6	c2
0.418178352394299	0.308609165556769	0.068	0.066	1	ZNF398	c2
0.60137699285282	0.30824776408151	0.141	0.151	1	TMEM107	c2
0.570182406542794	0.308234177811339	0.048	0.051	1	ALMS1	c2
0.382757104081608	0.308095927071819	0.032	0.031	1	ZNF783	c2
0.769456637566951	0.307964744823132	0.044	0.044	1	LSS	c2
0.518632410166575	0.307207740857009	0.034	0.033	1	AC019163.1	c2
0.0044345038612204	0.306758925149075	0.022	0.029	1	HSPA6	c2
0.914304248288458	0.306555566058298	0.01	0.01	1	NBPF20	c2
0.729631623764306	0.306317025338541	0.054	0.056	1	UTP15	c2
0.00643703593313333	0.306115027985953	0.095	0.087	1	ATP8B2	c2
0.000318276936096289	0.305992335733344	0.215	0.208	1	PER1	c2
0.00460246517979565	-0.305947232475535	0.032	0.039	1	TRBV6-2	c2
0.225789562219912	0.305739188427359	0.08	0.077	1	DHRS12	c2
8.28124682158593e-05	-0.305707917556938	0.01	0.016	1	THSD8	c2
0.245328466230168	0.305441091105447	0.022	0.02	1	FBXL16	c2
0.000949762922901485	-0.3052999788494	0.014	0.02	1	TCTE3	c2
0.36176389277459	0.305144056292372	0.068	0.066	1	DSTYK	c2
0.733657622400923	0.30492084770842	0.063	0.063	1	FEM1C	c2
0.842589721445546	0.304644329778742	0.106	0.109	1	SNTB2	c2
0.721461202621244	0.30449850367818	0.04	0.042	1	PRKAB2	c2
0.677853440520833	0.304479873646932	0.02	0.019	1	TRAM2	c2
0.448437952711222	0.304402660301691	0.02	0.022	1	AC092683.1	c2
0.428582499940903	0.304297089641523	0.077	0.076	1	DIAPH2	c2
0.000539671002066941	0.303852194895153	0.2	0.19	1	ENO2	c2
0.810211778818743	0.303562345287562	0.027	0.027	1	ZBTB39	c2
0.694221123713846	0.303024220592117	0.02	0.019	1	FMO4	c2
0.773415551208422	0.302937333804991	0.042	0.044	1	POMGNT2	c2
0.379461152090822	0.302326926651591	0.215	0.225	1	GABPB1-AS1	c2
0.023660318082476	0.302067294014195	0.099	0.093	1	JAZF1	c2
0.69713410673449	0.301814453028318	0.024	0.025	1	MICAL3	c2
0.683092624378822	0.301478652558693	0.107	0.113	1	CASP6	c2
0.621251626304685	0.301473260619076	0.129	0.132	1	QDPR	c2
0.000508795954638943	-0.301028433937744	0.008	0.014	1	SPIN4	c2
0.465213000077965	0.300762131618776	0.025	0.023	1	LACTB2-AS1	c2
0.000466944968103478	-0.30039186915702	0.013	0.02	1	ZNF2	c2
0.376161165382278	0.300183624221189	0.085	0.083	1	ANKRD46	c2
0.137844544300628	0.300164743706332	0.031	0.035	1	IFT46	c2
0.623092029772876	0.299542126569665	0.023	0.025	1	LNX2	c2
0.000902946020850983	-0.299340890446329	0.011	0.017	1	BHLHE40-AS1	c2
0.0356404068036242	-0.299336318387786	0.008	0.011	1	FSBP	c2
0.261895666096511	0.299096352975926	0.19	0.196	1	OAT	c2
0.00158345425882235	0.298742449416225	0.229	0.224	1	CTDSP2	c2
0.172890587261298	0.298270956707923	0.171	0.173	1	AGA	c2
0.766130117418452	0.297991708809441	0.03	0.029	1	DCBLD1	c2
0.00540794043471203	0.2979825970641	0.088	0.079	1	PCYOX1	c2
0.00127643472350122	-0.29783984130261	0.011	0.017	1	TMEM256-PLSCR3	c2
0.00120282119144435	-0.297170906077246	0.013	0.019	1	NEK6	c2
0.350597620271432	0.296865869893275	0.036	0.034	1	MBLAC2	c2
0.000132289459160565	-0.296619008792612	0.013	0.021	1	AC008764.8	c2
0.922367238629664	0.29638771817566	0.01	0.01	1	SNX33	c2
0.000736184118161002	0.296249385649115	0.145	0.134	1	BEX2	c2
0.140007743429795	0.296146246437237	0.115	0.112	1	AC245297.3	c2
0.167976055255863	0.295991620583726	0.106	0.103	1	ZNF33B	c2
0.00802381664553621	0.295976353351382	0.035	0.029	1	FXYD7	c2
0.587054933311539	0.295464072752818	0.044	0.047	1	SIRT1	c2
0.921234923812813	0.295261730424077	0.072	0.073	1	WWC3	c2
0.809451820617974	0.295112889745919	0.031	0.031	1	GDF11	c2
0.935967220685823	0.294991777812914	0.032	0.032	1	RFESD	c2
0.140465544456435	0.294376295167371	0.081	0.077	1	PHC1	c2
0.589779378966168	0.294159962583692	0.059	0.058	1	GAA	c2
0.00804086230158873	0.293975348607632	0.214	0.212	1	CAMK2G	c2
0.617313100049877	0.293433366947998	0.031	0.03	1	EXOC6B	c2
3.5222026541929e-05	-0.292943286196727	0.006	0.012	1	FKBP7	c2
0.000735291710405183	-0.29281084106567	0.011	0.017	1	FAM149B1	c2
0.000804436654838982	0.292623970976811	0.028	0.022	1	TRBV30	c2
0.393766847941357	0.292610894445145	0.01	0.009	1	PLEKHG5	c2
0.0189795952324136	0.292397984612944	0.24	0.244	1	ARFGAP3	c2
0.0400664166585262	0.29225718613892	0.188	0.188	1	PTTG1IP	c2
0.864177704167943	0.291551263207447	0.025	0.026	1	JRKL	c2
0.431586739464898	0.291454778357567	0.107	0.107	1	SFXN3	c2
0.620293967231653	0.29129061965788	0.014	0.015	1	ZNF816-ZNF321P	c2
0.194696411225821	0.290843676324268	0.126	0.125	1	ANKRD36	c2
0.0108631788993955	-0.290472542208922	0.008	0.011	1	ARMH4	c2
0.782761855784992	0.290376580374623	0.021	0.021	1	AC020928.1	c2
0.267176510455934	0.289769384330004	0.016	0.018	1	SESTD1	c2
0.468248967756501	0.289754053784096	0.015	0.017	1	TRIP10	c2
0.645355834502403	0.289233478629972	0.012	0.013	1	EME2	c2
0.515279428598103	-0.289045518367012	0.037	0.039	1	TRAV22	c2
0.112666694671034	0.288581079568025	0.03	0.026	1	ERRFI1	c2
0.430144616570588	0.288557681421836	0.03	0.032	1	ZNF257	c2
0.000183685050482017	-0.288540812203019	0.012	0.019	1	CBWD3	c2
0.744889866374511	0.288391701378449	0.018	0.017	1	ADAMTSL5	c2
0.00169919914066458	0.288385056599321	0.24	0.237	1	KLHL28	c2
0.475573797143282	0.288281643319798	0.02	0.019	1	ZNF483	c2
0.655407633045097	0.288139914051657	0.019	0.02	1	NOD2	c2
0.732582541544513	0.287951536149693	0.036	0.037	1	ZNF585B	c2
0.010503620045093	0.287800911817238	0.172	0.166	1	GNPDA1	c2
0.328869721011219	0.287720234997728	0.049	0.053	1	ZBTB21	c2
3.08521026469144e-05	-0.287703325384671	0.014	0.022	1	ZNF20	c2
0.415083253250033	0.286512709153232	0.19	0.197	1	UBE2S	c2
0.412178358128302	0.286491095985413	0.035	0.033	1	AC079922.2	c2
0.0271576423770057	-0.28628730705833	0.015	0.019	1	TRAV30	c2
0.349336088683553	0.286125096194308	0.125	0.126	1	TBC1D14	c2
0.320855113225768	0.286076226311809	0.061	0.058	1	TBC1D19	c2
0.864849005277631	0.285927419707438	0.028	0.028	1	FBXL14	c2
0.740620497492562	0.284904178117211	0.04	0.039	1	DUSP3	c2
0.00411163684739446	-0.284817996451743	0.009	0.013	1	MORN1	c2
0.567280534378594	0.284365779152425	0.026	0.025	1	WDR5B	c2
0.901451840410586	0.284060964873736	0.023	0.023	1	TMEM182	c2
0.566916250879477	0.283849319152577	0.089	0.089	1	BTD	c2
0.603038160745936	0.283159342928451	0.02	0.019	1	ADGRE1	c2
0.194447725096019	0.283121862221974	0.048	0.053	1	THAP9-AS1	c2
5.95184215284905e-05	-0.282606122089049	0.013	0.021	1	LENG9	c2
0.417216465900995	0.281929965847277	0.011	0.012	1	AL589765.4	c2
0.00247229781568196	-0.281245580546519	0.023	0.03	1	HDAC9	c2
0.196379836878117	0.280847178592762	0.195	0.2	1	GNL3	c2
0.000775330979572692	-0.280712209548776	0.007	0.013	1	AL139260.1	c2
6.28431739550345e-05	0.28055530451111	0.268	0.259	1	A1BG	c2
0.319949476129152	0.279680491578226	0.038	0.035	1	LINC02328	c2
0.0112318909847576	0.279516819591218	0.137	0.129	1	NR1D2	c2
0.0019142058224714	-0.278883781593981	0.009	0.014	1	FAM19A2	c2
0.80460040174817	0.278840042961341	0.045	0.047	1	LMF1	c2
0.276695263043025	0.278770562834223	0.02	0.023	1	STK3	c2
0.388922824968359	0.278263416208853	0.084	0.09	1	GTPBP3	c2
0.720665596174022	0.278106220783529	0.052	0.055	1	TRIM47	c2
0.89183244470354	0.277626156910994	0.024	0.024	1	ZIK1	c2
0.302052436199143	0.277601063137145	0.177	0.181	1	NFX1	c2
0.831724151831393	0.277545827778084	0.016	0.016	1	LRRC37A2	c2
0.00426670200080029	0.277404137344747	0.216	0.212	1	SPRYD3	c2
0.91524102320647	0.277380673574834	0.019	0.019	1	ZNF304	c2
0.00450809597246112	-0.277016303316432	0.009	0.013	1	KIAA1211L	c2
0.81864694223077	0.276477967561584	0.017	0.017	1	RPH3AL	c2
0.0974789724397728	0.276254291115496	0.17	0.169	1	LPP	c2
0.355098952643453	0.276147609675757	0.035	0.038	1	MFSD12	c2
0.405401891175233	0.275724245118768	0.028	0.031	1	QSER1	c2
0.00301855708315944	0.275580470969353	0.068	0.059	1	CALHM6	c2
0.244845680297454	0.275579938910364	0.158	0.16	1	ETFRF1	c2
0.925592125913727	0.27550399215803	0.081	0.083	1	INTS6L	c2
0.168352331622778	0.275353142276444	0.009	0.011	1	OAF	c2
0.45532828896827	0.275121630532737	0.073	0.078	1	SLC35C1	c2
0.398227663672083	0.275088882883325	0.012	0.013	1	GGPS1	c2
0.0790902525435024	0.274353683721338	0.083	0.077	1	SGK1	c2
0.503534077841091	0.274223843499507	0.039	0.041	1	AACS	c2
0.634238998716221	0.273659531254498	0.015	0.016	1	PPFIBP1	c2
0.466313746407318	0.273647021475411	0.064	0.063	1	RALGAPA2	c2
0.77375143741413	0.273481000053508	0.055	0.055	1	HIPK2	c2
0.641735254431315	0.273459376040452	0.04	0.04	1	MTRNR2L12	c2
0.097727864515807	0.273019543743322	0.155	0.153	1	FBXO34	c2
0.251848026689431	0.272863605129348	0.222	0.23	1	ERCC5	c2
0.00512034440603821	0.272761693537734	0.322	0.33	1	SNHG12	c2
0.0016130057793953	-0.272531916767609	0.016	0.022	1	PRDM8	c2
0.0158305443259821	0.271924599587548	0.104	0.096	1	TMEM63A	c2
0.226352079169831	0.271370919719517	0.036	0.04	1	TAF1A	c2
0.224598238750649	0.270859841200801	0.06	0.057	1	ABCA5	c2
0.010963880276397	-0.270785318538326	0.007	0.01	1	PPT2	c2
0.973936422894321	0.270286898189954	0.067	0.069	1	SIK2	c2
0.930269658300706	0.270226188547561	0.021	0.021	1	ZNF616	c2
0.00071286434908727	0.270214437640142	0.207	0.197	1	ZNF831	c2
0.49939794348284	0.270124584776489	0.029	0.028	1	DYNC2H1	c2
0.220200045660967	0.269891947575516	0.141	0.14	1	DENND4A	c2
0.112261855464953	0.269752582074809	0.156	0.155	1	PRKCA	c2
0.735742959775525	0.269424062870549	0.019	0.018	1	TMEM30B	c2
0.00131522083998441	-0.268725443457086	0.042	0.051	1	TRAV3	c2
0.297532758052611	-0.267830615641864	0.021	0.019	1	TRBV6-6	c2
0.00454364720557116	-0.267624545371383	0.007	0.011	1	AL117332.1	c2
0.837198008387253	0.267600121320935	0.05	0.052	1	SLC25A13	c2
0.52649363176843	0.266876125266588	0.009	0.01	1	ZBTB34	c2
0.12385138746769	0.266709355279645	0.039	0.044	1	LARP1B	c2
0.612654773283725	0.266351308608729	0.075	0.079	1	NFRKB	c2
0.150931906473825	0.26631763568255	0.254	0.263	1	TIPARP	c2
0.000491191858977767	-0.265625947999653	0.008	0.013	1	SMN1	c2
0.668550436356286	0.265319259688011	0.019	0.019	1	ZNF879	c2
0.0541591597412283	-0.265252564560074	0.008	0.01	1	ZNF703	c2
0.877505503284474	0.264984492544243	0.125	0.129	1	METTL15	c2
0.00188442916190852	0.264770588065781	0.062	0.053	1	TRAV26-1	c2
0.000159143772596105	-0.264570837105937	0.125	0.149	1	GRN	c2
0.000790012877441179	-0.264463165248776	0.011	0.017	1	IRGQ	c2
0.000123633993516717	-0.264203289262277	0.013	0.021	1	INTS6-AS1	c2
3.374759202434e-05	-0.264179753415052	0.023	0.033	1	DIRC2	c2
0.250565978763485	0.264077981758197	0.222	0.229	1	PFKFB3	c2
0.929956156063169	0.264017552110587	0.207	0.221	1	ZC3H12A	c2
0.993300045426685	0.26345563148	0.036	0.036	1	LINC00957	c2
0.414570426357539	0.263400315348822	0.172	0.177	1	PRCP	c2
0.000383590172110319	0.263396294292442	0.15	0.136	1	LSR	c2
0.916331423832875	0.263341841605269	0.031	0.032	1	ABL2	c2
0.118538446016556	0.26249404721242	0.199	0.202	1	SENP7	c2
0.790676512886775	0.262394997736938	0.023	0.023	1	ZNF619	c2
8.52814724382427e-05	-0.262129946308052	0.011	0.018	1	L2HGDH	c2
0.903047715517217	0.261840321353728	0.036	0.036	1	MSANTD2	c2
0.182069878211283	0.261777273642874	0.026	0.029	1	MPZL1	c2
0.773315059790638	0.261473447635945	0.118	0.121	1	ANKRD36B	c2
0.648801069995214	0.261437320327862	0.031	0.032	1	SNURF	c2
0.00771372860088544	-0.261228162521371	0.008	0.012	1	AGAP4	c2
0.84486921057671	0.260786614407918	0.036	0.035	1	CPEB2	c2
0.0618730488355958	0.26069418111773	0.213	0.216	1	CHD9	c2
0.00016777072269789	-0.260432590362199	0.022	0.031	1	EXTL3	c2
9.32986695812113e-05	0.260176003488098	0.291	0.286	1	CERK	c2
0.558361546339169	0.259608911601438	0.021	0.022	1	RNLS	c2
0.297343872043225	0.259420844760347	0.027	0.029	1	AGPAT4	c2
0.677069578799206	0.259253261870011	0.022	0.023	1	PER3	c2
0.808088563324253	0.25881255745351	0.013	0.014	1	ZNF594	c2
0.000153730083441196	-0.258810299302718	0.017	0.025	1	TCAF2C	c2
0.000784470580415207	-0.258506671373019	0.009	0.015	1	ARRDC3-AS1	c2
0.654605974383812	0.258182546314182	0.034	0.033	1	ASAH2B	c2
0.371383176865786	0.258142680009831	0.014	0.015	1	ANKRD16	c2
0.161557616976708	0.258078946852438	0.058	0.064	1	ERF	c2
0.000953885867454659	-0.25789309047761	0.012	0.018	1	AC026471.1	c2
5.70297299022821e-05	-0.257795099962875	0.036	0.048	1	KIAA1324	c2
0.887546501391717	0.257789706618479	0.033	0.034	1	CLYBL	c2
0.0208038878727447	-0.257418252120853	0.008	0.012	1	TXLNB	c2
0.726591343223022	0.257406147063464	0.128	0.136	1	KIF13B	c2
7.83759643486769e-05	-0.257243413672962	0.017	0.026	1	ZNF613	c2
0.0668376800512234	0.25708948196555	0.046	0.052	1	PIAS2	c2
0.978054642965788	0.25694988855213	0.037	0.038	1	NBPF1	c2
0.00582886926508693	-0.256847039106822	0.011	0.016	1	TBC1D24	c2
0.000600357637689388	-0.256822986754569	0.011	0.017	1	AC064807.1	c2
0.214253160438455	0.256322941785545	0.038	0.042	1	CEP19	c2
0.556071685674295	0.2562947726639	0.119	0.12	1	PARP6	c2
0.811306385202959	0.256176261744275	0.081	0.083	1	ENTPD6	c2
0.901797959847654	0.255851929759086	0.055	0.056	1	BBS9	c2
6.99143231610496e-05	0.255430645489143	0.324	0.323	1	NMRK1	c2
0.485791239224134	0.255288163470101	0.092	0.098	1	PLA2G12A	c2
0.735280409903699	0.255256225748064	0.029	0.03	1	TMEM91	c2
0.655848104493741	0.254728503905292	0.01	0.01	1	ITPKC	c2
0.000228610441667114	-0.254511006878325	0.009	0.015	1	AL139352.1	c2
0.866662880188372	0.253988978408406	0.015	0.016	1	PLEKHG4	c2
0.607849546050011	0.253948524428514	0.098	0.103	1	NAF1	c2
0.369563796019869	0.253917650248298	0.027	0.029	1	FBXO48	c2
0.785854604149035	0.253863100766386	0.012	0.012	1	FRS3	c2
0.544938573819377	0.253850073430724	0.012	0.013	1	EXT1	c2
0.655953712695975	0.253647614372127	0.011	0.011	1	ZNF19	c2
0.339352310061742	0.253605606957578	0.097	0.104	1	NT5C3B	c2
0.571862455775102	0.25352691902514	0.01	0.009	1	IGFBP6	c2
6.20115813431578e-05	-0.2533487781697	0.025	0.035	1	FRAT1	c2
0.214062807599225	0.253199641549212	0.037	0.041	1	KBTBD7	c2
0.332561191183003	0.25276273012491	0.022	0.024	1	MPP5	c2
0.128753424689868	0.252681527170966	0.165	0.164	1	SH2B1	c2
0.805083117808447	0.252571046326289	0.034	0.035	1	DPY19L4	c2
0.368113323567643	0.252439565997026	0.023	0.026	1	ZNF776	c2
0.00163295900909036	-0.252378701576621	0.013	0.019	1	KRBA1	c2
0.788272734312915	0.251639809605572	0.016	0.016	1	DTWD2	c2
0.00172786884972186	-0.250873194387391	0.026	0.034	1	PLEKHG1	c2
0.0766592691461447	0.250821164232188	0.143	0.14	1	LTBP4	c2
0.949314883948878	0.250782744497513	0.085	0.087	1	MOB3C	c2
0.347164084045783	0.250604097372109	0.021	0.019	1	RALGPS2	c2
0.96484100003886	0.250509986391457	0.028	0.028	1	WDR27	c2
0.92120189078567	0.250021198632453	0.049	0.05	1	ABCC5	c2
0.244592167269571	0.249550456011181	0.02	0.022	1	MORC4	c2
0.299729291376146	0.249348038129696	0.07	0.068	1	ARHGAP12	c2
0.650384843964296	0.249288922488156	0.054	0.056	1	HTD2	c2
3.00009790284622e-05	-0.248862953452305	0.016	0.025	1	AP002495.2	c2
0.0744059178890525	0.248839552438162	0.05	0.057	1	SCMH1	c2
0.851728744433472	0.247972689022641	0.029	0.029	1	ZXDB	c2
0.361102021394694	0.247957241302778	0.008	0.01	1	HSD17B1	c2
0.624021894484388	0.247823236001401	0.058	0.057	1	SOS2	c2
0.543767355249559	0.24769865941991	0.225	0.238	1	MED29	c2
4.08255432597124e-05	-0.247610984024512	0.042	0.055	1	MLF1	c2
0.746681991236815	0.247484653294621	0.117	0.122	1	DNAJB4	c2
4.67622827675544e-05	-0.247459552531045	0.01	0.017	1	DDTL	c2
0.000478512403938167	-0.246897264900365	0.011	0.017	1	AC016394.1	c2
0.964268569095753	0.246744051881081	0.188	0.201	1	STT3A	c2
0.00010913496615347	0.246498069519627	0.325	0.325	1	PPM1K	c2
0.839660460505982	0.246414758294272	0.086	0.089	1	TUBD1	c2
0.000975821874451788	-0.246229127586505	0.012	0.019	1	AC116407.2	c2
0.148686595222415	0.245821051336282	0.138	0.136	1	RASSF3	c2
0.240627098481324	0.245555080967729	0.109	0.107	1	TTC39B	c2
0.67867608830045	0.245538661392635	0.083	0.087	1	ATF5	c2
0.00128940645457863	-0.245409499756341	0.017	0.024	1	ZNF597	c2
0.0168089593867616	-0.245393768327443	0.03	0.025	1	TRBV12-3	c2
0.905102817846144	0.244985409965794	0.088	0.09	1	ZNF460	c2
0.909460212300548	0.244809762472336	0.037	0.037	1	ZNF500	c2
0.283614991595674	0.244769951467702	0.049	0.053	1	CCL28	c2
0.382611901033335	0.244334616083201	0.037	0.04	1	C22orf46	c2
0.809523273563221	0.244307103947245	0.149	0.155	1	ING5	c2
0.126166762046567	0.243820264401474	0.039	0.035	1	TRAV36DV7	c2
3.76690672959589e-05	-0.243635014763726	0.019	0.028	1	TMEM106A	c2
0.000897879507888437	-0.243468596728515	0.011	0.017	1	AC018647.2	c2
0.000487607428675868	-0.243273613653702	0.023	0.031	1	ARHGAP31	c2
0.418923678540685	0.24291852308645	0.066	0.064	1	GCA	c2
0.961749448379955	0.242856324321963	0.028	0.028	1	PLEKHA8	c2
0.178319655405295	0.242682334106775	0.043	0.048	1	FAM221A	c2
0.00297662839039393	0.242375713329658	0.028	0.036	1	FKBPL	c2
0.314038754886726	0.242351671208451	0.025	0.028	1	PACRGL	c2
0.235046605397962	0.24234503376366	0.047	0.044	1	MPP7	c2
0.000319010573435653	-0.241808427313685	0.023	0.031	1	SLC18B1	c2
0.329578638589888	0.24175448088591	0.135	0.135	1	EPM2AIP1	c2
0.144486232085075	0.241303015731096	0.039	0.044	1	GBE1	c2
0.000421092581271246	-0.241286422828328	0.01	0.016	1	WFS1	c2
0.597094188810173	0.241213334763062	0.01	0.011	1	AC069544.1	c2
0.0352280972414307	-0.241166826284957	0.009	0.013	1	RAB19	c2
0.541566682624169	0.241105656389461	0.01	0.011	1	RND1	c2
0.00323572568701362	-0.241040087721128	0.009	0.014	1	CDAN1	c2
0.00830468594139441	-0.24100156531905	0.006	0.01	1	MCAM	c2
0.125493964836387	0.240688159939333	0.032	0.037	1	MSANTD3	c2
0.59652489639355	0.240641836811676	0.066	0.066	1	BTBD9	c2
0.00920944379748662	-0.240037548155815	0.009	0.013	1	TRIQK	c2
0.949614485913901	0.239004405043286	0.026	0.026	1	ZNF792	c2
0.893334789094751	0.238813221126197	0.076	0.078	1	NFE2L3	c2
0.725247334171532	0.238748288983884	0.081	0.084	1	FLYWCH1	c2
0.966222926245537	0.237602243932808	0.074	0.075	1	AL662844.4	c2
0.00866406157789923	0.237171172051208	0.245	0.243	1	FOSL2	c2
0.68118092782881	0.236985755849664	0.057	0.059	1	DCUN1D4	c2
0.159820429323095	0.236902162106474	0.046	0.051	1	ZBED4	c2
0.59157828104709	0.236768090221932	0.17	0.176	1	PDK3	c2
0.00184799796689795	-0.236585469482545	0.008	0.013	1	SRXN1	c2
0.728153779330965	0.236190429961757	0.012	0.013	1	AC097103.2	c2
0.00984145902568869	-0.236161564368407	0.095	0.106	1	LINC00402	c2
0.582118090494141	0.235898798842591	0.087	0.087	1	SLC17A5	c2
0.00319526855385811	-0.235708874384562	0.015	0.02	1	CA11	c2
0.638113047111091	0.235412274019014	0.14	0.143	1	ORC4	c2
0.115301688052943	-0.235305240995345	0.022	0.026	1	TRBV29-1	c2
0.936989309410871	0.235075423656937	0.065	0.067	1	ZBTB40	c2
0.0123972471889833	-0.23481681982797	0.007	0.01	1	SENCR	c2
0.127172769006315	0.234515529636794	0.235	0.242	1	TMEM131L	c2
0.000734338201344353	0.234411404842441	0.385	0.401	1	ZFAND5	c2
0.730388397205677	0.234357395873672	0.025	0.025	1	STX1A	c2
0.540608087845338	0.234117091419849	0.149	0.152	1	FOXO3	c2
0.132747296571979	0.234059244664452	0.036	0.041	1	USP13	c2
0.00264860541031268	0.233949746085469	0.298	0.299	1	OTUD6B-AS1	c2
0.878016262452654	-0.233927795019401	0.035	0.035	1	TRAV35	c2
0.534598774762697	0.233758927217627	0.01	0.011	1	SPACA6	c2
0.928940871220195	0.233551102936091	0.064	0.065	1	LZTR1	c2
0.194020580481861	0.233505143639867	0.039	0.043	1	KIAA0513	c2
0.380408784472713	0.233260827627246	0.036	0.038	1	ZNF232	c2
0.727300211916802	0.233141032169529	0.018	0.017	1	BOLA3-AS1	c2
0.000267815405833353	-0.233045571123195	0.036	0.047	1	ZNF318	c2
0.00307583047664701	-0.232809204305912	0.008	0.013	1	SNAI3-AS1	c2
0.411270175214845	0.232632633778027	0.009	0.011	1	AC092368.3	c2
0.755861921555603	0.23241004802004	0.015	0.016	1	HIF1A-AS2	c2
0.0807548081643222	0.232406763010351	0.042	0.048	1	CAD	c2
0.740598104287985	0.232337493087092	0.089	0.093	1	SMURF2	c2
3.03648388520513e-05	-0.232334416837627	0.021	0.031	1	ZSCAN21	c2
0.00364851488535379	-0.232205917365855	0.009	0.014	1	CACFD1	c2
0.535566556804398	0.232131148660335	0.059	0.063	1	MICALL1	c2
0.829809054406248	0.232087352689905	0.086	0.089	1	CREG1	c2
0.310264702747167	0.232063525548431	0.148	0.149	1	GPR155	c2
0.000523072254538419	-0.232028245343441	0.01	0.016	1	FIZ1	c2
0.375184125600108	0.231672659972459	0.037	0.04	1	ZMYM6	c2
0.000280827401535867	-0.231280481873114	0.018	0.026	1	AC107959.1	c2
0.0034591384667546	-0.23122374365582	0.009	0.014	1	DNAJC3-DT	c2
0.851312643713489	0.23118424679727	0.153	0.162	1	FOXJ3	c2
0.470572290367768	0.23062115200104	0.076	0.081	1	AAMDC	c2
0.00130861797950619	-0.230574476691501	0.008	0.013	1	MIR4458HG	c2
0.5239402707439	0.230511045316851	0.03	0.029	1	ZNF563	c2
0.824937564208031	0.23048312578481	0.122	0.128	1	AAED1	c2
0.0531388509736704	-0.230147168274178	0.008	0.011	1	AL645568.1	c2
0.662794841314791	0.230015433108057	0.086	0.086	1	TMEM191C	c2
0.644577840598467	0.22994340146066	0.027	0.029	1	ZFP30	c2
0.438900093430392	0.229427555988513	0.036	0.039	1	NFXL1	c2
0.37382201165576	0.228766288162827	0.026	0.029	1	RAI1	c2
0.623988554283819	0.228686081930658	0.038	0.04	1	TSEN2	c2
0.0065548990661018	-0.228635662423036	0.008	0.012	1	AL158152.1	c2
0.723764032369441	0.228547031708328	0.038	0.037	1	ZNF329	c2
0.684812707517883	0.228533516332402	0.07	0.073	1	ADARB1	c2
0.816763663473318	0.22820604618861	0.022	0.022	1	AL138895.1	c2
0.382372799356011	0.227863235336014	0.013	0.015	1	PODXL2	c2
0.0358560783027255	-0.227629288602751	0.007	0.01	1	AL135999.1	c2
0.987217762460702	0.227430413843606	0.025	0.025	1	NFIA	c2
0.429503524037463	0.227428054114438	0.065	0.069	1	SLC9A3	c2
0.502647936020688	0.227377378064723	0.021	0.022	1	LINC01215	c2
0.464643638715907	0.22733627650491	0.057	0.06	1	ANKAR	c2
0.148243779823491	0.227220724877873	0.156	0.155	1	NDRG1	c2
0.189422770850757	0.227201060322276	0.05	0.055	1	PLXNC1	c2
9.23975687375807e-05	-0.227177599586131	0.017	0.026	1	RGPD8	c2
0.605053177676407	0.227164458201697	0.171	0.177	1	TARSL2	c2
0.000922979777229329	-0.227161738543046	0.012	0.018	1	AL445472.1	c2
0.857992133120892	-0.227081959153985	0.019	0.019	1	TRBV5-6	c2
3.58427776915604e-05	-0.226658575808451	0.017	0.027	1	AC002310.1	c2
3.69620217200438e-05	-0.226655360472611	0.021	0.031	1	FUK	c2
0.371245020968028	0.226550424046684	0.019	0.018	1	ZNF30	c2
0.0945916650549645	0.226532876637197	0.05	0.056	1	DHX58	c2
3.47372078969122e-05	-0.22651454894831	0.016	0.025	1	QSOX2	c2
0.000560820318964189	-0.226008025893834	0.023	0.031	1	SERPINI1	c2
0.00262041661893983	-0.225723757839624	0.011	0.016	1	AP003392.6	c2
0.00841671346798485	-0.225503210852709	0.018	0.024	1	LINC01678	c2
0.516213454305457	0.225292708048182	0.062	0.066	1	RFLNB	c2
0.898421032495062	0.225002829603215	0.134	0.139	1	HSD17B8	c2
0.67852776065685	0.224969275202842	0.021	0.02	1	ZKSCAN3	c2
0.351796779366802	0.224854253172705	0.168	0.171	1	CYB5R1	c2
0.844381064621254	0.224757286990623	0.012	0.012	1	CATSPERG	c2
0.180461202023128	0.224711579087495	0.064	0.07	1	ANKMY1	c2
0.592866082546698	0.224700400230278	0.057	0.056	1	LRIG2	c2
0.205021688969046	0.224638119166197	0.046	0.05	1	KHK	c2
0.562141576696401	0.224236106993081	0.027	0.028	1	ZNF416	c2
0.0700952952336101	0.224217386665852	0.101	0.113	1	MAP7D3	c2
0.00934193603512985	0.223894565088956	0.046	0.056	1	WWOX	c2
0.337364866806774	0.223733035072943	0.077	0.082	1	SLC25A37	c2
0.10539563453757	0.223686150604294	0.086	0.081	1	COL18A1	c2
0.318874970687093	0.223626771499419	0.049	0.053	1	TDRKH	c2
0.000958846499393182	-0.223543346752957	0.009	0.014	1	AC090825.1	c2
0.000141303476507483	-0.222966275669637	0.014	0.021	1	TLE1	c2
0.000238047341808647	-0.22288229078655	0.035	0.046	1	LINC00239	c2
0.000320243523456427	-0.222745675841358	0.016	0.023	1	ZNF155	c2
0.256917962797776	0.222652051993717	0.025	0.028	1	AC005261.1	c2
0.71478698008084	0.222240252217385	0.054	0.056	1	ZNF66	c2
0.187676620703667	0.222165335236118	0.051	0.056	1	RAB34	c2
0.409589518551172	0.222164664227987	0.028	0.03	1	POLR3B	c2
0.000166488643423409	-0.222153514627179	0.019	0.028	1	NEU3	c2
0.595114101943747	0.222140726096258	0.048	0.05	1	DOCK9	c2
0.000327661687108864	-0.222091315060831	0.018	0.026	1	ADAMTS17	c2
0.776000714854326	0.222066800545018	0.017	0.017	1	AC239800.3	c2
0.810582373397615	0.221970514606972	0.011	0.011	1	UBR5-AS1	c2
0.105053404407789	0.221962724183839	0.204	0.205	1	CLK4	c2
0.000168021035977118	0.221743398194677	0.396	0.407	1	SMAP1	c2
0.934446486892249	0.221190322418203	0.14	0.146	1	TNRC6C	c2
0.491288812221866	0.221184215302452	0.037	0.036	1	SAP25	c2
0.350685766823884	0.221120042501103	0.051	0.055	1	ZNF526	c2
0.724871786462146	0.221063075211493	0.046	0.045	1	LYRM9	c2
0.276925961711739	0.220681694297062	0.035	0.038	1	HIST4H4	c2
0.0234029990006284	-0.220534959975751	0.008	0.012	1	THBS3	c2
0.926251692936431	0.220431992637363	0.172	0.181	1	RNF168	c2
0.000205281357081889	-0.220111654288895	0.011	0.018	1	NAGLU	c2
0.666509832873467	0.220029680767345	0.104	0.11	1	NBPF19	c2
0.6783674432969	0.219971013860168	0.084	0.088	1	ZNF841	c2
0.682366220470461	0.218658600445859	0.05	0.049	1	ZNF17	c2
0.133944836951865	0.218451584758229	0.131	0.127	1	SMIM3	c2
0.838487142917243	0.218242385926906	0.041	0.042	1	POLI	c2
0.000385426219998621	-0.218219805357784	0.018	0.026	1	AC009779.2	c2
0.826114812683705	0.218131823785997	0.157	0.163	1	GCLM	c2
0.514573134320452	0.218124048457344	0.028	0.029	1	FAM120C	c2
0.00012601072924292	-0.218071993431907	0.025	0.035	1	BCR	c2
9.06745899510662e-05	-0.217964372583741	0.025	0.035	1	AC021054.1	c2
0.664025780426859	0.217655019678678	0.035	0.034	1	ZNF419	c2
0.281388396397857	0.217650029600109	0.059	0.064	1	RPS6KC1	c2
0.485951586994388	0.217435171356942	0.155	0.157	1	KANSL1-AS1	c2
0.00668152094502042	-0.217341619801343	0.014	0.019	1	FAM135A	c2
0.00179849649316012	-0.217168124913375	0.009	0.015	1	PYROXD2	c2
0.303336860388339	0.217048040258626	0.036	0.04	1	MINCR	c2
0.266401981100174	0.2169133604517	0.056	0.061	1	RAB43	c2
0.0325043261675739	0.216819133174395	0.021	0.026	1	ZEB1-AS1	c2
0.107419412572527	0.216711163950341	0.019	0.023	1	PDP2	c2
0.770855693440782	0.21668443155657	0.23	0.244	1	NORAD	c2
0.760825521263446	0.216675859768886	0.06	0.062	1	ZMYM1	c2
0.00151399094142434	0.216614227598743	0.335	0.345	1	ESD	c2
0.504839005155158	0.216599532594088	0.031	0.033	1	C14orf28	c2
0.16711170237142	-0.21655420058765	0.064	0.069	1	TRAV8-6	c2
0.373367143770704	0.216461481946471	0.117	0.116	1	FAM210B	c2
0.000155465593351752	-0.216441973919277	0.01	0.016	1	PROK2	c2
0.032182895745375	0.216304440913887	0.199	0.196	1	SERINC5	c2
0.00154924416510617	-0.216167864918237	0.018	0.024	1	SYCP2	c2
0.000139806672025778	-0.216007818548466	0.028	0.038	1	MAP3K12	c2
0.276966651532901	0.215794245585981	0.322	0.344	1	RILPL2	c2
0.429641310714261	0.215373508294888	0.025	0.023	1	LTC4S	c2
0.882840545541376	0.215122006802962	0.013	0.013	1	LINC01679	c2
0.00107606208764041	-0.214472006840299	0.009	0.015	1	ZSCAN12	c2
0.738182540272508	0.214425477736657	0.165	0.172	1	SCOC	c2
0.808308909123948	0.214280613974677	0.037	0.037	1	SOCS5	c2
0.221362332538073	0.214127502909759	0.118	0.129	1	WDR75	c2
0.143890824591767	0.213800829830308	0.017	0.02	1	GPAM	c2
0.551963769555903	0.213590571975516	0.081	0.08	1	TMEM229B	c2
0.717398538798352	0.213489339793006	0.014	0.014	1	ZNF436	c2
0.000795197507774596	-0.21341475770325	0.011	0.017	1	AL080276.2	c2
0.382649090569964	0.213126175355631	0.096	0.103	1	BOD1	c2
0.0937070886120148	0.21306074568316	0.03	0.034	1	C1orf159	c2
0.860127424201244	0.212864196004938	0.039	0.04	1	GSAP	c2
0.00317566673542005	0.212345418790064	0.215	0.207	1	F2R	c2
0.377100796137171	0.211980991746542	0.039	0.042	1	ZNF773	c2
0.00727487888734421	-0.211641853518189	0.011	0.016	1	AC092329.1	c2
0.00952303643555196	0.211510335185491	0.068	0.079	1	LIMK2	c2
0.36787676613638	0.211463360699374	0.079	0.084	1	RPTOR	c2
0.36262949320696	0.211414875163008	0.025	0.027	1	QPCT	c2
0.480196398721527	0.211090054840914	0.024	0.025	1	SV2A	c2
0.226289553039849	0.211084741693813	0.1	0.108	1	LRRC14	c2
0.840560433321822	0.210922286661872	0.011	0.011	1	PEX12	c2
0.000637553970601249	-0.210508920936451	0.025	0.034	1	SMURF1	c2
0.000240969369590119	-0.210128239599046	0.012	0.019	1	HARBI1	c2
0.100714159113658	0.209940937445911	0.086	0.081	1	TP53I11	c2
9.67951791040503e-05	-0.20980214398756	0.026	0.036	1	SELENON	c2
0.0549652373646387	0.209696659776464	0.022	0.026	1	ARHGAP33	c2
0.149669326450379	-0.209141722934544	0.01	0.012	1	RNF144B	c2
0.12703218821836	0.208682797543673	0.011	0.013	1	MMACHC	c2
0.395545799055852	0.208282278003321	0.011	0.012	1	TMEM86B	c2
0.78615694506623	0.208217785858889	0.091	0.094	1	PCNX2	c2
0.393085400316235	0.208159978833431	0.029	0.031	1	LINC02325	c2
0.00216979165869928	-0.208004100135394	0.012	0.017	1	ENTPD7	c2
0.112773913386959	0.207829246710963	0.04	0.045	1	CBY1	c2
0.353153387210742	0.207823981231919	0.069	0.073	1	AASDH	c2
0.20744188485018	0.207623035979708	0.073	0.07	1	TRAV13-2	c2
0.0734207917988286	0.207460254561041	0.072	0.08	1	NARS2	c2
0.241001500121176	0.207319203195346	0.025	0.027	1	NPIPA1	c2
0.00071042304556197	-0.207249008634514	0.013	0.019	1	ADCK1	c2
0.661066165856339	0.207213046131067	0.1	0.106	1	TMEM185B	c2
0.000772104460414512	-0.206921276849927	0.017	0.024	1	ZNF319	c2
0.555079616072953	0.20644076613704	0.093	0.098	1	COQ10A	c2
0.00104542257878553	-0.206184657018087	0.01	0.016	1	MBLAC1	c2
0.039935630073024	0.206101904841106	0.084	0.096	1	RBFA	c2
0.148397013045095	0.206032087336637	0.033	0.037	1	SSH3	c2
0.117109818028088	-0.205842849839134	0.073	0.068	1	TRBV5-1	c2
0.975518028044173	0.205824440205457	0.023	0.024	1	ZNF554	c2
0.166668579201119	0.205664162928076	0.151	0.167	1	MED31	c2
0.350584436012296	0.205546612389908	0.033	0.035	1	LFNG	c2
0.172312022641792	0.205196852984363	0.257	0.266	1	MALT1	c2
0.00727370457758642	-0.204686624737288	0.009	0.014	1	CAPN10-DT	c2
0.212773698842065	0.204556228115169	0.053	0.05	1	TRAV8-3	c2
0.0388069855726527	0.204322730044382	0.029	0.035	1	PTCD1	c2
0.000351244202375915	-0.204093906755081	0.018	0.026	1	FUT10	c2
0.144356796383358	0.203538121179637	0.149	0.147	1	SERPINB6	c2
0.907369237371495	0.203129120778262	0.088	0.09	1	HGSNAT	c2
0.350403629914912	0.202983565302106	0.044	0.047	1	AL136454.1	c2
0.180257244775893	0.202803008802165	0.038	0.042	1	MKS1	c2
0.849453568743988	0.202625522260492	0.039	0.04	1	ZNF550	c2
0.0105508921927037	-0.20261375122274	0.013	0.018	1	RWDD2A	c2
0.150760454677368	0.202304940009936	0.01	0.012	1	B4GALNT3	c2
0.570753958146755	0.201969494814888	0.173	0.178	1	GIMAP8	c2
0.0603217347994504	0.201901705772391	0.085	0.096	1	PHYH	c2
0.499527637611497	0.201756134938881	0.1	0.106	1	ANKRD36C	c2
0.00648271589299205	-0.201753569355891	0.012	0.016	1	ZNF225	c2
0.0509472829364386	0.201438141993062	0.03	0.035	1	HYLS1	c2
0.776747983878499	0.201415358501204	0.022	0.023	1	AC008035.1	c2
0.886287906956036	0.201303745079635	0.01	0.01	1	UFSP1	c2
0.940281903197854	0.200817260715881	0.128	0.132	1	DUSP16	c2
0.678442512956829	0.200710956672514	0.04	0.042	1	ZNF333	c2
0.619764534355918	0.200327168200472	0.01	0.011	1	AL132780.1	c2
0.0524149968386823	0.199695975684103	0.053	0.061	1	ELL2	c2
0.328215023023091	0.199662845347733	0.098	0.105	1	SEC22A	c2
0.500567943170394	0.199640116158902	0.013	0.014	1	PTGR2	c2
0.0411003542513707	-0.199498778099854	0.009	0.012	1	AL118558.3	c2
0.674903148995548	0.199496779483439	0.04	0.039	1	CYTH3	c2
0.18100867881224	0.199341235814537	0.058	0.064	1	C2CD2L	c2
0.00325533794850889	-0.199305298755804	0.007	0.012	1	AC024592.3	c2
0.180165222372933	0.199250040739203	0.087	0.095	1	INTS5	c2
4.73801895886291e-05	0.199175975902478	0.414	0.421	1	GIMAP2	c2
0.00700229440606724	-0.199039323582446	0.008	0.012	1	AL117379.1	c2
0.427922476372367	0.199019791923536	0.076	0.081	1	SMAD5	c2
0.263677262866101	0.19901049612472	0.026	0.029	1	GTF2IRD2	c2
0.37068068797447	0.198332700408725	0.02	0.022	1	CCNI2	c2
0.00517028363726889	-0.198256635207104	0.009	0.014	1	RNFT1-DT	c2
0.00350171515855808	0.198133634123652	0.052	0.063	1	INF2	c2
0.000387360841914723	0.197829655712474	0.302	0.299	1	GOLGA8B	c2
0.0527124399705529	0.19777849301588	0.2	0.225	1	SKIL	c2
0.52071116433332	0.19763709659204	0.022	0.023	1	ZBTB9	c2
0.473752817165235	0.197307774718682	0.026	0.028	1	CCDC173	c2
0.700257664852005	0.197192398282079	0.16	0.17	1	CENPT	c2
0.45267857879042	0.197184571995781	0.081	0.086	1	ZNF44	c2
0.85406428871611	0.197164533592904	0.039	0.04	1	ZNF583	c2
0.439551855791679	0.197032204510061	0.041	0.044	1	TCEAL1	c2
0.77459767796462	0.196597300248758	0.181	0.193	1	ELL	c2
0.0703631464771564	0.196334053181405	0.145	0.163	1	ALG2	c2
0.655226318441724	0.196326776286805	0.114	0.121	1	AMPD2	c2
0.376665316610504	-0.196312811980134	0.022	0.024	1	TRBV7-3	c2
0.0974566747664562	0.196300033768762	0.241	0.245	1	TNFSF12	c2
3.64944104867277e-05	-0.196184036617511	0.026	0.037	1	SPOPL	c2
0.452701886590867	0.195957959921309	0.063	0.067	1	ACADSB	c2
0.000102450403320362	-0.195742537052839	0.03	0.04	1	ZNF234	c2
0.0396432362258217	0.195687922336268	0.139	0.158	1	PPP1R15B	c2
0.942445889846585	0.195265266170166	0.037	0.038	1	OSER1-DT	c2
0.000521031400704364	-0.195150541680336	0.017	0.024	1	ZNF674-AS1	c2
0.205559518058332	0.195049814295204	0.249	0.258	1	TP53I13	c2
0.00156931024662685	-0.194564605790267	0.694	0.73	1	H2AFZ	c2
0.812796872242719	0.194549778863784	0.124	0.13	1	CYHR1	c2
0.297701845836556	0.194343502351903	0.062	0.067	1	PINK1	c2
0.31895723580171	0.193848762096449	0.127	0.137	1	CIDEB	c2
0.0580967723904029	0.193773271029789	0.103	0.116	1	DPH1	c2
0.230882123673934	0.1937491242186	0.251	0.26	1	CDK6	c2
0.337150758698418	0.193366738170348	0.042	0.045	1	SLC9A6	c2
0.601764232819892	0.193267174875928	0.013	0.014	1	AC005520.2	c2
0.156539582619735	0.192853108334518	0.015	0.017	1	ZNF547	c2
0.062211233148011	0.192733113149535	0.082	0.092	1	MTERF3	c2
0.000128984915578451	-0.192716317853565	0.542	0.605	1	PSAP	c2
0.00049177045892172	-0.192166733272205	0.011	0.017	1	AC242426.2	c2
0.27875869358046	0.192071140571449	0.037	0.04	1	NUBPL	c2
0.00641908203256315	-0.191980398000791	0.006	0.01	1	LRRC29	c2
0.280134692810087	0.191950216880002	0.036	0.04	1	TUT1	c2
0.250372258089935	0.19190901473182	0.024	0.027	1	RRAS	c2
0.812758076181579	0.191823898864178	0.164	0.174	1	VGLL4	c2
0.410294769848783	0.191645196885015	0.023	0.025	1	AP002490.1	c2
0.00256838079968602	-0.191376024493241	0.007	0.011	1	AC007541.1	c2
0.0154626443776115	-0.191356761799055	0.007	0.01	1	C17orf97	c2
3.98039557533564e-05	-0.191257809523024	0.026	0.037	1	PIGA	c2
0.143227124292792	0.191095409976615	0.048	0.053	1	LIPE	c2
0.000180692914190688	-0.191089040847642	0.011	0.018	1	AL121832.2	c2
0.170937984365626	0.191078773203339	0.008	0.01	1	AL035071.1	c2
0.00361827288383657	-0.190668181876279	0.012	0.017	1	CCDC120	c2
0.153012975303684	0.190462966131982	0.087	0.095	1	FUBP3	c2
0.0044694818302056	-0.190376033003376	0.008	0.013	1	SULT1A3	c2
0.388443175588629	0.190284942429396	0.026	0.028	1	ZNF202	c2
0.00257417524875597	0.190131532312563	0.363	0.374	1	JMJD1C	c2
0.129919318716456	0.189723116543523	0.081	0.089	1	MYBBP1A	c2
0.193848723413064	0.189708542050117	0.149	0.163	1	WASHC4	c2
3.80076556137218e-05	-0.189383797052604	0.023	0.033	1	MOCS3	c2
3.8781628256077e-05	-0.189363404151097	0.024	0.034	1	FBXW8	c2
8.8784717368631e-05	0.189174843734965	0.376	0.379	1	TMEM109	c2
0.392550583020634	0.189165908621312	0.016	0.018	1	ZNF837	c2
0.588788208397481	0.189120307333335	0.087	0.092	1	PRKD3	c2
0.23270100557232	0.189017996638015	0.028	0.031	1	ZNF446	c2
0.0911719959150437	0.188923035767437	0.016	0.019	1	B3GNT9	c2
0.0373941466765778	0.1888018044166	0.071	0.081	1	ITPR3	c2
0.453570909967852	0.18841744499659	0.26	0.274	1	TBC1D10A	c2
0.137132162806387	0.187713081392932	0.013	0.015	1	KIF3C	c2
0.292200294477752	0.187555783787022	0.012	0.013	1	MEST	c2
0.103296338517515	0.187376650954791	0.109	0.12	1	C11orf1	c2
0.583671510220598	0.187210874411169	0.254	0.268	1	PCF11	c2
0.10719311871181	0.187184604518996	0.145	0.161	1	HSD17B12	c2
0.00855198201987204	-0.187009937045998	0.022	0.029	1	CXCL16	c2
0.345004156668299	-0.186962840361908	0.041	0.039	1	TRBV6-1	c2
0.000597679341471903	0.186889729250778	0.357	0.36	1	STN1	c2
0.0765921367486603	0.1866760178166	0.111	0.124	1	TICAM1	c2
0.847146074054527	0.186668575784553	0.199	0.212	1	CYTH2	c2
0.160574731363424	0.186646521156828	0.113	0.124	1	ZNF652	c2
0.00631575455650538	0.186576310092601	0.037	0.03	1	TRAV41	c2
0.47892039705893	0.186342600424462	0.017	0.018	1	LENG8-AS1	c2
0.126210901207728	0.186286816353058	0.054	0.06	1	POFUT2	c2
0.973512896110577	0.186283400371709	0.173	0.181	1	SMYD2	c2
0.00936229850587158	-0.18618017411512	0.015	0.02	1	RASL11A	c2
0.270078869206116	0.186071869227207	0.087	0.094	1	TUBE1	c2
0.0547692359939683	0.186034405791749	0.037	0.043	1	HSPA14	c2
0.00569136016214427	-0.186034127475298	0.015	0.02	1	ABHD14A	c2
0.00748456596387016	-0.185874217188434	0.015	0.02	1	HSPA1L	c2
0.108718773207572	0.185832989556562	0.055	0.062	1	DOPEY1	c2
0.572920306430522	0.185585974367157	0.171	0.184	1	ERAP1	c2
0.269907165789494	0.185419301468904	0.312	0.334	1	SEC61A1	c2
0.00850336318985678	-0.185259181711981	0.01	0.015	1	AP003716.1	c2
0.404758505940946	0.185047205653452	0.073	0.078	1	KCTD7	c2
0.0021591107625252	-0.184867887926731	0.012	0.018	1	CMC4	c2
0.160050380567011	0.18479656277874	0.041	0.045	1	C17orf67	c2
0.190712708506177	0.184741582157181	0.039	0.043	1	MKL2	c2
7.24350915388099e-05	0.18473490271275	0.428	0.442	1	MYDGF	c2
0.00219386358198773	-0.184704574065891	0.017	0.024	1	BBS12	c2
0.00775929588465181	-0.184556434359038	0.017	0.022	1	MAGEE1	c2
0.0137501696274553	-0.184399581982428	0.013	0.017	1	NCKAP5L	c2
0.306718293066572	0.184045164015715	0.071	0.076	1	URGCP	c2
0.0574925764257179	0.183959894952837	0.084	0.095	1	CCDC127	c2
0.132079831870945	0.183778944340827	0.069	0.076	1	AL157402.2	c2
0.00408346062697499	0.183629777623312	0.419	0.43	1	IVNS1ABP	c2
0.206429597880704	0.183628587224964	0.023	0.026	1	VPS37C	c2
0.0158678152599952	0.183088887034391	0.048	0.056	1	AL135925.1	c2
0.202863754344416	0.182829869224896	0.022	0.025	1	SLC25A23	c2
0.717243349441647	0.182750771895657	0.212	0.227	1	SNHG9	c2
0.026914340034083	0.182720680392928	0.041	0.048	1	ZNF296	c2
0.934000776733519	0.18257821360958	0.013	0.013	1	CES4A	c2
0.0153356437473011	0.182412702331763	0.056	0.065	1	KDELC2	c2
0.0857390029638604	0.182331144635985	0.015	0.018	1	ZNF658	c2
0.879218171569049	0.182289034171723	0.027	0.027	1	AL022157.1	c2
0.000832098351238136	-0.182131142823499	0.015	0.022	1	SPATA24	c2
7.60427413445417e-05	-0.181964358186793	0.042	0.055	1	MARCH8	c2
0.200295312574355	0.181789042048984	0.13	0.142	1	FUOM	c2
0.817423656974399	0.181749339392503	0.035	0.035	1	FLNB	c2
0.002185887362707	0.181741974821775	0.192	0.18	1	PPP2R2B	c2
0.00632399236032502	0.181708959865545	0.073	0.086	1	ATP23	c2
0.000712072485522474	-0.181702731663919	0.017	0.025	1	ZNF74	c2
0.0278579456262968	0.181701576555397	0.043	0.05	1	C15orf41	c2
0.10236555700999	0.181597047918815	0.208	0.208	1	RETREG1	c2
0.700168211713535	0.181589699935721	0.019	0.02	1	CACNA1C-AS1	c2
0.0328519185287075	0.18157511973866	0.086	0.098	1	STK19	c2
0.867756496749926	0.181293951399651	0.078	0.08	1	ZNF808	c2
0.0403841484170423	0.181021958306554	0.026	0.032	1	MIR22HG	c2
0.382725573857904	0.181005605888547	0.02	0.022	1	SDR42E1	c2
0.000240108307281352	-0.180829533107039	0.022	0.031	1	B4GAT1	c2
0.26738330371346	0.180823341196241	0.113	0.122	1	EDEM1	c2
0.408016195290526	0.180680044485243	0.186	0.19	1	CLSTN3	c2
0.474022300087757	-0.180611864725917	0.744	0.717	1	SPOCK2	c2
0.875422993430635	0.180513584463707	0.205	0.216	1	KDM4C	c2
0.11915577863999	0.180433113279272	0.059	0.065	1	PTBP2	c2
0.188299553679715	0.180329269759149	0.166	0.164	1	TNFSF8	c2
0.0900153952543748	0.180302590433873	0.129	0.143	1	CDK5RAP1	c2
0.575804646552719	0.18020514695749	0.037	0.038	1	AC114490.2	c2
0.167378212402588	0.180127163926464	0.066	0.073	1	UBE2D4	c2
4.8924161276618e-05	-0.179869066812934	0.008	0.014	1	LRTOMT	c2
0.0893505226982102	0.179432414431015	0.054	0.06	1	HOMEZ	c2
0.0414954171733234	0.179355709198856	0.121	0.137	1	HSPA13	c2
3.2443358411639e-05	-0.179303011521379	0.024	0.034	1	GAN	c2
0.672909535940247	0.179293026533708	0.179	0.191	1	FAM98C	c2
0.0693648637647542	0.179254953216627	0.072	0.081	1	TMCO6	c2
0.0414087665510673	0.179143655507347	0.09	0.101	1	MAP3K13	c2
0.133018964219352	0.179078075600425	0.052	0.058	1	CLN8	c2
0.000529491929207084	-0.179067184442781	0.014	0.021	1	AC090061.1	c2
0.0238000993770217	0.17873189861576	0.185	0.181	1	NFATC1	c2
0.856207521856799	0.178716316483776	0.103	0.107	1	DYRK2	c2
0.52693274699536	0.177726180916006	0.016	0.017	1	AC138969.1	c2
0.000474859683696255	-0.177457796023392	0.01	0.016	1	HIRA	c2
0.552830261998993	0.177257281262293	0.06	0.063	1	ZNF623	c2
0.358885049077235	0.177223166462497	0.097	0.104	1	SUMF1	c2
0.356973984539862	0.177210625884709	0.016	0.018	1	ELMO3	c2
0.169399162858817	0.177019680969073	0.033	0.037	1	C20orf194	c2
0.228658981372452	0.176981727539455	0.081	0.088	1	MAN2C1	c2
0.0629397100301881	0.176685542633593	0.111	0.124	1	HSD17B4	c2
0.0865704215537145	0.176633764798861	0.067	0.075	1	AMFR	c2
0.00135777417966277	-0.176312170345753	0.007	0.012	1	ZC3HAV1L	c2
0.147568321293641	0.176195433951222	0.043	0.048	1	ERLIN2	c2
0.066395141285282	0.176111120598279	0.086	0.096	1	NHEJ1	c2
0.0324418316992057	0.175903577302776	0.116	0.131	1	IL15RA	c2
0.362421031951033	0.1758786150942	0.11	0.118	1	METTL16	c2
0.800104425912377	0.175662453399993	0.251	0.271	1	ELF2	c2
0.000419306177866374	-0.175379511919312	0.013	0.019	1	FOXO4	c2
0.870558986463525	0.175268325595118	0.112	0.116	1	MVB12B	c2
0.903970438611265	0.175222214185366	0.028	0.028	1	TMEM191B	c2
0.189425200910047	0.175216126816544	0.03	0.034	1	ZNF510	c2
0.393922668130315	0.175212972041072	0.021	0.023	1	CPEB3	c2
0.206658649945138	0.174489383232536	0.028	0.031	1	ZNF543	c2
0.813163819957073	0.174397824600154	0.101	0.102	1	ANO9	c2
0.269181515269948	0.174244006872308	0.033	0.037	1	TMEM164	c2
0.674868758588039	0.17417180914427	0.048	0.05	1	SERPINH1	c2
0.150997880996329	0.174020399465775	0.055	0.061	1	PLBD2	c2
0.60617568809029	0.173923793451518	0.252	0.266	1	USP36	c2
0.102711486764712	0.173892987602406	0.009	0.012	1	SMN2	c2
0.179305807024862	0.17385273538335	0.021	0.024	1	PFKM	c2
0.0605604284035326	0.173689755100095	0.054	0.061	1	LINC002481	c2
0.740345126934094	0.173589807694131	0.258	0.28	1	ALG13	c2
0.181603185200242	0.173579492054323	0.052	0.057	1	OPN3	c2
0.442558899000683	0.173297079087543	0.01	0.011	1	LINC02265	c2
0.0105443349619878	-0.173220359042273	0.008	0.012	1	AL356481.1	c2
0.0457052348992596	0.173145514388775	0.084	0.095	1	MAFF	c2
0.753921878229378	0.172884107871843	0.029	0.03	1	TMEM150A	c2
0.349891148469797	0.172595472110715	0.243	0.265	1	PLIN2	c2
0.221035070829372	0.172500101288884	0.03	0.027	1	FXYD1	c2
0.206619261676359	-0.172480593961536	0.009	0.01	1	GRASP	c2
0.0280628716765389	0.172469493259146	0.046	0.053	1	ERMP1	c2
0.071368890343015	0.172364565913662	0.104	0.117	1	RPF2	c2
0.64587104299076	0.172357687448647	0.026	0.027	1	AL627171.1	c2
0.026710894974354	-0.17220776959278	0.008	0.011	1	AL139011.1	c2
0.0251601470066055	-0.172103169808008	0.009	0.013	1	LMLN	c2
0.00769483185743499	-0.17177989798611	0.083	0.094	1	LPAR6	c2
0.773506056494809	0.171717090382438	0.204	0.218	1	ABHD13	c2
0.245563792733133	0.171687631115777	0.01	0.012	1	AC005037.1	c2
0.0712318778057881	-0.171382625105102	0.007	0.01	1	AC087500.1	c2
0.652818136828655	0.171370991244549	0.106	0.111	1	AC100810.1	c2
0.025885355828061	0.171171575145269	0.111	0.126	1	MFSD14C	c2
0.445456616879671	0.171081281329551	0.027	0.029	1	CKMT2-AS1	c2
0.00513755286374531	-0.171076812268231	0.01	0.014	1	FAM215B	c2
0.0232519557330531	-0.170496173419768	0.009	0.013	1	DISP1	c2
0.46058083629931	0.170250689429872	0.035	0.037	1	TLR1	c2
0.122098431998398	0.170029911017346	0.014	0.017	1	HIST2H2BE	c2
0.698814263751635	0.170017420940395	0.034	0.035	1	EPN2	c2
0.00052110261987907	-0.169750589169684	0.016	0.023	1	ZNF724	c2
0.786665731111839	0.169575514610901	0.014	0.014	1	AC136475.2	c2
0.039122089378937	0.169440259662087	0.06	0.068	1	KAT2A	c2
0.383164850446313	0.169345646894608	0.213	0.232	1	SEC63	c2
0.0865550302827811	0.169152581215981	0.133	0.147	1	EEA1	c2
0.0502763588243792	0.168985431931179	0.113	0.127	1	LNPK	c2
0.000295229310840765	-0.168869584716973	0.031	0.041	1	ZNF248	c2
0.178032930453011	0.168812412699692	0.106	0.116	1	TMEM129	c2
0.525184714113061	0.168616940557653	0.104	0.111	1	TASP1	c2
0.332603637030504	0.16860258285104	0.024	0.026	1	ZNF624	c2
0.762376263575088	0.168336288499864	0.063	0.063	1	GIGYF1	c2
0.453645570011435	0.168169704797409	0.149	0.16	1	GFPT1	c2
0.557034885705599	0.16797215379945	0.009	0.01	1	DNHD1	c2
0.111441196746281	0.167861681553228	0.153	0.17	1	TOB2	c2
0.509108547716943	0.167817402081604	0.12	0.127	1	ZNF880	c2
0.677264600779567	0.167796455574997	0.018	0.019	1	AC136475.1	c2
0.26500629729227	0.16764379317469	0.013	0.015	1	FSD1L	c2
0.89272739557171	0.167310777573548	0.195	0.207	1	UXS1	c2
0.000377774712890873	-0.167302581651996	0.022	0.031	1	FPGT	c2
0.00148605202452929	-0.167073378639835	0.011	0.016	1	BMP2K	c2
0.392028257157345	0.16696450022777	0.009	0.011	1	TMEM147-AS1	c2
0.000442119177556824	-0.166902732939486	0.014	0.021	1	TMEM268	c2
0.00685652582036056	0.166869677743508	0.435	0.45	1	EVI2A	c2
0.000283787552224526	-0.16682508993018	0.052	0.065	1	NR1D1	c2
0.000379068490336231	-0.166776245842133	0.025	0.034	1	ACAD10	c2
0.0855053790715597	0.166709521646506	0.059	0.066	1	NFYA	c2
0.624436350979271	0.166435215830515	0.115	0.116	1	IRF2BPL	c2
0.0248349382436496	0.166320878579736	0.031	0.037	1	AP001816.1	c2
0.194892231050489	0.166245827360015	0.058	0.064	1	DBR1	c2
0.666037000036161	0.166157535572186	0.124	0.129	1	PREPL	c2
0.457278405090944	0.166049943561563	0.187	0.191	1	RPS6KA5	c2
0.217120864614691	0.165962630111537	0.047	0.052	1	ICK	c2
0.00716687768286025	-0.165905037803699	0.012	0.016	1	AC073254.1	c2
0.0254288779797929	0.165896388098117	0.376	0.397	1	ARL2BP	c2
0.000349722400622647	-0.165712157718843	0.016	0.023	1	LINC00342	c2
0.119884065534036	0.165646637568861	0.028	0.032	1	TOR4A	c2
0.0782101366565346	0.165480177582131	0.434	0.467	1	ARF4	c2
0.0391296501555471	0.165238629692543	0.107	0.121	1	USPL1	c2
0.000109859152062141	-0.165234447926029	0.03	0.041	1	ZNF230	c2
0.211043436487801	0.164652511215905	0.035	0.039	1	CLCC1	c2
0.124085641991199	0.164301142217492	0.104	0.114	1	TCEA2	c2
0.774342857985431	0.164275242396226	0.015	0.016	1	JMJD7-PLA2G4B	c2
0.0722162384248281	0.164196250917295	0.105	0.117	1	CUX1	c2
0.0150505195558585	0.163982301425986	0.091	0.104	1	SMIM30	c2
0.0464677562461139	-0.163821673302408	0.014	0.017	1	AP002884.1	c2
0.03596820506524	0.163639369003708	0.068	0.077	1	TTC27	c2
0.0630573667063046	0.163575748804803	0.185	0.207	1	SLC1A5	c2
0.116849489805608	0.163562936536152	0.47	0.497	1	AC016831.7	c2
0.590053187348404	0.163448177118364	0.048	0.05	1	RAB3A	c2
0.0855639583615139	0.163367477961327	0.03	0.034	1	PLPP6	c2
0.0162652378522752	0.163298427606	0.142	0.162	1	INTS6	c2
0.150983851062997	0.163067863920274	0.021	0.024	1	PER2	c2
0.631859047907208	0.162970222065764	0.055	0.057	1	TOP1MT	c2
0.00238852058156161	-0.162947447355132	0.009	0.014	1	AC114271.1	c2
0.332331089042883	0.162922730933848	0.065	0.07	1	ZNF641	c2
9.45914408921891e-05	-0.162895429646563	0.03	0.041	1	OSGIN2	c2
0.0443433948653973	0.162806764653342	0.06	0.069	1	FAM76A	c2
0.330386083457354	0.162678073298164	0.147	0.147	1	AUTS2	c2
0.261285912910623	0.162481873500281	0.013	0.015	1	ZDHHC9	c2
0.0153548182118471	0.162469618000924	0.075	0.086	1	CARMIL2	c2
0.122463535368619	0.162459955187003	0.165	0.183	1	ORAI2	c2
0.782111056527578	-0.162450456331928	0.372	0.371	1	ITGA1	c2
0.108358363671629	0.162429616257687	0.012	0.015	1	CCNJ	c2
0.06014313634076	0.162178549854821	0.1	0.111	1	DTWD1	c2
0.0178180348535297	0.162000246268776	0.02	0.025	1	AP1S3	c2
0.205067608448728	0.161973682429216	0.062	0.068	1	GALNT10	c2
0.577960693336976	-0.161824687690189	0.013	0.014	1	IFIT1	c2
0.233424954150842	0.161417786110887	0.03	0.033	1	FAM20B	c2
0.17757037243305	0.161274000871545	0.165	0.181	1	REPS1	c2
0.000326594591753678	-0.161182956665289	0.02	0.028	1	HYAL2	c2
0.0254869094079448	-0.160979457507254	0.01	0.014	1	AC092279.1	c2
0.05587520401539	0.160774855826427	0.01	0.013	1	C5orf34	c2
0.0252353130924849	0.160656744215997	0.067	0.077	1	PIGL	c2
0.470362632556498	0.160643476844991	0.034	0.036	1	C12orf66	c2
0.000775268815174279	-0.160572497888706	0.01	0.016	1	RCAN1	c2
0.561857873844165	0.160561863198649	0.205	0.22	1	LINC00667	c2
0.422708243363902	0.160371945283392	0.086	0.092	1	BMI1	c2
0.0141919020927862	0.160031898932406	0.014	0.019	1	HIST2H2BF	c2
0.041372167811685	0.159941713784458	0.049	0.057	1	TMEM8A	c2
0.901526552207433	-0.159845254992578	0.041	0.041	1	CTSL	c2
0.00010294267265113	0.159814869139576	0.409	0.412	1	GLIPR2	c2
0.19177893713033	0.159732417564402	0.073	0.079	1	TRIM65	c2
0.0927023493596358	0.159628847261768	0.13	0.144	1	GAB3	c2
0.12346358282994	0.159624245625296	0.05	0.056	1	ZNF26	c2
0.0730214142371558	0.159594361910362	0.083	0.092	1	WDR89	c2
0.00485104501682634	0.159122685073951	0.033	0.041	1	SGCB	c2
0.00371039495176283	-0.159013420090945	0.017	0.023	1	AC135457.1	c2
0.410842038161363	0.158770870911206	0.013	0.015	1	ZNF283	c2
0.00494436991470557	0.158609689258511	0.081	0.095	1	TRIM5	c2
0.0761695275092572	0.158347973734404	0.335	0.348	1	FAM102A	c2
0.652894736068157	-0.158108440108789	0.009	0.01	1	PDGFB	c2
0.001621237543241	-0.15801056200165	0.019	0.026	1	ZNF440	c2
0.103025013919859	0.15785399496213	0.022	0.026	1	ZSWIM3	c2
0.504946006525737	0.157578512759597	0.111	0.118	1	CERS4	c2
0.015187942396028	0.15747880912548	0.082	0.095	1	TAF9B	c2
0.951605697729889	0.157262543451928	0.289	0.314	1	UBQLN1	c2
0.837598059203175	0.157019660922841	0.252	0.274	1	RTN3	c2
0.2070830615224	0.156984305139569	0.015	0.018	1	BMP1	c2
0.125091194771367	0.1566814858464	0.021	0.024	1	AC139887.2	c2
0.0560908863077539	0.156659261195492	0.127	0.141	1	PITPNA-AS1	c2
0.00585478859365431	0.156619173574375	0.186	0.214	1	IFRD1	c2
0.241356015834236	0.156320105653806	0.029	0.032	1	AC021188.1	c2
0.330228035478635	0.156138297400052	0.119	0.128	1	NAA16	c2
0.000538465285128172	0.155918464131798	0.454	0.471	1	ZC3HAV1	c2
0.370536659399878	0.155723439995242	0.015	0.017	1	PPP1R13B	c2
0.0158960486875486	0.155087326815842	0.019	0.024	1	PFAS	c2
0.000351726815503881	-0.154767092328238	0.017	0.025	1	PHF7	c2
0.000261726095627083	-0.154147901262373	0.019	0.027	1	SHLD3	c2
0.111822458257804	0.154035939143325	0.174	0.194	1	PRKRA	c2
0.0686596148993041	0.15401880641342	0.024	0.029	1	ZNF761	c2
0.211702424077489	0.153984310353825	0.081	0.088	1	VILL	c2
0.00498614289653268	0.153836611914092	0.053	0.064	1	SLC36A4	c2
0.0139271611832362	0.153700922263633	0.043	0.051	1	ARMC5	c2
0.00641606627761005	0.15358705176003	0.05	0.06	1	UTP20	c2
0.155869212202217	0.153483455498651	0.215	0.24	1	SAR1A	c2
0.841286013167597	0.153430422690912	0.178	0.187	1	CBFA2T2	c2
0.144209029502845	0.153331159429336	0.017	0.02	1	DMTN	c2
0.70454970362296	0.153056544509577	0.02	0.021	1	ZNF813	c2
0.156650062910932	0.152988222421888	0.093	0.102	1	MDN1	c2
0.403462331281739	0.152883715320883	0.056	0.06	1	UVSSA	c2
0.000508813134919625	-0.152847220984004	0.008	0.014	1	PPP2R3B	c2
0.0553018345675883	0.152475335670861	0.043	0.049	1	ZNF628	c2
0.00262674095626355	-0.152473847714587	0.042	0.051	1	TPRG1	c2
0.00106813422871162	-0.152419693706427	0.022	0.029	1	ZNF182	c2
0.0710090469438298	0.152044453157419	0.036	0.041	1	ZNF189	c2
0.00143315159458971	0.151968382189257	0.116	0.137	1	ANXA4	c2
0.156908629902745	0.15188773787885	0.3	0.313	1	PABPC4	c2
0.189126357986241	0.151721494078674	0.066	0.072	1	ZNF324	c2
0.0473193533179239	-0.151336149324315	0.018	0.022	1	CD40	c2
0.00609022740646983	0.151087283596539	0.03	0.038	1	SEPT8	c2
0.41816363602058	0.151009023562937	0.013	0.015	1	DVL1	c2
0.0397491744864491	0.150791946022119	0.008	0.011	1	AC116366.2	c2
0.106111312578443	0.150719908984192	0.016	0.02	1	FUT4	c2
4.62664679236044e-05	-0.150543030349084	0.015	0.023	1	FANCC	c2
0.388151917507643	0.150413342047145	0.108	0.115	1	RGL2	c2
0.0149563245192844	-0.150319137297122	0.021	0.027	1	CR381653.1	c2
0.387337760531461	0.150148605708199	0.015	0.017	1	ZNF829	c2
0.606353153695738	0.150029630091373	0.077	0.081	1	ZNF397	c2
0.031186462670574	0.149940411893483	0.012	0.016	1	CCDC106	c2
0.0173736329425445	0.149928787511279	0.062	0.072	1	TMEM184B	c2
0.00323201971947496	-0.149921606347935	0.471	0.507	1	CORO1B	c2
0.004094503212405	0.14986493575912	0.044	0.054	1	ATL2	c2
3.66645339695493e-05	-0.149718544454623	0.048	0.063	1	ZNF429	c2
0.801510559409083	0.149652778225523	0.199	0.206	1	KDSR	c2
0.000251179992643292	-0.149321038019723	0.032	0.043	1	FAM193B	c2
0.0085355511806267	-0.149276255868349	0.371	0.392	1	RHOC	c2
0.00184564510970487	-0.149270980685332	0.38	0.409	1	JAML	c2
0.00339686209592237	-0.149236981857089	0.029	0.037	1	PMEPA1	c2
0.182593546000956	0.149228532404416	0.02	0.023	1	SUCLG2-AS1	c2
0.204362863551941	0.14893440808523	0.095	0.103	1	C3orf58	c2
0.28981138159677	0.148820394616472	0.026	0.028	1	REEP6	c2
0.0569303456497218	0.14876797287574	0.164	0.183	1	DDIT3	c2
0.124914844135946	0.148644816378602	0.029	0.033	1	ZKSCAN4	c2
0.629320134623542	0.148610132411365	0.124	0.131	1	APLP2	c2
0.0147192858116756	-0.148408732385749	0.008	0.012	1	L3MBTL1	c2
0.000477532461338308	-0.1482921564341	0.029	0.039	1	ZNF552	c2
0.0126468122282544	0.148254126656426	0.156	0.178	1	POLR1E	c2
0.474852742741044	0.148117351081136	0.01	0.011	1	C17orf100	c2
0.0660176689885967	0.147958669287962	0.1	0.111	1	ABHD10	c2
0.0393187248521248	0.147685561017829	0.014	0.018	1	NOCT	c2
0.0424117240764267	0.147644085391379	0.101	0.114	1	SOS1	c2
0.0046142532630148	-0.147519354262367	0.516	0.557	1	DUT	c2
0.145851438446021	0.147485317397652	0.06	0.066	1	FOXJ2	c2
0.000358313821731422	0.147438630384155	0.498	0.517	1	TAF7	c2
0.0499812486350315	0.147365239863755	0.112	0.126	1	OXR1	c2
0.0581268702303755	0.147258496237424	0.058	0.065	1	KIAA1328	c2
0.000742056155332224	-0.14708388707956	0.013	0.019	1	FAM161A	c2
0.00309125092728889	-0.146981428978006	0.026	0.033	1	GFPT2	c2
7.84715736594703e-05	-0.14684932313971	0.036	0.048	1	MAP3K14-AS1	c2
0.00527366252163777	0.146701693344043	0.114	0.133	1	GPN3	c2
0.0146142877728703	0.146604527593199	0.106	0.121	1	RNF2	c2
0.00548201668135563	0.146251473554729	0.425	0.439	1	TMX4	c2
0.436524364946268	0.146065905611151	0.119	0.126	1	CHD6	c2
0.00486320448319077	0.145924458488423	0.141	0.164	1	TWISTNB	c2
7.03595069237261e-05	-0.145801179449345	0.026	0.037	1	C7orf31	c2
0.0765063142560555	0.145688495198178	0.041	0.047	1	KCTD6	c2
0.000357659824125416	-0.145680035444763	0.039	0.05	1	ZFYVE1	c2
0.00137926846306736	-0.145616016145008	0.008	0.013	1	AC092747.4	c2
0.0231431733152724	-0.145560426766728	0.009	0.013	1	MAP3K10	c2
0.00358244177337337	-0.145498732803643	0.01	0.015	1	DCUN1D2	c2
0.0128457389151815	0.145380949910327	0.055	0.065	1	RPAP1	c2
9.9757145879692e-05	-0.145268585417062	0.018	0.027	1	MTPAP	c2
0.0337489243775619	-0.145248536740209	0.011	0.015	1	KLHL17	c2
0.910573977952813	0.144751877353833	0.064	0.065	1	MGLL	c2
0.223963995492287	0.144680261895887	0.011	0.013	1	AGAP3	c2
0.267744440284436	0.144623682610749	0.344	0.363	1	ODF2L	c2
0.663057485250591	0.144604540080042	0.026	0.027	1	TRAV8-1	c2
0.230395506799597	0.144520346527561	0.203	0.222	1	POGZ	c2
0.000131039737634678	-0.144499379010783	0.018	0.026	1	GTF3C4	c2
0.0504170201872233	0.144493950410621	0.172	0.194	1	SHC1	c2
0.294175009447149	0.144354390380522	0.188	0.205	1	ECHDC2	c2
0.0472426520696666	0.144191908909594	0.039	0.046	1	LINC01588	c2
0.153806711953395	0.144182039689202	0.171	0.189	1	WDR6	c2
0.100203033352525	0.144094534398075	0.034	0.039	1	DHX34	c2
0.391304393457687	0.144014390590048	0.054	0.058	1	RBM43	c2
0.0034423359536708	0.143964016825242	0.092	0.108	1	DDX55	c2
0.0527297048216264	0.143909550892261	0.044	0.051	1	DUSP14	c2
0.0119276033998437	0.143890918455385	0.116	0.133	1	CARD19	c2
0.0143625115219535	0.143512979835047	0.087	0.1	1	PIEZO1	c2
0.582668826724724	-0.143379386392276	0.028	0.03	1	TRAV39	c2
0.00746713759382008	-0.143376127241325	0.009	0.013	1	RAB11FIP3	c2
3.23474745929332e-05	-0.143336181599682	0.028	0.039	1	C11orf21	c2
0.104948205807616	-0.143185258938509	0.008	0.01	1	TRIM7	c2
0.0422398238132213	0.143021567455102	0.111	0.124	1	B3GALT6	c2
0.241364136566044	0.142972378521011	0.053	0.057	1	SCARB2	c2
0.00507188855245686	0.142826898262753	0.08	0.094	1	HPS5	c2
0.0029564280140077	0.142624376328511	0.047	0.057	1	PURB	c2
0.235460152767534	0.142354094644145	0.02	0.022	1	NCEH1	c2
0.758108980811514	0.142150290722148	0.265	0.287	1	THUMPD1	c2
0.00117208806254014	-0.141979675097608	0.03	0.039	1	ZNF337	c2
0.00499949533149208	0.141934119378098	0.017	0.023	1	KIAA1841	c2
0.536505184872276	0.141875475364197	0.242	0.264	1	APPL1	c2
0.00431051917186333	0.141705437195871	0.082	0.097	1	CETN3	c2
0.106811551523986	0.141701275669333	0.157	0.173	1	ARIH1	c2
0.00035755611798938	-0.141514726665196	0.016	0.023	1	ZBED6	c2
0.0857233550866837	0.141371429035962	0.024	0.028	1	CUL7	c2
0.905060432215349	0.141297985943093	0.188	0.198	1	KLF12	c2
0.00315523869456161	0.141216229655122	0.017	0.023	1	FBXW9	c2
0.00994139672976762	0.141200035298878	0.119	0.137	1	ESYT2	c2
0.000510818444816961	-0.141106304790869	0.032	0.042	1	KLHL26	c2
0.21815020804232	0.140863992836882	0.03	0.033	1	PXYLP1	c2
0.533775122289937	0.14062819040212	0.119	0.126	1	ZNF83	c2
0.331861096939926	0.140523159077491	0.027	0.03	1	KIAA0825	c2
0.136967203791282	0.140478346780537	0.032	0.036	1	STXBP4	c2
0.0927025885380025	0.140323971524824	0.017	0.02	1	IRAK1BP1	c2
0.000519329790176559	-0.140196761482931	0.02	0.028	1	RLN2	c2
0.00278346954585045	-0.140033681081091	0.018	0.024	1	RALGPS1	c2
0.00114854688559116	0.139938237048043	0.044	0.056	1	INAFM1	c2
0.217520330472955	0.139887262503084	0.01	0.012	1	PGBD4	c2
0.000698622821688467	-0.139860586721318	0.018	0.025	1	FAM131A	c2
0.268025578070882	0.139755217426354	0.011	0.013	1	ZNF579	c2
0.00260501811849515	-0.139738132101398	0.01	0.015	1	C1orf56	c2
0.25955626146022	0.13940675420494	0.066	0.071	1	ZNF764	c2
0.0491388518596565	0.139405383626136	0.075	0.084	1	LINC00909	c2
0.191502913564813	0.139363959283925	0.024	0.027	1	RAD52	c2
0.0696973279789466	0.139336637281808	0.017	0.021	1	FKTN	c2
0.161485064384235	0.139311494352131	0.19	0.209	1	DTD1	c2
0.619501141563824	0.139310917827372	0.053	0.056	1	ADHFE1	c2
0.135179053457153	0.139261235064917	0.025	0.029	1	AC124016.1	c2
0.454246676478409	0.139260693356902	0.158	0.17	1	ARRDC2	c2
0.107381910016888	0.139191476746674	0.021	0.025	1	TCTN1	c2
0.00135891058858951	-0.139189097010133	0.01	0.015	1	FAM89A	c2
0.020255502619724	0.138989967298864	0.04	0.048	1	CPLANE1	c2
0.0738243673797563	0.13889741553083	0.017	0.021	1	USP40	c2
0.958439357012472	0.138838162815808	0.496	0.531	1	ODC1	c2
0.000129958811712356	0.138622581755878	0.351	0.344	1	CD55	c2
0.00671268240879018	0.138614656558163	0.044	0.053	1	FAM189B	c2
0.138737473269851	0.138612411069775	0.019	0.022	1	DUSP7	c2
0.00359355333856262	0.138517401859547	0.045	0.055	1	CEP83	c2
0.281399418301185	0.138356141313536	0.189	0.206	1	TMEM170A	c2
0.11217303860104	0.13808184845129	0.126	0.138	1	MTM1	c2
0.895948413334491	0.137955987913739	0.083	0.084	1	BAZ2B	c2
0.121060147035231	0.137863712275879	0.111	0.122	1	ERO1B	c2
0.00941187171788099	-0.137702315767465	0.028	0.034	1	CDK5R1	c2
0.219069309668221	0.137221905902174	0.01	0.012	1	AL035413.1	c2
0.000895674290760127	0.137185646394892	0.033	0.043	1	C11orf80	c2
0.562886516110572	0.136908168610152	0.171	0.181	1	BNIP3	c2
0.040086716920376	0.13688875279248	0.176	0.199	1	CDC27	c2
0.0251382067808277	0.136823641886397	0.108	0.123	1	C12orf29	c2
0.0122430333503573	0.136745359325903	0.016	0.021	1	ANKRD9	c2
7.07247145856312e-05	-0.136713391791661	0.034	0.045	1	ITGAV	c2
0.114354310743405	0.136608644397862	0.208	0.232	1	ADK	c2
0.160078953782318	0.136595328127504	0.138	0.151	1	CPT1A	c2
0.0458730312999926	0.136594253052337	0.053	0.06	1	ABCD1	c2
0.28500065551035	0.136277793088748	0.124	0.134	1	CLIP4	c2
3.46794352203674e-05	-0.136221543626206	0.01	0.018	1	RFX2	c2
0.656045779141398	0.136201206221955	0.009	0.01	1	ZNF763	c2
0.408485021150275	0.136186852041497	0.012	0.014	1	TIGD6	c2
0.161138312933802	0.136123268463877	0.03	0.034	1	ZNF432	c2
0.300026333623893	0.135691662704507	0.056	0.061	1	LIPT1	c2
0.0182314011194984	0.13547486842473	0.063	0.073	1	CHST14	c2
0.604649596463153	0.135456769527248	0.036	0.037	1	RSAD2	c2
0.48439083919121	0.1351668733904	0.21	0.226	1	NEK7	c2
0.0154590087764876	0.135075713781438	0.096	0.11	1	CLIC5	c2
0.293456020903376	0.13495848375445	0.198	0.216	1	FBXL3	c2
0.000104839844185433	-0.134922715964843	0.032	0.043	1	TRIM68	c2
0.145662917438691	0.134679654062403	0.175	0.192	1	HCG18	c2
9.44918859970902e-05	-0.134584567772396	0.063	0.078	1	ABCA7	c2
0.00809875010954293	0.134387644046728	0.165	0.19	1	MPHOSPH6	c2
0.387795486654022	0.13417982238028	0.012	0.013	1	TTC30B	c2
0.00760422919697323	0.134167131215533	0.084	0.098	1	KIAA1586	c2
0.00399689755730258	-0.134044417017166	0.027	0.034	1	ZNF551	c2
0.997079166865962	0.134030256660484	0.196	0.206	1	ADA2	c2
0.0112629160843482	-0.134012582630375	0.006	0.01	1	AC025423.4	c2
0.0415020076438422	0.134004935253068	0.069	0.078	1	WDR73	c2
0.15865401117829	0.133909115154371	0.044	0.049	1	AARS2	c2
0.0279831715710539	0.13388828666129	0.108	0.122	1	THAP5	c2
0.00628010437226034	0.133662526513123	0.065	0.056	1	TRBV19	c2
0.00285824391520936	-0.133461087082289	0.014	0.02	1	LINC00665	c2
0.0355682008515464	0.133458512827671	0.025	0.031	1	PRRT3	c2
0.122370537465094	0.133278459014245	0.403	0.432	1	PCNP	c2
0.0319048068230552	0.133107454064298	0.064	0.074	1	RBSN	c2
0.143326392291292	0.133082218560945	0.169	0.186	1	SLC25A36	c2
0.117452425545067	0.132959598470687	0.1	0.11	1	MAPK8IP3	c2
0.0019132062232702	-0.132809622063933	0.01	0.015	1	IPO4	c2
0.0615500204818444	0.132550735454236	0.036	0.042	1	MED22	c2
0.215191946841348	0.132255616454835	0.1	0.109	1	APOBR	c2
0.154251094781024	0.132238938011378	0.132	0.145	1	MBD6	c2
0.103500109891841	0.13222505847342	0.099	0.11	1	TNKS	c2
0.861667477860425	0.132114217886949	0.202	0.213	1	BET1L	c2
0.0966516344943011	0.131905221486047	0.189	0.21	1	DHRS4	c2
0.00944071602144315	0.131806321659377	0.125	0.143	1	MIS12	c2
0.00278353384036642	-0.131667035581488	0.021	0.028	1	ARL6	c2
0.00105741562050206	-0.131646178462788	0.015	0.021	1	POMK	c2
0.0845671422455271	0.131555731800008	0.016	0.02	1	SNX25	c2
0.000108154090474272	-0.131531198814279	0.036	0.048	1	APPL2	c2
0.016648750746806	0.131478299122473	0.044	0.052	1	SLC35A3	c2
3.30860884478117e-05	-0.131302808992436	0.016	0.025	1	TENT4A	c2
0.0800977695974577	0.131169374562651	0.164	0.182	1	CBL	c2
0.084306545007162	0.131162563931494	0.075	0.084	1	PIGM	c2
0.000439891638443982	-0.131009453562952	0.02	0.027	1	SNX16	c2
0.355419013079309	0.130713506297268	0.021	0.023	1	TBKBP1	c2
0.000474232248122374	0.130578340564495	0.032	0.042	1	SMIM13	c2
0.0270752043497482	0.130448118888277	0.031	0.037	1	NOL6	c2
0.0218566055614679	0.130404312642072	0.028	0.034	1	AC060780.1	c2
0.0508400237633711	0.130381344845066	0.03	0.035	1	ZNF747	c2
0.00178149742681864	0.130271824794385	0.602	0.592	1	ID2	c2
0.021253685696186	0.13023474499231	0.084	0.096	1	HPS4	c2
0.00206643015111989	-0.129851705462817	0.015	0.021	1	ALG10B	c2
0.462597805892812	0.12976622703855	0.044	0.047	1	C9orf72	c2
0.00792221324101508	0.129690361295156	0.165	0.19	1	AKAP17A	c2
0.507450664499102	0.129645320215282	0.012	0.013	1	ZNF284	c2
0.0221098329463063	0.129622279828838	0.073	0.083	1	SIRT5	c2
0.0457681128905059	0.129511913248221	0.129	0.144	1	HELQ	c2
0.0730972395092213	0.129263972399087	0.112	0.124	1	KLHL9	c2
0.0170027967654983	0.1292484816087	0.033	0.04	1	TWSG1	c2
0.00477116080425267	-0.129200322895987	0.019	0.026	1	NACC2	c2
0.0175528811975719	0.129069810649986	0.046	0.054	1	PAN2	c2
0.0269855051554462	0.128785346376089	0.201	0.228	1	SPTY2D1	c2
0.00189636141918598	-0.128770683555466	0.008	0.013	1	RBM15-AS1	c2
0.000961027632167663	-0.128714426229267	0.021	0.028	1	SWT1	c2
0.065822085855671	0.128430174348733	0.043	0.049	1	VEGFB	c2
0.125633484428152	0.128178621687266	0.051	0.057	1	PWP2	c2
0.322546409032581	-0.128178532514897	0.988	0.986	1	FTL	c2
0.0833840357334445	0.127979029466323	0.11	0.122	1	DLGAP4	c2
0.0326354209493054	0.127931127593571	0.176	0.198	1	LRPPRC	c2
0.503734643163689	0.127831191879541	0.308	0.339	1	PPP1CB	c2
0.0617637956124664	0.127780934671254	0.097	0.108	1	TRAF6	c2
0.0832440628971028	0.127617296845994	0.212	0.237	1	SACM1L	c2
0.0604770573672499	0.12758954101529	0.071	0.08	1	TSPYL4	c2
0.238542936136494	0.127582434067672	0.019	0.022	1	IFT172	c2
0.000299298624161823	-0.127529205709696	0.035	0.045	1	PPM1F	c2
0.000113908112670508	-0.1274529749082	0.04	0.052	1	ZNF786	c2
5.52706979267783e-05	-0.127450164919247	0.475	0.517	1	THEMIS	c2
0.0395817042064597	0.127358984300076	0.016	0.02	1	CENPBD1	c2
0.00012936677902708	-0.127288190625022	0.791	0.803	1	GIMAP7	c2
0.012373271932855	0.127152455378263	0.03	0.037	1	ANKRD40	c2
0.147987362404712	0.126956014176819	0.169	0.185	1	FGD5-AS1	c2
0.407884402709404	0.126952801891127	0.16	0.172	1	SLC7A6	c2
0.0126784392423186	0.126865234455031	0.068	0.079	1	MAPK8	c2
0.00646723771756524	-0.126851948879544	0.021	0.027	1	AL669918.1	c2
0.667244273918307	0.126777239124281	0.189	0.201	1	JADE1	c2
0.117824458213956	0.126655026969925	0.075	0.083	1	SIRT3	c2
0.0514850417452234	0.126632409149289	0.136	0.153	1	P2RX4	c2
0.505179468925307	0.12655817839617	0.009	0.01	1	SALL2	c2
0.0149220718784273	0.126455297201189	0.064	0.074	1	RELT	c2
0.0022531428030129	0.126342760011883	0.081	0.097	1	SREBF1	c2
0.00972310491520735	0.126153146538113	0.033	0.041	1	DHODH	c2
0.160109552182217	0.126046287902748	0.023	0.026	1	TENT5A	c2
0.0829531956764316	0.125714789891162	0.016	0.019	1	RAB38	c2
0.0299326480552766	0.125625402354207	0.176	0.199	1	TAZ	c2
0.222175847898633	0.12562534347941	0.028	0.031	1	AL355472.1	c2
0.143637227518683	0.125507165583894	0.102	0.111	1	KLF9	c2
0.399248404705292	0.125442431183571	0.17	0.182	1	COG5	c2
0.0131633226755511	0.125359916409209	0.142	0.162	1	MMGT1	c2
0.429872499881733	0.125230574506223	0.369	0.393	1	MAT2A	c2
0.0181213017983	-0.125131504258182	0.007	0.011	1	ZNF653	c2
0.00171355397579227	0.125032545376281	0.073	0.088	1	TMEM99	c2
0.000244450599077402	-0.124900646294579	0.124	0.144	1	CSF1	c2
4.80413446382238e-05	-0.124771752567681	0.045	0.059	1	IER5L	c2
0.0110886866804739	-0.124576287318297	0.007	0.01	1	SGMS1-AS1	c2
0.00246523645521962	0.124532446832909	0.46	0.48	1	RNH1	c2
0.218290633046579	0.124458388161443	0.416	0.447	1	PHF20	c2
0.258182673584585	0.124448591267278	0.228	0.25	1	TMEM30A	c2
0.450699643211148	0.124419982024776	0.423	0.456	1	WSB1	c2
0.203055628145803	0.124055634120612	0.01	0.012	1	ZNF514	c2
0.044033334423111	0.123707062795692	0.018	0.022	1	NEK8	c2
0.43521424933003	0.123652175824249	0.23	0.236	1	SLC16A7	c2
0.751238240060697	0.12357629686193	0.01	0.009	1	PELI2	c2
0.14305408584212	-0.123534332115853	0.014	0.017	1	SNPH	c2
0.130971662142158	0.123452618745395	0.266	0.298	1	MAP2K1	c2
0.39576928466385	0.123430541221676	0.011	0.013	1	NEIL1	c2
0.000232314887038918	-0.12342353947328	0.012	0.019	1	AVEN	c2
0.00183239908194475	-0.123356460509634	0.006	0.011	1	ADSSL1	c2
0.00751761157842044	0.123283174824492	0.117	0.135	1	AFF1	c2
0.11349803883968	0.123282962559851	0.028	0.033	1	ZNF805	c2
0.0979316435442559	0.123208253474112	0.03	0.035	1	AK9	c2
0.167089435546664	0.123111766329752	0.038	0.042	1	RABL2A	c2
0.454774653956166	0.122846146216578	0.013	0.015	1	ZNF443	c2
0.0900660477211907	0.12279729855718	0.413	0.441	1	TMEM35B	c2
0.903697002921858	0.122741711577101	0.132	0.135	1	PLEKHA1	c2
7.99146827062332e-05	-0.122739582002934	0.037	0.049	1	GORASP1	c2
0.11280246864134	-0.122485321863661	0.01	0.012	1	ARMCX2	c2
0.265044701965798	0.122484093990959	0.116	0.125	1	CYP4V2	c2
0.706269219085921	0.122477520229831	0.354	0.382	1	TMED4	c2
0.0100692337811648	0.122433055678103	0.142	0.162	1	ICE2	c2
0.0572812452563707	0.121856354146279	0.087	0.097	1	BBC3	c2
7.77189352863267e-05	0.121757178964505	0.391	0.387	1	FOXP1	c2
0.297197110927719	0.121739705469177	0.065	0.069	1	ARL4D	c2
0.000294543288832037	-0.121661441814947	0.024	0.033	1	KIF5C	c2
0.000200244654794258	0.121654328712662	0.524	0.539	1	CAST	c2
0.170671535703852	0.121615082105587	0.023	0.027	1	CEP70	c2
0.00224255980950591	0.121386687144238	0.088	0.104	1	TUBGCP3	c2
0.000725398966572158	-0.12126345441473	0.019	0.026	1	WIZ	c2
0.0606418534766628	0.121084110136111	0.12	0.134	1	FAM208B	c2
0.0125318313912774	0.120850405361808	0.124	0.142	1	SCAPER	c2
0.361667009657289	0.120831703317746	0.14	0.149	1	ZNF506	c2
0.00290737600636004	0.120770984553129	0.078	0.092	1	TFB2M	c2
0.00340684362818561	0.120677456665338	0.13	0.151	1	PCNX4	c2
0.115971659042432	0.120576379004375	0.023	0.027	1	SMOX	c2
0.261668118525011	0.120476973173341	0.013	0.015	1	NOS3	c2
0.221265936527268	0.120339610770146	0.126	0.137	1	SHISAL2A	c2
0.249077185478606	0.120284467158419	0.026	0.029	1	PWWP2B	c2
0.167735241325275	0.120283439979399	0.414	0.438	1	CCNH	c2
0.0176134643324246	0.12020622428899	0.082	0.094	1	DHRS13	c2
0.351576996355561	0.120202557393482	0.151	0.162	1	MMP25-AS1	c2
0.0409962332534962	0.120102631644015	0.051	0.059	1	AL450998.2	c2
0.166625890127453	0.119936895668495	0.026	0.029	1	ANKEF1	c2
0.951715615773681	0.119806804387981	0.091	0.093	1	ZBTB4	c2
0.0038637764542609	0.119482271884778	0.071	0.084	1	SPAG16	c2
0.0084197060907761	-0.119432554015085	0.006	0.01	1	PSMA8	c2
0.00821088111562375	0.119398933316093	0.068	0.08	1	RNF185	c2
0.484361912032531	0.119318954432406	0.089	0.094	1	C1RL	c2
0.000217198422342662	-0.119197721938458	0.022	0.031	1	MBTD1	c2
0.00946503624614173	0.118942762963703	0.143	0.164	1	RCE1	c2
0.274437299581374	0.118649399219852	0.152	0.15	1	EIF1AY	c2
0.0252743090162109	0.11812651385504	0.068	0.078	1	APH1B	c2
0.000651149189071442	-0.118116328791104	0.017	0.024	1	AC090517.4	c2
0.0932693981381418	0.118014564960373	0.158	0.175	1	LPAR2	c2
0.344113068300952	0.117970265680109	0.031	0.033	1	FAM219A	c2
0.193383480862504	0.117680529739627	0.049	0.053	1	ALDH6A1	c2
0.0476920024139131	0.117663680090942	0.011	0.015	1	RPGRIP1L	c2
0.0153198877038437	0.117516993999612	0.149	0.169	1	SEC23A	c2
0.00042104910020954	0.117502833189565	0.067	0.082	1	ARL13B	c2
0.0907260713311162	0.117387218278989	0.064	0.071	1	TCAF1	c2
0.0228782855328747	-0.117364192296167	0.011	0.015	1	AC091982.3	c2
0.00144343250456287	0.117152579612607	0.141	0.166	1	RMDN3	c2
3.00139366432623e-05	-0.117061077557536	0.019	0.028	1	SLC12A4	c2
0.0060791620079985	0.116919113541842	0.08	0.094	1	CMSS1	c2
0.0551091722670883	0.116904006906378	0.029	0.034	1	ZNF256	c2
0.000420599500389189	-0.116611704032342	0.041	0.052	1	LINC02361	c2
0.221462983762506	0.116548542475408	0.017	0.02	1	TIGD1	c2
0.0382744078841064	0.116543818703896	0.133	0.149	1	NEK9	c2
0.182776437904767	0.116507276396613	0.068	0.074	1	ACP6	c2
0.0201563689639122	0.11649845422587	0.109	0.124	1	ZNF664	c2
0.777730176047564	0.116187462263801	0.289	0.314	1	CPNE3	c2
0.00357748153997067	-0.116021246140257	0.018	0.024	1	AFG1L	c2
0.0821785953308357	0.116002313232593	0.18	0.2	1	TRMT1	c2
0.000173571193752131	-0.115924316586101	0.032	0.043	1	ZBTB6	c2
0.000322276165504936	0.115815129699381	0.582	0.609	1	SEC62	c2
0.327117320677214	0.115753631808952	0.021	0.024	1	SWAP70	c2
0.00191281123130349	-0.115581825209843	0.013	0.019	1	KLHL15	c2
0.0637977785249996	0.115450745469124	0.331	0.373	1	EIF4A3	c2
0.00320113898508671	-0.115388258910452	0.052	0.062	1	AC006369.1	c2
0.164272813429956	0.115262324212082	0.033	0.037	1	CCDC142	c2
0.0220959921458025	0.115237210912504	0.179	0.203	1	NDEL1	c2
0.00338041339798725	0.11512700716316	0.062	0.074	1	P2RX5	c2
0.0918704323645348	0.114965089057625	0.074	0.082	1	ARMCX5	c2
0.149486514015316	0.114921072287144	0.071	0.078	1	CRY2	c2
0.512144151834785	0.114894289639308	0.24	0.26	1	NFKB2	c2
0.0439058091670987	0.11458207364564	0.224	0.254	1	NDE1	c2
0.0149357566491268	-0.114467775461945	0.013	0.017	1	AC036176.1	c2
0.00868325315400673	0.11430839378342	0.523	0.553	1	DOCK8	c2
0.00410093539154967	0.114248087370619	0.148	0.171	1	RWDD3	c2
0.084805099319773	0.114070056151472	0.117	0.129	1	TTC5	c2
0.000157147569010416	-0.11388071869652	0.027	0.037	1	TYW1B	c2
0.071276390785537	0.113850295353431	0.139	0.154	1	NCOA2	c2
0.000791689762779162	-0.113814038917165	0.781	0.784	1	LY6E	c2
0.0724759861025424	-0.113794481323035	0.011	0.014	1	NEURL4	c2
0.00371503447763663	-0.113555091141142	0.016	0.022	1	RNF122	c2
0.000418490827891587	0.113526504128832	0.027	0.037	1	FANCM	c2
0.0127078767302388	-0.113385553867832	0.022	0.028	1	AC015982.1	c2
0.213644423312847	0.113338477542555	0.019	0.022	1	PPP1R13L	c2
0.261101463591416	0.113253781698068	0.376	0.4	1	AKIRIN1	c2
0.000871936162279323	0.113206062126002	0.098	0.116	1	PPTC7	c2
9.64806972429448e-05	-0.11306453306876	0.025	0.034	1	SNAPC4	c2
0.0122929453987465	0.113062046690053	0.114	0.13	1	STK40	c2
0.00066771139880835	0.113033038233859	0.225	0.266	1	PAF1	c2
0.0928585776907679	0.11277470909653	0.057	0.064	1	MBOAT1	c2
0.000980931778838575	-0.112767077872334	0.016	0.023	1	OTUD3	c2
0.139211818068601	0.112554075469104	0.01	0.012	1	FBXO10	c2
0.208467411083819	0.112344937605143	0.11	0.12	1	ZNF84	c2
0.0377279913822877	-0.112340138418529	0.02	0.024	1	GDPD1	c2
0.92970764563953	0.112267393877185	0.103	0.104	1	CBX7	c2
0.376450764939066	0.112179162207781	0.374	0.399	1	RANBP2	c2
0.030337082908575	0.112141378886009	0.035	0.041	1	GNE	c2
0.00510641621768765	-0.11209135715418	0.015	0.02	1	ZBTB3	c2
0.0142267736967893	0.112074120192848	0.042	0.05	1	AMMECR1L	c2
0.0149088616850127	0.112026730016031	0.102	0.116	1	HECA	c2
0.00118299159517842	-0.111910340661081	0.024	0.032	1	AMACR	c2
0.00310229993757138	0.111882771821804	0.031	0.039	1	MTX3	c2
0.256820196133552	0.111882392488395	0.247	0.272	1	TMEM106B	c2
0.158424367537372	0.111865620430182	0.061	0.067	1	TTLL1	c2
0.872629705508774	0.111658672324123	0.261	0.279	1	KMT2C	c2
0.0123826188031385	-0.111657581968736	0.018	0.024	1	HOXB-AS1	c2
0.683010003214814	0.111635347947751	0.047	0.046	1	TRAV12-3	c2
0.00216340516953155	-0.111605736107228	0.018	0.025	1	PPP1R3B	c2
0.000285026969594246	-0.111483263829435	0.028	0.037	1	ZNF790	c2
0.00410023604749366	0.111463854748994	0.116	0.134	1	PEX3	c2
0.379444289751558	0.111310742782047	0.072	0.076	1	HERC5	c2
0.431801300141201	0.111131520882282	0.011	0.012	1	AL355075.4	c2
0.00289388836296722	0.111114187096797	0.044	0.054	1	IFT74	c2
0.015106018008256	0.110921152515885	0.111	0.126	1	COG3	c2
0.0011480328554604	0.110885225634803	0.174	0.205	1	TIMM9	c2
4.66775775489915e-05	-0.110871075631024	0.042	0.055	1	MYO1C	c2
0.000355210270078232	0.110808763408921	0.618	0.645	1	RBMX	c2
0.000991194349587337	-0.110787182883416	0.015	0.022	1	FAM213A	c2
0.0859301176478709	0.110673496752313	0.069	0.077	1	GOLGA8A	c2
0.00173591889681007	0.110657962899778	0.126	0.148	1	INTS14	c2
0.00981759398331024	0.110593297957837	0.06	0.07	1	WDR3	c2
0.211294734844071	0.110574819370986	0.391	0.417	1	GRAMD1A	c2
3.4268584906447e-05	-0.110479257858095	0.03	0.042	1	EFHC1	c2
0.360398630768846	0.110452501873478	0.173	0.186	1	PIK3R5	c2
0.000142532878024041	-0.110324008872093	0.022	0.031	1	LSM14B	c2
0.0101045823444167	-0.110297608327538	0.016	0.021	1	MICU3	c2
8.0429752568068e-05	0.110230503799366	0.083	0.102	1	C17orf75	c2
0.131285673276451	0.110190701270663	0.256	0.286	1	CELF1	c2
0.00407732892603856	0.110129172654064	0.045	0.054	1	SPATA5	c2
0.878288704815339	0.110082692451701	0.162	0.169	1	STMN3	c2
0.0490948928449371	0.110011595774205	0.118	0.132	1	AGL	c2
0.0013368048665888	0.109958483284931	0.05	0.062	1	GPR180	c2
0.0102065444862084	0.109767076520938	0.148	0.169	1	PRPF3	c2
0.103018458172472	0.109725468815662	0.027	0.031	1	RILP	c2
0.0201443903205477	0.109422503490139	0.027	0.033	1	KDM8	c2
0.0190843108627481	0.109397901361743	0.082	0.094	1	PATZ1	c2
0.100238983195645	0.109329471291019	0.076	0.084	1	GCC1	c2
0.218326285025255	0.109104174519047	0.218	0.239	1	ATF1	c2
0.0232492583854274	0.109035288069194	0.043	0.051	1	RPGR	c2
0.518784744944839	0.108769831710537	0.015	0.017	1	ZBTB42	c2
0.0804152504433444	0.108611089857048	0.008	0.011	1	PSMD6-AS2	c2
0.000556832177893028	-0.108590920830934	0.024	0.033	1	IFFO2	c2
0.0116606003428278	0.108582763829118	0.167	0.191	1	CFAP36	c2
0.016482651747988	0.10850562704258	0.033	0.027	1	TRAV38-1	c2
0.0273689894525684	-0.108443914041299	0.008	0.011	1	HIST1H4B	c2
0.000890422432644285	0.108376129091733	0.104	0.123	1	ALKBH3	c2
0.338567157236314	0.108374334301186	0.323	0.338	1	ATM	c2
0.0140614006867902	0.108290527527095	0.12	0.137	1	PRRC1	c2
0.0143947403116392	0.108203948497601	0.044	0.052	1	PGM3	c2
0.00235963005945614	-0.108174332703229	0.026	0.034	1	SMARCD3	c2
0.000149016163213178	-0.108053366995541	0.025	0.035	1	PLA2G15	c2
0.876014510182022	-0.108025465888914	0.032	0.032	1	TRAV26-2	c2
0.000157244533497537	0.107730317943174	0.111	0.135	1	OGFOD3	c2
0.122398063936516	0.107725340854565	0.216	0.239	1	TTC19	c2
0.24712946120331	0.107666355001423	0.02	0.023	1	TBC1D32	c2
0.0392812329032896	0.107622527773857	0.009	0.012	1	MOK	c2
0.0125993666925821	0.107560174260816	0.157	0.179	1	MBTPS1	c2
0.12707169541863	0.107548830277648	0.209	0.23	1	SLC20A1	c2
0.188224733409038	0.107444970398314	0.259	0.284	1	CALHM2	c2
0.00996269847675961	0.10743303132932	0.154	0.176	1	REEP3	c2
0.0968270712406037	0.107345790605468	0.009	0.011	1	DNAJC25-GNG10	c2
0.109562378542148	0.107260743927799	0.021	0.024	1	PHLPP2	c2
0.217665040339664	0.107185449551809	0.021	0.024	1	CCDC191	c2
0.00048529669616665	-0.10711338744129	0.028	0.037	1	SFT2D3	c2
0.0205143559305557	0.107036630546274	0.086	0.098	1	PJA1	c2
0.750355524160836	0.106975290660936	0.23	0.239	1	TBX21	c2
0.126823670862944	0.106768878997594	0.232	0.257	1	TVP23B	c2
0.00629986835273674	0.106543531567545	0.082	0.095	1	LIN7C	c2
0.0235813815081353	0.106373071432875	0.021	0.026	1	SS18L1	c2
0.00522758415639875	0.106357956883561	0.049	0.059	1	ENDOV	c2
0.128723478120242	0.10628977843942	0.084	0.092	1	RNASEL	c2
0.0772659354574699	0.106094418101228	0.028	0.033	1	BAHD1	c2
0.478350432126698	0.10574844202678	0.018	0.02	1	CERNA1	c2
0.305130468719799	0.105417706610369	0.012	0.014	1	GAB2	c2
0.0254525467981988	0.104970094357232	0.009	0.013	1	AC062017.1	c2
0.534453779095749	0.10461558010774	0.011	0.012	1	AC104184.1	c2
0.000627952167792188	-0.104541840658555	0.02	0.027	1	SLC25A28	c2
7.9157094383791e-05	-0.104521338556811	0.031	0.042	1	SMG8	c2
0.244920475124528	0.104508429483889	0.024	0.027	1	CSAD	c2
0.00446677697487642	-0.10447485796339	0.017	0.023	1	IQCH-AS1	c2
0.700587499742259	0.104440562712746	0.145	0.147	1	MAML2	c2
0.0205443644421241	0.104179145342242	0.011	0.015	1	TDRKH-AS1	c2
0.214684293228504	0.104119401372376	0.014	0.016	1	LINC02100	c2
0.198883146709166	0.104102509710218	0.009	0.011	1	SRC	c2
0.0413661203595746	0.104016608118834	0.202	0.228	1	CPSF7	c2
0.0777681708363578	0.103951109640685	0.485	0.521	1	MAX	c2
0.0570642106381269	-0.103944792846356	0.015	0.019	1	LINC00092	c2
0.00712675553719463	0.103872357854057	0.059	0.07	1	CD99L2	c2
0.00406787855668772	0.103624314160888	0.084	0.098	1	PARP16	c2
0.00161962449833115	0.10353948914626	0.232	0.269	1	MTFP1	c2
0.166446928622902	0.103468627969814	0.009	0.011	1	C19orf73	c2
0.000462395092630344	0.103427820349562	0.048	0.06	1	BDH1	c2
0.0467702409897828	0.103058988916391	0.251	0.283	1	NXT1	c2
0.118308566343179	0.103048977721653	0.05	0.056	1	RYK	c2
8.64690589118313e-05	0.103017494667135	0.557	0.567	1	CAMK4	c2
0.00036380137908081	-0.10289656007884	0.031	0.041	1	CACTIN	c2
0.000100921463515202	-0.10288669115605	0.015	0.023	1	RTEL1	c2
0.00109665438922933	-0.102707890693369	0.03	0.038	1	AP4S1	c2
0.208321103862609	0.102623165781699	0.015	0.018	1	ARL17B	c2
0.0885498954753863	0.10262140309199	0.081	0.089	1	FTO	c2
0.178438943054791	0.102616347708961	0.031	0.034	1	ZNF354B	c2
0.000184293039183562	0.10223647926238	0.049	0.063	1	BCS1L	c2
0.0196595519165851	-0.102170696416485	0.012	0.016	1	RMDN2	c2
0.176465680607499	0.101656844737818	0.01	0.012	1	AC078785.1	c2
0.0398143834679719	0.101597894699279	0.017	0.021	1	ANKS1A	c2
0.000622166679574874	-0.101519692949661	0.031	0.04	1	ENGASE	c2
0.00929619337977421	0.101451943225659	0.166	0.189	1	PRKAA1	c2
0.07469785984956	0.101335589878551	0.51	0.545	1	PRMT2	c2
0.0168165492855012	0.101299370218329	0.282	0.28	1	H2AFX	c2
0.406182199883665	0.101089216231981	0.2	0.214	1	NABP1	c2
8.47440989531963e-05	-0.100932279722144	0.012	0.019	1	CD3EAP	c2
0.0171760192439158	0.10087382523764	0.093	0.107	1	SLC35A1	c2
0.000310610998587789	-0.100484933182082	0.03	0.04	1	SYCE1L	c2
0.905791179392471	0.100447647577406	0.359	0.387	1	HSD17B11	c2
0.00702593586603017	0.100330141902126	0.184	0.211	1	SRPRB	c2
0.000741670629144187	-0.100045187250411	0.013	0.019	1	F8A1	c2
