p_val	avg_log2FC	pct.1	pct.2	p_val_adj	gene	seurat_clusters
1.58200435755981e-172	2.43647203681811	1	1	5.3057262143841e-168	MALAT1	c14
7.20392819540365e-150	-1.74902283303801	0.843	1	2.41605343817448e-145	RPL10	c14
6.72623890215151e-149	-1.8186743230763	0.831	1	2.25584600300357e-144	EEF1A1	c14
1.26393316993038e-144	-2.10221529981101	0.406	0.997	4.23897906531252e-140	RPL5	c14
4.0819387812208e-142	-1.74240939463254	0.542	0.999	1.36900062844583e-137	RPS7	c14
1.3409669536935e-140	-1.69944548383464	0.566	0.998	4.49733496929727e-136	RPL6	c14
1.75690879414716e-140	-1.87526746958516	0.572	0.999	5.89232071381073e-136	RPS14	c14
2.54906975947403e-137	-1.83551860328438	0.578	0.999	8.54907015932401e-133	RPS3A	c14
4.48577261583569e-137	-1.71363940184534	0.582	0.999	1.50443841989897e-132	RPL18A	c14
5.75434527641856e-137	-1.87900564476839	0.514	0.999	1.92989231880526e-132	RPS13	c14
7.92878386342561e-137	-1.76012834485638	0.618	0.999	2.65915553211568e-132	RPS3	c14
1.86795571503028e-136	-1.68722486495545	0.634	1	6.26474987706855e-132	RPS15A	c14
2.17157856367121e-136	-1.93165669871109	0.498	0.999	7.28304018684051e-132	RPL39	c14
2.27756254871235e-136	-1.74791080417415	0.56	0.998	7.63848927587148e-132	RPS25	c14
2.90160256693766e-135	-1.82104866846284	0.585	0.998	9.73139468899554e-131	RPLP0	c14
1.87312059855554e-133	-1.68292048389561	0.606	0.999	6.28207186343558e-129	RPL19	c14
2.15159850463464e-132	-1.9471633721722	0.403	0.995	7.21603106484367e-128	RPS5	c14
3.35684184914564e-132	-1.63600692646909	0.692	0.999	1.12581761936646e-127	RPS8	c14
4.50064906030954e-132	-1.69926273444092	0.766	1	1.50942768184661e-127	RPLP1	c14
5.37762134135451e-132	-1.66430030756909	0.603	0.999	1.80354664546347e-127	RPS23	c14
9.61669558668078e-132	-1.63613404328044	0.671	0.999	3.225247365861e-127	RPS27A	c14
1.38050260295468e-131	-1.79587203983178	0.643	0.999	4.62992962978939e-127	RPS12	c14
1.25556873732839e-130	-1.72639491271213	0.517	0.996	4.21092643125194e-126	RPSA	c14
1.56912110436565e-130	-1.71339336237217	0.566	0.998	5.26251835982153e-126	RPS6	c14
2.64653846050538e-130	-1.68248587119322	0.569	0.999	8.87596068884293e-126	RPL26	c14
3.37627475936963e-130	-1.65256922578189	0.563	0.998	1.13233502879738e-125	RPL14	c14
1.15230831719e-129	-1.66180199351787	0.643	0.999	3.86461163419184e-125	RPL30	c14
1.16306702955197e-129	-1.59103172034062	0.585	0.999	3.90069420371141e-125	RPL18	c14
1.25281476052249e-129	-1.59798081798576	0.554	0.999	4.20169014384032e-125	RPL29	c14
1.56668229474406e-129	-1.56989191744619	0.649	1	5.25433908011263e-125	RPL11	c14
3.14333260495155e-128	-1.64050645295606	0.548	0.999	1.05421088904865e-123	RPS24	c14
3.22330555572173e-128	-1.65781034549202	0.591	0.999	1.08103221727795e-123	RPS28	c14
1.03029114035863e-127	-1.57916326228486	0.597	0.999	3.45539042653478e-123	RPL7A	c14
3.95020212102446e-127	-1.67257720413171	0.668	0.999	1.32481878734918e-122	TPT1	c14
1.06198349634782e-125	-1.50044244176398	0.677	0.999	3.56168025005131e-121	RPS2	c14
1.8855208910382e-125	-1.5792943433774	0.609	0.999	6.32365996436391e-121	RPS4X	c14
2.64031394461292e-125	-1.69075291320401	0.606	0.999	8.85508490744281e-121	RPL32	c14
3.36431058880223e-125	-1.45073363212787	0.726	1	1.12832248527249e-120	RPL28	c14
5.33995207747912e-125	-1.5643350280842	0.563	0.998	1.79091312774495e-120	RPL15	c14
1.37984991092721e-122	-1.71967789041928	0.495	0.999	4.62774063126768e-118	RPL35A	c14
3.31879266653382e-122	-1.70376112605789	0.554	0.999	1.11305668450211e-117	RPL34	c14
3.87659430633461e-122	-1.58721536924941	0.523	0.997	1.3001321984585e-117	RPS16	c14
3.96644510530011e-122	-1.60016188904764	0.514	0.998	1.33026635941555e-117	RPL23A	c14
1.91908065000308e-121	-1.56535839234457	0.517	0.997	6.43621268398033e-117	RACK1	c14
6.98727951578511e-121	-1.50962069416369	0.603	0.999	2.34339380400401e-116	FAU	c14
2.76714129461605e-120	-1.66597366996687	0.538	0.998	9.28043847388331e-116	RPL3	c14
1.24519773813072e-119	-1.59756197506097	0.532	0.997	4.17614417414282e-115	RPL17	c14
2.71473716578833e-118	-2.79546900984694	0.255	0.896	9.1046855066209e-114	S100A4	c14
5.83408800703843e-117	-1.49977431291939	0.665	0.999	1.95663643580055e-112	RPS18	c14
2.16715007634352e-116	-1.60135421932538	0.437	0.995	7.26818792604091e-112	UBA52	c14
3.69314702027498e-116	-1.58123895944072	0.618	0.998	1.23860764765982e-111	PFN1	c14
5.06351262787691e-116	-1.9194384630045	0.345	0.973	1.69820086513736e-111	EEF1G	c14
2.86329949891122e-115	-1.50420814770835	0.72	0.999	9.60293385944846e-111	RPS27	c14
1.84561150734008e-113	-1.38274150335052	0.754	1	6.18981187331714e-109	RPL13	c14
1.22134668024111e-111	-1.5229717444345	0.489	0.996	4.09615249619262e-107	NACA	c14
2.26420501079409e-111	-1.8630111231621	0.314	0.975	7.59369076520122e-107	RPL7	c14
2.69320146791253e-111	-1.51265583834152	0.551	0.998	9.03245908308503e-107	RPL12	c14
9.9225162148252e-111	-1.51890570596489	0.517	0.994	3.32781348812808e-106	RPL10A	c14
1.67450312791449e-110	-1.56112778124226	0.622	0.997	5.6159485903996e-106	TMSB10	c14
2.40039805498689e-110	-1.54750171626245	0.492	0.994	8.05045499681504e-106	RPS9	c14
1.63351848180155e-109	-1.59986070970916	0.465	0.995	5.47849428426602e-105	RPL9	c14
1.34959591612961e-107	-1.59606466701928	0.44	0.995	4.5262747835155e-103	RPL21	c14
2.77306361242433e-107	-1.52152351900117	0.511	0.999	9.30030074334872e-103	RPLP2	c14
5.78297161687865e-107	-1.41348524228521	0.772	1	1.93949302086876e-102	TMSB4X	c14
6.97887137376445e-106	-1.47236876009518	0.538	0.999	2.34057388133312e-101	RPL8	c14
2.23929410632779e-105	-1.48524058597566	0.542	0.997	7.51014457380214e-101	RPS21	c14
3.43612698783913e-105	-1.45210558705318	0.486	0.996	1.15240826918149e-100	RPL24	c14
3.48620073692664e-105	-1.45209816402582	0.548	0.997	1.16920200315046e-100	RPL36	c14
1.10002337257088e-104	-1.63398382422821	0.4	0.995	3.6892583869282e-100	RPL22	c14
7.27433438285595e-103	-1.64778957739101	0.462	0.989	2.43966626532223e-98	SH3BGRL3	c14
3.99338488010613e-102	-1.5360774169691	0.492	0.991	1.33930142108999e-97	CFL1	c14
9.83847502128356e-100	-1.19672466487652	0.643	0.999	3.29962775263808e-95	RPS15	c14
9.42324485336147e-97	-1.19553852514628	0.849	1	3.16036785892037e-92	ACTB	c14
8.49587201221306e-96	-1.48766025552891	0.446	0.986	2.84934555545601e-91	PPIA	c14
1.26185447373117e-95	-1.53610787811431	0.388	0.981	4.23200753399959e-91	BTF3	c14
1.44414387097958e-94	-1.59833522810024	0.308	0.964	4.84336971449132e-90	TOMM7	c14
1.92965461320509e-94	-1.64929236209342	0.283	0.958	6.47167564176725e-90	ATP5MC2	c14
1.39177641892121e-93	-1.50846606059277	0.363	0.985	4.66773975377794e-89	RPL27	c14
2.15893315625287e-93	-1.37054311317147	0.458	0.993	7.24063001944089e-89	RPL35	c14
3.18066846101641e-93	-1.52125186705897	0.437	0.983	1.06673258845568e-88	EEF1B2	c14
6.50071610509869e-92	-1.23867227417911	0.686	0.999	2.180210167328e-87	RPS19	c14
3.46538400522921e-90	-1.27390652484742	0.591	0.999	1.16222048767377e-85	RPL37	c14
9.79540132988108e-90	-1.6003838530798	0.249	0.904	3.28518169801552e-85	S100A6	c14
1.4250974923442e-89	-1.38607092035873	0.455	0.985	4.77949196982396e-85	MYL12A	c14
3.1277685823842e-89	-1.37260734932873	0.428	0.994	1.04899102716001e-84	RPS29	c14
6.28166307219457e-89	-1.3586258736015	0.529	0.996	2.10674416115261e-84	RPL41	c14
1.03051300278765e-87	-1.50120946171965	0.308	0.954	3.45613450874921e-83	RPL27A	c14
6.46269629184064e-87	-1.39347833450539	0.449	0.984	2.16745908235752e-82	RPL4	c14
2.92600337072471e-86	-1.3259666534827	0.652	0.997	9.81323010473652e-82	ACTG1	c14
1.90089057937555e-85	-1.38472776837575	0.403	0.986	6.3752068251097e-81	ATP5F1E	c14
2.55544268781838e-85	-1.47641629032204	0.311	0.958	8.57044368640528e-81	COX7C	c14
1.43005240587877e-84	-1.53863335870584	0.243	0.93	4.79610975883621e-80	COMMD6	c14
8.57066981455012e-84	-1.37063874804976	0.342	0.977	2.87443124240382e-79	RPL36AL	c14
9.50695999322701e-84	-1.94369988634613	0.169	0.823	3.18844424252847e-79	RPS10	c14
4.34346028554019e-83	-1.27936215392777	0.277	0.933	1.45670971056447e-78	MIF	c14
1.88913503993047e-82	-1.2122077186775	0.354	0.977	6.33578109691881e-78	RPL31	c14
4.7602087545029e-81	-1.64320356501273	0.458	0.939	1.59647881208518e-76	VIM	c14
4.39895713561172e-80	-1.30213891195126	0.372	0.977	1.47532224414146e-75	RPL38	c14
1.62212211459103e-79	-1.95667910140697	0.151	0.797	5.4402731479154e-75	COX8A	c14
2.20950038122854e-79	-1.4094905357383	0.252	0.912	7.41022237856426e-75	UQCRB	c14
1.50915703462778e-78	-1.25587614931012	0.489	0.984	5.06141086273465e-74	EEF2	c14
2.0604639916148e-78	-1.18696003555131	0.56	0.993	6.91038413507771e-74	ARHGDIB	c14
3.84670008714339e-78	-1.24320860281557	0.474	0.984	1.29010627522615e-73	MYL6	c14
7.50024499233982e-78	-1.41378863416899	0.326	0.95	2.51543216553093e-73	ATP5MG	c14
2.74789765031948e-77	-1.45137618228875	0.277	0.917	9.21589913964148e-73	CHCHD2	c14
2.44260004529863e-76	-1.04909949228693	0.523	0.994	8.19199203192255e-72	RPL37A	c14
2.56702253997775e-76	-1.57601638532684	0.16	0.784	8.60928019457738e-72	S100A11	c14
3.76168449082739e-76	-1.27736046855568	0.452	0.976	1.26159374453369e-71	CALM1	c14
1.22110130637674e-75	-0.987411506392396	0.523	0.992	4.0953295613263e-71	RPL13A	c14
2.70530469464753e-75	-1.60420701868495	0.218	0.87	9.07305088490888e-71	UQCR11	c14
9.7590187776101e-75	-1.43748939420542	0.32	0.935	3.27297971763487e-70	HINT1	c14
2.77308199334597e-72	-1.34800047578246	0.311	0.94	9.30036238928371e-68	MYL12B	c14
2.98939228589385e-72	-1.3364844063516	0.243	0.89	1.00258238484308e-67	SNRPD2	c14
5.72728968964452e-72	-1.40819969690331	0.502	0.977	1.92081841611298e-67	RPS26	c14
7.00627497766977e-72	-1.27421806104044	0.311	0.934	2.34976450201089e-67	SRP14	c14
7.31720526821642e-71	-1.22305041881599	0.591	0.993	2.45404430285442e-66	GAPDH	c14
8.33594306506623e-71	-1.60458739202065	0.234	0.847	2.79570858516191e-66	S100A10	c14
2.31225957769396e-70	-1.34988196615344	0.225	0.859	7.75485617167001e-66	COX6C	c14
3.33389685994758e-70	-1.26099728227212	0.274	0.926	1.11812232888922e-65	OST4	c14
1.45346979529271e-69	-1.50584723367387	0.292	0.882	4.87464699945269e-65	LDHB	c14
1.89416776259962e-69	-1.23747881190217	0.397	0.968	6.35265984220661e-65	NPM1	c14
7.53468000497822e-68	-1.61551258377995	0.169	0.787	2.5269809800696e-63	EIF3E	c14
5.32974630925247e-67	-1.27599312712166	0.175	0.811	1.78749031719709e-62	ATP6V1G1	c14
1.01291748428717e-66	-1.21022716481606	0.246	0.876	3.39712265880232e-62	GABARAP	c14
2.53673282284457e-66	-1.24673832345055	0.308	0.912	8.50769454125611e-62	SUMO2	c14
3.28833754486928e-66	-0.974103688589781	0.523	0.989	1.10284264579826e-61	SERF2	c14
3.57088925568676e-66	-1.25737545849514	0.268	0.881	1.19760483857223e-61	ALDOA	c14
4.13682461442826e-66	-1.57569422722799	0.148	0.752	1.38740823918695e-61	UQCR10	c14
7.64048698016672e-66	-1.28584458759983	0.222	0.86	2.56246652340831e-61	COX6B1	c14
8.69068759429781e-65	-1.69256963261155	0.117	0.699	2.9146828053756e-60	MZT2B	c14
1.00510451861014e-64	-1.33198031965382	0.225	0.838	3.3709195345147e-60	C12orf57	c14
1.66320170795263e-64	-1.07912722676474	0.449	0.972	5.57804588813153e-60	COX4I1	c14
3.37323164225128e-64	-1.27974612547851	0.246	0.868	1.13131442817823e-59	EIF3F	c14
3.22167312239378e-63	-0.979109826421097	0.486	0.988	1.08048473178843e-58	FTL	c14
3.24285728843982e-63	-1.23479344375558	0.28	0.899	1.08758947739695e-58	RPS20	c14
9.02793733158478e-63	-1.16918543151135	0.255	0.883	3.0277896222669e-58	RPL36A	c14
2.10312530846627e-62	-1.14319195211775	0.258	0.894	7.05346165953416e-58	SKP1	c14
2.93930676176226e-62	-1.96233444516207	0.089	0.648	9.85784701759826e-58	SNX3	c14
3.65576125713731e-62	-1.15247729993964	0.385	0.949	1.22606921041871e-57	RHOA	c14
1.98761639575919e-61	-1.28782753994559	0.249	0.853	6.66606786809717e-57	RPL23	c14
1.11745294339149e-60	-1.20958270202715	0.314	0.909	3.74771368154638e-56	EIF3K	c14
3.86758943030864e-60	-1.12947807234718	0.391	0.943	1.29711214313691e-55	PSME1	c14
5.37130817849854e-60	-1.08312095423605	0.394	0.971	1.80142933690484e-55	TMA7	c14
5.77454839985023e-60	-1.49300542643059	0.338	0.886	1.93666804234177e-55	COTL1	c14
6.92254164971922e-60	-1.33142515709052	0.209	0.813	2.32168201848283e-55	COX7A2	c14
1.25033748142183e-59	-1.31464670873563	0.185	0.773	4.19338184519255e-55	HIGD2A	c14
1.28110959391493e-59	-1.31798205451743	0.218	0.814	4.29658535607191e-55	ABRACL	c14
1.66094498273645e-59	-1.13943128678487	0.237	0.839	5.5704772831015e-55	ELOB	c14
1.74409153782204e-59	-1.41326949388615	0.142	0.718	5.84933419954754e-55	C19orf53	c14
1.9393659592564e-59	-1.17892785594946	0.323	0.923	6.50424555415411e-55	SLC25A6	c14
2.02747781268362e-59	-1.03380650976008	0.502	0.98	6.79975508817834e-55	HNRNPA1	c14
2.18259646110848e-59	-0.922587482426463	0.655	0.998	7.31999201126563e-55	FTH1	c14
2.32906713800842e-59	-1.81165993041613	0.095	0.644	7.81122536745262e-55	SMDT1	c14
6.59145830103318e-59	-1.12402274438496	0.329	0.921	2.21064328500051e-54	YBX1	c14
7.1466068167722e-58	-1.12400410708843	0.348	0.931	2.39682899420906e-53	ARPC3	c14
9.28338040006599e-58	-1.04315178324343	0.44	0.969	3.11346011857413e-53	H3F3A	c14
1.27297611978476e-57	-0.826403268062403	0.732	0.999	4.26930731053414e-53	PTMA	c14
3.17155508022003e-57	-1.63649624135304	0.197	0.723	1.06367614280419e-52	ANXA1	c14
4.0213971669409e-57	-1.46965510603357	0.129	0.687	1.34869618184864e-52	NEDD8	c14
6.65199306427098e-57	-0.95302824991531	0.409	0.961	2.2309454338952e-52	RPS11	c14
9.96136864759254e-57	-1.07821601849429	0.222	0.821	3.34084381702959e-52	APRT	c14
1.16857912626256e-56	-1.03697954749859	0.188	0.779	3.91918067365937e-52	ANAPC16	c14
1.263983495413e-56	-1.84001436819333	0.083	0.61	4.23914784691611e-52	TBCA	c14
2.95616396742516e-56	-1.1937137109644	0.218	0.797	9.9143827139505e-52	EIF3H	c14
4.04768395844498e-56	-1.04131906415774	0.406	0.956	1.35751224598328e-51	PCBP1	c14
4.05785979010191e-56	-1.19717824905751	0.206	0.801	1.36092501640438e-51	PPP1CA	c14
7.38426280163402e-56	-1.09193269168388	0.188	0.773	2.47653405841202e-51	TRMT112	c14
1.16569315865195e-55	-1.21411377186605	0.255	0.844	3.9095017154869e-51	NDUFA4	c14
2.18378154570395e-55	-1.29205883947831	0.191	0.763	7.32396654798192e-51	HNRNPA0	c14
5.68521574063587e-55	-1.26741035783333	0.182	0.753	1.90670765509446e-50	ATP5MD	c14
1.50624939446753e-54	-0.964988210609641	0.378	0.957	5.05165921916521e-50	PPDPF	c14
1.90155436063866e-54	-1.48184932226193	0.163	0.71	6.37743301470992e-50	GNG5	c14
1.95795922999692e-54	-1.43583589490376	0.126	0.67	6.56660366556366e-50	GABARAPL2	c14
2.17516176555066e-54	-1.6469776961837	0.12	0.652	7.29505752930382e-50	PRDX1	c14
2.28157851724621e-54	-1.24847550406779	0.215	0.801	7.65195803114035e-50	RPS17	c14
2.30160886582929e-54	-1.2888995481628	0.225	0.793	7.71913581421827e-50	EIF3L	c14
5.82778395595131e-54	-1.66678998387154	0.132	0.669	1.95452218314695e-49	SEC61G	c14
1.31751981964939e-53	-1.26864287508643	0.169	0.726	4.41869797114012e-49	GPX4	c14
1.57332440037899e-53	-1.5707265572474	0.194	0.744	5.27661537399106e-49	TUBB	c14
2.30086568563323e-53	-1.0687848680726	0.357	0.895	7.71664333647673e-49	IFITM2	c14
2.84011021460751e-53	-1.15411905611085	0.191	0.764	9.52516163775068e-49	SEC61B	c14
4.13161510243289e-53	-1.13790837660687	0.2	0.778	1.38566107305394e-48	NDUFS5	c14
8.79882750229377e-53	-1.00940898685849	0.228	0.814	2.95095076771928e-48	PSMA7	c14
1.18935518410222e-52	-1.50947433701104	0.16	0.69	3.98885941644202e-48	NME2	c14
1.62288602022526e-52	-1.41125376769155	0.138	0.678	5.44283513463147e-48	ATP5PF	c14
2.16164715297715e-52	-0.950471826644503	0.28	0.876	7.24973222165476e-48	CALM2	c14
2.48117966051915e-52	-0.93155940151456	0.492	0.984	8.32138034544913e-48	PFDN5	c14
3.58158687112242e-52	-1.1580627563914	0.197	0.762	1.20119260483704e-47	RGS10	c14
7.1374407716317e-52	-0.701167026983894	0.788	0.999	2.39375488598984e-47	EIF1	c14
1.05066302957204e-51	-2.14099750886846	0.068	0.559	3.52371366857869e-47	PPA1	c14
2.13608814370347e-51	-1.19021687920541	0.178	0.741	7.16401241635269e-47	TRAPPC1	c14
2.70342252583552e-51	-1.19666805100524	0.197	0.753	9.06673846714716e-47	UQCRH	c14
4.40990971671737e-51	-1.27977889272316	0.169	0.716	1.47899552079267e-46	VAMP8	c14
5.4582884403082e-51	-1.40328335329616	0.135	0.663	1.83060077711056e-46	ISCU	c14
6.30826228999399e-51	-1.23331492951328	0.206	0.763	2.11566500681818e-46	ATP5MC3	c14
6.70548022422236e-51	-0.837713801323918	0.588	0.993	2.24888395759969e-46	EEF1D	c14
9.61114576798412e-51	-1.11356160400127	0.2	0.763	3.22338606766651e-46	BRK1	c14
7.80356256064815e-50	-1.22841085706421	0.148	0.672	2.61715881159018e-45	DBI	c14
1.00202453645223e-49	-1.02390521754364	0.191	0.746	3.36058989035349e-45	POLR2L	c14
2.84085381290128e-49	-0.922712010055094	0.271	0.839	9.52765551770832e-45	RAN	c14
4.47307096288453e-49	-1.36937558251787	0.132	0.648	1.50017853953221e-44	PRELID1	c14
8.63310454820481e-49	-1.67271042344719	0.175	0.696	2.89537060337693e-44	TUBA1B	c14
1.90608679986121e-48	-1.01176204325287	0.286	0.85	6.39263390937454e-44	CAPZB	c14
2.22812646542617e-48	-1.61647216177722	0.098	0.591	7.47269053974628e-44	ATP6V1F	c14
2.29960655359623e-48	-0.958702107600024	0.283	0.871	7.71242045945103e-44	UBL5	c14
3.16138959327629e-48	-1.18275076006738	0.138	0.656	1.060266841793e-43	SNRPG	c14
3.49714172969636e-48	-0.987649117763227	0.348	0.896	1.17287139330556e-43	RARRES3	c14
3.50862342168608e-48	-1.32930610806377	0.138	0.659	1.17672212316508e-43	COX7B	c14
4.23028927816419e-48	-0.969500172385882	0.274	0.82	1.41875441811071e-43	LDHA	c14
5.57227738521643e-48	-1.63596903842278	0.126	0.627	1.86883038945389e-43	NOP10	c14
6.55872748103874e-48	-0.977847773997845	0.311	0.87	2.19966602259077e-43	SUB1	c14
7.66272862920769e-48	-1.2288519865972	0.209	0.739	2.56992592766367e-43	SLC25A5	c14
8.95805633207866e-48	-0.931528505604117	0.249	0.824	3.00435293265254e-43	SERP1	c14
9.24711010848063e-48	-1.38443287717427	0.132	0.64	3.10129578818223e-43	PRDX5	c14
1.11589515293363e-47	-1.43938654360152	0.117	0.615	3.74248916390881e-43	UQCRQ	c14
1.32132140404257e-47	-0.991179271368508	0.2	0.76	4.43144772487799e-43	PARK7	c14
3.1965533063418e-47	-0.95523055164867	0.262	0.829	1.07206004788091e-42	SOD1	c14
6.3230698496992e-47	-1.27569584280772	0.12	0.614	2.12063116619212e-42	UBE2L6	c14
9.63212859072007e-47	-1.06687289332364	0.292	0.839	3.2304232867557e-42	TPI1	c14
9.81724860690359e-47	-1.02862935152638	0.203	0.752	3.29250883778332e-42	SAP18	c14
1.14776290417783e-46	-1.13276732493029	0.258	0.799	3.84936722803161e-42	ENO1	c14
1.22352503741704e-46	-0.765166166704119	0.391	0.937	4.10345827048927e-42	UBB	c14
1.22811104390355e-46	-1.26378373526427	0.157	0.664	4.11883881904372e-42	COX5A	c14
1.97553836284495e-46	-0.944329792820002	0.289	0.86	6.62556056130938e-42	TRIR	c14
1.98896135806841e-46	-1.25278203887127	0.142	0.651	6.67057860268984e-42	ATP5PB	c14
2.01191708229907e-46	-1.02237447154333	0.194	0.728	6.74756751061461e-42	C4orf3	c14
2.16548400948558e-46	-0.943078159678097	0.234	0.797	7.26260027101274e-42	EIF3G	c14
2.47546209702857e-46	-1.13473107804497	0.129	0.64	8.30220478101441e-42	NDUFB4	c14
2.68973863643726e-46	-0.960521291718944	0.222	0.785	9.0208454388833e-42	EIF4B	c14
2.93860589062159e-46	-1.04835355429978	0.203	0.728	9.85549643596669e-42	CALM3	c14
6.8063060911061e-46	-1.11577264188457	0.191	0.714	2.28269893683516e-41	NDUFB2	c14
7.54852530000443e-46	-0.836385071304769	0.455	0.967	2.53162441511549e-41	OAZ1	c14
9.43000331868958e-46	-0.996733306175857	0.16	0.683	3.16263451302211e-41	SRP9	c14
1.33973496240134e-45	-0.941017997372138	0.329	0.882	4.49320311690163e-41	TPM3	c14
1.62507754180408e-45	-0.911816562358181	0.2	0.73	5.45018505970254e-41	GNB2	c14
2.03525107696947e-45	-0.807426766418951	0.702	0.981	6.82582506194022e-41	IL32	c14
2.7108807826123e-45	-1.25922687306702	0.12	0.599	9.09175196872515e-41	TXN	c14
3.25157887253135e-45	-1.02194295697894	0.182	0.709	1.09051452226956e-40	PEBP1	c14
3.41759515109628e-45	-0.954574927328158	0.385	0.893	1.14619306177467e-40	TAGLN2	c14
9.96913643452655e-45	-0.888761255297482	0.314	0.87	3.34344897741151e-40	NOP53	c14
1.36790751209681e-44	-0.882459743255594	0.258	0.813	4.58768821407028e-40	COX5B	c14
1.8586266414295e-44	-1.02694998730585	0.148	0.65	6.23346203002627e-40	ST13	c14
1.93921603001026e-44	-0.956502132032664	0.212	0.74	6.5037427214484e-40	PGAM1	c14
2.48506214644892e-44	-1.57978720622793	0.095	0.556	8.3344014267604e-40	YWHAH	c14
3.20665705400393e-44	-1.23310538501157	0.151	0.645	1.07544864277184e-39	CYCS	c14
3.93895126244923e-44	-1.3241881387624	0.114	0.592	1.32104547440022e-39	MZT2A	c14
7.49368566682514e-44	-1.24120547911984	0.129	0.617	2.51323229893982e-39	MINOS1	c14
7.86832676123528e-44	-0.80847081225369	0.554	0.982	2.63887942918309e-39	RAC2	c14
8.11137311874334e-44	-1.03775609457988	0.203	0.733	2.72039231656414e-39	FKBP1A	c14
9.07964109757427e-44	-0.976276350808711	0.206	0.737	3.04513003130446e-39	OSTF1	c14
1.04932043819158e-43	-1.05340378400295	0.228	0.743	3.51921088560692e-39	HIST1H4C	c14
1.24433063004216e-43	-0.940788491001128	0.169	0.683	4.17323606703538e-39	UXT	c14
2.68096096840797e-43	-1.25505601465199	0.12	0.606	8.99140689584666e-39	NDUFB10	c14
2.87465755983505e-43	-1.39394303872463	0.12	0.594	9.64102652417478e-39	POMP	c14
8.05161081916202e-43	-1.02574677930845	0.148	0.64	2.70034923653056e-38	RAP1A	c14
3.04270041549792e-42	-1.35663638417368	0.126	0.601	1.02046086534969e-37	PRDX2	c14
4.18869485402667e-42	-1.03889277415055	0.135	0.621	1.40480448014347e-37	PHB2	c14
4.96286103780175e-42	-1.04473946620322	0.206	0.72	1.66444433485795e-37	ATP5MF	c14
5.52793199372072e-42	-0.992612981762014	0.157	0.654	1.85395783205406e-37	LAMTOR4	c14
7.72815771420848e-42	-1.18850044382183	0.102	0.562	2.59186953419124e-37	TSTD1	c14
9.93251447169683e-42	-1.20687755112895	0.148	0.632	3.33116670351768e-37	RTRAF	c14
1.99491979350202e-41	-0.688788278376367	0.228	0.759	6.69056200344706e-37	ZFAS1	c14
4.04996326595162e-41	-0.846018570675937	0.338	0.875	1.35827668013485e-36	COX6A1	c14
4.32346828459401e-41	-1.08722073501217	0.129	0.6	1.45000479328714e-36	ATP5PD	c14
6.96859776174547e-41	-1.14019849607619	0.169	0.654	2.3371283173342e-36	ATP5F1A	c14
7.66150424236723e-41	-1.35414661206755	0.123	0.584	2.56951529280512e-36	RBX1	c14
8.01663074538908e-41	-0.867756304689272	0.28	0.822	2.68861761938859e-36	HNRNPF	c14
9.99309369930202e-41	-1.3447170190261	0.089	0.532	3.35148376487191e-36	TALDO1	c14
1.25281077561411e-40	-1.629227371968	0.058	0.477	4.20167677925459e-36	NDUFB3	c14
1.52229382285111e-40	-1.5627632716955	0.098	0.538	5.10546902307804e-36	BANF1	c14
2.13138330831643e-40	-0.906899665247183	0.329	0.847	7.14823333943164e-36	PSMB9	c14
2.73593750915037e-40	-0.71889418343842	0.212	0.732	9.1757872181885e-36	FKBP8	c14
2.86170161394062e-40	-0.873708870775435	0.326	0.865	9.59757487283405e-36	GMFG	c14
4.9158183879606e-40	-1.2421341052195	0.117	0.575	1.64866717095422e-35	SUMO1	c14
5.4639192765496e-40	-1.11062236855196	0.206	0.685	1.83248924696921e-35	DYNLL1	c14
6.56082650700805e-40	-1.39780353265058	0.102	0.549	2.20036999392036e-35	PSMA6	c14
6.57085436207703e-40	-0.879462194854667	0.188	0.695	2.20373313595339e-35	SNU13	c14
8.96118888839914e-40	-1.31918447367677	0.077	0.509	3.0054035293913e-35	MAGOH	c14
9.45187148246176e-40	-0.928877226536358	0.225	0.742	3.16996865778802e-35	NDUFB11	c14
1.65302554638317e-39	-0.860493722304963	0.209	0.727	5.54391707745987e-35	CSDE1	c14
1.66182597302573e-39	-0.870157005028513	0.44	0.915	5.5734319483337e-35	CRIP1	c14
2.18668755489014e-39	-0.769144903010496	0.265	0.794	7.33371272159054e-35	SLC25A3	c14
2.49009079359818e-39	-0.778019910239623	0.222	0.742	8.35126650356958e-35	TMEM258	c14
2.8915745287175e-39	-0.976001264157396	0.24	0.739	9.69776265441276e-35	SERBP1	c14
3.13641694419474e-39	-0.951866666514699	0.148	0.625	1.05189151474403e-34	ATP5MPL	c14
5.07687397069066e-39	2.25539925117079	0.68	0.648	1.70268199229023e-34	DDX17	c14
5.97610990051978e-39	-0.551882983960866	0.243	0.779	2.00426773843633e-34	ATP5F1D	c14
8.45396828018842e-39	-0.918385886661179	0.151	0.632	2.83529188180959e-34	ERH	c14
9.47023108418606e-39	-0.850009034388628	0.212	0.708	3.17612610101432e-34	ZYX	c14
1.21255679235351e-38	-0.812019695859875	0.277	0.789	4.06667297019518e-34	LY6E	c14
1.52365243603416e-38	-0.936197743682587	0.218	0.717	5.11002553997137e-34	ARPC5	c14
1.54925133203732e-38	-0.872533312429853	0.258	0.757	5.19587911738676e-34	ANP32B	c14
1.92971742252989e-38	-1.1670887084668	0.145	0.606	6.47188629168076e-34	COX7A2L	c14
1.93926072657822e-38	-0.670100103860934	0.218	0.735	6.50389262479803e-34	RAP1B	c14
3.92126032156697e-38	-0.936376037235096	0.317	0.843	1.31511228664713e-33	HMGN2	c14
4.41790554810854e-38	-0.905503239901932	0.114	0.562	1.48167716272464e-33	SNRPD3	c14
5.8539165955285e-38	-1.06451555578656	0.105	0.54	1.96328654780835e-33	EIF3I	c14
7.75272043954656e-38	-1.08354527621372	0.108	0.545	2.60010738101512e-33	COPS9	c14
9.69624441671331e-38	-0.877088486095317	0.24	0.745	3.25192645247731e-33	GYPC	c14
1.16019955455853e-37	-0.820963983448517	0.169	0.64	3.89107726607838e-33	PSMB3	c14
1.292316083581e-37	-0.76113607190716	0.345	0.876	4.33416968111394e-33	CD48	c14
1.32073432833591e-37	-0.602342985722873	0.726	0.996	4.42947879037298e-33	H3F3B	c14
1.35605639387549e-37	-0.714658874074162	0.206	0.704	4.54794193377961e-33	C9orf16	c14
1.97753147335725e-37	-0.748030194044447	0.32	0.851	6.63224505534554e-33	SSR2	c14
2.01107425471667e-37	-1.19105926676055	0.563	0.898	6.74474083546877e-33	FOS	c14
2.41162747559587e-37	-1.55620900730189	0.108	0.525	8.08811622765344e-33	ANXA2	c14
2.97245535326883e-37	-1.18162144926108	0.111	0.543	9.969020763793e-33	TMEM230	c14
3.0687965011633e-37	-1.38257787803551	0.074	0.483	1.02921297056015e-32	MRPL54	c14
3.0795704147483e-37	-0.840621906742505	0.117	0.561	1.03282632569829e-32	PSMB6	c14
3.47494471521205e-37	-0.85114540930099	0.145	0.605	1.16542695858782e-32	NSA2	c14
4.17273022448897e-37	-0.706525509570664	0.286	0.803	1.39945026268911e-32	ATP5F1B	c14
5.0496346258407e-37	-1.15410216885694	0.12	0.555	1.69354646081445e-32	ANAPC11	c14
5.14438502615003e-37	-0.817612887222111	0.117	0.559	1.7253238500702e-32	PYURF	c14
6.76735706520231e-37	-0.830293446674215	0.148	0.606	2.26963621252755e-32	PSMD8	c14
6.80097838643532e-37	-0.838302965510667	0.163	0.627	2.28091213124268e-32	RPL22L1	c14
6.92087041978701e-37	-0.741157495137625	0.277	0.808	2.32112152138817e-32	UBE2D2	c14
1.04744559413342e-36	-1.1376366224919	0.123	0.562	3.51292303360468e-32	GTF3A	c14
1.16935129479982e-36	-0.914783522507432	0.166	0.632	3.92177037249962e-32	EIF5A	c14
1.45436841692491e-36	-0.725507089262879	0.24	0.76	4.87766079668276e-32	NDUFA1	c14
1.45713882989462e-36	-0.729010656163229	0.228	0.734	4.88695220770059e-32	ATP5IF1	c14
1.47287415101198e-36	-0.957444203681756	0.129	0.573	4.93972532766399e-32	RSL24D1	c14
1.57974333046518e-36	-0.767632786116733	0.246	0.764	5.29814318171413e-32	CSTB	c14
1.62821759511305e-36	-0.774301508125249	0.197	0.649	5.46071617049016e-32	CITED2	c14
1.85454164800918e-36	2.40366861842521	0.671	0.655	6.21976177909319e-32	RNF213	c14
2.69126297265706e-36	-0.653722275130186	0.32	0.865	9.02595775769725e-32	EDF1	c14
2.93559180176458e-36	-0.879226490329482	0.151	0.606	9.84538778475805e-32	UFC1	c14
3.77306255331309e-36	-0.903759286495065	0.622	0.957	1.26540971913014e-31	DUSP1	c14
5.289156969071e-36	-1.03580034866917	0.117	0.552	1.77387746428703e-31	NDUFA12	c14
6.9946518753792e-36	-1.09791092685117	0.117	0.548	2.34586634596468e-31	CHCHD10	c14
7.6084244656371e-36	-0.925513288248438	0.105	0.531	2.55171339728537e-31	RAB5C	c14
1.35267252525724e-35	-1.56748330410143	0.108	0.509	4.53659311520772e-31	MT2A	c14
1.51779176607005e-35	-1.42113572982073	0.089	0.498	5.09037002504575e-31	ELOC	c14
1.59543655908762e-35	-1.0914944140522	0.151	0.586	5.35077513186806e-31	CDK2AP2	c14
1.80838787131572e-35	-1.19517635926524	0.095	0.507	6.06497124281866e-31	POLR2E	c14
2.72458807473027e-35	-0.67795497042723	0.452	0.93	9.13772348503037e-31	CLIC1	c14
3.56648066267397e-35	-0.818812545494893	0.157	0.607	1.1961262846476e-30	RAC1	c14
3.75446689934739e-35	-0.637606024123815	0.188	0.662	1.25917310870313e-30	KRT10	c14
4.08616135376557e-35	-0.838331311125021	0.163	0.62	1.3704167948259e-30	NDUFB9	c14
4.41514997582995e-35	-0.843516131119039	0.169	0.633	1.48075299889385e-30	ATP5F1C	c14
5.75425150065452e-35	-0.777747320401504	0.123	0.556	1.92986086828951e-30	RAB7A	c14
5.77572070434266e-35	-0.878718983595899	0.157	0.611	1.93706120982244e-30	NDUFV2	c14
6.8250654975049e-35	-0.704078117024678	0.182	0.65	2.28899046655319e-30	RALY	c14
7.43260242121955e-35	-0.781137798595405	0.243	0.73	2.49274620002861e-30	PSMB10	c14
7.98315209895599e-35	-1.17261670642523	0.086	0.486	2.67738955094786e-30	ABHD14B	c14
8.76022712702675e-35	-1.99604309569888	0.068	0.442	2.93800497386223e-30	LGALS3	c14
1.13203227738434e-34	-0.750474434381652	0.157	0.615	3.7966098518916e-30	FAM96B	c14
1.27289178034413e-34	-0.785002328314373	0.191	0.662	4.26902445291814e-30	SNRPB	c14
1.52513165528784e-34	-0.801138433131058	0.126	0.56	5.11498654550435e-30	AP2M1	c14
1.65327230446555e-34	3.0298706340164	0.597	0.481	5.54474465471657e-30	NEAT1	c14
1.81497168050933e-34	-0.767546619958998	0.237	0.728	6.08705202209219e-30	CDC42	c14
2.27771289384147e-34	-0.944770119344229	0.203	0.643	7.63899350336552e-30	RGCC	c14
2.89006807683224e-34	-0.678887835505409	0.44	0.941	9.69271031607996e-30	CCNI	c14
3.05854963034796e-34	-0.732626741899606	0.16	0.611	1.0257763750261e-29	PSMA5	c14
3.72935257014539e-34	-1.14133688787519	0.065	0.443	1.25075026497536e-29	RPS19BP1	c14
4.96211122604839e-34	-1.62392942581775	0.068	0.449	1.66419286299211e-29	POLR2K	c14
5.0146588401979e-34	-1.30065865230872	0.089	0.485	1.68181628182557e-29	DCTN3	c14
5.27392569723463e-34	-0.771573430662315	0.225	0.706	1.76876920033855e-29	SELENOK	c14
6.08693595492822e-34	-0.691957582569636	0.308	0.813	2.04143658056383e-29	CAP1	c14
6.10408719581768e-34	-0.765353155331857	0.283	0.763	2.04718876373333e-29	CNN2	c14
6.34491826851347e-34	-1.49992066727474	0.058	0.431	2.12795868889405e-29	PNP	c14
6.52413564880232e-34	-1.2462481453004	0.095	0.499	2.18806461389532e-29	PUF60	c14
7.55980407674178e-34	-0.780578405996865	0.129	0.556	2.53540709125766e-29	ROMO1	c14
9.4138430319837e-34	-1.47363505365294	0.08	0.468	3.15721467606669e-29	MRPL33	c14
9.98774828822532e-34	-0.57186297301618	0.292	0.82	3.34969102090501e-29	GUK1	c14
1.01153972459319e-33	-0.483449284246541	0.274	0.802	3.39250192834066e-29	PRR13	c14
1.11525130181378e-33	-2.02234676578395	0.062	0.423	3.74032981602305e-29	LGALS1	c14
1.36634328445113e-33	-0.635438979669335	0.262	0.771	4.58244210739219e-29	CIB1	c14
1.56301656153044e-33	-0.75399009972034	0.243	0.721	5.2420449440608e-29	PPP1R18	c14
1.69078655285488e-33	-0.915015256037772	0.105	0.512	5.67055994096469e-29	SNRPF	c14
1.69318384859515e-33	-0.734362170278086	0.191	0.646	5.67859999141842e-29	GSTP1	c14
1.96789074766772e-33	-0.816527902796695	0.105	0.512	6.59991198952802e-29	MRPL41	c14
2.15164889361864e-33	-0.469520909522551	0.203	0.683	7.21620005941821e-29	RBM8A	c14
2.51840735844123e-33	-1.11433993203741	0.095	0.492	8.4462345987402e-29	LAMTOR1	c14
2.55175784963577e-33	-0.623804607460254	0.203	0.675	8.55808547610846e-29	COPE	c14
2.94571936981428e-33	-0.920627199687752	0.114	0.526	9.87935362248314e-29	UBE2L3	c14
3.91318266051968e-33	-0.6415397089576	0.172	0.625	1.31240320068509e-28	TCEA1	c14
3.97443012297782e-33	-0.603533587531631	0.108	0.505	1.3329443746443e-28	HSPB1	c14
4.53691390248735e-33	-0.861070784318821	0.283	0.712	1.52159018461621e-28	FOSB	c14
5.03049080869654e-33	-0.938717268073335	0.117	0.53	1.68712600742065e-28	RWDD1	c14
5.06115305585742e-33	-0.838040817284653	0.188	0.634	1.69740951187346e-28	CSRNP1	c14
5.33714505407495e-33	-0.896905505053254	0.102	0.5	1.78997170823566e-28	COX17	c14
6.25561781219929e-33	-1.57798493820744	0.071	0.444	2.0980091018554e-28	ALKBH7	c14
6.33835466101086e-33	-0.558598958048357	0.385	0.921	2.12575738620982e-28	PCBP2	c14
8.79047287173383e-33	-0.715232143699863	0.172	0.623	2.94814879172209e-28	EIF3M	c14
9.05187110142156e-33	-0.664370199614805	0.16	0.602	3.03581652999476e-28	MAP1LC3B	c14
9.38124980576879e-33	-0.584168858923424	0.388	0.909	3.14628355985874e-28	CNBP	c14
1.03875479940809e-32	-1.37541236813241	0.077	0.456	3.48377584625486e-28	AP2S1	c14
1.19241867262247e-32	-1.69405927515018	0.142	0.509	3.99913374424125e-28	RPS4Y1	c14
1.22701217390453e-32	-0.574006510771299	0.191	0.661	4.11515342884101e-28	SELENOW	c14
1.26269767797279e-32	-1.69547911997985	0.074	0.448	4.23483547238515e-28	COPZ1	c14
1.40033607868763e-32	-0.830543539155673	0.138	0.556	4.69644714070257e-28	RSL1D1	c14
1.55429306453923e-32	-1.72852474950346	0.049	0.403	5.21278807985168e-28	PYCARD	c14
1.7822198326155e-32	-0.723368146157227	0.505	0.951	5.97720887462588e-28	ARPC2	c14
1.97551905277269e-32	-0.879853533251644	0.105	0.503	6.62549579918903e-28	FBL	c14
2.02143352393175e-32	-0.836605090839685	0.117	0.527	6.77948375256232e-28	RNF7	c14
2.25356225987376e-32	-0.667492300550042	0.397	0.896	7.55799710716462e-28	HNRNPK	c14
2.39308916764997e-32	-1.30454388477793	0.111	0.509	8.02594245046446e-28	NDUFAB1	c14
2.50792306283606e-32	-1.03010224747747	0.105	0.5	8.41107236813958e-28	NDUFB1	c14
3.11495422146526e-32	-0.998714345193307	0.095	0.485	1.04469334679502e-27	PSMB2	c14
4.147895971098e-32	-0.53188277730125	0.148	0.584	1.39112135078685e-27	AIP	c14
4.43865941335676e-32	-0.797390996021906	0.16	0.597	1.48863759405159e-27	DYNLRB1	c14
4.90397288365494e-32	-0.796560859009348	0.123	0.535	1.64469442572019e-27	TOMM5	c14
6.37099845494851e-32	-0.523258273851089	0.169	0.612	2.13670546182063e-27	LSM7	c14
8.18249992267735e-32	-0.651659189349864	0.182	0.628	2.74424682406753e-27	PA2G4	c14
8.68508161076503e-32	-0.765481615112023	0.135	0.559	2.91280267061837e-27	UBE2N	c14
8.90391491782322e-32	0.95932126827397	0.846	0.959	2.98619498513955e-27	EVL	c14
9.29122322921419e-32	-1.5341346515009	0.268	0.613	3.11609044661386e-27	KLRB1	c14
1.10455037747593e-31	-0.923136518584666	0.108	0.491	3.70444105597877e-27	TUBB4B	c14
1.14320110933424e-31	-0.796633169986422	0.108	0.502	3.83406788048518e-27	MRPL57	c14
1.36602680890066e-31	-1.07530541055429	0.098	0.484	4.58138071169102e-27	PGLS	c14
1.3870568057828e-31	-0.604735189985538	0.145	0.569	4.65191111523435e-27	UBE2V1	c14
1.7219534513713e-31	-0.810246991757772	0.145	0.565	5.77508748520908e-27	BIN1	c14
1.89584072294268e-31	-0.665696613975116	0.206	0.669	6.35827061660516e-27	UBE2I	c14
1.98108382220508e-31	-1.1659260815072	0.089	0.468	6.64415892291141e-27	SSNA1	c14
2.0478120221218e-31	-1.09587267429044	0.095	0.481	6.86795195979208e-27	NDUFA2	c14
2.79208186275421e-31	-1.33535848670514	0.108	0.498	9.36408415130508e-27	APH1A	c14
3.19947183338377e-31	-1.64214573498004	0.052	0.398	1.07303886348025e-26	FAAP20	c14
3.50510654710704e-31	-0.856306212335434	0.102	0.487	1.17554263376876e-26	NDUFC1	c14
3.73469170429222e-31	-0.998829546256667	0.114	0.51	1.25254090378552e-26	NDUFB7	c14
3.89224512627641e-31	-1.13112847236861	0.074	0.439	1.30538117045058e-26	PRDX3	c14
4.09412484407668e-31	-1.41770816732839	0.065	0.419	1.37308759020644e-26	MEA1	c14
4.13153146029997e-31	-0.404583540528656	0.132	0.548	1.3856330211554e-26	MEAF6	c14
4.58925336552969e-31	-0.837614770663024	0.274	0.705	1.53914379373135e-26	NFKBIA	c14
5.46782948156884e-31	-1.55497617256833	0.055	0.402	1.83380065152856e-26	PFDN2	c14
6.13605357804083e-31	-0.682118965754259	0.129	0.536	2.05790964900333e-26	CCT7	c14
7.07861917487966e-31	-0.845225619903327	0.138	0.554	2.37402729887114e-26	TMEM14B	c14
7.25589967998299e-31	-1.37290317080304	0.092	0.459	2.4334836346727e-26	HMGA1	c14
9.72151020674743e-31	-1.28010305970535	0.058	0.409	3.26040009313895e-26	MRPL34	c14
1.224343318187e-30	-1.08512181629874	0.111	0.498	4.10620262053556e-26	C1QBP	c14
1.23025988020164e-30	-0.639655624276755	0.151	0.571	4.12604558622025e-26	SF3B5	c14
1.26656408234608e-30	-0.658177122346962	0.154	0.582	4.24780261937228e-26	SSBP1	c14
1.31644097363565e-30	-1.97298431225853	0.043	0.378	4.41507973737925e-26	GSTO1	c14
1.39856197579968e-30	-0.544004881737957	0.255	0.747	4.69049715443696e-26	MORF4L1	c14
1.46469201977189e-30	-0.334559232375618	0.222	0.699	4.91228409591097e-26	ARL6IP4	c14
1.50505505228941e-30	-1.01588874841171	0.129	0.523	5.04765363436821e-26	PLP2	c14
1.52066364374837e-30	-0.496031299782397	0.295	0.794	5.10000172840329e-26	HNRNPC	c14
1.75570246948137e-30	-0.935875825076907	0.098	0.477	5.88827494214661e-26	DDT	c14
1.87822506491722e-30	-1.12539653958157	0.098	0.477	6.29919122271937e-26	MGST3	c14
2.10001859173132e-30	-1.18297083024105	0.071	0.428	7.04304235294849e-26	CLPP	c14
2.19171030243453e-30	-0.510213494093562	0.222	0.686	7.35055801230494e-26	SEM1	c14
2.19479308766956e-30	-0.711317010825663	0.178	0.616	7.36089705742616e-26	MAT2B	c14
2.2394972959096e-30	-0.689134176365536	0.172	0.599	7.51082603102163e-26	CMPK1	c14
2.92827710880288e-30	-0.339505441018678	0.237	0.727	9.82085576750309e-26	ANXA11	c14
3.10539159827447e-30	-0.960728887098675	0.132	0.531	1.04148623422929e-25	NDUFA6	c14
3.32794436416293e-30	-1.09804079862461	0.111	0.496	1.11612598085296e-25	LSM2	c14
3.4291835339832e-30	-0.791594265983155	0.095	0.47	1.15007957362729e-25	POLR2J	c14
3.49588639550223e-30	-1.06419366865848	0.083	0.446	1.17245037932354e-25	SBDS	c14
4.05036725432538e-30	-1.18575930665983	0.083	0.446	1.35841216975565e-25	STMP1	c14
4.89785439434604e-30	-1.01375052674093	0.092	0.463	1.64264240677578e-25	COX14	c14
5.54575668043531e-30	-0.818035666857037	0.132	0.537	1.85993587548439e-25	SF3B6	c14
5.70307675606808e-30	-0.504849212584849	0.206	0.67	1.91269788245011e-25	SH3BGRL	c14
5.758489386951e-30	-0.885881908464155	0.102	0.479	1.93128217059563e-25	CHMP2A	c14
6.56258894240586e-30	-0.563387668956639	0.225	0.69	2.20096107950408e-25	PSMB1	c14
7.18033282451679e-30	-0.83106031133689	0.135	0.541	2.40814002268644e-25	FIS1	c14
8.31891347824145e-30	-0.97936850478443	0.12	0.506	2.78999720233262e-25	RGS19	c14
1.00595086021106e-29	-0.923000566919479	0.135	0.531	3.37375799497586e-25	JPT1	c14
1.03465822098363e-29	-0.834360416673264	0.148	0.53	3.47003674153491e-25	RGS2	c14
1.0574786637711e-29	-0.42130824042685	0.178	0.609	3.54657194255553e-25	ATP5ME	c14
1.06081622211338e-29	-0.661395418156974	0.154	0.571	3.55776544572386e-25	ZNF706	c14
1.24832911384167e-29	-0.50137855441081	0.268	0.754	4.1866461820022e-25	ARHGDIA	c14
1.39441766803739e-29	-1.3715297789717	0.068	0.415	4.67659797506381e-25	GLIPR2	c14
1.40924478912793e-29	-0.883221895409279	0.114	0.496	4.72632517377724e-25	TOMM22	c14
1.82667157749287e-29	-0.733103019290781	0.166	0.588	6.12629113659559e-25	SRI	c14
1.8503335730039e-29	-1.09208637331711	0.077	0.431	6.20564873714047e-25	SNRPC	c14
2.01440818605837e-29	-0.570987190713584	0.348	0.866	6.75592217440256e-25	SSR4	c14
2.16335675633505e-29	-0.508561738223488	0.188	0.623	7.25546588939651e-25	RHOF	c14
2.23871251363517e-29	-0.432660541938858	0.228	0.69	7.50819402822962e-25	SELENOH	c14
2.42617441105931e-29	-0.560571267655183	0.231	0.704	8.13690373981072e-25	WDR83OS	c14
3.40426604316881e-29	-1.26901991955169	0.065	0.407	1.14172274555795e-24	SEC13	c14
3.53532432746238e-29	-1.4435596704845	0.055	0.387	1.18567707294433e-24	LYSMD2	c14
3.78681471582553e-29	-0.882172048283204	0.114	0.494	1.27002191939357e-24	VDAC1	c14
4.62376654924011e-29	-0.8963221347601	0.098	0.466	1.55071882528415e-24	GYG1	c14
5.74866249562546e-29	-0.504929145856281	0.117	0.503	1.92798642778287e-24	NDUFAF3	c14
6.94061795945043e-29	-0.635866072726925	0.132	0.525	2.32774445124049e-24	TWF2	c14
1.02028389412368e-28	-0.842203006692789	0.08	0.431	3.42182812411201e-24	LAMTOR5	c14
1.06917666880543e-28	-0.485929151554333	0.212	0.659	3.58580471183965e-24	JTB	c14
1.26971058475085e-28	-1.17346319068165	0.074	0.418	4.25835535913741e-24	VAMP5	c14
1.33248479433318e-28	-0.693132006104478	0.138	0.534	4.46888750323463e-24	SRSF9	c14
1.57373967339187e-28	-0.489238824789965	0.415	0.909	5.27800811662166e-24	YWHAB	c14
2.42405445203775e-28	-0.36319062118114	0.172	0.596	8.12979382124419e-24	ENSA	c14
2.56089580769909e-28	-0.758539371475147	0.114	0.491	8.58873235986121e-24	ZNHIT1	c14
3.11987998212618e-28	-0.787436199884467	0.105	0.474	1.04634534840548e-23	ANXA7	c14
3.25634297323118e-28	-1.25076990031201	0.046	0.367	1.09211230636227e-23	CDC26	c14
3.30927798607289e-28	-0.57677911135817	0.262	0.733	1.10986565096913e-23	UBXN1	c14
3.34885793555745e-28	-0.698523076939913	0.268	0.729	1.12313997442726e-23	H2AFZ	c14
3.48099068788979e-28	-0.626976274591615	0.495	0.93	1.16745465690448e-23	ARPC1B	c14
3.94616310430517e-28	-0.661019640900567	0.111	0.484	1.32346418192187e-23	SS18L2	c14
4.80406978264935e-28	-0.62805889272361	0.255	0.716	1.61118892370494e-23	RBM3	c14
5.06022902131378e-28	-0.431431128602298	0.169	0.586	1.69709960916822e-23	C9orf78	c14
5.2631061789271e-28	-1.62631259149527	0.062	0.389	1.76514055028857e-23	SNRPE	c14
5.99933446426608e-28	-0.444449161748927	0.255	0.724	2.01205679262556e-23	AES	c14
7.03532147121673e-28	-0.689947697536983	0.166	0.58	2.35950611501667e-23	PPP2R1A	c14
7.04006363958947e-28	-0.704450026874097	0.135	0.526	2.36109654344552e-23	ILF2	c14
7.59528178261363e-28	-0.702932301801222	0.157	0.559	2.54730560425296e-23	VDAC2	c14
7.65902747412525e-28	-0.556984535355557	0.449	0.928	2.56868463427213e-23	LSP1	c14
9.54501552782827e-28	-1.2272463584523	0.08	0.42	3.20120730772304e-23	TMEM256	c14
1.01516092184797e-27	-0.482930358381353	0.351	0.862	3.40464669969371e-23	GPSM3	c14
1.06396412316166e-27	-0.522231916115784	0.117	0.494	3.56832287625957e-23	SDHC	c14
1.25808840184741e-27	-0.448956465760471	0.249	0.706	4.21937688211584e-23	WDR1	c14
1.33405187302537e-27	-1.00712676254153	0.102	0.457	4.47414317175249e-23	C4orf48	c14
1.52648443656966e-27	-1.11960191654268	0.074	0.411	5.11952350336732e-23	TXNL1	c14
1.59929455756023e-27	-1.04212654118516	0.077	0.414	5.36371408714552e-23	LSM5	c14
1.66568371648971e-27	-0.53269681852205	0.332	0.828	5.58637004836319e-23	ARF1	c14
2.2079533508545e-27	-0.813573794990169	0.102	0.46	7.40503394809582e-23	SNRPD1	c14
2.43279253396759e-27	-1.27497345522016	0.089	0.433	8.15909960042051e-23	RANBP1	c14
2.5264784158162e-27	-0.857967089704197	0.175	0.579	8.47330331096437e-23	TMED2	c14
2.54580820617555e-27	-1.00947818323628	0.12	0.487	8.53813156187157e-23	SIVA1	c14
2.59807100293404e-27	-0.560324059403019	0.163	0.557	8.71341052964018e-23	TUBA4A	c14
2.7523182612024e-27	-0.476256460401911	0.154	0.556	9.2307249844206e-23	RAD23A	c14
2.78421948812348e-27	-0.442096963716072	0.302	0.791	9.33771531926852e-23	RNASEK	c14
2.82360147888461e-27	-1.04281741991332	0.092	0.442	9.46979463988319e-23	GADD45GIP1	c14
2.98312629782349e-27	-1.41818478693144	0.052	0.369	1.00048089776404e-22	MRPS24	c14
3.18358240508214e-27	-0.689303880127161	0.182	0.595	1.06770986701645e-22	GPI	c14
3.45004887343248e-27	-0.335082696993977	0.572	0.962	1.15707739117179e-22	IFITM1	c14
3.59280118178503e-27	-1.12275749151149	0.089	0.434	1.20495366034706e-22	MRPS6	c14
3.93154703529217e-27	-0.661476850164163	0.422	0.866	1.31856224469629e-22	DNAJB1	c14
3.94757965733705e-27	-0.786709712663606	0.138	0.52	1.3239392654777e-22	METTL9	c14
4.56641810891815e-27	-0.597124358104013	0.135	0.522	1.53148530536897e-22	MRPL20	c14
4.70343605345999e-27	-0.387043004877801	0.234	0.681	1.57743838360941e-22	CCND3	c14
5.56514594403747e-27	-0.814166951074575	0.098	0.452	1.86643864671129e-22	LSM6	c14
5.58744400594768e-27	-0.543071380427845	0.148	0.53	1.87391697071473e-22	ANXA5	c14
6.51362817478302e-27	-0.189730177516557	0.231	0.701	2.18454061725873e-22	C11orf58	c14
7.34348636416637e-27	-0.576252852887348	0.32	0.764	2.46285845681412e-22	GIMAP4	c14
7.53033078179519e-27	1.3718417012319	0.84	0.98	2.52552233759847e-22	PTPRC	c14
8.27013115426354e-27	-0.782873150258171	0.086	0.43	2.77363658651691e-22	HMGN4	c14
1.06605987281121e-26	-0.574805437071828	0.203	0.63	3.57535160143424e-22	TOMM20	c14
1.11011864311124e-26	-0.622929194886101	0.148	0.537	3.72311590526648e-22	MDH1	c14
1.40715340237144e-26	-0.285429208824251	0.191	0.616	4.71931108087333e-22	SSU72	c14
1.46416187904996e-26	-0.685776662487251	0.142	0.524	4.91050610995775e-22	SCP2	c14
1.53091294073183e-26	-0.44347766685485	0.314	0.797	5.13437582062641e-22	SEPT9	c14
1.60803072689166e-26	-0.652085680809042	0.12	0.486	5.39301345184924e-22	POLR3GL	c14
1.73461166223877e-26	-0.873694840474382	0.098	0.436	5.81754059281639e-22	ITM2C	c14
2.04363790214495e-26	-1.85795064619452	0.04	0.339	6.85395279621373e-22	CISD3	c14
2.11545532906053e-26	-0.558896139927102	0.714	0.991	7.09481408260319e-22	HSPA8	c14
2.2211335445766e-26	-1.37532434615574	0.08	0.41	7.44923768180101e-22	LSM3	c14
2.28903720989486e-26	-0.938079157415248	0.086	0.423	7.67697299454537e-22	MPC2	c14
2.32438593847499e-26	-0.405354864677934	0.203	0.63	7.79552556045743e-22	TBCB	c14
2.58872930410108e-26	-0.817052059584796	0.108	0.461	8.68208034009421e-22	MRPL51	c14
3.30562051971612e-26	-0.256165064202628	0.215	0.645	1.10863900990239e-21	SNHG8	c14
3.38347271946021e-26	-0.418321068456857	0.2	0.627	1.13474908065257e-21	ECH1	c14
3.82453323942199e-26	-1.17625845226397	0.08	0.41	1.28267195783735e-21	PDAP1	c14
4.0375225072938e-26	-0.520494352152688	0.16	0.555	1.3541042984962e-21	C8orf59	c14
4.12979038242352e-26	-0.77892544465126	0.108	0.458	1.3850490984572e-21	NHP2	c14
4.31167512469415e-26	-0.560778838322371	0.126	0.491	1.44604960331992e-21	CCNDBP1	c14
4.327833450638e-26	-0.455433295088903	0.394	0.903	1.45146878267497e-21	DAZAP2	c14
4.41372627450236e-26	-0.838939679755312	0.111	0.463	1.4802755179426e-21	POLR2G	c14
4.93664265044398e-26	-1.05489889427202	0.102	0.44	1.6556512121059e-21	NCF1	c14
4.96882100707375e-26	-0.55867864691209	0.151	0.539	1.6664431893524e-21	STUB1	c14
5.02250501942507e-26	-1.27123553277348	0.062	0.376	1.68444773341478e-21	ZMAT2	c14
5.29065866799532e-26	-0.827016346390942	0.098	0.442	1.77438110407227e-21	MRPL52	c14
5.35734729037861e-26	-0.368157714564408	0.169	0.57	1.79674713424718e-21	POLR1D	c14
5.45648009781983e-26	-0.438058947421246	0.197	0.616	1.82999429520682e-21	NAP1L1	c14
5.99514502917431e-26	-0.771876363226323	0.12	0.48	2.01065173988448e-21	C19orf70	c14
7.34032031514688e-26	-0.483091621097468	0.185	0.583	2.46179662729396e-21	SET	c14
8.47453049805821e-26	-0.467324012143783	0.212	0.625	2.84218803843876e-21	YWHAQ	c14
9.54162399783214e-26	-0.472733718146757	0.292	0.761	3.20006985639294e-21	DRAP1	c14
1.00094953538135e-25	-0.529918455998344	0.142	0.518	3.35698455176196e-21	TMEM219	c14
1.05677339049416e-25	-0.615453102363331	0.095	0.437	3.54420659703932e-21	PDCD5	c14
1.14577609940737e-25	-0.760728708934547	0.142	0.505	3.84270388219245e-21	CORO1B	c14
1.21223935670116e-25	-0.346666232634976	0.289	0.772	4.06560835450434e-21	ERP29	c14
1.297019264918e-25	-0.46150222658833	0.142	0.523	4.349943210682e-21	PDCD6	c14
1.38368650885123e-25	-1.0917729433633	0.055	0.361	4.64060781338527e-21	FDX1	c14
1.45713953635539e-25	-0.314930525041296	0.243	0.691	4.8869545770287e-21	ARF6	c14
1.90325507401747e-25	-0.761074461398153	0.126	0.488	6.3831368672398e-21	SNX17	c14
1.93002595600093e-25	-1.35904560064023	0.058	0.362	6.47292105123593e-21	PDCL3	c14
1.99977778175348e-25	-1.29430616736365	0.058	0.365	6.70685472444481e-21	FAM162A	c14
2.21858945036736e-25	-0.278540897380544	0.182	0.593	7.44070529864206e-21	CBX3	c14
2.3414458936976e-25	-0.909620020534842	0.074	0.393	7.85274123828302e-21	THOC7	c14
2.86804610281463e-25	-1.04621275568556	0.086	0.415	9.6188530196197e-21	ZNF428	c14
2.95501667586993e-25	-0.674703542171742	0.126	0.484	9.91053492753258e-21	ZNRD1	c14
3.06481778241517e-25	-0.6290798246522	0.2	0.612	1.0278785878664e-20	MDH2	c14
3.1144423513508e-25	-1.08305665142185	0.083	0.407	1.04452167579603e-20	NUTF2	c14
3.64888991369793e-25	-0.987689508006073	0.095	0.425	1.22376469925601e-20	GIMAP2	c14
3.86728093367287e-25	-0.575922146370846	0.311	0.686	1.29700867953521e-20	IL7R	c14
3.98468299383779e-25	-0.553680835406443	0.169	0.562	1.33638298247332e-20	RAB1B	c14
4.07157561830252e-25	-0.43846778842157	0.2	0.612	1.3655250308663e-20	EIF3D	c14
4.12591667198702e-25	-0.543963198094118	0.126	0.487	1.38374993345101e-20	IMP3	c14
4.44552671337723e-25	-0.594559905838777	0.182	0.571	1.49094074913245e-20	PTP4A2	c14
4.50140047666262e-25	1.78555043232089	0.64	0.675	1.50967969186311e-20	RSRP1	c14
4.80053053418786e-25	-0.485704108894762	0.572	0.972	1.61000193055592e-20	PNRC1	c14
5.13064501338894e-25	-1.45782974992264	0.052	0.349	1.72071572459038e-20	MT1X	c14
5.13886507134879e-25	-0.827148115688685	0.08	0.401	1.72347256762896e-20	GTF3C6	c14
5.59102338954007e-25	2.10186352805705	0.591	0.565	1.87511742438395e-20	ARGLU1	c14
5.9961770058921e-25	-0.3789548738128	0.135	0.506	2.01099784423609e-20	DNAJC8	c14
6.58741237161372e-25	-0.917380034433881	0.111	0.455	2.20928636119181e-20	SF3B4	c14
6.60478256861659e-25	-0.722433304028135	0.098	0.431	2.21511197786263e-20	PCNP	c14
6.86094085030614e-25	-0.503781894504326	0.129	0.49	2.30102234237567e-20	SNRPB2	c14
6.91348768375168e-25	-0.572162158376447	0.098	0.434	2.31864549937664e-20	RNF181	c14
7.21135719402324e-25	-0.43163684412701	0.123	0.478	2.41854497573151e-20	SYF2	c14
7.39404410112073e-25	-0.643296590596971	0.203	0.59	2.47981451063387e-20	MYADM	c14
7.48338610950414e-25	-0.51292161434709	0.102	0.443	2.5097780334055e-20	PSMD4	c14
7.52275337041586e-25	-1.74551378206047	0.046	0.336	2.52298102537007e-20	APOBEC3C	c14
7.88025272420516e-25	-0.903336383036625	0.086	0.411	2.64287915864393e-20	NDUFB5	c14
8.04589942547684e-25	-0.381218541578567	0.148	0.524	2.69843374931642e-20	AURKAIP1	c14
1.01827975737957e-24	-0.476465263563339	0.126	0.483	3.41510665029961e-20	PPP1R11	c14
1.15986495530714e-24	-2.0653768798503	0.022	0.291	3.88995508710909e-20	BOLA3	c14
1.16639464989338e-24	-0.543485099527014	0.126	0.482	3.91185437681241e-20	SH3BP1	c14
1.21423602304607e-24	-0.417729258686862	0.135	0.498	4.0723047740919e-20	NOL7	c14
1.27233636590896e-24	-0.547518502534814	0.108	0.445	4.26716170398546e-20	EIF2S2	c14
1.4739750932234e-24	-0.46285063579627	0.44	0.915	4.94341766765264e-20	CD99	c14
1.58895516738697e-24	-1.13329388250844	0.062	0.364	5.32903784038244e-20	SZRD1	c14
1.72371728641191e-24	-0.375879550200169	0.222	0.65	5.78100303516826e-20	RHOG	c14
1.76908948604003e-24	-0.305449071471828	0.111	0.456	5.93317231828106e-20	ADRM1	c14
1.87103115312788e-24	-0.814994531875012	0.102	0.435	6.27506428136029e-20	ADH5	c14
2.07815457761066e-24	-0.378678409137998	0.203	0.614	6.96971482239065e-20	GHITM	c14
2.35053917481875e-24	-1.22842017858957	0.058	0.355	7.88323828450713e-20	TXNDC17	c14
2.45369212264972e-24	-0.901857875350223	0.077	0.391	8.22919264094264e-20	NENF	c14
2.46383822839065e-24	-0.864078327205012	0.055	0.352	8.26322065037656e-20	ASNA1	c14
2.88385590938417e-24	-1.24278849330862	0.052	0.345	9.67187594889263e-20	LAMTOR2	c14
3.04581576777989e-24	-1.01701552446723	0.077	0.388	1.02150569219802e-19	ETFB	c14
3.2240221304086e-24	-0.90206962743582	0.095	0.421	1.08127254209644e-19	NAA38	c14
3.33653609548704e-24	-0.445705833440351	0.209	0.615	1.11900747570444e-19	DHRS7	c14
3.96706840477049e-24	-0.937067984998163	0.086	0.405	1.33047540159193e-19	ATP5MC1	c14
4.23968212907664e-24	-0.62112629954135	0.231	0.622	1.42190459244972e-19	UCP2	c14
4.30950982916117e-24	-0.627835826902475	0.098	0.428	1.44532340650407e-19	SRP19	c14
5.22104930886002e-24	-0.962403527746615	0.074	0.379	1.75103551720547e-19	DNPH1	c14
5.26993979209642e-24	-0.517827679611702	0.329	0.771	1.7674324074733e-19	PKM	c14
5.49094116595893e-24	-0.496052328342225	0.286	0.718	1.84155184823931e-19	PSMB8	c14
5.70699903262879e-24	-0.827698521890614	0.092	0.413	1.91401333556304e-19	NDUFB6	c14
6.76631120888658e-24	-0.65994948736255	0.111	0.443	2.26928545323638e-19	NUDC	c14
7.05633192503806e-24	-0.669039757129816	0.126	0.479	2.36655260101926e-19	GTF2A2	c14
8.80197434131247e-24	-0.825854540743748	0.111	0.446	2.95200615458938e-19	CLNS1A	c14
9.36896306496022e-24	-0.650969766516093	0.111	0.44	3.14216283272636e-19	DSTN	c14
9.54548975352799e-24	-0.363872830268773	0.225	0.643	3.20136635353822e-19	NDUFA3	c14
1.01770052073572e-23	-0.329521168319721	0.271	0.738	3.41316400644344e-19	ATP6V0C	c14
1.02738067988834e-23	-0.420199609398383	0.194	0.596	3.44562932420953e-19	VAPA	c14
1.04239747919926e-23	-0.407948323312378	0.148	0.511	3.49599266573846e-19	HAX1	c14
1.08639232392192e-23	-1.27777390885416	0.068	0.365	3.64354257596933e-19	SUMO3	c14
1.14668079970051e-23	-0.298204751439952	0.265	0.71	3.84573806603557e-19	CUTA	c14
1.17332281576888e-23	-0.464542138884331	0.335	0.793	3.93509005952566e-19	SLC9A3R1	c14
1.17332743555433e-23	-1.25775123805314	0.058	0.349	3.93510555336213e-19	SLIRP	c14
1.23735939022834e-23	-0.355852826085338	0.16	0.531	4.14985592294782e-19	PSMC5	c14
1.43535727301049e-23	-0.779479919987766	0.083	0.393	4.81390122222258e-19	CMC2	c14
1.54472374940559e-23	-1.38498475918965	0.052	0.338	5.18069451075647e-19	ETHE1	c14
1.59002720578776e-23	-1.10423146059121	0.083	0.392	5.332633242771e-19	PPP6C	c14
1.85978581777041e-23	-0.572736617873294	0.16	0.527	6.23734967563839e-19	VASP	c14
1.89750151598897e-23	-1.05744166855837	0.055	0.342	6.36384058432381e-19	PSMD9	c14
1.92930753358767e-23	-0.362224941324172	0.228	0.645	6.47051160614632e-19	CHURC1	c14
2.07447130687964e-23	-0.641705616068978	0.671	0.962	6.95736186901293e-19	JUNB	c14
2.09826020118784e-23	-0.388170198659936	0.188	0.574	7.03714506274377e-19	CACYBP	c14
2.65737326371176e-23	-0.460006098512316	0.129	0.474	8.91229845183651e-19	NDUFS6	c14
3.03776957114181e-23	-0.292166551672351	0.286	0.731	1.01880715876954e-18	PDCD4	c14
3.28324685093195e-23	-1.11140875292867	0.058	0.345	1.10113532886556e-18	ESD	c14
3.4797612690669e-23	-0.880390343010705	0.077	0.381	1.16704233441966e-18	UBE2A	c14
3.5491513613793e-23	-0.263290260021154	0.255	0.709	1.19031438357939e-18	XRCC6	c14
3.70840287427295e-23	-0.725621178772462	0.086	0.398	1.24372415597366e-18	PPP1R7	c14
3.88383902583209e-23	-0.440058152924256	0.2	0.585	1.30256193248357e-18	FLT3LG	c14
4.25845020752256e-23	-0.398184602766641	0.169	0.541	1.42819903059892e-18	SNRPN	c14
4.4216736341674e-23	-0.799009855570634	0.083	0.39	1.48294090342706e-18	MAPRE1	c14
4.72720150833619e-23	-0.606711012417243	0.114	0.447	1.58540884186579e-18	ACP1	c14
5.18445306280855e-23	-0.518827259899018	0.612	0.987	1.73876186820473e-18	PABPC1	c14
5.40239232637157e-23	-0.385067390499315	0.114	0.445	1.8118543384185e-18	DGUOK	c14
6.21139653839764e-23	-0.400469510848873	0.16	0.527	2.0831781710478e-18	PRDX6	c14
6.72122624730505e-23	-0.200390254697358	0.166	0.536	2.25416485882117e-18	DOK2	c14
7.2586528748281e-23	-0.482697208806896	0.157	0.513	2.43440700115985e-18	CARD16	c14
7.81540418410003e-23	-0.131345146256536	0.302	0.749	2.62113025526347e-18	EMP3	c14
8.39258183943636e-23	-0.373775469183541	0.252	0.683	2.81470409731017e-18	EID1	c14
9.75149573398114e-23	-0.51501692254899	0.178	0.555	3.27045663926259e-18	CMTM3	c14
1.02326988099291e-22	-0.302399119001671	0.145	0.497	3.43184252687402e-18	EIF1B	c14
1.18963733181514e-22	-0.370448053991759	0.108	0.435	3.98980568344162e-18	MIEN1	c14
1.33291304191205e-22	-0.782670127376416	0.08	0.381	4.47032375996464e-18	EIF2A	c14
1.35047931507357e-22	-0.47233632123177	0.145	0.494	4.52923752689374e-18	ARPC5L	c14
1.50059596647576e-22	-0.732587431951593	0.08	0.381	5.0326987523664e-18	BUD31	c14
1.781222977764e-22	-0.368463171697354	0.138	0.485	5.97386562282491e-18	R3HDM4	c14
1.79501980835942e-22	-1.12213393700401	0.065	0.35	6.02013743327583e-18	ACAA2	c14
1.93850070438857e-22	-0.347532630055662	0.151	0.508	6.50134366237839e-18	PSMF1	c14
1.96515965354077e-22	-0.360953246336862	0.203	0.592	6.59075244604503e-18	BAX	c14
1.9870035580752e-22	-0.637973029177024	0.098	0.411	6.66401253307262e-18	APEX1	c14
2.07970504086274e-22	-0.788943327861823	0.055	0.334	6.97491476604546e-18	URM1	c14
2.23896739314113e-22	-0.634814134049417	0.126	0.459	7.50904884311672e-18	RGL4	c14
2.3684751719846e-22	-0.120244139205176	0.323	0.813	7.94339203180194e-18	ATP6V0E1	c14
2.42894442603427e-22	-0.298167502658574	0.24	0.657	8.14619381603373e-18	CCDC85B	c14
2.45966294543772e-22	-0.158491726575587	0.366	0.804	8.24921758640902e-18	PPP1R15A	c14
2.4688703606433e-22	-1.07650123094217	0.062	0.343	8.28009741552551e-18	TRAPPC6A	c14
2.51138034141389e-22	-0.594023840674297	0.117	0.445	8.4226673890339e-18	RAB11A	c14
2.60495942816731e-22	-0.408782770177576	0.206	0.601	8.73651293018753e-18	GDI2	c14
2.65943083269948e-22	-0.371305593281533	0.114	0.439	8.91919912670753e-18	CCT5	c14
2.72527591328612e-22	-0.238821483893257	0.234	0.648	9.140030357979e-18	P4HB	c14
2.88183887729949e-22	-0.60289258471966	0.114	0.441	9.66511122668703e-18	PSMA3	c14
2.93086031035791e-22	-0.286178442768026	0.182	0.54	9.82951930887837e-18	LINC01871	c14
3.01799981378741e-22	-0.286762435826104	0.185	0.567	1.01217677754802e-17	OCIAD2	c14
3.1489151254405e-22	-0.331566677396187	0.175	0.548	1.05608315477024e-17	ARRB2	c14
3.34752308943985e-22	-1.12001204462972	0.058	0.335	1.12269229373634e-17	POLR2I	c14
3.48572882650942e-22	-1.02775901749508	0.071	0.36	1.16904373383473e-17	RELA	c14
3.93940630662187e-22	-0.878149420116442	0.08	0.375	1.32119808711484e-17	CHMP5	c14
4.08461839190199e-22	-0.504039785605632	0.102	0.414	1.36989931627609e-17	NDUFA11	c14
4.1016259599575e-22	-0.581603743565307	0.092	0.397	1.37560331445054e-17	DGCR6L	c14
4.50838194456632e-22	-0.720791435704578	0.083	0.38	1.51202113656865e-17	BCL7B	c14
4.63342964047544e-22	-0.599878063829545	0.108	0.422	1.55395963282265e-17	YWHAE	c14
5.04517867298203e-22	-0.734483275924782	0.105	0.417	1.69205202334471e-17	IGBP1	c14
5.10720998354352e-22	-0.973931866077103	0.058	0.336	1.71285608428082e-17	PHF5A	c14
5.27374414281215e-22	-0.791539001848098	0.086	0.385	1.76870831061634e-17	RPA2	c14
5.42658678842274e-22	-0.522855663335017	0.111	0.43	1.81996867710122e-17	PSMB8-AS1	c14
5.59521092794159e-22	-1.65370506104638	0.043	0.303	1.87652184101305e-17	ARL4A	c14
5.66429212845952e-22	-0.816855353216702	0.095	0.404	1.89969029404275e-17	FUNDC2	c14
5.68368126895225e-22	-0.991756575138349	0.098	0.397	1.90619302398121e-17	CAPG	c14
6.73102585593356e-22	-1.39991306605239	0.04	0.301	2.257451451563e-17	TAF12	c14
6.95109864122134e-22	-0.365025031966418	0.2	0.59	2.33125946229281e-17	RNPS1	c14
6.96305608232707e-22	-0.372537960086489	0.142	0.484	2.33526974889085e-17	ERGIC3	c14
7.19525765513499e-22	1.81086736237464	0.618	0.651	2.41314551237917e-17	PNISR	c14
7.59520576108608e-22	-0.615224016854875	0.132	0.465	2.54728010815305e-17	SMIM26	c14
8.17537197218982e-22	-0.696731136662462	0.098	0.407	2.74185625203302e-17	TXNL4A	c14
8.21643972707419e-22	-1.44531085856952	0.049	0.315	2.75562955566614e-17	LSM10	c14
8.4342798319e-22	-0.38850418901689	0.12	0.445	2.82868877002262e-17	TKT	c14
8.68431711252781e-22	-0.619071548338171	0.12	0.444	2.91254627319958e-17	RNF187	c14
9.40046462893768e-22	-0.941946119053014	0.052	0.324	3.15272782725312e-17	VBP1	c14
9.59176834704547e-22	-1.60068538921394	0.052	0.318	3.21688726823211e-17	C12orf75	c14
9.68841059093813e-22	-1.0220307641675	0.049	0.317	3.24929914398883e-17	HSD17B10	c14
9.89481589331158e-22	-0.703069269748467	0.095	0.398	3.31852335429884e-17	RHEB	c14
9.96472102584596e-22	-1.17264293050544	0.058	0.327	3.34196813764822e-17	SERTAD1	c14
1.00252340520267e-21	-0.412783068562696	0.52	0.966	3.36226299636873e-17	MT-ND4	c14
1.04711644466402e-21	-0.374093288600869	0.354	0.82	3.51181913211418e-17	PTGES3	c14
1.10685424015447e-21	-1.19225236822594	0.052	0.321	3.71216775063007e-17	COMMD8	c14
1.13673580941159e-21	-0.950474684886985	0.077	0.367	3.8123845576046e-17	PSMC3	c14
1.14897120430933e-21	-0.530982378168544	0.105	0.418	3.85341962501262e-17	C11orf98	c14
1.17238243796702e-21	-0.678131149731762	0.129	0.457	3.93193622045378e-17	PPP2CA	c14
1.18153406725778e-21	-0.462057033726461	0.363	0.757	3.96262895476915e-17	CST7	c14
1.22986450034856e-21	-0.749710678119379	0.105	0.416	4.12471956126902e-17	NDUFA5	c14
1.26964280357712e-21	-0.663985001735275	0.108	0.421	4.25812803463693e-17	CAPN2	c14
1.35286934923868e-21	-0.817536181558772	0.083	0.378	4.53725322347669e-17	COX16	c14
1.37504493480511e-21	-0.56647407675743	0.095	0.399	4.61162570234939e-17	PSMA4	c14
1.42084405615745e-21	-1.12541111713667	0.058	0.331	4.76522679554085e-17	AP3S1	c14
1.42196091221472e-21	-0.836655066443619	0.095	0.393	4.76897250738573e-17	PHPT1	c14
1.45754483932294e-21	-1.42769823827281	0.046	0.309	4.88831388212129e-17	PPIH	c14
1.55795942938482e-21	-1.3295446654248	0.043	0.303	5.22508433427082e-17	COA3	c14
1.56228120885749e-21	-0.425594219805536	0.169	0.53	5.23957871826626e-17	NDUFS8	c14
1.70752932011977e-21	-0.210472401020725	0.154	0.5	5.72671183381769e-17	NUCKS1	c14
1.7265462576308e-21	-0.436597245130851	0.16	0.515	5.79049083884218e-17	HADHA	c14
1.80677426564241e-21	-0.803635830807837	0.095	0.395	6.05955953211153e-17	LSM4	c14
1.80837164510363e-21	-0.304062586196629	0.311	0.74	6.06491682334855e-17	DNAJA1	c14
2.56009667441083e-21	-0.381906488221167	0.12	0.444	8.58605222663905e-17	MMADHC	c14
2.73890812300763e-21	-0.835974550620572	0.065	0.341	9.18575006294298e-17	KXD1	c14
2.81708245367052e-21	-0.19305674339925	0.228	0.638	9.44793113312018e-17	PAIP2	c14
3.24170205938941e-21	-1.68137025625334	0.034	0.283	1.08720203667802e-16	TUSC2	c14
3.25464104509718e-21	-0.182745689937776	0.357	0.846	1.09154151370469e-16	UBE2D3	c14
3.53408732288504e-21	-0.567347300912712	0.108	0.419	1.18526220634918e-16	C18orf32	c14
3.59274050581661e-21	-0.39363010556064	0.28	0.688	1.20493331084077e-16	YPEL5	c14
4.35524861100457e-21	-0.393799686420029	0.163	0.517	1.46066327915871e-16	ANP32A	c14
4.39374480662285e-21	-0.956715031294229	0.077	0.36	1.47357413324517e-16	POLR2F	c14
4.88564555380627e-21	-0.966514959190259	0.074	0.352	1.63854780583555e-16	FIBP	c14
4.93219165578062e-21	-0.857967086257082	0.077	0.361	1.6541584375157e-16	LYPLA2	c14
5.0258869029752e-21	-0.773929977795346	0.098	0.396	1.68558194951982e-16	ARL2BP	c14
5.04886633282169e-21	-0.669054626976294	0.117	0.43	1.69328879070174e-16	MAF1	c14
5.24969592744016e-21	-0.345874377260272	0.157	0.506	1.76064302014488e-16	CLTA	c14
5.54654327049478e-21	-0.702042950414385	0.154	0.494	1.86019968205854e-16	TSPO	c14
5.71769195175267e-21	-0.358477608079615	0.249	0.652	1.91759952677881e-16	RPS27L	c14
6.26505264090528e-21	-0.812417255261777	0.16	0.495	2.10117335470681e-16	HMGB2	c14
6.80821748153678e-21	-0.209959559489005	0.218	0.613	2.28333997895781e-16	LPXN	c14
7.28750798339128e-21	-0.286597431003549	0.142	0.476	2.44408442746977e-16	MRPS34	c14
8.35846815848468e-21	-0.817050100626665	0.135	0.436	2.80326305099259e-16	PHLDA1	c14
8.37855522258833e-21	-0.340904555392706	0.095	0.391	2.80999985055168e-16	CDC42EP3	c14
9.04752930240818e-21	-0.465418276944475	0.114	0.424	3.03436037744166e-16	CNOT7	c14
9.19836748978033e-21	-0.476615290972598	0.086	0.376	3.08494848872253e-16	IAH1	c14
9.34506731198414e-21	-1.11365858860495	0.052	0.313	3.13414867509324e-16	MED28	c14
1.03268614719948e-20	-1.11245293693469	0.058	0.325	3.46342280047763e-16	UBE2V2	c14
1.16470718495925e-20	-0.175595625393974	0.268	0.695	3.90619495691633e-16	ANXA6	c14
1.24368445736631e-20	-0.250805619440158	0.135	0.464	4.17106893311513e-16	NAA10	c14
1.30276013237709e-20	-1.106188470559	0.043	0.295	4.36919693196629e-16	MRPL14	c14
1.50009870890785e-20	-0.683284738297061	0.077	0.358	5.03103104993514e-16	OLA1	c14
1.50693310255279e-20	-0.495718550105587	0.098	0.396	5.05395223934155e-16	DCK	c14
1.63101966760395e-20	-0.393522780575897	0.255	0.65	5.47011376121012e-16	H2AFV	c14
1.65739381353766e-20	-0.350511354133344	0.132	0.454	5.55856737184261e-16	TMEM160	c14
1.73540584082779e-20	-0.738370179596522	0.071	0.343	5.82020410896823e-16	METTL5	c14
1.92935973243836e-20	-0.697412988870376	0.092	0.378	6.47068667065178e-16	GLO1	c14
1.93178190710695e-20	-0.616343529868625	0.108	0.41	6.47881016005529e-16	CAPZA2	c14
1.97460686970233e-20	-0.424215474039893	0.108	0.41	6.62243651960766e-16	MRFAP1	c14
2.12472984744993e-20	-0.285666848502351	0.335	0.801	7.12591896237757e-16	KRTCAP2	c14
2.24849629665959e-20	-0.871093924520186	0.058	0.322	7.54100687973694e-16	BECN1	c14
2.32618342998388e-20	-0.603846018586774	0.111	0.412	7.80155398747994e-16	TMEM14C	c14
2.7714040328943e-20	-0.720445329763361	0.065	0.332	9.29473484552089e-16	RNF5	c14
2.9262791980759e-20	-1.44230566786038	0.043	0.291	9.81415517450695e-16	ADI1	c14
2.96491148567262e-20	-0.501244391645347	0.102	0.395	9.94372014064882e-16	SLBP	c14
3.313590532652e-20	-1.02775608524846	0.055	0.313	1.11131199284083e-15	LAGE3	c14
3.66615454677051e-20	-0.678656204015785	0.071	0.342	1.2295549118959e-15	FAM96A	c14
3.68953987091574e-20	-0.550958852622343	0.065	0.331	1.23739788190772e-15	SMIM37	c14
3.80511239746795e-20	-0.792698696285507	0.065	0.331	1.2761585958628e-15	TMEM147	c14
3.83161364864721e-20	-0.750666399581437	0.077	0.35	1.2850465854833e-15	ATG3	c14
3.92644773680964e-20	-0.709828175197341	0.065	0.331	1.31685204197122e-15	SDHB	c14
4.2674093862624e-20	-0.200044106379611	0.169	0.52	1.43120375996468e-15	CCT8	c14
4.78557294910534e-20	-0.168874949532825	0.095	0.386	1.60498545567095e-15	YTHDF2	c14
4.88886694886309e-20	-0.4465566187698	0.102	0.398	1.6396281973097e-15	PSMD6	c14
5.21010700408031e-20	-1.60585828242737	0.025	0.256	1.74736568702846e-15	PRPF19	c14
6.73909653656615e-20	-0.683770430288324	0.083	0.361	2.26015819643356e-15	C14orf119	c14
6.75136527868844e-20	-0.651318603613525	0.086	0.368	2.26427288716653e-15	ETFA	c14
7.23289498528919e-20	-1.71112490398438	0.034	0.27	2.42576832016629e-15	GLRX	c14
8.34059145570297e-20	-0.135319291814822	0.126	0.443	2.79726756241366e-15	DBNL	c14
8.3909364593485e-20	-0.551110398245133	0.102	0.394	2.8141522697363e-15	MTPN	c14
8.90010021198541e-20	-0.411830983963617	0.102	0.395	2.98491560909567e-15	DCTN2	c14
8.97355095980396e-20	-0.553237708399417	0.068	0.332	3.00954952089905e-15	IFI35	c14
9.03757304496124e-20	-0.439554004515097	0.474	0.917	3.0310212478191e-15	HCST	c14
9.12258031025313e-20	-0.367605383653891	0.166	0.508	3.05953098445269e-15	LSM14A	c14
9.39986990575655e-20	-0.596215849285212	0.098	0.384	3.15252836899263e-15	SRM	c14
9.46550992428808e-20	-0.546051517524071	0.086	0.365	3.17454271840774e-15	DNAJC19	c14
1.07494482504353e-19	-0.275696477008149	0.154	0.48	3.60514995423097e-15	BCAS2	c14
1.08737603108925e-19	-0.109153166312745	0.215	0.597	3.64684173306713e-15	CCT4	c14
1.12184265856584e-19	-0.893957972993584	0.108	0.393	3.76243590829813e-15	RHOC	c14
1.13895507454588e-19	-0.303735004603567	0.2	0.561	3.81982752901196e-15	STOM	c14
1.22305940293835e-19	-0.742147563417872	0.086	0.364	4.10189662557464e-15	ADSL	c14
1.33558926068342e-19	-0.621581184113542	0.105	0.394	4.47929926248007e-15	SUPT4H1	c14
1.38987376751171e-19	-1.29250982389951	0.068	0.326	4.66135864148078e-15	RPA3	c14
1.41157888404284e-19	-0.431241030418024	0.702	0.984	4.73415326130286e-15	CORO1A	c14
1.45463902823845e-19	-0.580120933907068	0.055	0.308	4.87856837290612e-15	CISD2	c14
1.46851341933895e-19	-0.295030471456532	0.102	0.392	4.92510030577899e-15	PDCD10	c14
1.51376320557448e-19	-0.362714383138541	0.369	0.826	5.07685903885571e-15	HMGN1	c14
1.51958509645907e-19	-0.417104990822962	0.114	0.409	5.09638449650442e-15	HNRNPAB	c14
1.55491297618441e-19	-0.792632759339023	0.065	0.32	5.21486713952729e-15	BCL2A1	c14
1.90933370894233e-19	-0.220112218642997	0.477	0.932	6.4035233930508e-15	FXYD5	c14
2.10691170748158e-19	-0.228727895533382	0.209	0.588	7.06616048455171e-15	SIT1	c14
2.17143727966704e-19	-0.593942267296559	0.058	0.313	7.28256634854732e-15	SSRP1	c14
2.17839097835998e-19	-0.477102845179915	0.102	0.391	7.30588766322371e-15	CNIH1	c14
2.38944900398361e-19	-0.952083347350755	0.052	0.301	8.01373406956024e-15	EGLN2	c14
2.59612143462398e-19	-0.436672141818621	0.12	0.422	8.70687206744191e-15	RAB8A	c14
2.83865213417568e-19	-1.25857144971575	0.04	0.277	9.5202715275984e-15	CAMTA1	c14
2.92467939011675e-19	-0.935598209015998	0.074	0.334	9.80878973857355e-15	TUBA1C	c14
2.95770420551876e-19	-0.274473227888911	0.105	0.396	9.91954836446882e-15	YY1	c14
2.98590187516068e-19	-0.593423021417668	0.055	0.306	1.00141177089139e-14	NUDCD2	c14
3.27534718151547e-19	-0.223808450153832	0.24	0.634	1.09848593773666e-14	CSNK2B	c14
3.3048182740974e-19	-0.125298092219007	0.151	0.477	1.10836995276679e-14	TNIP1	c14
3.49512442563228e-19	-0.931177694280761	0.062	0.315	1.17219482986855e-14	LIX1L	c14
3.54179952019114e-19	-0.210527709596565	0.231	0.612	1.1878487230817e-14	DEK	c14
3.73941723403066e-19	-0.264945895711772	0.058	0.309	1.2541257519492e-14	IMPDH2	c14
3.74712170214448e-19	-0.414538440020592	0.086	0.358	1.25670967646522e-14	RNASEH2C	c14
3.80904438220524e-19	-0.27060324972357	0.175	0.521	1.27747730490399e-14	EIF4H	c14
4.13521067379417e-19	-0.901902038190319	0.052	0.296	1.38686695577709e-14	PRELID3B	c14
4.15870694978102e-19	-0.230949552979444	0.132	0.445	1.39474713681756e-14	FKBP2	c14
4.36719279680984e-19	-0.222192896277375	0.138	0.457	1.46466912019408e-14	MLF2	c14
4.38016742600263e-19	-0.460479402770127	0.102	0.386	1.46902055133276e-14	GOLPH3	c14
4.46161052312844e-19	-0.29564404418838	0.117	0.419	1.49633493724682e-14	PSMC4	c14
4.5169404988909e-19	-0.330348691836707	0.175	0.513	1.51489150451803e-14	CD63	c14
4.54529227286872e-19	-0.179829874174053	0.188	0.53	1.52440012247471e-14	ODC1	c14
4.68889199012957e-19	-0.885529619646152	0.068	0.324	1.57256059564966e-14	ARL5A	c14
4.91262609655818e-19	-0.227034882344724	0.108	0.398	1.64759654026368e-14	TADA3	c14
4.93140927183488e-19	-1.1716684406492	0.049	0.29	1.65389604158798e-14	CSRP1	c14
5.33653761833098e-19	-0.575657009415888	0.065	0.32	1.78976798643584e-14	SLC25A11	c14
5.96440781131434e-19	-0.833694634731693	0.068	0.32	2.0003430917586e-14	DYNLT3	c14
6.26020486744667e-19	-0.239486821633603	0.12	0.421	2.09954750844426e-14	RTF2	c14
6.42523678285631e-19	-0.20072059666068	0.403	0.852	2.15489591223435e-14	PGK1	c14
6.64008824750601e-19	-0.110025622560155	0.308	0.751	2.22695279644857e-14	SPCS1	c14
6.68206777718437e-19	-0.743218924554492	0.08	0.346	2.24103189111209e-14	SUGT1	c14
7.23154439358355e-19	-0.7721123500261	0.071	0.33	2.42531535872005e-14	MRPL3	c14
7.42818910993881e-19	-1.56766472885596	0.031	0.256	2.49126606369128e-14	MRPL21	c14
7.4720322938201e-19	-0.612798948620089	0.083	0.352	2.50597019070139e-14	C1D	c14
7.58930335952855e-19	-0.502596059735377	0.098	0.379	2.54530056071868e-14	EIF6	c14
7.81371427840908e-19	-0.638749105574705	0.209	0.523	2.62056349469284e-14	NR4A1	c14
7.97213454609848e-19	-0.379630418137368	0.102	0.383	2.67369448407051e-14	PDCD2	c14
9.01799743239553e-19	-0.214237458191617	0.188	0.535	3.02445597887681e-14	NOSIP	c14
9.24606439223233e-19	-0.208836933093754	0.178	0.515	3.10094507586688e-14	XBP1	c14
1.00462358474819e-18	-0.259403502106838	0.102	0.384	3.36930657852847e-14	NR1H2	c14
1.28345185301105e-18	-0.179501099171043	0.206	0.57	4.30444082462846e-14	PPP4C	c14
1.30919307333668e-18	-0.26764331786605	0.142	0.453	4.39077172935656e-14	PDLIM2	c14
1.35088280461906e-18	-0.68103574567702	0.062	0.308	4.53059075013139e-14	C6orf48	c14
1.41489310153323e-18	-0.184204665225443	0.123	0.419	4.74526848392215e-14	GIMAP6	c14
1.43424232022277e-18	-0.95702979768978	0.043	0.275	4.81016189356312e-14	GNG10	c14
1.46511455361774e-18	-0.260273720606285	0.08	0.342	4.91370118992319e-14	THYN1	c14
1.70079095838979e-18	-1.39608955142016	0.034	0.259	5.70411271624766e-14	ARL2	c14
1.76685172044294e-18	-1.82952360914836	0.031	0.252	5.92566730002153e-14	TIMM13	c14
1.94678495509087e-18	-1.40761435972487	0.043	0.274	6.52912738238377e-14	HIGD1A	c14
1.97233564669147e-18	-1.45099893447741	0.043	0.272	6.61481929187384e-14	CMC1	c14
2.10249684679908e-18	-0.286139525145824	0.089	0.358	7.05135392479475e-14	TRADD	c14
2.23782361274883e-18	-0.263356034416325	0.178	0.504	7.50521283243703e-14	GATA3	c14
2.32590577596981e-18	-1.3028007434534	0.037	0.263	7.80062279144755e-14	MRPS35	c14
2.33217459447986e-18	-1.06499781983236	0.058	0.301	7.82164715496655e-14	HTATSF1	c14
2.47006647107983e-18	-1.02125664945768	0.049	0.285	8.28410893070754e-14	BAG1	c14
2.54625681555338e-18	-0.890947992818805	0.065	0.312	8.53963610800293e-14	ZNHIT3	c14
2.65841784154608e-18	-0.319538308467333	0.108	0.39	8.91580175697724e-14	AMD1	c14
2.79853863125209e-18	-0.218565172790113	0.086	0.353	9.38573886149325e-14	ITGB1BP1	c14
2.86253819254439e-18	1.83531867448218	0.594	0.647	9.60038059015536e-14	N4BP2L2	c14
2.88828946749079e-18	-0.427917063149537	0.083	0.345	9.68674521607062e-14	UFD1	c14
2.92446622813365e-18	-0.243310984993305	0.148	0.463	9.80807483591465e-14	CALCOCO2	c14
3.07533839858433e-18	-1.01141841329514	0.052	0.289	1.03140699211721e-13	SMS	c14
3.22070417497725e-18	-0.70224126095027	0.083	0.346	1.08015976620387e-13	MRPL18	c14
3.43041253186344e-18	-0.135275120182707	0.197	0.512	1.15049175493636e-13	GADD45B	c14
3.44067597165728e-18	-0.477753030106651	0.111	0.395	1.15393390737442e-13	PRMT1	c14
3.59145265762454e-18	-0.840607325462097	0.068	0.315	1.20450139231412e-13	ZFAND6	c14
3.62146499049783e-18	-0.172810760609359	0.166	0.496	1.21456692851316e-13	NAPA	c14
3.75804410076654e-18	-0.371352047484589	0.545	0.958	1.26037283051508e-13	YWHAZ	c14
4.2498074202681e-18	-0.826130962618937	0.086	0.343	1.42530041260952e-13	LYAR	c14
4.54343128796761e-18	-0.216351326940339	0.2	0.545	1.52377598535858e-13	SDCBP	c14
4.58360967619437e-18	-0.410950440595153	0.092	0.359	1.53725101320207e-13	RBM42	c14
4.78379340227806e-18	-0.371075501189011	0.378	0.799	1.60438863125602e-13	PSME2	c14
4.78447855863937e-18	-1.25004886927141	0.043	0.27	1.60461841899647e-13	MZT1	c14
4.80580873427872e-18	-1.12949158663309	0.049	0.282	1.6117721333024e-13	MRPS12	c14
4.98189532391509e-18	-0.923451673024028	0.043	0.271	1.67082805373464e-13	MRPL9	c14
5.1575145107446e-18	-0.223028100869619	0.108	0.389	1.72972721661352e-13	SARS	c14
5.28778321571552e-18	-0.196124224666692	0.2	0.554	1.77341673488667e-13	HMOX2	c14
5.3715944309439e-18	-0.248965354731365	0.071	0.323	1.80152534024997e-13	ARF3	c14
5.76237636044618e-18	-0.893718524170201	0.049	0.281	1.93258578376644e-13	PFDN4	c14
5.93504533218545e-18	-0.110626054456734	0.225	0.596	1.99049550350836e-13	RASSF5	c14
6.24301094492467e-18	-0.436699765700492	0.071	0.321	2.09378101070884e-13	CCDC124	c14
7.02500774384857e-18	-0.442173110808824	0.074	0.326	2.35604709713193e-13	SNF8	c14
7.20385087224607e-18	-0.22119119218457	0.172	0.493	2.41602750553389e-13	FKBP11	c14
7.25834032465576e-18	-0.588023040056608	0.083	0.34	2.43430217808305e-13	COX20	c14
7.37418765610667e-18	-0.629443027240013	0.043	0.27	2.47315505610505e-13	CCDC167	c14
7.45755496433619e-18	-0.338662062021842	0.083	0.341	2.50111478393907e-13	NDUFAF8	c14
7.4883061758267e-18	-0.423128534184602	0.074	0.325	2.51142812524876e-13	BLOC1S1	c14
7.5435712804913e-18	-0.641843460224978	0.074	0.326	2.52996293605117e-13	STOML2	c14
7.61519264333683e-18	-0.240201621093343	0.098	0.369	2.5539833087223e-13	EIF4A3	c14
7.62112495389435e-18	-0.780665154645589	0.062	0.302	2.55597288703709e-13	PRPS1	c14
8.19644516791296e-18	-0.410719123636753	0.098	0.369	2.74892378041465e-13	PSMB4	c14
8.23745217730533e-18	-0.585932244599386	0.083	0.342	2.76267671122466e-13	AKR1B1	c14
8.28993433458576e-18	-0.313424451644284	0.175	0.504	2.78027817713337e-13	PPM1G	c14
8.58754276831631e-18	-0.238762418350526	0.086	0.347	2.88009009363792e-13	PITHD1	c14
8.92575971976009e-18	-0.469995357209856	0.077	0.331	2.99352129481314e-13	NDUFS3	c14
9.28857544849512e-18	-0.889626070336361	0.068	0.311	3.11520243391629e-13	MPC1	c14
1.06725295802872e-17	-0.620656840308141	0.074	0.324	3.57935297063674e-13	TTC1	c14
1.07030289044356e-17	-0.740450425405378	0.058	0.296	3.58958183396962e-13	MRPL16	c14
1.0714902500034e-17	-0.301579611872665	0.191	0.535	3.59356400046142e-13	OSTC	c14
1.12485345234169e-17	-1.25151260235888	0.034	0.251	3.77253350846357e-13	PPIE	c14
1.14493744476557e-17	-0.248751841899035	0.138	0.434	3.83989120225478e-13	SOCS3	c14
1.23921860795934e-17	-1.02920981438776	0.043	0.267	4.15609136737405e-13	DDA1	c14
1.24200445444921e-17	-0.113259970128	0.175	0.506	4.16543453933175e-13	CCT3	c14
1.33948857448548e-17	-1.14628348124199	0.062	0.299	4.49237678110942e-13	HINT2	c14
1.36958328522501e-17	-0.399586759327738	0.111	0.383	4.59330842198765e-13	SH2D1A	c14
1.38880783853946e-17	-1.39330799113248	0.037	0.255	4.65778372889365e-13	CHCHD1	c14
1.39010644428203e-17	-0.553154081163522	0.086	0.344	4.66213899283308e-13	ANP32E	c14
1.40306243613385e-17	-0.661702817615662	0.065	0.305	4.70559079830572e-13	VTI1B	c14
1.47391036501441e-17	-0.140591987621067	0.108	0.383	4.94320058218531e-13	MAP7D1	c14
1.64945375487644e-17	-0.133688672938243	0.277	0.693	5.53193800310461e-13	TERF2IP	c14
1.65953238156268e-17	-1.24786411277781	0.04	0.26	5.56573970128493e-13	MRPS16	c14
1.66217983159521e-17	0.16733011446004	0.142	0.445	5.574618719204e-13	EIF1AX	c14
1.67609498535072e-17	-0.327678225342245	0.114	0.396	5.62128736186925e-13	PHB	c14
1.73481607425457e-17	-0.320300321845106	0.08	0.334	5.81822614983498e-13	HIKESHI	c14
1.81369606022718e-17	-0.90522162189138	0.058	0.292	6.08277384678993e-13	SVIP	c14
2.00132257607344e-17	-0.920883581945879	0.049	0.277	6.71203565563509e-13	CUEDC2	c14
2.1682378876214e-17	-0.357691759128999	0.231	0.579	7.27183622750464e-13	IDH2	c14
2.28082089315199e-17	-0.564511157023538	0.071	0.315	7.64941711145316e-13	MRPL11	c14
2.46595876175852e-17	-0.308386812487727	0.138	0.435	8.27033249518574e-13	PSMD7	c14
2.49029809524011e-17	-0.238146712694165	0.102	0.37	8.35196175181628e-13	SNRPA	c14
2.55043105247572e-17	0.150038084460612	0.138	0.437	8.55363566379305e-13	CCT2	c14
2.57546973235108e-17	-0.252986629092419	0.194	0.532	8.63761038835907e-13	EIF2S3	c14
2.67979819071749e-17	-0.126583555384876	0.129	0.421	8.98750717202832e-13	MRPL43	c14
2.83015084170585e-17	-1.03885468770011	0.062	0.294	9.4917598929131e-13	CARHSP1	c14
2.88153145878174e-17	-0.575886708653719	0.188	0.488	9.66408020646221e-13	HOPX	c14
2.93099514047435e-17	-0.58605196918032	0.071	0.313	9.82997150212287e-13	TRAPPC2L	c14
3.02537844305284e-17	-0.371878671320613	0.098	0.363	1.01465142223106e-12	SUCLG1	c14
3.16293537198696e-17	-0.470261425306392	0.095	0.354	1.06078526505699e-12	C19orf24	c14
3.21528463860224e-17	-0.169646410078984	0.114	0.392	1.07834216209442e-12	NUDT21	c14
3.23350568975971e-17	-0.528586365576703	0.086	0.341	1.08445313823161e-12	TRAPPC3	c14
3.29945851513931e-17	-0.260780718249991	0.212	0.555	1.10657239680742e-12	DUT	c14
3.69915703822869e-17	-0.193545101121912	0.092	0.353	1.24062328748114e-12	DHPS	c14
3.76508679447777e-17	-0.150673144369591	0.234	0.613	1.26273480913195e-12	SELENOT	c14
3.85322244841073e-17	-1.49478735101152	0.043	0.26	1.29229374474799e-12	PTRHD1	c14
3.863747022367e-17	-0.148467603237881	0.142	0.44	1.29582347636144e-12	H2AFY	c14
4.56491551172696e-17	-0.912498428118006	0.049	0.271	1.53098136432299e-12	NMI	c14
4.69070717946822e-17	-0.395492093417209	0.083	0.334	1.57316937385005e-12	POLE4	c14
4.72653484997649e-17	-0.486212789127102	0.071	0.311	1.58518525798512e-12	BLOC1S2	c14
4.89982832659313e-17	-0.285428863391218	0.089	0.344	1.6433044241728e-12	PSMD11	c14
5.29390865455442e-17	2.47011959348046	0.382	0.254	1.77547108456446e-12	CD38	c14
5.43613577879946e-17	-1.03992290399125	0.062	0.294	1.82317121749376e-12	UBL7	c14
5.45076149591829e-17	-0.498000237045154	0.117	0.386	1.82807639050108e-12	CD40LG	c14
5.45721311345799e-17	-0.288378302330612	0.505	0.921	1.83024013399154e-12	HSP90AB1	c14
6.71727643106972e-17	-0.167442816841725	0.178	0.502	2.25284016945216e-12	SERPINB1	c14
6.98629726010851e-17	-0.531801949151062	0.092	0.347	2.34306437509519e-12	DECR1	c14
7.07746429020901e-17	-0.834318691702112	0.04	0.253	2.3736399736503e-12	GLRX3	c14
7.13304195284728e-17	-0.237283892250179	0.468	0.912	2.39227961014592e-12	PPIB	c14
7.5577420956094e-17	-0.138613978905204	0.228	0.575	2.53471554402548e-12	GIMAP1	c14
7.58956387845441e-17	0.196775560810702	0.215	0.575	2.54538793355604e-12	TMEM123	c14
7.66242424532197e-17	-0.982171005936222	0.071	0.307	2.56982384339608e-12	OVCA2	c14
8.14545444560678e-17	-0.148894371528918	0.086	0.336	2.7318225119676e-12	COPS5	c14
8.50362162115609e-17	-0.162176106349841	0.194	0.533	2.85194461930333e-12	SEC11A	c14
8.8853225466662e-17	-0.105877620028833	0.274	0.66	2.97995947570091e-12	CSK	c14
8.90704920023194e-17	-0.360064919885186	0.138	0.428	2.98724616077379e-12	IFI27L2	c14
9.14867510386168e-17	-0.525396730128937	0.077	0.319	3.06828265633313e-12	CCDC115	c14
1.01391081197959e-16	-0.942100566889035	0.043	0.258	3.40045408121715e-12	MRPS33	c14
1.09290491951404e-16	-0.173803374162406	0.215	0.55	3.66538451906618e-12	ABI3	c14
1.20508535622373e-16	-0.267412004886528	0.114	0.387	4.04161526770313e-12	SLC25A39	c14
1.21088860005291e-16	-0.70253827985316	0.058	0.285	4.06107818685745e-12	CHTF8	c14
1.21503909582052e-16	-0.705971182506386	0.083	0.328	4.07499811956287e-12	BTF3L4	c14
1.35169778595199e-16	-0.564463649484359	0.068	0.299	4.53332403452579e-12	TMEM134	c14
1.47678806812438e-16	-1.4842336716391	0.034	0.239	4.95285182287556e-12	SNAPIN	c14
1.50508403920532e-16	-0.425288079064689	0.08	0.324	5.04775085068679e-12	SPAG7	c14
1.64971798842061e-16	-0.31672125082557	0.548	0.966	5.53282418956504e-12	MT-ND2	c14
1.67545721009842e-16	-0.207820025234624	0.185	0.511	5.61914839122807e-12	RAB5IF	c14
1.85429365947645e-16	-1.29650654371926	0.037	0.243	6.21893007515211e-12	GRHPR	c14
1.98583824284561e-16	-0.430511816373809	0.077	0.317	6.66010429885562e-12	MRPS15	c14
2.02834450778914e-16	-0.180452261000846	0.083	0.327	6.80266181022323e-12	SQOR	c14
2.10161353384183e-16	-0.195798767330908	0.154	0.453	7.04839146979873e-12	CTDSP1	c14
2.15353022553743e-16	-0.53320231558937	0.055	0.277	7.22250967040743e-12	MCTS1	c14
2.20614417930878e-16	-0.603331020045134	0.102	0.358	7.39896634856577e-12	CHMP4A	c14
2.42125836293123e-16	-0.254851686558357	0.08	0.323	8.12041629759875e-12	SURF1	c14
2.46286378167243e-16	-0.203483740520555	0.163	0.468	8.25995255097299e-12	MOB1A	c14
2.53322054170005e-16	-0.423826820969978	0.098	0.354	8.49591505275362e-12	ABT1	c14
2.84849745355941e-16	-0.466998786432693	0.074	0.309	9.55329075974755e-12	DPY30	c14
2.92033958189454e-16	-0.611559593218788	0.062	0.287	9.79423488975792e-12	TIMM8B	c14
2.94862867955797e-16	-0.80378633171522	0.065	0.291	9.88911086550152e-12	NIFK	c14
3.7200816123433e-16	-0.261517295533916	0.098	0.353	1.2476409711477e-11	NECAP2	c14
3.80282501040342e-16	-1.20243329050198	0.04	0.246	1.2753914519891e-11	TNFSF12	c14
3.82873216503172e-16	-0.263201479890542	0.058	0.28	1.28408019350834e-11	HCFC1R1	c14
3.89772629117622e-16	-1.32083140304389	0.037	0.24	1.30721944353468e-11	C12orf10	c14
3.98947288767803e-16	-0.504232669849656	0.074	0.308	1.33798941706946e-11	GLOD4	c14
4.04610507508565e-16	-0.193367008717104	0.166	0.453	1.35698272008222e-11	LITAF	c14
4.052492941847e-16	-0.686484203697757	0.065	0.29	1.35912508283665e-11	MAPKAPK3	c14
4.0842463563932e-16	-0.56035245481592	0.086	0.329	1.36977454300715e-11	HPRT1	c14
4.48909088111856e-16	-0.515486470545077	0.058	0.279	1.50555129970954e-11	PIN4	c14
4.54325219609916e-16	-0.574533569521968	0.062	0.285	1.52371592152774e-11	NAA20	c14
4.62328710667647e-16	-0.246593587618305	0.132	0.411	1.55055802983716e-11	VDAC3	c14
4.64199929241247e-16	-0.276271005732268	0.095	0.346	1.5568337226893e-11	SMARCE1	c14
4.95482187084571e-16	-0.573268197375688	0.058	0.279	1.66174815904423e-11	CHCHD5	c14
5.63748068607451e-16	-0.437198044119128	0.065	0.289	1.89069827249567e-11	COPS2	c14
5.82619116141238e-16	-0.127739288394896	0.323	0.725	1.95398799171449e-11	HSPE1	c14
6.06325140412643e-16	-0.993996223943878	0.043	0.25	2.03349325591592e-11	JOSD2	c14
6.94597588077442e-16	1.42723787091896	0.631	0.767	2.32954139089412e-11	ACAP1	c14
7.02199380472628e-16	-0.348076311717948	0.631	0.933	2.3550362822291e-11	ZFP36	c14
7.29855703769412e-16	-0.162316975126713	0.138	0.42	2.44779005930186e-11	HDAC1	c14
7.60929960900536e-16	-1.07472915269039	0.052	0.266	2.55200690286822e-11	ATOX1	c14
7.61438854943347e-16	-0.211951327658174	0.065	0.289	2.553713631709e-11	ERVK3-1	c14
7.65270586942848e-16	-0.256300670426344	0.068	0.294	2.56656449448892e-11	EFHD2	c14
7.8226081998666e-16	-0.150867607903298	0.286	0.676	2.62354633807126e-11	RABAC1	c14
7.89765306592026e-16	-0.479061876628189	0.089	0.331	2.64871488524834e-11	SRP72	c14
8.21377077754759e-16	-0.618286387998833	0.077	0.309	2.75473444337391e-11	DNAJC4	c14
8.34144892057458e-16	-0.15209910956764	0.111	0.372	2.7975551389823e-11	COQ10B	c14
8.62582494007008e-16	-0.221396774858738	0.068	0.294	2.8929291684007e-11	VPS4A	c14
8.63831093360578e-16	-0.153100256444843	0.092	0.34	2.89711672091271e-11	MAP2K2	c14
8.92921683880681e-16	-0.599613682333705	0.086	0.325	2.99468074339903e-11	NCOA4	c14
9.07745799577272e-16	-0.309914333360331	0.083	0.321	3.04439786262226e-11	TIPRL	c14
9.27099449653439e-16	-0.708590377776058	0.049	0.26	3.1093061342477e-11	HDDC2	c14
9.45265726013581e-16	-0.861084469811551	0.043	0.248	3.17023219190435e-11	SKA2	c14
9.60033178951957e-16	-0.222587631112551	0.145	0.429	3.21975927556907e-11	KDELR2	c14
9.70246197635216e-16	-0.113092968319534	0.092	0.337	3.25401169762899e-11	POLR2C	c14
9.96190057530099e-16	-0.185333536029613	0.132	0.408	3.34102221494444e-11	SHKBP1	c14
1.02304550636985e-15	-0.51117523518063	0.062	0.281	3.4310900192632e-11	NXT1	c14
1.04006925236029e-15	-0.72931615741994	0.062	0.281	3.48818425856594e-11	UQCC2	c14
1.05188033505347e-15	-1.03789232493619	0.043	0.247	3.52779626770232e-11	MRPL37	c14
1.05785913786041e-15	-0.87357538609162	0.046	0.253	3.54784797655623e-11	PSMB5	c14
1.07623030832852e-15	0.154583377508872	0.157	0.455	3.6094612080722e-11	REST	c14
1.18129198881311e-15	0.27143860180923	0.135	0.415	3.96181707208141e-11	KRAS	c14
1.19827814650802e-15	-0.349101706859099	0.095	0.342	4.0187852477586e-11	RAD23B	c14
1.19989485149878e-15	-0.229450057098624	0.188	0.486	4.0242073529566e-11	SOCS1	c14
1.20163160416724e-15	0.677274674100308	0.837	0.977	4.03003207405609e-11	DDX5	c14
1.24646553478248e-15	-0.75050372291394	0.065	0.285	4.18039611055349e-11	CALHM2	c14
1.28250274199216e-15	-0.62642162666513	0.065	0.286	4.30125769609331e-11	CAT	c14
1.31385875297457e-15	-0.429911607983974	0.089	0.33	4.40641948572611e-11	GID8	c14
1.42058175691306e-15	-0.637093664129395	0.083	0.318	4.76434709633501e-11	ORMDL2	c14
1.45108044455465e-15	-0.571420099679482	0.049	0.256	4.86663359494739e-11	TSR2	c14
1.53574258705279e-15	-0.964985078102046	0.049	0.257	5.15057348845765e-11	RAMMET	c14
1.54089478542063e-15	-0.353498723168203	0.102	0.348	5.1678529313437e-11	CCDC59	c14
1.60055783786891e-15	-0.290322187310085	0.08	0.313	5.36795087664475e-11	MRPS18C	c14
1.61815512988407e-15	-0.238536249010519	0.298	0.664	5.42696867460519e-11	ISG20	c14
1.65400270373998e-15	-1.32283874376757	0.031	0.223	5.54719426780315e-11	TIMM10	c14
1.67158852742045e-15	-0.435121876400766	0.108	0.361	5.60617360326269e-11	TIMM17B	c14
1.90720855602394e-15	-1.46770770650717	0.037	0.233	6.3963960551931e-11	TPRKB	c14
1.94823264891626e-15	-1.0830551779834	0.034	0.229	6.53398265793534e-11	ANAPC15	c14
1.98257215967577e-15	-0.301350186023638	0.077	0.306	6.64915050912059e-11	BCCIP	c14
2.11089682427012e-15	-0.136391225602991	0.314	0.704	7.07952576923713e-11	IL16	c14
2.16347043780578e-15	-0.427013659487803	0.065	0.283	7.25584715431303e-11	COPS8	c14
2.16510130347487e-15	-1.24809808327802	0.025	0.21	7.26131675159401e-11	PLAC8	c14
2.25345925546117e-15	-0.354219700815088	0.098	0.344	7.55765165096566e-11	ATP6V0E2	c14
2.6187733972086e-15	-0.134691448258345	0.086	0.32	8.7828422195582e-11	CENPX	c14
2.63286579662932e-15	-0.723243173905301	0.046	0.249	8.83010530873541e-11	TMEM126B	c14
2.64845612882421e-15	0.148475893809289	0.154	0.446	8.88239216485064e-11	COPS6	c14
2.84622809578231e-15	-1.68063709804499	0.034	0.223	9.54567978763473e-11	FABP5	c14
3.00246302647719e-15	-0.286226225451597	0.102	0.344	1.00696604981992e-10	RILPL2	c14
3.10117021774958e-15	0.223310698427302	0.243	0.608	1.04007046762885e-10	SRRM1	c14
3.11293000898882e-15	-0.902916698788145	0.046	0.248	1.04401446641467e-10	GTF2H5	c14
3.25997814807308e-15	-1.12474422980505	0.031	0.22	1.09333147130075e-10	BCL7C	c14
3.28488260129514e-15	-0.476368866735895	0.08	0.308	1.10168392682237e-10	GPS1	c14
3.31518364850387e-15	-0.153796506225195	0.132	0.397	1.11184629203523e-10	H1FX	c14
3.43446913503657e-15	0.141137416334704	0.194	0.52	1.15185225850856e-10	MAX	c14
3.45009332233727e-15	-0.331343895406118	0.065	0.281	1.15709229844547e-10	PFDN1	c14
3.53234407278833e-15	-0.496518024759024	0.058	0.271	1.18467755513175e-10	SHMT2	c14
3.62158434891514e-15	-0.302038668123715	0.098	0.34	1.21460695893916e-10	ASF1A	c14
3.64763046868248e-15	-0.851822680633263	0.055	0.263	1.22334230658673e-10	DUSP23	c14
3.68038079737247e-15	-0.267489254951051	0.092	0.332	1.23432611182278e-10	SMARCB1	c14
3.69879939330633e-15	-0.500870973700975	0.065	0.281	1.24050334052708e-10	MRPS18B	c14
3.79857031454837e-15	-0.180444544808009	0.095	0.335	1.27396451209323e-10	MRPL4	c14
3.85283647556823e-15	-0.588152490563795	0.055	0.264	1.29216429717607e-10	ERCC1	c14
4.03269740178794e-15	-0.427552533982638	0.068	0.287	1.35248605461164e-10	LSM1	c14
4.04083714965796e-15	-0.189720378821904	0.08	0.308	1.35521596325229e-10	PTOV1	c14
4.13021623039193e-15	-0.312113992833149	0.098	0.341	1.38519191934885e-10	SARNP	c14
4.45835971170077e-15	-0.193313907722429	0.105	0.351	1.4952446801102e-10	SNW1	c14
4.5116501383512e-15	-0.60946243949562	0.083	0.31	1.51311722340023e-10	C7orf50	c14
4.67665519270268e-15	-0.132923796970472	0.117	0.376	1.56845661852862e-10	MPG	c14
4.90991607906683e-15	-0.233729986559026	0.486	0.915	1.64668765459743e-10	LCK	c14
4.99693502094674e-15	-0.764119457177384	0.049	0.252	1.67587206732512e-10	HTATIP2	c14
5.05784758366347e-15	-1.07847414750021	0.046	0.246	1.69630092260905e-10	MOSPD3	c14
5.18463221867377e-15	0.152974037395008	0.142	0.422	1.73882195349881e-10	PCMT1	c14
5.39199969609279e-15	-0.46573860146857	0.105	0.348	1.8083688580756e-10	SYPL1	c14
5.40297143360975e-15	-0.110994016416439	0.16	0.442	1.81204855940404e-10	GPR65	c14
5.44189778316007e-15	-0.609892044812357	0.049	0.252	1.82510367851623e-10	SLC25A1	c14
5.50490121088313e-15	0.179195258738582	0.142	0.419	1.84623376810598e-10	CCDC12	c14
5.53976711539336e-15	-0.362448879472237	0.086	0.318	1.85792709516062e-10	BNIP3L	c14
5.57435769577039e-15	-0.745676575192685	0.058	0.268	1.86952808400747e-10	EBPL	c14
5.78079835410088e-15	-0.298742950235317	0.065	0.279	1.93876415199835e-10	SMIM19	c14
5.91504735763919e-15	-0.100768522409757	0.286	0.672	1.98378858280503e-10	ARF5	c14
5.94919824430275e-15	-0.725516913153041	0.049	0.252	1.99524210717426e-10	SRP68	c14
6.04943395610423e-15	-0.908658613954219	0.049	0.251	2.02885916019824e-10	VMA21	c14
6.31788465318271e-15	-0.224759374665721	0.077	0.301	2.11889215498442e-10	HDAC2	c14
6.551664486034e-15	-1.09021987410273	0.058	0.263	2.19729723532608e-10	CKS2	c14
6.59665041455966e-15	-0.442545119234893	0.068	0.284	2.21238461603502e-10	FKBP3	c14
6.67235802222402e-15	-0.165527079307793	0.092	0.329	2.23777543349349e-10	CAMLG	c14
7.19984421984522e-15	-0.243252073753918	0.48	0.808	2.41468375445169e-10	JUN	c14
8.02762304589554e-15	-0.973992191296159	0.049	0.249	2.69230421713245e-10	NRBF2	c14
8.42452333397777e-15	-0.895100922610921	0.049	0.249	2.82541663574946e-10	COA6	c14
8.78593149892131e-15	-1.60897419783959	0.068	0.272	2.94662570610823e-10	TNF	c14
9.03825269270129e-15	-0.448925439209662	0.086	0.315	3.03124918807816e-10	PEF1	c14
9.51155643077023e-15	-0.470974623594331	0.077	0.298	3.18998579575172e-10	RRAGA	c14
9.56054030710468e-15	-0.118183125360226	0.083	0.311	3.20641400819677e-10	CAPN1	c14
9.87583896673848e-15	-1.4173793031761	0.034	0.22	3.31215887266475e-10	PEPD	c14
1.03648908882047e-14	0.194833978551352	0.178	0.482	3.47617710608608e-10	DDX18	c14
1.07499191006228e-14	-1.05030277686607	0.037	0.226	3.60530786796687e-10	PAIP1	c14
1.07515031511291e-14	-0.122148048791411	0.283	0.647	3.60583912682568e-10	GZMM	c14
1.0996406783669e-14	-0.745493090220807	0.052	0.255	3.68797490710691e-10	MYCBP	c14
1.12845570370583e-14	-0.769587977598936	0.046	0.243	3.78461473908861e-10	GLTP	c14
1.21608956722111e-14	-0.332787169519277	0.111	0.358	4.07852119054615e-10	TXN2	c14
1.22730124921457e-14	-1.14146426615513	0.04	0.23	4.11612292961584e-10	AP1S2	c14
1.27641225115093e-14	-0.171710160485362	0.071	0.288	4.28083140790998e-10	RANGRF	c14
1.41544022611878e-14	-0.537724186016787	0.055	0.258	4.74710343035715e-10	ITPA	c14
1.41857463448517e-14	-0.318482260113097	0.065	0.275	4.75761560913636e-10	RPIA	c14
1.48552276265128e-14	-0.666395124054306	0.062	0.268	4.98214624137986e-10	RALA	c14
1.49835811832821e-14	0.137280438152782	0.086	0.315	5.02519345724916e-10	CHCHD7	c14
1.53251526064628e-14	-0.546650406371222	0.058	0.263	5.13974968115548e-10	DPM3	c14
1.57651893920751e-14	-0.256037810349699	0.052	0.252	5.28732921831413e-10	PCGF5	c14
1.64306828659334e-14	-0.746982670085855	0.043	0.236	5.51052241957675e-10	SURF2	c14
1.64710227854212e-14	-1.96467584674044	0.028	0.205	5.52405162177458e-10	MYC	c14
1.68977657863796e-14	-1.32153729372946	0.058	0.258	5.66717268943599e-10	A1BG	c14
1.72127790958946e-14	-0.608439745009064	0.068	0.28	5.77282185318112e-10	TPGS1	c14
1.79840622033297e-14	-0.747923170525481	0.077	0.291	6.03149478175271e-10	PTTG1	c14
1.95014325854597e-14	0.134426595355995	0.12	0.37	6.54039046051148e-10	FLOT1	c14
1.97702957468196e-14	-0.649222277986539	0.04	0.229	6.63056178756835e-10	POLDIP2	c14
1.99515026952967e-14	-0.925281280206374	0.049	0.246	6.69133497394862e-10	POP4	c14
2.08574651498224e-14	-0.330136481891413	0.077	0.296	6.99517666194745e-10	ACTR1A	c14
2.106073016062e-14	-0.282300692954056	0.089	0.316	7.06334768126875e-10	MCRIP1	c14
2.15796357885268e-14	-0.32098222253898	0.074	0.289	7.23737825075611e-10	MED30	c14
2.27650510944406e-14	-0.736308915589939	0.083	0.3	7.63494283605348e-10	TIMP1	c14
2.31000976641175e-14	-0.174090392906663	0.188	0.461	7.74731075459172e-10	CTSW	c14
2.32256794388969e-14	-0.610692556947511	0.043	0.234	7.78942837021724e-10	PDE6D	c14
2.44760351893412e-14	-0.987726328523454	0.043	0.234	8.20877268180125e-10	PYM1	c14
2.52150002348328e-14	1.41138870133115	0.609	0.732	8.45660677875822e-10	RBM39	c14
2.56303183256416e-14	0.14871848927448	0.185	0.487	8.59589616005367e-10	UQCRC2	c14
2.67711930586177e-14	0.26105648367325	0.148	0.419	8.97852272799921e-10	VPS51	c14
2.72672372302793e-14	0.159383310356091	0.2	0.515	9.14488602229106e-10	DCXR	c14
2.8371805146885e-14	-0.184249476005668	0.102	0.337	9.51533601016228e-10	FAM32A	c14
2.84713755596351e-14	-0.567936869046533	0.092	0.321	9.54872993519043e-10	COMT	c14
2.89504265889089e-14	-0.254439043760441	0.074	0.288	9.70939406938825e-10	WBP1	c14
2.99310427165042e-14	-1.33517662735504	0.031	0.21	1.00382731062612e-09	MALSU1	c14
3.03348616723164e-14	-0.342879882844644	0.086	0.311	1.01737059076615e-09	HSBP1	c14
3.05197643857195e-14	-1.18782749820693	0.037	0.221	1.02357185796826e-09	KLHDC3	c14
3.0715776282706e-14	-0.55578451917941	0.055	0.254	1.03014570496939e-09	LAP3	c14
3.15282746960119e-14	-0.113388352260834	0.175	0.471	1.05739527675485e-09	CCT6A	c14
3.31814152158811e-14	-0.531770194140266	0.062	0.265	1.11283830351022e-09	ELOF1	c14
3.36221068676156e-14	-1.18999377965706	0.037	0.22	1.12761822012609e-09	MRPS14	c14
3.39274578638782e-14	-0.457264473576529	0.055	0.255	1.13785908183875e-09	EPN1	c14
3.50310435268007e-14	-0.772385027772186	0.037	0.221	1.17487113780184e-09	TMEM126A	c14
3.55204218209575e-14	-0.108351977489253	0.169	0.462	1.19128390703127e-09	EMC4	c14
3.5734633067771e-14	-0.443972937588137	0.065	0.27	1.1984681238269e-09	SHOC2	c14
3.59505174936075e-14	-0.345802069578999	0.071	0.282	1.20570845570061e-09	TAF9	c14
3.66855350483001e-14	-0.165633233749739	0.077	0.292	1.23035947444989e-09	KRCC1	c14
3.88433500556863e-14	0.261552872165047	0.231	0.562	1.30272827416761e-09	JUND	c14
3.93829600305077e-14	0.165000202698422	0.117	0.365	1.32082571350317e-09	AHSA1	c14
3.98374223567353e-14	-0.176558183552096	0.08	0.297	1.33606747100019e-09	EHD1	c14
3.99898264751819e-14	0.274049684260727	0.218	0.553	1.34117880032465e-09	SCAND1	c14
4.12735530718812e-14	-0.563584666451562	0.052	0.248	1.38423242292475e-09	MRPL36	c14
4.18493265191407e-14	-0.874454960601753	0.037	0.22	1.40354271279894e-09	PLGRKT	c14
4.21746823639276e-14	-0.267861481093863	0.126	0.379	1.4144544971214e-09	TMEM109	c14
4.24490298403005e-14	-0.98861019842482	0.034	0.214	1.423655562784e-09	PDHA1	c14
4.36682309079507e-14	-0.907315558248679	0.043	0.231	1.46454512819085e-09	BAD	c14
4.37000630792482e-14	-0.468142052697604	0.062	0.263	1.46561271555183e-09	TBPL1	c14
4.38574272396566e-14	-0.433141717692738	0.049	0.242	1.4708903947636e-09	DEDD2	c14
4.57510507407524e-14	-0.482669238035731	0.058	0.258	1.53439873974335e-09	RPA1	c14
5.23221430896876e-14	-0.305011228118712	0.686	0.979	1.75478003494194e-09	CD52	c14
5.40827391278924e-14	-0.598313078605315	0.074	0.284	1.81382690487125e-09	COA4	c14
5.47225892715985e-14	-0.886153002036036	0.169	0.393	1.83528619899087e-09	CD8B	c14
5.92789004157432e-14	-0.419214908959646	0.065	0.269	1.9880957621432e-09	MYD88	c14
5.94890180599698e-14	-1.34043809963959	0.037	0.218	1.99514268769527e-09	MRPS23	c14
5.97973803577505e-14	0.114642980751176	0.12	0.368	2.00548454243824e-09	OGFR	c14
6.04204352962773e-14	0.149162337730472	0.126	0.379	2.02638055896655e-09	SNX5	c14
6.14436795375166e-14	0.155826361469561	0.172	0.463	2.06069812432923e-09	ARF4	c14
6.60192239531548e-14	-0.678830203692807	0.055	0.251	2.2141527329409e-09	SAMM50	c14
6.64878656073716e-14	0.129681635836821	0.142	0.406	2.22987003674003e-09	DDX21	c14
6.73143603882991e-14	-0.305017616559617	0.074	0.284	2.25758901870278e-09	ATG5	c14
7.21459868494945e-14	-0.12755211785373	0.065	0.268	2.41963210695835e-09	USP14	c14
7.6501840780077e-14	-0.434632221599641	0.04	0.224	2.56571873608222e-09	CHRAC1	c14
7.75775379286938e-14	-1.00868527487405	0.04	0.223	2.60179546705253e-09	GLRX5	c14
7.9814406066434e-14	-0.931628444719176	0.034	0.212	2.67681555065606e-09	USP39	c14
8.03281791890591e-14	-0.172056227647248	0.08	0.293	2.69404647364267e-09	PMVK	c14
8.09776826183474e-14	-0.68457129657875	0.052	0.243	2.71582951965414e-09	CHMP2B	c14
8.47758450588648e-14	0.225923338842132	0.295	0.687	2.84321229158421e-09	VPS28	c14
8.61392491320724e-14	-0.302145800135058	0.077	0.289	2.88893813739144e-09	PRPF38A	c14
8.99456605939902e-14	-0.561349694074594	0.055	0.249	3.01659756500124e-09	CDK4	c14
9.43823574712503e-14	-1.07760778573216	0.034	0.21	3.16539550487079e-09	SNAPC5	c14
9.47409289963933e-14	-0.13834482334231	0.114	0.353	3.17742127668104e-09	LAIR1	c14
9.54900358275004e-14	-0.564502811897047	0.077	0.286	3.20254482158271e-09	TMEM183A	c14
9.88543252283242e-14	-0.652739459146034	0.046	0.233	3.31537635950754e-09	ZNF524	c14
1.04859144488261e-13	-0.171900620712426	0.086	0.304	3.5167659878473e-09	ARPP19	c14
1.09662360044049e-13	-0.394565970734588	0.065	0.265	3.67785623115732e-09	MRPL22	c14
1.11511049936735e-13	-0.238496352327453	0.065	0.266	3.73985759277822e-09	UBE2E3	c14
1.18339257933068e-13	-0.174609719289749	0.089	0.308	3.96886203255922e-09	ADA	c14
1.18910232669832e-13	-0.439089784493611	0.074	0.282	3.98801138328082e-09	SMIM12	c14
1.24426412018667e-13	0.132361132132585	0.268	0.636	4.17301300628205e-09	SPCS2	c14
1.28156511161442e-13	-0.590344000693989	0.058	0.253	4.29811307133245e-09	NDUFA8	c14
1.29600613641353e-13	-0.517209369562082	0.04	0.22	4.34654538030369e-09	GMPR2	c14
1.29777990451403e-13	-0.663741919114591	0.046	0.232	4.35249424375915e-09	TMEM14A	c14
1.30681490816169e-13	0.197363280945088	0.178	0.473	4.38279583899269e-09	RGS14	c14
1.32840151408079e-13	-0.509953523228685	0.074	0.28	4.45519299792414e-09	FYTTD1	c14
1.36095354796133e-13	0.274164471401051	0.197	0.505	4.56436600915272e-09	NUCB1	c14
1.37277915164156e-13	0.194161190297338	0.092	0.314	4.60402671877547e-09	WDR82	c14
1.41905332566444e-13	-0.283897770973241	0.102	0.33	4.75922104361338e-09	IER3IP1	c14
1.51243059250116e-13	3.50990589930155	0.225	0.117	5.0723897211304e-09	MIAT	c14
1.53845100414998e-13	1.23511005680372	0.668	0.818	5.1596569777182e-09	MBNL1	c14
1.55529625072923e-13	-2.08806386767704	0.015	0.174	5.21615256569569e-09	RPL26L1	c14
1.56693930003711e-13	-0.263608069792411	0.055	0.248	5.25520102446447e-09	DCPS	c14
1.58194534825209e-13	0.113261096344631	0.154	0.422	5.30552830896786e-09	XRN2	c14
1.6038742982744e-13	0.121631561760863	0.129	0.38	5.37907362155268e-09	TMUB1	c14
1.67742723069673e-13	-0.471218529806527	0.04	0.22	5.62575544631071e-09	FAM200B	c14
1.71754561758454e-13	-0.566784414807797	0.052	0.241	5.76030449225504e-09	LRRC59	c14
1.74711556703809e-13	-0.127093928576035	0.105	0.336	5.85947618873235e-09	EIF4E2	c14
1.82602291428553e-13	-0.850708093674699	0.031	0.202	6.12411564993081e-09	MRPL48	c14
1.84430190687447e-13	0.20802455878711	0.135	0.389	6.1854197352756e-09	FBXW5	c14
1.85328836077183e-13	-0.403176182732769	0.055	0.246	6.21555850435656e-09	TXNDC9	c14
1.86205430708379e-13	-0.784040590131409	0.055	0.246	6.2449577350976e-09	SAE1	c14
1.87559638619037e-13	-0.500468426191865	0.046	0.229	6.29037516000526e-09	ATPAF1	c14
1.91492840899512e-13	-0.101437647665256	0.148	0.411	6.42228689808784e-09	GOLGA7	c14
1.93510888548995e-13	-0.530377865624148	0.071	0.273	6.48996818015619e-09	ZDHHC12	c14
1.94709994530491e-13	-0.389915114105389	0.077	0.284	6.53018379656362e-09	MRPL28	c14
1.95317407091758e-13	-0.382471935071288	0.123	0.352	6.55055519904338e-09	PTGER2	c14
2.02867338164791e-13	0.133001007421688	0.148	0.412	6.80376478737077e-09	MFF	c14
2.21135710749599e-13	-0.823400212527034	0.052	0.239	7.41644946712006e-09	ATF1	c14
2.22041102586538e-13	-0.728844187623557	0.052	0.24	7.4468144985473e-09	UROS	c14
2.2619534647279e-13	-0.151087483551793	0.102	0.327	7.58613953000444e-09	TRAPPC4	c14
2.26970833142002e-13	-0.114994023375179	0.123	0.363	7.61214780191647e-09	STN1	c14
2.28226520853054e-13	-0.509365333193672	0.068	0.267	7.65426105636972e-09	RNF11	c14
2.36274261256386e-13	0.106199353235362	0.206	0.501	7.92416617401667e-09	CXCR3	c14
2.40403928455933e-13	-1.50950604527782	0.028	0.194	8.06266695255507e-09	CCNQ	c14
2.45143814583095e-13	-0.112158530315604	0.148	0.407	8.22163325348783e-09	NUCB2	c14
2.46744965457185e-13	-1.03328015850272	0.034	0.206	8.27533265150308e-09	RAB9A	c14
2.5386560844405e-13	-1.02200119911465	0.028	0.195	8.51414477599655e-09	GPN1	c14
2.55271311004322e-13	-0.200892123840917	0.102	0.325	8.56128922846294e-09	MED4	c14
2.77894469361493e-13	0.129724725564571	0.246	0.59	9.32002471344575e-09	NDUFA13	c14
2.79161491550794e-13	-0.466955020519751	0.077	0.282	9.36251810363053e-09	AKR7A2	c14
2.84126126688443e-13	-0.626028171992397	0.055	0.244	9.52902203687699e-09	NUDT1	c14
2.86709017335908e-13	-0.52225732598018	0.046	0.227	9.61564702341167e-09	ZNF511	c14
2.87140060842911e-13	-0.273528798201887	0.08	0.287	9.63010336054954e-09	NUDT16L1	c14
3.03538161984611e-13	-0.794450377844202	0.04	0.217	1.01800628766399e-08	ANAPC13	c14
3.22976631498898e-13	-0.449688522998634	0.058	0.248	1.08319902672101e-08	MRPL42	c14
3.40129043212958e-13	-1.27941083018248	0.028	0.194	1.14072478512762e-08	SSSCA1	c14
4.00264372224618e-13	-0.17574214773112	0.077	0.282	1.34240665156692e-08	MIF4GD	c14
4.16871684690666e-13	-0.850639034154329	0.04	0.215	1.39810425611556e-08	NIPSNAP1	c14
4.26726734265951e-13	0.253006605922943	0.129	0.374	1.43115612138115e-08	RAB6A	c14
4.4582923575817e-13	-0.167886706699349	0.083	0.292	1.49522209088575e-08	UBLCP1	c14
4.55047138248324e-13	0.224316590249252	0.145	0.404	1.52613709225723e-08	PPCS	c14
4.7557076719273e-13	0.161824171407968	0.172	0.453	1.59496923901098e-08	RBCK1	c14
4.80347346384209e-13	-1.17502462546664	0.034	0.202	1.61098893030336e-08	SVBP	c14
4.9732552899427e-13	-1.00619814627032	0.04	0.214	1.66793035914098e-08	NABP2	c14
5.00824551033496e-13	-0.242162109354709	0.083	0.292	1.67966537925614e-08	TSEN15	c14
5.34928011326627e-13	-0.283740874550972	0.129	0.367	1.79404156438724e-08	PLEKHF1	c14
5.54794679807575e-13	-0.366460894096823	0.058	0.247	1.86067039713864e-08	NOB1	c14
5.82111226826385e-13	0.150625563595824	0.151	0.412	1.95228463253033e-08	RAB27A	c14
5.83072445218599e-13	-1.21240459291771	0.037	0.207	1.95550836677414e-08	EXOSC3	c14
5.83571420402582e-13	-0.162803508027048	0.074	0.274	1.95718182974618e-08	MRPL47	c14
5.84116786673335e-13	0.100371169119474	0.102	0.322	1.95901087914503e-08	RRP7A	c14
5.89587880689744e-13	-1.32066181096795	0.028	0.191	1.97735983425726e-08	TFPT	c14
5.95820944410595e-13	-0.292447831295931	0.077	0.28	1.99826428336425e-08	UBE2J2	c14
6.00037666800603e-13	0.130098745841359	0.148	0.4	2.01240632691586e-08	AC243960.1	c14
6.21289656339245e-13	-0.299477339523344	0.071	0.268	2.08368124943056e-08	PCID2	c14
6.28765891358626e-13	-0.461392837577705	0.071	0.267	2.10875504643856e-08	USP1	c14
6.46775077412432e-13	-0.705980752818983	0.037	0.207	2.16915425462582e-08	BABAM1	c14
6.56846885931946e-13	-1.02618133458381	0.037	0.207	2.20293308603856e-08	MRPS18A	c14
6.57395292024074e-13	-1.02831493298611	0.034	0.202	2.20477233039034e-08	TIMM9	c14
6.65890774058959e-13	0.282084463118489	0.191	0.485	2.23326447803894e-08	OPTN	c14
6.72170829372904e-13	0.155988949475706	0.206	0.517	2.25432652755085e-08	SDHD	c14
6.75833871811871e-13	-0.772512204277457	0.049	0.229	2.26661163928265e-08	NDRG3	c14
6.7823051426124e-13	-0.13030470104917	0.083	0.291	2.27464949872935e-08	PDHB	c14
6.88758209066954e-13	0.317327962117756	0.117	0.353	2.30995728156875e-08	TXNDC12	c14
8.03418660232916e-13	-0.797593857598723	0.32	0.56	2.69450550268915e-08	NKG7	c14
8.15772890994171e-13	-1.56715595119217	0.028	0.189	2.73593912181625e-08	DCTPP1	c14
8.22485397826381e-13	-0.100320259609136	0.089	0.294	2.75845152723012e-08	TCF7	c14
8.33209215653392e-13	-0.659024858066024	0.068	0.261	2.79441706745835e-08	TSSC4	c14
8.40248205675836e-13	-0.960079196058511	0.037	0.205	2.81802443219562e-08	MARCKSL1	c14
8.45656240332627e-13	-0.600501516399722	0.046	0.223	2.83616189882756e-08	COA5	c14
8.66036823368721e-13	-0.272847057267725	0.077	0.277	2.90451429821402e-08	FAM104A	c14
8.78143657882859e-13	-0.458104022883181	0.068	0.26	2.94511819980753e-08	GRPEL1	c14
9.1364873295403e-13	-0.117288720518681	0.102	0.32	3.06419512058123e-08	AK2	c14
9.32878021524922e-13	0.104282237049183	0.132	0.374	3.12868630859028e-08	MRFAP1L1	c14
9.66109335291351e-13	-0.158769100346186	0.08	0.283	3.24013748870013e-08	PSMD3	c14
9.88446438873709e-13	-1.69045523379312	0.015	0.166	3.31505166669465e-08	MED31	c14
9.98183811762401e-13	-0.538182994529627	0.037	0.205	3.34770886788874e-08	FMC1	c14
1.01442304959488e-12	-1.24974070721712	0.031	0.194	3.40217202373132e-08	EBNA1BP2	c14
1.04342498369801e-12	-0.605470181776557	0.04	0.21	3.49943871032638e-08	NBN	c14
1.04716528211295e-12	-1.07550751723052	0.043	0.215	3.5119829231504e-08	SMIM27	c14
1.07037626296152e-12	-0.265507647029686	0.071	0.264	3.58982791072034e-08	LCMT1	c14
1.07280659848161e-12	-0.690540480334306	0.058	0.243	3.59797876998763e-08	POLR2H	c14
1.07920120954621e-12	-0.454727727016853	0.055	0.238	3.61942501657608e-08	RAB22A	c14
1.0862758864387e-12	-0.734547498764545	0.043	0.216	3.64315206793813e-08	LSM12	c14
1.08993557643853e-12	-1.29552204862527	0.028	0.188	3.65542593625955e-08	SETD3	c14
1.13018048528317e-12	0.108122600126625	0.145	0.396	3.7903993115427e-08	PRPF6	c14
1.17477000655707e-12	-0.198608839238897	0.105	0.323	3.9399436479911e-08	PTP4A1	c14
1.1924712611206e-12	0.140706754539146	0.203	0.503	3.99931011554626e-08	METTL26	c14
1.27911474513961e-12	0.264096021519294	0.12	0.355	4.28989503224923e-08	SNRNP40	c14
1.29016671425928e-12	-0.486796874570174	0.065	0.254	4.32696112628276e-08	SLC10A3	c14
1.29065153416721e-12	-0.186913472936444	0.108	0.329	4.32858711528998e-08	ALDH9A1	c14
1.31482284933745e-12	0.19699631606297	0.138	0.384	4.40965287210795e-08	TEX264	c14
1.32560234377504e-12	-1.37662659853562	0.034	0.198	4.44580514055273e-08	TCEAL8	c14
1.48504692440169e-12	-0.1111158615959	0.098	0.313	4.9805503750584e-08	RAB18	c14
1.50533364785677e-12	-0.894651116722041	0.04	0.208	5.04858798818205e-08	MT1F	c14
1.55267067370555e-12	0.259154052188895	0.2	0.498	5.20734690547368e-08	GRB2	c14
1.56178998529486e-12	0.157357860992642	0.268	0.606	5.23793125268191e-08	TNFAIP8	c14
1.56937741165497e-12	-0.516608236706991	0.083	0.284	5.26337796320845e-08	SELENOM	c14
1.62677254471248e-12	-0.722695441880236	0.04	0.208	5.45586976045672e-08	DAP	c14
1.67304322678904e-12	0.66185019538357	0.849	0.992	5.61105237400509e-08	SARAF	c14
1.74391054721496e-12	0.13286022193521	0.292	0.663	5.84872719324954e-08	BUB3	c14
1.77810716149031e-12	0.228320441076547	0.068	0.258	5.9634157982062e-08	CHCHD3	c14
1.79092228588045e-12	-0.199866396973036	0.102	0.317	6.00639516238586e-08	PLSCR3	c14
1.80500657102365e-12	0.287176701091802	0.166	0.439	6.05363103789912e-08	PSMD13	c14
1.81557372028147e-12	-1.07769125802268	0.034	0.197	6.08907114308001e-08	LZIC	c14
1.83061619340301e-12	-0.375440504388973	0.055	0.236	6.13952058943501e-08	TMEM141	c14
1.85771444380662e-12	-0.188982015509599	0.132	0.368	6.23040270163865e-08	DNAJB9	c14
1.89242436818861e-12	0.38332092068419	0.148	0.4	6.34681284603095e-08	ZFAND5	c14
1.89748754083239e-12	-0.519453041060005	0.049	0.224	6.36379371444369e-08	PSME3	c14
1.92199039860891e-12	-1.15682325999678	0.028	0.185	6.44597139885457e-08	FAM89B	c14
1.95461397965211e-12	-0.224098375675669	0.12	0.349	6.55538436495724e-08	NDUFC2	c14
1.98468599145902e-12	-0.116890964400023	0.415	0.829	6.65623987815524e-08	ACTR3	c14
1.99221469446379e-12	1.29569713741273	0.634	0.796	6.68148964229267e-08	FUS	c14
2.01200242879736e-12	-1.45292786527966	0.018	0.168	6.74785374570058e-08	HAUS1	c14
2.12978085207626e-12	0.449447594275795	0.188	0.474	7.14285902169336e-08	EIF4A1	c14
2.18429814787391e-12	-0.140469107402766	0.08	0.278	7.32569912833951e-08	BFAR	c14
2.19186709721844e-12	-0.695618541039082	0.031	0.191	7.3510838706512e-08	THAP11	c14
2.25444267063045e-12	-0.384525444004763	0.043	0.213	7.5609498287604e-08	SGF29	c14
2.2919402239216e-12	0.201067995868453	0.135	0.374	7.68670912298827e-08	RNF139	c14
2.31989732085585e-12	-0.219889748338574	0.111	0.327	7.78047163468634e-08	PRNP	c14
2.3855085600028e-12	-1.45378486351363	0.015	0.162	8.00051860853738e-08	DDX59	c14
2.39714986777816e-12	-0.448057267643467	0.062	0.244	8.03956122655438e-08	RABIF	c14
2.40430978466325e-12	0.3260625979878	0.209	0.511	8.06357415580361e-08	PSIP1	c14
2.41554319741528e-12	-0.985264574153169	0.046	0.216	8.10124877549137e-08	RTL8C	c14
2.47984817284345e-12	-0.982260368320838	0.037	0.201	8.31691480208235e-08	C20orf27	c14
2.54579991076134e-12	-1.4250683678243	0.025	0.178	8.53810374071138e-08	EXOSC7	c14
2.56611104607202e-12	-0.126360518109474	0.089	0.292	8.60622322631635e-08	AIMP1	c14
2.62442870423842e-12	0.252132389429514	0.108	0.328	8.80180898827481e-08	MLX	c14
2.75395785034045e-12	0.279536565915191	0.108	0.324	9.23622383847179e-08	NMRK1	c14
2.76155298824143e-12	-1.55644929720036	0.025	0.178	9.26169641196411e-08	TRIAP1	c14
2.90586696169783e-12	-2.27336220344544	0.037	0.195	9.74569661614217e-08	STMN1	c14
2.91233019343152e-12	-0.477717099309875	0.043	0.211	9.76737300273063e-08	MRPS10	c14
2.91623239513532e-12	0.185116899440017	0.135	0.376	9.78046020680482e-08	CNPPD1	c14
2.95666092974617e-12	-1.06108460700201	0.043	0.208	9.9160494261827e-08	KLRG1	c14
2.96407245759669e-12	-0.597038267463791	0.065	0.248	9.94090620828777e-08	ISCA2	c14
2.97663716703847e-12	-0.271831801041563	0.046	0.217	9.98304573081363e-08	NIP7	c14
2.97899589038036e-12	-0.175237546519543	0.117	0.341	9.99095641715767e-08	PSMB7	c14
3.0094820550123e-12	0.197644034789905	0.089	0.293	1.00932009161003e-07	NUDT4	c14
3.02896464880673e-12	-0.112131116387831	0.074	0.266	1.0158541639168e-07	CHMP3	c14
3.05195299682942e-12	0.142689610607507	0.258	0.605	1.02356399607665e-07	MRPS21	c14
3.06965891052626e-12	-0.258698828196734	0.083	0.282	1.0295022054123e-07	MAD2L2	c14
3.0827559631822e-12	0.25333384870656	0.228	0.554	1.03389469493204e-07	RPN2	c14
3.0849460526368e-12	0.114914189542268	0.074	0.266	1.03462920713333e-07	RPS6KB2	c14
3.09555000843052e-12	-1.27333692360618	0.031	0.189	1.03818556182743e-07	DEDD	c14
3.15454010227954e-12	0.123779565480177	0.298	0.655	1.05796965950251e-07	LBH	c14
3.37173929257254e-12	-0.389932631257968	0.052	0.227	1.13081392394298e-07	UBE2D1	c14
3.41490384358031e-12	0.325093526040629	0.102	0.315	1.14529045105996e-07	RPL7L1	c14
3.46891091578343e-12	-0.79911701392358	0.04	0.205	1.16340334293545e-07	MRPL40	c14
3.51385948399458e-12	-0.153017979963239	0.105	0.319	1.1784781937421e-07	TRAPPC5	c14
3.53377582278551e-12	0.145942015756685	0.169	0.437	1.1851577354458e-07	WASF2	c14
3.81329359680896e-12	0.36257422963484	0.102	0.315	1.27890240649779e-07	PSMC6	c14
3.85948724763809e-12	0.252185013843019	0.123	0.353	1.29439483311286e-07	FXR1	c14
3.88179139311333e-12	-1.53080587992328	0.025	0.176	1.30187519742235e-07	SNX10	c14
4.02625293256792e-12	-0.111840199204748	0.074	0.264	1.35032470852463e-07	SLU7	c14
4.07204854993337e-12	0.214002998557652	0.237	0.558	1.36568364267665e-07	PRKAR1A	c14
4.16943860181297e-12	-1.2443442467947	0.031	0.186	1.39834631827603e-07	MID1IP1	c14
4.27103003898886e-12	0.207840875793004	0.095	0.302	1.43241805447608e-07	CCSER2	c14
4.36824192901233e-12	-0.126016777118034	0.102	0.312	1.46502097815215e-07	PLEKHJ1	c14
4.53898017047799e-12	0.330010695803215	0.182	0.458	1.52228316957491e-07	VSIR	c14
4.71907863264081e-12	0.166502698512099	0.2	0.491	1.58268459181507e-07	SF3A1	c14
4.80201649877988e-12	-0.496630149332718	0.037	0.198	1.6105002933608e-07	PDZD11	c14
4.83306498995107e-12	0.310338365529191	0.108	0.324	1.62091333632979e-07	NDUFA10	c14
4.87119116294533e-12	0.105101424944686	0.12	0.348	1.6337000922286e-07	PSMC1	c14
4.88726120116771e-12	-0.614410846008718	0.046	0.214	1.63908966164762e-07	CCDC25	c14
4.95687144727702e-12	-2.28493682415507	0.015	0.157	1.66243554598777e-07	SORBS3	c14
5.0671147779632e-12	-0.632666105698467	0.043	0.208	1.6994089542333e-07	OSER1	c14
5.10240942522526e-12	-0.467720699301689	0.046	0.214	1.71124607303205e-07	HMCES	c14
5.2041602784512e-12	-0.753728102775952	0.046	0.213	1.74537127418696e-07	SPRYD3	c14
5.24369925947207e-12	0.390085103842197	0.154	0.409	1.75863185764174e-07	ATXN10	c14
5.27426374576618e-12	-0.52671401594383	0.04	0.203	1.76888257505506e-07	CUTC	c14
5.31087291931522e-12	0.296867328763399	0.2	0.49	1.78116055967994e-07	ZC3H15	c14
5.36558428629846e-12	-1.58181790334207	0.022	0.169	1.79950965793878e-07	KLF10	c14
5.44970578397193e-12	-0.196491324137291	0.4	0.744	1.82772232582851e-07	TXNIP	c14
5.46796930796461e-12	-1.5587006979134	0.037	0.195	1.83384754650517e-07	CDKN2D	c14
5.56702410967081e-12	-0.610429743172229	0.028	0.181	1.8670685459014e-07	CBR1	c14
5.74264315434065e-12	-0.553666109338611	0.025	0.175	1.92596766110277e-07	RBM18	c14
5.85329938450225e-12	-0.294309831828972	0.077	0.267	1.96307954757436e-07	CDV3	c14
5.940567724725e-12	-1.32804602620147	0.018	0.163	1.99234760351827e-07	HPF1	c14
5.95528514827671e-12	0.180233112791331	0.138	0.373	1.99728353302904e-07	UGP2	c14
6.1353302867857e-12	0.298372407193989	0.148	0.396	2.05766707158219e-07	MOB4	c14
6.28107908493011e-12	-0.521905257471128	0.046	0.213	2.10654830350386e-07	SART1	c14
6.3665978296391e-12	0.12179887843192	0.197	0.479	2.13522958010436e-07	IRF2	c14
7.17375489503681e-12	1.26433687304719	0.08	0.272	2.40593391669745e-07	SOD2	c14
7.30097024849531e-12	0.10516799557237	0.197	0.481	2.44859940194036e-07	HNRNPH3	c14
7.32597374820478e-12	-0.514647240548877	0.089	0.281	2.45698507567292e-07	PTMS	c14
7.50278028053644e-12	0.319172016668131	0.292	0.664	2.51628245048631e-07	SF3B2	c14
7.51228509217797e-12	-1.03804564375077	0.031	0.185	2.51947017421465e-07	NBL1	c14
7.51494354665554e-12	-0.655066826986966	0.043	0.207	2.52036176667733e-07	EPB41L4A-AS1	c14
7.57034190566161e-12	-0.628352260978184	0.052	0.222	2.53894126832079e-07	FOPNL	c14
7.7607975670988e-12	-0.245859145231736	0.08	0.272	2.6028162880536e-07	ATP6V1E1	c14
7.9485576109443e-12	0.133820763014944	0.295	0.678	2.6657872515585e-07	TMEM50A	c14
7.95429603801896e-12	1.98968653063818	0.455	0.434	2.6677118052308e-07	GPRIN3	c14
8.08828720866984e-12	-0.284073807677903	0.071	0.254	2.71264976404369e-07	SREK1IP1	c14
8.41178605449784e-12	-0.262256921427774	0.102	0.307	2.82114480695748e-07	SMIM29	c14
8.72437201773901e-12	-0.649048214880415	0.049	0.212	2.92597988730931e-07	CDKN1A	c14
9.4581764576041e-12	0.134596551880711	0.111	0.326	3.17208322035126e-07	AAMP	c14
9.50501781258503e-12	-0.160872778421777	0.074	0.259	3.18779287398477e-07	ACADM	c14
9.82115600874239e-12	-0.851866988215946	0.037	0.194	3.29381930221202e-07	THAP1	c14
9.82237962872188e-12	0.198190307489212	0.114	0.329	3.29422967988074e-07	EAPP	c14
1.00762022354464e-11	-0.154561474758118	0.071	0.255	3.37935670572401e-07	JAGN1	c14
1.06748646956044e-11	3.74236821571688	0.215	0.117	3.58013612161179e-07	XIST	c14
1.11622069992409e-11	-1.21537287526156	0.022	0.166	3.74358098340541e-07	SMCO4	c14
1.11851737091482e-11	0.125410933332558	0.369	0.767	3.75128355857414e-07	EIF4G2	c14
1.13781678607693e-11	0.251161810078442	0.231	0.54	3.81600993714481e-07	CAST	c14
1.15218189137643e-11	-0.187310907857133	0.098	0.3	3.86418762729826e-07	IFNGR1	c14
1.15363143554615e-11	-1.39095032708353	0.025	0.171	3.86904910853466e-07	SCOC	c14
1.16346174909698e-11	-0.412341332140217	0.058	0.232	3.90201801412146e-07	BAK1	c14
1.17729990803781e-11	0.139155029827024	0.148	0.389	3.9484284315772e-07	ORMDL1	c14
1.17873163743084e-11	0.282601093056956	0.151	0.391	3.95323016561554e-07	MAT2A	c14
1.17928497279555e-11	0.180495168028802	0.089	0.287	3.95508594176173e-07	THUMPD1	c14
1.18749380716087e-11	0.383044293010924	0.102	0.309	3.98261673045613e-07	PABPC4	c14
1.18823476671294e-11	-0.307738086093077	0.049	0.215	3.98510176060187e-07	DRG1	c14
1.22101860339439e-11	0.305000323066202	0.092	0.292	4.09505219206412e-07	CNOT8	c14
1.24306980644025e-11	-0.588670167334588	0.04	0.199	4.16900751683931e-07	TARS	c14
1.26388812210828e-11	-1.81905978806802	0.015	0.154	4.23882798392675e-07	CYB5A	c14
1.26445826336913e-11	0.352023186763142	0.126	0.35	4.24074012368739e-07	DARS	c14
1.3216302127862e-11	0.231166328977731	0.154	0.401	4.43248340764237e-07	AKIRIN1	c14
1.35948047740316e-11	-0.200273557931162	0.062	0.237	4.55942562511472e-07	DMAC1	c14
1.36108092487777e-11	0.345112017002238	0.191	0.471	4.56479320585508e-07	PARP1	c14
1.38010792986973e-11	0.400087166690559	0.175	0.442	4.62860597519709e-07	ACTN4	c14
1.39111170240492e-11	1.94386902960061	0.585	0.661	4.66551042752563e-07	SAT1	c14
1.40887047139838e-11	0.278955731319197	0.138	0.372	4.7250697869759e-07	PSMD2	c14
1.46196579661241e-11	-0.502265358575904	0.037	0.192	4.90314088867872e-07	WDR54	c14
1.49074027731983e-11	-0.110664465445967	0.092	0.29	4.99964474207525e-07	E2F4	c14
1.49223762977248e-11	-1.16918121021985	0.028	0.175	5.00466656273093e-07	RBMX2	c14
1.49555269931093e-11	0.20258946251324	0.108	0.317	5.015784642949e-07	ZFAND2B	c14
1.49670538918226e-11	-0.254725835432321	0.049	0.214	5.01965053423948e-07	DNAJC9	c14
1.55675331037876e-11	0.216422623422612	0.166	0.42	5.22103925234829e-07	GNAI2	c14
1.56527282658047e-11	-0.303615332716658	0.077	0.261	5.24961200578559e-07	PERP	c14
1.56656274973027e-11	-0.269403372240322	0.12	0.33	5.25393815004539e-07	DUSP5	c14
1.66950130692287e-11	-0.520555268310272	0.062	0.235	5.59917348315793e-07	POLR3K	c14
1.68235716553968e-11	0.280395060931287	0.191	0.468	5.64228946178698e-07	RBBP4	c14
1.68320519629343e-11	-0.157553194750978	0.071	0.252	5.64513358732891e-07	MKRN1	c14
1.72938224535968e-11	-0.126395954625345	0.077	0.262	5.8000021744873e-07	ZNF22	c14
1.73387343352939e-11	0.340943395474804	0.252	0.585	5.81506472137087e-07	UBE2B	c14
1.77151418847793e-11	-0.450604071217827	0.055	0.224	5.94130428531727e-07	ASB8	c14
1.79052987402289e-11	-0.236669491182208	0.046	0.207	6.00507909149796e-07	ACLY	c14
1.85050493990238e-11	0.212048034210488	0.298	0.662	6.2062234674446e-07	REX1BD	c14
1.9127135756829e-11	-1.24258921020648	0.028	0.174	6.41485879012532e-07	SDHAF3	c14
1.91536328815452e-11	0.167478185634033	0.117	0.331	6.42374539581263e-07	SND1	c14
1.95601042649376e-11	0.359193787766126	0.138	0.372	6.56006776837478e-07	TINF2	c14
1.95911166260328e-11	-0.325082956114415	0.058	0.229	6.57046869403887e-07	NAE1	c14
2.01101309564778e-11	0.27804156980528	0.148	0.387	6.74453572018351e-07	ABI1	c14
2.02902912862223e-11	0.129941789832068	0.129	0.355	6.80495789157322e-07	SFT2D1	c14
2.03863862096723e-11	0.252949914937074	0.092	0.289	6.83718620699988e-07	FAM204A	c14
2.09166466590629e-11	0.145059918395009	0.182	0.449	7.01502495651652e-07	TMEM9B	c14
2.12942746330921e-11	-0.604559269249735	0.037	0.19	7.14167382644643e-07	CD81	c14
2.2026554991736e-11	-0.97752442766572	0.034	0.184	7.38726601312843e-07	TIFA	c14
2.32567151121655e-11	-0.464816888831376	0.04	0.196	7.79983711431806e-07	TRAF7	c14
2.33521043436787e-11	-1.22692727250388	0.025	0.168	7.83182875478296e-07	MRPS28	c14
2.38200199518165e-11	0.202217482562208	0.225	0.525	7.98875829144023e-07	SF3A2	c14
2.38840530928453e-11	-2.21213334306311	0.009	0.139	8.01023372627846e-07	DBNDD2	c14
2.40339827838323e-11	-1.09319524862677	0.022	0.162	8.06051714604166e-07	SNAP47	c14
2.40722669673916e-11	-0.14955793948	0.055	0.222	8.0733568955238e-07	NDUFS4	c14
2.43612615510265e-11	0.258252743782682	0.2	0.48	8.17027989898328e-07	SSR1	c14
2.51726650520908e-11	-0.923442166486633	0.034	0.184	8.44240840517021e-07	AL365205.1	c14
2.53375687273905e-11	0.156929924886845	0.154	0.396	8.49771379979221e-07	FBXO7	c14
2.53874185402696e-11	0.104589069849796	0.098	0.297	8.5144324300356e-07	MAP2K1	c14
2.56398169832427e-11	0.201344405880447	0.188	0.454	8.59908181983995e-07	LIME1	c14
2.56801012300237e-11	-0.577811294803619	0.062	0.232	8.61259235052535e-07	GCHFR	c14
2.59622992741502e-11	-0.148088290342767	0.108	0.312	8.70723593056449e-07	MANF	c14
2.63231950549868e-11	-1.14281706257841	0.018	0.156	8.82827315754147e-07	NUBP1	c14
2.64172773274673e-11	-0.385287925877825	0.557	0.933	8.85982647008598e-07	HMGB1	c14
2.68907800825681e-11	-0.631651147746497	0.031	0.179	9.01862982409167e-07	SLC35A4	c14
2.75275962619159e-11	-0.632651479584287	0.034	0.184	9.23220523432135e-07	AK6	c14
2.82813831468492e-11	-0.541072912381304	0.04	0.194	9.48501027979027e-07	TSR3	c14
2.8716258247625e-11	-0.624528305706519	0.037	0.189	9.63085869108847e-07	POLD2	c14
2.95068911055506e-11	-1.13004218252238	0.034	0.183	9.89602113897956e-07	APIP	c14
2.97288272049403e-11	-0.163932559885067	0.074	0.254	9.97045406799288e-07	VTA1	c14
3.06892826038595e-11	-0.103012645964788	0.111	0.319	1.02925715996824e-06	EMC6	c14
3.24816942858777e-11	0.280545969516887	0.215	0.506	1.08937106295977e-06	RBMS1	c14
3.29144783990669e-11	-0.386784942179648	0.055	0.221	1.1038857765479e-06	ISY1	c14
3.34049761785241e-11	-0.425683420148868	0.052	0.216	1.12033609107534e-06	RAB35	c14
3.37433282069675e-11	-0.266749244703229	0.043	0.199	1.13168374140527e-06	SEC22B	c14
3.52417655312811e-11	0.296851808558689	0.126	0.347	1.1819383323881e-06	ARIH2	c14
3.54847197825425e-11	-0.262667026442138	0.083	0.268	1.19008653206691e-06	MRPS26	c14
3.56559127779363e-11	-0.454513434099511	0.062	0.231	1.19582800274643e-06	LAMTOR3	c14
3.59327429119421e-11	-3.15386899987889	0.006	0.131	1.20511233178071e-06	QDPR	c14
3.6615196818537e-11	0.16354080014516	0.286	0.64	1.22800047090009e-06	BSG	c14
3.75383899836646e-11	-0.123884662149469	0.175	0.408	1.25896252327214e-06	HLA-DPA1	c14
3.92070615672278e-11	-0.230735695828837	0.065	0.236	1.31492643084169e-06	MRPL55	c14
3.9751532007951e-11	1.64353297948014	0.569	0.68	1.33318688048266e-06	ZAP70	c14
3.97559559623675e-11	-0.259128336219286	0.037	0.188	1.33333525106588e-06	MED8	c14
3.97984012266912e-11	0.265484543386629	0.271	0.603	1.33475878034077e-06	POLD4	c14
3.9818010292713e-11	5.44297232785915	0.012	0.001	1.33541642919701e-06	AL512306.2	c14
4.04750635033892e-11	-0.999724895588779	0.018	0.154	1.35745267977667e-06	AHCY	c14
4.048500441896e-11	0.111157663823756	0.065	0.236	1.35778607820308e-06	STARD3NL	c14
4.08303800608448e-11	0.433080735232909	0.2	0.476	1.36936928648061e-06	PNRC2	c14
4.2135220572143e-11	0.323032907323015	0.182	0.446	1.41313102754853e-06	RTN4	c14
4.24118191906511e-11	0.283688516847218	0.123	0.34	1.42240759201606e-06	DENR	c14
4.26936273520319e-11	-0.172842302376168	0.052	0.215	1.43185887413245e-06	CCDC32	c14
4.27320382557783e-11	-1.40723404431221	0.025	0.165	1.43314709902229e-06	GNPDA1	c14
4.46294126774706e-11	-0.690005074664649	0.043	0.197	1.49678124237701e-06	PCBD1	c14
4.49281219883903e-11	-0.682340767649039	0.031	0.176	1.50679935524663e-06	THAP4	c14
4.5291069149544e-11	-0.979172484373572	0.031	0.175	1.51897187713741e-06	FLYWCH2	c14
4.53330888589002e-11	0.312054070575069	0.206	0.488	1.5203811341498e-06	DYNLT1	c14
4.54376914083013e-11	0.430728009323219	0.178	0.438	1.52388929445161e-06	MVP	c14
4.58716101687701e-11	0.202554484635083	0.157	0.4	1.53844206184021e-06	DEGS1	c14
4.62852128017287e-11	2.09410050610218	0.385	0.299	1.55231346694438e-06	CTLA4	c14
4.85364598975208e-11	0.204211570356553	0.231	0.529	1.62781579204305e-06	HNRNPR	c14
4.96655721692513e-11	-0.280753129628713	0.052	0.213	1.66568395941235e-06	MRPL24	c14
5.07862471820849e-11	-0.127003610041215	0.065	0.235	1.70326915799276e-06	KARS	c14
5.25708100316854e-11	2.22902843230065	0.44	0.422	1.76311982684267e-06	MACF1	c14
5.26261419663679e-11	-0.80357445348471	0.034	0.18	1.76497554926805e-06	MRPL58	c14
5.59276132621806e-11	-0.456440155455638	0.049	0.208	1.87570029358701e-06	DTD1	c14
5.6590025468973e-11	-0.159006537119307	0.074	0.251	1.89791627417842e-06	C12orf65	c14
5.69776117250872e-11	-0.630328763620926	0.055	0.218	1.91091514203598e-06	NDUFAF4	c14
5.75423881789088e-11	-0.513944845867323	0.049	0.206	1.92985661474424e-06	LINC00623	c14
5.8327590228604e-11	0.251576450505139	0.129	0.349	1.95619072108692e-06	CAPRIN1	c14
5.84138071883578e-11	-0.165142449721254	0.058	0.224	1.95908226548314e-06	RFXANK	c14
6.01155870870183e-11	0.196591601885971	0.102	0.3	2.01615655972442e-06	APEH	c14
6.08561063719034e-11	0.480263439508258	0.185	0.45	2.0409920955009e-06	NOP58	c14
6.23582588116642e-11	-1.60819100623819	0.018	0.152	2.0913712840256e-06	ADORA2A	c14
6.29124600792623e-11	-0.336194234660794	0.114	0.298	2.1099580861383e-06	IFNG	c14
6.33607475976276e-11	-1.0978863869738	0.028	0.169	2.12499275292923e-06	VAMP7	c14
6.37948394621216e-11	0.259822909847529	0.086	0.271	2.13955132588063e-06	TNIP2	c14
6.55701230302695e-11	0.363063690952167	0.12	0.33	2.19909078618918e-06	AMZ2	c14
6.74258681164489e-11	0.303250308028254	0.151	0.386	2.26132876488946e-06	SH3GLB1	c14
6.8593730101322e-11	-1.42258792135806	0.025	0.162	2.30049652013814e-06	NUDT2	c14
6.8804780408135e-11	0.175260822409796	0.185	0.445	2.30757472532803e-06	PRKACB	c14
6.91554273464345e-11	0.50789651404642	0.111	0.317	2.31933472234472e-06	INTS11	c14
6.94411703425441e-11	0.167309312259249	0.138	0.359	2.32891797094824e-06	PIM3	c14
6.99395681032834e-11	-0.169795549008253	0.065	0.234	2.34563323504792e-06	CERS2	c14
7.02249216425605e-11	-0.686247545560347	0.034	0.179	2.35520342204819e-06	HENMT1	c14
7.02798619279001e-11	0.17200939328826	0.092	0.281	2.35704600933791e-06	MTIF3	c14
7.09162748935806e-11	-0.127894553716237	0.071	0.244	2.37839002738091e-06	TNFSF14	c14
7.20763683941854e-11	0.613487185433557	0.178	0.439	2.41729724320419e-06	TRA2B	c14
7.50266584594711e-11	0.287067877573293	0.111	0.314	2.51624407141374e-06	SRSF8	c14
7.69079541016718e-11	0.117730886224057	0.077	0.256	2.57933896466187e-06	ERG28	c14
7.74989842524069e-11	0.193378850737719	0.065	0.234	2.59916093385722e-06	GMPS	c14
7.80214215190753e-11	0.411772692455396	0.188	0.45	2.61668243490675e-06	FAM107B	c14
8.01165183633707e-11	-0.162361406321797	0.052	0.21	2.68694779287073e-06	FKBP4	c14
8.04543251071415e-11	0.370911400309286	0.237	0.548	2.69827715544331e-06	PSMA1	c14
8.06163768535729e-11	0.108894255008286	0.148	0.376	2.70371204691513e-06	SDF2L1	c14
8.09507991971445e-11	0.130674856372869	0.08	0.261	2.71492790347383e-06	TIMM17A	c14
8.15448337497273e-11	0.357022131114483	0.185	0.444	2.73485063429835e-06	FLI1	c14
8.53085253211161e-11	-0.379955802419173	0.043	0.195	2.86107732221959e-06	OAT	c14
8.61526174954627e-11	0.176081876198843	0.077	0.255	2.88938648556283e-06	VPS25	c14
8.61657304855842e-11	-0.678561765407016	0.031	0.173	2.88982626902552e-06	SLC35B2	c14
8.87200818243146e-11	-0.968112426522837	0.034	0.178	2.97549410422386e-06	NDUFA7	c14
8.94055809038599e-11	-0.120720990727989	0.077	0.254	2.99848437235365e-06	ZPR1	c14
9.03134317091206e-11	-0.158561014506993	0.04	0.189	3.02893187266049e-06	TPD52L2	c14
9.09402944218326e-11	-0.605041855804389	0.031	0.172	3.04995559431942e-06	RWDD4	c14
9.17173989314975e-11	-0.174150198817212	0.077	0.253	3.07601812536456e-06	RAB4A	c14
9.41666273147468e-11	-0.504637448231339	0.052	0.21	3.15816034688198e-06	ATP6V1D	c14
9.44480735709069e-11	-0.387654105581729	0.095	0.281	3.16759949142108e-06	H2AFX	c14
9.49808316201713e-11	-0.617747530551707	0.037	0.183	3.1854671308773e-06	FAM207A	c14
9.66868854499416e-11	0.435844257096127	0.188	0.45	3.24268476422014e-06	PRPF40A	c14
9.77220218504016e-11	-0.148628484907533	0.231	0.509	3.27740116881877e-06	PIM1	c14
9.79110813877969e-11	0.176370885151682	0.148	0.378	3.28374184758393e-06	RNASEH2B	c14
9.94278338976311e-11	0.12683595535572	0.095	0.285	3.33461069325875e-06	DAZAP1	c14
1.01725858893859e-10	-0.666496646781628	0.046	0.199	3.41168185558225e-06	AP1S1	c14
1.03212966507241e-10	0.386147273621334	0.114	0.32	3.46155647071986e-06	ATP6V0D1	c14
1.04787074495814e-10	0.280581758460891	0.089	0.275	3.51434890444061e-06	BRMS1	c14
1.05811980580927e-10	0.170625922453311	0.083	0.264	3.54872220472312e-06	MGMT	c14
1.07065440534151e-10	-0.139521124299719	0.065	0.231	3.59076074463437e-06	ASNSD1	c14
1.07696362983041e-10	-0.46102135047821	0.046	0.199	3.61192062172522e-06	MED11	c14
1.08236190519143e-10	0.403334904886434	0.252	0.557	3.63002535763102e-06	AHNAK	c14
1.08954553525244e-10	0.402897717336893	0.111	0.312	3.65411781612964e-06	UBQLN1	c14
1.10427760728069e-10	-1.0819103257351	0.04	0.187	3.70352623929798e-06	SMIM20	c14
1.11531042939859e-10	0.296700283660428	0.123	0.334	3.74052811811699e-06	EPRS	c14
1.13854590569583e-10	0.283258590628159	0.12	0.328	3.81845525852266e-06	TOX4	c14
1.14367308795404e-10	0.439168577458783	0.206	0.483	3.83565080238026e-06	TGFB1	c14
1.18015997112597e-10	0.290139543979799	0.132	0.348	3.95802051116226e-06	NASP	c14
1.18062596600314e-10	-0.943069103312875	0.022	0.155	3.95958336478134e-06	CIAPIN1	c14
1.20376041613516e-10	0.312370055195499	0.172	0.422	4.0371716836341e-06	RAB14	c14
1.20420327365067e-10	-0.413101217012749	0.031	0.171	4.03865693916963e-06	PRR7	c14
1.24216886674926e-10	0.407106815665623	0.188	0.454	4.16598594530366e-06	MED10	c14
1.29722691021047e-10	-0.233640944091462	0.068	0.236	4.35063961146386e-06	SINHCAF	c14
1.29900541334676e-10	0.394193507143661	0.271	0.606	4.35660435528236e-06	SEC62	c14
1.3148514688762e-10	-0.754386487630379	0.025	0.16	4.40974885631701e-06	PSMD10	c14
1.31598966920958e-10	-0.75194932675613	0.052	0.208	4.41356615259508e-06	DHRS4	c14
1.34515075245406e-10	-0.256751553918963	0.055	0.214	4.51136659358043e-06	PSMA2	c14
1.36491486527263e-10	-1.10538975979027	0.031	0.17	4.57765147515136e-06	SPNS3	c14
1.41661626060837e-10	-0.178409981261675	0.046	0.197	4.75104761482836e-06	UBE2S	c14
1.44857082768384e-10	0.30092992157392	0.258	0.579	4.85821684188605e-06	MATR3.1	c14
1.46160876408261e-10	-0.636633032555571	0.034	0.176	4.90194347298025e-06	MRPL49	c14
1.50927334306314e-10	-0.560502804047493	0.043	0.192	5.06180093796515e-06	ENO2	c14
1.52599659496223e-10	0.228344747062001	0.209	0.488	5.11788738018432e-06	RBM4	c14
1.54542565570262e-10	0.288680721393913	0.185	0.44	5.18304856409544e-06	CASP1	c14
1.56121184576199e-10	-0.639456938689553	0.037	0.18	5.23599228831658e-06	BNIP3	c14
1.56629476106337e-10	-0.270939955295903	0.04	0.187	5.25303936965433e-06	MRPS2	c14
1.60431540545387e-10	-0.697804785852886	0.034	0.175	5.38055300681118e-06	EIF4EBP2	c14
1.60554361306324e-10	-0.140812819578557	0.052	0.208	5.38467216949148e-06	TOMM40	c14
1.67197613671263e-10	0.188665360492281	0.111	0.312	5.60747356730683e-06	NDUFA9	c14
1.70025275736728e-10	0.315739644447107	0.105	0.298	5.70230769765839e-06	ATIC	c14
1.71719740699788e-10	0.334639701533363	0.083	0.262	5.7591366635895e-06	PSMD1	c14
1.72896249436993e-10	-0.179344279734788	0.034	0.175	5.79859441361787e-06	UBE2Q2	c14
1.73449647573393e-10	0.411490383007374	0.102	0.296	5.81715428031644e-06	NGDN	c14
1.74867187137954e-10	0.208406853082264	0.095	0.281	5.8646957222327e-06	CRTAP	c14
1.75929714661559e-10	-0.709695344193031	0.031	0.169	5.90033077031935e-06	RWDD3	c14
1.76189317638141e-10	0.2921381423948	0.16	0.398	5.90903733494798e-06	GRSF1	c14
1.76296959723921e-10	-0.399229092870173	0.049	0.202	5.91264743522087e-06	MRPL32	c14
1.76556093436781e-10	0.424469783317095	0.298	0.653	5.92133826168276e-06	CDC42SE2	c14
1.79945500396085e-10	0.359485636773807	0.215	0.5	6.03501219228391e-06	PAPOLA	c14
1.83124383458089e-10	0.160675912234505	0.065	0.229	6.14162557241737e-06	NUP50	c14
1.90788244375018e-10	2.54611747873005	0.363	0.301	6.39865613984937e-06	GOLGA8B	c14
2.0020579696786e-10	0.107930029559921	0.348	0.753	6.71450201870809e-06	ICAM3	c14
2.03137560193815e-10	-0.5775839961931	0.034	0.173	6.81282749378018e-06	FBXL15	c14
2.0332756282067e-10	0.391954725733823	0.117	0.321	6.81919980187963e-06	BAG6	c14
2.10894382441818e-10	-0.117537236616307	0.098	0.285	7.0729757983337e-06	RBM38	c14
2.1218849224896e-10	0.104154655294761	0.286	0.627	7.1163776530456e-06	XRCC5	c14
2.16660154989701e-10	0.163431331403836	0.077	0.25	7.2663482780446e-06	LARS	c14
2.16712349669471e-10	-0.358839306337295	0.043	0.19	7.2680987832147e-06	TESC	c14
2.17892300118783e-10	-0.247368521756473	0.065	0.228	7.30767196138374e-06	ATG101	c14
2.20749065707977e-10	-0.158845788491934	0.055	0.211	7.40348216571412e-06	DESI1	c14
2.3286440921277e-10	-0.208811043892616	0.114	0.312	7.80980655617788e-06	CPNE3	c14
2.3353208502621e-10	0.2123432757444	0.215	0.499	7.83219906760902e-06	ATP6AP2	c14
2.34340631533062e-10	0.219681948961193	0.074	0.244	7.85931610035582e-06	COQ4	c14
2.39212552475093e-10	-0.372677035266879	0.043	0.19	8.02271058490967e-06	TRMT10C	c14
2.39289260271616e-10	-1.81537117278688	0.022	0.15	8.02528321098944e-06	LMNA	c14
2.41491414573808e-10	-0.146518074543758	0.058	0.217	8.09913906197636e-06	ARL1	c14
2.42608650494189e-10	-0.236539507069798	0.068	0.231	8.13660892027411e-06	TPD52	c14
2.43170647352777e-10	-0.871921765475048	0.022	0.151	8.15545717091742e-06	ACOT7	c14
2.45470332247737e-10	-0.611941102147871	0.095	0.267	8.2325840029246e-06	TNFSF9	c14
2.46168617622356e-10	-0.428417763984127	0.028	0.162	8.25600309781857e-06	VRK1	c14
2.46876280923418e-10	0.191341204349561	0.277	0.599	8.27973670960961e-06	ARL4C	c14
2.47085280765396e-10	-0.336511653281471	0.052	0.206	8.28674614630986e-06	SNAP29	c14
2.48641028530755e-10	0.283513951020459	0.135	0.346	8.33892281486445e-06	MATK	c14
2.48814388248041e-10	-0.579668564899083	0.034	0.173	8.3447369530628e-06	CASP7	c14
2.51548789132022e-10	-0.373008747890542	0.028	0.162	8.43644328990974e-06	TYW3	c14
2.61020757169299e-10	-1.8981050783385	0.015	0.139	8.75411415394396e-06	TP53TG1	c14
2.61617050270973e-10	0.328166227699267	0.151	0.378	8.77411263198789e-06	CNOT2	c14
2.62054135331937e-10	-0.497670933926613	0.028	0.162	8.7887715907625e-06	EIF2D	c14
2.66203090734115e-10	-0.72024021870246	0.025	0.156	8.92791925704075e-06	ARL3	c14
2.67049511862087e-10	-0.15244735924973	0.08	0.253	8.95630652883068e-06	PPP3R1	c14
2.68259413401645e-10	-0.249807499879543	0.031	0.168	8.99688420666436e-06	RPF1	c14
2.79809023958102e-10	0.388072400596691	0.065	0.227	9.38423504550681e-06	SEC23B	c14
2.81428191853539e-10	2.32254015405871	0.385	0.335	9.43853869838398e-06	OGT	c14
2.8486632382825e-10	0.25988718018474	0.271	0.594	9.55384676855185e-06	PDIA6	c14
2.8781402262238e-10	-0.529526846520464	0.034	0.173	9.65270669070939e-06	ECSIT	c14
2.89897867323425e-10	-1.35292388178774	0.018	0.144	9.72259467429304e-06	UBL4A	c14
3.02471559940314e-10	0.212948940580018	0.129	0.339	1.01442911772783e-05	CDC123	c14
3.10428832384242e-10	-0.304965059320101	0.046	0.194	1.04111621805027e-05	ARL14EP	c14
3.19150372755194e-10	0.306114590866984	0.135	0.349	1.07036652014637e-05	RNF4	c14
3.25430214112234e-10	0.26058845935343	0.138	0.356	1.09142785208961e-05	RSU1	c14
3.31404302252168e-10	0.283079489381536	0.114	0.313	1.11146374889332e-05	DERL2	c14
3.31665588885817e-10	-1.43668866388322	0.022	0.149	1.11234005200525e-05	MRPL15	c14
3.32229229168519e-10	0.465592285304107	0.154	0.383	1.11423038878538e-05	ZNF24	c14
3.38776209305831e-10	0.109882881471099	0.092	0.274	1.13618765076989e-05	MPLKIP	c14
3.43711243768858e-10	0.337845914789787	0.175	0.421	1.15273876935199e-05	TOP1	c14
3.48163524195667e-10	0.141243105568492	0.077	0.247	1.16767082744743e-05	SCNM1	c14
3.49935658177234e-10	0.416906999206311	0.298	0.658	1.17361421039481e-05	EMD	c14
3.52324607557984e-10	-0.776016874357136	0.025	0.155	1.18162626882797e-05	HSPBP1	c14
3.5998328895998e-10	0.237970992123525	0.062	0.22	1.20731195451398e-05	HDAC3	c14
3.62337880917624e-10	0.40214167806895	0.086	0.263	1.21520878502153e-05	PAF1	c14
3.62600411170671e-10	-0.651110246120368	0.043	0.188	1.2160892589842e-05	STK24	c14
3.66882785229234e-10	-0.650854228777192	0.034	0.171	1.2304514851018e-05	SP2	c14
3.66938083781574e-10	0.201112247246035	0.348	0.723	1.23063694538664e-05	HNRNPA3	c14
3.7954356909176e-10	0.490109768874442	0.182	0.432	1.27291322201994e-05	ENY2	c14
3.86586850175819e-10	0.355443856300129	0.132	0.344	1.29653497811966e-05	FDPS	c14
3.93463744196932e-10	-0.60609800745219	0.037	0.176	1.31959870528767e-05	RHNO1	c14
3.94052679074842e-10	-1.11946466023409	0.015	0.137	1.32157387508121e-05	AC010642.2	c14
3.96074764022618e-10	-0.990691700713702	0.031	0.165	1.32835554357905e-05	CMAS	c14
4.01256608327106e-10	0.398222419312528	0.129	0.336	1.34573441300745e-05	GTF2F1	c14
4.0604119487502e-10	0.162299812144825	0.938	1	1.36178095937184e-05	B2M	c14
4.06732988016065e-10	0.264651258909298	0.052	0.204	1.36410109520828e-05	RMC1	c14
4.1495949838226e-10	0.296556212725795	0.108	0.3	1.39169116567442e-05	NELFE	c14
4.20390907442506e-10	-0.578564664536252	0.046	0.192	1.40990702538068e-05	ANKRD39	c14
4.20981329546055e-10	0.310453524321419	0.151	0.378	1.41188718303156e-05	RAB10	c14
4.23219552057742e-10	0.214678741914019	0.326	0.687	1.41939373369125e-05	SQSTM1	c14
4.25006148476244e-10	0.49700252020287	0.166	0.405	1.42538562075963e-05	FAM50A	c14
4.29661612117317e-10	0.422552384977538	0.191	0.449	1.44099911471906e-05	SPCS3	c14
4.36206942957839e-10	0.20283475050881	0.326	0.693	1.462950845292e-05	WAS	c14
4.3926860711225e-10	0.198963216863445	0.089	0.267	1.47321905453307e-05	ATP1B3	c14
4.41804531945078e-10	0.324205687805271	0.098	0.284	1.4817240392374e-05	ECHDC1	c14
4.42738244784877e-10	0.106332621907475	0.083	0.256	1.48485552535952e-05	LTA4H	c14
4.43782688422158e-10	-0.359379555991844	0.055	0.207	1.48835838043023e-05	MAP4K2	c14
4.4467245066943e-10	0.364794671543709	0.292	0.645	1.49134246505513e-05	RBMX	c14
4.46059784947095e-10	0.4523651706063	0.151	0.373	1.49599530675557e-05	PTBP3	c14
4.61616521126718e-10	0.231597605879095	0.095	0.278	1.54816948855479e-05	EXOSC1	c14
4.62193857899842e-10	0.175006618682265	0.046	0.192	1.55010576062449e-05	ELL	c14
4.73890145819456e-10	0.481480072274544	0.123	0.326	1.58933277104929e-05	RPAIN	c14
4.82183647456667e-10	-1.01187905257714	0.028	0.158	1.61714751684017e-05	KANSL1-AS1	c14
4.94879644403855e-10	0.233737047501365	0.175	0.413	1.65972735140165e-05	DDX39A	c14
5.214941252094e-10	-0.172515401845214	0.052	0.202	1.74898699712728e-05	ANKRD13A	c14
5.31377719277929e-10	0.339489323968317	0.123	0.326	1.78213459491432e-05	SPG21	c14
5.3468841679857e-10	0.357296784758817	0.071	0.234	1.79323801225904e-05	MRPL50	c14
5.41182751268037e-10	0.239966401857886	0.117	0.315	1.81501871120274e-05	CYB5B	c14
5.52591393827901e-10	-0.318030516981264	0.732	0.999	1.85328101662001e-05	MT-CYB	c14
5.59652030517562e-10	0.341997019893407	0.218	0.499	1.8769609799498e-05	RAB11B	c14
5.78660410766071e-10	0.327581697699163	0.212	0.486	1.94071128562725e-05	G3BP1	c14
5.84801598489207e-10	-1.01188871401671	0.022	0.147	1.9613076010131e-05	PAM16	c14
5.87038620651103e-10	0.210195220679947	0.092	0.27	1.96881012593967e-05	THOC3	c14
5.89369126933187e-10	-1.23818802533508	0.022	0.147	1.97662617790852e-05	CDCA4	c14
6.11304757414503e-10	-0.646900896522625	0.037	0.174	2.05019389541676e-05	GIPC1	c14
6.22348871952325e-10	-0.950443499109043	0.037	0.173	2.08723364675371e-05	STK26	c14
6.50074375907283e-10	-1.81981840132419	0.012	0.129	2.18021944191785e-05	COQ5	c14
6.6567698134172e-10	0.315002350274097	0.089	0.265	2.23254746002386e-05	RTCA	c14
6.69942634427405e-10	-2.22390458402404	0.015	0.134	2.24685360734263e-05	IFITM3	c14
6.82562280370815e-10	0.348075127450278	0.065	0.222	2.28917737590764e-05	G6PD	c14
6.84878093607569e-10	0.377381568553824	0.178	0.423	2.29694415034107e-05	DNAJB6	c14
6.90726048009186e-10	-0.543286385998551	0.04	0.178	2.31655701981321e-05	MKKS	c14
6.98550755566716e-10	-0.790859704788173	0.046	0.189	2.34279952401965e-05	ZNF32	c14
7.0501432701388e-10	0.553065245831434	0.055	0.206	2.36447704993915e-05	UTP18	c14
7.05372788592299e-10	0.352444464336738	0.145	0.362	2.36567925838085e-05	METTL23	c14
7.05748276379613e-10	0.589123901337046	0.16	0.391	2.36693856932195e-05	FNTA	c14
7.12859634066293e-10	0.381044465590416	0.108	0.297	2.39078864073153e-05	DDB1	c14
7.16029846876649e-10	-0.779545734430864	0.025	0.151	2.40142090045491e-05	MCUR1	c14
7.26857711943105e-10	-0.444378246548292	0.049	0.194	2.43773539431478e-05	METAP1	c14
7.34371445043045e-10	-2.03312792117264	0.015	0.134	2.46293495238536e-05	CYSTM1	c14
7.38356525742489e-10	0.43110176813441	0.111	0.303	2.47630011603516e-05	DUSP11	c14
7.45375271657865e-10	-0.337007733784736	0.092	0.26	2.49983958608615e-05	CISH	c14
7.45503123499787e-10	0.175230962066409	0.102	0.286	2.50026837559359e-05	CIR1	c14
7.49759189923997e-10	-0.286660232808035	0.077	0.242	2.5145423711671e-05	PBDC1	c14
7.51593143967761e-10	0.297685720497582	0.212	0.487	2.52069308623908e-05	RER1	c14
7.55934217481782e-10	0.292330109677626	0.098	0.28	2.5352521785904e-05	NSL1	c14
7.70013207765074e-10	0.191721985188339	0.126	0.327	2.5824702962025e-05	RBBP7	c14
7.81022158650421e-10	-0.540019521679648	0.049	0.194	2.61939211568178e-05	MRPL17	c14
7.85394040201996e-10	-0.968291773807625	0.043	0.182	2.63405453202946e-05	GSTM1	c14
7.93188149630756e-10	0.414022811361559	0.126	0.33	2.66019441623163e-05	SEC61A1	c14
7.99973379353868e-10	-0.361848789722873	0.031	0.162	2.682950719677e-05	PGD	c14
8.03236507271631e-10	-0.130912539317405	0.04	0.178	2.6938945980876e-05	LYRM1	c14
8.0323697625891e-10	-1.30810349858789	0.022	0.145	2.69389617097713e-05	BLVRA	c14
8.04064404212642e-10	0.21747942244993	0.12	0.318	2.69667119884836e-05	NCK1	c14
8.21277984666863e-10	0.16536995299069	0.265	0.575	2.75440210497572e-05	RPN1	c14
8.26623384354686e-10	-0.671381923452324	0.034	0.167	2.77232950644874e-05	ZMAT5	c14
8.35647736514215e-10	0.32075657542864	0.12	0.318	2.80259537872137e-05	UBE2G1	c14
8.54645014393718e-10	1.50828437639351	0.563	0.681	2.86630844927365e-05	CELF2	c14
8.56841356247874e-10	1.8277556855217	0.505	0.559	2.87367454058412e-05	ITGA4	c14
8.72827865647668e-10	0.34859168970264	0.129	0.332	2.92729009580915e-05	HAGH	c14
8.77731803470079e-10	-0.225293457609399	0.04	0.178	2.94373692247795e-05	POLR1E	c14
8.81248447875627e-10	-0.54397977722806	0.04	0.178	2.95553104448528e-05	ACAT1	c14
8.88671836727675e-10	0.12196842764275	0.055	0.204	2.98042760601727e-05	ACAT2	c14
8.90010997226253e-10	-1.34128263058029	0.025	0.15	2.98491888249741e-05	NME1	c14
8.96830831353453e-10	0.323087630739025	0.166	0.398	3.00779124219321e-05	TANK	c14
9.06108432764352e-10	-0.432361242010972	0.058	0.209	3.03890646180508e-05	COPS4	c14
9.07651503019584e-10	0.198938036265259	0.129	0.329	3.04408161082708e-05	MAGED2	c14
9.10700052160746e-10	0.867786292067694	0.089	0.262	3.05430583493671e-05	PTPN18	c14
9.24481236186501e-10	-0.349617719452862	0.049	0.192	3.10052516992229e-05	AC020571.1	c14
9.40155773884696e-10	0.553160811271905	0.148	0.367	3.15309443445449e-05	PTPN1	c14
9.4344289707199e-10	-2.70398946485934	0.009	0.121	3.16411878820004e-05	NME4	c14
9.51095233822505e-10	0.234172793821577	0.098	0.277	3.18978319519392e-05	ALG13	c14
9.59096932779758e-10	0.266127290127255	0.092	0.269	3.21661929315675e-05	NUBP2	c14
9.59492311545829e-10	-0.304420141067429	0.034	0.166	3.2179453144624e-05	MRPL46	c14
9.70945689600708e-10	-0.135070807080841	0.052	0.198	3.25635765378286e-05	LDLRAP1	c14
9.83273389304427e-10	-0.118987438023177	0.062	0.214	3.29770229304919e-05	TIMM23	c14
9.92925010475118e-10	0.282931382812106	0.08	0.247	3.33007190013145e-05	TPGS2	c14
1.00395631147541e-09	0.339516041959994	0.277	0.601	3.36706867742624e-05	TRAM1	c14
1.01161927524791e-09	-1.65333631754887	0.015	0.132	3.39276872532643e-05	IL2	c14
1.01196192973704e-09	-0.808707048606105	0.028	0.155	3.39391791995207e-05	COMMD9	c14
1.01591927997993e-09	-0.205571752064343	0.046	0.188	3.40719008119668e-05	IMPDH1	c14
1.0301363394292e-09	0.503167534153605	0.129	0.333	3.45487125517764e-05	PIH1D1	c14
1.04965519961658e-09	-0.149534562209972	0.148	0.346	3.5203336084741e-05	HLA-DPB1	c14
1.07314529615164e-09	-0.602246562554492	0.04	0.176	3.59911469423336e-05	NIPSNAP2	c14
1.12378749761446e-09	0.248259441524286	0.12	0.317	3.76895850949939e-05	YIPF3	c14
1.12459860216921e-09	-0.133315438426955	0.077	0.24	3.7716787919551e-05	CCDC28A	c14
1.13346470890723e-09	-0.794659948603643	0.046	0.186	3.80141394073306e-05	DKC1	c14
1.147871466512e-09	-0.125885314723848	0.043	0.182	3.84973132438793e-05	MBD1	c14
1.15710909749267e-09	0.189586500897874	0.172	0.404	3.88071249117093e-05	PITPNC1	c14
1.22110409899108e-09	0.127808036833234	0.157	0.38	4.09533892719628e-05	PTDSS1	c14
1.2264829938955e-09	-1.11913449115266	0.025	0.148	4.11337866492672e-05	ATP5S	c14
1.26762024827465e-09	0.469576435972776	0.166	0.394	4.25134478866351e-05	VAMP2	c14
1.30228294527886e-09	0.349112843821964	0.268	0.584	4.36759654187625e-05	TMED10	c14
1.33584329435896e-09	-0.252660118521193	0.686	0.997	4.48015124062108e-05	MT-ND3	c14
1.34065632746175e-09	3.05755413391615	0.166	0.085	4.49629319104123e-05	CCR4	c14
1.35122416966539e-09	-0.524999745452728	0.04	0.175	4.53173562022379e-05	C8orf76	c14
1.36137446478889e-09	0.533452792995436	0.222	0.482	4.56577768000897e-05	AC020916.1	c14
1.37274732798764e-09	0.332604198125565	0.089	0.26	4.60391998860494e-05	SMIM15	c14
1.37420178926787e-09	-0.16482527832161	0.062	0.213	4.60879796084658e-05	TFDP1	c14
1.38855253136458e-09	0.12847903311235	0.092	0.266	4.65692747969054e-05	TXNDC15	c14
1.42676621616836e-09	0.394819860791665	0.172	0.41	4.78508853578545e-05	DAP3	c14
1.44236293225128e-09	-0.575359845070621	0.049	0.19	4.83739680218434e-05	CFAP36	c14
1.46002635021523e-09	-0.103005615399123	0.065	0.218	4.89663637335184e-05	PLPBP	c14
1.4739104419632e-09	-0.132517801499778	0.052	0.196	4.94320084025619e-05	CTNNBL1	c14
1.48717815746994e-09	0.321131389656338	0.114	0.303	4.98769810452267e-05	STX10	c14
1.49273934897685e-09	-0.136387615165603	0.597	0.967	5.00634922859857e-05	LAPTM5	c14
1.49898902346913e-09	0.407199908731466	0.092	0.266	5.02730938691077e-05	PWP1	c14
1.51421931245642e-09	0.160305492221388	0.089	0.26	5.07838873011633e-05	LARP7	c14
1.52107988165367e-09	0.303692222861724	0.102	0.281	5.10139770709006e-05	RPS6KA1	c14
1.56625146813525e-09	0.168404280733769	0.123	0.318	5.252894173832e-05	ERLEC1	c14
1.58555085607729e-09	-0.236023476556599	0.652	0.983	5.317620461112e-05	PTPRCAP	c14
1.59447711158933e-09	-1.06059464657144	0.031	0.158	5.34755733684829e-05	CINP	c14
1.64035489943223e-09	0.55498053437806	0.172	0.408	5.5014222617158e-05	SMAP1	c14
1.64253790365121e-09	0.230226728579318	0.145	0.355	5.50874362126543e-05	AKIRIN2	c14
1.65481627461064e-09	0.368879552238541	0.08	0.243	5.54992282178917e-05	RASGEF1B	c14
1.71228432625793e-09	0.535909310271887	0.246	0.545	5.74265917340383e-05	LSM8	c14
1.71332688907235e-09	-2.49650615633951	0.006	0.113	5.74615572057086e-05	UBE2M	c14
1.71535534082915e-09	0.109544967962351	0.077	0.238	5.75295874207281e-05	MTMR14	c14
1.7416619046944e-09	-0.226166617243538	0.043	0.179	5.84118569596409e-05	OARD1	c14
1.78253597833413e-09	0.103993477835171	0.098	0.275	5.978269164137e-05	TBC1D10A	c14
1.78667028184199e-09	-0.996041887481613	0.031	0.157	5.99213479124167e-05	SNAPC2	c14
1.79170567562884e-09	0.184100019161158	0.203	0.459	6.009022494924e-05	TMEM179B	c14
1.8798452050185e-09	-0.600655538536534	0.043	0.179	6.30462484859106e-05	CISD1	c14
1.89146976405012e-09	0.130298276459374	0.031	0.158	6.34361129467129e-05	RPP25L	c14
1.90245136454822e-09	-0.229736048638068	0.043	0.177	6.38044138642182e-05	MAL	c14
1.90585195118757e-09	0.250887285310327	0.062	0.211	6.39184627389286e-05	CCDC57	c14
1.94210265178284e-09	-0.815696948953939	0.025	0.146	6.51342387354927e-05	AP002387.2	c14
1.95041188569728e-09	0.149857946560795	0.074	0.232	6.54129138225154e-05	MTHFS	c14
1.95515369733387e-09	0.421474437223919	0.154	0.372	6.55719447011834e-05	EMC10	c14
1.95735979188625e-09	0.389540548377457	0.191	0.441	6.56459327002811e-05	VPS29	c14
2.01516638225061e-09	0.517600518054941	0.092	0.265	6.75846501279209e-05	DNPEP	c14
2.01879514472161e-09	0.519421997327089	0.142	0.351	6.77063515636733e-05	RNF10	c14
2.02084281149208e-09	0.295860551535338	0.225	0.495	6.77750262118212e-05	WTAP	c14
2.08222933308609e-09	-0.480822271505112	0.031	0.157	6.98338073730412e-05	DEXI	c14
2.08932936730635e-09	-0.27385734405579	0.049	0.189	7.00719283207204e-05	UCHL3	c14
2.11872413721487e-09	-0.658389618460079	0.028	0.151	7.10577701139124e-05	FARSB	c14
2.14346649667401e-09	0.184561960122972	0.071	0.226	7.1887579365453e-05	TRIM8	c14
2.15957339292009e-09	0.358362802655363	0.089	0.258	7.24277724517539e-05	NBEAL1	c14
2.17761077966009e-09	0.292703780736464	0.268	0.587	7.303271032824e-05	TUFM	c14
2.19741469033057e-09	0.501695549804681	0.151	0.366	7.36968938843066e-05	RNF166	c14
2.20882313919971e-09	-1.37252112577407	0.012	0.123	7.40795104424798e-05	TACO1	c14
2.25360786381321e-09	0.241536125503485	0.089	0.258	7.55815005365675e-05	MRPL27	c14
2.25615248504095e-09	0.206635508218816	0.2	0.455	7.56668420433034e-05	ATRAID	c14
2.25876246745484e-09	-0.288809489672423	0.04	0.173	7.57543756335003e-05	ZNF277	c14
2.31106062246476e-09	-0.267305204165722	0.055	0.199	7.75083511562232e-05	CRIPT	c14
2.34191466445688e-09	-0.138927845933691	0.04	0.173	7.85431340165549e-05	MTX1	c14
2.37576377890533e-09	-0.415416853894949	0.049	0.188	7.9678365616927e-05	TMEM106C	c14
2.39633416656349e-09	-0.859047760358034	0.028	0.151	8.03682552782064e-05	BORCS6	c14
2.40012791718133e-09	-1.52321351576268	0.012	0.123	8.04954900864273e-05	TICAM1	c14
2.40964987723619e-09	0.157996282083253	0.052	0.194	8.08148375827473e-05	BLOC1S6	c14
2.43926601972885e-09	-1.22135017046534	0.022	0.139	8.18081037696663e-05	PEA15	c14
2.44344295700101e-09	-0.112751576173067	0.652	0.991	8.19481898918999e-05	MT-ND5	c14
2.52472938370219e-09	-0.13532849255696	0.043	0.177	8.46743740706041e-05	EMC8	c14
2.59967805259245e-09	0.557983130996312	0.151	0.369	8.71880025278456e-05	NDUFS2	c14
2.60160079636416e-09	-0.85992819716553	0.037	0.166	8.72524875084611e-05	ZNF593	c14
2.61402762705709e-09	0.171527178772212	0.095	0.267	8.76692585562408e-05	MTFP1	c14
2.61556665845246e-09	0.457163629933974	0.095	0.268	8.77208745911785e-05	ISCA1	c14
2.6212506516088e-09	-0.239641481589892	0.049	0.188	8.79115043536559e-05	STK16	c14
2.71323688026288e-09	0.183921696229345	0.108	0.287	9.09965384902564e-05	TSTA3	c14
2.74813614562004e-09	0.402369173037471	0.108	0.289	9.2166990051805e-05	SNAP23	c14
2.7864547012131e-09	-2.82884244607606	0.006	0.11	9.34521177692851e-05	FBXO8	c14
2.81336996397644e-09	-1.82037271858189	0.009	0.116	9.43548018518417e-05	DMAC2	c14
2.82359563108111e-09	-0.533639447711311	0.043	0.176	9.46977502751982e-05	OLFM2	c14
2.83560552873138e-09	0.255076842061191	0.062	0.208	9.5100538222593e-05	PRPF18	c14
2.85271579188985e-09	-0.854664695283304	0.025	0.144	9.56743822284018e-05	SERPINB6	c14
2.87717784494994e-09	-0.596293513962275	0.025	0.144	9.64947905639312e-05	GON7	c14
2.88603066544151e-09	0.406460655762827	0.092	0.261	9.67916964575774e-05	PCIF1	c14
3.01309874077184e-09	0.2326097458499	0.068	0.219	0.000101053305568006	AK3	c14
3.01719309622701e-09	0.308392791903976	0.043	0.177	0.000101190622061261	MRPS9	c14
3.13656529624153e-09	-0.385131306908766	0.037	0.165	0.000105194126905348	RUVBL1	c14
3.16640842751421e-09	0.258927695006693	0.2	0.447	0.000106195005841972	PHF20	c14
3.18627114343821e-09	-0.748653658840913	0.022	0.138	0.000106861161608631	TMEM128	c14
3.24945063450542e-09	0.134186190959185	0.083	0.244	0.000108980075380043	ENOPH1	c14
3.25439871025199e-09	0.448381972274006	0.166	0.393	0.000109146023944431	MESD	c14
3.25513578494663e-09	-0.490594509486175	0.04	0.171	0.00010917074395554	CBLL1	c14
3.25614501663162e-09	-0.310802181370681	0.031	0.154	0.000109204591567791	KIF21A	c14
3.2803777594493e-09	-0.286397249632603	0.043	0.176	0.000110017309296411	PRPS2	c14
3.38397507460582e-09	-0.277896620036057	0.058	0.202	0.00011349175605213	WDR46	c14
3.39007067334992e-09	0.517932072697163	0.132	0.329	0.00011369619024281	STAU1	c14
3.40599313069669e-09	0.641055571281451	0.092	0.262	0.000114230197617306	SMAD2	c14
3.41730475990870e-09	0.229151845653344	0.083	0.245	0.000114609567037818	DLST	c14
3.44470613595749e-09	0.429812379292921	0.197	0.444	0.000115528554387742	FAM177A1	c14
3.49419757626819e-09	1.63027854441954	0.018	0.132	0.000117188398312883	PLEK	c14
3.56988477190916e-09	-0.147006701387058	0.062	0.207	0.000119726795480289	APBB1	c14
3.57867738934502e-09	0.38575588720866	0.065	0.213	0.000120021682283853	CAMK2G	c14
3.59021928794302e-09	-0.16781111763849	0.055	0.196	0.000120408774479033	SAMD3	c14
3.63241818691519e-09	-1.12122183000592	0.018	0.132	0.000121824041152762	SNRNP25	c14
3.79108785602385e-09	-0.192529653633956	0.077	0.233	0.000127145504515328	C15orf61	c14
3.81130770024387e-09	-0.728025774555316	0.12	0.284	0.000127823637650779	EGR1	c14
3.8470398708416e-09	0.353236772484172	0.16	0.377	0.000129022023188286	VOPP1	c14
3.95875751726937e-09	-0.271244903004998	0.031	0.154	0.00013276880961418	DDX49	c14
3.97333908545927e-09	0.289086319320634	0.138	0.338	0.000133257846248133	INO80E	c14
3.97505351670863e-09	0.425751356451037	0.095	0.266	0.000133315344843374	SLC25A38	c14
4.06259178658386e-09	-0.865226082583924	0.015	0.126	0.00013625120333845	GEMIN7	c14
4.14230075630231e-09	-0.358554690828883	0.046	0.179	0.000138924482764867	ORAI2	c14
4.24416447964195e-09	-1.58893058036557	0.015	0.125	0.000142340788318232	BCL2L12	c14
4.26087761588638e-09	0.223538428148684	0.074	0.227	0.000142901313481598	KPNA3	c14
4.26833788022921e-09	-0.318014334867139	0.055	0.196	0.000143151515827127	PAFAH1B3	c14
4.28960161785125e-09	-0.10962776763381	0.068	0.216	0.000143864659059495	TIMMDC1	c14
4.30083169246096e-09	-1.35949203650509	0.009	0.114	0.000144241293301756	NIPSNAP3A	c14
4.3190187067587e-09	0.418876331869669	0.145	0.351	0.000144851249387273	STIP1	c14
4.39487053432663e-09	0.321137568652719	0.092	0.258	0.000147395167980247	ZBTB7A	c14
4.41013652272958e-09	0.259319895028494	0.083	0.244	0.000147907158699305	RAB5A	c14
4.42530757224446e-09	0.443506449974309	0.255	0.55	0.000148415965357935	ATP1A1	c14
4.54110530348079e-09	0.457082620551264	0.086	0.249	0.000152299589668139	CDC5L	c14
4.64654566379224e-09	0.436859623304961	0.105	0.281	0.000155835848472264	SUPT16H	c14
4.64917232337583e-09	-0.370485062200599	0.028	0.147	0.000155923941381378	GTPBP8	c14
5.05655580754554e-09	-0.192137950516391	0.062	0.206	0.000169586768673462	DPM2	c14
5.07780983386393e-09	-0.534209160513811	0.025	0.142	0.000170299586208129	EXOSC6	c14
5.18226413815373e-09	-0.249325981325545	0.058	0.2	0.0001738027746654	ARMC1	c14
5.38637326082117e-09	0.13375043178972	0.366	0.748	0.000180648186421421	TMEM59	c14
5.41919311861247e-09	0.243646004894501	0.089	0.253	0.000181748898812025	UBE2K	c14
5.48140843513484e-09	0.379419263856101	0.126	0.315	0.000183835476097552	PRMT9	c14
5.48194653181788e-09	-0.392060931458233	0.037	0.163	0.000183853522784108	CD300A	c14
5.51157900823766e-09	-1.42083091829963	0.015	0.124	0.000184847336778275	TEX30	c14
5.5248060059485e-09	-1.30031588481976	0.022	0.135	0.000185290943827501	BEX2	c14
5.53936071217919e-09	0.482552488146784	0.102	0.275	0.000185779079565066	STAT5A	c14
5.59092312110547e-09	0.376989038254999	0.105	0.28	0.000187508379635635	PLD3	c14
5.74054328711103e-09	-0.453548331314131	0.043	0.172	0.00019252634076313	PCNA	c14
5.74116252398564e-09	-0.263046306968292	0.052	0.189	0.00019254710872943	SMARCD1	c14
5.77487170128074e-09	0.227621742185421	0.252	0.545	0.000193677647117553	PET100	c14
5.86256478810843e-09	0.179067562760399	0.086	0.247	0.000196618697863581	ZGPAT	c14
5.88480947779554e-09	0.461876894726712	0.058	0.2	0.000197364740266307	ARHGAP1	c14
5.89665975960569e-09	0.419086048801696	0.135	0.333	0.000197762175017656	ATG12	c14
5.93746743686925e-09	0.734173013742118	0.16	0.376	0.000199130782897721	KCNAB2	c14
5.94506821335443e-09	0.293058413433499	0.08	0.236	0.000199385697739481	KPNA4	c14
6.0715560547302e-09	0.352099335373608	0.089	0.251	0.000203627846963541	TRIM27	c14
6.08965792910180e-09	-0.18653434487779	0.043	0.173	0.000204234947626216	LGALS9	c14
6.10681738820543e-09	-0.459819381486172	0.028	0.146	0.000204810441565634	NTAN1	c14
6.224786894257e-09	-0.805000637049429	0.025	0.14	0.000208766902859591	ZSCAN16-AS1	c14
6.24371509770262e-09	-1.02966134164619	0.018	0.129	0.00020940171694675	IL15RA	c14
6.25123367147443e-09	0.178738482906918	0.049	0.183	0.000209653874873909	R3HCC1	c14
6.26041157412612e-09	0.414728836024628	0.2	0.452	0.000209961683373042	RAB2A	c14
6.30021498113829e-09	-0.13219752556605	0.052	0.188	0.000211296610037416	PSMG4	c14
6.30374452478107e-09	-1.1898101772502	0.025	0.14	0.000211414983872108	VAT1	c14
6.34881379363053e-09	4.96808846000516	0.025	0.004	0.000212926517010781	CYP2D6	c14
6.37453226550374e-09	0.358594521910906	0.126	0.316	0.000213789063120464	U2AF2	c14
6.58783959319437e-09	0.527760549815491	0.105	0.279	0.000220942964276553	PRPF31	c14
6.60527303660294e-09	0.153856418497503	0.058	0.199	0.000221527647101589	NUP62	c14
6.61472289515174e-09	-0.691235621492182	0.034	0.156	0.000221844576457599	OCEL1	c14
6.6201407635e-09	0.389915511266981	0.098	0.268	0.000222026280926263	AZIN1	c14
6.68805741188437e-09	0.368466690457764	0.129	0.321	0.000224304069479778	VPS4B	c14
6.77037891754698e-09	-1.27456164923459	0.018	0.129	0.000227064968136691	ACOT13	c14
6.80352109558948e-09	0.157246228507267	0.058	0.199	0.00022817649050388	CFAP20	c14
6.89378069106909e-09	0.266244017276908	0.117	0.298	0.000231203616817075	PKN1	c14
7.09557679531419e-09	0.367563831657151	0.157	0.371	0.000237971454561247	CYC1	c14
7.10113589656867e-09	-0.213403728019805	0.028	0.145	0.00023815789569912	ATP5PO	c14
7.1413829684883e-09	0.175946163507811	0.055	0.194	0.000239507701997161	BID	c14
7.21808896204782e-09	-0.785428467015233	0.034	0.156	0.00024208026760916	TSFM	c14
7.28452763174555e-09	-1.24015755444631	0.022	0.134	0.000244308487713482	ANXA4	c14
7.34385562654151e-09	-0.151698055759458	0.04	0.166	0.000246298230002949	RAB33A	c14
7.41579398632753e-09	-0.585281802554743	0.034	0.156	0.000248710898713453	ERI3	c14
7.49877957943759e-09	0.477398674326321	0.145	0.346	0.000251494069535178	MAPK1	c14
7.5718980216442e-09	-0.222586734450924	0.052	0.188	0.000253946315849903	HNRNPH2	c14
7.62758966283701e-09	0.371007165684227	0.108	0.282	0.000255814102112228	TESPA1	c14
7.641206053544e-09	-0.378848802684747	0.052	0.186	0.000256270768623759	PMAIP1	c14
7.65566381250511e-09	-0.873954197014304	0.015	0.122	0.000256755652943796	UBR7	c14
7.67724293469152e-09	-0.640832196984168	0.037	0.16	0.000257479373543684	BEX4	c14
7.6889993206785e-09	0.170869960799503	0.052	0.188	0.000257873659216915	SEPT11	c14
7.75205019029618e-09	-0.930004781052364	0.025	0.139	0.000259988259282153	ZNF581	c14
7.83914470662937e-09	0.183881844516947	0.086	0.245	0.000262909235170936	PPP2R5A	c14
7.85994698252992e-09	0.696620245499323	0.102	0.273	0.000263606901900088	ABCF1	c14
8.02543035014127e-09	-0.527522222539959	0.037	0.161	0.000269156883083038	UBIAD1	c14
8.2071664403612e-09	-0.655423688962084	0.04	0.166	0.000275251948076834	MRPL39	c14
8.24016430132416e-09	0.526744277210806	0.132	0.327	0.00027635863033781	HNRNPD	c14
8.29110832081168e-09	2.32954135387889	0.378	0.341	0.000278067190863382	NKTR	c14
8.36819055270457e-09	0.333381437908929	0.234	0.497	0.000280652374756606	PIK3R1	c14
8.39617260706277e-09	0.166742142127888	0.086	0.244	0.000281590836895671	RAB5B	c14
8.41599543977475e-09	-0.291683664649958	0.031	0.15	0.000282255655059166	IDH3A	c14
8.64406622366358e-09	0.473517258137008	0.126	0.312	0.000289904693009229	MOB3A	c14
8.71976261652956e-09	0.579639032615087	0.157	0.36	0.000292443398633168	BATF	c14
8.82365456904177e-09	-0.111469529055707	0.04	0.166	0.000295927726936523	DUSP22	c14
8.85950377605202e-09	0.517746475109871	0.277	0.587	0.000297130037641233	THRAP3	c14
8.91368007450608e-09	0.35262647904977	0.062	0.202	0.000298947002338785	MRPS25	c14
8.97828683997205e-09	-0.620492300860294	0.037	0.16	0.000301113784038982	MMGT1	c14
8.99205724483706e-09	0.26237746458185	0.126	0.313	0.000301575615877345	UBE2J1	c14
9.01408868538332e-09	0.216933279661278	0.105	0.276	0.000302314506330386	LPCAT4	c14
9.24938547377288e-09	-0.695302531094018	0.031	0.149	0.000310205890019395	SLC25A24	c14
9.33859917394582e-09	0.190034584099247	0.08	0.234	0.000313197939095795	C1orf123	c14
9.42828662595157e-09	0.503772897959226	0.188	0.423	0.000316205876861164	MIER1	c14
9.45611062459402e-09	-0.302267868022606	0.052	0.186	0.000317139038127634	TIMM50	c14
9.56613837445487e-09	0.475605351695882	0.132	0.325	0.000320829148802467	PPM1K	c14
9.57137145842746e-09	-0.205954450849011	0.04	0.165	0.00032100465597274	ARMCX6	c14
9.62637060303777e-09	0.414574308768483	0.132	0.326	0.000322849217284681	TM2D3	c14
9.72333191521607e-09	-0.213394493740541	0.052	0.187	0.000326101105772516	RANBP3	c14
9.90037463079343e-09	0.106268587002665	0.046	0.176	0.00033203876436755	MPST	c14
9.90387478202549e-09	-0.684688083636015	0.031	0.149	0.000332156152439571	GRWD1	c14
9.90739195918911e-09	-1.04611982724674	0.074	0.209	0.000332274111527284	LINC02446	c14
9.91583289866697e-09	0.407661597622992	0.068	0.213	0.000332557203755493	RPUSD3	c14
9.9530157617293e-09	-0.179029561608843	0.046	0.176	0.000333804242616877	ACTL6A	c14
1.00732238869195e-08	0.293073952083795	0.228	0.486	0.000337835782719507	SSBP4	c14
1.02022465356535e-08	-0.757320151096123	0.037	0.159	0.000342162944312747	TMEM203	c14
1.04901485386285e-08	0.548130039730438	0.222	0.487	0.000351818601688522	STRAP	c14
1.05502617782593e-08	-1.15856730838629	0.018	0.127	0.000353834679519259	AAED1	c14
1.0623089887214e-08	0.559252163396001	0.132	0.324	0.000356277188637382	SF3A3	c14
1.06388730337666e-08	0.518651262883324	0.157	0.369	0.000356806523806463	PARVG	c14
1.08865603155378e-08	0.312466006607923	0.102	0.27	0.000365113459862507	TRIM69	c14
1.11237861101051e-08	0.636653167014473	0.138	0.334	0.000373069538560704	ARHGAP25	c14
1.11322076336731e-08	-0.961624243564398	0.028	0.142	0.000373351979618129	GAR1	c14
1.13868994789787e-08	0.119255205830237	0.055	0.19	0.000381893834725987	MED16	c14
1.139696395284e-08	-0.32171339875387	0.046	0.175	0.000382231377050347	GSKIP	c14
1.15256836215133e-08	0.112055499705763	0.043	0.169	0.000386548377298314	PDXK	c14
1.15773827550852e-08	0.639804111388212	0.828	0.994	0.000388282262840047	HLA-E	c14
1.15982490989363e-08	-0.396745322367161	0.012	0.115	0.000388982078280124	SPTSSA	c14
1.18250195653998e-08	0.337690820520116	0.126	0.31	0.000396587506184378	STARD7	c14
1.21854621747856e-08	-0.874899316765102	0.015	0.12	0.000408676030417958	INO80C	c14
1.24635046028934e-08	0.525758706869562	0.12	0.301	0.000418001017371837	SAP30BP	c14
1.25113141830266e-08	-0.779255874211863	0.022	0.131	0.000419604455070345	SLC25A25	c14
1.25313842568458e-08	0.253580027909093	0.12	0.3	0.000420277565206093	FLII	c14
1.26488299946971e-08	-0.566817023119667	0.028	0.142	0.000424216460362151	DPP4	c14
1.26929705478011e-08	0.507034847573252	0.098	0.264	0.000425696846232153	IMMT	c14
1.30157466871823e-08	-0.420248997223693	0.043	0.169	0.00043652211239472	IFT20	c14
1.30786545699844e-08	0.555696079187146	0.105	0.275	0.000438631916968136	CCDC90B	c14
1.32331026377025e-08	0.295590150457412	0.129	0.316	0.000443811796263268	UHMK1	c14
1.34480668274052e-08	0.213568431536357	0.523	0.896	0.000451021265257515	ZFP36L1	c14
1.36776631534991e-08	0.46811171726716	0.132	0.323	0.000458721466842051	DDRGK1	c14
1.37719647440027e-08	-0.202628184655933	0.062	0.2	0.000461884153584363	LIPA	c14
1.37912761476533e-08	0.600712814977317	0.129	0.317	0.000462531819439997	POP5	c14
1.38149284356047e-08	-1.35375908352759	0.022	0.131	0.00046332506987331	RUSC1	c14
1.38394704365726e-08	0.426967297135676	0.16	0.371	0.000464148159501771	RNF114	c14
1.39242388952715e-08	0.573205664753187	0.117	0.294	0.000466991124069617	SERPINB9	c14
1.39635722339874e-08	0.355576027282392	0.148	0.347	0.00046831028558347	SIAH2	c14
1.39800335326674e-08	0.525705650936582	0.068	0.212	0.000468862364618598	ETF1	c14
1.39877209766905e-08	-0.246733980450148	0.034	0.153	0.000469120186116246	HDGF	c14
1.40024179781596e-08	0.351449238188517	0.126	0.31	0.000469613094151518	CWC15	c14
1.40254550179929e-08	-1.45112997088503	0.018	0.125	0.000470385710393445	DHRS3	c14
1.48195557899896e-08	-0.265735397990329	0.052	0.183	0.000497018262084672	SDHAF2	c14
1.49012243057021e-08	0.477344387230986	0.178	0.402	0.000499757260764636	CPNE1	c14
1.52554403114657e-08	0.219768274466261	0.086	0.242	0.000511636957165938	RNF34	c14
1.54031587602413e-08	0.125526712279981	0.046	0.174	0.000516591138500972	EMC2	c14
1.54150711658742e-08	-0.567502660399168	0.028	0.141	0.000516990656761089	LYRM4	c14
1.55973468680652e-08	0.267725619219447	0.092	0.253	0.000523103819261171	HARS	c14
1.57249897956011e-08	0.54910695820088	0.12	0.299	0.000527384707764871	OTUD6B-AS1	c14
1.57513192429583e-08	0.306685816868788	0.062	0.199	0.000528267744770336	MFAP1	c14
1.58998793241707e-08	0.332806854418336	0.095	0.258	0.000533250152774036	MORF4L2	c14
1.60839294073908e-08	-0.285201681272984	0.068	0.208	0.000539422824465073	COMMD5	c14
1.61446848083923e-08	0.483817315832539	0.077	0.225	0.000541460439103861	SNHG9	c14
1.64926953965336e-08	-0.611513587381197	0.028	0.14	0.000553132018208943	IMMP1L	c14
1.65409123142791e-08	-0.238720687794555	0.046	0.172	0.000554749117196294	SH3YL1	c14
1.6708819102377e-08	0.810373574219243	0.132	0.322	0.000560380375055519	MTHFD2	c14
1.72586017539532e-08	-0.110170368394419	0.058	0.194	0.000578818985624084	DYNC1I2	c14
1.73623704914154e-08	0.513234020425031	0.108	0.277	0.000582299181541091	MAP2K3	c14
1.73959117915624e-08	-1.06889689694677	0.006	0.101	0.000583424089665421	HIST1H2BK	c14
1.75245658003235e-08	-1.32064709136915	0.031	0.144	0.000587738887811251	TNFSF13B	c14
1.76230062881992e-08	0.176814705720004	0.071	0.215	0.000591040384893626	FBXL3	c14
1.77628883021066e-08	0.549741949181002	0.191	0.425	0.000595731747876051	KIF2A	c14
1.77932259469955e-08	0.377478213114997	0.089	0.247	0.000596749211810336	STX8	c14
1.78115946337695e-08	4.9558947068374	0.018	0.003	0.000597365260827363	NPIPB15	c14
1.79245670239171e-08	-0.208414233853637	0.055	0.188	0.000601154128848133	EXOSC9	c14
1.79725394697049e-08	-1.10892908208468	0.015	0.118	0.000602763028734963	SPART	c14
1.81125251631764e-08	0.22573552119581	0.092	0.251	0.00060745786892261	PLEKHB2	c14
1.81958410992245e-08	-0.819301354952123	0.028	0.14	0.000610252118785791	PITPNA-AS1	c14
1.82945345638665e-08	0.245917169020909	0.095	0.257	0.000613562100202956	TMEM208	c14
1.83265890677217e-08	0.35441753271323	0.089	0.246	0.000614637144153249	BABAM2	c14
1.87986514790579e-08	0.181438484110688	0.089	0.246	0.000630469173304643	BCKDHA	c14
1.8804151703205e-08	0.381864661365249	0.126	0.31	0.000630653639822088	AKR1A1	c14
1.8941281196229e-08	-0.610320161013604	0.018	0.124	0.00063525268875913	BRI3	c14
1.91863649764093e-08	0.238328442864417	0.055	0.188	0.000643472308578814	TAF6	c14
1.96455908836575e-08	-0.320378427526651	0.037	0.156	0.000658873827056105	SNX4	c14
1.96934236390985e-08	-0.288587095041548	0.049	0.176	0.000660478042008084	RARA	c14
1.97108442177608e-08	0.145262412744277	0.037	0.156	0.000661062293375263	C6orf136	c14
1.97638492119234e-08	0.167108514381618	0.058	0.193	0.000662839974869486	PRKAG1	c14
1.97828165394422e-08	0.563491036445824	0.083	0.236	0.000663476101099813	RABL6	c14
1.98008499600852e-08	0.276427414194222	0.083	0.233	0.000664080905961338	NCF4	c14
2.06787582330216e-08	0.372217258936329	0.092	0.251	0.000693524193619079	RETREG2	c14
2.09554651835336e-08	-0.149332402037273	0.08	0.229	0.000702804391325349	MRPS30	c14
2.10116221895996e-08	-0.434135148226695	0.028	0.139	0.000704687784994791	MCRIP2	c14
2.10938993712996e-08	-0.784345713180182	0.018	0.123	0.000707447197114645	EIF4EBP1	c14
2.1257607707559e-08	0.25850579703828	0.111	0.282	0.000712937647296113	KRR1	c14
2.12763377550441e-08	-2.51668412832194	0.006	0.1	0.000713565815628668	SEH1L	c14
2.16686229649862e-08	-0.538585126060215	0.043	0.165	0.000726722276999707	VAMP3	c14
2.17477738457035e-08	0.449614379688684	0.166	0.376	0.000729376839237204	RCAN3	c14
2.20426409006585e-08	0.64273607051697	0.135	0.323	0.000739266090526284	SNHG7	c14
2.22409987844482e-08	0.42333806062654	0.135	0.325	0.000745918617232824	DNTTIP2	c14
2.25425667275191e-08	0.429777241350289	0.314	0.65	0.000756032602907537	GNAS	c14
2.31535541665481e-08	-0.543942248443977	0.034	0.149	0.00077652389963769	RRAS2	c14
2.32690415373716e-08	-3.74028331937854	0.003	0.094	0.000780397115080367	TCTEX1D2	c14
2.35187507920966e-08	-0.207855763845923	0.034	0.15	0.000788771864065335	SLC39A8	c14
2.36032492651774e-08	0.463399190026365	0.092	0.25	0.00079160577385552	ARFRP1	c14
2.36524142583938e-08	-0.503469616135271	0.034	0.149	0.000793254669398011	MAGOHB	c14
2.3710219343479e-08	0.209791299702292	0.055	0.187	0.000795193336341598	UROD	c14
2.41265215091284e-08	0.679857704751524	0.135	0.324	0.000809155278373149	DNAJC7	c14
2.43674923398858e-08	-0.515981172277571	0.031	0.144	0.000817236958095091	CCNB1IP1	c14
2.45834060859785e-08	0.171104220338445	0.062	0.198	0.000824478273311546	SUCLA2	c14
2.56864721950122e-08	-0.333249846820525	0.015	0.116	0.00086147290447632	AARS	c14
2.60558419004758e-08	-1.46622294053845	0.009	0.105	0.000873860825658157	MT1E	c14
2.60822988893009e-08	0.288323532302887	0.271	0.532	0.000874748140149374	STAT1	c14
2.60955831295047e-08	0.236361645654201	0.052	0.181	0.000875193666997328	MCMBP	c14
2.61830581046393e-08	-0.45674883323754	0.028	0.138	0.000878127402713392	BLVRB	c14
2.63145433292569e-08	-0.238932980918674	0.742	0.969	0.000882537154176619	ZFP36L2	c14
2.65650105857243e-08	0.20361038691791	0.132	0.317	0.000890937325024022	TNFRSF1A	c14
2.71597607694149e-08	0.702921066208554	0.148	0.346	0.000910884056684637	ATF4	c14
2.730660406521e-08	2.27982430483142	0.366	0.33	0.000915808887139014	OGA	c14
2.7554605924292e-08	0.364221695523423	0.074	0.217	0.000924126373488905	VRK3	c14
2.7713739482312e-08	-0.533276605204639	0.04	0.159	0.000929463394757779	ETFRF1	c14
2.82113009809226e-08	0.621361545796613	0.114	0.286	0.000946150612298181	UBASH3A	c14
2.83159799116143e-08	0.383316448058614	0.234	0.499	0.000949661334275721	LRP10	c14
2.8555568731831e-08	0.131104144993088	0.068	0.206	0.000957696664128148	NT5DC1	c14
2.87293606957661e-08	-0.103213383680097	0.065	0.198	0.000963525299014604	MYBL1	c14
2.87769080503144e-08	0.641716781368611	0.163	0.372	0.000965119942191445	TMOD3	c14
2.92048313483586e-08	-0.804827328266887	0.028	0.138	0.000979471633761249	TIMM22	c14
2.95865186595596e-08	0.220238566177626	0.077	0.222	0.000992272662804311	THEM4	c14
2.96301934301807e-08	-2.4883798177459	0.006	0.099	0.0009937374272614	PTP4A3	c14
2.97322811645402e-08	0.358270827343185	0.28	0.584	0.000997161245696349	LAMP1	c14
2.99776496376992e-08	-0.169738141512654	0.037	0.154	0.00100539041354916	MRPL45	c14
2.9987863775123e-08	0.150691505875717	0.025	0.132	0.00100573297529007	GPATCH4	c14
3.03914537297063e-08	0.430065531371075	0.105	0.269	0.00101926857518689	VPS26B	c14
3.06658687449997e-08	-0.618128588605361	0.028	0.138	0.0010284719059698	DFFA	c14
3.08462263708311e-08	1.79485321942227	0.471	0.52	0.00103452074002493	ANKRD44	c14
3.15992587503668e-08	0.371254346727133	0.151	0.348	0.0010597759399698	ARPC4	c14
3.18319308994858e-08	0.206318436379344	0.055	0.185	0.00106757929850696	ZNF830	c14
3.19016980790231e-08	-0.141077841100413	0.065	0.201	0.00106991915017428	FAM110A	c14
3.19033518422763e-08	0.181058551618257	0.055	0.185	0.00106997461408626	ACOT8	c14
3.20825959852368e-08	-0.537819176693887	0.04	0.158	0.00107598610415287	YEATS4	c14
3.22876483834171e-08	0.416711783326974	0.234	0.502	0.00108286315148304	C1orf43	c14
3.26312098125226e-08	0.201943600385452	0.095	0.251	0.00109438551469238	CFAP97	c14
3.30001235316407e-08	-0.642976851789118	0.028	0.137	0.00110675814300417	RPUSD1	c14
3.3091884204383e-08	0.176213160314137	0.092	0.247	0.0011098356124466	HEXB	c14
3.31750181864788e-08	0.420926196013902	0.077	0.221	0.00111262375993813	RGS3	c14
3.33385927794331e-08	-1.05683569786549	0.022	0.126	0.00111810972463663	RNASEH2A	c14
3.34768292214504e-08	0.381519151178552	0.08	0.227	0.001122745898429	MCRS1	c14
3.35712667563031e-08	-1.59297638377534	0.006	0.098	0.00112591314447289	PLCB1	c14
3.44922097729311e-08	0.567137064625155	0.135	0.322	0.00115679973136456	HPS1	c14
3.48231817025983e-08	0.218870970508617	0.089	0.242	0.00116789986794174	NOLC1	c14
3.49903276548525e-08	1.89181866506193	0.422	0.419	0.00117350560888844	RNF19A	c14
3.59970885737747e-08	0.204124836305078	0.092	0.246	0.00120727035658726	CD320	c14
3.60754326072229e-08	0.192210287643626	0.102	0.263	0.00120989785878104	USP10	c14
3.78157286358335e-08	0.425223609045556	0.074	0.216	0.00126826390698858	KATNBL1	c14
3.80810063596857e-08	-0.81509931195987	0.022	0.125	0.00127716079129114	CTDNEP1	c14
3.89127560749991e-08	0.48382274289282	0.098	0.257	0.00130505601324332	SF3B3	c14
3.90742159373903e-08	0.429466929060536	0.138	0.327	0.0013104710541082	EIF4G1	c14
3.95853320690298e-08	0.152244053786049	0.055	0.184	0.00132761286693112	RAE1	c14
4.02645946595684e-08	0.350371847893791	0.071	0.21	0.00135039397569261	CD200R1	c14
4.03198001768574e-08	0.446362799107239	0.163	0.37	0.00135224545833144	PPP4R2	c14
4.05513436538058e-08	-0.797050774108901	0.022	0.125	0.00136001096346134	C18orf21	c14
4.06739377598479e-08	-0.521580958506237	0.034	0.146	0.00136412252458978	PLEKHF2	c14
4.13480125160813e-08	-0.591062735277462	0.028	0.136	0.00138672964376433	HIBADH	c14
4.13926007526868e-08	0.59100715877543	0.071	0.211	0.00138822504404361	COX19	c14
4.14181434267688e-08	-0.612004257386397	0.028	0.136	0.00138908169424697	UQCC3	c14
4.36035684193071e-08	-0.599969302622474	0.04	0.157	0.00146237647764672	POP7	c14
4.39616166148704e-08	0.503067533488434	0.092	0.246	0.00147438469802952	PPP2R5E	c14
4.40025345310124e-08	0.443120116924072	0.08	0.226	0.00147575700310109	NEK7	c14
4.53618389230752e-08	0.541502029858275	0.194	0.421	0.0015213453538021	TCP1	c14
4.53889807962074e-08	0.566966640872484	0.052	0.178	0.0015222556379432	YWHAG	c14
4.55171990521808e-08	0.143685008559348	0.049	0.173	0.00152655582181204	U2AF1	c14
4.61618907442898e-08	0.371737004796281	0.132	0.314	0.00154817749178199	RBPJ	c14
4.61735774824366e-08	-0.764427703474817	0.018	0.119	0.00154856944160596	SWI5	c14
4.64754416670589e-08	-2.3270460566412	0.009	0.102	0.00155869336262982	SMIM30	c14
4.68277431971623e-08	0.443494266650813	0.102	0.261	0.00157050885134643	WAC	c14
4.72832070880108e-08	0.477648844997943	0.074	0.215	0.00158578419931771	C19orf12	c14
4.77274796899666e-08	-0.658381348414664	0.031	0.141	0.0016006842138421	TMEM273	c14
4.82444889627844e-08	0.502997187483418	0.154	0.35	0.00161802367083386	FAM102A	c14
4.82672268568216e-08	-0.800271221868879	0.034	0.145	0.00161878625432408	FBLN7	c14
4.84383883914636e-08	0.652930658785341	0.197	0.43	0.00162452666987291	SP110	c14
4.8618739520221e-08	0.127548990925919	0.095	0.251	0.00163057528602917	GNL1	c14
4.98510449719381e-08	-1.0115923873793	0.025	0.129	0.00167190434626886	MICB	c14
5.10896768572886e-08	0.296832214106387	0.105	0.266	0.00171344558243974	ACTR10	c14
5.11138774432355e-08	0.161146227891209	0.034	0.146	0.00171425722169123	DDX41	c14
5.13408233461007e-08	-0.314305397512279	0.028	0.135	0.00172186853338153	IFT57	c14
5.22121502376373e-08	0.357051364769139	0.105	0.266	0.00175109109466988	FPGS	c14
5.22552129162272e-08	0.147881696038051	0.046	0.167	0.00175253533078443	BLMH	c14
5.36056803044049e-08	0.299281714407582	0.052	0.176	0.00179782730604913	PPIF	c14
5.36176269145879e-08	0.169705769108864	0.102	0.259	0.00179822797146145	FAM173A	c14
5.57059924191893e-08	-2.06318373335895	0.009	0.101	0.00186826757375477	TTC4	c14
5.61827825222775e-08	0.425398905764092	0.065	0.198	0.00188425816023214	GNL3	c14
5.63860088171886e-08	-1.33312544731136	0.012	0.107	0.00189107396371087	PDK2	c14
5.74946596646694e-08	0.703249852126358	0.169	0.378	0.00192825589583368	GIMAP5	c14
5.81291610166345e-08	-0.299196810466055	0.043	0.16	0.00194953580217589	C1orf174	c14
5.83570340356064e-08	0.379005171186665	0.077	0.219	0.00195717820748617	EIF2AK2	c14
5.87455301394854e-08	-0.433572166242612	0.022	0.123	0.00197020758981806	AIDA	c14
5.91135630225819e-08	0.524993422664228	0.206	0.443	0.00198255067665135	PTBP1	c14
5.97548596089457e-08	0.332926694719539	0.105	0.265	0.00200405848156482	CTCF	c14
6.08028955601899e-08	1.98640400886321	0.409	0.403	0.00203920751129765	PHYKPL	c14
6.10808452141576e-08	0.300127580791859	0.065	0.197	0.00204852938679242	CDC27	c14
6.1338589012743e-08	0.534064823019665	0.24	0.507	0.00205717359830937	HSPA9	c14
6.20564660803627e-08	0.322871101069007	0.052	0.177	0.00208124975940321	GMEB1	c14
6.22302518084333e-08	0.208769033473845	0.077	0.218	0.00208707818515124	ABHD13	c14
6.23016672293991e-08	-0.217395099858138	0.065	0.197	0.00208947331553959	UPP1	c14
6.30643500999403e-08	0.452309318248586	0.138	0.322	0.0021150521736518	PCED1B	c14
6.3097167811005e-08	0.569758549434211	0.172	0.385	0.00211615281404549	HIF1A	c14
6.33050071726867e-08	1.6799860078358	0.498	0.573	0.00212312333055757	CCNL1	c14
6.47597389906524e-08	0.556915735664455	0.077	0.218	0.0021719121262685	PPA2	c14
6.53200291910907e-08	0.319257385561923	0.08	0.222	0.0021907031390108	STK25	c14
6.5527720892024e-08	0.337636323197698	0.074	0.213	0.0021976687032767	NIPA2	c14
6.70941816690998e-08	0.155878118019665	0.105	0.263	0.00225020466481827	TIPARP	c14
6.74558231565268e-08	0.640206129894317	0.086	0.234	0.00226233339702359	INTS10	c14
6.81324560116791e-08	0.656440237064039	0.135	0.318	0.00228502630971969	H2AFJ	c14
6.82609282263615e-08	0.150158643344217	0.065	0.196	0.00228933501085571	DYNC1LI1	c14
6.85970879588492e-08	0.259968501535992	0.052	0.176	0.00230060913596389	YAF2	c14
6.86731056405763e-08	0.191690542014363	0.068	0.201	0.00230315861697365	TRAPPC2B	c14
6.91032368834682e-08	0.504617710298319	0.102	0.259	0.00231758435859775	RNF138	c14
6.9558717154509e-08	0.508331831691002	0.117	0.287	0.00233286025592792	WASHC3	c14
6.96752204277598e-08	0.522639761279172	0.258	0.512	0.00233676754270621	GPR183	c14
6.97282661443604e-08	0.39965081944526	0.16	0.363	0.00233854658994956	ATP6AP1	c14
7.04883378567838e-08	-0.22783293062037	0.742	0.999	0.00236403787504082	MT-CO3	c14
7.06803890050416e-08	-0.567908588500917	0.031	0.138	0.00237047888645108	FH	c14
7.09753211293683e-08	0.187488729877297	0.083	0.226	0.00238037032003675	CAB39	c14
7.14210426186526e-08	0.474074083002129	0.286	0.587	0.00239531892734437	PAK2	c14
7.16413773530601e-08	0.675370851719184	0.138	0.322	0.00240270851366693	CPSF6	c14
7.18073476730149e-08	0.500835290088667	0.117	0.285	0.00240827482625757	RSBN1	c14
7.18844817762837e-08	-1.54322951898449	0.012	0.106	0.002410861749813	B9D2	c14
7.31612421526918e-08	0.773822465417102	0.083	0.228	0.00245368173931698	INPP5K	c14
7.55825464788276e-08	-1.18348081378471	0.022	0.122	0.00253488744380692	MBIP	c14
7.61919531316735e-08	-0.102351590272138	0.071	0.206	0.00255532572413007	SRPRB	c14
7.67813442345481e-08	2.13069913688937	0.391	0.374	0.00257509272293827	JAK3	c14
7.72799353218172e-08	-0.368711885680916	0.034	0.143	0.0025918144708231	UNG	c14
7.75976297998728e-08	0.19266740038399	0.108	0.269	0.00260246930822813	SP3	c14
7.77113181693453e-08	-0.139999396386519	0.046	0.165	0.0026062821887635	GNL2	c14
7.8596168397928e-08	0.314508902435298	0.074	0.211	0.00263595829572971	CYTH2	c14
7.86728441006646e-08	0.119141791582962	0.037	0.149	0.00263852984544809	DCTN5	c14
7.93170018306884e-08	-0.103731747238274	0.655	0.993	0.00266013360739763	MT-ND1	c14
8.0066659563364e-08	0.502288896459067	0.062	0.191	0.0026852756284361	PMPCA	c14
8.21882057836065e-08	-0.69698968503866	0.025	0.127	0.0027564280455706	LHPP	c14
8.24597962288081e-08	0.160314954471076	0.04	0.153	0.00276553664592177	DCAF12	c14
8.30486585119754e-08	0.929695772300545	0.12	0.283	0.00278528590917463	NR4A3	c14
8.36165648241027e-08	-1.32839057020382	0.015	0.11	0.00280433235107076	AKIP1	c14
8.45772087722978e-08	0.538759169451397	0.175	0.387	0.00283655042780532	COPB1	c14
8.48131264812964e-08	0.228832300135255	0.363	0.703	0.00284446263592972	LRRFIP1	c14
8.51574067903127e-08	0.894006552984915	0.095	0.248	0.00285600910893351	PFKP	c14
8.52943681794901e-08	0.421343228043631	0.092	0.243	0.00286060252000374	EIF2B1	c14
8.69459133385681e-08	0.456403744036497	0.062	0.19	0.0029159920415489	NTMT1	c14
8.77647992710476e-08	-0.891667126818619	0.018	0.116	0.00294345583795239	GAMT	c14
8.82260960451557e-08	-0.281384569816244	0.052	0.174	0.00295892680916243	TATDN1	c14
8.82440780901072e-08	0.303157281769749	0.058	0.185	0.00295952989098602	VAMP4	c14
8.91646793632556e-08	0.258806236387885	0.083	0.226	0.00299040501648487	PARP9	c14
8.98784732808107e-08	0.455228272469635	0.138	0.32	0.00301434423689183	UBTF	c14
8.99503891827027e-08	0.505045298672591	0.055	0.179	0.00301675615240948	GGCT	c14
9.09723435247414e-08	0.533782758586814	0.098	0.252	0.00305103045713278	PDCD7	c14
9.23086136628641e-08	-1.3788410600894	0.015	0.11	0.00309584628502514	HEBP1	c14
9.37395701613164e-08	-0.77840378147996	0.025	0.126	0.00314383770407023	CRYL1	c14
9.45446878836124e-08	-0.732260577824603	0.025	0.126	0.00317083974224059	UTP11	c14
9.50338251299991e-08	0.11290709110778	0.062	0.189	0.00318724442720991	STAMBP	c14
9.51393237275768e-08	0.25628960818849	0.043	0.158	0.00319078263917547	ZNF688	c14
9.65924689862332e-08	-0.720642688146989	0.025	0.126	0.00323951822486029	ZNF480	c14
9.86591972530736e-08	0.418454652483536	0.123	0.294	0.00330883215747358	GNPTG	c14
9.98173353970914e-08	0.625453775454501	0.12	0.289	0.00334767379454765	SEC31A	c14
1.00771424555223e-07	-0.357140187201984	0.031	0.136	0.00337967203673308	TLNRD1	c14
1.05218291004315e-07	-0.530764183449655	0.022	0.12	0.00352881104370273	MARCH2	c14
1.06839355052966e-07	0.441660424305887	0.062	0.189	0.00358317828976637	COMMD10	c14
1.07017376407574e-07	0.205360687332824	0.068	0.2	0.00358914876995722	PTPMT1	c14
1.07658620311693e-07	1.15799696838078	0.594	0.796	0.00361065480801355	SF1	c14
1.08524373745498e-07	-0.176661202189176	0.498	0.76	0.0036396904466765	CCL5	c14
1.10240835178958e-07	0.555893085377265	0.169	0.371	0.00369725713023191	SMAP2	c14
1.15341999297455e-07	-0.147300363302886	0.037	0.147	0.00386833997243805	PSMG3	c14
1.15953340313188e-07	0.494873612991761	0.194	0.414	0.0038888431274237	TBCC	c14
1.16876009167996e-07	-1.0864977661569	0.022	0.12	0.00391978759547624	BCKDK	c14
1.17296994595299e-07	0.555493165128358	0.102	0.256	0.00393390660473714	NCBP2	c14
1.17434585436179e-07	0.122349740810073	0.083	0.224	0.00393852112635858	NKAP	c14
1.18876977511644e-07	0.551391843760377	0.12	0.288	0.00398689607178551	RBM22	c14
1.19361891222716e-07	0.17813589114352	0.025	0.125	0.00400315910782745	UBALD1	c14
1.1983796846051e-07	0.325914179978616	0.077	0.213	0.00401912578622858	XPA	c14
1.19906313452519e-07	0.572034121880728	0.098	0.251	0.00402141794057058	USF2	c14
1.24272853470142e-07	0.564154784845109	0.2	0.427	0.00416786295968163	CHST12	c14
1.24786541724116e-07	0.321286373460749	0.08	0.22	0.00418509103634339	CCNC	c14
1.25227565485335e-07	-0.33062525546222	0.04	0.151	0.00419988209124717	PARVB	c14
1.25994153060546e-07	0.50871232882817	0.132	0.308	0.0042255919053446	TMBIM1	c14
1.26305074777469e-07	-0.52516083160422	0.058	0.181	0.00423601959788674	MRPL19	c14
1.27632569949282e-07	-1.28766221279595	0.018	0.114	0.00428054113095903	FAM104B	c14
1.28261831478224e-07	0.593814047658146	0.086	0.229	0.00430164530411667	ARMC8	c14
1.29525116588068e-07	0.541179718661175	0.114	0.277	0.00434401336013061	PPP2R2A	c14
1.29968526943436e-07	0.597200898611744	0.111	0.271	0.00435888445662896	AP2B1	c14
1.32898988566353e-07	0.434530310876466	0.089	0.233	0.00445716627853835	LLPH	c14
1.34714612475305e-07	0.782516878543855	0.074	0.208	0.00451805867319678	DHX29	c14
1.35530787815067e-07	0.376383216608467	0.138	0.318	0.00454543156174171	ARL6IP6	c14
1.36687914250404e-07	-0.405335409366783	0.077	0.204	0.00458423926813006	GZMH	c14
1.37446484743613e-07	0.257905518297724	0.108	0.264	0.0046096802053313	PLIN2	c14
1.39571718239067e-07	-0.284560023839386	0.037	0.145	0.00468095628630183	INIP	c14
1.40605163648373e-07	0.627991638164762	0.111	0.272	0.00471561597843912	ACTR1B	c14
1.46389513651297e-07	0.633487174271681	0.058	0.182	0.0049096115088372	NSUN5	c14
1.46451399059549e-07	-1.01242672411107	0.022	0.118	0.00491168702165917	SNX12	c14
1.4704609851505e-07	0.676271704922987	0.092	0.238	0.00493163205199774	KLHL28	c14
1.49118671134072e-07	0.50804258255989	0.098	0.247	0.00500114199249449	GFI1	c14
1.51957409952544e-07	-0.868344258609286	0.018	0.113	0.00509634761498843	VIM-AS1	c14
1.52433911765575e-07	0.698714077224117	0.092	0.239	0.00511232853279387	OXLD1	c14
1.52472628890615e-07	0.132792234581755	0.065	0.192	0.00511362702773344	PRKRA	c14
1.54653173574727e-07	0.414175184871063	0.117	0.281	0.00518675813534919	CDC73	c14
1.56725159452832e-07	0.595783340772093	0.114	0.276	0.0052562483977291	CREB1	c14
1.57107864028682e-07	-1.14500809006476	0.012	0.102	0.00526908354379395	DBP	c14
1.57561711282166e-07	0.500723526351083	0.098	0.248	0.00528430467298129	VPS26A	c14
1.58673283673926e-07	0.775919857565422	0.225	0.473	0.00532158458785611	ZC3HAV1	c14
1.59545841681419e-07	0.365747674404773	0.178	0.384	0.00535084843831143	CTSB	c14
1.60770257005258e-07	0.481244355664148	0.055	0.177	0.00539191287944233	UMAD1	c14
1.63783430016203e-07	0.463637257633302	0.077	0.212	0.00549296867588341	SCYL1	c14
1.65776338716049e-07	-1.87948370508141	0.058	0.17	0.00555980684785885	XCL1	c14
1.66430989229524e-07	-1.14145076696781	0.018	0.112	0.00558176251677976	CKS1B	c14
1.70781426033256e-07	-0.500453159361986	0.034	0.139	0.00572766746630335	NDUFAF2	c14
1.7236320662571e-07	-0.122215027580667	0.052	0.17	0.00578071722381307	GATD3B	c14
1.72437413006307e-07	-0.23413890055314	0.025	0.123	0.00578320595740553	SDHAF1	c14
1.78327046410403e-07	0.154200839136282	0.065	0.19	0.00598073248251209	FAM98C	c14
1.78966686915788e-07	0.468285173203858	0.065	0.192	0.00600218474578168	XRCC1	c14
1.80351385270344e-07	0.639291831242322	0.089	0.232	0.00604862475919679	PPP6R1	c14
1.86726204908568e-07	0.539045178734871	0.111	0.27	0.00626242346022355	SMU1	c14
1.8936689360788e-07	0.137042444466898	0.486	0.831	0.00635098687782109	TRBC2	c14
1.89747726631258e-07	0.425395967581755	0.062	0.184	0.00636375925575912	HIST1H1D	c14
1.89841222387181e-07	0.397348602566881	0.197	0.417	0.00636689491642127	MFSD10	c14
1.93386452182034e-07	-2.26291472186241	0.006	0.089	0.00648579483328104	UBE2Q1	c14
1.9536918098198e-07	0.443461167739164	0.065	0.191	0.00655229159177364	WRAP73	c14
1.99299799668721e-07	0.182853307351583	0.052	0.17	0.00668411668128956	MED19	c14
2.0164224692199e-07	0.515111468934906	0.071	0.201	0.00676267767726969	AAGAB	c14
2.03199387734458e-07	0.306480936679179	0.062	0.184	0.00681490106583825	GSS	c14
2.06235427757176e-07	0.373461543650746	0.055	0.175	0.00691672377612016	GTF2F2	c14
2.06942025798861e-07	0.148550190789905	0.046	0.159	0.00694042166124219	DPP3	c14
2.1099038003722e-07	0.213912666774671	0.117	0.271	0.0070761953656883	BCL3	c14
2.1236979881029e-07	-1.09210935020716	0.018	0.111	0.00712245831249951	TMEM159	c14
2.14479359100453e-07	0.137788071027224	0.065	0.189	0.00719320874551101	DRAM2	c14
2.15238790130809e-07	0.511129617032085	0.08	0.216	0.00721867854340708	CBX5	c14
2.18629395662244e-07	-1.67935015303024	0.009	0.094	0.00733239267172035	FEN1	c14
2.20204226422316e-07	0.493395428995418	0.191	0.408	0.00738520934575164	FDFT1	c14
2.20548878239901e-07	-0.367415821075867	0.049	0.164	0.00739676827840979	NFYB	c14
2.25795026876336e-07	-1.53000012517067	0.015	0.105	0.00757271361137855	PPIL1	c14
2.262462656167e-07	-0.405585895436627	0.028	0.127	0.00758784725625288	PCGF1	c14
2.26841489797029e-07	0.147575564551089	0.031	0.132	0.00760780988481274	WBP4	c14
2.30987290957755e-07	0.384744470103102	0.126	0.295	0.00774685176414117	PFKL	c14
2.31156828840004e-07	0.415276374044553	0.157	0.348	0.00775253772563605	PRKCSH	c14
2.3205378541944e-07	0.505200123907478	0.098	0.246	0.00778261985539718	URI1	c14
2.33461846788453e-07	0.464595803449563	0.08	0.215	0.00782984341759115	EML2	c14
2.33565905478316e-07	0.717981939312167	0.148	0.329	0.00783333333793175	ADAM8	c14
2.33723055972128e-07	0.676107919930073	0.157	0.349	0.00783860385119322	DNM2	c14
2.37549385652787e-07	0.336940198517083	0.283	0.559	0.00796693129602317	SIRPG	c14
2.38898960370739e-07	-0.674324527509428	0.025	0.121	0.00801219333291384	IFT52	c14
2.3938264621011e-07	0.566004831017746	0.095	0.241	0.00802841518859466	PABPN1	c14
2.41110805026912e-07	0.671170574548747	0.111	0.266	0.00808637417899259	JMJD6	c14
2.42311902998437e-07	-0.402938661428653	0.025	0.121	0.00812665660276159	DOHH	c14
2.42332263129547e-07	-0.388498140582608	0.04	0.148	0.00812733944083874	DTYMK	c14
2.43317720510018e-07	-3.14123782372384	0.003	0.082	0.00816038971046497	FAM50B	c14
2.44507305683127e-07	-1.26984366609077	0.018	0.11	0.00820028601800071	CD83	c14
2.45796348121905e-07	0.972860047278992	0.668	0.871	0.00824351792331244	SRSF7	c14
2.46360948113315e-07	-0.369359029262584	0.049	0.163	0.00826245347782437	ZNF585A	c14
2.46631978374583e-07	0.58987761737358	0.252	0.523	0.00827154329072676	PPIG	c14
2.48774873433994e-07	-0.379187405990516	0.049	0.162	0.0083434117052293	TWISTNB	c14
2.49208581795233e-07	-0.348172529211314	0.031	0.132	0.00835795741624852	ISOC2	c14
2.51042144536778e-07	0.103529280268844	0.037	0.143	0.00841945144347446	AAAS	c14
2.51194986030734e-07	0.679764015178954	0.16	0.353	0.00842457744149874	RTF1	c14
2.52188675754994e-07	0.477168248394933	0.197	0.412	0.00845790380747097	TMEM243	c14
2.52786563906394e-07	0.813202220466754	0.083	0.219	0.00847795578029265	ECI2	c14
2.5870018485604e-07	0.410269719129262	0.145	0.326	0.00867628679970186	ELOVL1	c14
2.6162690942168e-07	0.573371812492747	0.154	0.337	0.00877444328818431	PPP1CB	c14
2.63970961057003e-07	-0.21564308206781	0.086	0.219	0.00885305809192976	CLIC3	c14
2.66057728461304e-07	0.298859166291327	0.086	0.224	0.00892304409713521	BLCAP	c14
2.70824077722109e-07	0.434056463978878	0.098	0.245	0.00908289791864408	LYRM2	c14
2.71856605697723e-07	0.118752363205207	0.068	0.193	0.00911752684189022	CBFB	c14
2.72229222969068e-07	-0.21510246528751	0.043	0.152	0.00913002367993659	SLC41A3	c14
2.74115104420391e-07	-0.221147051997062	0.274	0.446	0.00919327237205108	CD8A	c14
2.75170162091186e-07	0.623815022733014	0.185	0.39	0.00922865689621419	NFE2L2	c14
2.75205980783719e-07	-0.717427029582502	0.025	0.12	0.00922985818352438	RNF2	c14
2.77356339197018e-07	0.445042601033405	0.046	0.158	0.00930197690398959	PPP2R5D	c14
2.79540588322834e-07	0.483350186074025	0.08	0.214	0.00937523225117122	DCP1A	c14
2.8696172853467e-07	-0.414662673991024	0.034	0.136	0.00962412245159575	MCM6	c14
2.87672187045409e-07	0.180561184905219	0.052	0.168	0.00964794980912893	MYNN	c14
2.93994408368069e-07	0.593867476742096	0.12	0.281	0.00985998446784831	CFDP1	c14
2.9435313816912e-07	0.297539550195197	0.065	0.188	0.00987201554791594	SEC22C	c14
2.96702465060333e-07	0.540517375385635	0.151	0.335	0.00995080727319343	SCAMP3	c14
2.99519718842883e-07	0.342171375025746	0.32	0.615	0.0100452923305526	PTPN6	c14
3.00381483614841e-07	0.107552648612687	0.083	0.219	0.0100741941974745	EBP	c14
3.05028859764307e-07	-0.448684689355535	0.028	0.125	0.0102300578987753	BAG3	c14
3.06133972651352e-07	-0.6037155319958	0.012	0.098	0.0102671211747811	IL18BP	c14
3.0722109577063e-07	0.108668281620442	0.043	0.151	0.0103035811099554	SGTA	c14
3.08035726293275e-07	0.665168686466116	0.123	0.288	0.0103309021884238	UBA1	c14
3.1142097245181e-07	0.655095918929968	0.105	0.254	0.0104444365740888	RNF113A	c14
3.17774037519735e-07	0.753052544246404	0.129	0.295	0.0106575056703369	ANXA2R	c14
3.1939085690907e-07	-0.343595404142482	0.043	0.15	0.0107117305590164	EIF1AY	c14
3.25601412985036e-07	0.635999453203848	0.169	0.367	0.0109200201886921	PHF11	c14
3.25854796818112e-07	0.524896415742629	0.126	0.292	0.0109285181756858	HACD4	c14
3.31328336181405e-07	0.626157111536605	0.105	0.254	0.0111120897388519	TYMP	c14
3.31725041811543e-07	0.513570016567316	0.08	0.214	0.0111253944522755	GPR137B	c14
3.32447998661134e-07	0.578966735536737	0.206	0.431	0.0111496409790971	GRAP2	c14
3.34411399368238e-07	-0.451639847277959	0.028	0.125	0.011215489512012	MRTO4	c14
3.34737296861858e-07	-0.626989454246885	0.031	0.13	0.011226419462153	GPN3	c14
3.35367005599122e-07	-0.478810310472744	0.034	0.135	0.0112475386337833	MTX2	c14
3.40117083956346e-07	0.581794654737124	0.197	0.416	0.0114068467617279	GRAMD1A	c14
3.4124619490321e-07	-0.133851009101033	0.025	0.119	0.0114447148846639	PRPF4	c14
3.44337985142285e-07	0.789647856073487	0.212	0.443	0.0115484073457019	PSTPIP1	c14
3.4483720853345e-07	1.32548091932424	0.554	0.716	0.0115651502997948	ARHGEF1	c14
3.48528920495982e-07	-0.524876620954887	0.022	0.114	0.0116889629355943	RPL39L	c14
3.4861685142182e-07	0.527275093915727	0.089	0.228	0.011691911962985	TMX2	c14
3.49864860191879e-07	-0.535512421654746	0.015	0.103	0.0117337676811152	YBEY	c14
3.50878900805165e-07	0.572387756840313	0.046	0.156	0.0117677765752036	BAG5	c14
3.52302824335281e-07	0.689246171724325	0.108	0.26	0.0118155321225567	CRELD2	c14
3.56482161237334e-07	-0.898827766164924	0.015	0.103	0.0119556987235777	CDK5	c14
3.56509717508803e-07	-0.103680505949237	0.031	0.13	0.0119566229058102	KYAT3	c14
3.58376167046424e-07	0.276271302975583	0.089	0.228	0.012019219890403	UBE2E1	c14
3.60902487256122e-07	0.217037915644854	0.046	0.156	0.0121039476175958	TP53RK	c14
3.65823863062863e-07	-1.47816382692031	0.015	0.102	0.0122690007194023	DYRK4	c14
3.67262900014074e-07	0.655122255438159	0.123	0.286	0.012317263140672	HSPA4	c14
3.70254117286987e-07	-1.35297692231023	0.022	0.113	0.012417582585571	TCEA2	c14
3.72033481517098e-07	0.590604949817407	0.117	0.274	0.0124772589031204	NAA50	c14
3.74934461010676e-07	0.389931968757997	0.062	0.182	0.0125745519533761	PREP	c14
3.75794069219151e-07	-0.6760188679894	0.034	0.134	0.0126033814934719	CTNNBIP1	c14
3.82907280415674e-07	-0.241241382859989	0.037	0.14	0.0128419443705809	RPS6KA4	c14
3.82973450977311e-07	-0.244631257981375	0.043	0.15	0.0128441635988771	HIST3H2A	c14
3.91209880207803e-07	0.125417906959849	0.046	0.155	0.0131203969624093	STYXL1	c14
3.92590306562521e-07	-1.90109444919167	0.015	0.102	0.0131666937014938	TUBB2A	c14
3.93646487022516e-07	0.357612747370408	0.049	0.16	0.0132021158817611	PES1	c14
3.96609958463485e-07	0.438902133252122	0.074	0.201	0.0133015047869484	MED21	c14
3.98197345101341e-07	0.678378474975991	0.098	0.243	0.0133547425600088	PREB	c14
4.02441179685232e-07	-0.456557266422175	0.028	0.124	0.0134970722842833	CREB3	c14
4.04628828515328e-07	0.502141240579431	0.114	0.269	0.0135704416507471	CNDP2	c14
4.07622790332084e-07	0.600453071804797	0.166	0.362	0.0136708531421574	RCN2	c14
4.08598370074626e-07	0.531314633771447	0.16	0.348	0.0137035721355628	RASSF1	c14
4.09288245853738e-07	0.32750303176927	0.292	0.589	0.0137267091894427	CAPZA1	c14
4.11250812480314e-07	-0.65387868151391	0.04	0.144	0.0137925297489648	DDAH2	c14
4.13402699149834e-07	0.862203447782579	0.12	0.279	0.0138646997240871	UBA3	c14
4.1491261736902e-07	0.687209377672442	0.071	0.197	0.0139153393613222	TRIM44	c14
4.1545233431977e-07	-0.317342765138312	0.025	0.119	0.0139334403884164	BCAT2	c14
4.16370709417778e-07	0.356210386460493	0.089	0.227	0.0139642408524534	HOXB2	c14
4.17762602031277e-07	-1.45168886103355	0.012	0.097	0.014010922146925	CYREN	c14
4.17834141333254e-07	0.434172482202303	0.062	0.181	0.0140133214320347	SMYD2	c14
4.17985100048198e-07	-0.270993000036655	0.018	0.108	0.0140183842854165	RNF31	c14
4.1993796096676e-07	0.179868256489865	0.397	0.709	0.0140838793349032	IER2	c14
4.22086724450588e-07	1.19302361195536	0.578	0.733	0.0141559445646238	TRAF3IP3	c14
4.24713751387313e-07	0.105487173886182	0.049	0.16	0.0142440497940277	C16orf87	c14
4.26087099643162e-07	-0.888299238809156	0.034	0.133	0.0142901091478324	RHOB	c14
4.26461920903376e-07	0.62610484995544	0.086	0.221	0.0143026799032574	MAEA	c14
4.30929196435306e-07	0.569025894744266	0.12	0.279	0.0144525033900473	PRKD2	c14
4.309842453942e-07	0.575727575321963	0.062	0.181	0.0144543496220307	CWC27	c14
4.32546562325887e-07	0.591558539221806	0.123	0.285	0.0145067466072856	B4GALT3	c14
4.33727375010849e-07	0.611705155058552	0.095	0.237	0.0145463487031139	MED29	c14
4.3915124574946e-07	0.334247713906686	0.043	0.149	0.0147282544799454	PLIN3	c14
4.4460635022499e-07	-0.132748490531315	0.049	0.16	0.0149112077738457	HADH	c14
4.48191155464885e-07	0.425362921881531	0.16	0.347	0.0150314349719813	SMIM7	c14
4.50613147069077e-07	0.305632104812015	0.268	0.533	0.0151126637264027	G3BP2	c14
4.55991682370277e-07	0.242005289323772	0.052	0.165	0.0152930490433343	GOLGA2	c14
4.62080278817043e-07	-0.845892551464535	0.015	0.102	0.015497248390966	SPIN1	c14
4.63624682215635e-07	0.597195852818672	0.095	0.238	0.015549044592148	NAA60	c14
4.63941117778528e-07	0.29529410946852	0.095	0.234	0.0155596572080563	LMO4	c14
4.71441790704111e-07	0.899798586701618	0.074	0.202	0.0158112147766345	TRIM28	c14
4.74118490643632e-07	0.544498713008643	0.105	0.252	0.0159009859392061	TBC1D1	c14
4.78281792052614e-07	0.68159482027619	0.175	0.374	0.0160406147418606	GSPT1	c14
4.82035189901643e-07	0.424530930117069	0.049	0.16	0.0161664961989213	SLC35B1	c14
4.84881775306006e-07	-0.148058146380905	0.031	0.128	0.0162619649802128	SMIM3	c14
4.85876093190299e-07	-2.08392089533369	0.003	0.078	0.0162953124134162	AL441992.1	c14
4.88290002745109e-07	0.66679992375067	0.095	0.237	0.0163762701120655	DPF2	c14
4.89817987926847e-07	0.506849198209804	0.095	0.237	0.0164275156790906	SAR1A	c14
4.90555717495215e-07	-0.459956048279136	0.031	0.128	0.0164522576533545	NEDD1	c14
4.92499544193658e-07	0.671853818339446	0.157	0.343	0.0165174497131669	DCAF7	c14
5.01770665168021e-07	0.437078232842365	0.068	0.19	0.0168283845684051	GOT2	c14
5.02483989727357e-07	-1.11562394226702	0.015	0.101	0.0168523080474761	ZNF362	c14
5.06873570282999e-07	-0.243365902483892	0.015	0.101	0.0169995258001512	C17orf75	c14
5.16710532455056e-07	0.226108384672979	0.065	0.184	0.0173294378374777	FGD5-AS1	c14
5.18259487140372e-07	0.284969672805505	0.265	0.532	0.0173813866797138	NONO	c14
5.20374191019042e-07	0.483675155391077	0.071	0.195	0.0174523096183966	PRR5	c14
5.20833741538812e-07	0.596126480208639	0.108	0.258	0.0174677220237287	PEX16	c14
5.21834192762522e-07	-0.232126390722386	0.034	0.132	0.0175012751568695	GADD45A	c14
5.25661666125135e-07	0.716863197943043	0.117	0.273	0.0176296409585048	RRP1B	c14
5.27053679128266e-07	-0.771197150953525	0.015	0.101	0.0176763262906038	LINC01184	c14
5.27926431741442e-07	-0.135478751611712	0.058	0.173	0.0177055966677445	TGIF1	c14
5.28923715177694e-07	0.206694880641095	0.055	0.169	0.0177390435596295	RSAD1	c14
5.29300851849739e-07	0.25944110227288	0.068	0.19	0.0177516919693366	SIKE1	c14
5.3817991007546e-07	0.697640110295188	0.068	0.189	0.0180494778241108	PRPSAP2	c14
5.38713051912578e-07	-0.378324319631802	0.034	0.132	0.018067358335044	KBTBD4	c14
5.4065288015752e-07	0.754067064486862	0.252	0.518	0.0181324162947229	OXNAD1	c14
5.41746634153725e-07	-1.09580912786381	0.015	0.101	0.0181690986162476	PRKCD	c14
5.43098798573503e-07	-0.319428820024124	0.015	0.101	0.0182144475065581	MRM2	c14
5.45597365593785e-07	0.473567193429434	0.074	0.199	0.0182982444472844	NSMCE4A	c14
5.46965831374673e-07	0.419089725493544	0.098	0.242	0.0183441400526438	VPS26C	c14
5.51181571277162e-07	0.713736241297116	0.163	0.353	0.0184855275374935	EIF5B	c14
5.58285857321512e-07	0.424307428387627	0.123	0.283	0.0187237910828489	SMNDC1	c14
5.59054417193651e-07	-0.182014852180095	0.043	0.148	0.0187495670438407	CCDC22	c14
5.66178501848703e-07	0.486840397005195	0.262	0.536	0.0189884945950018	SLC3A2	c14
5.71465066911326e-07	-0.535160964979597	0.034	0.132	0.0191657954140721	CRYZ	c14
5.77407311209235e-07	0.482202226772787	0.135	0.302	0.0193650864033353	SHARPIN	c14
5.77635759418868e-07	-0.405166124743091	0.034	0.132	0.01937274809939	TM2D2	c14
5.7795459349927e-07	0.340511441651139	0.046	0.153	0.0193834411567785	IFT27	c14
5.80352677688472e-07	-0.211717970450977	0.049	0.158	0.019463868104316	SLC50A1	c14
5.89859766799731e-07	0.520112407193624	0.062	0.179	0.0197827168589294	CCDC82	c14
5.99104156496415e-07	0.522268717809881	0.068	0.189	0.0200927552005768	CCDC97	c14
5.99176492962038e-07	0.670145526119893	0.111	0.261	0.0200951812209608	LETMD1	c14
6.01085393039415e-07	-0.264058015667239	0.043	0.147	0.0201592019117559	OASL	c14
6.01917278837688e-07	0.418911193891148	0.222	0.454	0.0201871016976584	PNPLA2	c14
6.05923454559503e-07	-0.128800102813522	0.034	0.132	0.0203214608190166	RCC1L	c14
6.08623738320294e-07	-0.170744310241703	0.065	0.183	0.020412022935786	SIGMAR1	c14
6.18658656267788e-07	0.646420812547406	0.108	0.255	0.0207485740139091	EIF3J	c14
6.22580864413257e-07	0.404857061601077	0.028	0.122	0.0208801170306918	WDR13	c14
6.28732175095721e-07	0.256632924712794	0.037	0.137	0.0210864196883603	SERGEF	c14
6.36858985773571e-07	0.743019581863505	0.292	0.588	0.021358976664874	BRD2	c14
6.47948659497619e-07	0.180725789545191	0.049	0.158	0.0217309021422312	VPS16	c14
6.61413461573701e-07	0.682658704840416	0.074	0.199	0.0221824846742588	GCH1	c14
6.70697659150115e-07	0.487418373981511	0.277	0.557	0.0224938580925766	SH3KBP1	c14
6.78126021189108e-07	-0.378429210189969	0.015	0.1	0.0227429904986403	HSCB	c14
6.81806723111835e-07	0.495015857858627	0.046	0.152	0.0228664338797247	SCAF1	c14
6.84165239504571e-07	5.88219322336034	0.012	0.001	0.0229455338025043	AC244197.2	c14
6.9082781972759e-07	0.741802829549231	0.077	0.204	0.0231689834180239	PIP4K2A	c14
6.91036239847567e-07	0.742278353260495	0.209	0.436	0.0231759734120077	KIF5B	c14
6.99935768269208e-07	0.674408448397749	0.089	0.223	0.0234744457962127	SMIM10L1	c14
7.01710635090715e-07	0.415692910830175	0.086	0.219	0.0235339712796724	APOL3	c14
7.09030879037229e-07	0.457135766912233	0.28	0.564	0.0237794776211506	DEF6	c14
7.09646745776399e-07	0.420586760949157	0.083	0.214	0.0238001325598489	TARDBP	c14
7.23402151210006e-07	0.498602889662239	0.077	0.203	0.0242614613472812	CWC22	c14
7.25251984452794e-07	-0.673154788764725	0.025	0.115	0.0243235010545778	HIRIP3	c14
7.2713749340677e-07	0.737695799801735	0.077	0.203	0.0243867372538763	NCBP2-AS2	c14
7.27717167628883e-07	-0.529136079343445	0.034	0.131	0.0244061783679375	AKAP7	c14
7.32876657472278e-07	-0.447325515973317	0.037	0.136	0.0245792173383053	SLC25A22	c14
7.32936281473533e-07	0.348880813269689	0.108	0.254	0.0245812170080593	RAB29	c14
7.35534097761276e-07	0.627024121029766	0.157	0.341	0.0246683425707177	UBE3A	c14
7.36174484374635e-07	0.354945953593049	0.052	0.162	0.0246898198569565	C1orf35	c14
7.54603140669448e-07	0.813773731890023	0.203	0.42	0.025307880131772	SLTM	c14
7.55985709217079e-07	0.676349891148452	0.068	0.188	0.0253542487157224	RFX5	c14
7.58612241641425e-07	-1.36598630431855	0.009	0.088	0.0254423373601701	PPP1R14B	c14
7.72730210689676e-07	0.130414257836004	0.052	0.162	0.0259158258061104	RNF40	c14
7.82195736104139e-07	0.4542855137549	0.062	0.178	0.0262332805974606	APBA3	c14
7.85920455454198e-07	-0.550828940818251	0.037	0.135	0.0263582002350229	LSR	c14
7.90267396621259e-07	-0.176932961267442	0.031	0.126	0.0265039879478838	MRPL30	c14
7.9078388749198e-07	0.453766966899782	0.089	0.223	0.026521310018706	TRNAU1AP	c14
7.91474171322969e-07	0.752830980246732	0.102	0.244	0.0265444607578297	DHX30	c14
7.98458007590031e-07	0.476333010044201	0.172	0.365	0.0267786846585545	EMC7	c14
7.98952987163105e-07	-0.479333655982037	0.028	0.12	0.0267952852834762	AIMP2	c14
8.05746480166995e-07	-1.42998312859673	0.012	0.093	0.0270231254518407	AC093512.2	c14
8.09652739048276e-07	0.357416508233175	0.098	0.237	0.0271541335622011	DCTN1	c14
8.16853334583916e-07	0.520502531655033	0.105	0.248	0.0273956271352754	CCNK	c14
8.19338532112314e-07	0.523084178106335	0.102	0.242	0.0274789756899828	MYLIP	c14
8.2064079360012e-07	0.379332184147216	0.092	0.227	0.0275226509357608	SPTY2D1	c14
8.21281825885596e-07	0.700803016815381	0.074	0.198	0.0275441498765511	PMM1	c14
8.22576182276678e-07	-0.144877982427268	0.028	0.12	0.0275875600011952	MYL6B	c14
8.31503960228436e-07	0.699637351435451	0.102	0.244	0.0278869798181413	KLF13	c14
8.32554006877083e-07	0.224604765588059	0.04	0.141	0.0279221962826436	PIGX	c14
8.33633626196579e-07	0.434891575299255	0.071	0.191	0.0279584045553809	SHC1	c14
8.35614334989191e-07	2.17492293021633	0.363	0.346	0.0280248335668675	TRA2A	c14
8.36227402357043e-07	-0.458431498386389	0.022	0.109	0.0280453946202505	C12orf45	c14
8.39031695164371e-07	0.447126731096833	0.095	0.233	0.0281394449924227	HMG20B	c14
8.39365767043766e-07	-5.53525303859103	0	0.07	0.0281506490951138	CLU	c14
8.42528337837178e-07	0.338202178408835	0.089	0.222	0.0282567153943833	PPIL4	c14
8.50036935218742e-07	0.735920742851061	0.129	0.29	0.0285085387333662	CRBN	c14
8.50608899383262e-07	0.227316404793715	0.049	0.156	0.0285277212675158	UTP6	c14
8.52986729327254e-07	-0.401273399107797	0.065	0.175	0.0286074689281775	CEBPD	c14
8.55930321648226e-07	0.183374092198125	0.055	0.166	0.0287061911274382	MRPL2	c14
8.5725096052215e-07	0.416349392879493	0.092	0.227	0.0287504827139919	PEX2	c14
8.61573888909475e-07	0.551878523185955	0.058	0.172	0.028895465086246	IPO5	c14
8.69450294985358e-07	0.2629108061946	0.049	0.156	0.0291596239932189	C1GALT1C1	c14
8.74964794216007e-07	0.583335807463607	0.157	0.337	0.0293445692684164	TMF1	c14
8.75498156298429e-07	-1.16288572261913	0.012	0.093	0.0293624571659367	KLHL12	c14
8.77001604416693e-07	-0.430506058828903	0.031	0.125	0.029412879808927	REPIN1	c14
8.77499720928965e-07	0.902634476106568	0.12	0.274	0.0294295856405156	DDX27	c14
8.77889828268735e-07	0.173997410087601	0.083	0.212	0.0294426690604768	BET1L	c14
8.80671036558276e-07	-0.48036863436963	0.022	0.109	0.0295359452240914	DTWD1	c14
8.87560006075071e-07	0.290651160958302	0.058	0.171	0.0297669874837457	ING4	c14
8.90286021739553e-07	0.134988682014486	0.068	0.186	0.0298584125971011	MPHOSPH10	c14
8.94254173801206e-07	0.335303219279926	0.08	0.206	0.0299914964809448	KDSR	c14
9.00962686306317e-07	0.494333499318516	0.089	0.223	0.0302164865733413	ZNF622	c14
9.05028611369369e-07	-0.163739160819211	0.028	0.12	0.0303528495681059	COQ9	c14
9.10778910656491e-07	0.458398080940608	0.098	0.237	0.0305457031055974	EFR3A	c14
9.14554265404022e-07	-0.754343892018618	0.031	0.123	0.0306723209531201	HLA-DRB5	c14
9.19476150883791e-07	0.462220308372023	0.08	0.207	0.0308373911483406	HAT1	c14
9.20817438766401e-07	0.491098059182723	0.074	0.196	0.0308823752613475	AGFG2	c14
9.4524230574147e-07	0.587634129928308	0.123	0.28	0.0317015364499574	RNF115	c14
9.49087338888143e-07	0.503635754505386	0.105	0.247	0.0318304911716305	ASAH1	c14
9.51755312671574e-07	-0.158313721132155	0.031	0.125	0.0319199696763793	RABEPK	c14
9.7706437782344e-07	0.418461451558866	0.24	0.474	0.0327687851034425	LIMS1	c14
9.97693528890013e-07	-0.923063088282043	0.025	0.113	0.0334606455719133	GABPA	c14
1.00064607414868e-06	-0.116736374392826	0.031	0.124	0.0335596680347985	WASHC5	c14
1.0036314934776e-06	0.347195878546169	0.071	0.191	0.0336597930282516	BRD7	c14
1.01114275274873e-06	0.104630476028417	0.04	0.14	0.0339117056416868	GRN	c14
1.01161408689929e-06	0.569852835472383	0.068	0.187	0.0339275132464285	TXNRD1	c14
1.01711655323921e-06	0.515752770216822	0.16	0.341	0.0341120549625367	MLEC	c14
1.0198100735861e-06	0.538312807280281	0.172	0.363	0.0342023902479306	ADSS	c14
1.02058087479258e-06	-0.364784882746224	0.031	0.124	0.0342282413787937	RTL8A	c14
1.03928648240582e-06	-1.79090207814999	0.009	0.086	0.0348555900469265	WDR41	c14
1.04013299292763e-06	0.501233646522984	0.255	0.516	0.0348839803168069	FGFR1OP2	c14
1.04070750564203e-06	-0.130352932715788	0.769	0.991	0.0349032483242223	UBC	c14
1.06024542485032e-06	-0.250194399153	0.022	0.108	0.0355585110586299	METTL13	c14
1.06720786036657e-06	0.172917025848307	0.065	0.181	0.0357920172209741	DNASE2	c14
1.07199371188662e-06	0.150542742019949	0.031	0.124	0.0359525251092534	C11orf49	c14
1.0737191989452e-06	0.678577321390082	0.092	0.227	0.0360103944942241	PML	c14
1.08264006640257e-06	0.632415046699297	0.154	0.331	0.0363095825470092	BAZ1B	c14
1.08333526235835e-06	0.38663070784794	0.074	0.196	0.0363328980289743	RUVBL2	c14
1.08523763007686e-06	0.162797297698643	0.058	0.17	0.0363966996375178	RIOK1	c14
1.08933898406704e-06	0.482564804261819	0.148	0.32	0.0365342508476404	GPR108	c14
1.0961245585603e-06	0.126937614604031	0.037	0.134	0.0367618254449953	APEX2	c14
1.09706123135431e-06	0.413076931910668	0.092	0.226	0.0367932395771608	CPSF7	c14
1.1011220348355e-06	0.486939552842525	0.105	0.247	0.0369294308043129	C1orf52	c14
1.10472389704114e-06	0.104274842430043	0.031	0.124	0.0370502300589658	TBL3	c14
1.11036200541301e-06	0.484237316898592	0.052	0.16	0.0372393209375416	ICE2	c14
1.11544885013426e-06	0.728580279298126	0.114	0.262	0.0374099235358029	INSIG1	c14
1.118359579619e-06	4.28440794626524	0.04	0.011	0.0375075435812621	AC007952.4	c14
1.12225220414831e-06	-0.581705051053024	0.015	0.097	0.0376380944227259	OAZ2	c14
1.12358521997666e-06	0.801910858938086	0.114	0.263	0.0376828011075772	BRD4	c14
1.13709797728811e-06	0.522711394407482	0.092	0.225	0.0381359919622887	NCOA7	c14
1.14290380363655e-06	-0.23708536457786	0.028	0.118	0.0383307077663627	CPSF3	c14
1.15040167928854e-06	-1.667104762981	0.018	0.101	0.0385821715199792	IGFBP3	c14
1.15079086226056e-06	0.123539089010759	0.04	0.139	0.0385952239384948	SPON2	c14
1.15766443613612e-06	0.413430987615371	0.268	0.531	0.0388257498591332	SYNGR2	c14
1.1622097356163e-06	0.462678759830442	0.338	0.665	0.0389781901130993	GNG2	c14
1.16906509076129e-06	4.67086121852266	0.022	0.004	0.0392081050139523	ZNF492	c14
1.17812804380448e-06	-0.485331740967845	0.031	0.123	0.0395120583331147	YIPF1	c14
1.18430740626501e-06	5.03942647048911	0.015	0.002	0.0397193017913159	TENM1	c14
1.18925278300655e-06	0.50470962688451	0.077	0.2	0.0398851598364736	UBAP2L	c14
1.19853578992035e-06	0.334642701773572	0.055	0.165	0.0401964933223487	PPIL3	c14
1.20044955491426e-06	0.457282650813929	0.138	0.301	0.0402606771727144	IFI6	c14
1.21008295512145e-06	0.528124549839859	0.095	0.232	0.0405837621488633	STX5	c14
1.21347206865281e-06	0.585862065971082	0.114	0.262	0.040697426238478	C6orf89	c14
1.23036676845571e-06	0.502325249744019	0.095	0.23	0.0412640406804676	KAT8	c14
1.23083639402446e-06	-1.08339728783354	0.015	0.096	0.0412797909827923	TAX1BP3	c14
1.23855934353079e-06	0.492196444705127	0.178	0.37	0.0415388032633358	TPST2	c14
1.23893896368921e-06	0.357533329661525	0.043	0.144	0.0415515349642087	BRD3	c14
1.2417180292769e-06	0.706845581360565	0.135	0.299	0.0416447392658885	RECQL	c14
1.24398311591732e-06	-2.8585912810032	0.003	0.074	0.041720705741635	ALYREF	c14
1.24497115122109e-06	0.287961568383935	0.28	0.523	0.0417538424696531	CREM	c14
1.25267849431669e-06	-0.153130440697172	0.043	0.143	0.042012331342393	STX11	c14
1.25966962483469e-06	0.586640755029208	0.197	0.404	0.0422467998777058	CHIC2	c14
1.26083849183928e-06	-0.122672161969219	0.031	0.123	0.0422860013393059	ZNF766	c14
1.26101963247188e-06	0.273100135495084	0.046	0.149	0.0422920764338418	PLEKHO1	c14
1.26560255443516e-06	-0.5937167466225	0.022	0.107	0.0424457784706463	TBCCD1	c14
1.27297721898752e-06	-1.25862996854192	0.009	0.085	0.0426931099704034	ATP23	c14
1.27546653514541e-06	0.331200621178663	0.043	0.144	0.0427765966557068	HDHD3	c14
1.28273834757459e-06	0.414462679895794	0.114	0.262	0.0430204787009565	MAN2B1	c14
1.29453551003805e-06	0.815465052803231	0.086	0.216	0.0434161319356561	WDR45	c14
1.29609649015133e-06	-0.657905269847414	0.031	0.123	0.0434684840866953	ZNF664	c14
1.30400001015573e-06	0.591462803809856	0.151	0.323	0.043733552340603	CCAR1	c14
1.30828606932164e-06	0.512513165426971	0.031	0.123	0.0438772981929092	PEX19	c14
1.30921949801263e-06	0.374922307749504	0.092	0.224	0.0439086035243476	MRPS31	c14
1.31021729815576e-06	0.264508996849889	0.04	0.138	0.0439420677455477	KIF3A	c14
1.31160386821458e-06	-0.388598868017822	0.025	0.112	0.0439885705321805	UAP1	c14
1.31857517938171e-06	0.390120451663553	0.08	0.205	0.0442223743661036	PUM3	c14
1.32676068571161e-06	-1.40582157044583	0.012	0.09	0.0444968998773961	CCL20	c14
1.33022968098264e-06	-1.20067794611643	0.012	0.09	0.0446132430407959	HINT3	c14
1.33804553927089e-06	-0.633421498622026	0.009	0.085	0.0448753712960672	PINX1.1	c14
1.33986340158778e-06	0.579533915041347	0.166	0.352	0.0449363387624511	PDIA4	c14
1.34330721564e-06	0.289189930943868	0.04	0.138	0.0450518373981343	GMPPB	c14
1.34818782656736e-06	-0.199039141081663	0.022	0.107	0.0452155233274161	UTP4	c14
1.36516696283991e-06	0.742737729928275	0.105	0.246	0.0457849695997248	FASTK	c14
1.37206425477614e-06	0.629745338952857	0.068	0.185	0.0460162909766823	ZEB1	c14
1.40057560784048e-06	0.109051582747143	0.037	0.133	0.0469725047357539	FAM217B	c14
1.40077970272744e-06	-0.350487514287952	0.018	0.101	0.046979349670073	RRS1	c14
1.42697912241804e-06	-0.800835762449819	0.012	0.09	0.0478580258076563	GNB1L	c14
1.42738861353738e-06	-0.423354026033252	0.028	0.117	0.0478717593208165	TARBP2	c14
1.43037072542969e-06	0.301800771821864	0.065	0.179	0.0479717733894609	DTNBP1	c14
1.44296570143359e-06	0.587672778035242	0.117	0.266	0.0483941836946796	EFCAB14	c14
1.46897978437199e-06	-2.10780879754755	0.006	0.079	0.0492666440082677	CHCHD4	c14
1.47829803886018e-06	0.758912980638195	0.185	0.382	0.0495791596272927	DENND1C	c14
1.47908129731634e-06	0.474510730185863	0.086	0.215	0.0496054285493954	TSN	c14
1.48553319991899e-06	0.655595588779423	0.151	0.324	0.0498218124588832	PPHLN1	c14
1.48674070076251e-06	0.366293820730362	0.034	0.127	0.0498623096221729	PIGBOS1	c14
1.48761921367665e-06	0.532133579308519	0.255	0.512	0.0498917731882874	HNRNPL	c14
1.50762299374632e-06	-1.45161423932126	0.012	0.09	0.0505626599642641	TNFAIP8L2	c14
1.51411104901305e-06	0.549967318779012	0.092	0.223	0.0507802563617996	ANKRD37	c14
1.51593545726732e-06	0.25074814839978	0.068	0.184	0.0508414433658312	PPP2R2B	c14
1.52163550625508e-06	0.450390093456979	0.028	0.117	0.0510326116087829	AKAP8	c14
1.52570109040607e-06	0.617482775430041	0.092	0.225	0.0511689631700388	KIAA0040	c14
1.52976975984595e-06	0.688737620271519	0.194	0.4	0.0513054182057135	GDI1	c14
1.53138602298381e-06	0.396931192860741	0.095	0.228	0.0513596244388312	ARCN1	c14
1.53538869711493e-06	0.712976967025508	0.062	0.174	0.0514938661238405	PPP3CB	c14
1.53550718902115e-06	-1.12752742920695	0.006	0.078	0.0514978401053914	DPH2	c14
1.54088700372603e-06	0.577000906773765	0.089	0.22	0.0516782683309634	UNC50	c14
1.54175429404274e-06	4.65373650484946	0.025	0.005	0.0517073555136056	PTK2	c14
1.5443315001828e-06	0.592957550395186	0.102	0.24	0.0517937898531309	TGS1	c14
1.55230939889445e-06	0.408858022688299	0.068	0.183	0.0520613526201221	LEO1	c14
1.55726203232403e-06	-0.528686404653278	0.025	0.111	0.0522274540400832	ZNF226	c14
1.55892163282897e-06	-0.340569050730636	0.028	0.116	0.0522831137218179	SMC2	c14
1.56396822064335e-06	0.212998476588442	0.071	0.188	0.0524523661839366	C5orf15	c14
1.58016800651345e-06	0.605483575522324	0.111	0.255	0.0529956746024481	PPID	c14
1.58216177624598e-06	0.749964044015113	0.089	0.219	0.0530625416517378	FAM192A	c14
1.59768074767407e-06	0.75529529114545	0.077	0.197	0.0535830169154931	FAM53C	c14
1.59950472623176e-06	-0.543402879832547	0.022	0.106	0.0536441895083609	RNF25	c14
1.60211840435898e-06	0.842179332320093	0.095	0.23	0.0537318470453916	SIRT2	c14
1.61552263686551e-06	0.240288990776503	0.037	0.132	0.0541813981951956	ZFPL1	c14
1.61873074748128e-06	0.600626003481183	0.135	0.296	0.0542889918090271	YIPF5	c14
1.65302640800133e-06	0.716378254440766	0.071	0.188	0.0554391996715488	MIB2	c14
1.65679082699335e-06	-2.36360143458482	0.006	0.078	0.055565450755703	PRMT5	c14
1.66886933559209e-06	0.708188647494688	0.271	0.535	0.0559705397770876	ARHGAP45	c14
1.72711621302727e-06	0.557102534530587	0.074	0.193	0.0579240235525086	PTPRE	c14
1.74116544979044e-06	0.229558119380032	0.052	0.157	0.0583952068550718	KIN	c14
1.75238986501809e-06	-0.313077293109703	0.028	0.116	0.0587716512929766	GNGT2	c14
1.75819392497256e-06	0.33235040195316	0.077	0.198	0.0589663078557296	GINM1	c14
1.7658425520152e-06	-0.86414900616868	0.015	0.095	0.0592228275094857	LIN7C	c14
1.77360359391195e-06	0.629571871068963	0.111	0.254	0.0594831173326191	RAB1A	c14
1.77722301174699e-06	-1.14336914413761	0.095	0.207	0.0596045053679704	XCL2	c14
1.77764813063189e-06	0.653153517113564	0.234	0.463	0.0596187630051323	TRAT1	c14
1.79092169050493e-06	-0.502509691906988	0.015	0.094	0.0600639316561543	FUBP3	c14
1.80341652817631e-06	0.370175727905359	0.046	0.147	0.0604829835219769	ACBD5	c14
1.81488951957038e-06	-1.14617454158999	0.028	0.115	0.0608677647073513	MAD2L1	c14
1.82844279542549e-06	0.325077533866262	0.058	0.167	0.0613223144729799	RAB28	c14
1.83026612832833e-06	0.617838500368046	0.102	0.239	0.0613834654118756	IL10RB	c14
1.84969971205454e-06	-0.198113060795151	0.043	0.141	0.0620352289428853	CXorf40B	c14
1.85607720373195e-06	0.532841595740081	0.108	0.247	0.0622491172587621	TSPYL1	c14
1.85720416631645e-06	-0.260807265231908	0.052	0.156	0.0622869133299211	PDCL	c14
1.85956410262036e-06	-1.03181746764124	0.009	0.083	0.0623660608736818	GEMIN8	c14
1.8684351674027e-06	0.230571242875899	0.08	0.202	0.0626635786443517	BZW2	c14
1.87590887750393e-06	-0.672805038936678	0.015	0.094	0.0629142319337269	TAF9B	c14
1.88942250860308e-06	0.914362130368094	0.114	0.258	0.0633674520935302	COA1	c14
1.91901054535024e-06	-1.14697074172397	0.012	0.088	0.0643597756699563	EOMES	c14
1.95053467366284e-06	0.498960495225522	0.071	0.187	0.0654170318853042	XPNPEP1	c14
1.96102723551277e-06	0.284133202798859	0.062	0.171	0.0657689314246272	GPR68	c14
1.97359279115816e-06	0.196463922891158	0.098	0.231	0.0661903550298623	NARS	c14
1.98828903721532e-06	0.103347458396422	0.04	0.135	0.0666832377301275	IFRD2	c14
1.99254992335392e-06	0.578107590307218	0.151	0.321	0.0668261393294437	NFKB1	c14
1.99652760983291e-06	0.132135069260243	0.065	0.177	0.0669595429785762	TMEM101	c14
1.99691446687903e-06	0.565251000469918	0.206	0.418	0.066972517390189	TMBIM4	c14
1.9992986283565e-06	0.320350487607933	0.065	0.174	0.0670524773978205	LRRN3	c14
2.00473549834561e-06	0.582539015312514	0.065	0.177	0.0672348191435151	DMAP1	c14
2.03751947321297e-06	0.321835869457985	0.037	0.131	0.0683343280926167	NFIC	c14
2.04148265173357e-06	0.529633852741884	0.083	0.207	0.0684672451738406	UXS1	c14
2.05389536630873e-06	0.842351430154912	0.218	0.445	0.068883542795262	DDX46	c14
2.05840551483338e-06	0.584215229489699	0.154	0.323	0.069034804156482	BTG3	c14
2.07486453752629e-06	0.506707683854296	0.108	0.247	0.0695868068595566	TM2D1	c14
2.07598870583725e-06	0.546806982081274	0.154	0.325	0.0696245092163697	ZFR	c14
2.09025426344017e-06	0.327122734078549	0.098	0.231	0.0701029474872563	SBNO1	c14
2.09317378370492e-06	0.224483930533731	0.065	0.176	0.0702008623578957	MPZL3	c14
2.10070468914748e-06	0.643550645834699	0.037	0.13	0.0704534338646281	NR1D2	c14
2.10228791846912e-06	0.576892595471849	0.16	0.337	0.0705065322096173	TROVE2	c14
2.1118601219911e-06	0.466673378522173	0.055	0.161	0.0708275647713376	POLR2D	c14
2.1190656664688e-06	0.295411320636796	0.052	0.156	0.0710692243220308	SSBP2	c14
2.14378504377302e-06	0.764145167260178	0.034	0.125	0.0718982627980596	NTPCR	c14
2.1665137095229e-06	0.442060829421608	0.043	0.141	0.0726605367899789	DPM1	c14
2.16679948686395e-06	-1.30163675155669	0.015	0.093	0.072670121190443	JAZF1	c14
2.18181461135036e-06	-0.250954008700006	0.031	0.12	0.0731736984354683	SMIM4	c14
2.18334806944228e-06	-0.458557524533962	0.025	0.109	0.0732251275529552	RITA1	c14
2.2288642081282e-06	0.335290040823167	0.043	0.141	0.0747516478122037	ELK3	c14
2.23590969273631e-06	0.529461975295406	0.077	0.196	0.0749879392749903	NFU1	c14
2.25380203222484e-06	0.340725331639854	0.046	0.145	0.0755880125567567	ERAL1	c14
2.260584247472e-06	0.236962168750747	0.074	0.191	0.075815474491716	KIAA1191	c14
2.31494482364945e-06	0.372641631256537	0.08	0.201	0.0776386194955552	SNRNP35	c14
2.36438355130585e-06	-2.2311150610911	0.009	0.081	0.0792966955436956	TP53I11	c14
2.37504230713957e-06	-0.152737306354451	0.046	0.145	0.0796541688968469	GUCD1	c14
2.37524512573673e-06	0.718672372002101	0.12	0.268	0.0796609710269586	GPBP1L1	c14
2.3823250574644e-06	0.946765445017602	0.135	0.295	0.0798984177772409	GTF2I	c14
2.38243844680666e-06	2.76191670995031	0.203	0.138	0.0799022206290017	ZC3H12D	c14
2.41039390861298e-06	-1.08862630138986	0.015	0.093	0.0808397909070622	ACSL6	c14
2.42776212064527e-06	0.541802193205557	0.062	0.171	0.081422286002201	TRIM26	c14
2.44667487213203e-06	0.388470810507439	0.068	0.18	0.0820565818615639	LMNB1	c14
2.46051910923508e-06	-0.549538676776779	0.018	0.098	0.0825208898855262	NUDCD1	c14
2.47715335630646e-06	0.327419242581056	0.034	0.125	0.0830787692638062	XPOT	c14
2.48373566128398e-06	0.250488426182965	0.046	0.145	0.0832995266081421	RPAP3	c14
2.49086613289899e-06	0.866299033988541	0.092	0.222	0.0835386683651663	ARNTL	c14
2.49897612818524e-06	-0.472403420548513	0.028	0.114	0.0838106613870766	GLRX2	c14
2.51003508383346e-06	0.579238853552571	0.043	0.14	0.0841815566416065	CGAS	c14
2.51436764674199e-06	-0.15128684776505	0.022	0.103	0.0843268621364329	ZNF444	c14
2.51942388602118e-06	0.902898660280084	0.148	0.316	0.0844964382893783	METAP2	c14
2.52070522660656e-06	0.110177409888434	0.058	0.165	0.0845394118899308	CRNKL1	c14
2.52224598649306e-06	0.573132149686121	0.286	0.561	0.0845910858950044	NDFIP1	c14
2.54666370521318e-06	0.619866485203757	0.086	0.211	0.0854100073454396	MIDN	c14
2.56799091676521e-06	-0.381753501494126	0.031	0.119	0.0861252793664717	NR2C2AP	c14
2.57055750970204e-06	0.606872898493738	0.052	0.155	0.0862113577603869	HMGXB4	c14
2.58211121296031e-06	-0.545500905612171	0.015	0.092	0.0865988458602629	KBTBD3	c14
2.59917054954911e-06	0.126960138286397	0.043	0.14	0.0871709818907781	LTBP4	c14
2.62189011329123e-06	-0.496571770336522	0.022	0.103	0.0879329506195612	SUMF1	c14
2.65555562466798e-06	0.574412872114597	0.209	0.425	0.0890620245401148	TMEM248	c14
2.66448942724192e-06	-0.749859908009835	0.015	0.092	0.0893616464108394	CMSS1	c14
2.68602213129589e-06	0.667501242477271	0.154	0.321	0.0900838102394017	TMPO	c14
2.6913657206639e-06	0.107120545023373	0.058	0.164	0.0902630235396259	SH2B1	c14
2.71929981195961e-06	0.570543052335555	0.095	0.226	0.0911998770935015	NGLY1	c14
2.73016016890302e-06	0.381128580473154	0.092	0.22	0.0915641117446695	DLD	c14
2.74538257021464e-06	0.442263125464111	0.378	0.701	0.0920746406398587	ITM2A	c14
2.75523200955803e-06	0.426246773247534	0.037	0.129	0.0924049711365572	GMPPA	c14
2.76103721169396e-06	0.456338077977157	0.095	0.225	0.0925996660057921	OAS2	c14
2.76147632221641e-06	0.17090296422254	0.062	0.17	0.092614392894494	MRPL44	c14
2.77597270921907e-06	0.733631419605799	0.08	0.2	0.0931005727217892	GOSR1	c14
2.78723431589454e-06	0.333226452676775	0.077	0.195	0.093478264486471	RFFL	c14
2.82746702257234e-06	0.626300455994434	0.197	0.402	0.0948275890030311	LRPAP1	c14
2.83945797592026e-06	-1.30801748688195	0.012	0.086	0.0952297415964136	TMEM99	c14
2.86126296129745e-06	0.613628228697041	0.062	0.169	0.0959610371959939	ARRDC2	c14
2.87604594541628e-06	-0.101572860411222	0.034	0.124	0.0964568289173711	RALB	c14
2.87838621809876e-06	0.565164065077191	0.068	0.179	0.0965353169825962	DCAF13	c14
2.9160124939999e-06	0.790136617034519	0.083	0.205	0.0977972270237686	CTBP1	c14
2.94983964979301e-06	0.648817024704694	0.182	0.373	0.098931722174758	SDHA	c14
2.96357820724566e-06	0.240430005567445	0.065	0.174	0.0993924859146051	EIPR1	c14
2.9737011430865e-06	-0.124144535666256	0.034	0.123	0.099731988936835	B3GALT6	c14
2.98227898357744e-06	-0.680133505926622	0.015	0.092	0.10001967255122	C2orf74	c14
3.01066772937552e-06	-0.178930035524298	0.022	0.102	0.100971774307796	PTPRN2	c14
3.02342294846641e-06	-2.88410140727629	0.003	0.069	0.101399558845666	PSAT1	c14
3.04790035139587e-06	0.521710550104914	0.252	0.502	0.102220481985115	CYFIP2	c14
3.05902396327118e-06	0.559228329165257	0.163	0.337	0.102593545680189	RHBDD2	c14
3.06865078588763e-06	0.499550839787807	0.055	0.159	0.102916410057099	CNOT9	c14
3.10196189106417e-06	-4.98895158729039	0	0.063	0.10403359790251	TCF19	c14
3.13504064426033e-06	0.49730851800294	0.046	0.144	0.105142993127203	MAPKAPK5	c14
3.14843254602825e-06	0.789866178889642	0.135	0.293	0.105592130728695	MRPS5	c14
3.17710458516702e-06	0.750189826231664	0.068	0.179	0.106553733577332	DDB2	c14
3.21098639832027e-06	0.771407231614437	0.102	0.234	0.107690061826865	BORCS7	c14
3.21184663505372e-06	0.322235878337691	0.049	0.149	0.107718912446432	MAP1S	c14
3.2160892106368e-06	-0.714283757904074	0.028	0.112	0.107861199946337	THEM6	c14
3.22913914547095e-06	-3.24387809269566	0.003	0.069	0.108298868660805	SLC40A1	c14
3.23776569893487e-06	0.897708784667802	0.108	0.245	0.108588186010878	NOP56	c14
3.26356809588914e-06	0.585218725160372	0.092	0.219	0.10945354679993	SUDS3	c14
3.27052806406722e-06	0.570288447242374	0.068	0.179	0.109686970212686	NUP54	c14
3.27557004159759e-06	0.569493061531046	0.055	0.158	0.1098560680551	IER5	c14
3.28690256117701e-06	0.659346746427829	0.086	0.209	0.110236138096754	GET4	c14
3.30071259529557e-06	0.61187907921323	0.058	0.164	0.110699299021023	ZSWIM7	c14
3.3037572918003e-06	-0.611644092435063	0.022	0.102	0.110801412052398	SLC25A17	c14
3.395688254926e-06	-1.46648944670899	0.006	0.074	0.113884592693708	AIF1	c14
3.40058553049389e-06	-0.953860630781409	0.012	0.086	0.114048837521704	MSRB1	c14
3.41618510138502e-06	-0.356245092103638	0.031	0.118	0.114572015930251	NUDT3	c14
3.41853406396544e-06	0.934260395435756	0.089	0.214	0.114650795437273	CHD9	c14
3.43951702076231e-06	0.5759814460718	0.262	0.52	0.115354521842326	SPN	c14
3.44198745286962e-06	-1.74274331625056	0.012	0.085	0.115437375194341	HCCS	c14
3.46057372793499e-06	0.338481201685469	0.043	0.138	0.116060721687484	FRMD8	c14
3.46492714342464e-06	0.524556500617732	0.105	0.24	0.116206726536176	ARAF	c14
3.49495856258842e-06	-1.13616353438457	0.006	0.074	0.11721392027209	LST1	c14
3.51961165209034e-06	0.318560047910573	0.055	0.158	0.118040735587806	TM9SF1	c14
3.53157633571656e-06	0.557111743616803	0.117	0.258	0.118442007147262	PPP5C	c14
3.55322466352136e-06	-0.507243874648146	0.022	0.101	0.119168048765179	BOD1	c14
3.60982358270296e-06	0.669159053874106	0.098	0.229	0.121066263316692	IARS2	c14
3.615605423738e-06	1.48044521553343	0.495	0.605	0.121260174701325	RNF149	c14
3.62009191195764e-06	0.10195428073651	0.071	0.183	0.121410642543235	MTA2	c14
3.67259956295574e-06	0.579589223502903	0.129	0.278	0.12317164414241	CDC40	c14
3.6826830337699e-06	-0.67300308415195	0.018	0.096	0.123509823586575	NHEJ1	c14
3.71734501709137e-06	0.787693993063183	0.16	0.331	0.12467231718321	PDE4D	c14
3.72265133399034e-06	0.397859260368546	0.043	0.137	0.124850280439368	ZNF414	c14
3.73172695560307e-06	0.117973304316512	0.022	0.101	0.125154658637016	BARD1	c14
3.75121508101598e-06	0.52109885684919	0.083	0.203	0.125808251387114	NSRP1	c14
3.75233647654805e-06	0.675592369471325	0.185	0.378	0.125845860750468	CRLF3	c14
3.75245180264053e-06	-0.251859837178542	0.034	0.122	0.125849728556958	ITPK1	c14
3.75610397507171e-06	-0.386754075540548	0.028	0.111	0.125972215115955	SPINK2	c14
3.77619683181829e-06	0.362560973330039	0.052	0.152	0.126646089345522	EGLN1	c14
3.86393811260913e-06	0.250090799317099	0.102	0.229	0.129588756420685	CDC25B	c14
3.87078801360514e-06	0.113512309898722	0.098	0.226	0.129818488400289	PLA2G16	c14
3.87735446393635e-06	0.920918263423692	0.123	0.271	0.130038714011497	IL12RB1	c14
3.87772326982112e-06	0.663246235097777	0.175	0.36	0.130051083023261	USP16	c14
3.89295504541709e-06	0.555374845459267	0.098	0.229	0.130561926313198	JKAMP	c14
3.90147666678112e-06	4.15043025548217	0.028	0.007	0.130847724450505	POLR2J2	c14
3.90822308417635e-06	0.228232466916059	0.046	0.142	0.131073985797106	TRAF2	c14
3.91643737533627e-06	-0.511336556884613	0.022	0.101	0.131349476694028	MAPK13	c14
3.91815667941318e-06	-0.904332336768031	0.015	0.09	0.131407138714159	PDCD4-AS1	c14
3.92317532770917e-06	0.346239250135226	0.083	0.203	0.13157545414071	C16orf54	c14
3.92584094552069e-06	0.344942341408724	0.074	0.188	0.131664853630873	ALG3	c14
3.94068766341594e-06	-0.33882888488443	0.04	0.131	0.132162782855644	PARD6A	c14
3.9438472189133e-06	0.595742124342531	0.138	0.292	0.132268748027914	SIPA1	c14
3.95352257353086e-06	-1.17280328988369	0.015	0.09	0.132593240071078	NSG1	c14
3.95618563810985e-06	0.189041358475475	0.046	0.142	0.132682553930928	CEACAM21	c14
3.96568131948358e-06	0.50056557499084	0.058	0.162	0.13300102009284	COX11	c14
3.96569659566404e-06	0.57771686424212	0.169	0.346	0.133001532425381	SMC3	c14
3.970680474981e-06	0.291177106616348	0.065	0.173	0.133168681769913	CHID1	c14
3.99001578747837e-06	-0.244966424463269	0.031	0.116	0.133817149480449	ALDH18A1	c14
4.01378596562906e-06	0.599486169222813	0.148	0.31	0.134614353715267	B3GAT3	c14
4.0180147664823e-06	0.415673478523455	0.074	0.187	0.134756179238283	CYB5R4	c14
4.02854690932375e-06	0.640986934977296	0.292	0.577	0.1351094062449	M6PR	c14
4.0358480790393e-06	0.120219625439468	0.046	0.142	0.13535427287482	BOP1	c14
4.05043623601096e-06	0.686127289004613	0.175	0.353	0.135843530483335	SLA2	c14
4.06085529139254e-06	0.824095861090561	0.095	0.223	0.136192964762723	DNAJC2	c14
4.07544554534892e-06	0.723099194632298	0.065	0.173	0.136682292699912	LRRC47	c14
4.07585098309451e-06	0.45287319580792	0.04	0.132	0.136695890271024	NRAS	c14
4.14799470896649e-06	-3.43360467569551	0.003	0.067	0.139115446549318	TTC39C-AS1	c14
4.15785013718693e-06	0.721969668492707	0.105	0.238	0.139445977900975	USP3	c14
4.16793034791063e-06	-0.639344163830966	0.009	0.079	0.139784048008227	SAC3D1	c14
4.21612416999978e-06	-0.100338132824655	0.058	0.161	0.141400372413453	CREBL2	c14
4.22011283654869e-06	0.337441665370333	0.089	0.212	0.14153414431217	COMTD1	c14
4.22615062515201e-06	0.107071104591702	0.108	0.232	0.141736639666348	AREG	c14
4.22752822545899e-06	0.609452489837644	0.028	0.111	0.141782841625443	HRAS	c14
4.30768863228798e-06	0.733524763094209	0.055	0.157	0.144471261349674	CYB561A3	c14
4.3354989404343e-06	0.612795736288166	0.068	0.177	0.145403963464286	NELFA	c14
4.34667457992953e-06	0.734388989046621	0.108	0.243	0.145778772061676	UBAP1	c14
4.36362875428025e-06	0.541585843252394	0.16	0.33	0.146347381161051	PQLC3	c14
4.48083987093392e-06	0.653855275876713	0.203	0.404	0.150278407591382	OSBPL8	c14
4.49561924746594e-06	0.595730183093302	0.062	0.166	0.150774078321513	BCL10	c14
4.4964178399116e-06	0.483778655474102	0.031	0.116	0.150800861514955	EXOC3	c14
4.53032100152888e-06	0.405105877520399	0.055	0.156	0.151937905749275	ZMYND11	c14
4.53156257260745e-06	0.30120103475424	0.046	0.142	0.151979545560109	ZNF720	c14
4.55085011797058e-06	0.615296833480185	0.046	0.142	0.152626411256497	KAT5	c14
4.55295276515608e-06	0.440875693178593	0.025	0.105	0.152696929837804	MRGBP	c14
4.57193597669084e-06	0.302036128718299	0.043	0.137	0.153333588786257	RASSF3	c14
4.57747096098495e-06	0.261561216750044	0.068	0.177	0.153519221089513	ZDHHC3	c14
4.63808496624167e-06	-0.602562730857341	0.018	0.094	0.155552093597813	CYB561	c14
4.63973541899319e-06	0.630107441341599	0.08	0.197	0.155607446482194	SMARCA4	c14
4.66717779434972e-06	0.18404600962884	0.083	0.201	0.156527808866901	GLT8D1	c14
4.73108179125151e-06	0.680876572601092	0.129	0.278	0.158671021114993	SAT2	c14
4.8973979986973e-06	0.254825607303963	0.068	0.174	0.16424893408031	ATF3	c14
4.89762609933512e-06	-0.766932339340265	0.022	0.1	0.164256584119501	C9orf85	c14
4.91425745461298e-06	0.647317192440244	0.151	0.313	0.16481436651281	NFATC3	c14
4.95964382016047e-06	0.951148312895236	0.12	0.263	0.166336534440542	PPP4R3A	c14
4.96296228484649e-06	0.876702199195575	0.178	0.366	0.166447829109182	PMPCB	c14
4.98478724036192e-06	0.6959202106555	0.172	0.352	0.167179794467258	YTHDC1	c14
4.99301151637438e-06	0.569157133917857	0.052	0.151	0.167455620236164	PPM1A	c14
5.00935968753249e-06	0.881564429753631	0.191	0.384	0.168003905200465	PTPN2	c14
5.02266618042564e-06	0.405481294576953	0.062	0.166	0.168450178359115	FN3KRP	c14
5.02941541293388e-06	-0.586223565447795	0.018	0.094	0.168676534118976	SOCS4	c14
5.0352268411141e-06	0.578441423312859	0.086	0.207	0.168871437797285	UNC119	c14
5.05385975064437e-06	0.57024312257665	0.049	0.146	0.169496348317111	TBRG4	c14
5.08206600999949e-06	1.03494593731565	0.108	0.243	0.170442329843363	UBN1	c14
5.09636707953608e-06	0.177640132775872	0.034	0.12	0.170921959113481	PTS	c14
5.1162055111959e-06	0.417054839408539	0.098	0.224	0.171587300434488	BCAS4	c14
5.12172271096692e-06	0.568814475613278	0.062	0.166	0.171772336280409	MARK2	c14
5.14875340538877e-06	0.872490760029683	0.166	0.342	0.172678891709928	FIP1L1	c14
5.16037111234417e-06	0.472800495269128	0.04	0.131	0.173068526365799	GSR	c14
5.17709134117094e-06	0.632363441424603	0.117	0.258	0.173629289400191	C1GALT1	c14
5.19032153340803e-06	0.414180546502619	0.083	0.2	0.174073003587438	CASP3	c14
5.19076647126801e-06	0.777584157879248	0.105	0.237	0.174087925913386	AP3D1	c14
5.19913276657217e-06	-0.489389872799375	0.025	0.105	0.174368514725297	SERTAD3	c14
5.20019695217934e-06	0.673631317418513	0.172	0.353	0.174404205382191	SUMF2	c14
5.20299780460621e-06	0.620410247374087	0.04	0.131	0.174498140370883	ZNF280D	c14
5.22737878106896e-06	0.525303617503071	0.117	0.255	0.175315829559491	CHMP7	c14
5.25030918609799e-06	0.456883172465894	0.071	0.18	0.176084869483354	TDP2	c14
5.27517479740448e-06	0.889131556613949	0.142	0.298	0.176918812355351	FBXL5	c14
5.27962284889257e-06	0.671833972046389	0.16	0.329	0.177067991106159	S1PR4	c14
5.32701685412815e-06	-0.398783279936162	0.015	0.089	0.17865749125375	BRI3BP	c14
5.35843247940697e-06	0.499711206752769	0.068	0.176	0.179711108494351	DTX3L	c14
5.41194920722735e-06	0.81973380305738	0.197	0.398	0.181505952511991	DERL1	c14
5.42185607422824e-06	0.674452672205726	0.302	0.597	0.181838209017467	PSAP	c14
5.43516323651508e-06	-0.405522611320174	0.298	0.439	0.182284504626243	CCL4	c14
5.46335964192912e-06	0.304922815507692	0.037	0.125	0.183230155671019	HAUS2	c14
5.50737105250924e-06	-0.844049660513116	0.018	0.094	0.184706210359055	ALDOC	c14
5.53557348411389e-06	0.568287454321392	0.114	0.252	0.185652063510212	CCDC47	c14
5.55811569333048e-06	0.330263763292486	0.049	0.145	0.186408084122918	CRKL	c14
5.5703414960008e-06	0.822794467128488	0.111	0.246	0.186818113092875	SUPT20H	c14
5.59685602331126e-06	0.168929435549223	0.058	0.16	0.187707357309813	PIGF	c14
5.66618959845698e-06	-0.926310834754226	0.025	0.104	0.19003266675305	PTRH2	c14
5.69326063819787e-06	-0.885116768417448	0.015	0.088	0.19094057528388	LRRC42	c14
5.72041745325603e-06	-0.460634222780031	0.028	0.109	0.191851360547301	ZBED1	c14
5.73739419457214e-06	0.443796472047144	0.098	0.226	0.192420726497561	ATXN7L3B	c14
5.8238729175327e-06	-1.0676530956504	0.015	0.088	0.195321049908212	FUT11	c14
5.92224233144709e-06	0.289260202982458	0.055	0.155	0.198620163312072	RNF146	c14
5.98067573392584e-06	0.477271086681074	0.052	0.15	0.200579902764405	CASP8AP2	c14
6.01952758271093e-06	0.570695217943291	0.114	0.25	0.201882916068959	YDJC	c14
6.0591550030433e-06	-0.781339051793108	0.012	0.082	0.203211940492066	GPR35	c14
6.07806867969365e-06	0.720918420425747	0.08	0.195	0.203846267379566	GTPBP4	c14
6.08303138671414e-06	0.882326048434184	0.129	0.277	0.204012706647619	SATB1	c14
6.08940657867023e-06	0.137231127865356	0.028	0.109	0.204226517835442	LMNB2	c14
6.09155766698537e-06	0.566988368484922	0.191	0.375	0.204298661035355	GBP1	c14
6.09667934445066e-06	0.547341047827376	0.095	0.219	0.204470431854186	RCC1	c14
6.12953370381485e-06	0.452211084466342	0.08	0.195	0.205572301358543	BCAP29	c14
6.14294776134188e-06	0.214210424376539	0.425	0.797	0.206022182019884	EIF4A2	c14
6.15457261670376e-06	0.692102123835931	0.111	0.247	0.206412056419011	COMMD1	c14
6.16816801794497e-06	0.10987079242135	0.037	0.124	0.206868018985839	TRUB2	c14
6.18606408917376e-06	0.456345480775489	0.068	0.173	0.20746821742271	MCM5	c14
6.22097393971846e-06	1.09187688530506	0.098	0.226	0.208639023990278	COMMD2	c14
6.26652811859578e-06	0.502810806146222	0.194	0.387	0.210166820041465	APMAP	c14
6.32014763630655e-06	-0.877775968082664	0.018	0.093	0.211965111426449	PATZ1	c14
6.33246259685649e-06	-1.44492327469196	0.006	0.071	0.212378130573373	CENPH	c14
6.33734063547253e-06	-0.298825462836519	0.031	0.114	0.212541730232478	RFC2	c14
6.41027268485962e-06	0.505148476273749	0.074	0.184	0.214987725304822	RPP30	c14
6.47872330508058e-06	-0.181171392532226	0.034	0.119	0.217283422205793	ZDHHC4	c14
6.48762555861985e-06	-0.254412914761476	0.049	0.143	0.217581985984993	DUSP10	c14
6.54665746653988e-06	0.270506545456608	0.031	0.114	0.219561798112815	COG2	c14
6.57071251620825e-06	0.48929398342171	0.095	0.22	0.220368556368592	GANAB	c14
6.6047619552942e-06	0.399058066316741	0.083	0.2	0.221510506456657	TRIM21	c14
6.66141616281611e-06	0.369132653579945	0.031	0.114	0.223410575268527	RNF38	c14
6.71518583100464e-06	0.319366639733749	0.046	0.139	0.225213902400234	FUOM	c14
6.71971909995221e-06	0.399572990759653	0.04	0.129	0.225365939174197	PHTF1	c14
6.85548841804075e-06	-0.895344771203573	0.022	0.098	0.229919370564251	FBLN5	c14
6.86954944609147e-06	0.310429581073631	0.022	0.098	0.230390949323016	APOBEC3F	c14
6.9178931971844e-06	2.9227107546909	0.138	0.081	0.23201230204717	SLC8B1	c14
6.96701192378963e-06	-0.210126722132337	0.028	0.107	0.233659645900057	HLA-DQA1	c14
7.01203308666152e-06	-2.78577860676833	0.003	0.065	0.235169565660454	SFR1	c14
7.03613073171263e-06	0.614746981864375	0.055	0.154	0.235977752480178	DDX1	c14
7.05645308594881e-06	-2.62618558581837	0.003	0.065	0.236659323596551	CDK2	c14
7.13474107247997e-06	0.77953118033119	0.209	0.414	0.239284946088833	U2SURP	c14
7.1511723070343e-06	0.809518239891886	0.148	0.305	0.239836016833316	FKBP5	c14
7.18339106935988e-06	0.646857668470505	0.043	0.134	0.240916569684192	RFK	c14
7.21238251722893e-06	0.887802764533385	0.068	0.174	0.241888884862824	EED	c14
7.23880660393591e-06	0.126059638670076	0.434	0.772	0.242775095882802	CKLF	c14
7.29238198494319e-06	0.526664630915751	0.055	0.154	0.244571907011025	PHF19	c14
7.326180068791e-06	0.356107052353284	0.117	0.254	0.245705427147112	TVP23B	c14
7.33651716263189e-06	-0.303398413651708	0.025	0.103	0.246052112600348	NT5C3B	c14
7.3688400638713e-06	-0.879936422941478	0.015	0.087	0.247136158062116	AC020915.3	c14
7.38456068378761e-06	-0.989257404406276	0.018	0.092	0.247663396212869	EIF5A2	c14
7.40847316343229e-06	0.279515638472269	0.068	0.173	0.248465372955192	REEP3	c14
7.44717717993995e-06	-0.342372085154835	0.031	0.113	0.249763428260826	MAD2L1BP	c14
7.53669680242199e-06	0.887611814105352	0.089	0.208	0.252765737359629	KDM6B	c14
7.55765461384909e-06	0.670816669295931	0.12	0.259	0.253468620439271	RNF13	c14
7.58262649375757e-06	0.403367774907598	0.025	0.103	0.254306127347641	PAK1IP1	c14
7.59107883255383e-06	0.274617309644203	0.058	0.158	0.25458960188619	ZC3H11A	c14
7.68762011533626e-06	0.285279804116845	0.052	0.148	0.257827403428147	POLR1C	c14
7.72188580972219e-06	-0.519637656933134	0.015	0.087	0.258976606286463	THOP1	c14
7.72263613882277e-06	0.18800118591815	0.043	0.133	0.259001770823838	ZC3H14	c14
7.72773880837643e-06	0.615969495008658	0.068	0.174	0.259172904155329	TOM1	c14
7.8474496411381e-06	0.443385957413139	0.055	0.153	0.26318776606449	MVD	c14
7.84911603422475e-06	0.370900635061274	0.037	0.123	0.26324365355583	ACSL4	c14
7.99378300995423e-06	0.321272473497361	0.068	0.173	0.268095494587845	ELP6	c14
8.03494354905241e-06	0.862338318808074	0.083	0.199	0.26947593674812	NPRL2	c14
8.08051201361661e-06	0.860543415902815	0.16	0.329	0.271004211912674	SNRPA1	c14
8.09310336855857e-06	0.61130783061795	0.046	0.138	0.271426500774717	HDGFL2	c14
8.10869972222292e-06	0.306583250951455	0.338	0.622	0.271949571283912	TRAC	c14
8.10948045726028e-06	-0.883691408193291	0.006	0.07	0.271975755575595	ARL8A	c14
8.11749367904239e-06	0.543686889829822	0.117	0.253	0.272244503007724	SECISBP2L	c14
8.18691490548065e-06	0.51741559077931	0.052	0.148	0.27457275210001	RXRB	c14
8.20426641032845e-06	2.30969493867102	0.348	0.333	0.275154686869596	CEMIP2	c14
8.21862365374948e-06	0.683740108485651	0.074	0.183	0.27563620009945	SLC4A1AP	c14
8.24901462828715e-06	0.48504203474124	0.074	0.183	0.276655452603494	NFATC1	c14
8.28394015006609e-06	0.698075811294315	0.055	0.153	0.277826784752917	DNAJC21	c14
8.29162496384625e-06	-0.550438043596851	0.025	0.102	0.278084518037475	ABRAXAS1	c14
8.30504919756509e-06	0.310641130189125	0.031	0.113	0.278534739987938	USP30-AS1	c14
8.32489439483561e-06	0.677307287973128	0.108	0.238	0.279200308213997	FAM120AOS	c14
8.33380593140381e-06	0.564714169574533	0.126	0.269	0.279499183327421	RTN3	c14
8.4233856736557e-06	0.65854217689032	0.098	0.223	0.282503508723065	MAD1L1	c14
8.45668998424028e-06	0.229878254378918	0.031	0.112	0.283620468691451	CASP6	c14
8.47987964941136e-06	0.725843788718297	0.074	0.183	0.284398203681958	FBXW2	c14
8.70272224180762e-06	-1.13631212146872	0.018	0.091	0.291871898545744	TFB2M	c14
8.7163739671099e-06	0.425836353265253	0.077	0.188	0.292329750108932	MRPS22	c14
8.71804509000468e-06	1.09187674304576	0.08	0.194	0.292385796228577	ALG5	c14
8.72079378504695e-06	0.115274060302539	0.052	0.147	0.292477981962905	EEF1AKMT2	c14
8.7330175570878e-06	0.391024828488649	0.034	0.117	0.292887942829611	ZNRF1	c14
8.73488759981832e-06	1.03544221923501	0.157	0.317	0.292950660322707	ERN1	c14
8.76435972816154e-06	-0.133371737570284	0.022	0.097	0.293939096563082	BNIP1	c14
8.80089320954326e-06	0.706778079220903	0.046	0.138	0.295164356461662	RANGAP1	c14
8.82710578947793e-06	0.691462692922694	0.203	0.402	0.296043473967511	WDR33	c14
8.90058685787966e-06	0.709501412872862	0.031	0.112	0.298507882039568	CGRRF1	c14
8.98914413201084e-06	0.760769882943328	0.163	0.33	0.30147791589938	LPIN2	c14
8.99287425081476e-06	-0.119656772043343	0.034	0.117	0.301603016623825	NKAPD1	c14
9.01108649617171e-06	0.636989513425807	0.074	0.183	0.302213818908607	COPS7A	c14
9.0491878021364e-06	-1.13206922632056	0.012	0.08	0.303491660508051	IL4I1	c14
9.06989882747264e-06	0.659857892951033	0.178	0.357	0.304186266875778	CD82	c14
9.13831829687277e-06	0.747365147170544	0.258	0.51	0.306480919040519	SDF4	c14
9.17098205205472e-06	0.60962308932673	0.086	0.202	0.307576396061811	MEI1	c14
9.18445477889924e-06	0.336118911273206	0.062	0.162	0.308028244374723	DNAJB2	c14
9.19332374537641e-06	-0.398609835324604	0.012	0.08	0.308325691772434	GATC	c14
9.32279300545362e-06	-0.90147873258754	0.012	0.08	0.312667831816903	LINC02001	c14
9.45953739578094e-06	0.499178362563949	0.065	0.167	0.317253965179701	TRAP1	c14
9.46998895124387e-06	0.569719250677784	0.046	0.137	0.317604489446817	DCUN1D1	c14
9.47061016969785e-06	0.573225081701689	0.04	0.127	0.317625323871326	RASSF2	c14
9.50383827514178e-06	0.665333235848288	0.102	0.227	0.318739728071705	GUSB	c14
9.56229052711493e-06	0.56731918517798	0.068	0.172	0.32070009969838	HACD3	c14
9.61793504485845e-06	0.418267636748893	0.098	0.221	0.322566305534463	VHL	c14
9.6812752015702e-06	0.556181768707281	0.262	0.51	0.324690607710261	TMCO1	c14
9.70116556878256e-06	-1.91589899887419	0.003	0.063	0.325357690845829	PCLAF	c14
9.74392732640062e-06	0.686629412999169	0.105	0.233	0.326791834672824	ARFGAP2	c14
9.7816741335875e-06	0.568554647075785	0.058	0.157	0.328057787092257	WDR45B	c14
9.82349824819713e-06	1.2641131999569	0.548	0.701	0.329460484248035	FYN	c14
9.84735171272128e-06	0.586925060504713	0.092	0.211	0.330260481741246	HLA-DMA	c14
9.88551083753875e-06	0.788931969000885	0.077	0.188	0.331540262469375	BBIP1	c14
9.90980388945947e-06	0.726549026659847	0.123	0.263	0.332355002844692	DCAF11	c14
9.92548078145024e-06	0.421737317732992	0.049	0.142	0.332880774448278	RAP2B	c14
9.94580664143991e-06	0.58308096192617	0.092	0.212	0.333562463140612	STAT6	c14
9.95160331473823e-06	0.529964189585299	0.052	0.147	0.333756871969691	NME6	c14
9.97482629929907e-06	0.690538884744714	0.037	0.121	0.334535724425892	POMZP3	c14
9.99958046118422e-06	0.761308586100296	0.111	0.242	0.335365929507196	THAP7	c14
1.00351842438602e-05	0.317481300506003	0.071	0.177	0.336560009170585	RDH14	c14
1.00788305782474e-05	0.468175487854816	0.058	0.157	0.338023819933261	GABPB1	c14
1.01151255008725e-05	1.09735829829319	0.591	0.812	0.339241079048262	SON	c14
1.01280961477819e-05	0.407114504797486	0.08	0.191	0.339676088604309	PEX11B	c14
1.01693677829707e-05	0.682416070525515	0.074	0.182	0.341060256705271	GART	c14
1.0281351374417e-05	0.596703453040649	0.052	0.147	0.344815962395197	INTS14	c14
1.03540357794971e-05	0.131929567180542	0.037	0.121	0.347253651972774	GPANK1	c14
1.03719115583157e-05	0.453063544718	0.046	0.137	0.347853169842792	STXBP3	c14
1.03991284702344e-05	0.242136134155257	0.046	0.136	0.34876597063472	CDKN2AIPNL	c14
1.04716221815737e-05	-0.39858661208867	0.015	0.085	0.351197264725619	DLAT	c14
1.05128826997183e-05	0.451047150249636	0.052	0.147	0.352581059983154	ATL3	c14
1.05216340253464e-05	0.404207082551796	0.102	0.225	0.352874561942068	IRF2BP2	c14
1.05600239279794e-05	-1.28063925779481	0.012	0.079	0.354162082496574	PET117	c14
1.05680807542786e-05	0.456685967656183	0.046	0.136	0.354432292336995	VAPB	c14
1.0603258064669e-05	-5.05008870038286	0	0.056	0.355612068972868	CALHM6	c14
1.08056840001475e-05	-2.51733404575222	0.006	0.068	0.362401029996948	CCDC184	c14
1.08110311727543e-05	0.409975905927422	0.043	0.131	0.362580363471834	COMMD3	c14
1.08155665115442e-05	2.00621561639654	0.36	0.357	0.362732469664168	TCIRG1	c14
1.0889587177363e-05	0.138581356059217	0.049	0.141	0.3652149747544	MIS12	c14
1.09572285039768e-05	0.59927429556039	0.218	0.419	0.367483529566373	CCND2	c14
1.10350716207835e-05	0.81394422820143	0.105	0.23	0.370094232017837	PFKFB3	c14
1.1075601296678e-05	-1.00631900951908	0.015	0.085	0.371453516287986	BAG2	c14
1.10873719911453e-05	0.108729802836972	0.037	0.121	0.371848281839031	HSD17B4	c14
1.11192652930489e-05	-0.648195845828701	0.022	0.095	0.372917919398273	MTFMT	c14
1.12101660890538e-05	0.663391779977955	0.098	0.221	0.375966550294687	CUL1	c14
1.14161360889476e-05	0.83361851288305	0.092	0.21	0.382874372151124	CKAP2	c14
1.14516458705433e-05	0.398059575660257	0.037	0.12	0.384065299206281	ZNF138	c14
1.15242705157291e-05	0.334724017534055	0.065	0.166	0.386500984556523	CANT1	c14
1.17024475012294e-05	-0.237047372947298	0.022	0.095	0.392476684296232	CETN3	c14
1.17303165455134e-05	0.493883286287088	0.089	0.206	0.393411356303427	TMEM170A	c14
1.17668147956003e-05	0.774336216082713	0.237	0.463	0.394635434614843	ACAP2	c14
1.17790138075657e-05	0.483308829078309	0.083	0.196	0.395044565078137	TRIM11	c14
1.17824303568954e-05	-0.176303896732855	0.037	0.121	0.395159149309558	MAGED1	c14
1.1988647259414e-05	0.635167979442905	0.068	0.171	0.402075251786228	LRRC41	c14
1.20250519461086e-05	0.343319310027126	0.04	0.126	0.403296192168589	RNF14	c14
1.20682259467052e-05	-2.67706886059962	0.003	0.062	0.404744161800598	RIDA	c14
1.21097027041419e-05	0.470244177788455	0.286	0.545	0.40613520929151	PRMT2	c14
1.22523354228315e-05	-0.8534481526211	0.012	0.079	0.410918825410922	TRIB3	c14
1.24129596702502e-05	0.111062313015835	0.046	0.135	0.416305841420852	NANS	c14
1.24140268111062e-05	-0.430953404149838	0.012	0.079	0.416341631190881	RFC5	c14
1.24537694187403e-05	0.613145785633585	0.086	0.2	0.417674518765713	MED6	c14
1.24896588135818e-05	0.309017767845103	0.308	0.567	0.418878177289907	IL2RB	c14
1.25821108078193e-05	0.283440716973699	0.058	0.155	0.421978832272645	PGRMC1	c14
1.26013023817153e-05	0.957983513536168	0.132	0.276	0.422622479277966	PLK3	c14
1.27568310434984e-05	0.333823651001011	0.055	0.15	0.427838599536848	HIC1	c14
1.27717611538459e-05	-0.182783411558376	0.037	0.12	0.428339325577683	RRAGC	c14
1.27790881357938e-05	0.324515257466626	0.409	0.754	0.428585057898252	MSN	c14
1.29272807745683e-05	-0.246432143489362	0.015	0.084	0.433555142617472	ATF5	c14
1.29519473476824e-05	0.789986741716647	0.117	0.251	0.434382410146572	NT5C3A	c14
1.31722408321019e-05	0.137239487770465	0.025	0.1	0.441770613027035	MRPL12	c14
1.32202952910096e-05	0.638711626384256	0.154	0.31	0.443382263469881	IDI1	c14
1.32502278747193e-05	0.493679706843254	0.12	0.255	0.444386142462334	CLK3	c14
1.33294225422672e-05	0.736836183685319	0.077	0.185	0.447042173222556	DCTN6	c14
1.33759747809773e-05	-0.124682803731769	0.025	0.099	0.448603442204418	TUBG1	c14
1.34827754894344e-05	-0.11487249067943	0.028	0.105	0.45218532436465	PAQR8	c14
1.34845891908138e-05	-0.385616419988434	0.015	0.083	0.452246152281512	NUDT15	c14
1.35398554718658e-05	0.216801392739249	0.065	0.164	0.454099672815434	TMEM204	c14
1.35534036308615e-05	0.670141521196113	0.071	0.175	0.454554050971834	HTRA2	c14
1.35618619119667e-05	0.42267114452928	0.034	0.114	0.454837724803539	C17orf49	c14
1.36870205229911e-05	0.761356883456532	0.114	0.246	0.459035294300074	DNAJB11	c14
1.39395773963893e-05	0.222583309349514	0.071	0.173	0.467505546720105	TOB1	c14
1.39603987528785e-05	0.75370505518078	0.065	0.164	0.46820385337404	ILF3-DT	c14
1.40176138156225e-05	-0.332383086044604	0.034	0.114	0.470122732148348	REEP4	c14
1.42402019563145e-05	0.232168314304474	0.04	0.124	0.477587893210877	BAG4	c14
1.4310729145215e-05	0.45767625985512	0.049	0.14	0.479953234072221	EIF2B2	c14
1.4366535442802e-05	0.277561733074179	0.04	0.124	0.481824865680694	AL118516.1	c14
1.44369622618272e-05	0.983909321321601	0.08	0.19	0.484186840337159	MNAT1	c14
1.44519856098564e-05	0.7152225113578	0.083	0.195	0.484690693383365	KIAA1143	c14
1.46375961808211e-05	-0.588011741330723	0.009	0.072	0.490915700712379	CPNE7	c14
1.46956345861491e-05	-0.107091462584854	0.043	0.129	0.492862192750269	AC090152.1	c14
1.47157930782472e-05	-4.7651879287429	0	0.055	0.493538268258254	CCDC86	c14
1.4732808336399e-05	0.634119780283095	0.086	0.2	0.494108925986149	NEPRO	c14
1.49572222840822e-05	-2.16103932582535	0.006	0.066	0.50163532096355	FAH	c14
1.49667139318263e-05	-1.214617278499	0.009	0.072	0.501953651845592	SCPEP1	c14
1.50549365351818e-05	0.613113927687746	0.129	0.267	0.504912461516927	NEU1	c14
1.50635528769037e-05	0.624364700879461	0.117	0.25	0.505201436385595	TOR1A	c14
1.52227280367791e-05	0.8587837963417	0.089	0.203	0.510539852897496	NMT1	c14
1.5466454889331e-05	0.366101085143282	0.046	0.134	0.518713964078384	COPS7B	c14
1.5682246859273e-05	0.404734418574884	0.049	0.139	0.525951195166297	MCFD2	c14
1.58407641492878e-05	1.58732573609142	0.483	0.592	0.531267548038813	STAT3	c14
1.58656875402339e-05	0.816174289855611	0.074	0.179	0.532103428724365	TRAF3	c14
1.59027733759948e-05	-1.23140832206038	0.012	0.077	0.533347213484113	TRAV4	c14
1.59300495166364e-05	0.837635681597849	0.068	0.169	0.53426200068895	TOB2	c14
1.59670050765223e-05	0.463371138699737	0.043	0.129	0.535501416256406	NKIRAS2	c14
1.5980333206918e-05	-0.152372536246168	0.012	0.077	0.535948415093617	APBA2	c14
1.60398494659121e-05	0.589810542871293	0.206	0.404	0.53794447138776	LAPTM4A	c14
1.6045744226192e-05	0.826762308507379	0.126	0.265	0.538142169858029	ACSL5	c14
1.60542671634323e-05	0.311531441386926	0.043	0.129	0.538428012127192	APOL2	c14
1.60739027414288e-05	0.514321230606548	0.043	0.129	0.539086550142039	ZBTB7B	c14
1.63272731029452e-05	0.82670540318878	0.105	0.227	0.547584085326577	SLF1	c14
1.63606488590548e-05	0.295421315897242	0.058	0.154	0.548703441434978	MLST8	c14
1.64195475285528e-05	0.779020238233155	0.243	0.469	0.550678785012603	UBAC2	c14
1.64381800042519e-05	0.562328217067789	0.052	0.144	0.551303680982601	CSTF1	c14
1.64440329377739e-05	-0.536083966341558	0.018	0.088	0.55149997666706	IFI44	c14
1.64917267060231e-05	0.307721670878195	0.068	0.169	0.553099530266602	PPP1R35	c14
1.65309634124843e-05	-2.93195422531701	0.003	0.06	0.5544154509279	NT5E	c14
1.65621729531821e-05	0.922061657682594	0.132	0.274	0.555462156503823	ZNF644	c14
1.66775778018084e-05	0.697098788681602	0.065	0.163	0.559332604317051	CCDC137	c14
1.67132022145127e-05	-0.358544131965862	0.043	0.128	0.560527375870327	ZNF880	c14
1.67357663050995e-05	0.334333458932155	0.065	0.163	0.561284130340428	TMEM216	c14
1.68702803152517e-05	0.313499332981959	0.36	0.68	0.565795461212911	BCAP31	c14
1.69025576815188e-05	0.741581297611058	0.058	0.153	0.566877979522777	ADIPOR2	c14
1.69285692728965e-05	-0.183478765069232	0.015	0.082	0.567750356274403	RNF141	c14
1.7130311171046e-05	0.754310271389417	0.228	0.436	0.57451637605454	NSMCE3	c14
1.71637347817661e-05	0.230691250523437	0.077	0.182	0.575637337110872	PYGO2	c14
1.73700343083985e-05	0.658190312153969	0.086	0.198	0.582556210635069	CXXC1	c14
1.73930610893834e-05	-0.125962941200084	0.037	0.118	0.583328482815741	C11orf1	c14
1.7459516107828e-05	0.720342109612962	0.108	0.233	0.585557251224334	PRKAR2A	c14
1.74598457275074e-05	0.871637398193205	0.117	0.248	0.585568306009144	TRIP11	c14
1.75038992158243e-05	0.89502845554928	0.089	0.202	0.587045771900315	ARHGAP17	c14
1.769052896691e-05	0.293895094649662	0.058	0.153	0.593304960492229	GLE1	c14
1.77705314432257e-05	0.224684152969901	0.028	0.103	0.595988083542903	KCMF1	c14
1.78130248203841e-05	0.741976242198732	0.135	0.28	0.59741322642604	SMC1A	c14
1.81217431499091e-05	-0.712966557736908	0.012	0.076	0.607767021761651	SEPHS1	c14
1.8239056759779e-05	0.612227271841097	0.049	0.138	0.611701485609467	C6orf47	c14
1.8338658056628e-05	0.662977935164069	0.086	0.198	0.615041913903189	SLC25A32	c14
1.84716141630287e-05	0.474093334587526	0.062	0.158	0.619500995799656	CPSF2	c14
1.84986169942144e-05	0.670531634249269	0.065	0.163	0.620406616751962	EHMT2	c14
1.85011317215407e-05	0.52254324354685	0.065	0.163	0.62049095567703	SMG7	c14
1.85058596240302e-05	-0.515669668191753	0.018	0.087	0.620649520070726	THG1L	c14
1.85123484286263e-05	0.609886411160851	0.049	0.138	0.620867141599269	HIF1AN	c14
1.8599020036004e-05	0.688638713550918	0.114	0.243	0.623773933967502	YARS	c14
1.87053383454678e-05	0.455323034559514	0.08	0.187	0.627339637430298	AGAP2	c14
1.87739587351289e-05	0.682670588006685	0.274	0.519	0.629641028058752	THEMIS	c14
1.87932191369924e-05	-0.176550011731004	0.046	0.132	0.630286983416451	ZBTB2	c14
1.89563678659871e-05	0.586761645822459	0.311	0.593	0.635758665489475	RBL2	c14
1.90358207168749e-05	0.708735901741901	0.055	0.148	0.63842335520255	ADPRHL2	c14
1.90644485207487e-05	0.775185963903161	0.135	0.28	0.639383474488871	API5	c14
1.92203583569332e-05	0.382700295928275	0.046	0.132	0.644612378574825	CA5B	c14
1.92674304715098e-05	-0.253882594415068	0.031	0.107	0.646191083153497	CARD8-AS1	c14
1.93702367320328e-05	0.191377098493059	0.025	0.097	0.649638999518915	C8orf33	c14
1.94580962957374e-05	0.606720757857905	0.04	0.123	0.652585633566442	HDHD2	c14
1.94820931758594e-05	0.732634911091712	0.077	0.182	0.653390440931971	IKBIP	c14
1.95510737363278e-05	-0.622757667885284	0.015	0.082	0.655703910968962	PRUNE1	c14
1.95935028448626e-05	-0.279044535205977	0.028	0.102	0.657126898411002	FAM222B	c14
1.96524213753036e-05	0.885231302707611	0.163	0.324	0.659102908084933	SRRT	c14
1.97035558570369e-05	0.694952932336681	0.068	0.167	0.660817856333303	ASMTL	c14
1.97460725638765e-05	0.589225580719059	0.074	0.177	0.662243781647289	RABEP1	c14
1.98128403257463e-05	-1.08366568806664	0.003	0.059	0.664483038844878	TRUB1	c14
1.98912626343508e-05	0.878037595607245	0.111	0.238	0.667113166230857	ASCC2	c14
1.99232319474047e-05	0.555050125882704	0.105	0.227	0.668185353052059	KIF22	c14
2.0004885189623e-05	-1.03434912259491	0.009	0.07	0.670923839489575	DHRS4-AS1	c14
2.00434728445188e-05	0.562079949548931	0.046	0.133	0.672217992259471	MAP3K7	c14
2.01697669521984e-05	0.748622204534019	0.065	0.162	0.67645364404283	CAAP1	c14
2.02130663362852e-05	0.675445757127883	0.074	0.177	0.677905818786332	MAP2K7	c14
2.02194911658015e-05	0.717885784494847	0.237	0.461	0.67812129471865	RSRC2	c14
2.02196616212471e-05	0.62318792429467	0.052	0.143	0.678127011453384	MTHFD1	c14
2.02690173361617e-05	0.876002979045424	0.166	0.331	0.679782303420192	WAPL	c14
2.03481355466933e-05	-0.355880026193728	0.022	0.092	0.682435769964999	WDR89	c14
2.03767168641862e-05	-0.183645026990559	0.022	0.092	0.683394330191076	NRM	c14
2.04019080777529e-05	-0.342733153203314	0.022	0.092	0.684239193111675	ZFYVE21	c14
2.04446118952208e-05	0.664272031219511	0.049	0.137	0.685671393741916	SHISAL2A	c14
2.04741417377097e-05	0.647783545560955	0.043	0.128	0.686661765599309	MKNK1	c14
2.06070316304019e-05	0.218623796420431	0.074	0.176	0.691118626820419	PLEKHA3	c14
2.06637934839859e-05	-0.598430404129668	0.022	0.091	0.69302230586592	C1orf162	c14
2.06883027619701e-05	0.319646031392462	0.04	0.122	0.693844298030954	METTL21A	c14
2.07666066753475e-05	0.889849597623693	0.157	0.314	0.696470454677805	ARRDC1	c14
2.08162875587949e-05	0.456929365805895	0.308	0.571	0.698136652146863	CD27	c14
2.08637591373784e-05	0.476281045143898	0.068	0.167	0.699728753949395	PLEKHA2	c14
2.08787519045431e-05	0.677647541410623	0.105	0.227	0.700231581374568	IP6K2	c14
2.10181409931612e-05	0.639812596505078	0.145	0.294	0.704906412628639	HADHB	c14
2.11248747998395e-05	0.643739562016143	0.188	0.364	0.708486051037016	TTC3	c14
2.11659718993789e-05	0.973223336701711	0.077	0.182	0.70986436556137	RRN3	c14
2.11699418982781e-05	0.929053749834212	0.151	0.305	0.709997511384451	FUBP1	c14
2.12970979394326e-05	0.532367660856296	0.178	0.35	0.71426207069269	SELENOS	c14
2.13683983784406e-05	0.488471397275393	0.095	0.211	0.716653344816139	GNA13	c14
2.14189518219068e-05	-0.659799717800846	0.022	0.091	0.71834880620311	MSH6	c14
2.1676954505335e-05	0.710272460916003	0.132	0.271	0.727001700199924	RPS6KA3	c14
2.17123871060532e-05	-0.435476228620761	0.025	0.096	0.728190038762811	KLHDC7B	c14
2.17869667360244e-05	0.327066543281477	0.052	0.142	0.730691290392785	TMEM11	c14
2.18141109262121e-05	0.148465029269283	0.037	0.117	0.731601652243303	ARFIP1	c14
2.18938621184636e-05	0.696068316934042	0.08	0.186	0.734276347729032	FAM120A	c14
2.19164299274638e-05	0.960772537747222	0.148	0.299	0.735033226907281	CNOT6L	c14
2.19835466009479e-05	-0.743274811347716	0.012	0.075	0.737284185902591	LXN	c14
2.20103164919673e-05	0.174358762826397	0.04	0.122	0.7381819945076	WDR5	c14
2.22350394477954e-05	0.257300940811235	0.034	0.112	0.745718753000161	STX7	c14
2.22649831718053e-05	0.6147245711058	0.185	0.36	0.746723005616006	PHF1	c14
2.23283701490762e-05	0.571064330268497	0.031	0.107	0.748848878059717	EIF2B3	c14
2.23439178511259e-05	0.129715724272728	0.043	0.127	0.74937031689106	ELOA	c14
2.24680726158027e-05	-0.622057835138758	0.012	0.075	0.75353421938879	SLC25A4	c14
2.24716582396395e-05	0.876468715233756	0.188	0.37	0.753654474041031	TAOK3	c14
2.25973020914688e-05	0.976730862956393	0.169	0.334	0.75786831754368	RELB	c14
2.26231960104458e-05	0.316118502278804	0.292	0.512	0.75873674779833	TRBC1	c14
2.28322139572463e-05	0.396672824249823	0.058	0.152	0.765746791698128	FADD	c14
2.30497876732485e-05	0.56834941940061	0.105	0.226	0.773043778985409	MBD4	c14
2.32877709604825e-05	-0.197244115990059	0.043	0.126	0.781025262472662	TMEM127	c14
2.34225148803484e-05	0.398811664971356	0.055	0.146	0.785544304057126	LINC00847	c14
2.359292651012e-05	-0.229890375361285	0.028	0.101	0.791259569296405	C2orf69	c14
2.36470401850423e-05	1.00162360058234	0.068	0.167	0.793074433725947	EFTUD2	c14
2.37238912100406e-05	0.726080351117588	0.163	0.319	0.795651863402341	GPR171	c14
2.37528855551545e-05	1.02948801004652	0.163	0.326	0.796624275748771	CEP57	c14
2.39718966080526e-05	0.593079387340881	0.108	0.23	0.803969468440867	AKTIP	c14
2.40974911961081e-05	-1.80301127116123	0.009	0.069	0.808181659735073	BRD3OS	c14
2.4273683851609e-05	0.736523716771311	0.172	0.341	0.814090809015263	LMBRD1	c14
2.43179190792337e-05	0.961971600610696	0.111	0.237	0.815574370079341	SACM1L	c14
2.44540043467573e-05	0.225886692434851	0.04	0.121	0.820138397781546	NCAPD2	c14
2.45677884276143e-05	0.375657817352755	0.065	0.161	0.823954488285328	PHF23	c14
2.46158442096815e-05	0.375451477477112	0.065	0.161	0.825566183104297	RSPRY1	c14
2.469186348499e-05	0.816980870048925	0.108	0.231	0.828115717559595	ERCC5	c14
2.49262139995106e-05	2.34956347739968	0.274	0.231	0.835975365115586	IL6ST	c14
2.49480735261111e-05	-0.503779315178903	0.028	0.101	0.836708489918715	FBXO31	c14
2.49817904841765e-05	0.160576728933224	0.025	0.096	0.837839289258312	CCDC6	c14
2.51800214693847e-05	0.64154834339522	0.105	0.226	0.844487560040223	POLDIP3	c14
2.53512991617041e-05	-4.74455672618889	0	0.052	0.850231871285232	CENPU	c14
2.54195696645962e-05	0.163160504138342	0.04	0.121	0.852521527411227	PRKAR1B	c14
2.55392935692439e-05	-0.970585211399751	0.009	0.069	0.856536827725301	GGACT	c14
2.55959785260056e-05	0.85490266066343	0.175	0.347	0.858437927805175	BNIP2	c14
2.5701582749264e-05	0.618862686030918	0.074	0.175	0.861979682244817	LPAR2	c14
2.57415949163297e-05	0.416596022383861	0.342	0.613	0.863321610303864	SCML4	c14
2.58065155178714e-05	0.626341621543461	0.089	0.2	0.865498917438371	QTRT1	c14
2.58814707150464e-05	0.585963106080843	0.08	0.186	0.868012764841225	TMEM70	c14
2.59035875542952e-05	0.450820726423144	0.126	0.259	0.868754519395954	PCMTD1	c14
2.60703405623267e-05	1.30683064986292	0.135	0.277	0.874347081779314	MECP2	c14
2.60824561156978e-05	0.654802131182457	0.086	0.195	0.874753413208271	MLLT10	c14
2.62416507078535e-05	0.358619468019467	0.046	0.131	0.880092481439991	MLH1	c14
2.62453999827348e-05	0.656263233435671	0.246	0.472	0.880218224620961	SRSF4	c14
2.64654860733583e-05	0.175189061631504	0.025	0.096	0.88759947192829	AC093323.1	c14
2.64686153795382e-05	-0.528728227001164	0.012	0.075	0.887704422598951	CRAT	c14
2.65042234199242e-05	0.245458133502315	0.037	0.116	0.888898645057417	PATL1	c14
2.66583778781382e-05	-1.02768680337562	0.012	0.074	0.894068677276998	POLR3H	c14
2.66625486359868e-05	0.550383387971136	0.095	0.21	0.894208556153725	CEBPZOS	c14
2.67831583744497e-05	0.751134437845583	0.095	0.21	0.898253565562294	NAPRT	c14
2.69008157960796e-05	0.163153608512277	0.037	0.116	0.902199560168917	TMEM218	c14
2.69433522926688e-05	0.681185864562838	0.314	0.598	0.903626149191526	RCSD1	c14
2.7344518268588e-05	0.63761728535212	0.049	0.136	0.917080453691905	MED25	c14
2.75281392825781e-05	0.85236792226209	0.043	0.126	0.923238735259103	POLB	c14
2.76317315966078e-05	1.10314676250269	0.114	0.241	0.926713014287031	C19orf25	c14
2.78386105500455e-05	-1.19300440377665	0.009	0.069	0.933651320627425	TMEM238	c14
2.79018295868617e-05	0.786189273275497	0.08	0.185	0.935771560684168	RABGGTA	c14
2.79704380313728e-05	0.504541501435626	0.145	0.29	0.93807255069618	FOXN3	c14
2.80592062930168e-05	0.755400494718744	0.212	0.41	0.941049660655196	ESYT1	c14
2.81357020565932e-05	0.211174800812139	0.071	0.17	0.943615175574023	STMN3	c14
2.83014538157798e-05	0.700568450883348	0.062	0.155	0.949174158073625	VPS37A	c14
2.83555119061294e-05	0.592101137833639	0.058	0.15	0.950987158307767	OMA1	c14
2.83801204078257e-05	0.691640612197951	0.258	0.484	0.951812478237657	HERPUD1	c14
2.84083463094989e-05	-0.131962135651267	0.034	0.11	0.952759118527975	HSDL2	c14
2.85314760363183e-05	-0.684821065844495	0.018	0.085	0.956888643306043	KNOP1	c14
2.85578169107804e-05	0.429209624754505	0.083	0.189	0.957772063553754	C1orf131	c14
2.86380221954449e-05	0.317809948142814	0.031	0.105	0.960461988390831	C12orf43	c14
2.87613582622698e-05	1.03795667516057	0.089	0.2	0.964598433400005	ARHGEF2	c14
2.88833140908336e-05	0.135456165338945	0.037	0.115	0.968688587978377	LYPLAL1	c14
2.8978166406964e-05	0.373138259642276	0.04	0.12	0.971869744956759	GBA	c14
2.89850914254166e-05	-0.317813192207941	0.018	0.085	0.972101996225623	PCCB	c14
2.90361155793505e-05	0.526497945158735	0.142	0.284	0.973813244300257	ABTB1	c14
2.93404059301093e-05	0.471828524825059	0.034	0.11	0.984018534084006	UBE2H	c14
2.96165356537578e-05	-0.894313709926156	0.012	0.074	0.993279372755728	CTU2	c14
2.97867114070333e-05	0.374801005315721	0.052	0.14	0.998986727169083	AARSD1	c14
0.0304676859508587	-5.97906663101253	0	0.014	1	TRBV10-1	c14
0.000406189916748297	5.56895752699238	0.012	0.002	1	ALOX5	c14
0.00367918910109268	5.5216007056654	0.012	0.003	1	AVIL	c14
3.58571178391689e-05	5.33835915828205	0.012	0.002	1	AL354710.2	c14
0.000141611681613848	-5.31771686070776	0	0.043	1	CDK1	c14
0.000323393971388415	-5.27941284331027	0	0.038	1	RRM2	c14
0.000107577884510724	-5.05301633137784	0	0.044	1	ADAM23	c14
0.00130287927936083	-4.9548130611776	0	0.031	1	CDC20	c14
0.00034120851664018	4.93091082591232	0.012	0.002	1	AC034102.3	c14
0.000343284265124968	-4.82468421090561	0	0.038	1	BIRC5	c14
0.0122234518296981	-4.78313510109884	0	0.019	1	FGFBP2	c14
8.58066707504962e-05	-4.7560122053734	0	0.045	1	PLAUR	c14
3.35273394728746e-05	-4.73497003799558	0	0.05	1	DUSP14	c14
9.99512351292544e-05	-4.71649432721041	0	0.045	1	GINS2	c14
0.000187885584879576	-4.71405534100344	0	0.041	1	NMB	c14
0.00218145003998437	-4.70576913519293	0	0.028	1	PLK1	c14
0.00348130111106136	-4.67108274937074	0	0.026	1	FXYD2	c14
0.0968287205910007	4.6348482906008	0.012	0.006	1	HIST1H2BG	c14
2.98836876969555e-05	-4.6048094071216	0	0.051	1	ABHD8	c14
0.000214056502391602	-4.54503879159526	0	0.04	1	LINC00920	c14
4.26309442827176e-05	-4.53006510360962	0.003	0.055	1	TYMS	c14
0.0185148738699105	4.51001304165876	0.012	0.004	1	CYP3A5	c14
0.000260986509597157	-4.50707530645516	0	0.039	1	EIF4EBP3	c14
0.00166302147924905	-4.47062444024069	0	0.03	1	SLC4A10	c14
0.000205509784564652	-4.46348875415259	0	0.041	1	AACS	c14
0.000129804823123988	-4.41779094390158	0	0.043	1	PNPLA4	c14
0.00010411923051237	-4.41170456967281	0	0.044	1	C19orf47	c14
0.000991040702400791	4.39237131048067	0.012	0.003	1	RAPGEFL1	c14
4.36788461606504e-05	4.38039820312155	0.018	0.004	1	TMEM9B-AS1	c14
0.00119138206029218	-4.37742461747549	0	0.031	1	PHLDA3	c14
0.00115638117420529	-4.37072166565094	0	0.031	1	CFH	c14
0.0018637257936234	-4.34022943121541	0	0.029	1	DLGAP5	c14
0.00069849401375825	-4.32542755276324	0	0.034	1	UHRF1	c14
0.0766872726939055	4.30053333712817	0.012	0.005	1	AGRN	c14
0.000293296205383438	-4.24999111622313	0	0.039	1	BOLA2B	c14
0.000770081335104627	-4.24538221086663	0	0.034	1	TDRD7	c14
0.0016002668980659	4.16870094446446	0.022	0.007	1	NPIPB3	c14
0.000990837147305517	-4.16055973526549	0	0.032	1	FAM227B	c14
0.00162732377360933	-4.15347943671114	0	0.03	1	IFNL1	c14
0.00115012887530224	-4.14282657233118	0	0.032	1	LIMS2	c14
0.0018386125691883	-4.1292189420276	0	0.029	1	HMMR	c14
0.417448568926682	4.11146093053797	0.012	0.008	1	AL163051.1	c14
0.00779607249856995	4.11099415094991	0.022	0.008	1	CCDC24	c14
0.00144427814447353	-4.10471430499192	0	0.03	1	GTSE1	c14
0.000503005959162615	4.09973783787177	0.018	0.005	1	AC024257.3	c14
0.000933483148117839	-4.0995277910625	0	0.033	1	AL121603.2	c14
0.000700389716469195	-4.08123286522023	0	0.034	1	C1orf159	c14
0.00127306407158069	4.07880222069637	0.015	0.004	1	INPP5A	c14
0.00253333789095896	4.0594238237633	0.015	0.004	1	TERC	c14
0.1018569058289	4.05729770797686	0.015	0.008	1	ZBTB18	c14
0.00684760171193525	-4.04590883820628	0	0.022	1	HIST1H3B	c14
0.00258146949897194	-4.03612803987189	0	0.027	1	CENPA	c14
0.00289355481789409	-4.01961630524924	0	0.027	1	C4orf47	c14
0.0354947543365913	4.00942989884994	0.015	0.006	1	AL157935.2	c14
0.0662436728732757	3.98149759433744	0.012	0.005	1	TSIX	c14
0.00140945823406497	-3.98064830360121	0	0.03	1	AC105446.1	c14
0.0414282310551309	3.97927617472555	0.012	0.005	1	AK1	c14
0.00208307081552634	-3.97141246376921	0	0.028	1	FBXL14	c14
0.00138295854533056	-3.97077798460945	0	0.031	1	CCDC71L	c14
0.0249746976762998	3.95910802955892	0.015	0.006	1	AL683807.1	c14
0.681830428090746	3.93737425553794	0.022	0.019	1	JCHAIN	c14
0.000268897226979821	-3.93704386783258	0	0.039	1	PHGDH	c14
0.00208873257862739	-3.93472739031299	0	0.028	1	RILP	c14
0.00724617422356804	3.93060103441599	0.015	0.005	1	LRRC32	c14
0.054856518794666	3.92937645604911	0.009	0.027	1	KRT18	c14
0.00183861256894988	-3.92184375102972	0	0.029	1	UBXN10-AS1	c14
0.0433974439974132	3.89362549987552	0.015	0.006	1	LINC01311	c14
0.00130996313082757	-3.88707131109739	0	0.031	1	TROAP	c14
0.000425884558330954	3.86989050607914	0.015	0.004	1	ILDR2	c14
0.000537222334197852	3.84278074033032	0.012	0.003	1	LINC01876	c14
0.00430501136040838	-3.8420379366511	0	0.024	1	CXCL16	c14
0.028372504922167	3.83776150538968	0.028	0.014	1	AC016831.5	c14
0.3962760070958	3.8334991201478	0.015	0.011	1	HIST1H4B	c14
0.00761922362360815	-3.82260420168271	0	0.021	1	EGLN3	c14
0.00140945823433181	-3.81978638745845	0	0.03	1	CDCA5	c14
0.193535872750085	3.81301614026084	0.012	0.007	1	AC112721.2	c14
0.00350029731902666	-3.81210050631028	0	0.026	1	QPCT	c14
0.00273304003514097	-3.80953468610099	0	0.027	1	KBTBD8	c14
0.00222839515070021	3.80943315229938	0.031	0.012	1	MAP3K10	c14
0.158691471101239	3.80708539461513	0.012	0.006	1	CPT1B	c14
0.00459601613613559	-3.80354664959191	0	0.024	1	IGSF22	c14
0.377266537889682	3.7952440303452	0.022	0.016	1	GSN	c14
0.00267427217712086	-3.76115164007217	0	0.027	1	CDCA3	c14
0.000611623181384968	-3.75549411806468	0	0.035	1	ORC6	c14
0.0394680444013921	3.7517732639312	0.012	0.005	1	ERMN	c14
0.0393776838624403	3.74857784462039	0.012	0.005	1	AC004951.1	c14
0.199807625767671	3.72110243286229	0.018	0.011	1	AL355075.4	c14
0.0129884586250772	-3.71068524350056	0	0.019	1	CA2	c14
0.0651558811220634	-3.69998982588563	0.003	0.016	1	TRBV11-3	c14
0.00327015713925348	-3.69413315765851	0	0.026	1	DHRS11	c14
0.000874282025314567	3.6940528243258	0.018	0.005	1	AC005070.3	c14
0.148717216466972	3.68764370024257	0.025	0.015	1	KIAA0895L	c14
0.00811494395120045	-3.68373753461255	0	0.021	1	REG4	c14
0.0480534436143842	3.66317717448714	0.015	0.007	1	MYO5C	c14
0.020016365178343	-3.64030088833615	0	0.016	1	ID1	c14
0.0948053973463368	3.63864436019975	0.022	0.012	1	CLDN15	c14
0.104424524757213	3.63751525465194	0.022	0.012	1	VPS9D1	c14
0.00533995733050998	-3.61601022388143	0	0.023	1	ZBTB9	c14
0.00222934662328238	-3.60571375833693	0	0.028	1	KIF2C	c14
0.00116662306757582	3.59754848149283	0.018	0.005	1	PTGIR	c14
0.0164784296837311	3.58940455875068	0.031	0.015	1	DMGDH	c14
0.00632545302956496	-3.58447241644107	0	0.022	1	ZNF155	c14
0.0112534623758853	-3.56745491686764	0	0.019	1	AC136475.1	c14
0.0190717225345146	3.55424864414635	0.04	0.022	1	AC092683.1	c14
0.0763859721212234	3.5461547241861	0.025	0.014	1	CARMIL1	c14
0.00201085400906317	-3.53327702894975	0	0.029	1	C9orf40	c14
0.0031724775928328	-3.53315289969564	0.009	0.042	1	TRBV9	c14
0.00941114851768303	-3.53236824415933	0	0.02	1	PAIP2B	c14
0.0112225115421005	-3.51777219228596	0	0.019	1	RAB20	c14
0.0410210319897422	-3.51196996998446	0	0.013	1	CX3CR1	c14
0.0704222576908484	3.50922460795494	0.015	0.007	1	AC008763.1	c14
0.000350682874075094	3.50726702211385	0.031	0.011	1	AC120193.1	c14
0.000396873621168236	3.50285241571361	0.034	0.012	1	TSHR	c14
0.00915619689477593	-3.4995884181418	0	0.02	1	HDAC11	c14
0.00406564319048719	-3.49926077262402	0	0.025	1	GSEC	c14
0.0100804844715194	-3.49487450877726	0	0.02	1	FBXL16	c14
0.0160658685927719	-3.49400710981293	0.003	0.023	1	TRAV10	c14
0.00759034220332593	3.48774672527334	0.022	0.008	1	AC005224.3	c14
0.285720784935839	3.48560555229943	0.012	0.007	1	USP6NL	c14
0.0175955934477228	-3.48328226815116	0.003	0.023	1	PPP1R2C	c14
0.0110386135461112	-3.48183947975191	0	0.019	1	AC139720.1	c14
0.893824481632355	3.48014561069699	0.009	0.01	1	TTC16	c14
0.00568604281316	-3.47383295251221	0	0.023	1	ETV2	c14
0.00972661254051178	-3.47257372718112	0	0.02	1	UTS2	c14
0.191882779336735	3.4678962806492	0.018	0.011	1	PDE1B	c14
0.00585947945721764	-3.46183048465852	0	0.023	1	TREX1	c14
0.0133152947030453	-3.44407033428089	0	0.019	1	TMEM30B	c14
0.147470259862029	3.4375794146531	0.018	0.01	1	FLCN	c14
0.0136882773065588	-3.43090832000909	0	0.018	1	TSPAN15	c14
0.011504211592387	-3.42825201241341	0	0.019	1	ZNF784	c14
0.0858836601855449	3.42187666205678	0.018	0.009	1	DNHD1	c14
0.0119567663483174	-3.40955687155155	0	0.019	1	ZNF219	c14
0.00888382479134148	-3.40799155157933	0	0.021	1	NPL	c14
0.0153322167389533	-3.40783127318904	0	0.018	1	MPZL2	c14
0.00923193854221495	-3.40588186395666	0	0.02	1	LINC01534	c14
0.0946113244685282	3.40193491819692	0.015	0.007	1	PHEX	c14
0.00925732663424561	-3.40183148829692	0	0.02	1	AC017083.2	c14
0.000301576147812285	3.3969053546746	0.015	0.003	1	GJB6	c14
0.01192384914678	-3.39636859604334	0	0.019	1	FGFBP3	c14
0.00623958040626394	-3.38764571046749	0	0.023	1	FANCC	c14
0.00991556433343476	-3.38193564429409	0	0.02	1	ITFG2-AS1	c14
0.00991556433328752	-3.3809833242485	0	0.02	1	KANK3	c14
0.387106157015717	3.37694947379417	0.015	0.011	1	AC009309.1	c14
0.140563088673278	3.37683537872041	0.012	0.006	1	AC017083.1	c14
0.511518337307193	3.37507873099158	0.015	0.012	1	L3MBTL1	c14
0.621656204321241	3.36367906021468	0.012	0.01	1	ICA1L	c14
0.0558123709891586	3.35923628898193	0.012	0.005	1	LINC02391	c14
0.0911670981038499	3.35347595838294	0.018	0.009	1	ABTB2	c14
0.290042491483994	3.35341791875261	0.015	0.01	1	WDR90	c14
0.00556316982809724	-3.35321706249287	0	0.023	1	HJURP	c14
0.00486097881216264	3.3499454738528	0.068	0.04	1	MIR3142HG	c14
0.00362634087276357	-3.3479638369169	0	0.025	1	SPC25	c14
0.151157264680976	-3.34607241028525	0.003	0.012	1	TRBV5-5	c14
0.027301819378716	-3.33923858195869	0	0.015	1	EMP1	c14
0.0106213260881476	-3.33821263612997	0	0.02	1	AC018816.1	c14
0.0050978822095668	-3.33716439993479	0	0.024	1	GPSM2	c14
0.015079608593464	-3.33646463882461	0	0.018	1	EEF1AKMT3	c14
0.0107981663541514	-3.33498512943034	0	0.02	1	IRAK1BP1	c14
0.0214013042476768	-3.33241955693506	0	0.016	1	RGS18	c14
0.122416852889555	3.33023668100525	0.025	0.015	1	ITGA2	c14
0.0234636268022184	3.32520437980897	0.025	0.011	1	ZNF425	c14
0.0197395832503901	-3.30665878366974	0	0.016	1	BHLHE40-AS1	c14
0.0128458297247252	-3.30590606671921	0	0.019	1	HIST1H4F	c14
0.00935958876011079	-3.30401079674147	0	0.02	1	OSBPL11	c14
0.00292518677864498	-3.29942676618617	0	0.027	1	CDC45	c14
0.0107981663544972	-3.29459678713407	0	0.02	1	AC022098.1	c14
0.0368213100230292	-3.28798005870768	0	0.013	1	PAGE5	c14
0.102606420074044	3.28778631104241	0.012	0.006	1	AC024909.2	c14
0.00255357088141554	-3.28744277075571	0	0.027	1	PRR11	c14
0.00590770061755471	-3.28532677171795	0	0.023	1	AC011603.2	c14
0.139136917048189	3.28034427639092	0.012	0.006	1	HPCAL4	c14
0.0115359518438911	-3.27046898093515	0	0.019	1	ADPRH	c14
0.0188799158152431	-3.26912175107292	0	0.017	1	AC011611.3	c14
0.0152053778377147	-3.25887070520048	0	0.018	1	ZNF837	c14
0.0554295164791431	-3.25253828273396	0	0.011	1	THY1	c14
0.00623958040654036	-3.25048892029234	0	0.023	1	RPP25	c14
0.0768347570898796	3.2495760026313	0.012	0.005	1	FOXB1	c14
0.0144265239996261	-3.23922674101979	0	0.018	1	TIGD2	c14
0.00035213200061692	3.22783865113274	0.028	0.009	1	CDH17	c14
0.00355791402324295	-3.22282542657057	0	0.025	1	KIF15	c14
0.0985936782322599	3.22237312890265	0.025	0.014	1	AC017002.1	c14
0.0884591384803545	3.2208119372722	0.015	0.007	1	TBC1D3L	c14
0.00337698484994156	3.22048818962597	0.034	0.015	1	AC012368.1	c14
0.773256072040981	3.21697353435654	0.028	0.026	1	PTCH2	c14
0.249371848559345	3.20394095702273	0.025	0.017	1	IL11RA	c14
0.0193586548658951	-3.20361722322928	0	0.017	1	FAM229B	c14
0.241085097791287	3.20349069776579	0.018	0.012	1	DPY19L2	c14
0.280254640889717	3.20132470649376	0.012	0.007	1	HOMER2	c14
0.0245501286335446	3.20054292497551	0.015	0.006	1	AL360012.1	c14
0.00766108563345046	-3.19833717843953	0	0.021	1	AC004556.1	c14
0.494407152764432	3.1973649107139	0.018	0.014	1	ENO3	c14
0.0127677447952137	3.19662594648839	0.028	0.013	1	CES4A	c14
0.127766003782075	3.19441241838249	0.055	0.041	1	Z93241.1	c14
0.0142284027728992	-3.19019648830947	0	0.018	1	ADCK1	c14
0.00261677372957279	-3.18924948755812	0	0.027	1	FOXM1	c14
0.183975136240263	3.18658043490685	0.015	0.009	1	AC015813.1	c14
0.0807345502892039	3.18403747826539	0.031	0.018	1	HIST1H3A	c14
0.0410210319899364	-3.17299056400694	0	0.013	1	GNG4	c14
0.828031637367611	3.17256293799153	0.012	0.014	1	LINC01970	c14
0.411382651557174	3.17141502916215	0.012	0.008	1	CFAP44	c14
0.00629096163441223	-3.17127033107548	0	0.022	1	KIF14	c14
0.0452010764555541	-3.16614993138272	0	0.012	1	BAMBI	c14
0.479636958498966	3.1586560403432	0.015	0.011	1	TXLNB	c14
0.000849947902357903	3.15826230233825	0.117	0.076	1	NPIPB5	c14
0.0226302734106454	-3.1568914562327	0	0.016	1	RAB11FIP5	c14
0.022820767032804	-3.15552054757839	0	0.016	1	RIN1	c14
0.0188274755445708	-3.14885362450265	0	0.017	1	DENND5A	c14
0.748750788354685	3.14745074702379	0.009	0.011	1	MYO15B	c14
0.0238648935215083	-3.14428726548499	0	0.015	1	AC010616.1	c14
0.01434694042196	-3.14238144732438	0	0.018	1	HYAL3	c14
0.0145870432436903	-3.12676864394579	0	0.018	1	TWNK	c14
0.0218844649028122	-3.12147064610217	0	0.016	1	C16orf74	c14
0.661487537226665	3.1181595266543	0.012	0.01	1	KCTD21-AS1	c14
0.0212229501800377	-3.11577696666306	0	0.016	1	AC025259.3	c14
0.0165234812266132	-3.10305201969023	0	0.017	1	PPARGC1B	c14
0.0222541648707451	-3.09995916815255	0	0.016	1	OR4D1	c14
0.0139171555958675	-3.09896414340037	0	0.018	1	AP003774.4	c14
0.0185159468947374	-3.09545919220593	0	0.017	1	LRRIQ3	c14
0.0187230414642517	-3.09396589432479	0	0.017	1	AC242426.2	c14
0.168935664577049	3.09283181256625	0.022	0.013	1	ANKS1B	c14
0.0211638379264195	-3.09016802342795	0	0.016	1	SMKR1	c14
0.336519317564499	3.08988978595911	0.012	0.008	1	MPZ	c14
0.0556802859182	3.08958776415149	0.034	0.02	1	TCTE3	c14
0.056135144264154	3.08909689371484	0.052	0.035	1	NPIPB4	c14
0.0965366297438956	3.08746489255347	0.034	0.021	1	SNHG22	c14
0.0330627135229109	3.08688477129181	0.037	0.021	1	PGAP1	c14
0.184112289626439	3.08525808679329	0.012	0.006	1	ZNF70	c14
0.00286226662537758	-3.08001044420066	0	0.027	1	MND1	c14
0.124594794347203	3.07605983518114	0.012	0.006	1	SEPT7-AS1	c14
0.238015338253988	3.07280891518573	0.012	0.007	1	LINC01136	c14
0.0200163651785283	-3.07233744693936	0	0.016	1	AC016394.1	c14
0.897771106060329	3.06563593564635	0.009	0.01	1	COL9A2	c14
0.00668105427243784	-3.06367117641109	0	0.022	1	PSMC3IP	c14
0.836718507948927	3.06210746483549	0.012	0.011	1	AC147651.4	c14
0.140543609804321	3.06159998494136	0.012	0.006	1	COG8.1	c14
0.0398957357590819	3.05541433826383	0.043	0.026	1	CSAD	c14
0.232246082259943	3.04953851691054	0.018	0.012	1	AGAP4	c14
0.0167078318226914	-3.04763522192018	0	0.017	1	IFNLR1	c14
0.00506175609617717	3.04716980344218	0.058	0.033	1	TRIM66	c14
0.0319639963315449	-3.04487439955589	0	0.014	1	SDR42E2	c14
0.000336340978210256	-3.03601730607527	0.003	0.044	1	CCNB1	c14
0.113501269566457	3.0355428364632	0.018	0.01	1	RORA-AS1	c14
0.144618291535322	3.03532630294675	0.012	0.006	1	SLC25A25-AS1	c14
0.031605227422272	-3.03447728907093	0	0.014	1	ASB13	c14
0.00481406668683038	-3.02861732898274	0	0.024	1	MYBL2	c14
0.252557828665074	3.02812215796243	0.015	0.009	1	GDPD3	c14
0.982336676334116	3.02717699560599	0.012	0.012	1	CLIP2	c14
0.337043696567781	3.02531634941321	0.012	0.008	1	AC022364.1	c14
0.0262497831518978	-3.02381467346264	0	0.015	1	ANKRD16	c14
0.000552015087852904	3.0237326329031	0.055	0.026	1	F5	c14
0.135259960071672	3.02220194321379	0.012	0.006	1	SLC35F3	c14
0.00951513360920843	-3.0217941978316	0	0.02	1	XRCC3	c14
0.00321722657265155	-3.01996730290027	0	0.026	1	MTFR2	c14
0.0258842442833908	-3.01464724734039	0	0.015	1	CPLANE2	c14
0.60816342705892	3.01209583045883	0.015	0.012	1	SNAI3-AS1	c14
0.0256674382511361	-3.01026597116362	0	0.015	1	NATD1	c14
0.472982413533724	3.00944179739364	0.018	0.014	1	AGAP6	c14
0.0117282709306361	-3.00665420449315	0	0.019	1	FAM111B	c14
0.0315141599369057	2.99638547058909	0.018	0.008	1	AL136987.1	c14
0.0267704824017088	-2.99635957169973	0	0.015	1	PHLDB2	c14
0.0121562187199887	-2.99633142699066	0	0.019	1	SPINDOC	c14
0.0122698535155058	2.99343461580056	0.031	0.014	1	DVL1	c14
0.00301770149310242	2.99289456797144	0.037	0.016	1	CDHR3	c14
0.029621465233186	-2.99177322912794	0	0.014	1	CPLX1	c14
0.533259996201485	2.99125497143603	0.015	0.012	1	ADAMTS6	c14
0.416173276428269	2.99047062924523	0.015	0.011	1	AL139011.1	c14
0.386010293402579	2.98708298214424	0.034	0.027	1	AC012360.3	c14
0.0287185721247634	-2.98164642259453	0	0.015	1	CAMKK1	c14
0.0448786311707838	2.97610358091109	0.031	0.017	1	AC009133.1	c14
0.00350983449760624	-2.97597449294588	0	0.026	1	SHCBP1	c14
0.0269211976039328	-2.97308204823866	0	0.015	1	RMDN2	c14
0.0263235259762502	-2.97098256766178	0	0.015	1	AC098613.1	c14
0.022757087024226	-2.96875814417232	0	0.016	1	HIST1H2AB	c14
0.00342756298171623	2.96844819521433	0.142	0.106	1	POLR2J3.1	c14
0.033822044039164	-2.96716679899119	0	0.014	1	MTUS1	c14
0.0747931801426595	2.96630203297756	0.04	0.025	1	TTLL3	c14
0.230598336715859	2.96467915146555	0.086	0.075	1	PLCG2	c14
0.0919395462390156	2.96301083597461	0.052	0.037	1	GSDMB	c14
0.403179660135861	2.95884619644452	0.028	0.022	1	KRBA2	c14
0.0169412265289652	-2.95802233290207	0	0.017	1	DIABLO	c14
0.0465132419555944	-2.9554954045909	0	0.012	1	SLC22A17	c14
0.0407880408327318	-2.95411600046209	0	0.013	1	ZFYVE9	c14
0.560532784861859	2.95115016914455	0.012	0.009	1	AL080250.1	c14
0.000106471798516458	-2.95080875910344	0.003	0.05	1	CDKN3	c14
0.881135228001757	2.94861052113527	0.015	0.015	1	DCUN1D2	c14
0.141707083132212	2.94807255862528	0.022	0.013	1	KLHL3	c14
0.0316945277946239	-2.94756855146244	0	0.014	1	PODXL2	c14
0.0257394986297726	-2.9432272881807	0	0.015	1	ST20-AS1	c14
0.0326020034647991	-2.94111162222339	0	0.014	1	AC005520.2	c14
0.0248883299866038	-2.93920133786302	0	0.015	1	KIF3C	c14
0.025811767097553	-2.93704106468652	0	0.015	1	FAM89A	c14
0.416877721332529	2.93449965073348	0.006	0.011	1	SMTN	c14
0.000156555052373445	-2.93127219899911	0.003	0.048	1	F8	c14
0.070524629600122	2.93075299501328	0.04	0.025	1	CLCN6	c14
0.160050488948402	2.92932627058602	0.018	0.011	1	HSF5	c14
0.46139824162313	2.92767232338202	0.018	0.014	1	C3orf62	c14
0.0709442317251776	2.92331926428186	0.018	0.009	1	NPIPB11	c14
0.0213416828357253	-2.92139817785514	0	0.016	1	FANCE	c14
0.0568896959418612	-2.92013599607494	0	0.011	1	FANK1	c14
0.0327866985380905	-2.91970394593506	0	0.014	1	WDR19	c14
0.0421086600652714	2.91354395742822	0.022	0.01	1	AL645568.1	c14
0.0162959592967418	-2.91208356334679	0	0.017	1	NUDT6	c14
0.143497146515963	2.91065046712931	0.037	0.025	1	LRP5L	c14
0.127261354319067	2.90968116191951	0.022	0.012	1	SULT1A3	c14
0.519783640595124	2.90934915113442	0.018	0.014	1	BTBD8	c14
0.491650003052976	2.90909036355084	0.015	0.011	1	CCDC144A	c14
0.0270727864384848	-2.89996707488589	0	0.015	1	PLAT	c14
0.0314274055864761	-2.89273266774639	0	0.014	1	GSTA4	c14
0.121954526637862	2.8903291008751	0.028	0.017	1	LINC00891	c14
0.0755323227699566	2.88964025426308	0.034	0.021	1	BCLAF3	c14
0.0815671999617519	2.88604887236212	0.037	0.023	1	FBXL18	c14
0.296909540779333	2.87993644514125	0.022	0.015	1	KCNQ5	c14
0.0314274055865497	-2.87599959494593	0	0.014	1	DDIT4-AS1	c14
0.029788747788953	-2.87527795370725	0	0.014	1	SH3BP5-AS1	c14
0.863934779906187	2.86642349629233	0.028	0.027	1	AC091057.6	c14
0.0264716518142735	-2.86377423071576	0	0.015	1	RCAN1	c14
0.700405252976686	2.86222783897981	0.015	0.013	1	CAPN10-DT	c14
0.0326942161599107	-2.8610354565331	0	0.014	1	FRY	c14
0.0153658960329991	2.85221966732173	0.071	0.046	1	TTN	c14
0.0717994163135884	-2.8488419719908	0	0.01	1	FOXJ1	c14
0.0484174635300292	-2.84846715397746	0	0.012	1	AC010624.3	c14
0.038862302048289	-2.84822882594092	0	0.013	1	LZTS1	c14
0.354701115814987	2.84582491213876	0.077	0.069	1	ABCA2	c14
0.0319689887799288	2.84147714206287	0.018	0.008	1	GIPR	c14
0.0502587022719588	-2.83638703495903	0	0.012	1	NEIL1	c14
0.380383747119671	2.83587012800846	0.043	0.036	1	SAP25	c14
0.0357920773296149	-2.83534231558708	0	0.013	1	RHOD	c14
0.000383165441587273	-2.83451956422933	0.003	0.043	1	POMGNT2	c14
0.0304676859485755	-2.82845728663015	0	0.014	1	PYROXD2	c14
0.0454603847164808	-2.82741895114841	0	0.012	1	CATSPERG	c14
0.000965852642810838	2.82650321087404	0.071	0.038	1	SLC14A1	c14
0.217906168219088	2.82220759276559	0.012	0.007	1	SLC7A8	c14
0.0453305371536476	-2.82195088787989	0	0.012	1	TEPP	c14
0.00458350410721126	-2.82118955746717	0	0.024	1	TRIP13	c14
0.0900039099783578	2.81346200140901	0.049	0.034	1	AC245014.3	c14
0.0434285638005916	-2.81318085395423	0	0.012	1	MUC12	c14
0.0383140693016696	-2.81244399103907	0	0.013	1	SLC29A2	c14
0.0242011456577075	-2.81068454797025	0	0.015	1	NAT14	c14
0.0440531367368312	-2.80991007431075	0	0.012	1	GLS2	c14
0.0413731175293128	-2.80342560341317	0	0.013	1	TEF	c14
0.0583623590817639	2.80223958323376	0.034	0.02	1	LINC00996	c14
0.503353152267	2.80021284991439	0.034	0.029	1	PTPN13	c14
0.0340138934924646	-2.79911313056097	0	0.014	1	AC114271.1	c14
0.00542813712335329	-2.79609701775701	0	0.023	1	DSCC1	c14
0.0739979626971509	2.79579614869664	0.089	0.07	1	TUBGCP6	c14
0.360562647952248	2.79544455549892	0.04	0.032	1	PLEKHM2	c14
0.0280009656422449	-2.79407655723873	0	0.015	1	IPO4	c14
0.0559118165853251	-2.79391032828229	0	0.011	1	CCND1	c14
0.413511720721505	2.79303487859454	0.006	0.011	1	HIST1H3I	c14
0.804401605482814	2.78966181727138	0.012	0.011	1	BRICD5	c14
0.179597291520932	2.78859571612984	0.015	0.009	1	AC139887.4	c14
0.00381356994592603	2.78647479901271	0.058	0.032	1	C2CD2	c14
0.0315161869531962	-2.78613751946232	0	0.014	1	CD68	c14
0.000354477655588752	2.78180418520113	0.083	0.045	1	TSHZ2	c14
0.87831196475817	2.78106576994867	0.025	0.024	1	SPAG1	c14
0.912803297480646	2.78043508673462	0.012	0.013	1	AC023157.3	c14
0.0283312073385548	2.78037219730182	0.037	0.02	1	CLNK	c14
0.00699916474023313	-2.78000222220998	0	0.022	1	STIL	c14
0.037778912568998	2.77540670169816	0.046	0.028	1	LINC01684	c14
0.397579228551836	2.77484917143309	0.012	0.008	1	CPM	c14
0.0450720013861312	-2.77451431365582	0	0.012	1	LINC02195	c14
0.916774415937046	2.77448224944876	0.025	0.026	1	ZGRF1	c14
0.0344984605387439	-2.77434221794599	0	0.014	1	SPATA7	c14
0.0179211331016484	2.77360930581157	0.055	0.033	1	CRACR2B	c14
0.0416095865862548	-2.77278109673903	0	0.013	1	KIAA1211L	c14
0.0273812780018473	2.76982302128185	0.102	0.077	1	ABCA7	c14
0.0354891568950564	-2.76835069955961	0	0.013	1	TNS4	c14
0.00696251592582617	2.76754333404456	0.108	0.076	1	FTX	c14
0.0368213100237669	-2.7669408661346	0	0.013	1	MEST	c14
0.0448150032151532	-2.76196039513336	0	0.012	1	ZNF280B	c14
0.00719339828186286	-2.76179003299185	0	0.022	1	MCM10	c14
0.989881614321899	2.76126719557065	0.012	0.013	1	MORN1	c14
0.044641966592679	2.75857473681329	0.003	0.018	1	E2F2	c14
0.758553675646368	2.75377288404913	0.015	0.018	1	LINC01572	c14
0.185205869449987	2.75143505950754	0.12	0.11	1	TBC1D2B	c14
0.0454200214812199	2.75016830736878	0.025	0.013	1	GPA33	c14
0.613176359968898	2.75010089159074	0.012	0.01	1	SUMO4	c14
0.0489763624799846	-2.74999390455733	0	0.012	1	UBE2E2	c14
0.043927477482241	-2.74668410783681	0	0.012	1	MIR4458HG	c14
0.798598352789403	2.74282836969031	0.012	0.011	1	CNKSR2	c14
0.0412554077128711	-2.74223740604154	0	0.013	1	TTC30B	c14
0.044687077666916	-2.74180606512719	0	0.012	1	ZFP69	c14
0.127782766119368	2.73627826694243	0.037	0.025	1	AC124312.1	c14
0.135596191279878	2.73505462476608	0.074	0.059	1	TAF1C	c14
0.881482972175567	2.73501753751789	0.015	0.015	1	DMPK	c14
0.43718675459785	2.73092319319354	0.015	0.022	1	HIST2H2AB	c14
0.296516719562089	2.7289392855418	0.025	0.017	1	ATP6V0A1	c14
0.37561139033908	2.72422599548416	0.015	0.011	1	TMEM147-AS1	c14
0.0518738980939662	-2.71978442887205	0	0.011	1	SPINT1-AS1	c14
0.676235701260881	2.7140769344252	0.012	0.01	1	NBPF20	c14
0.264456742745565	2.71392607827464	0.018	0.012	1	PGBD4	c14
0.0191487259394172	2.71314982851523	0.046	0.026	1	ZNF587	c14
0.777963033247679	2.71030088780244	0.012	0.011	1	ERP27	c14
0.124391819175662	2.71025372673853	0.018	0.01	1	FLVCR2	c14
0.6914392532467	2.70993835129485	0.034	0.031	1	ENTPD5	c14
0.356476685061317	2.70928006103375	0.058	0.05	1	TLDC1	c14
0.118217182345141	2.70841304294674	0.083	0.067	1	TSPOAP1	c14
0.263153567636856	2.70841132433365	0.009	0.018	1	RAP1GAP2	c14
0.245029134123493	2.70783690449735	0.012	0.007	1	FAM13A-AS1	c14
0.307274295033698	2.70749676354704	0.015	0.01	1	AC211476.2	c14
0.056398528468883	-2.70656839805364	0	0.011	1	RNASE6	c14
0.0517248401356911	-2.70397880351774	0	0.012	1	TRIQK	c14
0.00374317548149606	2.70355460282291	0.046	0.023	1	ADRB1	c14
0.00804847704042766	-2.70337402526029	0	0.021	1	KIF4A	c14
0.13661640109477	2.70308856654379	0.015	0.008	1	AL121820.1	c14
0.000339535014124499	-2.70113939150576	0.003	0.044	1	NCAPH	c14
0.0101919747004833	-2.69997098298799	0	0.02	1	CCNE1	c14
0.0426912339318968	-2.69766954869544	0	0.012	1	AL139384.1	c14
0.047865228945914	-2.69601857160963	0	0.012	1	NEK3	c14
0.0538531596175979	-2.69501268329355	0	0.011	1	LINC02265	c14
0.0282380916615134	-2.68914690636446	0	0.015	1	NEURL1	c14
0.00677038442782284	2.68717407594802	0.142	0.11	1	VPS13B	c14
0.0414911767849072	-2.6835580010904	0	0.013	1	MAP10	c14
0.0299550063225407	2.67941590499892	0.049	0.03	1	PDE7B	c14
0.119975771463286	2.67854253171004	0.052	0.038	1	MANEA-DT	c14
0.0395896080113407	2.6747324840462	0.058	0.039	1	PPP1R12B	c14
0.810431632831438	2.66955100181165	0.009	0.011	1	AL035530.2	c14
0.0608081713587573	-2.66605751703311	0	0.011	1	C11orf74	c14
0.331186604322776	2.66400680701024	0.031	0.023	1	FBXO41	c14
0.2793539273725	2.66059134565035	0.015	0.01	1	IQSEC3	c14
0.00224684990942366	2.6573012856075	0.089	0.055	1	LMTK2	c14
0.0217995922192685	-2.65434129094071	0.006	0.027	1	TRAV20	c14
0.0481405185554395	-2.6524649701921	0	0.012	1	MAN1B1-DT	c14
0.940772921838532	2.65020545339395	0.012	0.012	1	ZNF610	c14
0.803475703114751	2.64923061485105	0.015	0.014	1	FAM215B	c14
0.765875897695167	2.64894844084133	0.009	0.011	1	AL118558.3	c14
0.807591222190387	2.6473814060478	0.015	0.017	1	AL445472.1	c14
0.584468538094721	2.6453946775904	0.012	0.016	1	ZNF81	c14
0.167541608460475	2.64330098315762	0.022	0.013	1	AHRR	c14
0.989958641709132	2.64316145265895	0.015	0.016	1	HIRA	c14
0.0703886173215016	-2.64097465909529	0.003	0.015	1	TRBV15	c14
0.654476804020661	2.6383148627216	0.043	0.04	1	DOCK5	c14
0.0101695660296165	2.63651301705163	0.194	0.172	1	ARID1B	c14
0.0268442912345942	2.6346087460214	0.046	0.027	1	PIK3R6	c14
0.0575515934688976	-2.63206220053045	0	0.011	1	GVQW3	c14
0.0640729124094846	-2.63168520214736	0	0.01	1	CTH	c14
0.950179204965734	2.62981480391469	0.015	0.015	1	LRP8	c14
0.892556905628291	2.62870462647476	0.018	0.02	1	MTBP	c14
0.054635369463451	-2.62813034661835	0	0.011	1	AC011632.1	c14
0.0732878758225927	-2.62786483690618	0	0.01	1	ME1	c14
0.986049166676473	2.626258786512	0.015	0.015	1	JMJD7-PLA2G4B	c14
0.902428620276857	2.62583002438065	0.012	0.013	1	LRRC56	c14
0.000280031088605487	2.62572623424605	0.16	0.112	1	GK	c14
0.0406720617425036	-2.62565309039145	0	0.013	1	HECTD2	c14
0.177317773158569	2.62506340423997	0.089	0.076	1	GOLGA8A	c14
0.00791719168041296	-2.62219529358961	0	0.021	1	SPC24	c14
3.52057553414005e-05	-2.62188554004218	0.003	0.056	1	ZNF28	c14
0.0724333557354361	-2.61523484925039	0	0.01	1	ZNF703	c14
0.0709633151933749	-2.61430861633789	0	0.01	1	P3H3	c14
0.0321531468300194	2.61409423471663	0.046	0.028	1	ZNF707	c14
0.0690092210160655	2.61395512714417	0.015	0.007	1	AC098850.3	c14
0.039306750888233	-2.61320797437146	0	0.013	1	AC005944.1	c14
0.50012720842944	2.61232902711165	0.028	0.023	1	AL117339.5	c14
0.662199409775716	2.60806691879893	0.012	0.01	1	AL049869.3	c14
0.0197395832504586	-2.60749808347101	0	0.016	1	CEND1	c14
0.550423125677549	2.60351731179346	0.022	0.018	1	ZNF596	c14
0.114894481591822	2.60291783639564	0.098	0.082	1	BICDL1	c14
0.489406054656927	2.59812093528061	0.012	0.009	1	CLHC1	c14
0.146214199541524	2.59671645036294	0.012	0.006	1	AC011468.5	c14
4.10955327928586e-05	2.59357751561293	0.163	0.108	1	IL6R	c14
0.591014818805275	2.59281293177442	0.015	0.012	1	SMN1	c14
0.0479090756745989	2.59228831875505	0.049	0.031	1	MIR29B2CHG	c14
0.0469145985166407	-2.59196528601496	0	0.012	1	SMARCA5-AS1	c14
0.0519578423723121	2.590596685225	0.108	0.086	1	MAN2C1	c14
0.000170527691020738	-2.58909609588198	0.003	0.048	1	PDXP	c14
0.373633444040008	2.5890063506514	0.012	0.008	1	DNAI2	c14
0.460016842506956	2.58670583580445	0.031	0.025	1	TBCEL	c14
0.00694193514713297	-2.58588680860012	0	0.022	1	SKA3	c14
0.0526259703204864	-2.5857133985182	0	0.011	1	AL035413.1	c14
0.00248413828334659	2.58273239651844	0.089	0.055	1	ADHFE1	c14
0.0520234062520357	-2.58228464869056	0	0.011	1	PARS2	c14
6.40643221830244e-05	-2.57869632716987	0.003	0.053	1	AC073896.2	c14
0.507050335298629	2.57828304943323	0.006	0.01	1	HIST1H4A	c14
0.00057579915168236	-2.57827544683453	0.003	0.041	1	NLRP3	c14
0.797768011671251	2.57690853298698	0.009	0.011	1	SIAE	c14
0.085812565969557	2.5761539184483	0.105	0.087	1	SLC5A3	c14
0.47800101656078	2.57003366487571	0.028	0.022	1	AL021453.1	c14
0.0101598025120837	2.56967924865717	0.111	0.08	1	SH3TC1	c14
0.0540086559766979	-2.56868634803761	0	0.011	1	THBS3	c14
0.0577183302649309	-2.56386064602251	0	0.011	1	NHSL2	c14
0.000819197696589193	2.56370868074817	0.157	0.114	1	HAPLN3	c14
0.0431813244411362	-2.56346139190353	0	0.012	1	MMACHC	c14
0.137560571040692	2.56261118937398	0.089	0.074	1	MIGA2	c14
0.484479552128238	2.55483014475275	0.015	0.011	1	RGS5.1	c14
0.0547932376217162	-2.55321987540775	0	0.011	1	LINC01771	c14
0.0535435745145526	-2.55288065103565	0	0.011	1	C17orf100	c14
0.891423626954435	2.55062881961602	0.015	0.017	1	AC138969.1	c14
0.0588998153754661	-2.54910185479715	0	0.011	1	TMEM136	c14
0.793570810593283	2.54811155138549	0.015	0.014	1	AC010654.1	c14
0.127380308873807	2.54642336264046	0.074	0.058	1	UNKL	c14
0.603109676523316	2.54555367564577	0.018	0.015	1	SEC31B	c14
0.0104187236125689	-2.54101656220417	0	0.02	1	DIAPH3	c14
0.806420400335771	2.54099068941627	0.012	0.011	1	ZNF19	c14
0.0557505618347033	-2.53976496973523	0	0.011	1	PRKAR2B	c14
0.0350893890124458	-2.53781888467026	0	0.013	1	HIST1H3G	c14
0.163066500472355	2.53694252717002	0.058	0.045	1	PABPC1L	c14
0.572416077207354	2.53598442259349	0.043	0.039	1	RMRP	c14
0.374662926581378	2.53430742781973	0.025	0.018	1	PRPF40B	c14
0.118075940245861	2.53308115742824	0.04	0.027	1	NAPB	c14
0.973181114464911	2.53236778066052	0.012	0.012	1	TMEM86B	c14
0.225557058110598	2.53192460789519	0.111	0.101	1	PI4KA	c14
0.908468207788364	2.53126030567898	0.018	0.02	1	CIITA	c14
0.842818044108483	2.53109793389889	0.012	0.011	1	AC005037.1	c14
0.695978902041247	2.52426945803544	0.074	0.074	1	NOTCH1	c14
0.0119387209424884	2.52391308291029	0.102	0.072	1	CASK	c14
0.322987678364167	2.52345984274568	0.028	0.02	1	AL009179.1	c14
0.0291254071264534	-2.52191868023203	0	0.014	1	ALDH4A1	c14
0.483445094051914	2.51854440307348	0.022	0.029	1	HIST1H2BN	c14
0.780810252492371	2.51718061971813	0.012	0.014	1	SENP3	c14
0.418740319419682	2.51707060439139	0.022	0.016	1	LINC00893	c14
0.00472103762503997	2.51616897697626	0.154	0.12	1	ANKRD36B	c14
0.280751273301669	2.51335788884627	0.022	0.015	1	KLHL17	c14
0.640138300800555	2.51281148905699	0.049	0.046	1	TTLL5	c14
0.129620185196954	2.51265376266464	0.083	0.067	1	ATP13A3	c14
0.0377738608174041	-2.51111343121396	0	0.013	1	TXNDC5	c14
0.0264094622649125	2.51050697921527	0.086	0.062	1	PDK1	c14
0.417046736028627	2.50979643030274	0.031	0.025	1	TPTEP2-CSNK1E	c14
0.0549515848245603	-2.50924518364256	0	0.011	1	AC103736.1	c14
0.940952913200532	2.50888900672141	0.012	0.013	1	GCC2-AS1	c14
0.165874873095693	2.50597232478076	0.049	0.037	1	TRIM73	c14
0.0735031760146194	-2.50528218708576	0	0.01	1	SCRN1	c14
0.600445231591864	2.50496570533249	0.018	0.015	1	MCF2L2	c14
0.000814219393934747	2.50236308751485	0.246	0.22	1	DIP2A	c14
0.173824632349593	2.50199539729771	0.003	0.011	1	XRCC2	c14
0.0552697226684991	-2.50156871590129	0	0.011	1	MED14OS	c14
0.0354891568951399	-2.50068073077557	0	0.013	1	LRTOMT	c14
0.405908503634822	2.5004620466489	0.071	0.09	1	HIP1R	c14
0.406881272036531	2.49998407357577	0.018	0.013	1	METTL24	c14
0.760744625083514	2.49889222828679	0.025	0.023	1	LINC00342	c14
0.000876566382352236	2.49866442002347	0.258	0.237	1	LENG8	c14
0.144928587330063	2.4981285009414	0.006	0.017	1	ORC1	c14
0.0868544555721243	2.49780511101012	0.086	0.068	1	ERCC6	c14
0.592717080057947	2.49663348500946	0.034	0.03	1	CDYL2	c14
0.0101360740609972	-2.49397775063309	0	0.02	1	PBK	c14
0.0851154634274514	2.49179080170304	0.046	0.031	1	FRMD4A	c14
0.0615181834604313	-2.4915564426756	0	0.011	1	PNPLA7	c14
0.712431044801027	2.49098107227909	0.028	0.025	1	RGPD8	c14
0.0169438528981456	2.48508103791035	0.102	0.073	1	ATP8B4	c14
0.677089995580943	2.48466513303197	0.037	0.043	1	AC087623.3	c14
0.715327561529232	2.48400215045194	0.037	0.034	1	PIF1	c14
0.141771875420719	2.4839455272654	0.095	0.081	1	MIR181A1HG	c14
0.644742092014686	2.48331356316605	0.04	0.037	1	SLC12A2	c14
0.0657742381828104	-2.48235209869412	0	0.01	1	RND1	c14
0.00148273421581197	2.48188310641962	0.12	0.081	1	AC119396.1	c14
0.675613335663792	2.48154715676469	0.034	0.031	1	MLLT1	c14
0.167364200890311	2.4810703906142	0.163	0.16	1	NBEAL2	c14
0.000783880702200629	-2.47841513752216	0.003	0.039	1	PGAM5	c14
0.0692817878059282	2.47461586523309	0.022	0.011	1	AL158152.1	c14
0.0685164208192238	-2.47262142105782	0	0.01	1	TNFRSF13C	c14
0.595031721021666	2.47165294528209	0.025	0.03	1	C1orf112	c14
0.0681173787372389	-2.47117457423041	0	0.01	1	ZFP37	c14
0.606783579985819	2.47099480545284	0.015	0.012	1	AC108047.1	c14
0.0646347923850764	-2.46773747519333	0	0.01	1	HIST1H3F	c14
0.227763232441434	2.46754238202416	0.095	0.13	1	PGGHG	c14
0.782069570618896	2.46617623801243	0.012	0.011	1	CASTOR3	c14
0.0652018833120119	-2.46590819570532	0	0.01	1	SHISA4	c14
0.6484275402063	2.4648066012045	0.018	0.023	1	CD274	c14
0.872528583646827	2.46299616419254	0.012	0.011	1	AL356599.1	c14
0.0230773212074719	-2.46279631496639	0	0.016	1	KIF20A	c14
0.00352480545258829	2.46219882421803	0.114	0.078	1	FAAH2	c14
0.0103114364522138	2.46200645667066	0.194	0.171	1	SLC7A6	c14
0.620068590397324	2.45798378943459	0.018	0.015	1	RDH10	c14
0.305956797451509	2.45788499223902	0.095	0.087	1	CCDC84	c14
0.0661587589555906	-2.45377771124435	0	0.01	1	ADSSL1	c14
0.554319124667601	2.45210275948669	0.055	0.051	1	CCDC7	c14
0.634111251947449	2.45173205297095	0.062	0.073	1	INTS1	c14
0.857249517769943	2.45006313460534	0.034	0.033	1	ACAD10	c14
0.763705278290201	2.44992697882241	0.015	0.018	1	ELMO3	c14
0.328992003630246	2.44940783493432	0.031	0.023	1	SLC35G1	c14
0.295770572361369	2.44645725333793	0.043	0.034	1	MIR222HG	c14
0.342832620963319	2.44452415362503	0.046	0.038	1	ZFYVE26	c14
0.65320530943744	2.44296256346405	0.012	0.01	1	AL353759.1	c14
0.786447132120381	2.44219951529307	0.015	0.018	1	AC078846.1	c14
0.0538531596192107	-2.43999357371947	0	0.011	1	AC024592.3	c14
0.0823256535136804	2.4394753171628	0.058	0.041	1	FAM193B	c14
0.703498027389227	2.43470294055177	0.071	0.07	1	SPPL2B	c14
0.290535417144834	2.43409610689275	0.058	0.049	1	MFAP3	c14
0.500930981625481	2.43355293919866	0.058	0.053	1	PCGF3	c14
0.0587294847909922	-2.43346719342047	0	0.011	1	AL109955.1	c14
0.437660356271584	2.43226171087654	0.006	0.011	1	FAM66C	c14
0.0739357967916584	-2.43171082907391	0	0.01	1	FUT7	c14
0.599678336049791	2.42959307015251	0.12	0.125	1	NXF1	c14
0.455296323943552	2.42910068038448	0.012	0.018	1	HIST1H3C	c14
0.642057308593518	2.42754248650117	0.015	0.013	1	AL353622.1	c14
0.637774933180254	2.42629832836293	0.012	0.016	1	IL1R1	c14
0.432303382342571	2.4252215433578	0.009	0.015	1	AP002990.1	c14
0.344000153114283	2.42408490629188	0.092	0.085	1	DLEU2	c14
0.300202284281986	2.42300626438628	0.046	0.037	1	KIFC2	c14
0.0695249056539258	-2.42197971584166	0	0.01	1	C19orf44	c14
0.0707559092035417	-2.42104945577163	0	0.01	1	SNX33	c14
0.166267047755749	2.41917317687836	0.012	0.006	1	AC012313.1	c14
0.820067439731053	2.41848564133562	0.022	0.02	1	AC008764.8	c14
0.153685999496091	2.41804748568341	0.098	0.084	1	PATL2	c14
0.754269377636253	2.41714553792234	0.015	0.018	1	DNA2	c14
0.0691196360291622	-2.41381793715196	0	0.01	1	RIMS3	c14
7.93363337163977e-05	2.41366823292577	0.271	0.237	1	NLRC3	c14
0.417861865766731	2.41184943347353	0.111	0.109	1	MAPK8IP3	c14
0.307147877206771	2.41149577551225	0.052	0.043	1	NPEPL1	c14
0.350697150390466	2.40965095548536	0.04	0.032	1	B3GALNT2	c14
0.37573642328934	2.40914716858964	0.012	0.008	1	AC245140.2	c14
0.578998791922767	2.40493783454919	0.052	0.048	1	IFT80	c14
0.784011724126755	2.4025834678678	0.022	0.024	1	PLCXD1	c14
0.0642596299838883	-2.40250406387472	0	0.01	1	MAMLD1	c14
0.414676194628849	2.40111238057268	0.022	0.016	1	LINC02100	c14
0.405668339110075	2.39934043087255	0.006	0.011	1	AL590399.1	c14
0.650992384820421	2.39877930048007	0.028	0.024	1	PLXND1	c14
0.733383726717497	2.39701566954639	0.031	0.028	1	NPHP3	c14
0.675509940913641	2.39368717091077	0.018	0.016	1	ZDHHC8	c14
0.0589847272803283	2.39346098721612	0.154	0.138	1	ZZEF1	c14
0.917898267573579	2.38905627664099	0.012	0.013	1	TOLLIP-AS1	c14
0.0917400209422413	2.38881873809522	0.163	0.153	1	UBR1	c14
0.148689110776605	2.38722587383173	0.04	0.028	1	AC108134.3	c14
0.707082087808205	2.38610951541346	0.037	0.034	1	ZNF519	c14
0.000670508642995884	2.3853431878238	0.178	0.136	1	ITGB2-AS1	c14
0.95416578321922	2.38331988127449	0.028	0.028	1	PIK3C2B	c14
0.971122057232853	2.38277193706564	0.009	0.01	1	PPT2	c14
0.373499100864963	2.38234035601817	0.037	0.03	1	PLCL1	c14
0.786260116348176	2.38167167835026	0.009	0.011	1	RHOU	c14
0.342594990582179	2.38162899365343	0.068	0.059	1	UVSSA	c14
0.00211316417313961	-2.38156707079416	0.003	0.034	1	ASPM	c14
0.0735031760155154	-2.3811487196095	0	0.01	1	MAP1A	c14
0.57913908231002	2.38043036580104	0.022	0.018	1	FAM174B	c14
0.399491021202049	2.37953922720292	0.111	0.108	1	IFFO1	c14
0.0489763624814447	-2.37873315104121	0	0.012	1	C1R	c14
0.141915417004932	2.37814395151665	0.089	0.074	1	ATG2A	c14
0.0724333557357007	-2.37719739602488	0	0.01	1	AC021092.1	c14
0.549271276893451	2.37691989036083	0.046	0.041	1	ZMAT1	c14
0.0599327846665306	-2.37620591507202	0	0.011	1	ZNF90	c14
0.00189182146488345	2.37507370861243	0.194	0.159	1	MON2	c14
0.76033841837597	2.37499069012105	0.012	0.015	1	AP003716.1	c14
0.854218148023631	2.37457263151063	0.031	0.03	1	POLR3B	c14
0.91798770994598	2.37216407044371	0.012	0.013	1	SEMA4C	c14
0.851044675518088	2.37175002176484	0.025	0.024	1	TRIM3	c14
0.0786752020969601	2.36783562679112	0.071	0.052	1	MTHFR	c14
0.13293481769693	2.36665430459944	0.129	0.117	1	NPC1	c14
0.881096164111298	2.36520865582566	0.062	0.063	1	XPO5	c14
0.72427431474156	2.36162302560136	0.028	0.032	1	TRIM16	c14
0.52942725496338	2.36112200981804	0.034	0.029	1	AL592295.4	c14
0.878135970264916	2.35555799344292	0.009	0.01	1	HOXB7	c14
0.914399955107159	2.35171898408515	0.025	0.024	1	ACAD11	c14
0.90653697453663	2.35138631308013	0.046	0.047	1	ASH1L-AS1	c14
0.587303971554418	2.34882343899461	0.068	0.064	1	PTBP2	c14
0.141279884128287	2.34650478603771	0.055	0.041	1	L3HYPDH	c14
0.538093769709199	2.34611010522197	0.012	0.017	1	RFX2	c14
0.796657590556884	2.34591586315346	0.015	0.014	1	ZNF793	c14
0.0753122775946165	2.34548805555455	0.132	0.116	1	PIKFYVE	c14
0.758844838479251	2.34282874111483	0.025	0.028	1	AP006621.3	c14
0.00486285944639577	2.34185295339777	0.231	0.213	1	HELB	c14
0.28938895830263	2.34098250814406	0.025	0.037	1	ATXN7L2	c14
0.633883259920281	2.33630174513125	0.028	0.024	1	LINC00467	c14
0.844858617327768	2.33484962165853	0.012	0.014	1	AC099778.1	c14
0.81880187254788	2.3339493022569	0.012	0.014	1	SVIL	c14
0.0166153955228663	-2.33305905661201	0	0.017	1	TTK	c14
0.0505484091967841	-2.33132133766214	0	0.012	1	NRAV	c14
0.942550752524033	2.33131723805008	0.108	0.119	1	PILRB	c14
0.000102749002799965	2.331204439568	0.197	0.145	1	TXK	c14
0.465522088257428	2.33100126839722	0.025	0.019	1	SYNPO2	c14
0.330939370003799	2.33071472922252	0.086	0.078	1	AC087239.1	c14
0.614456114291051	2.32654690981193	0.022	0.018	1	SLX1A	c14
0.180819908283663	2.32590540012607	0.034	0.023	1	HOXB-AS1	c14
0.0202971217649346	-2.32572112334242	0	0.016	1	BCAT1	c14
0.0711713666780528	-2.32558969367207	0	0.01	1	IER3-AS1	c14
0.0323269751905437	-2.32517269559619	0	0.014	1	TONSL	c14
0.508784364909499	2.32278009324125	0.015	0.012	1	TTYH2	c14
0.122193837686917	2.32233497045187	0.015	0.031	1	MASTL	c14
0.126578818736275	2.32107591326601	0.12	0.106	1	ANKRD36C	c14
0.530389192306681	2.31946618568576	0.022	0.028	1	PLD2	c14
0.634196544888337	2.31930544709719	0.012	0.016	1	ULK2	c14
0.167351521919277	2.3182760664267	0.04	0.028	1	GTF2IRD2	c14
0.604512082482745	2.31822849115979	0.012	0.016	1	IRGQ	c14
0.843406938201923	2.3177795574079	0.018	0.02	1	ENC1	c14
0.861064109029999	2.31597047024858	0.022	0.024	1	AFG1L	c14
0.0421946447567355	2.31590593715001	0.145	0.124	1	MFSD14C	c14
0.0675234256805992	-2.31509234600765	0	0.01	1	AL450326.1	c14
0.603300002588233	2.31386535315488	0.012	0.016	1	MAP3K7CL	c14
0.862015320457031	2.31311632002261	0.068	0.07	1	OSBPL7	c14
0.36222919632264	2.31214093814295	0.037	0.05	1	KLHDC10	c14
0.329771250581562	2.31057165328993	0.009	0.016	1	AC004241.1	c14
0.184231563593153	2.31020888747543	0.049	0.037	1	HIST4H4	c14
0.95254196554933	2.30972358134753	0.028	0.029	1	LINC00265	c14
0.0582215972744293	-2.30912904055967	0	0.011	1	NRSN2-AS1	c14
0.532742607615414	2.30883769030745	0.065	0.06	1	TCP11L2	c14
0.569527017460363	2.30855089514347	0.037	0.032	1	ABCB10	c14
0.987845977016768	2.3084737563185	0.015	0.016	1	C1QTNF6	c14
0.0820828081028734	2.30814361123228	0.08	0.061	1	SLC35E2A	c14
0.0555897956686128	-2.30736243100795	0	0.011	1	PINLYP	c14
0.823216637432737	2.30695215889963	0.031	0.03	1	FUK	c14
0.0431813244422629	-2.30664943170162	0	0.012	1	CREB3L3	c14
0.062964576425282	-2.30516033830829	0	0.011	1	SCO2.1	c14
0.000257317757560462	2.30514209853524	0.157	0.107	1	TBC1D4	c14
0.497650563032996	2.30399967906165	0.015	0.012	1	ZC3HAV1L	c14
0.308201670100372	2.30351812282686	0.025	0.018	1	HECW2	c14
0.874321106283145	2.3004341231185	0.092	0.098	1	PIEZO1	c14
0.285025452719327	2.29862910772624	0.022	0.015	1	ADAMTS10	c14
0.0235993485314691	-2.2984635988081	0	0.016	1	NEK2	c14
0.400136732303699	2.29787269218332	0.077	0.07	1	DNASE1	c14
0.80294753884761	2.29671358819573	0.025	0.028	1	CHKB-DT	c14
0.643807409172868	2.29661292502756	0.015	0.019	1	ADAM12	c14
0.0693219568038205	-2.29522871221529	0	0.01	1	OSBPL1A	c14
0.39603366930913	2.29388838223288	0.086	0.08	1	D2HGDH	c14
0.884142513129413	2.29359840033957	0.058	0.06	1	AHCYL2	c14
0.981625563260179	2.29158593910413	0.04	0.042	1	AL137003.1	c14
0.439823692272271	2.29020675594976	0.028	0.037	1	ZBTB32	c14
0.494303661603721	2.28967896073175	0.009	0.014	1	AC004854.2	c14
0.311401416388093	2.28937858970965	0.129	0.126	1	MCOLN2	c14
0.326496545471432	2.28827268975795	0.034	0.047	1	STK11	c14
0.575643196205595	2.28749375726445	0.022	0.018	1	TET1	c14
0.625837475744928	2.28738040852097	0.015	0.013	1	EME2	c14
0.0046420774448914	-2.28536521286728	0.003	0.03	1	ZSCAN21	c14
0.883111186700286	2.28443476964609	0.049	0.05	1	CARF	c14
0.335882384402393	2.28414392214047	0.129	0.127	1	RNPC3	c14
0.0763641490729681	-2.28162807752142	0	0.01	1	LRRC29	c14
0.277909056175519	2.28108883307733	0.068	0.057	1	APOLD1	c14
0.954174968156693	2.28009714755374	0.049	0.051	1	PIAS2	c14
0.3922353667605	2.27737935870911	0.018	0.027	1	TRAK1	c14
0.616343361190901	2.2757301713459	0.043	0.039	1	C22orf46	c14
0.827093745465728	2.2752267687336	0.025	0.023	1	AC090517.4	c14
0.0264021390955948	2.27374247032069	0.194	0.179	1	ABCC1	c14
0.815823411834732	2.2733280165369	0.025	0.023	1	TNFRSF12A	c14
0.56573684869772	2.26968302730407	0.046	0.042	1	SLC16A1-AS1	c14
0.38143562674004	2.26915979501371	0.062	0.08	1	NRDE2	c14
0.674892000919855	2.26780435642551	0.074	0.087	1	DENND4B	c14
0.895857190814565	2.26739088867138	0.018	0.018	1	CCDC157	c14
0.981907949418368	2.26718904322347	0.028	0.028	1	AC136475.3	c14
0.947910885626117	2.26717122077982	0.058	0.063	1	RALGAPA2	c14
0.990736634401387	2.26617519225795	0.046	0.048	1	TYW5	c14
0.0249914031086626	2.26497308012692	0.034	0.018	1	MAPK12	c14
0.045460384718696	-2.26399625499273	0	0.012	1	DPF3	c14
0.329654550495905	2.26294399839846	0.028	0.039	1	AC103591.3	c14
0.850065450269379	2.26095239632472	0.071	0.073	1	P2RX5	c14
0.432447611142588	2.25939774647726	0.031	0.041	1	Z93930.2	c14
0.0498170606030717	2.25836581356647	0.046	0.029	1	TMEM117	c14
0.548358936422297	2.25746785855594	0.052	0.048	1	SRGAP2B	c14
0.879519474824168	2.2565780641242	0.028	0.03	1	MBTD1	c14
0.00300149687070074	-2.2563711738461	0.003	0.032	1	HNRNPUL2-BSCL2	c14
0.756058302589109	2.2562752438646	0.037	0.042	1	TMEM44-AS1	c14
0.0526259703214309	-2.25492796899816	0	0.011	1	REEP2	c14
0.269289252480406	2.25466455042297	0.006	0.013	1	AFMID	c14
0.997034090792982	2.25406133381529	0.012	0.012	1	GCNT2	c14
0.000631938900444794	-2.25344975534039	0.003	0.041	1	GGH	c14
0.844588866355109	2.25327318760347	0.058	0.059	1	ATG2B	c14
0.0215210597814076	-2.25230060382781	0	0.016	1	CIT	c14
0.0020425257587509	2.25028710691911	0.28	0.275	1	PCSK7	c14
0.800187441047091	2.24850213656982	0.055	0.055	1	CEP128	c14
0.185893165016426	2.2475818550793	0.006	0.015	1	HIST1H4D	c14
0.102011838604014	2.24443311866335	0.095	0.078	1	CCRL2	c14
0.895252421058391	2.24294071047929	0.022	0.023	1	ARL17A	c14
0.817729892150648	2.24280771091793	0.009	0.011	1	AC069544.1	c14
0.623780083875224	2.23950874345632	0.028	0.034	1	TMTC3	c14
0.916575453735259	2.23929973587171	0.08	0.089	1	GTPBP1	c14
0.671670885983181	2.23585966676106	0.018	0.022	1	RTEL1	c14
0.787699147787553	2.23585732117482	0.037	0.035	1	SIPA1L3	c14
0.863602687098673	2.23554336719237	0.025	0.024	1	LINC00115	c14
0.925029473401036	2.23462744338645	0.028	0.028	1	USP9Y	c14
0.283262107778232	2.23458910837918	0.068	0.057	1	ZNF235	c14
0.533596899552236	2.23379744478125	0.012	0.017	1	ARHGAP11B	c14
0.319280023723621	2.23239277133231	0.188	0.202	1	NLRC5	c14
0.481217267034567	2.23184436708835	0.031	0.04	1	PCNX3	c14
0.0707559092053486	-2.2310553149533	0	0.01	1	OGFRP1	c14
0.221667741145229	2.23102469388078	0.065	0.052	1	LYN	c14
0.82216891199675	2.23014305882936	0.092	0.106	1	MAVS	c14
0.193199095912724	2.23012550500054	0.022	0.013	1	SLC9A7	c14
0.23254024806786	2.22986952030627	0.031	0.046	1	BRD1	c14
0.52729811067832	2.22971705517604	0.049	0.061	1	ACAP3	c14
0.625968290731612	2.22925063168619	0.022	0.026	1	PAQR3	c14
0.535564137346802	2.22757655910677	0.012	0.009	1	AC087500.1	c14
0.1239735216171	2.22503600956869	0.037	0.025	1	WDR5B	c14
0.165338473917987	2.22346041241456	0.065	0.051	1	SLC25A13	c14
0.612159701494048	2.22187749648493	0.012	0.016	1	LRRC37A2	c14
0.962220142187357	2.22063203728695	0.037	0.039	1	PUS10	c14
0.889761318653695	2.22060886508299	0.077	0.085	1	ZNF609	c14
0.811311377175819	2.2192552236899	0.012	0.014	1	FAM19A2	c14
0.511901898466648	2.21876144218209	0.022	0.017	1	SESTD1	c14
0.378026079549879	2.21560966519775	0.08	0.073	1	TMEM260	c14
0.396374475092344	2.21259451350324	0.04	0.053	1	PIDD1	c14
0.00822137101185572	2.21161482270271	0.145	0.112	1	IKZF2	c14
0.324819065140752	2.21159414714137	0.058	0.049	1	NBPF11	c14
0.569952501030084	2.21115945481362	0.092	0.091	1	ZNF266	c14
0.552183684476261	2.21083779961914	0.043	0.053	1	ADAT2	c14
0.375016437568517	2.21048788318413	0.117	0.114	1	TRRAP	c14
0.656049938595947	2.21005217422367	0.058	0.069	1	DGCR8	c14
0.551983604942681	2.20854405051214	0.08	0.077	1	ZDHHC17	c14
0.726675706716718	2.20803345486681	0.018	0.016	1	AC245060.5	c14
0.581127458387523	2.20740721532035	0.034	0.03	1	EXTL3	c14
0.193822832597888	2.20729595154716	0.009	0.019	1	CA11	c14
0.181266389510932	2.20676839988984	0.114	0.102	1	ANO9	c14
0.75168244644974	2.20569547181704	0.095	0.099	1	SLC6A6	c14
0.583625917826181	2.20523058095738	0.015	0.02	1	LTB4R	c14
0.496051354647067	2.20281529002859	0.052	0.047	1	PLA2G6	c14
0.407663500597515	2.20148418640118	0.117	0.115	1	FAR1	c14
0.77466202224098	2.20111083304894	0.009	0.011	1	PRDM11	c14
0.114063219102641	2.20049268393643	0.132	0.119	1	ERO1B	c14
0.346870727935318	2.19992518329011	0.028	0.021	1	ALG10B	c14
0.723286567482527	2.19992238300707	0.012	0.015	1	DCUN1D3	c14
0.0594139354876172	-2.19908918732512	0	0.011	1	DNAJB5	c14
0.877110570663252	2.19723934799554	0.068	0.07	1	VIPAS39	c14
0.895507804482381	2.19627012540138	0.031	0.03	1	ZNF783	c14
0.671461268877367	2.1958318673829	0.018	0.016	1	RALGPS2	c14
0.975459137623391	2.19574333553209	0.055	0.059	1	TSC1	c14
0.947281756945741	2.19572713911257	0.015	0.015	1	CDKL2	c14
0.625924326286115	2.19540774173883	0.062	0.073	1	KMT2B	c14
0.468694038697036	2.19529599332804	0.012	0.018	1	HIST2H2BF	c14
0.147665982273454	2.19477437740095	0.006	0.016	1	POLQ	c14
0.446339955959537	2.19469578594253	0.015	0.011	1	AGBL2	c14
0.839107010672552	2.19332218384954	0.04	0.044	1	ZNF407	c14
0.0318739114463136	-2.19263513927145	0	0.014	1	APOBEC3B	c14
0.984247199799943	2.19257766133342	0.028	0.029	1	CRIM1	c14
0.790154114319282	2.19120876546332	0.04	0.045	1	SLX4IP	c14
0.898060647049643	2.19109191242737	0.028	0.027	1	ZNF513	c14
0.853160989964544	2.19108805519068	0.031	0.034	1	KIAA0556	c14
0.0575259691058259	2.19097599647777	0.04	0.07	1	TPM1	c14
0.403138535706031	2.19071076334463	0.031	0.024	1	AC015912.3	c14
0.631283933140942	2.18862961278491	0.052	0.049	1	ANKS3	c14
0.827156957441483	2.18728816666278	0.022	0.02	1	AC145124.1	c14
0.177539758207735	2.18721586332175	0.077	0.063	1	DGKH	c14
0.876202155992159	2.18656468555716	0.046	0.05	1	CA10	c14
0.553281666476387	2.18578785201246	0.012	0.017	1	AC239800.3	c14
0.876711231490374	2.18571636759673	0.018	0.02	1	USP40	c14
0.267411088895426	2.18569682038417	0.052	0.072	1	MYO19	c14
0.0752499908446617	-2.18532820635073	0	0.01	1	FAM81A	c14
0.600993488266814	2.18452853898055	0.043	0.052	1	SAMD4B	c14
0.810533579589452	2.18424368395517	0.098	0.104	1	SUGP2	c14
0.952623081252131	2.18326386364475	0.031	0.032	1	CACNB1	c14
0.000208181322303217	2.18249739832459	0.265	0.235	1	ZMYM2	c14
0.853041640011314	2.18245876505314	0.049	0.054	1	ZNF254	c14
0.768530367608879	2.18136918351625	0.015	0.014	1	ZKSCAN7	c14
0.0675234256816636	-2.18006237749896	0	0.01	1	NEFH	c14
0.832463000123893	2.17992537958427	0.025	0.023	1	SFXN5	c14
0.949653897216626	2.17853577720542	0.028	0.028	1	NAIP	c14
0.0236973993501727	2.17641135794128	0.212	0.203	1	VPS13A	c14
0.156101646388281	2.17637966132168	0.015	0.008	1	SPDYA	c14
0.0306701483115309	2.17532508358488	0.04	0.023	1	LGMN	c14
0.251648421277917	2.17475726040422	0.052	0.042	1	KIAA0355	c14
0.795695626380909	2.174135292997	0.049	0.048	1	TUBG2	c14
0.598953649454616	2.17408635493981	0.052	0.063	1	PLEKHG2	c14
0.249954077917088	2.17326268926614	0.114	0.106	1	ATP9B	c14
0.947129025928374	2.17310293677309	0.028	0.029	1	FDX2	c14
0.765276728710593	2.17248054709963	0.015	0.018	1	CCNYL1	c14
0.234658063205103	2.17059467212028	0.123	0.115	1	ZNF224	c14
0.971127167849892	2.17006303025749	0.071	0.077	1	ELP1	c14
0.822935271414669	2.16929103283769	0.012	0.011	1	AMN	c14
0.536747986586649	2.16831471593157	0.022	0.028	1	HIST1H2AK	c14
0.629438885327317	2.16825944512998	0.012	0.01	1	PRKN	c14
0.358735407857915	2.16752417938921	0.018	0.027	1	KIF1B	c14
0.0365048677086965	2.16744479972922	0.12	0.097	1	TMEM63A	c14
0.721220387307347	2.16708882754053	0.025	0.022	1	ZBED6	c14
0.552040964809386	2.16384586460516	0.083	0.101	1	AHI1	c14
0.441702215537429	2.16373068865189	0.04	0.034	1	PDSS1	c14
0.716144259801698	2.16327112886315	0.111	0.132	1	CDK16	c14
0.941503362912724	2.16161462354485	0.046	0.047	1	SGSM2	c14
0.715951470593625	2.1615467276839	0.111	0.117	1	SREBF2	c14
0.846808483072354	2.16148325704927	0.077	0.08	1	PEX1	c14
0.668882764497279	2.16086285020682	0.009	0.012	1	HLA-DOA	c14
0.00301155021676872	2.16060829379478	0.12	0.083	1	AC068775.1	c14
0.0705491465050099	-2.16009479769242	0	0.01	1	GPC1	c14
0.0866663856493302	2.15999546716434	0.003	0.014	1	LINC00630	c14
0.779396562710675	2.15971826134096	0.062	0.07	1	OTUD4	c14
0.581327012637828	2.15920618454721	0.018	0.024	1	SLC4A8	c14
0.86313592167175	2.15871424331678	0.012	0.014	1	DOCK7	c14
0.534599782713521	2.15659173797824	0.025	0.031	1	TMEM143	c14
0.67977000073484	2.15526504565253	0.031	0.036	1	SCRIB	c14
0.638570806791977	2.15523663633097	0.031	0.037	1	C1RL-AS1	c14
0.0691196360299176	-2.15392988774558	0	0.01	1	AC239868.2	c14
0.66932761653304	2.15185299168902	0.055	0.065	1	GRK5	c14
0.364938376202663	2.15142308209962	0.015	0.023	1	IFT122	c14
0.793485807962889	2.14906843013145	0.068	0.077	1	KCTD9	c14
0.57443560759453	2.14878537513894	0.018	0.015	1	ANO8	c14
0.37915224868593	2.14856598267632	0.012	0.019	1	NSMF	c14
0.90778584111921	2.14812820771664	0.043	0.044	1	AP4E1	c14
0.926982132870305	2.14766038425918	0.151	0.173	1	FAM118A	c14
0.783988932148378	2.14671644698144	0.089	0.093	1	SRGAP2	c14
0.662123661419634	2.14642285297159	0.071	0.083	1	MTMR3	c14
0.0946663599408972	2.14545325675335	0.142	0.127	1	PVT1	c14
0.394412900926797	2.1451459791673	0.049	0.042	1	AF165147.1	c14
0.774331242823578	2.14506226504347	0.028	0.031	1	CERS6	c14
0.864317068410534	2.14417791921455	0.132	0.148	1	HERC2	c14
0.610826111021786	2.14238990970977	0.012	0.016	1	ACACB	c14
0.882016334207715	2.14163592990275	0.077	0.085	1	NPDC1	c14
0.595487341083953	2.14142172917449	0.049	0.045	1	TAB3	c14
0.000589597628619833	-2.13944405903486	0.003	0.041	1	RMI1	c14
0.759105322726219	2.13932054508788	0.058	0.067	1	KAT2A	c14
0.915341329839782	2.13882920342433	0.04	0.04	1	TNPO2	c14
0.075693562593005	-2.13771470494146	0	0.01	1	CLEC11A	c14
0.411412142794409	2.13745572970809	0.025	0.034	1	GOLIM4	c14
0.650224560029605	2.13733595424464	0.012	0.01	1	CCDC78	c14
0.941400193513939	2.13694998466117	0.065	0.07	1	SCRN3	c14
0.61810419944805	2.13682081565388	0.009	0.012	1	ZNF175	c14
0.0978765119122884	2.13666768186993	0.172	0.164	1	P2RY8	c14
0.875413762389502	2.13555267973024	0.111	0.127	1	PTPRJ	c14
0.918746229370974	2.13527405191572	0.04	0.04	1	CCZ1	c14
0.980017391446147	2.13392337854145	0.018	0.019	1	ZNF782	c14
0.661373959887506	2.13373709802612	0.022	0.026	1	SLC19A2	c14
0.00181337243464006	-2.13366969209003	0.003	0.035	1	AMPD3	c14
0.838825197233164	2.13311176720652	0.052	0.052	1	KMT5C	c14
0.0739357967912978	-2.13290215694651	0	0.01	1	ASMT	c14
0.298340311385449	2.13244408415902	0.009	0.017	1	AC245595.1	c14
0.831663080347272	2.13205420271228	0.043	0.048	1	GANC	c14
0.62705563023818	2.13052379881415	0.009	0.012	1	RAB11FIP3	c14
0.827476557569582	2.12890208763959	0.012	0.014	1	LAMP3	c14
0.447114043995237	2.12781109624696	0.009	0.014	1	ZSCAN12	c14
0.887917336160831	2.12535929037696	0.009	0.01	1	GAS8	c14
0.399661745096384	2.12507848692711	0.049	0.042	1	FCRL3	c14
0.89767727784584	2.12443780037766	0.037	0.04	1	PCBP3	c14
0.372796307676299	2.1233484205767	0.166	0.175	1	UBR5	c14
0.249066996047414	2.12331744717445	0.092	0.082	1	RASA1	c14
0.0295021965486591	2.12105920527414	0.218	0.212	1	NABP1	c14
0.158517354228368	2.12081112842615	0.068	0.053	1	FAM102B	c14
0.657993936694056	2.1197903127315	0.04	0.047	1	SLC11A2	c14
0.314827400762433	2.11926814666753	0.006	0.012	1	UST	c14
0.0018740523691069	-2.11904806611886	0.003	0.035	1	UBE2C	c14
0.129685169214028	2.11872531867478	0.052	0.038	1	NCR1	c14
0.947459618653467	2.11822231185926	0.034	0.036	1	MCU	c14
0.557862855014296	2.11793136751848	0.052	0.048	1	APBB3	c14
0.954432257044245	2.11783779633276	0.015	0.016	1	FAM149B1	c14
0.992900585519179	2.11703663151491	0.022	0.022	1	ACCS	c14
0.751991954930954	2.11687221709918	0.018	0.021	1	SH3PXD2A	c14
0.497816794871646	2.11677616648728	0.068	0.063	1	TMEM161B	c14
0.312924347294985	2.11547470336333	0.095	0.087	1	FBXL20	c14
0.518874585831053	2.11495170958015	0.025	0.02	1	MICU3	c14
0.658819151368043	2.11466211797017	0.015	0.019	1	CBWD6	c14
0.411659779025948	2.11330415707258	0.049	0.063	1	SH3GLB2	c14
0.581864337785406	2.11321525890038	0.018	0.024	1	NOMO1	c14
0.997055955003023	2.11284898412617	0.071	0.076	1	INPP5F	c14
0.874968279573877	2.11143230382197	0.022	0.023	1	AC005332.7	c14
0.586503064496015	2.11060365652021	0.169	0.187	1	CCNL2	c14
0.456965883852191	2.11033185016517	0.012	0.018	1	ZNF343	c14
0.895528146141265	2.11027798459757	0.025	0.024	1	AC016727.1	c14
0.218439530960043	2.10904689603988	0.037	0.054	1	SPATS2	c14
0.0508688380613294	2.10811308818695	0.197	0.189	1	NLRP1	c14
0.387661781565794	2.10658549686136	0.012	0.008	1	PRMT5-AS1	c14
0.719091567296499	2.10655674121151	0.037	0.043	1	RAB11FIP2	c14
0.704806528179051	2.10549873337235	0.018	0.016	1	DPY19L3	c14
0.535279117167101	2.10519699721321	0.046	0.041	1	SLC12A7	c14
0.0410190353276824	2.10519390402455	0.166	0.148	1	GPR155	c14
0.299809821840752	2.10418301581663	0.129	0.126	1	SLC35E2B	c14
0.427856213903142	2.10361810345765	0.012	0.018	1	ZNF726	c14
0.399835137264916	2.10229862828097	0.009	0.015	1	BRIP1	c14
0.955655484818114	2.10193198605887	0.028	0.029	1	ADCY3	c14
0.834138279378941	2.10047318889108	0.022	0.024	1	TXNDC16	c14
0.425133551847043	2.10038347895962	0.009	0.015	1	SLC45A4	c14
0.684834378321235	2.10021102741424	0.028	0.033	1	KDM8	c14
0.332281156179084	2.09991676617484	0.006	0.012	1	CNNM4	c14
0.741355370659395	2.09960917428633	0.074	0.074	1	CLEC16A	c14
0.539539302980162	2.0989915984798	0.022	0.028	1	AC015982.1	c14
0.777249851888948	2.09869900426539	0.092	0.107	1	PIGB	c14
0.37294303913731	2.09869003926247	0.117	0.114	1	RIC1	c14
0.68950997562414	2.09860467979304	0.031	0.036	1	STXBP4	c14
0.35711206958734	2.09750371711937	0.022	0.031	1	FADS2	c14
0.975685814063144	2.09599315787812	0.018	0.019	1	FMO4	c14
0.425171016535861	2.09483807227331	0.012	0.019	1	TMPRSS3	c14
0.782123010280399	2.09480989050282	0.031	0.035	1	CLUH	c14
0.872684839340998	2.0948090013688	0.062	0.063	1	RPS6KC1	c14
0.232093852541502	2.09424456411367	0.012	0.022	1	CEP72	c14
0.599845790353308	2.09376279641946	0.071	0.068	1	MARCH3	c14
0.392029343821247	2.09370801356204	0.018	0.027	1	APTR	c14
0.973723011583536	2.09351930844687	0.046	0.049	1	SMCR8	c14
0.852719638912778	2.09325231776512	0.108	0.117	1	N4BP2	c14
0.4963644905379	2.09296108072829	0.031	0.039	1	MAPKBP1	c14
0.577221735294912	2.09264538895095	0.012	0.016	1	RPH3AL	c14
0.224407985517819	2.09242189752744	0.012	0.023	1	BUB1B	c14
0.957307662176479	2.09199377642483	0.022	0.022	1	TBKBP1	c14
0.259051915124053	2.09190146719231	0.046	0.065	1	TMEM94	c14
0.947600140232276	2.09138964898595	0.037	0.039	1	ZBTB41	c14
0.455089597868864	2.09112011155508	0.028	0.036	1	MFSD12	c14
0.566586256525054	2.09095148695604	0.018	0.024	1	USP35	c14
0.955414230340555	2.0908389205881	0.062	0.066	1	UBE2O	c14
0.701887015741246	2.08924855786003	0.022	0.025	1	ZSWIM3	c14
0.864675188057082	2.08897620528773	0.043	0.043	1	METRNL	c14
0.000251964787753098	-2.08870865681562	0.003	0.046	1	MSC	c14
0.507656747598198	2.08862544220862	0.169	0.22	1	AC004687.1	c14
0.717126064232919	2.08856856130652	0.037	0.034	1	ABCC4	c14
0.655645386038299	2.08849755709256	0.086	0.086	1	TELO2	c14
0.612169656509492	2.0881384202941	0.083	0.1	1	TRIM33	c14
0.139321891432533	2.08785195339779	0.009	0.021	1	C21orf58	c14
0.955799093739831	2.0876929698549	0.022	0.022	1	PDP2	c14
0.944740441358265	2.08763477703403	0.037	0.038	1	SEPSECS	c14
0.387411198807789	2.08328477533452	0.031	0.024	1	SH2D1B	c14
0.132261628367373	2.0814104129028	0.003	0.012	1	WDR62	c14
0.610557361203442	2.08087772418949	0.114	0.118	1	EDRF1	c14
0.910547491259772	2.07970966398212	0.015	0.015	1	ZNF816-ZNF321P	c14
0.457561479148048	2.07862220541923	0.015	0.022	1	ZSWIM6	c14
0.62149363297926	2.07856144919624	0.043	0.051	1	ZNF445	c14
0.559795427346798	2.07848011719621	0.129	0.135	1	BTAF1	c14
0.382755493397922	2.07807027752381	0.037	0.03	1	LINC01891	c14
0.000941027539130328	2.07804272895932	0.206	0.163	1	CCR7	c14
0.878333586782367	2.07794170929998	0.025	0.024	1	SYCP2	c14
0.00139691409174632	-2.07597737203849	0.003	0.036	1	MSANTD3	c14
0.677776348097047	2.07563879243907	0.083	0.083	1	VPS8	c14
0.00570140129856883	-2.07438700739345	0.003	0.029	1	CDCA2	c14
0.00716714216537149	2.07313957945896	0.295	0.31	1	ASH1L	c14
0.800343829896526	2.07246359986174	0.018	0.017	1	AL122035.1	c14
0.515536470827797	2.07215788702423	0.043	0.038	1	ARHGEF12	c14
0.988101264966453	2.07204959292329	0.049	0.052	1	ZSWIM8	c14
0.327131798713033	2.07186197512786	0.028	0.021	1	AC010522.1	c14
0.525203086122344	2.07115637474748	0.062	0.057	1	CCR9	c14
0.432113532359287	2.0702291485011	0.018	0.026	1	AC091271.1	c14
0.670546707826565	2.06869677689239	0.065	0.063	1	KIAA1671	c14
0.823939192722194	2.06836588289881	0.058	0.059	1	TMCO4	c14
0.984246705781591	2.06744579740593	0.018	0.019	1	ATP11A	c14
0.836360097259521	2.06723834030208	0.031	0.034	1	ZNF540	c14
0.173047431948918	2.06306198585686	0.135	0.127	1	SLC9A9	c14
0.442872345425738	2.06058021070768	0.009	0.014	1	FAM43A	c14
0.232778384328176	2.05966660191825	0.04	0.058	1	ENDOV	c14
0.950787118640407	2.05868250565091	0.025	0.025	1	NACC2	c14
0.931657526869253	2.05814040583171	0.009	0.01	1	FAM157C	c14
0.723718455136998	2.05725462721775	0.025	0.029	1	WDPCP	c14
0.265368553011445	2.05669614343371	0.049	0.068	1	PLXDC1	c14
0.849831301033064	2.05663088521667	0.055	0.056	1	ABCA5	c14
0.247460473482642	2.05574458910065	0.12	0.112	1	SLC12A6	c14
0.667671159422781	2.05530437081644	0.04	0.037	1	MFSD4B	c14
0.600165812998585	2.05431837571928	0.012	0.016	1	FSCN1	c14
0.376205688448621	2.05415705845983	0.006	0.011	1	MEGF8	c14
0.924954913142292	2.05316528155002	0.074	0.078	1	RABGAP1	c14
0.561453804682352	2.05286648239171	0.074	0.071	1	ARHGAP35	c14
0.688427974721677	2.05146227550258	0.058	0.068	1	EPG5	c14
0.721404226976508	2.05132370155503	0.034	0.039	1	ABAT	c14
0.377895327298968	2.04978609543667	0.022	0.031	1	CSRNP2	c14
0.704242652446193	2.04967381877221	0.071	0.07	1	USP24	c14
0.35516950676942	2.04940530857222	0.018	0.027	1	GEN1	c14
0.683077632979074	2.04929346521803	0.009	0.012	1	B4GALNT3	c14
0.67699236240144	2.04832642581729	0.046	0.054	1	TNK2	c14
0.289880192546235	2.04757044551525	0.08	0.107	1	KHDC4	c14
0.999129388752343	2.04726659923981	0.012	0.012	1	AL031963.3	c14
0.148008170091699	2.04676193256383	0.031	0.05	1	ST3GAL3	c14
0.542375083329564	2.04670449903921	0.018	0.024	1	THAP7-AS1	c14
0.78847589387386	2.04640624990105	0.012	0.014	1	NBPF9	c14
0.571895296101744	2.04638144314457	0.022	0.027	1	CUL7	c14
0.878655462277722	2.04578168617323	0.028	0.027	1	AL022157.1	c14
0.613945145972245	2.04544093055244	0.009	0.012	1	CALCB	c14
0.515320026610551	2.04529250607945	0.126	0.13	1	SUSD6	c14
0.036532998813111	2.04512009700129	0.262	0.276	1	TNIK	c14
0.193122220754101	2.04505564517144	0.037	0.026	1	AC020659.1	c14
0.775652908292346	2.04472013790759	0.123	0.146	1	NIPAL3	c14
0.424914451640043	2.04471195583284	0.034	0.044	1	ZDBF2	c14
0.600590227298182	2.04233743666313	0.012	0.016	1	ROBO3	c14
0.290289386801341	2.04193695828374	0.062	0.051	1	LINC00954	c14
0.863846956090957	2.04158329049619	0.142	0.16	1	TYK2	c14
0.990204897078356	2.0405562540034	0.028	0.029	1	KANTR	c14
0.312863444817	2.04049308816271	0.062	0.082	1	ATG14	c14
0.135099053018013	2.03893805051184	0.172	0.168	1	PELI1	c14
0.349765819798955	2.03857643323251	0.089	0.082	1	GXYLT1	c14
0.96516788355185	2.03694591861535	0.08	0.086	1	NF1	c14
0.972580458184586	2.03633346576121	0.046	0.049	1	TMEM63B	c14
0.34689016700799	2.03617717140602	0.188	0.202	1	NFAT5	c14
0.538480577410431	2.03406338452074	0.129	0.134	1	KIAA0319L	c14
0.022429420021887	2.03360607866457	0.231	0.225	1	GABPB1-AS1	c14
0.580290495514932	2.03329445844108	0.009	0.013	1	EVI5L	c14
0.917865376795869	2.03127370582278	0.2	0.244	1	PDE7A	c14
0.69011046674532	2.03061834426245	0.012	0.015	1	VIPR1	c14
0.895554003245651	2.02962430165069	0.12	0.133	1	ENOSF1	c14
0.883475776741597	2.0295131256854	0.028	0.027	1	LRRC37B	c14
0.859947656260881	2.02834197265697	0.163	0.189	1	SPTBN1	c14
0.637620976659204	2.02771072975929	0.092	0.111	1	NISCH	c14
0.42536209686671	2.0260678271964	0.055	0.048	1	LRRC8B	c14
0.302264468832746	2.02602954867432	0.071	0.094	1	CMTR1	c14
0.572372077748946	2.02583646877839	0.04	0.049	1	TAOK2	c14
0.267344284463417	2.02511475104324	0.043	0.06	1	ZNF518A	c14
0.770684753271866	2.02509954373682	0.055	0.055	1	EXD3	c14
0.984423391338486	2.02484940827831	0.052	0.055	1	SZT2	c14
0.181577691110973	2.02473036989983	0.055	0.08	1	ACOX1	c14
0.0109953445487186	2.02336767802234	0.277	0.283	1	LINC00861	c14
0.945614771350514	2.0232571799444	0.145	0.166	1	DGLUCY	c14
0.710908830395168	2.02274391570589	0.009	0.012	1	AL356481.1	c14
0.290891343532328	2.02254304262653	0.022	0.033	1	KIAA0753	c14
0.727181380620446	2.02234428661833	0.086	0.088	1	ABCD2	c14
0.851296704393636	2.02115170391137	0.055	0.056	1	LRIG2	c14
0.296265577769651	2.02106072836386	0.031	0.044	1	CCDC125	c14
0.670470847620598	2.0208619906016	0.145	0.158	1	CDK10	c14
0.60101967975768	2.0204696984874	0.105	0.127	1	NSUN6	c14
0.214237903263308	2.02026789674209	0.015	0.027	1	MELK	c14
0.981087093156939	2.01998429870133	0.046	0.049	1	ABCC5	c14
0.0264716518150759	-2.01978398627834	0	0.015	1	FAM72B	c14
0.0739357967916584	-2.01966618313708	0	0.01	1	CENPS	c14
0.701832692408735	2.01920169154691	0.012	0.01	1	LINC00910	c14
0.305761392426473	2.01900759498141	0.065	0.086	1	CARMIL2	c14
0.888932576344633	2.01877933215695	0.046	0.05	1	TARBP1	c14
0.201976146360006	2.01845552821528	0.071	0.099	1	CTC1	c14
0.220212346762143	2.01834679974249	0.16	0.159	1	UHRF2	c14
0.971740589299736	2.01806406000409	0.086	0.093	1	C1RL	c14
0.371836224706471	2.01777382016237	0.055	0.072	1	ERV3-1	c14
0.189205077614619	2.017423428985	0.058	0.083	1	CARS2	c14
0.387939639494453	2.01667083926609	0.095	0.09	1	MAST4	c14
0.246557240866866	2.01661905456799	0.169	0.172	1	KIAA1109	c14
0.483653770896062	2.01593067447238	0.102	0.1	1	SNX19	c14
0.664869946276627	2.01527174797271	0.138	0.15	1	TRPM7	c14
0.750991431529015	2.01503770671568	0.052	0.059	1	TOP3B	c14
0.676060746274503	2.01495464584919	0.102	0.105	1	HTT	c14
0.417317153702637	2.01486596619161	0.086	0.109	1	TRAPPC9	c14
0.837024974809218	2.01331854962916	0.114	0.132	1	FAM208B	c14
0.00017481858944109	-2.01327405913343	0.003	0.048	1	PDCD2L	c14
0.00207369951651632	2.01126442222904	0.283	0.278	1	TTC14	c14
0.521474156431919	2.00802197319596	0.028	0.035	1	CEP76	c14
0.312824597549012	2.00771365318398	0.012	0.021	1	AC104986.2	c14
0.688894300582733	2.00732662519264	0.135	0.147	1	RNF111	c14
0.755748337134795	2.00726476069439	0.031	0.035	1	LFNG	c14
0.908391231864232	2.005341949428	0.08	0.089	1	GMDS-DT	c14
0.655585634807979	2.00442367931364	0.068	0.08	1	MED13L	c14
0.204636841795858	2.00380678023824	0.182	0.187	1	EXOC4	c14
0.530249543536113	2.00378332900322	0.046	0.057	1	MROH1	c14
0.758512011173058	2.00323151139317	0.022	0.025	1	AC132192.2	c14
0.38182541313324	2.00219173908386	0.025	0.034	1	FGGY	c14
0.750679676037478	1.99981514925418	0.102	0.119	1	RERE	c14
0.825665869583326	1.99896356327099	0.12	0.14	1	SCAPER	c14
0.427560333315201	1.99855359182614	0.043	0.056	1	GBA2	c14
0.844967071646989	1.99845141009864	0.108	0.124	1	KLF3	c14
0.935042048635853	1.99838303926052	0.083	0.089	1	AMMECR1	c14
0.601787988364136	1.99788691017118	0.114	0.139	1	ITPR2	c14
0.992323695426814	1.99783595469227	0.022	0.022	1	KCNQ1OT1	c14
0.796368578763645	1.99764393563287	0.055	0.062	1	RHBDD1	c14
0.98934285237719	1.99722181448415	0.126	0.143	1	CCDC88B	c14
0.675991958796328	1.997068032321	0.052	0.05	1	TOM1L2	c14
0.552757224904544	1.99636819290668	0.046	0.056	1	CLN8	c14
0.95903168917958	1.99580893806354	0.028	0.029	1	TMEM150A	c14
0.403574761784934	1.99550725499296	0.015	0.023	1	NR3C2	c14
0.960842690473584	1.99525992626571	0.071	0.077	1	FBXO11	c14
0.739353004474341	1.99479392453822	0.08	0.093	1	PIP5K1A	c14
0.488651652747188	1.99422900761722	0.145	0.152	1	MAN2A1	c14
0.881709241526988	1.99405995664373	0.049	0.054	1	SPATA5	c14
0.444374522687089	1.9938848427492	0.022	0.029	1	AC058791.1	c14
0.014825715141139	1.9934658018995	0.212	0.197	1	SERINC5	c14
0.688796828521977	1.9933719102672	0.12	0.145	1	FAM53B	c14
0.684234694196689	1.99330113521473	0.018	0.016	1	PDGFD	c14
0.696580546995481	1.9931300134601	0.012	0.015	1	FNIP2	c14
0.233904807496049	1.99157954783305	0.012	0.022	1	LINC01678	c14
0.432021248542143	1.99147748592539	0.052	0.045	1	FES	c14
0.638955626241207	1.98958110805731	0.046	0.055	1	GK5	c14
0.681134306155505	1.98938062241093	0.009	0.012	1	ZNF772	c14
0.00133142907011983	-1.98638580708109	0.003	0.037	1	APOOL	c14
0.179207541739729	1.98627805650513	0.009	0.02	1	SOX4	c14
0.235154078944843	1.98613749100301	0.031	0.046	1	VAMP1	c14
0.37686893974776	1.98605553064128	0.009	0.015	1	FIZ1	c14
0.789509606152761	1.98571986348332	0.098	0.114	1	STRIP1	c14
0.922389958400524	1.98547185418858	0.018	0.02	1	LINC01011	c14
0.0350857115754839	1.9851551405683	0.08	0.056	1	KLRC1	c14
0.583092145858205	1.98511475470589	0.025	0.021	1	CAMSAP1	c14
0.82978999276126	1.98507033455078	0.009	0.011	1	TBCE.1	c14
0.585960725436275	1.98505841662847	0.08	0.097	1	SNX13	c14
0.633744954449936	1.98482799728489	0.095	0.096	1	UGGT1	c14
0.842390379116229	1.9847556122059	0.009	0.01	1	IRGM	c14
0.821320117893925	1.98449837894788	0.009	0.011	1	PSMD6-AS2	c14
0.72846865982758	1.98382795450197	0.009	0.011	1	AC093249.6	c14
0.527707317010355	1.98369046266002	0.04	0.05	1	LARS2	c14
0.408093449427931	1.98340949485031	0.025	0.034	1	LRP12	c14
0.467913783246171	1.9832699451283	0.009	0.014	1	FAM169A	c14
0.837976365860454	1.98230379289372	0.025	0.027	1	TPCN2	c14
0.421104837831282	1.98225468773132	0.055	0.071	1	SPICE1	c14
0.676724415683312	1.98196430681038	0.022	0.026	1	ZNF439	c14
0.071589415008366	-1.98118035217086	0	0.01	1	DGUOK-AS1	c14
0.753249460626227	1.98098311776635	0.111	0.118	1	SENP5	c14
0.681878533338824	1.98082701704438	0.031	0.036	1	C20orf194	c14
0.73983878276648	1.97932251755275	0.126	0.136	1	SLC30A7	c14
0.00597752586426505	1.97908735572099	0.218	0.196	1	AC007384.1	c14
0.869359417523728	1.9790752773676	0.037	0.037	1	FBXL8	c14
0.684812428255399	1.97875650604182	0.074	0.086	1	SCAI	c14
0.806349438741284	1.97858356468352	0.015	0.017	1	ARL17B	c14
0.309015237200446	1.97767079155835	0.071	0.094	1	DLG1	c14
0.908484954968981	1.97763158710335	0.083	0.092	1	INTS3	c14
0.324036192524634	1.97710842951373	0.022	0.032	1	PACS2	c14
0.706782804816382	1.97648110268312	0.058	0.068	1	CLCN7	c14
0.383348628166937	1.97643506335448	0.049	0.064	1	C15orf53	c14
0.410237486076853	1.97631666631423	0.074	0.094	1	ATP2A2	c14
0.626123432740206	1.97443408972376	0.034	0.03	1	TRAV39	c14
0.816584525829073	1.97397611693809	0.022	0.02	1	AGBL3	c14
0.836745417109398	1.97321631630002	0.031	0.034	1	SLC16A6	c14
0.6222620976677	1.97215872557613	0.012	0.016	1	EVA1B	c14
0.394954770031341	1.97174314049013	0.172	0.185	1	ATXN1	c14
0.883723706680639	1.97117115157194	0.086	0.097	1	PSME4	c14
0.458264370020472	1.97032333356292	0.16	0.17	1	CDK11A	c14
0.473699382726207	1.96909826492405	0.071	0.088	1	DMXL1	c14
0.0012860384359769	-1.96814088957826	0.003	0.037	1	METTL1	c14
0.462945262075104	1.96803312265441	0.018	0.025	1	WIZ	c14
0.792099849802709	1.96775338935993	0.126	0.138	1	FAM160B1	c14
0.442283603701539	1.96757778108538	0.065	0.081	1	ENTPD6	c14
0.559848681905998	1.96625135305738	0.08	0.097	1	VPS52	c14
0.386429659927423	1.96600723636466	0.006	0.011	1	PROB1	c14
0.982091200015547	1.96587035336339	0.062	0.066	1	RFX3	c14
0.87795800615732	1.96532802869433	0.12	0.133	1	SIDT1	c14
0.487344117594426	1.96497089503548	0.031	0.039	1	RAD54L2	c14
7.90836239104506e-05	1.96465429701529	0.345	0.349	1	TMEM259	c14
5.91487480652006e-05	-1.96455444252722	0.006	0.059	1	NXT2	c14
0.182265558271131	1.96423670523805	0.009	0.02	1	LINC02384	c14
0.0542380500804754	1.96418806304889	0.231	0.236	1	RBM5	c14
0.691772077062736	1.96363996679295	0.022	0.026	1	SS18L1	c14
0.765844303177088	1.9627311515471	0.098	0.115	1	ARAP1	c14
0.953596911307744	1.96230977892115	0.083	0.091	1	SLF2	c14
0.66573813944647	1.96199450343975	0.071	0.069	1	LCLAT1	c14
0.000263652813365919	-1.96186267953292	0.003	0.045	1	CHAC2	c14
0.00807427242860231	-1.96051552907474	0.003	0.027	1	MPP6	c14
0.643064813795468	1.96044433736692	0.132	0.141	1	TTC13	c14
0.46468370146557	1.95988714599957	0.062	0.077	1	MLKL	c14
0.0270727864399376	-1.95985597616123	0	0.015	1	GINS1	c14
0.583149471344464	1.9591585392827	0.062	0.074	1	ZNF490	c14
0.499038694162877	1.9590748151402	0.065	0.08	1	TRAPPC11	c14
0.862580376463217	1.95780695105564	0.068	0.075	1	TRIM23	c14
0.65292088631929	1.95772164521062	0.018	0.023	1	EPB41L5	c14
0.565310527979952	1.95768634684897	0.043	0.038	1	BCL6	c14
0.318797513071522	1.95757609096417	0.077	0.101	1	NAB1	c14
0.779508877039203	1.95751094447836	0.018	0.021	1	RASA4B	c14
0.00332224303582238	-1.95658051434507	0.003	0.032	1	KIF23	c14
0.918487609819223	1.95630288393139	0.065	0.067	1	XPR1	c14
0.0565116011367703	1.9560713224005	0.028	0.053	1	CAPN15	c14
0.993543870341365	1.9558870954924	0.037	0.038	1	SLC16A13	c14
0.38324492855907	1.95543631547583	0.006	0.011	1	JAM3	c14
0.587653848822481	1.9553705313292	0.015	0.02	1	DGKQ	c14
0.0664902600002987	1.95513320263678	0.243	0.256	1	LRBA	c14
0.272948253214754	1.95511767147057	0.028	0.041	1	DNAJA4	c14
0.843706586370869	1.95408932961041	0.025	0.027	1	RAD52	c14
0.992562042249898	1.95381289155876	0.028	0.028	1	BLOC1S3	c14
0.0442803602255152	1.95360660048283	0.237	0.243	1	TMEM131L	c14
0.858156622622692	1.95302706559773	0.022	0.024	1	TRAV18	c14
0.871199697482167	1.95246131354189	0.018	0.018	1	ZNF222	c14
0.286078894597906	1.95233006739044	0.015	0.01	1	SGMS1-AS1	c14
0.587896864054954	1.95176804438493	0.022	0.027	1	AC005261.1	c14
0.461203285183815	1.95140328199892	0.031	0.04	1	UAP1L1	c14
0.185643200451919	1.94999934492071	0.074	0.104	1	HEXDC	c14
0.493848838563884	1.94994264958187	0.068	0.084	1	SLC39A13	c14
0.305235536498942	1.94989849253506	0.018	0.028	1	PKP4	c14
0.272210360044109	1.94927813352629	0.006	0.013	1	DARS-AS1	c14
0.593152762764924	1.94816023363808	0.043	0.052	1	PROSER3	c14
0.484645956782239	1.94705477402129	0.049	0.062	1	NIFK-AS1	c14
0.799466792836938	1.94677838903951	0.105	0.122	1	CLASP2	c14
0.431819652716557	1.94535404881758	0.098	0.094	1	TMEM168	c14
0.335813341805347	1.94499652587732	0.015	0.024	1	QSOX2	c14
0.0632726697725279	1.94479953497449	0.24	0.251	1	IL17RA	c14
0.182777618161823	1.9444568209461	0.077	0.108	1	NCOR2	c14
0.521649017785456	1.94311496222741	0.062	0.076	1	PPP1R37	c14
0.997969896553959	1.94290422568305	0.022	0.022	1	ZNF512B	c14
0.141223612061688	1.9414714238241	0.031	0.05	1	ENTR1	c14
0.403101961799391	1.94137535503178	0.102	0.13	1	ZNF160	c14
0.368685938682637	1.94115236080952	0.092	0.086	1	HEATR5B	c14
0.571810132168404	1.94028244561958	0.049	0.06	1	ARFGEF2	c14
0.565379061454938	1.93983240600256	0.022	0.018	1	ITGA3	c14
0.373013587224554	1.9394762812846	0.012	0.019	1	ZNF80	c14
0.425467196786288	1.9379539023771	0.012	0.018	1	ARHGAP21	c14
0.311604647820353	1.9372892875865	0.034	0.047	1	TNRC18	c14
0.742747581440881	1.93722086034145	0.049	0.048	1	TEP1	c14
0.524474467119776	1.93716795263829	0.074	0.07	1	SGSH	c14
0.885192563674393	1.93620514919224	0.062	0.068	1	BRWD3	c14
0.722304016066128	1.93569466589692	0.012	0.01	1	PHETA2	c14
0.793990778812339	1.93520131170168	0.095	0.1	1	MED23	c14
0.880074424894214	1.93519501164378	0.2	0.242	1	MICAL1	c14
0.915676529680939	1.93514390772965	0.188	0.232	1	RBM6	c14
0.889465886456533	1.9346751215385	0.166	0.193	1	CREBZF	c14
0.343150186390888	1.93435297509209	0.031	0.043	1	AC009403.1	c14
0.509540287964228	1.93344569672741	0.203	0.233	1	NFATC2IP	c14
0.86244548987058	1.93339730471163	0.018	0.02	1	ANKS1A	c14
0.861052787130448	1.93260160642242	0.132	0.156	1	G2E3	c14
0.648164536223346	1.93239092357718	0.018	0.016	1	LINC02062	c14
0.776370357511129	1.93208323424355	0.009	0.011	1	AL451085.1	c14
0.537079147678542	1.93087052861284	0.012	0.017	1	AC009831.1	c14
0.430888339823096	1.93041323853612	0.218	0.251	1	TTC17	c14
0.928024760250132	1.93018442530454	0.089	0.099	1	AC093010.2	c14
0.106721421354353	1.93010709277025	0.034	0.056	1	HIVEP1	c14
0.458997592134794	1.93000659030423	0.052	0.066	1	VAV3	c14
0.962420123029123	1.92938684216653	0.049	0.052	1	ATL2	c14
0.471199329592295	1.92810672868427	0.163	0.175	1	PKN2	c14
0.726469165525155	1.92765821452748	0.117	0.136	1	HAVCR2	c14
0.245862053273198	1.92743944587926	0.206	0.222	1	STX16	c14
0.82810440729873	1.9272099610897	0.058	0.065	1	POLG2	c14
0.802326236495618	1.92720309473934	0.095	0.1	1	SNX29	c14
0.313094444554832	1.92709115284988	0.071	0.094	1	CCDC18	c14
0.000519286997021699	-1.92708366449699	0.003	0.042	1	KLHL26	c14
0.0874055555748649	1.92680925531181	0.003	0.014	1	SAPCD2	c14
0.790833721426704	1.92618643361791	0.049	0.055	1	RUFY2	c14
0.897709221589354	1.92454917557262	0.102	0.11	1	SELENOI	c14
0.844564184859971	1.92427567354355	0.123	0.136	1	ANO6	c14
0.331378765034026	1.92374960924515	0.006	0.012	1	RASA4	c14
0.299688917764515	1.92324053715131	0.009	0.017	1	DBF4B	c14
0.0767274732828778	1.92280150502802	0.022	0.042	1	OTUD7B	c14
0.918172203405846	1.92252095223192	0.018	0.018	1	AC116407.2	c14
0.0193354283666618	1.92229585580945	0.305	0.337	1	ATP2B4	c14
0.86348063859835	1.92167802439428	0.04	0.04	1	ZNF248	c14
0.332548366818993	1.92167288586811	0.068	0.089	1	SLC12A9	c14
0.000129001911104602	-1.92028312432425	0.006	0.055	1	C10orf143	c14
0.0013389402960372	1.91997934886796	0.274	0.258	1	PDE3B	c14
0.570162732806639	1.91969423143681	0.025	0.031	1	AC016831.1	c14
0.559244800456697	1.91829421834226	0.037	0.032	1	MTMR1	c14
0.493424509650236	1.91707458669455	0.04	0.05	1	ALMS1	c14
0.782559742398298	1.91674706388873	0.071	0.072	1	PPP1R3E	c14
0.000276040425569996	-1.91658609631401	0.012	0.061	1	CSF2	c14
0.945834352571438	1.916087285543	0.037	0.039	1	ZMYM6	c14
0.706123306926138	1.9157455868456	0.068	0.078	1	PAN3	c14
0.305208612094681	1.9156840925947	0.025	0.036	1	PPARA	c14
0.835800696710821	1.91449327308681	0.114	0.124	1	ADCY7	c14
0.263188912158927	1.91436429334216	0.055	0.076	1	PDPR	c14
0.354695578880521	1.91424466099145	0.012	0.02	1	PRKCE	c14
0.871569857655578	1.91351646394317	0.157	0.181	1	EDEM3	c14
0.000935744445435959	-1.91348132535452	0.003	0.039	1	PHLDA2	c14
0.0317921503122391	1.91331741406875	0.274	0.29	1	PHTF2	c14
0.604511418275356	1.91250549482526	0.046	0.055	1	SRGAP3	c14
0.834789051477087	1.91206199700655	0.135	0.151	1	PLCB2	c14
0.534430629150137	1.91192760250219	0.08	0.098	1	DENND6A	c14
0.210287073479929	1.91118552428029	0.138	0.192	1	HCG18	c14
0.521738759996425	1.91035120293274	0.006	0.01	1	AC091057.2	c14
0.349825957160379	1.9093375977432	0.031	0.043	1	STK11IP	c14
0.821281051987512	1.90849651447685	0.065	0.072	1	DIP2B	c14
0.932275712169727	1.90815601935849	0.117	0.13	1	ENTPD4	c14
0.721429720343425	1.90800599250834	0.126	0.15	1	IRF4	c14
0.000512332723336673	-1.9076414133061	0.006	0.047	1	AL136454.1	c14
0.91725458433279	1.90656432213378	0.043	0.046	1	DAG1	c14
0.588122801488758	1.90626492029458	0.031	0.038	1	FAM184A	c14
0.039287418836135	1.90562746818951	0.252	0.264	1	NSD1	c14
0.990777408356002	1.90534083357326	0.015	0.016	1	QPCTL	c14
0.849109047430561	1.90498497044952	0.077	0.08	1	ZNF808	c14
0.753210153598753	1.90478940188128	0.145	0.161	1	PPIL2	c14
0.537643264937502	1.90447592955172	0.049	0.06	1	AL359220.1	c14
0.287373160776187	1.90442759593311	0.077	0.102	1	METTL3	c14
0.45385030047485	1.90420673810926	0.015	0.022	1	KLF16	c14
0.88482271799183	1.90407740661928	0.049	0.05	1	ZSCAN32	c14
0.0215117563517462	1.90355716697381	0.025	0.055	1	AC008105.3	c14
0.925335187777573	1.90332308566044	0.015	0.016	1	MBNL1-AS1	c14
0.839192444887791	1.90267969918047	0.058	0.059	1	GRAMD2B	c14
0.4239614058387	1.90252985896077	0.037	0.048	1	PHKA2	c14
0.707304223792297	1.90149950506378	0.043	0.05	1	ZNF621	c14
0.52881469536445	1.90149223932775	0.126	0.158	1	IKBKB	c14
0.637898079275556	1.90096344815665	0.018	0.023	1	TCTN1	c14
0.737556676939842	1.9008456749336	0.046	0.053	1	PLXNC1	c14
0.74636398660053	1.89978552418158	0.206	0.266	1	BRWD1	c14
0.247476302487659	1.89966377878484	0.058	0.08	1	SCLY	c14
0.743231533900738	1.8986293663704	0.009	0.011	1	GCNA	c14
0.836221473604209	1.89856809365609	0.071	0.079	1	KAT2B	c14
0.772135389615402	1.89841726711593	0.068	0.077	1	TET2	c14
0.434014005344968	1.89810117605248	0.025	0.033	1	SMURF1	c14
0.0106612891433958	1.89779068199936	0.298	0.321	1	CDK5RAP3	c14
0.950787538273764	1.89655193488856	0.062	0.065	1	LINC01089	c14
0.814065467234201	1.89617292812578	0.083	0.095	1	TECPR1	c14
0.536626857417988	1.89610410561115	0.04	0.049	1	ZFYVE1	c14
0.234363956932787	1.89608337017696	0.095	0.13	1	ACSS1	c14
0.266275054028067	1.89508474216284	0.034	0.049	1	TPCN1	c14
0.0965954266011362	1.89468883342758	0.025	0.045	1	ATXN7L3	c14
0.212822186653707	1.89425673990641	0.031	0.047	1	CPLANE1	c14
0.971889393950098	1.89351736295025	0.095	0.104	1	ERCC6L2	c14
0.468539369821026	1.89260851321727	0.046	0.058	1	SLFN11	c14
0.61122284315011	1.8921464171918	0.185	0.209	1	THUMPD3-AS1	c14
0.223867922517188	1.89175209800605	0.012	0.023	1	CDC14B	c14
0.479933532242582	1.89162828001844	0.218	0.254	1	SPG7	c14
0.741711669806217	1.89126272166683	0.126	0.137	1	PCNX1	c14
0.326061236425236	1.89051957594342	0.258	0.3	1	TSPYL2	c14
0.769571385649156	1.89051647668479	0.055	0.055	1	EEF2K	c14
0.798047440129428	1.89043417106885	0.098	0.114	1	MRI1	c14
0.0176660887900854	1.89001905319716	0.302	0.329	1	RALGAPA1	c14
0.29823523054297	1.88968279891713	0.062	0.082	1	DDX11	c14
0.7751867321644	1.88880376854083	0.065	0.065	1	MTMR4	c14
0.935899815403967	1.88876771612718	0.018	0.019	1	SMAD1	c14
0.578542716874919	1.88811375760679	0.034	0.041	1	NEMP1	c14
0.809305601855865	1.88807688126589	0.2	0.24	1	MARK3	c14
0.259041153437107	1.88794100846422	0.098	0.132	1	FAM126B	c14
0.934423312692038	1.88765491108163	0.018	0.019	1	BEND4	c14
0.824378256431864	1.88641779959709	0.043	0.048	1	CRTC1	c14
0.307258458680382	1.8864051215892	0.009	0.017	1	GCAT	c14
0.976311418170575	1.88622090043929	0.08	0.085	1	IL2RA	c14
0.341512671279165	1.88572423251333	0.012	0.02	1	POLE2	c14
0.854072514121922	1.88555031235662	0.194	0.233	1	DDX39B	c14
0.442397153501232	1.88530167185477	0.009	0.014	1	SIGLEC10	c14
0.0669349548109031	-1.88473839916863	0	0.01	1	PRRG4	c14
0.69055835850689	1.88405139281473	0.126	0.135	1	EPM2AIP1	c14
0.278265740185041	1.88358117565261	0.04	0.056	1	ZNF66	c14
0.70665979015142	1.88316682430499	0.102	0.12	1	ZNF76	c14
0.141525184022026	1.88232018382657	0.012	0.025	1	AL355001.2	c14
0.410965966202662	1.8820194386691	0.043	0.056	1	SCMH1	c14
0.354696984256662	1.88180993576292	0.009	0.016	1	FGFR1	c14
0.803308283789764	1.88137867001424	0.095	0.1	1	VPS45	c14
0.67574961559636	1.88134699897526	0.022	0.026	1	TMEM106A	c14
0.11304487300571	1.88131342365696	0.031	0.052	1	CYB5D2	c14
0.268431922484909	1.88097842400908	0.037	0.053	1	DENND1A	c14
0.414348310935514	1.88095226029595	0.006	0.011	1	AL590705.1	c14
0.452681661333844	1.88063555570726	0.052	0.066	1	HAUS5	c14
0.302577913371541	1.88045176507686	0.311	0.399	1	GLG1	c14
0.0083607148405586	-1.8803729672404	0.003	0.027	1	CKAP2L	c14
0.00489582458289453	1.87946054422538	0.345	0.387	1	VMP1	c14
0.580025818644571	1.8792015384273	0.018	0.024	1	ZNF554	c14
0.186686708654906	1.87893675170196	0.052	0.076	1	FANCA	c14
0.178569827020775	1.87785200542358	0.006	0.015	1	SLC25A29	c14
0.171341987959736	1.87697017848733	0.114	0.159	1	MPHOSPH9	c14
0.788642961553323	1.87664675332956	0.151	0.17	1	PARP4	c14
0.537605760149158	1.87656248918935	0.018	0.015	1	AF117829.1	c14
0.269818252870943	1.87476340924378	0.234	0.265	1	FRYL	c14
0.0408171733502877	1.87474004053703	0.086	0.137	1	NCLN	c14
0.590673648436503	1.87435469948139	0.068	0.064	1	KLRC4	c14
0.465128909883989	1.87420143194439	0.015	0.022	1	DMWD	c14
0.96117009956058	1.87326130393683	0.012	0.012	1	GAB2	c14
0.00011134708880448	1.87310063867021	0.406	0.464	1	ARHGAP4	c14
0.758131892005049	1.87209026381143	0.058	0.067	1	ZBTB40	c14
0.092980938968799	1.87202778110908	0.225	0.234	1	MYO9B	c14
0.429311857600426	1.87202314732187	0.006	0.011	1	FKBP7	c14
0.607759102970588	1.87200669848744	0.123	0.151	1	PARP15	c14
0.437986212389812	1.87196475178823	0.031	0.04	1	ZNF678	c14
0.384661102189605	1.87169250314453	0.058	0.075	1	AL662844.4	c14
0.876116145305122	1.87135571298157	0.031	0.033	1	ZBTB11-AS1	c14
0.936373857361684	1.8709960154178	0.111	0.122	1	METTL8	c14
0.982472149815333	1.87083892170807	0.015	0.015	1	SPAG4	c14
0.527067404036448	1.87083274442771	0.015	0.021	1	STYK1	c14
0.908006589014385	1.87077781825432	0.114	0.125	1	POLM	c14
0.659820409572187	1.87050918138759	0.126	0.133	1	DUSP16	c14
0.56044361552438	1.86992935199443	0.009	0.013	1	PPP2R3B	c14
0.0638901130419112	1.86957572596552	0.012	0.03	1	NET1	c14
0.218406488347423	1.86942972979391	0.086	0.118	1	MAU2	c14
0.730542437417511	1.86919166696469	0.151	0.168	1	CENPT	c14
0.696134924376367	1.86908213252105	0.145	0.158	1	CCNT2	c14
0.52338454991255	1.86870663517526	0.058	0.072	1	CYB561D1	c14
0.939947971158937	1.86859298885751	0.086	0.095	1	MFSD8	c14
0.945223454208936	1.86858555320729	0.037	0.038	1	MAP3K12	c14
0.520876621666118	1.86833261055963	0.015	0.012	1	C6orf99	c14
0.204103903508199	1.8679253340005	0.065	0.091	1	AMBRA1	c14
0.658107758531864	1.86760993298208	0.022	0.026	1	DNAJC25	c14
0.371457987971748	1.86743781627596	0.028	0.038	1	ZNF337	c14
0.605530417616778	1.86721871415866	0.108	0.131	1	SPIDR	c14
0.555557858325118	1.86718728726755	0.077	0.093	1	HMBOX1	c14
0.916216540560693	1.86628638802806	0.009	0.01	1	AK4	c14
0.385010293077213	1.86575412661082	0.009	0.015	1	SLC43A2	c14
0.401812289999028	1.86575312214537	0.022	0.03	1	RTTN	c14
0.453411206911313	1.86553651627512	0.074	0.093	1	CRACR2A	c14
0.435450340528515	1.86542846202147	0.046	0.059	1	MSTO1	c14
0.433608782700965	1.86504005646759	0.052	0.066	1	MEPCE	c14
0.960394099841538	1.86485826351695	0.015	0.015	1	AL353708.3	c14
0.0577041251581998	1.86456984544597	0.274	0.302	1	BIRC6	c14
0.526411743706751	1.86452618410153	0.046	0.057	1	ZCCHC2	c14
0.180090853001655	1.8644865425226	0.089	0.125	1	TBC1D14	c14
0.785412849799682	1.86429466322991	0.022	0.024	1	LINC00921	c14
0.273811037921327	1.86388927210459	0.025	0.037	1	TNFRSF14-AS1	c14
0.209558603150813	1.86359213646291	0.058	0.082	1	SETD1B	c14
0.647980302119839	1.86257521720042	0.169	0.19	1	HDAC10	c14
0.675777697769271	1.86241850308085	0.018	0.022	1	OTUD3	c14
0.362782480800884	1.86208112528125	0.022	0.031	1	TOR4A	c14
0.783459336124895	1.86201720371358	0.092	0.106	1	VPS53	c14
0.028922632210998	-1.86130806676382	0.003	0.02	1	AC090061.1	c14
0.865915208644136	1.86048943342543	0.074	0.077	1	LDLR	c14
0.293746679475009	1.86041825628238	0.031	0.044	1	HIST1H2BC	c14
0.723347451366552	1.86036901633825	0.191	0.243	1	HERC1	c14
0.518634454037121	1.86011841059943	0.169	0.184	1	PLEC	c14
0.530153181967098	1.86009580984232	0.129	0.163	1	HSD17B7	c14
0.00208500715249092	1.86005922066032	0.332	0.353	1	ZNF292	c14
0.971446962131699	1.85978225165825	0.015	0.016	1	AC106739.1	c14
0.59198982682942	1.85842705519311	0.068	0.081	1	TOGARAM1	c14
0.965179865867997	1.85789613867733	0.182	0.221	1	HUWE1	c14
0.873130424954226	1.85752665097895	0.206	0.25	1	PPP1R16B	c14
0.136014608930049	1.8574430376639	0.049	0.074	1	AC025159.1	c14
0.724776346336826	1.85738222390235	0.172	0.216	1	P4HTM	c14
0.108459290879715	1.85666876732434	0.012	0.027	1	SLFN13	c14
0.379554384074347	1.85651130346855	0.24	0.28	1	CHD3	c14
0.891213207936586	1.85631749557575	0.114	0.131	1	AL390728.5	c14
0.256342928086807	1.85570431596988	0.092	0.124	1	RHBDF2	c14
0.470697224630573	1.8555708966536	0.015	0.022	1	NEK8	c14
0.591473591900248	1.85527853544993	0.015	0.02	1	GPAM	c14
0.610981379759273	1.85496991942835	0.142	0.176	1	ADAM19	c14
0.592960818256638	1.85423717196572	0.16	0.204	1	GAK	c14
0.984369201066962	1.85421778937281	0.025	0.025	1	VPS37C	c14
0.390606472694648	1.85359175376322	0.018	0.027	1	LINC01358	c14
0.815665782780869	1.85261518004817	0.163	0.185	1	MAF	c14
0.359066964745137	1.85255300915445	0.08	0.103	1	ATR	c14
0.036795066087509	1.85227992708139	0.068	0.112	1	RRBP1	c14
0.988588351873913	1.85227966047418	0.071	0.076	1	LRIG1	c14
0.853855572958771	1.85165701820459	0.031	0.03	1	ZNF280C	c14
0.747231709846963	1.85115340726565	0.012	0.015	1	TDRKH-AS1	c14
0.988654351647369	1.85071863242593	0.114	0.128	1	STAT2	c14
0.913133432527928	1.85024317878153	0.095	0.106	1	LINC00402	c14
0.912852842887468	1.84917559880785	0.074	0.081	1	EXOC8	c14
0.884315743781927	1.84905894658093	0.111	0.127	1	CCDC93	c14
0.467003462107067	1.84760207806885	0.209	0.239	1	KANSL1	c14
0.42275105803605	1.84724517283713	0.037	0.048	1	FNDC3B	c14
0.0731516468236904	1.84701548917125	0.012	0.03	1	DOT1L	c14
0.756007819803915	1.84687380893514	0.012	0.015	1	TRAF3IP1	c14
0.641458798595613	1.84593733996375	0.022	0.018	1	EPHA4	c14
0.00011994522187244	1.84537225397721	0.452	0.557	1	SYNE2	c14
0.549260088892574	1.84483710945548	0.089	0.109	1	TRAPPC8	c14
0.712327063072121	1.84435615971206	0.012	0.01	1	AC084018.2	c14
0.675586884956026	1.84432797744251	0.194	0.225	1	PARP14	c14
0.744058048048554	1.84425052895013	0.117	0.139	1	ATP13A1	c14
0.649709659593216	1.84401524366217	0.018	0.023	1	PFKM	c14
0.725851150559813	1.8435316023575	0.012	0.015	1	PPM1L	c14
0.900538568609301	1.84287743948755	0.055	0.06	1	MIB1	c14
0.862852459435151	1.84277357758476	0.058	0.059	1	RBM41	c14
0.0724333557373766	-1.84268635473798	0	0.01	1	TP73	c14
0.635586928321826	1.84265214682673	0.028	0.033	1	AL022328.4	c14
9.77044547364705e-05	-1.84198904702079	0.006	0.056	1	GSK3A	c14
0.7602985531776	1.84174850461205	0.163	0.185	1	DYM	c14
0.976259933145882	1.84171384311588	0.166	0.197	1	ZFC3H1	c14
0.985263166174568	1.84170317267446	0.182	0.218	1	RICTOR	c14
0.35667529213809	1.8415394801152	0.052	0.069	1	CEP170	c14
0.987842950008583	1.84109206824968	0.132	0.151	1	ANKZF1	c14
0.299518721348575	1.84100957744724	0.095	0.126	1	ZMYND8	c14
0.113976281544311	1.84087706876958	0.04	0.064	1	HDAC6	c14
0.463463091836965	1.84058933776389	0.055	0.069	1	SLC23A2	c14
0.861770900855605	1.83994589834555	0.015	0.014	1	AC010618.3	c14
0.00475702022822174	1.83927980521021	0.369	0.435	1	ITK	c14
0.56569586075776	1.83900455824759	0.089	0.108	1	ATXN7.1	c14
0.878564491627339	1.83892168123242	0.148	0.176	1	NUP107	c14
0.182604336463616	1.83883055613581	0.034	0.052	1	SRD5A1	c14
0.434033185903885	1.83817206736123	0.123	0.123	1	FAM120B	c14
0.350188588591199	1.83783496962957	0.034	0.046	1	STX2	c14
0.687379863028241	1.83746681368742	0.098	0.101	1	ALOX12-AS1	c14
0.557929820334447	1.83697441279774	0.012	0.017	1	ENTPD7	c14
0.000356565638321154	1.83656524253988	0.36	0.387	1	VPS13C	c14
0.567873593041981	1.8364810100939	0.028	0.034	1	SELENON	c14
0.799192150788256	1.83472177395758	0.034	0.032	1	SGPP2	c14
0.00749149873805703	-1.83464934697728	0.003	0.027	1	IKZF4	c14
0.64352609871833	1.83442813464416	0.037	0.044	1	ZC2HC1A	c14
0.43602951130498	1.8328956067088	0.034	0.044	1	PBX3	c14
0.633010985896888	1.83264245835759	0.022	0.026	1	MTPAP	c14
0.392354522507636	1.83253544378778	0.071	0.091	1	BRF1	c14
0.503473416995194	1.83242430545974	0.135	0.14	1	BRAF	c14
0.92856828600675	1.83222710348677	0.071	0.075	1	SLC9A8	c14
0.750220428163241	1.83140293715903	0.04	0.045	1	LINC01588	c14
0.556155724755655	1.83139593192205	0.018	0.024	1	AL691432.2	c14
0.758682285479542	1.83096503498164	0.16	0.197	1	UBR4	c14
0.247803913587833	1.83072674271233	0.074	0.1	1	RPRD1A	c14
0.327892744982127	1.8301357631117	0.028	0.039	1	PLOD1	c14
0.422333516042982	1.82960857854271	0.031	0.041	1	TTC24	c14
0.25694316112708	1.82909023241059	0.015	0.026	1	FARP2	c14
0.203282198700664	1.82898411568971	0.018	0.031	1	ZNF589	c14
0.447819771930825	1.82878954779283	0.062	0.077	1	AC008124.1	c14
0.498400447787563	1.82845996354981	0.111	0.139	1	SKIV2L	c14
0.278888578651821	1.82828434816663	0.043	0.06	1	IPPK	c14
0.272341454554129	1.8280004346515	0.191	0.202	1	ATP8A1	c14
0.782236129606699	1.82763645632835	0.018	0.021	1	FKRP	c14
0.647582100405102	1.82747730791065	0.062	0.072	1	PAXIP1-AS2	c14
0.88481150682702	1.82664443705384	0.012	0.013	1	AC138150.1	c14
0.376803386748405	1.82546931251508	0.04	0.053	1	BTN2A2	c14
3.74246834414384e-05	-1.82490240401781	0.006	0.062	1	MIER2	c14
0.11921208313525	1.82421288500798	0.022	0.012	1	YPEL4	c14
0.0348912569559518	-1.82399084005006	0	0.014	1	EXO1	c14
0.484772259244832	1.8237102929345	0.009	0.014	1	MYLK-AS1	c14
0.597998343220426	1.82350533354975	0.043	0.052	1	NOTCH2NL	c14
0.409006898135666	1.82333306369727	0.031	0.041	1	KLHL5	c14
0.231201535466367	1.82316575129201	0.012	0.022	1	TBC1D32	c14
0.832252047429368	1.82314155557596	0.025	0.023	1	NLRP2	c14
0.980231151504483	1.82307988750777	0.022	0.022	1	ULK1	c14
0.820909450686111	1.82216195919329	0.049	0.055	1	AC025171.2	c14
0.0970344736187707	1.82144735641216	0.111	0.163	1	STIM2	c14
0.989438738532431	1.82099745223528	0.037	0.038	1	AC114490.2	c14
0.218234256803992	1.82002800145802	0.178	0.182	1	CD84	c14
0.47987679734243	1.81960067839112	0.025	0.032	1	BAHD1	c14
0.455629261692326	1.81950183926787	0.006	0.01	1	AL359834.1	c14
0.854148666329403	1.81929652489006	0.04	0.044	1	WDR91	c14
0.00157506776818018	1.81909339364953	0.348	0.376	1	PYHIN1	c14
0.105639004055374	1.81883259678732	0.12	0.175	1	LUC7L	c14
0.497054035488966	1.81788980384677	0.031	0.039	1	DAGLB	c14
0.916440418554411	1.81782892259034	0.058	0.06	1	PRH1	c14
0.529880971784194	1.81740464531787	0.2	0.228	1	CDK12	c14
0.505122736014973	1.81702418619342	0.188	0.21	1	GPCPD1	c14
0.49486736953034	1.81691451110142	0.163	0.211	1	NADSYN1	c14
0.765119065685298	1.81671094697975	0.012	0.014	1	ZNF443	c14
0.376847851735297	1.81477110380792	0.009	0.015	1	OTUD1	c14
0.60274046938859	1.81462029312536	0.086	0.104	1	SETDB1	c14
0.887869446192383	1.8145736313926	0.046	0.05	1	IPMK	c14
0.836964051631989	1.8144644812257	0.209	0.254	1	SLFN12L	c14
0.453698055704547	1.81415411474898	0.015	0.022	1	OBSCN	c14
0.0600017558107669	1.81384042350449	0.04	0.069	1	YBX3	c14
0.824905590113564	1.81357158330349	0.114	0.132	1	TM9SF4	c14
0.652086293395548	1.81331698610091	0.062	0.072	1	DTHD1	c14
0.922656484432538	1.81327620482367	0.018	0.02	1	AL354733.3	c14
0.00608698402295402	-1.81299918650713	0.003	0.028	1	C17orf58	c14
0.790876935195001	1.81297233611867	0.022	0.024	1	CEACAM1	c14
0.0466466275929021	-1.81260866618543	0	0.012	1	PIMREG	c14
0.881103201561191	1.8125109589328	0.08	0.089	1	TMEM135	c14
0.193696674243757	1.81201738293564	0.037	0.055	1	HEATR6	c14
0.483855471147825	1.81120080102184	0.028	0.036	1	TYW1B	c14
0.921629579254805	1.81086906525773	0.037	0.037	1	SLC9A1	c14
0.534375355433449	1.81028484017304	0.052	0.064	1	WDR60	c14
0.133654997910956	1.81012456804872	0.065	0.095	1	MTOR	c14
0.930960235462452	1.81003849490842	0.102	0.114	1	TMEM41B	c14
0.571587341015988	1.81001364682871	0.034	0.041	1	ATP10A	c14
0.284210085735711	1.80993123396583	0.022	0.033	1	ZNF646	c14
0.0904442298429417	1.80989796161143	0.025	0.045	1	FAM168A	c14
0.504950214660356	1.80981162752662	0.077	0.095	1	PCNX2	c14
0.473227042740047	1.80958894851259	0.006	0.01	1	AC090114.2	c14
0.544639685970972	1.8090893917522	0.025	0.031	1	AC139530.1	c14
0.640649719374409	1.80900702730211	0.012	0.016	1	LINC00278	c14
0.674529751672069	1.80865697128679	0.018	0.022	1	ZNF582	c14
0.637777419777317	1.80828744318081	0.034	0.04	1	ACTR3C	c14
0.304077577733893	1.80768049716608	0.018	0.028	1	ZFP30	c14
0.0156041914548663	1.80747355800702	0.111	0.081	1	LAT2	c14
0.895220385383119	1.80742790507284	0.098	0.106	1	DGKE	c14
0.206804242863038	1.8065706807273	0.074	0.102	1	KIAA2026	c14
0.118657577631663	1.80653434143827	0.031	0.051	1	CEP89	c14
0.459806234380535	1.80509512691718	0.031	0.04	1	TSEN2	c14
0.160106202299587	1.80499570053938	0.111	0.156	1	POLK	c14
0.408837442901098	1.80454765240007	0.037	0.049	1	EFCAB7	c14
0.298829372735726	1.80388668420241	0.031	0.044	1	FBXW4	c14
0.717743110513238	1.80384506525078	0.092	0.095	1	NBPF15	c14
0.895839376439685	1.80356247331348	0.08	0.089	1	TULP4	c14
0.446275923308694	1.80342837616163	0.135	0.174	1	SPAG9	c14
0.182971858188811	1.80253544817782	0.052	0.076	1	GPR107	c14
0.42269591943188	1.80223140667348	0.006	0.011	1	AQP11	c14
0.490708695901406	1.80217402453796	0.031	0.039	1	ZNF316	c14
0.000943897350818835	-1.80125654852257	0.003	0.039	1	CDK2AP1	c14
0.868223236113417	1.80113413531475	0.16	0.185	1	SFT2D2	c14
0.277413588447449	1.80013748712681	0.089	0.119	1	TFRC	c14
0.597925641062448	1.79982336836221	0.022	0.027	1	MPZL1	c14
0.00323738365919014	-1.79966492653015	0.006	0.037	1	FCGR3A	c14
0.799744732929212	1.79958827119006	0.178	0.222	1	RC3H1	c14
0.805752476539913	1.79948886953698	0.058	0.065	1	TSTD2	c14
0.991661790774564	1.79947069405656	0.086	0.094	1	TUBE1	c14
0.402322791665968	1.79937288149914	0.022	0.016	1	B3GNT7	c14
0.992791188142979	1.79874111010512	0.129	0.147	1	MAML2	c14
0.219817024142467	1.79815604106621	0.086	0.118	1	GTF3C1	c14
0.0957163662798437	1.79808813979429	0.052	0.082	1	RUBCN	c14
0.130814043870118	1.79776242226833	0.065	0.095	1	PEX26	c14
0.896778272395816	1.79658020741907	0.058	0.064	1	ZFYVE16	c14
0.417737988187024	1.79613539983168	0.065	0.082	1	BAZ2B	c14
0.803740691127754	1.7957406994429	0.037	0.041	1	SLC25A35	c14
0.0762806059442566	1.79534253135588	0.114	0.169	1	ANKRD13D	c14
0.568064572514176	1.79460699178366	0.095	0.116	1	DTNB	c14
7.84155495410533e-05	1.79439180965749	0.44	0.528	1	SMCHD1	c14
0.66782415655133	1.79302121554443	0.046	0.054	1	INVS	c14
0.00197623278520141	-1.79287134291366	0.006	0.04	1	PDLIM1	c14
0.74459335637782	1.79272400260303	0.074	0.085	1	GTF3C3	c14
0.689845175983845	1.79212582067966	0.086	0.101	1	ADAM17	c14
0.0515762309162025	-1.79173400024314	0	0.012	1	PYCR1	c14
0.478487278764273	1.79137182806019	0.046	0.058	1	BTRC	c14
0.0103141696625413	-1.79125262837971	0.003	0.026	1	CD72	c14
0.163922621185229	1.79116633981051	0.031	0.049	1	CCHCR1	c14
0.109969098696087	1.79072248325501	0.065	0.097	1	GRAMD1B	c14
0.631184315995826	1.78998764655224	0.025	0.03	1	KIAA0825	c14
0.188215164910572	1.78948058236129	0.065	0.091	1	TRERF1	c14
0.229922234273753	1.78940614777805	0.031	0.046	1	SLC37A4	c14
0.446408893367814	1.78929760582898	0.034	0.044	1	USP46	c14
0.952100731851662	1.78921460364248	0.015	0.015	1	ZNF555	c14
0.505579699844471	1.78918597080441	0.083	0.103	1	NUDT18	c14
0.949547742924731	1.78771451915819	0.028	0.029	1	UBN2	c14
0.40613943858483	1.78743274641458	0.009	0.015	1	DYRK3	c14
0.451265940126135	1.78659285819566	0.092	0.116	1	SHPRH	c14
0.00522592457056701	1.7865907369165	0.366	0.427	1	LUC7L3	c14
0.614460524110483	1.78607937169055	0.145	0.155	1	PRKCA	c14
0.159680762471254	1.78572472059735	0.102	0.143	1	KDM5C	c14
0.254147610141907	1.78558608787622	0.034	0.049	1	ESRRA	c14
0.851229394468627	1.78520778126464	0.043	0.043	1	ANGEL1	c14
0.146316269949904	1.7847105197017	0.277	0.32	1	ZNF638	c14
0.184540857872687	1.78463327522852	0.04	0.06	1	ARHGEF19	c14
0.592651692823105	1.78460147887131	0.089	0.108	1	ANKFY1	c14
0.321703000964582	1.78436966562014	0.031	0.043	1	ZNF142	c14
0.34076934028844	1.78419265446684	0.065	0.085	1	TRMT11	c14
0.384588567434156	1.78335914933067	0.018	0.027	1	LBHD1	c14
0.939200072892745	1.78275463916717	0.022	0.021	1	FAM156A	c14
0.653344777046074	1.78180398413603	0.028	0.033	1	MBTPS2	c14
0.150340813443084	1.78035122959879	0.071	0.102	1	JMY	c14
0.683857374922773	1.77990579535391	0.08	0.094	1	TRPS1	c14
0.0364663599260199	1.77945230796018	0.108	0.169	1	CHD8	c14
0.801289289177353	1.77941749917349	0.022	0.024	1	TCAF2C	c14
0.062022631755804	1.77927872797835	0.031	0.056	1	MLH3	c14
0.648164847448311	1.77910379094335	0.102	0.122	1	INO80D	c14
0.526797463229447	1.77798913838438	0.043	0.053	1	SCAMP1-AS1	c14
0.532838842226355	1.77701809082438	0.025	0.031	1	MSH5	c14
0.424761463146217	1.77631264970598	0.071	0.089	1	ZFP14	c14
0.468534570411082	1.77600948912369	0.052	0.066	1	SIK3	c14
0.0762468716108418	1.77493993911722	0.089	0.134	1	MINK1	c14
0.337894218905379	1.77294215745428	0.009	0.016	1	ZNF286B	c14
0.503988036128503	1.77274374815164	0.022	0.028	1	VCL	c14
0.37697564517238	1.77235182729685	0.049	0.064	1	TBXAS1	c14
0.952098813922193	1.77149091745581	0.031	0.031	1	DIRC2	c14
0.67034143072342	1.77139183744694	0.052	0.061	1	DNAJC16	c14
0.333570676987724	1.77135234093146	0.083	0.108	1	SBNO2	c14
0.779901514520547	1.77125848036429	0.037	0.042	1	HLA-G	c14
0.498828616186373	1.7711928477527	0.046	0.057	1	RBM43	c14
0.925766015255706	1.77094587329685	0.018	0.02	1	MTMR8	c14
0.166312848976248	1.77090597738513	0.046	0.069	1	CASS4	c14
0.389259258423869	1.77090398651474	0.04	0.053	1	CORO7	c14
0.0223412523198644	1.77053267433139	0.308	0.342	1	UTRN	c14
0.00816710439874438	-1.76980051468244	0.003	0.027	1	ZSCAN5A	c14
0.696816412133091	1.76968714192065	0.148	0.162	1	ARID2	c14
0.000345020626482546	1.76966781465821	0.412	0.483	1	TMC8	c14
0.942948232628922	1.769261457949	0.231	0.298	1	SETX	c14
0.635413384810524	1.76912217186737	0.009	0.012	1	CD109	c14
0.968804340876446	1.7689442564956	0.145	0.169	1	KDM6A	c14
0.718110342817628	1.76853898033608	0.025	0.029	1	PTCD2	c14
0.223012770223529	1.76761636816066	0.102	0.138	1	MYO5A	c14
0.0128133665610965	1.76694018076183	0.077	0.134	1	ATP2B1-AS1	c14
0.338688755482226	1.7664615425038	0.289	0.359	1	TNRC6B	c14
0.277949317435623	1.76629734186284	0.095	0.127	1	TNRC6A	c14
0.991192349873185	1.76573171783677	0.012	0.013	1	ZNF577	c14
0.825075912859683	1.76561007808317	0.222	0.27	1	LPIN1	c14
0.895089055564509	1.76551064684484	0.04	0.04	1	P2RX7	c14
0.645797209855827	1.76391953412936	0.262	0.329	1	KMT2A	c14
0.689739120134491	1.76329568088243	0.074	0.086	1	TTN-AS1	c14
0.464400054772051	1.76287028897064	0.031	0.025	1	MMP23B	c14
0.962265328072396	1.7627801070472	0.052	0.056	1	AL135925.1	c14
0.114350700831144	1.76269881397793	0.265	0.296	1	TUT4	c14
0.188183244676602	1.76221555014522	0.043	0.064	1	DNAJC27	c14
0.544112735890706	1.76206300964009	0.031	0.038	1	GRAMD4	c14
0.688975972976911	1.76114958562819	0.129	0.138	1	CCDC14	c14
0.0442388689332981	1.76028174586792	0.009	0.028	1	MCM8	c14
0.113132090403097	1.75923336291063	0.114	0.165	1	MCM3AP	c14
0.032972475679452	-1.75908069326892	0	0.014	1	KIF18B	c14
0.393836605349076	1.75889231324483	0.08	0.102	1	GPR89A	c14
0.487530944794728	1.75833357704411	0.071	0.088	1	ATP8B2	c14
0.958952779530539	1.75798266266099	0.028	0.028	1	CCDC141	c14
0.30876371832307	1.75669117386952	0.114	0.15	1	UBA6	c14
0.142812775677531	-1.75623268727558	0.015	0.029	1	IL22	c14
0.685805298443321	1.75599011283508	0.234	0.286	1	GOLGB1	c14
0.632167885258213	1.75580671506567	0.025	0.03	1	FAN1	c14
0.03548915689585	-1.7554151534885	0	0.013	1	CDC25C	c14
0.418977445926036	1.75521488752744	0.092	0.117	1	APC	c14
0.200808128132092	1.75481407272146	0.003	0.01	1	ANGPTL6	c14
0.0339178284002601	-1.754315379491	0	0.014	1	TEDC2	c14
0.00614898169361675	-1.75414012922562	0.006	0.034	1	LOXL1-AS1	c14
0.417825316642831	1.75391675370318	0.083	0.106	1	LARP4B	c14
0.232803245914327	1.75372511927744	0.037	0.054	1	TRIM24	c14
0.177750997580664	1.75329324102879	0.046	0.068	1	LRRC45	c14
0.00574285739582574	1.75284297825868	0.166	0.128	1	KLRC3	c14
0.154412036776783	1.75205346098297	0.012	0.025	1	TRAF3IP2-AS1	c14
0.0998629813274744	1.75181421347668	0.022	0.04	1	STRN4	c14
0.414790094433051	1.75154304388224	0.065	0.082	1	SKI	c14
0.227962435202888	1.75122875033061	0.055	0.077	1	CSPP1	c14
0.558678102838571	1.75069569970843	0.037	0.045	1	INTS2	c14
0.0470326767673174	1.75018594217718	0.123	0.189	1	WDR74	c14
0.912433925050717	1.74987632173024	0.188	0.231	1	RAB11FIP1	c14
0.774579694167019	1.74968906067333	0.071	0.08	1	ZNF507	c14
0.155351984261052	1.74925707576992	0.022	0.037	1	POLE	c14
0.891513716731252	1.74900560766651	0.009	0.01	1	TBC1D8	c14
0.953526925707394	1.74872692757066	0.015	0.016	1	NAGLU	c14
0.0900486798514584	1.74855629135595	0.028	0.049	1	SLC7A1	c14
0.292834073852686	1.74701611199839	0.055	0.075	1	SLC35E3	c14
0.410940246692835	1.74640253753257	0.055	0.071	1	ZFAND4	c14
0.0129746988453203	-1.74606756882305	0.003	0.024	1	FAM84B	c14
0.438105161999616	1.74565410378848	0.012	0.018	1	ZNF337-AS1	c14
3.3637379001551e-05	-1.74528208428612	0.006	0.062	1	IFNGR2	c14
0.205946055500921	1.74432432204475	0.018	0.031	1	SLFN12	c14
0.858006297138532	1.74426374324193	0.043	0.047	1	SLC38A6	c14
0.452359015659236	1.74383141251329	0.105	0.132	1	TRNT1	c14
0.501525137385505	1.74340680586201	0.015	0.021	1	TRIM62	c14
0.572944519558745	1.74321326583828	0.018	0.024	1	GNA12	c14
0.288046366131393	1.74220864095839	0.015	0.025	1	ABL1	c14
0.212711551019519	1.74125499254406	0.052	0.074	1	HKR1	c14
0.690563422938739	1.74089913008231	0.018	0.022	1	FER	c14
0.502209018656055	1.74045773287839	0.225	0.263	1	TIA1	c14
0.283719001302665	1.74026297688441	0.065	0.087	1	FAM160B2	c14
0.710861949624137	1.7400458623966	0.058	0.067	1	TSPAN32	c14
0.277743732209011	1.73973903149786	0.089	0.119	1	SIPA1L1	c14
0.0310208674464864	1.73973552334842	0.332	0.388	1	FNBP4	c14
0.771635205929747	1.73961339214966	0.157	0.177	1	CRY1	c14
0.569766126085976	1.73952340560169	0.018	0.024	1	TENT4A	c14
0.277885222621688	1.73944345357141	0.074	0.099	1	PCYOX1L	c14
0.256828771547934	1.7393936373954	0.015	0.026	1	CADM1	c14
0.399068897431812	1.73898673121317	0.046	0.06	1	FOCAD	c14
0.270719922243548	1.73884589093868	0.04	0.056	1	KLHL2	c14
0.712240925715157	1.73844893407097	0.138	0.168	1	LAX1	c14
0.201351693005027	1.73811349111754	0.12	0.166	1	COG4	c14
0.576732674626006	1.73802782571052	0.142	0.177	1	TRANK1	c14
0.328752286550026	1.73747937577315	0.258	0.308	1	SSH2	c14
0.173450007572421	1.73698365003142	0.043	0.064	1	ASAP1	c14
8.40645734109506e-05	-1.73625895620282	0.009	0.063	1	TCEAL3	c14
0.178553861337401	1.73562602926515	0.068	0.096	1	SPPL3	c14
0.912665673407519	1.73545586844079	0.022	0.023	1	GPRASP1	c14
0.584569762216929	1.73446487576242	0.049	0.059	1	TIMM23B	c14
0.0680351158510862	1.73419301230575	0.065	0.102	1	HEXIM1	c14
0.825699036220673	1.73412178702072	0.08	0.091	1	ZXDC	c14
0.571144423749055	1.7340032713296	0.015	0.02	1	HAUS7	c14
0.605289941904469	1.73396400994355	0.169	0.188	1	ATP11B	c14
0.87891243113256	1.73384273235474	0.142	0.167	1	SFI1	c14
0.163906459772706	1.73373633684332	0.006	0.016	1	AC064807.1	c14
0.451851460229711	1.73292231652507	0.065	0.081	1	WDR7	c14
0.396841656251026	1.73229262030777	0.083	0.106	1	ZNF493	c14
0.0502051218151373	1.73226438645622	0.098	0.152	1	GBP3	c14
0.210455055708671	1.73203208613332	0.062	0.086	1	CYP51A1	c14
0.924796283538262	1.73199238243637	0.009	0.01	1	AL135791.1	c14
0.572414939140621	1.73178704989593	0.074	0.089	1	MTMR9	c14
0.252580908541377	1.73170564183195	0.114	0.154	1	ZNF101	c14
0.148484745123723	1.73085782431535	0.018	0.034	1	SLC27A1	c14
0.661461277751188	1.73060834253393	0.123	0.149	1	MAP3K4	c14
0.555166995065039	1.73057472170736	0.148	0.157	1	CDC14A	c14
0.703025793448179	1.73010613837187	0.065	0.075	1	ORAOV1	c14
0.2967324464513	1.72932977638605	0.114	0.151	1	OSBPL3	c14
0.531496046316612	1.7292788942437	0.089	0.11	1	ABCD4	c14
0.708685122539694	1.72827832999035	0.015	0.013	1	CACFD1	c14
0.97356401370038	1.72810504169058	0.058	0.061	1	TAP2	c14
0.724829117981239	1.72782408938586	0.175	0.221	1	USP34	c14
0.393238622753824	1.72710104464468	0.105	0.134	1	ANGEL2	c14
0.731168327024013	1.72693851885392	0.022	0.025	1	CRAMP1	c14
0.0222800432671795	-1.72679013885505	0.003	0.022	1	C8orf58	c14
0.305141653429718	1.72653463296537	0.022	0.032	1	ZFAT	c14
0.429790393487922	1.72631671847358	0.2	0.223	1	CCNT1	c14
0.44351329003013	1.72628536470967	0.006	0.011	1	RNF144B	c14
0.135750201221446	1.72621534876952	0.012	0.026	1	FLVCR1	c14
0.140777841150742	1.72620512130219	0.258	0.29	1	SYNE1	c14
0.459032084236744	1.72605332414804	0.148	0.149	1	SELL	c14
0.448438965774186	1.72588842182213	0.006	0.011	1	FAM66B	c14
0.535282575158089	1.72534036163006	0.022	0.028	1	AC093157.1	c14
0.811792743726403	1.72500301710795	0.018	0.021	1	ZNF785	c14
0.161292447180885	1.72474023566301	0.062	0.089	1	PISD	c14
0.907596933008142	1.72401742231392	0.068	0.074	1	ARL15	c14
0.3456234370433	1.72398314692931	0.228	0.258	1	HECTD1	c14
0.276974180169042	1.72344882376044	0.089	0.119	1	EDEM1	c14
0.264055726009295	1.72321314860062	0.046	0.064	1	SLC37A3	c14
0.935699236669049	1.72294685690081	0.111	0.122	1	SLC25A45	c14
0.72726425677395	1.72240877722126	0.074	0.085	1	PIK3C2A	c14
0.351589330073106	1.72138994789882	0.055	0.072	1	AC012645.3	c14
0.321717554521674	1.72113540151284	0.068	0.089	1	EZH2	c14
0.281098410333298	1.72096145772588	0.022	0.033	1	ZNF441	c14
0.422540117819387	1.71997546376469	0.006	0.011	1	CCDC30	c14
0.386504541453091	1.71972654040703	0.006	0.011	1	SNED1	c14
0.45485887226264	1.71942011150056	0.012	0.018	1	STAP2	c14
0.392859022503368	1.71833211242248	0.055	0.071	1	SLC35B4	c14
0.10009064270959	1.71832679962942	0.138	0.202	1	BOD1L1	c14
0.0975090524000231	1.71831395521163	0.043	0.069	1	CDK19	c14
0.16556843762963	1.71812108392347	0.037	0.057	1	TCF20	c14
0.685345812322127	1.71792331445518	0.018	0.022	1	AL138895.1	c14
0.650627876608079	1.7178080609285	0.154	0.192	1	RPS6KA5	c14
0.242281699649839	1.71779380434717	0.046	0.036	1	ADTRP	c14
0.821552359107034	1.717780879652	0.206	0.251	1	CAND1	c14
0.786883236703676	1.71760471734826	0.025	0.028	1	ZNF558	c14
0.644628433470012	1.71723620279817	0.009	0.012	1	AL355338.1	c14
0.210536209646883	1.71658297734844	0.015	0.027	1	ZNF823	c14
0.123800443901621	1.71522618009231	0.006	0.017	1	E2F8	c14
0.278017578492756	1.71481790689266	0.006	0.013	1	KCNK12	c14
0.00171902833314171	1.71477883366979	0.317	0.319	1	ARID5B	c14
0.303513299856392	1.71474981771623	0.086	0.114	1	NR2C2	c14
0.397352899976129	1.71428807954649	0.018	0.027	1	AC020765.2	c14
0.673678033211141	1.71391256511786	0.197	0.255	1	IRAK4	c14
0.618399095308703	1.71369306231864	0.022	0.027	1	AGER	c14
0.211112375744601	1.71220167048873	0.031	0.047	1	AGO1	c14
0.0834013807852404	1.71192768769344	0.077	0.117	1	VPS13D	c14
0.320181834970524	1.71192279004949	0.018	0.028	1	ANKDD1A	c14
0.217346594877075	1.71172558025277	0.062	0.086	1	NR2C1	c14
0.372770156875629	1.71127065756835	0.114	0.148	1	DICER1	c14
0.51938288479383	1.71125099002672	0.089	0.11	1	WDR37	c14
0.960046412009939	1.71068720514232	0.249	0.322	1	INPP5D	c14
0.335871258580109	1.71048437033315	0.006	0.012	1	AGAP3	c14
0.0106571100956579	1.70990113616001	0.388	0.48	1	SRRM2	c14
0.300559051738925	1.70970556249051	0.169	0.231	1	RHOT2	c14
0.0724878886602295	1.70935101418267	0.049	0.08	1	PRMT3	c14
0.307584968555027	1.70915296866687	0.074	0.098	1	TBCK	c14
0.515891960915178	1.70913561154118	0.068	0.083	1	FCHSD2	c14
0.469463748129119	1.70898070347031	0.028	0.036	1	COX18	c14
0.325182763513499	1.70864955043717	0.111	0.145	1	ETV6	c14
0.00290956442867286	-1.70843239106064	0.003	0.032	1	GNAO1	c14
0.170687101695937	1.70827719253296	0.068	0.097	1	TRMT13	c14
0.0176747631092279	-1.70806713997499	0.003	0.023	1	AC135457.1	c14
0.26865948775661	1.7079469601696	0.049	0.068	1	RAD51B	c14
0.96804693560729	1.70794118279712	0.034	0.035	1	ZNF34	c14
0.0478501960850241	1.70742937696719	0.092	0.144	1	ZNF451	c14
0.219521293443903	1.70695738395285	0.006	0.014	1	CTPS2	c14
0.500158921497535	1.70663954207443	0.022	0.028	1	TAPT1	c14
0.515585330144636	1.70659109580801	0.052	0.064	1	LZTR1	c14
0.758688882749603	1.70651479914009	0.028	0.026	1	ZSCAN30	c14
0.00228024683762162	1.70594558087955	0.372	0.426	1	LNPEP	c14
0.192023750443317	1.70488901410789	0.018	0.032	1	ZNF789	c14
0.298329475683229	1.70309067761729	0.062	0.082	1	KANSL3	c14
0.128252659366644	1.70290366219026	0.012	0.026	1	ARHGAP33	c14
0.740620848622542	1.70264879924705	0.028	0.032	1	PTPN12	c14
0.0771331746103183	1.70253132093526	0.332	0.402	1	DOCK10	c14
0.303258388500663	1.70226502761908	0.089	0.118	1	CYP2R1	c14
0.0850030924258199	1.70162342449581	0.052	0.083	1	JAK2	c14
0.116876356998179	1.70136604975976	0.003	0.013	1	TANC2	c14
0.679556026210116	1.70100376893859	0.031	0.036	1	VWA5A	c14
0.870037968810743	1.700342117072	0.123	0.143	1	LEMD3	c14
0.982518581403746	1.70029771524077	0.074	0.079	1	LMBRD2	c14
0.131875000542775	1.69982273637483	0.055	0.083	1	ZNF236	c14
0.421933473993946	1.6994535034441	0.068	0.086	1	MANEA	c14
0.221907241613449	1.69941388849727	0.018	0.031	1	SCUBE1	c14
0.314480277375885	1.69907948326442	0.034	0.047	1	CAD	c14
0.324756087358829	1.69899263882452	0.025	0.036	1	RECQL5	c14
0.952644706564778	1.69882541128499	0.028	0.029	1	FAM120C	c14
0.997811841581899	1.69872170545448	0.052	0.055	1	ZER1	c14
0.000287146165533627	1.69836136537538	0.422	0.479	1	CBLB	c14
0.813236997116361	1.69813516788685	0.108	0.125	1	FCHSD1	c14
0.164651142940196	1.69809476630528	0.015	0.029	1	EXO5	c14
0.313927864917374	1.69745163564216	0.083	0.109	1	ZNF335	c14
0.441254593908657	1.6966816756712	0.215	0.246	1	ADAM10	c14
0.381706445172076	1.69639706196871	0.034	0.045	1	ZNF318	c14
0.362177987311463	1.6961570878575	0.068	0.088	1	TRIM52	c14
0.25302813829119	1.69545436422634	0.077	0.104	1	HDAC8	c14
0.482389433484181	1.695356104196	0.037	0.047	1	CAPRIN2	c14
0.0121589298067234	1.69518064863119	0.015	0.045	1	TBC1D10B	c14
0.280399473405464	1.69461223052366	0.015	0.025	1	VPS54	c14
0.42945723102282	1.69365309014452	0.006	0.011	1	SPACA6	c14
0.488431168380274	1.69362479088192	0.055	0.069	1	CAPN10	c14
0.700973580553075	1.6936200754598	0.191	0.243	1	RALGDS	c14
0.800018406705876	1.69309049234688	0.117	0.137	1	TMEM175	c14
0.25923951443131	1.69290985607566	0.037	0.053	1	ZMYM4	c14
0.341151399815552	1.69269522961256	0.058	0.077	1	AL157402.2	c14
0.207435278512782	1.69268530672561	0.108	0.148	1	GBF1	c14
0.518861384574771	1.69248111853423	0.018	0.024	1	URB2	c14
0.0589841168602683	1.69199140693657	0.102	0.155	1	SLC30A9	c14
0.20781435542062	1.69190214644711	0.311	0.383	1	DYNC1H1	c14
0.346383844552274	1.69169054117515	0.046	0.062	1	DOPEY2	c14
0.626800704024395	1.69157720080792	0.169	0.189	1	PPP6R2	c14
0.760716586911087	1.69144183733614	0.015	0.018	1	KLHL23	c14
0.51317382532345	1.69075492001214	0.215	0.247	1	TRIB2	c14
0.0812968088388036	1.69068084992054	0.037	0.063	1	SLC5A6	c14
0.396546851049029	1.69064261677188	0.071	0.09	1	CLASP1	c14
0.101701272839929	1.68903905798969	0.332	0.412	1	TGOLN2	c14
0.210866849955929	1.68879148902587	0.006	0.015	1	SAV1	c14
0.715900963613012	1.68846080159116	0.071	0.082	1	MHENCR	c14
0.386864077405532	1.68844757878605	0.086	0.11	1	FAM214A	c14
0.846680631775261	1.68837022253955	0.191	0.239	1	STK38	c14
0.633995176785523	1.68822438290753	0.055	0.065	1	ODR4	c14
0.773715608605817	1.68803864074587	0.172	0.215	1	LONP2	c14
0.948618756389906	1.68736322628724	0.018	0.018	1	HHAT	c14
0.919370244455	1.68709694194444	0.025	0.024	1	METTL7A	c14
0.223314591863178	1.68620781430718	0.102	0.139	1	LCOR	c14
0.578853940319275	1.68608487660619	0.018	0.024	1	RALGPS1	c14
0.671493469136963	1.68602930075389	0.111	0.115	1	ARHGEF9	c14
0.318860358835207	1.68562600777205	0.04	0.055	1	TLK2	c14
0.116465963756865	1.6854180542196	0.089	0.13	1	OTULIN	c14
0.723976177166955	1.6850367586194	0.157	0.194	1	UBR2	c14
0.0735036270722883	1.68499960396626	0.018	0.038	1	ATP6V1E2	c14
0.00920414250396358	-1.68442620504092	0.003	0.026	1	PLAG1	c14
0.039150616203201	1.68436538488166	0.095	0.151	1	SLC25A12	c14
0.29293262836149	1.68430179718723	0.028	0.04	1	CEP131	c14
0.319865363726025	1.68414572790297	0.102	0.134	1	VPS39	c14
0.554275279625601	1.68403719457526	0.043	0.053	1	POU2F1	c14
0.203434771903207	1.68400253491052	0.025	0.039	1	METAP1D	c14
0.918387735777446	1.68334806208695	0.154	0.177	1	RUNX1	c14
0.172584471166663	1.68254436172865	0.015	0.028	1	RAI1	c14
0.572602503979567	1.68222256678683	0.043	0.052	1	RREB1	c14
0.130953232937717	1.68220507051164	0.015	0.03	1	CNTROB	c14
0.157183551537006	1.68203388784083	0.022	0.037	1	CTNNAL1	c14
0.341302361586579	1.68195305488008	0.08	0.104	1	TMEM181	c14
0.934181710291625	1.68168371503545	0.062	0.064	1	TMEM62	c14
0.197238484877096	1.68158102990559	0.031	0.047	1	ZNF765	c14
0.848151500493465	1.68140696554027	0.157	0.189	1	DDHD1	c14
0.282755086014577	1.6813995004138	0.098	0.131	1	INTS8	c14
0.880268815623819	1.68107419439949	0.163	0.196	1	TRIM14	c14
0.0481439621054803	1.68026428323261	0.012	0.032	1	FAM83D	c14
0.74078382762706	1.68015097787628	0.138	0.167	1	DMTF1	c14
0.0373372191567034	1.67972979832538	0.034	0.064	1	MOSPD1	c14
0.265642239305272	1.67946373753926	0.022	0.033	1	SDCBP2-AS1	c14
0.0920907830341511	1.67914192155198	0.058	0.091	1	TGFBR3	c14
0.644652446983942	1.67854520333601	0.089	0.106	1	OSBPL2	c14
0.122577912397956	1.67794709084254	0.031	0.051	1	PSTPIP2	c14
0.567463342195144	1.6778960267834	0.012	0.017	1	TMEM256-PLSCR3	c14
0.433844173880187	1.67758857704337	0.08	0.101	1	MDN1	c14
0.948696060055889	1.67726772485682	0.092	0.1	1	MZB1	c14
0.210620131940893	1.67611639034174	0.052	0.074	1	DHDDS	c14
0.700733279384623	1.67598608406418	0.043	0.05	1	ACOX3	c14
0.763487898772752	1.67572035966239	0.191	0.242	1	XPC	c14
0.518504689323168	1.67549884388556	0.212	0.246	1	NUP210	c14
0.135290512622651	1.67538749024755	0.046	0.071	1	BTBD7	c14
0.347178954761388	1.67517588125226	0.092	0.12	1	ANAPC2	c14
0.371148329720086	1.67514696641983	0.074	0.095	1	PYGB	c14
0.595577985048101	1.67491352882505	0.117	0.144	1	FUT8	c14
0.476898406402663	1.67490132534067	0.083	0.103	1	EZH1	c14
0.756286195562277	1.67480050251747	0.012	0.015	1	LINC01004	c14
0.0237325453304566	1.67471972444524	0.138	0.22	1	GRK2	c14
0.112397449974161	1.67471963978731	0.129	0.187	1	TMEM263	c14
0.246510942571972	1.6737569304205	0.12	0.162	1	MMP25-AS1	c14
0.658135948233012	1.67350762747499	0.031	0.036	1	SLC26A6	c14
0.344727033789984	1.67313310290809	0.052	0.069	1	SLC4A2	c14
0.472259046453704	1.67252835471134	0.135	0.173	1	UBE4A	c14
0.618073578473478	1.6722351172931	0.009	0.012	1	KIAA1324L	c14
0.388518800868141	1.67203967762957	0.065	0.083	1	LINC00909	c14
0.234088417629996	1.67156825900414	0.034	0.05	1	AC022916.1	c14
0.113149717480358	1.67149158789817	0.151	0.219	1	TRAF5	c14
0.0433938562640319	1.67052094587398	0.092	0.145	1	METTL14	c14
0.335751816918881	1.67033017910327	0.071	0.093	1	NAA25	c14
0.0706131607301414	1.67022385641244	0.037	0.064	1	COLGALT1	c14
0.157053250799454	1.66972642983526	0.08	0.114	1	SMARCAD1	c14
0.251617198454068	1.66881194100146	0.012	0.022	1	RBAK	c14
0.246218562173553	1.66843435958857	0.052	0.073	1	MYO18A	c14
0.244340953131578	1.66836230605809	0.034	0.05	1	HDAC4	c14
0.0971868274375842	1.66818144922345	0.071	0.107	1	TRMU	c14
0.911908564118274	1.6681261808225	0.142	0.166	1	EP300	c14
0.844205082664555	1.6680752853153	0.138	0.164	1	ZNF431	c14
0.0100875386074454	1.66728143296223	0.025	0.06	1	NPLOC4	c14
0.13047396672526	1.66646251989945	0.028	0.047	1	CASD1	c14
0.135919042519837	1.66631569951031	0.052	0.079	1	INPP5B	c14
0.953560103576742	1.6661344122129	0.148	0.173	1	REV3L	c14
0.478970095471588	1.66572089362803	0.074	0.092	1	ZDHHC13	c14
0.684749186312177	1.66549986142108	0.123	0.131	1	MAP3K5	c14
0.170017784038557	1.66519465071253	0.32	0.398	1	AKAP9	c14
0.171538087273078	1.66439548394776	0.006	0.016	1	HIST2H2AA3	c14
0.467805584846488	1.66439171529552	0.022	0.029	1	PLXNA3	c14
0.659205427432862	1.66429736823361	0.068	0.079	1	IKZF5	c14
0.23807833492148	1.66377189194809	0.083	0.113	1	CLCN3	c14
0.836883002999743	1.66316937377768	0.117	0.135	1	ZEB2	c14
0.513432421881735	1.6623360789794	0.049	0.061	1	SLC35D1	c14
0.936906854937947	1.66215042284967	0.203	0.248	1	BTN3A1	c14
0.305942470172818	1.66205641475045	0.068	0.09	1	SYNJ2	c14
0.454553900283109	1.66155579434154	0.148	0.191	1	SPEN	c14
0.274009983593388	1.66109254839241	0.12	0.161	1	SEC24C	c14
0.52375968310597	1.66094874379455	0.028	0.035	1	BBS1	c14
0.507809938411525	1.66058073430005	0.006	0.01	1	LINC00663	c14
0.342275459474985	1.66033961241693	0.068	0.088	1	REC8	c14
0.429029280271059	1.66020389537353	0.025	0.033	1	AC137767.1	c14
0.349443354273593	1.6587199922115	0.058	0.077	1	CSTF3	c14
0.558711961778681	1.65835649781573	0.074	0.089	1	ZNF460	c14
0.229967457507393	1.65819183139763	0.111	0.151	1	MTMR6	c14
0.78589493531114	1.65816592553807	0.089	0.103	1	ENDOD1	c14
0.371907627178348	1.65812051545514	0.055	0.072	1	RBM34	c14
0.526216790347777	1.65760965528987	0.022	0.028	1	TNK1	c14
0.163031484579752	1.65753535312138	0.006	0.016	1	HIST2H2BE	c14
0.0473139545096898	1.6574893629134	0.283	0.299	1	AOAH	c14
0.530088786553225	1.6569851545104	0.006	0.01	1	TNFRSF13B	c14
0.928363249474589	1.65636942368476	0.018	0.018	1	INO80B	c14
0.0614845429996735	1.65571517683003	0.046	0.077	1	WDR73	c14
0.500446037598805	1.65508463163334	0.022	0.028	1	WWTR1	c14
0.0253430676395823	1.65494804493717	0.012	0.036	1	GINS4	c14
0.452327072952356	1.65463797834155	0.031	0.04	1	SLC2A13	c14
0.158720355097404	1.65452386386756	0.034	0.053	1	IRAK1	c14
0.00337608596963717	1.65443429724728	0.049	0.104	1	CHD7	c14
0.266615079972923	1.6542992314139	0.138	0.187	1	WASHC1	c14
0.311593630859127	1.65379092335226	0.043	0.059	1	POFUT2	c14
0.0434070539604809	1.65316454849832	0.092	0.145	1	GLMN	c14
0.0171035039062916	-1.65311142442356	0.003	0.023	1	RAB11B-AS1	c14
0.521530430218401	1.65232565447614	0.108	0.134	1	AQR	c14
0.337088268632259	1.65205803521577	0.24	0.342	1	PRRC2B	c14
0.0223164682434021	1.65199859874707	0.074	0.125	1	ANKRD36	c14
0.22417549870974	1.65156713745703	0.142	0.195	1	CAPN7	c14
0.822446145774441	1.65133127642985	0.172	0.199	1	NCOA3	c14
0.680882826430341	1.65097067420028	0.089	0.09	1	HS3ST3B1	c14
0.587684882561762	1.65090346919594	0.163	0.208	1	TRIP12	c14
0.100559806983113	1.65085225363804	0.006	0.019	1	BFSP2	c14
0.247742524766482	1.65050369007994	0.006	0.014	1	NBPF10	c14
0.32989158353587	1.6497423385911	0.074	0.097	1	NSD2	c14
0.0603410417493494	1.64933629142432	0.08	0.124	1	HIPK1	c14
0.104788703915489	1.64932198613536	0.102	0.148	1	TFB1M	c14
0.318672423003942	1.64920323725	0.065	0.086	1	RBL1	c14
0.352612945835247	1.648996865568	0.015	0.024	1	GDPD1	c14
0.00806287629403487	1.64891804789537	0.338	0.382	1	CD46	c14
0.131358885783332	1.64865982475069	0.086	0.124	1	LRCH3	c14
0.0111040565015464	1.64837491218524	0.154	0.12	1	KLRC2	c14
0.290608250026214	1.64804496653814	0.031	0.044	1	HLCS	c14
0.506085766981488	1.64736285844815	0.015	0.021	1	ERMAP	c14
0.159580120117908	1.64705968542905	0.234	0.344	1	SLC38A2	c14
0.304220537460869	1.64680049701312	0.108	0.142	1	FCHO1	c14
0.099146161116041	1.64656211099704	0.08	0.119	1	ACOT9	c14
0.323326248069569	1.64618549622885	0.018	0.028	1	TADA2B	c14
0.272860815234503	1.64603018739485	0.086	0.115	1	PLEKHM1	c14
0.107940262821678	1.64596609136385	0.031	0.052	1	REXO1	c14
0.913346832582215	1.6459618543437	0.009	0.01	1	TIAM2	c14
0.244132475072718	1.64534470544236	0.098	0.133	1	ATAD2B	c14
0.00575457152003121	-1.64497611068701	0.003	0.029	1	TESMIN	c14
0.00145223415346456	1.64454940423077	0.4	0.476	1	ITGAL	c14
0.21969743553501	1.64346593393217	0.123	0.168	1	DENND4C	c14
0.268552214890757	1.64332689717893	0.028	0.041	1	SLCO4A1	c14
0.0100936295889565	1.64326389499507	0.058	0.109	1	NBPF19	c14
0.127938534763692	1.64258164908299	0.025	0.043	1	DVL3	c14
0.151823379190834	1.64249947772622	0.022	0.037	1	AC025171.3	c14
0.37989404119587	1.64183991902473	0.046	0.061	1	XRRA1	c14
0.936352232048543	1.64051254232037	0.022	0.021	1	PITPNM2	c14
0.212634035890082	1.64050514366326	0.083	0.115	1	USP7	c14
0.247743603426755	1.64035525970957	0.046	0.065	1	KLHL42	c14
0.673762125652295	1.64010176779381	0.009	0.012	1	FBXO10	c14
0.279196076249004	1.63986994637913	0.12	0.161	1	KIDINS220	c14
0.311476156119306	1.63967318470161	0.071	0.093	1	RNF169	c14
0.22095456923043	1.6396195855614	0.055	0.078	1	C16orf58	c14
0.549407687679715	1.63955407759757	0.148	0.187	1	LINC00649	c14
0.361542481957198	1.63944206894792	0.046	0.061	1	DOPEY1	c14
0.306370664621857	1.63880032088523	0.154	0.207	1	EHMT1	c14
0.0818351138318782	1.63852574190987	0.031	0.054	1	RHBDD3	c14
0.672714364504935	1.63837214443741	0.188	0.216	1	KDM4C	c14
0.316821637762804	1.63784441646737	0.018	0.028	1	XYLT1	c14
0.400170662485122	1.63767838069552	0.034	0.045	1	LMF1	c14
0.20954141657235	1.63729090928617	0.018	0.031	1	AHDC1	c14
0.262286280082647	1.63660386221223	0.123	0.166	1	KPNA1	c14
0.382850614293129	1.63654298027281	0.077	0.098	1	THADA	c14
0.876222515713179	1.6365321606382	0.028	0.03	1	SLC18B1	c14
0.327037310770742	1.63649353006108	0.065	0.055	1	MYO1E	c14
0.960393395896395	1.63618735704869	0.065	0.068	1	FAM8A1	c14
0.423262629747463	1.63616984422106	0.142	0.183	1	MGAT5	c14
0.0364802871244356	-1.63606778283829	0.003	0.019	1	C16orf86	c14
0.199049376602963	1.63527579712912	0.018	0.031	1	AC019205.1	c14
0.358911865987899	1.63498086959022	0.086	0.111	1	MYSM1	c14
0.12290723013798	1.63460587426248	0.105	0.15	1	ZNF276	c14
0.254335011834844	1.63404841252904	0.062	0.084	1	RPTOR	c14
0.289489538950723	1.63381605230628	0.129	0.173	1	ANKRD17	c14
0.53551868228237	1.63372926918161	0.015	0.021	1	FKTN	c14
0.363206327455417	1.63368401528522	0.154	0.205	1	ATG4B	c14
0.025945417663712	1.63362718559033	0.046	0.084	1	TRAF4	c14
0.107103566766427	1.63349090086737	0.028	0.048	1	INPPL1	c14
0.355603988901828	1.63245212837414	0.237	0.274	1	NUTM2B-AS1	c14
0.788652231828499	1.63220421995313	0.015	0.018	1	FAM135A	c14
0.104144889753794	1.6318160835814	0.037	0.061	1	TUBGCP4	c14
0.525098407138033	1.63152002737791	0.058	0.072	1	ZNF680	c14
0.191159717939154	1.63106517235795	0.037	0.055	1	PRR5L	c14
0.447870789161045	1.63095194082957	0.062	0.054	1	HES4	c14
0.136961357138401	1.63065129666947	0.022	0.038	1	NFXL1	c14
0.968211491420934	1.63057142326481	0.228	0.289	1	PHF14	c14
0.343732156586754	1.63028781119785	0.025	0.035	1	GPD2	c14
0.191603329863881	1.63005948287913	0.108	0.149	1	EXOG	c14
0.161330977402379	1.62974277372058	0.068	0.097	1	HOXB4	c14
0.339296744771541	1.62928510783153	0.034	0.047	1	CUL9	c14
0.74883570115072	1.62864341523178	0.022	0.025	1	IFNG-AS1	c14
0.051439334856951	1.6282331297575	0.068	0.109	1	TTC39B	c14
0.0958136205969218	1.62762181766121	0.12	0.176	1	PDK3	c14
0.0890906088312105	1.62742934986881	0.034	0.058	1	PEX10	c14
0.00985327010411528	1.62717029059914	0.382	0.463	1	PNN	c14
0.0119914699613184	1.6270187240257	0.126	0.209	1	PER1	c14
0.0976381685564609	1.62611023464477	0.105	0.153	1	HIBCH	c14
0.298020691865504	1.62563233584726	0.022	0.032	1	EVC2	c14
0.58911316376366	1.62544046755153	0.074	0.089	1	HGSNAT	c14
0.238179002558844	1.62478311379619	0.111	0.148	1	AUTS2	c14
0.150846049577689	1.62442089127707	0.012	0.025	1	CARM1	c14
0.129664350410943	1.6235504069082	0.092	0.132	1	KIZ	c14
0.809518343381742	1.62278195804643	0.185	0.216	1	BTN3A3	c14
0.218436898326178	1.62275944518431	0.142	0.195	1	JPX	c14
0.569379952494414	1.62263969291513	0.197	0.223	1	GNPTAB	c14
0.0353843192647038	1.62148762597099	0.338	0.397	1	RANBP2	c14
0.581690294419503	1.62139181826398	0.018	0.024	1	TSTD3	c14
0.244616206778746	1.62035335263996	0.018	0.03	1	RAPGEF2	c14
0.548515466061586	1.6202153370157	0.062	0.075	1	KDM5D	c14
0.0737559797204846	1.62006977706487	0.031	0.055	1	LLGL2	c14
0.196777567254807	1.61946904177374	0.037	0.055	1	ROCK2	c14
0.201266933792005	1.61918691795471	0.105	0.144	1	POM121	c14
0.403434401782356	1.61906131975367	0.049	0.064	1	ATXN7L1	c14
0.26750968306921	1.61904152868074	0.065	0.088	1	MAP4K4	c14
0.771223285922487	1.61890914616671	0.166	0.204	1	ZNF791	c14
0.447874148395845	1.61862486651952	0.086	0.108	1	ORC2	c14
0.451790250356928	1.61840072827128	0.012	0.018	1	LRRC8C-DT	c14
0.525776275191771	1.61778977282379	0.043	0.053	1	ADCK5	c14
0.421590314299525	1.61719396712057	0.111	0.141	1	SDCCAG8	c14
0.949810248888216	1.61674293019914	0.043	0.046	1	APPL2	c14
0.584419275891877	1.6165081795454	0.009	0.013	1	SYNM	c14
0.232278028391342	1.61622288544745	0.083	0.113	1	RGL2	c14
0.0920199196888478	1.61610195796792	0.012	0.028	1	FADS3	c14
0.591449066242915	1.61567318887516	0.243	0.295	1	SPPL2A	c14
0.907583634147354	1.61545209361995	0.178	0.211	1	ABHD3	c14
0.383958013029568	1.61523236053351	0.142	0.186	1	CREBRF	c14
0.158726713340135	1.6151973604213	0.031	0.049	1	LCORL	c14
0.263461162975387	1.61508892815279	0.068	0.091	1	CMTR2	c14
0.643551931373205	1.61490268804995	0.015	0.019	1	ULBP2	c14
0.149940309762006	1.61454541638762	0.065	0.094	1	C2CD5	c14
0.430085470983793	1.61443863050823	0.018	0.026	1	CLN5	c14
0.460792021035568	1.61376332233051	0.049	0.062	1	TTBK2	c14
0.630198457544707	1.61307104387156	0.191	0.248	1	ETNK1	c14
0.970068787089928	1.61304857323248	0.028	0.029	1	CD200	c14
0.409066216208385	1.61293147528235	0.006	0.011	1	PEX12	c14
0.240164319165172	1.61247220248123	0.092	0.125	1	ANAPC7	c14
0.0363127885062387	1.61246837862964	0.062	0.103	1	RAB21	c14
0.395123316012555	1.6121718831561	0.089	0.114	1	TP53INP1	c14
0.299808239940678	1.61207815156276	0.009	0.017	1	GPAT2	c14
0.0219854074695244	1.61145578326701	0.058	0.103	1	GOLGA3	c14
0.263957444874115	1.61129717590871	0.08	0.107	1	GSTM2	c14
0.215604497321077	1.6111040555561	0.105	0.143	1	BTN2A1	c14
0.0744901753020765	1.61108101170901	0.074	0.113	1	EIF3B	c14
0.169998205050215	1.61015957325327	0.111	0.154	1	ING5	c14
0.602777230104815	1.60989809838804	0.095	0.115	1	FAM126A	c14
0.319372369158241	1.60974201056649	0.062	0.082	1	DAPP1	c14
0.582206587175767	1.60964811748179	0.043	0.052	1	HSDL1	c14
0.124680691150103	1.60925088871633	0.046	0.071	1	RFWD3	c14
0.37773249491737	1.60916014469387	0.009	0.015	1	TTLL11	c14
0.534068869938809	1.60900997925516	0.058	0.071	1	H6PD	c14
0.557489370331392	1.60879370535016	0.262	0.311	1	LDLRAD4	c14
0.0997474512595453	1.6087746928288	0.028	0.049	1	CEP85	c14
0.230889854714676	1.60767773772063	0.052	0.073	1	RBM15	c14
0.62666591620655	1.60737342819387	0.062	0.073	1	SLC16A1	c14
0.411256626731441	1.60705595216436	0.006	0.011	1	ARMH4	c14
0.0360603222275032	1.60682955613164	0.04	0.073	1	MLYCD	c14
0.380887272844155	1.60652540074155	0.074	0.095	1	GALC	c14
0.0678533623398762	1.6053196401911	0.046	0.077	1	SYNJ1	c14
0.33829465927092	1.60495912943483	0.329	0.434	1	LBR	c14
0.497699661104096	1.60482817510495	0.043	0.054	1	ZNF714	c14
0.25197243869532	1.60415995650023	0.129	0.174	1	AP3M2	c14
0.408685249527581	1.60313866438336	0.025	0.034	1	BCR	c14
0.0994587163666076	1.60290345474142	0.329	0.402	1	SPTAN1	c14
0.0137744968599777	1.60255387732317	0.04	0.08	1	FMR1	c14
0.069266316850703	1.60243158089087	0.102	0.153	1	DNM1L	c14
0.00219931438030476	-1.60198744550772	0.003	0.034	1	SORD	c14
0.236922334189148	1.60182898514317	0.126	0.172	1	YTHDC2	c14
0.738270613207436	1.60159312523106	0.135	0.163	1	DZIP3	c14
0.174932060069626	1.60128055470848	0.034	0.052	1	WDR47	c14
0.0725336445876661	1.60110771052553	0.015	0.034	1	AL162377.1	c14
0.349107787129883	1.60109775537761	0.009	0.016	1	CAPS	c14
0.222711484027942	1.60065055770883	0.028	0.042	1	NOL4L	c14
0.203498893066748	1.60053436540004	0.243	0.36	1	HNRNPH1	c14
0.25397101356043	1.60017638029375	0.025	0.038	1	MAN1C1	c14
0.522113321595273	1.59989634804133	0.055	0.068	1	GALNT10	c14
0.61356604140308	1.59924328215515	0.012	0.016	1	PPM1N	c14
0.923381975539051	1.59871574068762	0.098	0.11	1	SLC39A10	c14
0.940775865152099	1.59870508437266	0.049	0.053	1	PAN2	c14
0.0557283963017237	1.59858772579443	0.055	0.091	1	GSE1	c14
0.00858885583410315	1.59849950592496	0.037	0.079	1	HIVEP3	c14
0.124798161726959	1.59687196167375	0.034	0.055	1	CENPL	c14
0.229006505240033	1.59655567075534	0.12	0.163	1	PTCD3	c14
0.192218840740282	1.59612790980878	0.031	0.048	1	RASGRF2	c14
0.101934337703652	1.59590760976181	0.052	0.081	1	KDM3B	c14
0.349586361973121	1.59581594468491	0.092	0.12	1	PARP6	c14
0.431715923941044	1.59554410422431	0.126	0.161	1	GLCCI1	c14
0.469937865811281	1.5954762703659	0.037	0.047	1	MAN2A2	c14
0.311365241301609	1.59521378646302	0.04	0.055	1	FANCL	c14
0.279012724995153	1.59509378821364	0.015	0.025	1	IBA57	c14
0.0379331355447325	1.59506166989118	0.092	0.146	1	ATE1	c14
0.327833687287212	1.59461295235489	0.015	0.024	1	SHPK	c14
0.257222999605728	1.59436005651737	0.012	0.022	1	PRDM8	c14
0.0130724674127906	-1.59378808227173	0.003	0.024	1	AL445524.1	c14
0.141678459171115	1.59352164111639	0.065	0.095	1	HMGCR	c14
0.364967371219668	1.5933354306183	0.034	0.046	1	ATXN1L	c14
0.276236924459778	1.59331242548688	0.022	0.033	1	ZBTB37	c14
0.134691137443217	1.59328282463031	0.105	0.149	1	MSI2	c14
0.3610749178012	1.59278416778152	0.043	0.057	1	ERC1	c14
0.098081983118339	1.59255881392558	0.074	0.111	1	SFMBT2	c14
0.21246181389293	1.59254925837469	0.037	0.055	1	SLC9B2	c14
0.651630907769138	1.59253079763664	0.074	0.087	1	ZNF841	c14
0.445058571207871	1.59230490115073	0.052	0.066	1	GALNT7	c14
0.367219681859101	1.59214422243511	0.157	0.208	1	CWC25	c14
0.251171205625975	1.59161233633763	0.068	0.092	1	UHRF1BP1L	c14
0.53819254613878	1.59156799182776	0.114	0.14	1	ARMH1	c14
0.171705024088897	1.5911544161651	0.102	0.142	1	SC5D	c14
0.62081716553274	1.59093684745117	0.022	0.018	1	TRBV24-1	c14
0.257624703913596	1.59066073357489	0.172	0.238	1	RNMT	c14
0.233910357006376	1.59057683626293	0.074	0.101	1	USP37	c14
0.0377507858319509	1.59051787377124	0.049	0.086	1	PGPEP1	c14
0.317772120367347	1.59038734807553	0.175	0.237	1	TRIM38	c14
0.167851445909581	1.59036733564896	0.095	0.134	1	JARID2	c14
0.551971538414075	1.58986146419201	0.043	0.053	1	LY96	c14
0.367736563014684	1.58916583491027	0.015	0.023	1	PIGW	c14
0.283637715029518	1.58895853998078	0.037	0.052	1	ZNF286A	c14
0.0933046330275494	1.58809142969972	0.049	0.078	1	DPH6	c14
0.00689855133864744	-1.58792840990994	0.006	0.033	1	ANKRD42	c14
0.16078959760363	1.5875364449459	0.046	0.069	1	AGPAT3	c14
0.693891754908385	1.58723606575475	0.009	0.012	1	AC007448.3	c14
0.46940023296567	1.58716956364897	0.24	0.331	1	SMARCA2	c14
0.904900804376263	1.58688260121731	0.015	0.016	1	PPP1R13B	c14
0.355281534630255	1.58660375518696	0.123	0.161	1	XPO4	c14
0.0443014581251399	1.58656054245512	0.062	0.101	1	WDR59	c14
0.919322922101544	1.58647285337112	0.105	0.117	1	KLRK1	c14
0.0966983436931535	1.58642702379277	0.028	0.049	1	DNASE1L1	c14
0.898817833150359	1.5862215112682	0.258	0.337	1	ACIN1	c14
0.131810449287842	1.58589951135183	0.034	0.055	1	JAKMIP2	c14
0.86366071089863	1.58570382226917	0.206	0.259	1	TNFRSF25	c14
0.324106372312105	1.58556843216811	0.062	0.081	1	PGM2L1	c14
0.842470434582603	1.58468180435673	0.018	0.017	1	LINC00528	c14
0.00928470624448862	1.58444344279836	0.157	0.261	1	SP140L	c14
0.243322445087298	1.58436191919506	0.015	0.026	1	SLC25A28	c14
0.000318389584431828	-1.58429080298556	0.009	0.055	1	AL392172.1	c14
0.084688472288496	1.58424575542427	0.031	0.054	1	RANBP10	c14
0.801266242570739	1.58368683093484	0.145	0.174	1	ANKRD49	c14
0.143004061658894	1.58359871048249	0.055	0.082	1	SIRT3	c14
0.486512259797999	1.58358767749677	0.018	0.025	1	ZNF440	c14
0.235274557361276	1.58352975612152	0.095	0.129	1	KIAA0100	c14
0.645759526465482	1.58335986208006	0.191	0.246	1	B4GALT1	c14
0.216591816133719	1.58254796603349	0.203	0.291	1	THOC2	c14
0.185707043367629	1.58230599749558	0.052	0.076	1	DIAPH2	c14
0.0733625058058651	1.58215089029214	0.074	0.114	1	CUX1	c14
0.451300988030036	1.58168770248675	0.065	0.081	1	DHX40	c14
0.418569585979989	1.58147772585249	0.015	0.022	1	FGR	c14
0.344232261994554	1.58115713649842	0.034	0.046	1	CEP57L1	c14
0.0983419363429101	1.58061865310506	0.04	0.065	1	SEMA7A	c14
0.239224587177786	1.58035610117374	0.095	0.129	1	MR1	c14
0.128759335309157	1.58027908535905	0.074	0.108	1	ATP2C1	c14
0.381372778231716	1.57999195124732	0.074	0.095	1	LETM1	c14
0.129472833413786	1.57931570874463	0.108	0.154	1	ABHD18	c14
0.00436948989562189	-1.5792731415673	0.003	0.03	1	COLQ	c14
0.488561891397584	1.57926863356019	0.142	0.18	1	KDM5B	c14
0.0947678215376089	1.5791617558028	0.009	0.024	1	AL031777.3	c14
0.0985809960170115	1.57904167997499	0.068	0.102	1	ZNF592	c14
0.260654719424608	1.57879467500924	0.028	0.041	1	AGO4	c14
0.00111130144124637	1.57872382505035	0.043	0.102	1	PELO	c14
0.440815358792645	1.57857176889358	0.028	0.037	1	AC044849.1	c14
0.332787968062731	1.57755006902013	0.135	0.179	1	VTI1A	c14
0.307541798750914	1.57747715042181	0.028	0.04	1	EARS2	c14
0.28719651126679	1.57747216873455	0.12	0.16	1	MBD5	c14
0.600929198718213	1.57699715377118	0.031	0.037	1	EID2B	c14
0.244866071798164	1.57561796998665	0.166	0.229	1	SLC4A7	c14
0.0525300432896926	1.57558634611502	0.391	0.502	1	SAMHD1	c14
0.206016921024541	1.57548693495414	0.028	0.043	1	CCDC138	c14
0.236509377680082	1.5750128636808	0.172	0.239	1	ATP2B1	c14
0.987354289020188	1.57412146374848	0.274	0.362	1	MYO1F	c14
0.14980475466632	1.57389734732425	0.08	0.114	1	TSC2	c14
0.0672767744096623	1.57380082445803	0.034	0.06	1	PLCXD2	c14
0.0190160128922468	1.57376831997123	0.068	0.117	1	FURIN	c14
3.12932316474117e-05	-1.57375447707064	0.009	0.068	1	GCSH	c14
0.0695779399425757	1.57344732055982	0.046	0.076	1	LDAH	c14
0.560353264167296	1.57336693837218	0.009	0.013	1	LRRC27	c14
0.0793659993851219	1.57316754144221	0.052	0.083	1	CAMKMT	c14
0.0100420314017262	1.57300447331016	0.031	0.069	1	ITGA5	c14
0.737461440999069	1.57261668718574	0.277	0.386	1	CYTH1	c14
0.389071321426273	1.57251279764411	0.212	0.293	1	FAS	c14
0.367434824506689	1.57231206703455	0.089	0.115	1	PRR14L	c14
0.271929738779064	1.5711884386063	0.182	0.251	1	CNTRL	c14
0.287986564985267	1.57117664003106	0.105	0.139	1	PNPLA6	c14
0.169697733596813	1.57117655317651	0.083	0.117	1	AVL9	c14
0.0264024747391226	1.57097478014294	0.043	0.08	1	ARFGAP1	c14
0.521998900608095	1.57071465344987	0.12	0.149	1	PCNX4	c14
0.0172910815302027	1.56977264054374	0.058	0.105	1	AUH	c14
0.3700576289283	1.56971443905602	0.129	0.168	1	CDK13	c14
0.00455094529080167	-1.56954960877297	0.003	0.03	1	SMAGP	c14
0.101447617259575	1.56928038734326	0.065	0.098	1	BACH1	c14
0.0957247016730433	1.56905865131933	0.022	0.041	1	GNE	c14
0.443307327373373	1.56846762518266	0.065	0.081	1	NHLRC2	c14
0.730698092810972	1.56786562917322	0.052	0.06	1	DPEP2	c14
0.168666612186567	1.56783642933262	0.132	0.185	1	MPPE1	c14
0.487139877389101	1.56781972933445	0.062	0.076	1	PIGL	c14
0.153898279928146	1.56781543844181	0.363	0.465	1	CFLAR	c14
0.663028338273256	1.56762260921077	0.132	0.161	1	SNX14	c14
0.194710054794857	1.56761843869188	0.022	0.036	1	EPHA1-AS1	c14
0.263452177500306	1.56761665692281	0.265	0.31	1	SMG1	c14
0.081812337970913	1.56700066334349	0.055	0.087	1	VILL	c14
0.330507819728036	1.56670804875253	0.025	0.035	1	FLNB	c14
0.301580022847864	1.5666973147756	0.135	0.18	1	NFX1	c14
0.17163512263758	1.56637389537308	0.077	0.108	1	C18orf25	c14
0.119364361014039	1.56634668156953	0.083	0.121	1	HMGXB3	c14
0.371230706225837	1.56562146683838	0.009	0.016	1	EFNB1	c14
0.909998872124034	1.56543033981451	0.025	0.026	1	AL627171.1	c14
0.239267726856139	1.56519209953489	0.018	0.03	1	AC004812.2	c14
0.0261842241908538	1.56480289309082	0.117	0.187	1	WDR6	c14
0.000622156040974098	-1.56432185539715	0.003	0.041	1	PRKAG2-AS1	c14
0.151985052434828	1.56359242941938	0.003	0.012	1	SPA17	c14
0.261154914422538	1.56296055012909	0.132	0.179	1	PPP1R21	c14
0.0168202819664663	1.56269733051843	0.157	0.255	1	PUM2	c14
0.22687611709862	1.56267198834529	0.034	0.05	1	DOCK9	c14
0.133555403984869	1.56252089881466	0.055	0.083	1	PDCD11	c14
0.694257083102457	1.56201320369985	0.015	0.019	1	ARAP3	c14
0.0175629134156349	1.56089734750099	0.366	0.433	1	PDE4B	c14
0.799666999518951	1.5608251287611	0.058	0.066	1	ZNF746	c14
0.294332629335559	1.55968692787852	0.028	0.04	1	DHX57	c14
0.104243970150695	1.5595889432235	0.003	0.014	1	SLC44A3	c14
0.917321824633822	1.55941443800191	0.252	0.321	1	RIPOR2	c14
0.844225717639071	1.5593511464761	0.028	0.03	1	NECTIN3	c14
0.900377273832698	1.55908043893103	0.295	0.399	1	ARAP2	c14
0.270860804766057	1.559072478322	0.166	0.227	1	ASXL2	c14
0.35783588621614	1.55866811356416	0.157	0.209	1	LINS1	c14
0.139286402875992	1.55808614309731	0.142	0.202	1	RB1	c14
0.0186795468882893	1.5580061447774	0.009	0.033	1	SLC29A1	c14
0.267402596009744	1.55795338843228	0.015	0.025	1	ZNF776	c14
0.364804603892721	1.55779531919193	0.225	0.315	1	INPP4A	c14
0.270709341407572	1.55773072773094	0.154	0.208	1	LYST	c14
0.246035596793194	1.55726516052925	0.154	0.211	1	USP33	c14
0.437970470810244	1.55720280085231	0.157	0.205	1	PSMA3-AS1	c14
0.0843960516394967	1.55716866287924	0.018	0.037	1	HIST1H3H	c14
0.947008583845402	1.55714052540819	0.034	0.036	1	C7orf31	c14
0.907210949650733	1.55695113625098	0.009	0.01	1	AL163973.2	c14
0.0340821396638972	1.55660460175318	0.049	0.087	1	SMPD2	c14
0.610237434757351	1.55643655794191	0.102	0.123	1	LRRC8C	c14
0.153165417512012	1.55643146547418	0.009	0.021	1	AL136962.1	c14
0.234161879544893	1.55634156037096	0.08	0.109	1	AL357060.1	c14
0.35146437257464	1.55629288929773	0.077	0.1	1	PEX13	c14
0.187106464578615	1.5561859712996	0.022	0.036	1	MYO1D	c14
0.0578952215128307	1.55572589216454	0.046	0.078	1	ACAD8	c14
0.74295034971871	1.55557975681595	0.015	0.018	1	ACVR1B	c14
0.292583198454984	1.55540745124316	0.135	0.181	1	COG5	c14
0.377775415269597	1.55520181458058	0.111	0.143	1	SMG6	c14
0.0475709661499389	1.55509953025786	0.071	0.114	1	SCO1	c14
0.377586884053714	1.55461887296398	0.015	0.023	1	MAMSTR	c14
0.285716847205831	1.55414164654282	0.234	0.336	1	ATM	c14
0.154784995899928	1.55413191711761	0.031	0.049	1	MTHFD2L	c14
0.129653755520693	1.55385072615612	0.052	0.079	1	RFX1	c14
0.107177711824224	1.5537937495062	0.188	0.277	1	KMT2C	c14
0.960342372616586	1.55368543516706	0.012	0.012	1	AC078785.1	c14
0.670354551183985	1.55364972153801	0.025	0.029	1	ZNF16	c14
0.368935777748427	1.5534802508385	0.04	0.053	1	MARCH8	c14
0.132538331984166	1.55325891534855	0.009	0.022	1	CCNI2	c14
0.121104392263468	1.55304779162324	0.034	0.055	1	DHX58	c14
0.0678809885583798	1.55279434437966	0.031	0.056	1	OPN3	c14
0.192573434571965	1.55231339449825	0.043	0.063	1	ANK3	c14
0.441912188998531	1.55207509426506	0.015	0.022	1	PKD2	c14
0.0418426371533235	1.5520732616119	0.052	0.089	1	TRIM37	c14
0.255060748925132	1.5519459492219	0.222	0.316	1	SNRNP200	c14
3.79837740706636e-05	1.55143435134371	0.48	0.597	1	EML4	c14
0.0937571674999055	1.55087049402622	0.062	0.094	1	KCNN4	c14
0.60455291853182	1.55086812345172	0.04	0.048	1	ALG9	c14
0.065487411788375	1.55036255926017	0.012	0.03	1	TESK1	c14
0.0387646325112816	1.55005734246377	0.037	0.068	1	SIK2	c14
0.129740389676203	1.5497348482717	0.049	0.075	1	DCAF1	c14
0.558949552687722	1.54933186423693	0.009	0.013	1	NFYC-AS1	c14
0.138911478065782	1.54918331070975	0.166	0.239	1	SETD5	c14
0.14754770486821	1.54906562181735	0.108	0.152	1	USP9X	c14
0.474822316146652	1.54902345207835	0.071	0.088	1	COG6	c14
0.0849249558995522	1.54839301751043	0.055	0.087	1	RBM14	c14
0.76274452479385	1.54813044120805	0.009	0.011	1	ZFP41	c14
0.0702608699077641	1.54810772812538	0.148	0.22	1	SAMD9L	c14
0.241610606298895	1.54809983724667	0.018	0.03	1	FAM185A	c14
0.108746034345722	1.54746777820278	0.037	0.06	1	PPP1R12C	c14
0.0486126963966874	1.54700434408144	0.095	0.148	1	TMEM107	c14
0.453442689635789	1.54662590188501	0.16	0.208	1	FAM13B	c14
0.532327725870642	1.54637168629378	0.043	0.053	1	RRAGB	c14
0.783839491016905	1.54594892978811	0.012	0.014	1	ZNF436	c14
0.123101206884095	1.54537376573928	0.197	0.291	1	ABHD17A	c14
0.44063591825724	1.54522023222517	0.022	0.029	1	ZNF778	c14
0.363817689915182	1.54489787895634	0.314	0.4	1	TGFBR2	c14
0.162182065717221	1.54445818968639	0.062	0.089	1	WDFY2	c14
0.305753970347267	1.54430604994544	0.052	0.07	1	TRIM25	c14
0.0306722207934467	1.54419490820622	0.052	0.092	1	PCNT	c14
0.0727698745503855	1.54386951351598	0.046	0.076	1	C2CD3	c14
0.628156027545898	1.54371370010097	0.009	0.012	1	BRSK1	c14
0.0458903592116997	1.5436930623149	0.197	0.306	1	HELZ	c14
0.0074596006325745	-1.54297953378976	0.003	0.027	1	FBP1	c14
0.0944737503929677	1.5428880392095	0.2	0.299	1	XRN1	c14
0.867682585987367	1.54275007228431	0.348	0.503	1	ICOS	c14
0.525333442506682	1.54260262694191	0.012	0.017	1	L2HGDH	c14
0.300375168632035	1.54248936281656	0.018	0.029	1	ZSCAN29	c14
0.113115712080329	1.5420023815	0.089	0.13	1	KPNA5	c14
0.147200604290725	1.54108346388499	0.018	0.034	1	AC079922.2	c14
0.00757894607258303	-1.54107227568088	0.003	0.027	1	H2AFY2	c14
0.0828374937853025	1.54098676744839	0.015	0.033	1	FBXW8	c14
0.310060391287356	1.54063513457887	0.169	0.229	1	PACS1	c14
0.347066693588173	1.54041710212746	0.018	0.028	1	ZNF8	c14
0.013722537003952	-1.54011856275452	0.003	0.024	1	MCC	c14
0.392048045220133	1.5400390321368	0.028	0.038	1	SULT1A1	c14
0.105838903164211	1.53956480268036	0.049	0.077	1	SLC38A9	c14
0.0785945834478751	1.53956016374685	0.095	0.143	1	KLHL36	c14
0.486112475852354	1.53949620204476	0.018	0.025	1	MICAL3	c14
0.0895963654233984	1.53897303763258	0.132	0.195	1	CUL5	c14
0.145745581175131	1.53793444612877	0.077	0.111	1	MRRF	c14
0.507122069647327	1.53782743734075	0.022	0.028	1	SLC36A1	c14
0.112324177891629	1.53782043465916	0.12	0.174	1	HSH2D	c14
0.219297723958761	1.53761759841579	0.049	0.07	1	ATAD3B	c14
0.416207831839313	1.53707187028826	0.022	0.03	1	AC007388.1	c14
0.044104162510693	1.53697496494794	0.018	0.042	1	AC013394.1	c14
0.635544816016901	1.53619656064843	0.049	0.058	1	AL450998.2	c14
0.126249314074194	1.53593642991154	0.12	0.171	1	CCDC66	c14
0.0316638733025511	1.53580436287422	0.123	0.193	1	ALKBH6	c14
0.199762045526797	1.53560197638398	0.015	0.027	1	TMEM67	c14
0.145661611085064	1.53559873955801	0.018	0.034	1	MTFR1	c14
0.171505795537973	1.53531048897282	0.031	0.049	1	METTL22	c14
0.158372531442057	1.53528694804953	0.055	0.081	1	MYO9A	c14
0.0394229334941231	1.53519153485988	0.049	0.085	1	ZUP1	c14
0.276918848109732	1.53483344686004	0.243	0.35	1	BPTF	c14
0.0615827630831776	1.53457334883154	0.114	0.172	1	CLASRP	c14
0.127683012970016	1.53437212895736	0.086	0.125	1	NBAS	c14
0.141656899479482	1.53420394654226	0.062	0.09	1	SLC46A3	c14
0.863395666117893	1.53405202299796	0.225	0.277	1	DPYD	c14
0.212762489996713	1.53401761213358	0.132	0.182	1	UBA7	c14
0.4049832715947	1.53401533853028	0.052	0.067	1	TMEM234	c14
0.0242577867225861	1.53399921081555	0.068	0.115	1	ABCB8	c14
0.142897266108531	1.53384911762057	0.015	0.03	1	CYFIP1	c14
0.000693681297360712	1.53340388140889	0.437	0.523	1	REL	c14
0.957983178832384	1.53306777454181	0.012	0.013	1	AL445471.1	c14
0.139586044350502	1.53302836360457	0.015	0.03	1	KNTC1	c14
0.361257963812995	1.53301677215907	0.006	0.012	1	SMN2	c14
0.395592020285206	1.53279518990275	0.117	0.15	1	TRAPPC6B	c14
0.0044233030387812	1.53209808702928	0.406	0.497	1	PRPF38B	c14
0.460456207228405	1.53193724533096	0.04	0.051	1	TRAV8-3	c14
0.183426689311446	1.53140742198031	0.068	0.096	1	FBXO38	c14
0.283859219536379	1.53063938612862	0.111	0.147	1	LMBR1	c14
0.0452179911599614	1.52980380551335	0.123	0.189	1	FBXW11	c14
0.129959979583217	1.52952887412116	0.028	0.047	1	ERLIN1	c14
0.488535284931758	1.52930926516266	0.258	0.362	1	SYTL1	c14
0.788039687162765	1.52913803745691	0.203	0.259	1	MIA2	c14
0.594827246758242	1.5290484465794	0.015	0.012	1	ZNF223	c14
0.207586403465352	1.52874429621181	0.046	0.067	1	EIF2AK3	c14
0.474639796360253	1.52862007338761	0.015	0.021	1	AZIN1-AS1	c14
0.292025658153353	1.52829167004844	0.037	0.052	1	ZNF780B	c14
0.0236521157694792	-1.52803486292252	0.003	0.021	1	TCEANC	c14
0.189977346676265	1.52790183432837	0.351	0.458	1	USP15	c14
0.0901373932674736	1.5273923749376	0.034	0.058	1	PICK1	c14
0.689423685861081	1.52717389338588	0.009	0.012	1	ZSWIM4	c14
0.218316411880111	1.52708589262099	0.012	0.023	1	CPEB3	c14
0.11462859714805	1.52677265085897	0.028	0.048	1	SRF	c14
0.0498102080331269	1.52676516032094	0.052	0.088	1	SNIP1	c14
0.11387626693379	1.52662249521153	0.348	0.431	1	IVNS1ABP	c14
0.13561925247926	1.52660831765828	0.166	0.238	1	PBX4	c14
0.0910550013442965	1.52532979570419	0.043	0.07	1	ANKMY1	c14
0.185082504504005	1.52523811089758	0.028	0.044	1	TMEM104	c14
0.109127569240561	1.52516502624869	0.157	0.229	1	SLC20A1	c14
0.246287190536729	1.52508645026208	0.015	0.026	1	ZBTB5	c14
0.246072754603028	1.52465142476322	0.043	0.061	1	CFL2	c14
0.23211243667567	1.5244113883441	0.025	0.038	1	AL359915.2	c14
0.455755768412034	1.52432346638079	0.031	0.04	1	LIG4	c14
0.217115168691216	1.52426699208086	0.123	0.168	1	ATG16L2	c14
0.359006821457237	1.52392962696936	0.031	0.042	1	PTDSS2	c14
0.0748127923098673	1.523899609863	0.025	0.047	1	RTL10	c14
0.583478920774036	1.52388843350618	0.188	0.244	1	NUP58	c14
0.173287819209801	1.52386119657253	0.028	0.045	1	PAXIP1-AS1	c14
0.0869809169245113	1.52355519965616	0.098	0.146	1	STAT5B	c14
0.312462901674598	1.52352118689352	0.015	0.024	1	PPP1R3B	c14
0.889052048748794	1.5234502757173	0.015	0.017	1	GALNT4	c14
0.367809179361537	1.52249059757055	0.043	0.057	1	AREL1	c14
0.011150700294392	1.52234575801305	0.4	0.488	1	TNFRSF1B	c14
0.279982582408058	1.52215520302937	0.022	0.033	1	PLA2G15	c14
0.0586578933912621	1.52136306420124	0.04	0.069	1	LY75	c14
0.670635169939413	1.52067927046277	0.009	0.012	1	TRPC1	c14
0.0955373865069643	1.51984288592889	0.108	0.158	1	SPTLC2	c14
0.177112188258395	1.51908718203496	0.095	0.132	1	PLPP1	c14
0.0386732138921953	1.51887400040578	0.095	0.15	1	RNGTT	c14
0.135335189159518	1.51864373710859	0.055	0.083	1	DUS1L	c14
0.490777856826086	1.5186194522459	0.065	0.08	1	SMYD4	c14
0.741898075346361	1.51857519566473	0.271	0.347	1	ERAP2	c14
0.662418464607219	1.51832170497181	0.145	0.178	1	ZKSCAN1	c14
0.327842179439257	1.51763949250799	0.012	0.02	1	SYNJ2BP	c14
0.33012003764967	1.51762615048812	0.135	0.18	1	CAMK2D	c14
0.153625363227693	1.51717512771047	0.114	0.16	1	INTS6	c14
0.18244977397284	1.51479706784075	0.083	0.116	1	TRDMT1	c14
0.298902185676048	1.51434173134193	0.04	0.055	1	ZNF26	c14
0.250962642864094	1.51396717866723	0.04	0.057	1	USP32	c14
0.00536145966603908	1.51387140414257	0.015	0.05	1	SLC25A19	c14
0.038161474406309	1.51278867934472	0.089	0.142	1	HCFC1	c14
0.313215499718491	1.51155537864057	0.025	0.036	1	EPS8	c14
0.557379364144958	1.51153549222038	0.012	0.017	1	SNPH	c14
0.336879619712001	1.51141439926007	0.012	0.02	1	CACNB3	c14
0.438373041516163	1.51076744374296	0.049	0.063	1	RNF123	c14
0.312217205240621	1.51053250031311	0.012	0.021	1	HIST1H2AH	c14
0.153741108826234	1.51034180547505	0.034	0.053	1	STARD4	c14
0.0149014940605779	1.51027266317267	0.003	0.024	1	AP003392.4	c14
0.30050069187183	1.51018674981437	0.015	0.025	1	RIMKLB	c14
0.368636441820338	1.51018497914247	0.009	0.016	1	NUDT17	c14
0.136629283969346	1.51018293052321	0.114	0.161	1	SGMS1	c14
0.0308676348419208	1.50989796461795	0.092	0.148	1	LRMP	c14
0.0124548774774877	1.50953266442593	0.065	0.117	1	ELP4	c14
0.429758144683914	1.50925822276678	0.052	0.067	1	NEMP2	c14
0.272167372732497	1.5091962241119	0.006	0.013	1	TMEM241	c14
0.0747323235122332	1.50905210654154	0.018	0.038	1	KNL1	c14
0.197716839175179	1.50894896755093	0.006	0.015	1	RASGRP3	c14
0.151239224967579	1.50857827411063	0.102	0.143	1	RLIM	c14
0.196318928500379	1.50851639408965	0.145	0.201	1	OSBPL9	c14
0.525778708241642	1.50821843796386	0.154	0.197	1	TAZ	c14
0.0751686955775197	1.50782659246223	0.065	0.1	1	AMDHD2	c14
0.0715249282512034	1.50768961489902	0.203	0.307	1	CEP350	c14
0.278445652594553	1.50714958851462	0.028	0.041	1	AC007216.4	c14
0.590208381077254	1.50683247365876	0.148	0.184	1	KRIT1	c14
0.183032980852094	1.50639943066603	0.077	0.108	1	PPFIA1	c14
0.000395135297562402	1.50610186844627	0.443	0.552	1	DOCK8	c14
0.119885078406133	1.50601359488189	0.049	0.076	1	APH1B	c14
0.461090915235679	1.50550229637465	0.163	0.213	1	RPAP2	c14
0.00243177488921508	1.50507043669158	0.086	0.162	1	FOXJ3	c14
0.795618687976179	1.50462056968894	0.015	0.018	1	ADAMTSL5	c14
0.281066162298641	1.50454707303075	0.006	0.013	1	RTCA-AS1	c14
0.0325775880754556	1.50382962349189	0.074	0.121	1	PRMT7	c14
0.234134300164199	1.50346053074055	0.117	0.158	1	FAM172A	c14
0.32211963609716	1.50332709967248	0.218	0.306	1	PRKCQ	c14
0.516192650285826	1.5032668910379	0.095	0.118	1	LINC00426	c14
0.984048140750123	1.50321006718284	0.295	0.403	1	CD28	c14
0.290346857937549	1.5021264717444	0.009	0.017	1	CRIP2	c14
0.416155986761873	1.50159107862215	0.015	0.022	1	TMEM201	c14
0.289068614285153	1.50153913854754	0.16	0.217	1	BORCS5	c14
0.142113111825632	1.5013398823613	0.006	0.017	1	NAP1L2	c14
0.190427761270193	1.50130539839752	0.006	0.015	1	KLF5	c14
0.427619182524599	1.5012870443249	0.252	0.356	1	ATP2A3	c14
0.000111198652548732	-1.50029375732342	0.003	0.05	1	TK1	c14
0.0548955181120174	1.50000385341953	0.102	0.155	1	SCFD1	c14
0.000953370013820613	-1.49962136508452	0.006	0.044	1	IRF2BP1	c14
0.000127273916101077	1.49932378455847	0.166	0.107	1	KIR2DL4	c14
0.146740958920756	1.49912929334819	0.037	0.058	1	PIK3CB	c14
0.378086826079185	1.49905180020748	0.043	0.057	1	ELL2	c14
0.280901717668652	1.49902382220362	0.012	0.021	1	NCEH1	c14
0.158244907341816	1.49880362912779	0.083	0.118	1	CSNK1G2	c14
0.0346985198727461	1.49872448945782	0.163	0.255	1	SIRT7	c14
0.188582645610183	1.49859708967331	0.108	0.148	1	RASA3	c14
0.887871270319441	1.49857621221723	0.077	0.085	1	ZNF44	c14
0.570816715489646	1.49764057783549	0.009	0.013	1	NRSN2	c14
0.105520489666353	1.49741990670413	0.046	0.073	1	CAMKK2	c14
0.0551629384625805	1.49736453740652	0.043	0.074	1	ZNHIT6	c14
0.10863609754254	1.49685920420837	0.055	0.085	1	FBXL6	c14
0.05856372220979	1.49656226449271	0.049	0.082	1	TDRD3	c14
0.195648856875795	1.49644433062759	0.058	0.083	1	ANKIB1	c14
0.0604700338284821	1.49576084533773	0.04	0.069	1	POLR3A	c14
0.119178313911009	1.49573059918853	0.015	0.031	1	AC027644.3	c14
0.069462267476031	1.49539442943649	0.102	0.153	1	FNDC3A	c14
0.11624029433383	1.49534517127917	0.034	0.056	1	ZNF740	c14
0.114903505978463	1.49526301951638	0.043	0.068	1	MINDY3	c14
0.857969115591766	1.4951548521645	0.132	0.155	1	ATP6V0A2	c14
0.262263334603192	1.49447232881583	0.037	0.053	1	CHN1	c14
0.270925232509031	1.49432127180094	0.049	0.068	1	CCP110	c14
0.0183423782412537	1.49427938217436	0.132	0.213	1	DCAF8	c14
0.0171583451959666	1.49423248839814	0.046	0.088	1	KDM4B	c14
0.57334780864141	1.49414519129166	0.166	0.212	1	CNST	c14
0.0131648032654018	1.49384953358062	0.068	0.12	1	BRD8	c14
0.0189919562826447	1.4932703160752	0.095	0.157	1	BRD9	c14
0.862721609289467	1.49292579948712	0.169	0.195	1	RAB3GAP1	c14
0.403792084469869	1.49237322229365	0.166	0.22	1	POGZ	c14
0.485450907063887	1.49193149218058	0.012	0.018	1	AL139089.1	c14
0.458109328863792	1.49192212770944	0.006	0.01	1	AC092368.3	c14
0.0604706522768013	1.49163532273479	0.034	0.061	1	PIGN	c14
0.207360779437335	1.4916148231946	0.166	0.232	1	AP3B1	c14
0.383465115927741	1.49067977085167	0.185	0.25	1	PPP6R3	c14
0.544140707495014	1.49020072796436	0.037	0.046	1	PCCA	c14
0.572068045977311	1.49005460011856	0.012	0.017	1	AP003108.2	c14
0.188705904906335	1.49001857641996	0.071	0.099	1	MED13	c14
0.403886971130986	1.48959092075345	0.025	0.034	1	CHSY1	c14
0.418129228337978	1.48939117477279	0.034	0.045	1	MOB1B	c14
0.575476929575357	1.48927299159528	0.046	0.056	1	CNNM2	c14
0.137321367100751	1.48899729296311	0.003	0.012	1	ZNF710	c14
0.0280486958139924	1.48898410556079	0.022	0.049	1	FSD1	c14
0.120988790022955	1.48820504732658	0.102	0.146	1	PARP12	c14
0.0130831435065997	1.48795170801491	0.071	0.125	1	NUP153	c14
0.20317480291048	1.48785992015361	0.071	0.098	1	MCTP2	c14
0.551831193147895	1.48781709413638	0.025	0.031	1	CNNM3	c14
0.0421078588370045	1.48764497989193	0.102	0.158	1	STAM	c14
0.0119887636511208	1.48695604977781	0.108	0.181	1	CBL	c14
0.350759275404175	1.48686369889585	0.188	0.257	1	TP53I13	c14
0.172928394300238	1.48647481050236	0.009	0.02	1	CKAP4	c14
0.195848853152293	1.48602064261713	0.052	0.075	1	SARM1	c14
0.0711717928797061	1.48577193853635	0.24	0.371	1	ACADVL	c14
0.104235430446179	1.4855066369177	0.194	0.287	1	PSD4	c14
0.145405476479088	1.48548623318821	0.098	0.14	1	MCCC2	c14
0.123856801043417	1.4853184196554	0.089	0.129	1	ZCCHC8	c14
0.0606407959046349	1.4843757087403	0.077	0.12	1	MRE11	c14
0.169649736281464	1.48422085595681	0.126	0.177	1	TXNDC11	c14
0.493111566692644	1.4836185318725	0.009	0.014	1	NHLRC4	c14
0.899330563799453	1.4834099649001	0.022	0.023	1	CCDC122	c14
0.0110044200439677	1.48334424602673	0.086	0.149	1	KDM2B	c14
0.140063887666494	1.48309063140253	0.145	0.206	1	ARHGEF7	c14
0.225581865737349	1.48299902239621	0.08	0.109	1	TNKS	c14
0.160005716379539	1.48277208438315	0.022	0.037	1	PKD1	c14
0.272372694682866	1.48261043002963	0.031	0.045	1	MPP7	c14
0.0133560012057628	-1.4826067972068	0.003	0.024	1	FAM131A	c14
0.10876013497781	1.48247986007515	0.043	0.068	1	STK38L	c14
0.17431636484262	1.48226480979472	0.105	0.146	1	AKAP11	c14
0.27825056543446	1.48206019874957	0.126	0.169	1	NECAP1	c14
0.0441376609796607	1.48157238186787	0.034	0.063	1	ACTR5	c14
0.600095223892854	1.48151768919091	0.274	0.344	1	APOL6	c14
0.341710918604591	1.48111010440889	0.068	0.089	1	SAMD8	c14
0.0399337800297558	1.48029397443866	0.08	0.128	1	AHCTF1	c14
0.217144305703734	1.47948747444092	0.083	0.114	1	RALGAPB	c14
0.03372951764178	1.47940708560416	0.123	0.192	1	RIF1	c14
0.310670775087889	1.47930544570387	0.015	0.024	1	RYR1	c14
0.0346956036506345	1.47928606748856	0.086	0.138	1	ZNF75A	c14
0.0711454464937195	1.47903976676781	0.086	0.131	1	LMBR1L	c14
0.0348255410947775	1.47890554513597	0.108	0.17	1	SLC39A7	c14
0.174584570627943	1.47880210399176	0.034	0.052	1	FAM24B	c14
0.104988808124703	1.47836509361983	0.018	0.036	1	PIGA	c14
0.391649378107399	1.47777330563708	0.28	0.336	1	MIR4435-2HG	c14
0.195334324766798	1.47763927525605	0.012	0.023	1	ARSB	c14
0.205849213162226	1.47740491046585	0.034	0.051	1	ENTPD1-AS1	c14
0.0414373891172216	1.47716170709256	0.043	0.076	1	COQ2	c14
0.548655763021755	1.47699698307723	0.015	0.02	1	SERAC1	c14
0.260055881011997	1.47694167008174	0.034	0.049	1	SLC25A42	c14
0.0829356193491742	1.47662774042354	0.151	0.223	1	SPATA13	c14
0.0535658909020034	-1.47637293108649	0.003	0.017	1	HTRA1	c14
0.203245754507135	1.47608779837284	0.015	0.027	1	KSR1	c14
0.0426505691230747	1.47571632674909	0.089	0.141	1	AC118549.1	c14
0.555621749314329	1.47532824607457	0.283	0.404	1	ZRANB2	c14
0.374864391929368	1.47531414366063	0.052	0.068	1	PAOX	c14
0.204003488508666	1.47527792577287	0.046	0.067	1	AKAP5	c14
0.151172783614121	1.47499541132628	0.105	0.148	1	TMX3	c14
0.352884918920847	1.47485673908475	0.182	0.246	1	RFTN1	c14
0.0102911912159592	-1.47470413204989	0.003	0.026	1	FAM161B	c14
0.200214759432437	1.47420900445546	0.003	0.01	1	RIBC2	c14
0.262718766991522	1.473418348311	0.351	0.464	1	TCF25	c14
0.0374910677656512	1.47336970724824	0.049	0.086	1	ADAT1	c14
0.230560228185652	1.47330264260252	0.098	0.134	1	CEP95	c14
0.106909054846272	1.47322771033173	0.006	0.018	1	FAM161A	c14
0.226218943475985	1.47320859418884	0.034	0.05	1	ARMC5	c14
0.174520225867561	1.47302559403546	0.148	0.207	1	TUT7	c14
0.152829269450289	1.47295530194043	0.092	0.13	1	ITPKB	c14
0.199987067964135	1.47292253251889	0.037	0.055	1	LETM2	c14
0.205318551292767	1.47285518753916	0.086	0.119	1	ZNF84	c14
0.573588716743201	1.47212906469154	0.185	0.24	1	PHC3	c14
0.739181611065703	1.4719409250102	0.105	0.123	1	SCAF8	c14
0.173874825026287	1.47181047356559	0.018	0.032	1	ZNF251	c14
0.780505622397314	1.47163928190634	0.018	0.021	1	STX18-AS1	c14
0.0331830833820211	1.4716156513365	0.068	0.113	1	PHF21A	c14
0.000857264130540944	-1.47135370992489	0.003	0.039	1	AP005019.1	c14
0.737880921444269	1.47090619835233	0.071	0.081	1	MED14	c14
0.933042461132508	1.47052970082852	0.249	0.327	1	PDCD6IP	c14
0.284683364410757	1.47039123808044	0.252	0.369	1	CCDC88C	c14
0.295485702470028	1.46968807679426	0.111	0.146	1	UBASH3B	c14
0.337202844731438	1.46929574090051	0.169	0.228	1	NUMA1	c14
0.117406172458329	1.46903724367173	0.089	0.13	1	MFSD6	c14
0.0790501045103355	1.46876257243519	0.086	0.13	1	ODF3B	c14
0.0180909963933703	1.46839659416259	0.083	0.14	1	LARP4	c14
0.139861557505313	1.46796196981554	0.166	0.238	1	ARID1A	c14
0.672569089187733	1.46768869149597	0.283	0.364	1	ODF2L	c14
0.0831719803367888	1.46752219778638	0.077	0.117	1	PTAR1	c14
0.132998356962214	1.46571069261089	0.077	0.111	1	TAF1	c14
0.351991371455272	1.46553173491355	0.012	0.02	1	AL359513.1	c14
4.27868643012253e-05	-1.46496472071148	0.009	0.066	1	PGLYRP2	c14
0.152397976654197	1.46487018399981	0.163	0.233	1	SLC38A10	c14
0.0168911801844559	1.46469026987956	0.114	0.186	1	GGA2	c14
0.143715384284517	1.46452834944685	0.092	0.131	1	PHKB	c14
0.390131503776469	1.46425781434838	0.148	0.193	1	MDM4	c14
0.29395962010977	1.46414873640809	0.178	0.245	1	MTG1	c14
0.190827548462609	1.46382316281502	0.04	0.06	1	UTP20	c14
0.0183305129105488	1.46338884984	0.062	0.109	1	STRN	c14
0.0576394215961449	1.46302285980536	0.028	0.053	1	CBR4	c14
0.00059774730304984	-1.46247045525214	0.006	0.047	1	CENPQ	c14
0.0529386193910868	1.46229186664694	0.065	0.104	1	ECPAS	c14
0.209053984061238	1.46192296452597	0.043	0.063	1	HPSE	c14
0.423904980160398	1.46180147174256	0.2	0.269	1	RASGRP1	c14
0.208592084968141	1.46154454670838	0.117	0.161	1	IGF2R	c14
0.230803148692522	1.4615182953657	0.052	0.073	1	CCDC159	c14
0.01324197728344	1.46125766487671	0.065	0.116	1	ABR	c14
0.0377718608954989	1.46112567876179	0.012	0.033	1	PHC2	c14
0.26328072169199	1.46041505344318	0.015	0.026	1	AC022182.2	c14
0.077037920818799	1.45989993501716	0.015	0.034	1	SNAPC4	c14
0.125230632443201	1.45948433939838	0.062	0.092	1	SLC22A18	c14
0.888718578285561	1.45883320464331	0.031	0.033	1	RGPD2	c14
0.598777935124587	1.45837823283699	0.04	0.048	1	AARS2	c14
0.206234034682303	1.45823924658468	0.003	0.01	1	UFSP1	c14
0.02598537899106	1.45818595461809	0.105	0.168	1	ZBED5	c14
0.120036237467894	1.45804781065302	0.055	0.084	1	BCAS3	c14
0.936874444612032	1.45800307658866	0.018	0.019	1	CERNA1	c14
0.4532104901535	1.45779036667553	0.022	0.029	1	DCBLD1	c14
0.016920776539186	1.45765042065782	0.046	0.088	1	NCDN	c14
0.308388562922673	1.4574206927517	0.117	0.155	1	NNT	c14
0.00110229567516733	-1.45730278203499	0.006	0.043	1	GBE1	c14
0.00391548105872837	1.45725581201412	0.043	0.094	1	MAPKAPK2	c14
0.288826711044358	1.45718251314538	0.218	0.308	1	NEMF	c14
0.0436340244484764	1.45687690367098	0.086	0.136	1	VPS41	c14
0.123766254013734	1.45683250048544	0.083	0.121	1	SUPV3L1	c14
0.338439430356631	1.45682953729676	0.114	0.149	1	PHACTR4	c14
0.157989900793502	1.45633118756285	0.031	0.049	1	ZNF85	c14
0.311614954813828	1.45602668948658	0.062	0.082	1	SCYL3	c14
0.286472847199729	1.4559831833333	0.006	0.013	1	ASRGL1	c14
0.00430717263628158	1.45585991988023	0.071	0.134	1	ABHD5	c14
0.0576326344713474	1.45575661902898	0.095	0.146	1	FAM122B	c14
0.152892769730411	1.45504177488863	0.006	0.016	1	STARD5	c14
0.0229821928084558	1.45490835748575	0.065	0.111	1	CEPT1	c14
0.225390984528706	1.45410278033351	0.058	0.081	1	MFN1	c14
0.05848267875573	1.45387094349211	0.105	0.159	1	CDC16	c14
0.0383832871008816	1.45359241454516	0.068	0.111	1	ADNP	c14
0.304905478465085	1.45343260540726	0.092	0.122	1	SYT11	c14
0.1977949635259	1.45217349144261	0.009	0.019	1	BRPF3	c14
0.282217839462288	1.45209853162983	0.043	0.06	1	TM7SF2	c14
0.0247641099811897	1.4519150552862	0.049	0.089	1	UBE3C	c14
0.211433574254122	1.45185254962536	0.006	0.015	1	DNAJC27-AS1	c14
0.79843207501686	1.45148025252386	0.009	0.011	1	TRBV6-4	c14
0.119377798143316	1.4513024559694	0.028	0.047	1	WRN	c14
0.109333637272753	1.45120578485426	0.018	0.036	1	CHAF1B	c14
0.486309357726181	1.45077743882431	0.194	0.258	1	CLTC	c14
0.0948848112922736	1.45071747807618	0.083	0.123	1	KIAA1468	c14
0.240693797856814	1.45063882449625	0.043	0.061	1	GATAD1	c14
0.290251549608769	1.44989665506324	0.138	0.186	1	ITFG2	c14
0.181222561366365	1.44985888110129	0.188	0.268	1	POLR2A	c14
0.291262975914673	1.4496757027177	0.117	0.156	1	DDX58	c14
0.372315570335847	1.44955577733469	0.015	0.023	1	BBS12	c14
0.273645158459296	1.44919739129686	0.022	0.033	1	PXYLP1	c14
0.267849680574001	1.44909804388577	0.006	0.013	1	TIGD6	c14
0.0119354520805225	1.44866062682337	0.089	0.153	1	PYROXD1	c14
0.742858849303627	1.44813129732008	0.148	0.159	1	ENTPD1	c14
0.144261204377682	1.44771761130614	0.058	0.086	1	ATP7A	c14
0.363207488074657	1.44712520352249	0.015	0.023	1	ZCCHC18	c14
0.103973420257666	1.44711409516865	0.135	0.197	1	SLC25A46	c14
0.0219413876121087	1.44616888150169	0.08	0.134	1	DDX60L	c14
0.114092041393853	1.44561418812131	0.052	0.08	1	ITPR3	c14
0.186109391997705	1.44487086596461	0.025	0.04	1	ATP11C	c14
0.264594262209338	1.4443103091485	0.092	0.124	1	SCAMP1	c14
0.437958686722974	1.44411423368504	0.062	0.078	1	ZNF100	c14
0.0302200036890312	1.44392573194911	0.102	0.162	1	YLPM1	c14
0.00278701158082538	1.44345427610834	0.111	0.199	1	ASCC3	c14
0.111717222740019	1.44320857839612	0.025	0.044	1	CEP162	c14
0.335827144507937	1.44287159223845	0.157	0.209	1	HERC4	c14
0.0926476523660332	1.44208945675865	0.028	0.049	1	SLX1B	c14
0.0519793102268071	1.44161577972532	0.102	0.156	1	NSF	c14
0.138168923016439	1.44153519428014	0.022	0.038	1	BIVM	c14
0.49387189027355	1.44151504997669	0.022	0.028	1	B4GAT1	c14
0.0595964463000085	1.4412810785972	0.135	0.204	1	ECHDC2	c14
0.105480036940384	1.4411251379658	0.142	0.205	1	FAM111A	c14
0.277524963786233	1.44099966079718	0.126	0.169	1	ABCG1	c14
0.0282326084543208	1.44088740678986	0.062	0.105	1	SUGP1	c14
0.0791804692171972	1.44069972297396	0.04	0.067	1	UBP1	c14
0.00511452241660559	1.440695167928	0.163	0.276	1	ERICH1	c14
0.120035420584249	1.44021557262047	0.009	0.022	1	FHL2	c14
0.244475763043582	1.43889966461066	0.009	0.018	1	C10orf91	c14
0.180579436468116	1.4385265005894	0.126	0.175	1	ITCH	c14
0.13210901597456	1.43837495365287	0.028	0.047	1	SLC10A7	c14
0.0220869350122626	1.43830359241594	0.114	0.183	1	STAG1	c14
0.434495024702383	1.43824905854721	0.034	0.044	1	SLC35F2	c14
0.37705999968246	1.43819856671656	0.006	0.011	1	BCL7A	c14
0.906554153918703	1.43802169380299	0.012	0.013	1	DERL3	c14
0.0799961693962482	1.43767930010184	0.169	0.253	1	PNKP	c14
0.229165863271714	1.43668912440704	0.006	0.014	1	PDIA5	c14
0.044249609210789	1.43668456053258	0.138	0.213	1	ITFG1	c14
0.0950765263748353	-1.43660164076939	0.003	0.014	1	DDX43	c14
0.0649835160061448	1.43630975663816	0.086	0.132	1	MEF2A	c14
0.32366135239335	1.43626775589154	0.105	0.136	1	SESN3	c14
0.225923768933664	1.43616626472391	0.058	0.082	1	RFNG	c14
0.426481967525237	1.43614069252991	0.018	0.026	1	MMP25	c14
0.576793009873039	1.43551279110736	0.086	0.104	1	YPEL2	c14
0.0300914088138122	1.43519274221436	0.068	0.113	1	RBM28	c14
0.095311484378677	1.43500829340264	0.08	0.119	1	WDR26	c14
0.172777463066966	1.43475432156196	0.031	0.048	1	GNAQ	c14
0.618522874261186	1.43453697794207	0.068	0.08	1	PAXBP1	c14
0.129883167497169	1.43451206279552	0.009	0.022	1	MREG	c14
0.631725383059358	1.43438143853795	0.114	0.137	1	TMEM80	c14
0.0307612301935685	1.43404762908207	0.077	0.126	1	GPATCH2L	c14
0.442501061668078	1.43401900544124	0.037	0.048	1	KIAA1324	c14
0.0299392006388186	1.43354602813888	0.052	0.092	1	NAT9	c14
0.106570220311868	1.43350017395903	0.151	0.22	1	CCDC130	c14
0.365516471306599	1.43321040846418	0.018	0.027	1	ARHGEF40	c14
0.0740234064229345	1.43316235248981	0.049	0.08	1	SUN1	c14
0.176976886140591	1.43282791149085	0.185	0.264	1	DOCK2	c14
0.151387499580986	1.43124274092934	0.046	0.07	1	HELLS	c14
0.689204277936758	1.43038379563261	0.009	0.012	1	C8orf44	c14
0.00405806740904562	1.4301508000193	0.043	0.021	1	TRDV3	c14
0.316777280268516	1.43007248433374	0.052	0.07	1	TMEM184B	c14
0.064344931250461	1.42967312881774	0.071	0.11	1	GGA3	c14
0.0730408526173098	1.4295016014113	0.025	0.047	1	MMS22L	c14
0.00123601956408285	1.42949929604612	0.455	0.568	1	IL10RA	c14
0.111901642481749	1.42851350653774	0.074	0.109	1	THOC1	c14
0.591068204787227	1.42822480477173	0.018	0.023	1	PARD6B	c14
0.0111713906976506	1.42810187822868	0.132	0.218	1	SETD2	c14
0.70820129305891	1.42747170375023	0.022	0.025	1	MORN3	c14
0.606848442424526	1.42646018733725	0.274	0.375	1	ITGA1	c14
0.2389027575089	1.4261715483165	0.126	0.171	1	IL4R	c14
0.358482882685529	1.42613534070304	0.178	0.24	1	UFL1	c14
0.0133359734772215	1.42601729725062	0.058	0.107	1	DYRK2	c14
0.214713957411694	1.42562693309861	0.025	0.039	1	AXIN1	c14
0.130594526359179	1.42537490486926	0.148	0.212	1	ERBIN	c14
0.647998186267248	1.42528877033353	0.022	0.026	1	AL390728.6	c14
0.037031616675096	1.42508084937975	0.052	0.09	1	GLYCTK	c14
0.0748991113650528	1.42494378497229	0.068	0.105	1	IRF9	c14
0.192031733910236	1.42457548536534	0.049	0.071	1	GUF1	c14
0.265409301748836	1.42402369074248	0.098	0.132	1	ULK3	c14
0.00847248996363555	1.42388623237471	0.108	0.184	1	MTREX	c14
0.344429204804947	1.42382516239402	0.218	0.305	1	TACC1	c14
0.00575736447711614	-1.42346420087449	0.003	0.029	1	ZNF799	c14
0.000259906067094999	-1.42311208989621	0.006	0.051	1	OXSM	c14
0.0329816182413744	1.42295968313602	0.428	0.554	1	PBXIP1	c14
0.0469611919293778	1.42250558158877	0.08	0.126	1	ZNF281	c14
0.172138992335016	1.42217373630584	0.08	0.113	1	SOS1	c14
0.243380355532104	1.42207858280922	0.034	0.05	1	SIDT2	c14
0.122547308817516	1.42200111347937	0.055	0.084	1	FBXO33	c14
0.00512504579405462	1.42141261555967	0.108	0.188	1	CRTC3	c14
0.0383100753769126	1.42137905039717	0.04	0.073	1	RELT	c14
0.53056687426739	1.42066110902904	0.268	0.373	1	JMJD1C	c14
0.381056855305173	1.42002565806714	0.009	0.015	1	TMEM8B	c14
0.0155732365529141	1.41994813494915	0.074	0.128	1	AKAP10	c14
0.0659236364116079	1.41930132879892	0.062	0.098	1	NRF1	c14
0.00350540074297894	-1.41893108668703	0.006	0.037	1	IL15	c14
0.00216425219611768	1.41890344145254	0.16	0.279	1	NAMPT	c14
0.0912395569183261	1.41762431033191	0.034	0.057	1	EPHB6	c14
0.0864686871319245	1.41754223380586	0.086	0.129	1	PREPL	c14
0.0991019310843775	1.41748721184139	0.123	0.179	1	ZC3H18	c14
0.133467992841989	1.41745871921391	0.012	0.026	1	GTF3C4	c14
0.000618525410398057	-1.41733285910575	0.006	0.046	1	AC016065.1	c14
0.012117567971645	1.41730923877669	0.089	0.153	1	NCOA2	c14
0.0904529508843253	1.41727462488324	0.166	0.245	1	GON4L	c14
0.116136888322432	1.41725237004764	0.012	0.027	1	GPAT3	c14
0.102473417448662	1.41690586943227	0.022	0.04	1	MYO6	c14
0.798236288106707	1.41683073355382	0.314	0.448	1	NSD3	c14
0.826572345586123	1.41656352851684	0.031	0.034	1	DPY19L4	c14
0.0577236212862538	1.41592716459366	0.043	0.074	1	SIMC1	c14
0.576676540991197	1.41547010384138	0.049	0.059	1	CROT	c14
0.592959775093979	1.41525023664229	0.012	0.016	1	ZBTB26	c14
0.232707552242566	1.415047749646	0.092	0.125	1	CHD6	c14
0.51495825944227	1.41440131310613	0.098	0.122	1	SELENOO	c14
0.424460570771547	1.41436445767412	0.018	0.026	1	MAPRE3	c14
0.899190087758877	1.41428448537017	0.022	0.023	1	HRH2	c14
0.621458442964658	1.41421369943704	0.009	0.012	1	RAB19	c14
0.955721121619936	1.41362296960574	0.323	0.46	1	AAK1	c14
0.0939347346504423	1.41334523384281	0.083	0.124	1	TYW1	c14
0.240780175334884	1.41333912480621	0.025	0.038	1	GSAP	c14
0.23602818662093	1.41286558979891	0.077	0.105	1	SLC2A1	c14
0.000303856677750652	1.41263109727394	0.028	0.087	1	ZMIZ1	c14
0.402773445679861	1.41214392690095	0.028	0.037	1	USP45	c14
0.824579461563979	1.41207090335932	0.028	0.026	1	ADAM28	c14
0.00209522819339486	1.41176560747087	0.052	0.112	1	FGFR1OP	c14
0.57754994387841	1.41102892572481	0.142	0.177	1	CALCOCO1	c14
0.272955833258433	1.41047162082702	0.138	0.187	1	FBXO3	c14
0.122246129774366	1.41001327377458	0.098	0.142	1	CHERP	c14
0.329905538079437	1.40993498352454	0.108	0.141	1	PGS1	c14
0.0222249096229071	1.40921106435732	0.105	0.169	1	SPG11	c14
0.141679112284534	1.40909330475782	0.031	0.05	1	ZWILCH	c14
0.180549640227279	1.40887411417693	0.049	0.072	1	ZNF692	c14
0.0101215947726905	1.40881821103759	0.083	0.145	1	CRYZL1	c14
0.357840767157454	1.40846275380608	0.111	0.144	1	ACSL3	c14
0.299825704379241	1.40829151282037	0.009	0.017	1	TTYH3	c14
0.0844110093028936	1.40798767175062	0.046	0.075	1	TXNRD2	c14
0.0191257502970781	1.40774155245417	0.037	0.074	1	ZC3H7B	c14
0.0706605145512147	1.40764565540292	0.031	0.055	1	RBM45	c14
0.191586253034779	1.40730415047688	0.169	0.239	1	MIA3	c14
0.135047758880321	1.40698546007043	0.022	0.038	1	ZNF552	c14
0.205623467201557	1.40616525455593	0.003	0.01	1	AC009237.14	c14
0.0384390226286274	1.40596279285734	0.025	0.051	1	MAPK9	c14
0.193485728983888	1.40576309108561	0.065	0.091	1	AC012615.1	c14
0.528850832054089	1.40543397340533	0.006	0.01	1	NPTXR	c14
0.310214724242009	1.40492614493209	0.065	0.086	1	CEP164	c14
0.403348116816	1.40488373570471	0.043	0.056	1	DCAF17	c14
0.0941242045198733	1.40476240278729	0.12	0.176	1	MBTPS1	c14
0.333117974286518	1.4046302769392	0.012	0.02	1	NPHP4	c14
0.115309887198888	1.4045879391292	0.015	0.031	1	ABL2	c14
0.280476798745009	1.40442335503226	0.018	0.029	1	PLCH2	c14
0.0275859506173625	1.40423360520035	0.169	0.266	1	USP36	c14
0.0356477986705773	1.40418057990267	0.095	0.151	1	GALNT2	c14
0.867284602456245	1.4039567636661	0.298	0.402	1	DGKA	c14
0.0505556617127407	1.40374157221749	0.086	0.135	1	CHPF2	c14
0.112425670197253	1.40354090711538	0.058	0.088	1	EPHX2	c14
0.0210358637354065	1.40318714184487	0.105	0.169	1	LPP	c14
0.00730145606639683	1.40296810090119	0.151	0.253	1	UNC13D	c14
0.749263308228844	1.40269324206387	0.012	0.015	1	XXYLT1-AS2	c14
0.403611544547822	1.40267155204552	0.095	0.122	1	TNFRSF10A	c14
0.118755940867225	1.40251624998783	0.046	0.072	1	CBX4	c14
0.129580162307249	1.40246266961578	0.123	0.176	1	ARFGEF1	c14
0.101078480089162	1.40205740083085	0.071	0.106	1	UNK	c14
0.175818383257382	1.40139186828372	0.083	0.117	1	CERS4	c14
0.0745714552604769	1.40132425398591	0.08	0.122	1	ALG8	c14
0.05444344631985	1.40122971395037	0.034	0.061	1	TMCO3	c14
0.00589080229815199	1.40114183947949	0.065	0.123	1	RAD9A	c14
0.148403239405913	1.40080292873659	0.034	0.054	1	SLC35F6	c14
0.103985308658816	1.40067432206341	0.182	0.269	1	NUP98	c14
0.199472976710062	1.40013338482339	0.098	0.136	1	EXOC1	c14
0.364383090675102	1.40000292081411	0.049	0.065	1	HERC3	c14
0.213438205081011	1.39986940659299	0.028	0.043	1	HEATR3	c14
0.0330528556197697	1.3995353599527	0.08	0.13	1	EDC4	c14
0.0216526561740797	1.39899796139344	0.043	0.081	1	ARSG	c14
0.133132944027583	1.39887082679037	0.052	0.079	1	LIMK2	c14
0.0200714927086518	1.39875748035016	0.062	0.108	1	ABI2	c14
0.00730216695082755	1.39871217579848	0.028	0.067	1	QKI	c14
0.123320790069377	1.39869435728731	0.022	0.039	1	MFGE8	c14
0.0725213178664605	1.39854949138707	0.129	0.192	1	TRIM56	c14
0.0967250767055299	1.39794048097678	0.037	0.061	1	SLC26A2	c14
0.263292755556305	1.39775247884017	0.203	0.286	1	COPA	c14
0.552922028072353	1.39755758597372	0.009	0.013	1	IL7	c14
0.23495641058518	1.39753731869739	0.203	0.289	1	ST8SIA4	c14
0.0559402843107453	1.39725206282291	0.043	0.074	1	PTER	c14
0.113943431851934	1.39691071360389	0.052	0.08	1	COG7	c14
0.040353265064571	1.3965711545982	0.08	0.128	1	AP2A2	c14
0.066229244526514	1.39582607715753	0.062	0.098	1	ZBTB17	c14
0.541878821746067	1.39509832535537	0.046	0.057	1	TANGO6	c14
7.13773132339248e-05	-1.39426742935806	0.009	0.064	1	TFAP4	c14
0.0023153811642604	1.39356980584604	0.089	0.167	1	PMS1	c14
0.0658652930601006	1.39251054708047	0.018	0.039	1	SYNE3	c14
0.176150787536761	1.39235672531954	0.052	0.076	1	HELZ2	c14
0.84861221453723	1.39229013780202	0.015	0.017	1	AC068338.2	c14
0.003588618913689	-1.39205566448116	0.003	0.031	1	PKMYT1	c14
0.0645586241470796	1.39176474214871	0.046	0.077	1	NFE2L3	c14
0.128245246122763	1.3917102728562	0.058	0.087	1	AC025164.1	c14
0.0241749669459779	1.39027082323592	0.031	0.063	1	TEDC1	c14
0.127826606989882	1.38998854087231	0.006	0.017	1	SLC38A7	c14
5.36512653110868e-05	-1.38989324098258	0.015	0.076	1	SPRYD7	c14
0.149902395039134	1.38979011001906	0.034	0.054	1	FAM173B	c14
0.157815025179281	1.38909814082817	0.092	0.13	1	GPR89B	c14
0.0787469500637525	1.3887835032473	0.086	0.129	1	AGPAT5	c14
0.13970279711439	1.38866931382295	0.046	0.07	1	CEP295	c14
0.0542540402093203	1.38840982916213	0.012	0.031	1	SEMA4F	c14
0.0532300442591255	1.38797123761764	0.052	0.087	1	TRMT1L	c14
0.0112877057510286	1.38752512344692	0.428	0.538	1	PPP2R5C	c14
0.535356407810687	1.38744238568899	0.052	0.064	1	SLC2A11	c14
0.221923174049282	1.38740695069799	0.058	0.081	1	ZDHHC21	c14
0.155000015079721	1.38714675686673	0.058	0.085	1	POLH	c14
0.308299473296296	1.38707760078357	0.095	0.126	1	ZNF83	c14
0.340464094497079	1.3870269601367	0.08	0.104	1	SNX27	c14
0.0435303125620257	1.38700514623158	0.129	0.198	1	SCAF4	c14
0.245014526797728	1.38691044069963	0.009	0.018	1	FZD3	c14
0.0593845425373353	1.38661582765432	0.197	0.3	1	NIN	c14
0.0416364819982709	1.38657284218912	0.068	0.11	1	MUTYH	c14
0.0381023086697613	1.38597851156434	0.086	0.138	1	HACL1	c14
0.0225964785682637	1.38549037556797	0.098	0.161	1	HYOU1	c14
0.0237345507222055	1.38522198446383	0.077	0.129	1	N4BP1	c14
0.00371237171027691	1.38511694232243	0.046	0.099	1	ZNF37A	c14
0.0505089491396712	1.38461960325987	0.169	0.259	1	RIOK3	c14
0.0783655995419656	1.38457064342205	0.098	0.146	1	PWWP2A	c14
0.299929927076458	1.38419604950448	0.172	0.235	1	MARCH6	c14
0.00226628322762767	1.38404692356023	0.058	0.121	1	ANAPC4	c14
0.0614672721420101	1.38389782528232	0.197	0.299	1	OFD1	c14
0.000117015881421325	-1.38355095836048	0.009	0.061	1	IGHV1-3	c14
0.173685235768487	1.38331459456697	0.037	0.056	1	C5orf63	c14
0.067263235512296	1.38267163906737	0.022	0.043	1	MGAT4B	c14
0.0310761482884941	1.38236988222949	0.065	0.108	1	MOV10	c14
0.182699307721309	1.38235893327477	0.009	0.02	1	NOD2	c14
0.241090289156753	1.38222469184528	0.126	0.171	1	ARSA	c14
0.133853780433056	1.38220254744021	0.126	0.179	1	NPAT	c14
0.210356538314207	1.38209921367135	0.378	0.514	1	ARID4B	c14
0.097102128126765	1.38206971044484	0.049	0.077	1	KCTD7	c14
0.273243125060364	1.38196812464637	0.111	0.148	1	NEK9	c14
0.5404383073563	1.38187682484557	0.012	0.017	1	VSIG10	c14
0.00901674127112796	1.38181184113889	0.034	0.074	1	FOXRED1	c14
0.194185468340206	1.38150036140911	0.068	0.095	1	BCOR	c14
0.0118196949334832	1.38136857655021	0.077	0.135	1	UGCG	c14
0.0130037364566076	1.38130155971959	0.04	0.081	1	UBE3B	c14
0.164692150779051	1.38082534173863	0.049	0.073	1	RAD51D	c14
0.0101066883073065	-1.38080517601623	0.006	0.031	1	LINC02482	c14
0.124638100028336	1.38049054837025	0.135	0.194	1	AFTPH	c14
0.025829297207158	1.38021789115958	0.111	0.177	1	GAPVD1	c14
0.205089709264481	1.3796067249528	0.018	0.031	1	FLVCR1-DT	c14
0.0495597070294146	1.37923318928368	0.022	0.045	1	PHF2	c14
0.392485045329417	1.37919483786345	0.225	0.311	1	TMEM165	c14
0.0796323214806341	1.37894065397153	0.089	0.134	1	VIRMA	c14
0.261620952936508	1.37874725919548	0.092	0.123	1	ITPR1	c14
0.0101167891391431	1.37817381651234	0.148	0.244	1	UPF2	c14
0.0525630282750794	1.37794361529238	0.043	0.075	1	HINFP	c14
0.362395968271472	1.37779250012367	0.283	0.416	1	CHD2	c14
0.0246322569321231	1.37744358909313	0.068	0.115	1	LANCL1	c14
0.00408240168573523	1.37733683759394	0.022	0.061	1	GCA	c14
0.128229556075852	1.37697203115849	0.185	0.27	1	PLCG1	c14
0.156927096103186	1.37578085393917	0.098	0.138	1	ZDHHC20	c14
0.167522798537756	1.37569100471239	0.062	0.088	1	APP	c14
0.107456088611755	1.37549526798685	0.028	0.048	1	KDM1B	c14
0.000321383065893686	1.37521783969711	0.105	0.207	1	IBTK	c14
0.0563538661088187	1.37509260093527	0.132	0.2	1	UVRAG	c14
0.00956956230938523	1.37479899185322	0.111	0.187	1	PRR14	c14
0.0196004462058838	-1.37442075677058	0.003	0.022	1	LINC01215	c14
0.00684004568642336	-1.37398179355729	0.003	0.028	1	AIFM2	c14
0.299648171182376	1.37360167941731	0.018	0.029	1	ARID3A	c14
0.0569760326317876	1.37350772463365	0.095	0.146	1	LTN1	c14
0.288154024245515	1.37349639937757	0.098	0.131	1	ANKRD13C	c14
0.316249304926041	1.37343484202362	0.203	0.281	1	TNKS2	c14
0.0329347364166243	1.37330380613349	0.182	0.283	1	AFF4	c14
0.23786121954089	1.37312168507719	0.203	0.289	1	LMF2	c14
0.173432287580507	1.37311024659111	0.018	0.032	1	MIPEP	c14
0.000257350752575018	-1.37296531336058	0.006	0.051	1	ACY1	c14
0.11902960809708	1.37240528042079	0.185	0.271	1	ANKRD10	c14
0.109617350863295	1.37235609161475	0.12	0.174	1	SLMAP	c14
0.496963408225669	1.37221002296284	0.006	0.01	1	PLB1	c14
0.0555090268645361	1.37212353781705	0.015	0.036	1	ALS2	c14
0.352896005014022	1.37211053625816	0.046	0.061	1	TPK1	c14
0.01730458327916	1.37123119918885	0.046	0.088	1	EHBP1L1	c14
0.572292149754495	1.37050905530611	0.071	0.085	1	PLCL2	c14
0.0211106455830637	1.37016033700353	0.129	0.207	1	ZMYM5	c14
0.231532367532659	1.37004614420508	0.037	0.054	1	IFT88	c14
0.0171480836532125	1.369868492313	0.062	0.11	1	MSL1	c14
0.74415930363275	1.3698352483577	0.025	0.028	1	ZNF169	c14
0.227816729562716	1.36910243143549	0.04	0.058	1	ST3GAL2	c14
0.179732387881111	1.36874036796393	0.055	0.08	1	GPHN	c14
0.192328658912698	1.36874029084257	0.046	0.067	1	GPR82	c14
0.0955422893583972	1.36873318035956	0.089	0.132	1	NEK1	c14
0.161827270646179	1.36837284959867	0.031	0.049	1	AC103702.2	c14
0.439473990072243	1.36801842779823	0.018	0.026	1	ZNF615	c14
0.183797635389151	1.3678523458811	0.003	0.011	1	ATP6V0E2-AS1	c14
0.00823401258560687	1.36708528067054	0.135	0.227	1	OGDH	c14
0.245974504411678	1.3670171574637	0.04	0.057	1	WDSUB1	c14
0.0112169119921183	1.36683662241365	0.111	0.185	1	PIK3R5	c14
0.640819759917697	1.36673151059055	0.058	0.069	1	TIAM1	c14
0.300336986716673	1.3664057815997	0.046	0.063	1	GIGYF1	c14
0.290267999005758	1.3663403793648	0.025	0.036	1	ZNF790	c14
0.171823908680099	1.36617969339909	0.015	0.028	1	AC124016.1	c14
0.0368874093078825	1.36593615202816	0.065	0.107	1	TRMT10B	c14
0.00333937226584929	1.36584039057301	0.065	0.127	1	CHD1L	c14
0.00329682610581495	1.36501806553532	0.132	0.231	1	TRPC4AP	c14
0.271454943421911	1.36495588908503	0.08	0.107	1	FEM1B	c14
0.0363293801770671	1.36494315423116	0.163	0.253	1	GLS	c14
0.368359921189922	1.36492401512078	0.329	0.494	1	ATRX	c14
0.15258782862882	1.36486113465258	0.018	0.033	1	PLEKHG1	c14
0.434770466083321	1.36481940132155	0.102	0.128	1	ZNF708	c14
0.00902245231626156	1.3645331168587	0.006	0.032	1	C3orf18	c14
0.16319680229121	1.3644639980432	0.055	0.081	1	BICD1	c14
0.00024464752758336	1.36439912692288	0.529	0.725	1	ANKRD12	c14
0.0138875756267872	1.36433957982102	0.129	0.212	1	BSDC1	c14
0.561013061530128	1.36417948904335	0.025	0.031	1	GDF11	c14
0.654335922523624	1.36403513699674	0.009	0.012	1	AL139260.1	c14
0.136222287265841	1.36321602200653	0.009	0.021	1	AC020928.1	c14
0.149350134058861	1.36286638162256	0.009	0.021	1	LRFN1	c14
0.434777151121009	1.36272396193105	0.028	0.037	1	TESK2	c14
0.0305920981894184	1.36254826645446	0.062	0.105	1	ZNF10	c14
0.762691974973629	1.36239144477026	0.009	0.011	1	C19orf73	c14
0.0631421044704309	1.36176741554191	0.166	0.25	1	ANKHD1	c14
0.0562595951307857	1.36062854980044	0.015	0.036	1	DENND3	c14
0.000244806948790974	1.36059254432012	0.489	0.612	1	ARHGAP9	c14
0.005265249358188	1.36044096594926	0.138	0.237	1	OSTM1	c14
0.0895013797247929	1.36016993446472	0.015	0.033	1	GFPT2	c14
0.237570118626017	1.35946125153359	0.018	0.03	1	AC098484.3	c14
0.611296768996803	1.35899429992571	0.022	0.026	1	TRBV12-4	c14
0.0341949904280797	1.35865066348923	0.028	0.056	1	MAP3K3	c14
0.231647249907998	1.35833298904507	0.006	0.014	1	ZNF449	c14
0.399680230828235	1.35814582023837	0.228	0.319	1	NRDC	c14
0.47973819061148	1.35786287938646	0.006	0.01	1	STK36	c14
0.444701084245927	1.35765425802404	0.015	0.022	1	ASPHD2	c14
0.0607297421796048	1.35761875394756	0.058	0.094	1	LRCH1	c14
0.142659560085712	1.35755040136739	0.031	0.05	1	IPO11	c14
0.0186356588740706	1.35753250887466	0.034	0.069	1	STK39	c14
0.00331421379579553	1.35751187536743	0.511	0.687	1	SAMSN1	c14
0.283559444725771	1.35748027554487	0.114	0.151	1	TMEM245	c14
0.109830334615486	1.3574518284887	0.129	0.187	1	AKAP17A	c14
0.0135510204155526	1.35671108649534	0.065	0.116	1	DCLRE1C	c14
0.107152842104176	1.35670266726491	0.129	0.187	1	TBCD	c14
0.101260434865718	1.35654972110247	0.36	0.447	1	IKZF3	c14
0.832099267193361	1.35610865897472	0.083	0.091	1	GEM	c14
0.151795102581505	1.35559903079638	0.065	0.094	1	BMT2	c14
0.453281374380332	1.35555148825104	0.074	0.092	1	SSH1	c14
0.648264812498693	1.35540227290805	0.018	0.023	1	ZNF619	c14
0.0581437440632194	1.35527509780579	0.08	0.124	1	CYP4V2	c14
0.000443398219988883	1.35525192693842	0.102	0.2	1	NCBP3	c14
0.439722034469387	1.35496619127975	0.08	0.101	1	FBXO32	c14
0.0588807595432458	1.35490334614452	0.046	0.078	1	ZC3H4	c14
0.0316877014915851	1.35486076705465	0.145	0.227	1	XPO1	c14
0.0196401026033776	1.35485019319515	0.157	0.25	1	TBC1D5	c14
0.0961528140901852	1.35466262538536	0.157	0.23	1	ADK	c14
0.106225283126627	1.35428377371175	0.237	0.357	1	GOLGA4	c14
0.110802936343272	1.3536222250146	0.022	0.04	1	SEPSECS-AS1	c14
0.0489039533819615	1.35361514125679	0.111	0.17	1	CERS5	c14
0.0932019635299761	1.35350625960344	0.08	0.12	1	PDZD8	c14
0.000100388149558585	-1.35349693921333	0.006	0.056	1	CCDC51	c14
0.115731675812492	1.35338576660068	0.022	0.039	1	ADGRG5	c14
0.0375014077143017	1.3531779895868	0.077	0.125	1	TAF2	c14
0.0573305130326147	1.35302045188125	0.018	0.04	1	SGCB	c14
0.181810908099921	1.35282629765752	0.231	0.34	1	PAG1	c14
0.11999575228577	1.35173072664479	0.129	0.186	1	RDH11	c14
0.0575879018905604	1.3514096891668	0.138	0.208	1	DIDO1	c14
0.0950350622294199	1.35089634012891	0.409	0.557	1	RBM25	c14
0.040668692398418	1.35085770675643	0.148	0.228	1	USP48	c14
0.15738627606681	1.35084221319363	0.003	0.011	1	BBOF1	c14
0.00848435161123737	1.35078576997279	0.126	0.212	1	KDM2A	c14
0.601148050089979	1.35071247567626	0.009	0.013	1	AL513550.1	c14
0.182919479073087	1.35054166240465	0.006	0.015	1	RXRA	c14
0.241986791393553	1.35037025423651	0.083	0.113	1	ECE1	c14
0.0204760759172719	1.35034877638967	0.037	0.073	1	SRGAP2C	c14
0.0688421373322982	1.35019341547037	0.065	0.102	1	SETDB2	c14
0.302631398941915	1.34984012281961	0.028	0.04	1	SEMA4B	c14
0.0942047814616696	1.34960010107036	0.049	0.078	1	MDC1	c14
0.0749458482051899	1.34920757074127	0.086	0.13	1	ATG16L1	c14
0.0968241129762619	1.34887714967663	0.046	0.074	1	HS2ST1	c14
0.108517315592353	1.34871553029153	0.166	0.244	1	MAN1A2	c14
0.368582199503796	1.34864356890427	0.283	0.413	1	ATF7IP	c14
0.00544688898165386	1.34863778252067	0.237	0.404	1	MYCBP2	c14
0.0121518686709249	1.34849767134362	0.043	0.086	1	AC073332.1	c14
0.079748751354634	1.34798853457084	0.102	0.152	1	PIGH	c14
0.00834838303001294	1.34774229699394	0.108	0.183	1	S100PBP	c14
0.119376804936579	1.34771124890969	0.043	0.068	1	PXMP4	c14
0.177852667056166	1.34724026919289	0.123	0.171	1	RPRD2	c14
0.0324868385364932	1.34709684290459	0.083	0.134	1	OPA1	c14
0.0227587348393163	1.3465872746627	0.129	0.206	1	MLLT6	c14
0.000794133031927181	1.34654755730318	0.102	0.195	1	RSRC1	c14
0.0329351844518187	1.3464367500429	0.012	0.034	1	SLC22A5	c14
0.0605266667915717	1.34611345933057	0.006	0.021	1	SLC2A6	c14
0.0605044566625301	1.34609431715365	0.151	0.227	1	RBM33	c14
0.11751664168797	1.3457521440123	0.058	0.088	1	CDKAL1	c14
0.0943164218542735	1.34567901071201	0.178	0.264	1	FAM133B	c14
0.1673195697382	1.34562143306329	0.022	0.037	1	SEPT8	c14
0.341838647365169	1.34559044134574	0.074	0.096	1	ELMOD2	c14
0.123096536746506	1.34555041272349	0.049	0.075	1	ABHD15	c14
0.0219903877658403	1.34550449444413	0.44	0.586	1	AKAP13	c14
0.0220751081152445	1.34513075044132	0.052	0.094	1	RAB4B	c14
0.115762089842375	1.34510934381351	0.006	0.018	1	ZNF787	c14
0.0857690509937124	1.34428012064097	0.028	0.05	1	C15orf41	c14
0.651042746659658	1.34339679405477	0.015	0.019	1	ZNF483	c14
0.0114198832306899	1.34273530741258	0.089	0.153	1	RMDN1	c14
0.27212280961851	1.34256164981196	0.025	0.037	1	CCDC142	c14
0.00400045380853455	-1.3424303954022	0.003	0.031	1	WDR86	c14
0.00140141672840635	1.34213297884219	0.449	0.566	1	EPC1	c14
0.22072050533593	1.34201279086022	0.015	0.027	1	ERRFI1	c14
0.0431338315019937	1.3418826818645	0.043	0.076	1	OTUD6B	c14
0.0639311618122077	1.34168651127408	0.188	0.284	1	DGKZ	c14
0.236883876955663	1.34074404358179	0.015	0.026	1	PRDM15	c14
0.0172353674159917	1.34063186719952	0.145	0.233	1	BIRC2	c14
0.0295405280617662	1.34062857183548	0.046	0.083	1	C2orf68	c14
0.597309115127686	1.33982344707374	0.317	0.466	1	TRABD	c14
0.252409519521853	1.33971325517909	0.185	0.258	1	CNOT4	c14
0.629492485683508	1.33936876298666	0.015	0.019	1	SNX25	c14
0.0753383750076863	1.3393360619562	0.015	0.034	1	AC060780.1	c14
0.0359855323738451	1.33834832035671	0.092	0.147	1	LEMD2	c14
0.0131387102703271	1.33690303189793	0.148	0.242	1	ELMO1	c14
0.0526183913276861	1.33685863767133	0.031	0.057	1	HEG1	c14
0.406493368308486	1.33682069590517	0.018	0.026	1	DHX32	c14
0.184371834137179	1.33664561540895	0.009	0.02	1	EXOC3-AS1	c14
0.11329043339415	1.33663303907534	0.135	0.196	1	TCF12	c14
0.195786580140463	1.33578032426036	0.157	0.219	1	ARL16	c14
0.00609992612680234	1.33457243677929	0.123	0.211	1	HGS	c14
0.0945328335758607	1.33424446897084	0.025	0.045	1	C17orf67	c14
0.312864390969495	1.33412419467148	0.009	0.017	1	CCR8	c14
0.188215857182168	1.333920393572	0.046	0.067	1	RRM2B	c14
0.19666365931736	1.33285533252581	0.037	0.055	1	LONP1	c14
0.0260597165754704	-1.33274222755903	0.003	0.021	1	ACSM3	c14
0.141806104894653	1.33231682322439	0.132	0.188	1	SEL1L3	c14
0.470838480946624	1.33196062418188	0.037	0.047	1	CLOCK	c14
0.335862030858901	1.33073947077402	0.012	0.02	1	KLHDC1	c14
0.174485515013351	1.33059589326196	0.018	0.032	1	ZNF805	c14
0.100657397109148	1.33054520582313	0.062	0.093	1	RBM19	c14
0.017474000533126	1.33029406241714	0.037	0.074	1	RCN1	c14
0.0618600906836199	1.32977755511851	0.052	0.085	1	SIK1	c14
0.16058468153974	1.32968230899628	0.068	0.097	1	VWA8	c14
0.00195404258292262	1.32947114301277	0.135	0.241	1	NPEPPS	c14
0.013055179565732	1.32945530036761	0.148	0.241	1	TUBGCP2	c14
0.127342623141052	1.32904426680928	0.077	0.112	1	CD79B	c14
0.0391793134862844	1.32842269082106	0.111	0.173	1	LAMP2	c14
0.0313239049738202	1.32820153872482	0.068	0.113	1	CC2D1A	c14
0.0311390414035263	1.32701022243941	0.065	0.109	1	FAM122C	c14
0.0206394345678463	1.32700040048108	0.04	0.077	1	CDADC1	c14
0.115848221207946	1.32688565303302	0.022	0.039	1	GORAB	c14
0.438678526841119	1.32675045249451	0.006	0.011	1	COL6A1	c14
0.00158378573222854	-1.32659193181961	0.009	0.047	1	ZBTB22	c14
0.148931168702936	1.32597798995627	0.031	0.05	1	CLP1	c14
0.0795725022369664	1.32596534349391	0.037	0.063	1	PPP2R5B	c14
0.0623706243708369	-1.32559668363783	0.003	0.016	1	AC018647.2	c14
0.208314326817481	1.3252519013005	0.009	0.019	1	ZNF304	c14
0.136985571537953	1.32515586926701	0.074	0.107	1	RGP1	c14
0.428910065846459	1.32493646835634	0.015	0.022	1	RHOQ	c14
0.383426462978677	1.32446115566311	0.123	0.159	1	AGO3	c14
0.167500522207363	1.32436624850157	0.022	0.037	1	TMEM177	c14
0.043747901327594	1.32421862813274	0.049	0.084	1	PHF8	c14
0.36207874980741	1.32398640031311	0.089	0.115	1	ZNF600	c14
0.165022206789895	1.32375804037197	0.009	0.02	1	NEO1	c14
0.204421329588788	1.32333293613189	0.215	0.308	1	RNF125	c14
0.0719649701847754	1.32311942619015	0.049	0.08	1	PIP4P2	c14
0.359631022974297	1.32255944201169	0.058	0.076	1	HOTAIRM1	c14
0.225660453632362	1.32222979126653	0.074	0.101	1	FNIP1	c14
0.791637402966267	1.32216752255239	0.225	0.29	1	RBM23	c14
0.367468968299624	1.32197836886359	0.015	0.023	1	AC008035.1	c14
0.00363763365494066	1.32188469252204	0.052	0.108	1	DIS3L2	c14
0.16745437087773	1.32174529704977	0.034	0.053	1	ACACA	c14
0.155963847935426	1.32161537861837	0.055	0.081	1	COL18A1	c14
0.0909141046794952	1.32154804024167	0.046	0.074	1	PARG	c14
0.0618361122814292	1.32148808084203	0.049	0.082	1	BLM	c14
0.556308910209253	1.32111108033684	0.022	0.027	1	PACRGL	c14
0.298645623972498	1.32072427638548	0.028	0.04	1	EFHC1	c14
0.232776480761816	1.32062901287883	0.172	0.24	1	METTL17	c14
0.0130511093573909	1.32057297198762	0.098	0.165	1	SLC7A5	c14
0.00754545751892961	1.32018697491954	0.077	0.138	1	COIL	c14
0.875007471208263	1.31999151319619	0.034	0.037	1	KIFC3	c14
0.127361240463273	1.31979708458702	0.185	0.269	1	SECISBP2	c14
0.229080609754207	1.3193635259167	0.052	0.073	1	ITGA6	c14
0.0663251700835348	1.31895618623453	0.083	0.127	1	NAA16	c14
0.0497254254711279	1.31881335752023	0.015	0.036	1	PQLC2	c14
0.136097193501872	1.31868658994943	0.074	0.107	1	GPATCH2	c14
0.362422500042317	1.31835813364518	0.009	0.016	1	NKD1	c14
0.134164165105714	1.31792736877444	0.022	0.038	1	AC006504.5	c14
0.0294483502500188	1.3178275406543	0.083	0.136	1	ZNF384	c14
0.262957739446405	1.31782516568844	0.018	0.03	1	SERPINI1	c14
0.0206074587517952	1.31718599378202	0.037	0.073	1	ZNF346	c14
0.042122805487677	1.31649459609332	0.095	0.149	1	DCAF15	c14
0.0331545647370954	1.3163856229926	0.209	0.33	1	STT3B	c14
0.111713266213097	1.31554282109725	0.018	0.035	1	MRM1	c14
0.186856305038174	1.31553462050487	0.018	0.032	1	RNASEH1-AS1	c14
0.0187602704027242	1.31483693317255	0.132	0.213	1	TPP2	c14
0.0758619595141106	1.31455879994893	0.052	0.084	1	TBL1X	c14
0.251204879901265	1.31440744485165	0.012	0.022	1	SLX4	c14
0.160501122716726	1.31407975730711	0.043	0.065	1	RELL2	c14
0.0639793214707564	1.31347024651123	0.142	0.213	1	PRDM2	c14
0.0910494390780696	1.3133125102403	0.071	0.107	1	MADD	c14
0.107699747384452	1.31261402276344	0.185	0.271	1	TSPAN5	c14
0.00288953914359948	1.31258437131402	0.126	0.223	1	RAF1	c14
0.0436566415856898	1.31250205420992	0.12	0.185	1	TMUB2	c14
0.220128546884029	1.31219409721235	0.046	0.066	1	GGT7	c14
0.000211615179450407	-1.31179413913167	0.009	0.058	1	GLUL	c14
0.0230523750064361	1.31139094231598	0.058	0.102	1	C3orf58	c14
5.91104063759454e-05	-1.31116758592684	0.009	0.064	1	NR1D1	c14
0.0195095574654392	1.3110935407615	0.034	0.069	1	OAS3	c14
0.163995768954508	1.31106073473201	0.114	0.159	1	MUC20-OT1	c14
0.069536277737465	1.31099806720281	0.037	0.064	1	MBOAT1	c14
0.00207145329362911	1.31048808209045	0.517	0.689	1	KIAA1551	c14
0.454626314806795	1.31025620334698	0.012	0.018	1	AC009133.3	c14
0.0238233827181057	1.30985377762668	0.095	0.155	1	ZNF91	c14
0.343193889241712	1.30981505458992	0.065	0.084	1	PCED1A	c14
0.402281388126416	1.30934943357912	0.006	0.011	1	C16orf45	c14
0.0725832702543321	1.30890623707186	0.117	0.175	1	CPD	c14
0.00656737548934664	1.30880014305292	0.468	0.613	1	CLEC2D	c14
0.208970502416142	1.30868508740317	0.037	0.055	1	ZNF548	c14
0.098851164458968	1.30761698844804	0.302	0.479	1	GCC2	c14
0.0749176916533814	1.30747480624918	0.046	0.076	1	TRMT2B	c14
0.0408394770664028	1.30715424307374	0.068	0.11	1	BTLA	c14
0.244826523121738	1.30714717724217	0.012	0.022	1	ZNF717	c14
0.112892079929094	1.30702848368127	0.025	0.044	1	LSS	c14
0.1662344742219	1.30687765256913	0.022	0.037	1	AFAP1L2	c14
0.758361314420367	1.30667287238747	0.028	0.031	1	SPECC1	c14
0.0563947880748484	1.30659010512487	0.015	0.036	1	DHCR24	c14
0.000107939417269661	-1.30622165489121	0.006	0.056	1	AGBL5	c14
0.140502330757732	1.30589945993751	0.068	0.099	1	MRS2	c14
0.0416698576631772	1.3055508012352	0.105	0.162	1	AC026979.2	c14
0.00623247936411176	1.30512981244655	0.055	0.109	1	TBC1D7	c14
0.0331270231235817	1.30502921420162	0.102	0.161	1	MAN1B1	c14
0.0490798300998056	1.30471244338168	0.046	0.079	1	NUP188	c14
0.0555764763675339	1.30443305622765	0.243	0.383	1	OS9	c14
0.0318267463288273	-1.30407370252079	0.003	0.02	1	APLF	c14
0.0379747190581055	1.30406416721982	0.258	0.417	1	DIAPH1	c14
0.0198418372723324	1.30401413604305	0.083	0.139	1	SIRT6	c14
0.0296949221345118	1.30388356058215	0.037	0.07	1	LDB1	c14
0.105341540407992	1.3038268845949	0.015	0.032	1	AC008267.5	c14
0.0200308974617201	1.30370301353611	0.08	0.134	1	FASTKD2	c14
0.207035055148122	1.30337857144329	0.034	0.051	1	ZNF562	c14
0.00447771963814002	1.30332597847737	0.018	0.056	1	FASN	c14
0.172813007749566	1.30306689163463	0.018	0.032	1	ZXDA	c14
0.0452612849124814	1.30202093527479	0.043	0.076	1	PIK3R4	c14
0.0803006938036001	1.3018528947116	0.086	0.13	1	METTL15	c14
0.583463612193016	1.30129778050959	0.098	0.095	1	TRGV4	c14
0.202240531897959	1.30113656586882	0.086	0.119	1	TMEM209	c14
0.0201258954180426	1.30102566358651	0.095	0.156	1	MAP3K2	c14
0.217101313855325	1.30091842058709	0.225	0.325	1	PTPRA	c14
0.0779220150130852	1.30080906950045	0.052	0.084	1	IFIH1	c14
0.0681865715394313	1.30061977769375	0.135	0.202	1	GPATCH8	c14
0.00414890159835916	1.3003965121256	0.083	0.153	1	ZNF107	c14
0.00619719494638607	1.3002267479871	0.111	0.192	1	MSL3	c14
0.0411038418495137	1.30018293836333	0.123	0.19	1	GGA1	c14
0.0662193959493987	1.29908975091897	0.012	0.03	1	PPP2CB	c14
0.118798175682798	1.29901085456208	0.065	0.096	1	ZDHHC5	c14
0.0137098993013203	1.29882791903435	0.095	0.161	1	RBM26	c14
0.56709210349286	1.29841262706856	0.025	0.031	1	ZNF573	c14
0.00848736185747075	1.29823806703152	0.083	0.147	1	TNRC6C	c14
0.177730304742712	1.29815573409709	0.255	0.381	1	PRPF4B	c14
0.12257145036794	1.29811327278219	0.283	0.434	1	FLNA	c14
0.535456680862467	1.29805064306443	0.332	0.44	1	RABGAP1L	c14
0.18375934374762	1.29800504715108	0.034	0.052	1	ALDH5A1	c14
0.31849514410559	1.29759214646364	0.363	0.494	1	TBRG1	c14
0.00742279554473423	1.29710319713855	0.034	0.076	1	TCAF2	c14
0.0110396752484489	1.29673602077837	0.031	0.069	1	EIF3J-DT	c14
0.0976962451415609	1.29637948643935	0.108	0.158	1	RNFT1	c14
0.948934867941071	1.29621848471259	0.043	0.045	1	RTKN2	c14
0.0479884740119086	1.29549387924048	0.086	0.135	1	ARHGAP27	c14
0.317895026658169	1.29498800810292	0.015	0.024	1	AC009779.2	c14
0.0038038349950205	1.29485159671603	0.086	0.158	1	MBOAT7	c14
0.241865443911929	1.29463623949815	0.031	0.046	1	TRIM34	c14
0.0382669653515631	1.2943846108286	0.071	0.116	1	PLOD3	c14
0.00484940006928574	1.294323057984	0.182	0.305	1	VPS37B	c14
0.0198825956432213	1.29420280397991	0.065	0.112	1	HIST1H2AC	c14
0.545302253719097	1.29372364098789	0.074	0.089	1	S1PR1	c14
0.117531110713976	1.29370551708708	0.018	0.035	1	ZNF684	c14
0.0151540604466588	1.29354572164551	0.12	0.197	1	TRMT1	c14
0.0131119931665504	1.29335842479778	0.074	0.129	1	APTX	c14
0.00939609419931489	1.29289403205276	0.172	0.284	1	CELF1	c14
0.00672381315048093	1.29258580072546	0.071	0.13	1	ATXN3	c14
0.101046223336082	1.2923222903896	0.022	0.04	1	ZNF230	c14
0.202787614377	1.29187631061663	0.382	0.512	1	SPSB3	c14
0.400361810299738	1.29174456112753	0.385	0.536	1	MPHOSPH8	c14
0.0398026083349802	1.29069573824343	0.037	0.068	1	UBXN2B	c14
0.0297421057782273	1.29056838715259	0.289	0.475	1	AKNA	c14
0.028140067650556	1.29050388715241	0.126	0.199	1	GLYR1	c14
0.0982964008338373	1.2904609347102	0.031	0.053	1	NAPEPLD	c14
0.0239246865681884	1.29045891357107	0.086	0.141	1	YES1	c14
0.0723480965487273	1.29034189170205	0.095	0.143	1	AP5Z1	c14
0.030746490872702	1.28982417559784	0.037	0.07	1	UPF1	c14
0.447769025210784	1.28980035112473	0.009	0.014	1	AC005332.6	c14
0.00794476052700531	1.28944702191724	0.178	0.296	1	IRF7	c14
0.047811299320308	1.28914598161839	0.055	0.092	1	ATP13A2	c14
0.138430293622644	1.28894538593983	0.105	0.148	1	WDFY1	c14
0.218983244697862	1.28878491850211	0.12	0.164	1	SOAT1	c14
0.145647076205935	1.28845112357164	0.074	0.106	1	HEATR1	c14
0.0265218778405511	1.28843126319164	0.012	0.036	1	SPOPL	c14
0.174264017730294	1.2881708975184	0.025	0.04	1	C11orf80	c14
0.101091096182242	1.28663724439422	0.166	0.243	1	DCAF5	c14
0.0122834321849163	-1.28660680795101	0.003	0.025	1	SLC48A1	c14
0.358237230779696	1.28631390216669	0.292	0.434	1	IL27RA	c14
0.177133424004853	1.28622510125885	0.194	0.276	1	DCP2	c14
0.0565541685503662	1.28613673611136	0.018	0.04	1	POP1	c14
0.0234323352072862	1.28588937054249	0.095	0.154	1	IL12RB2	c14
0.180213358699318	1.28580389847793	0.018	0.032	1	RUFY3	c14
0.0228893559487697	1.28566428490942	0.415	0.525	1	PTPN22	c14
0.407448378785353	1.28545622791852	0.015	0.023	1	TET3	c14
0.167595743850957	1.28541321221778	0.012	0.024	1	SETBP1	c14
0.0211077820453749	1.28534976145304	0.074	0.125	1	CREBBP	c14
0.293160069459268	1.28515909063559	0.058	0.079	1	PCYOX1	c14
0.00612956989603397	1.28454651342415	0.114	0.196	1	KRI1	c14
0.0375472804865917	1.28425350459155	0.108	0.168	1	ZC3H8	c14
0.00431644887218112	1.28398648266388	0.068	0.13	1	SH3BP2	c14
0.141999313175595	1.28396098262775	0.166	0.238	1	SMC5	c14
0.143501006614258	1.28346425542285	0.148	0.21	1	ARMCX3	c14
0.0415315508390855	1.2827675875981	0.142	0.216	1	UBXN11	c14
0.015353107289442	1.28267347575172	0.157	0.254	1	SREK1	c14
0.0111158686456479	1.28236902741606	0.08	0.14	1	DHX8	c14
0.213123275295301	1.28184989035423	0.006	0.015	1	TNFRSF10D	c14
0.0509940664774845	1.28177593935762	0.114	0.174	1	CCR5	c14
0.096248158394051	1.28157292574777	0.062	0.094	1	USP28	c14
0.019153664381903	1.2813880708253	0.009	0.033	1	SPAG5	c14
0.00702661351462947	1.28104734648743	0.037	0.081	1	FYCO1	c14
0.0222449748769013	1.27984529052685	0.2	0.322	1	SFXN1	c14
0.00155496052951427	1.27964126824094	0.08	0.156	1	ZNF580	c14
0.00561171974920152	1.27935524826104	0.102	0.178	1	GRIPAP1	c14
0.113405025586218	1.27903250554358	0.172	0.252	1	QRICH1	c14
0.0301758202791764	1.27898519457058	0.052	0.092	1	NELL2	c14
0.0671376806651789	1.27875263054944	0.132	0.198	1	MKNK2	c14
0.0901332523778708	1.27872457072484	0.012	0.028	1	TMEM191B	c14
0.223620037124899	1.27796522937251	0.046	0.066	1	RBM12B	c14
0.545989856588083	1.27769597852487	0.009	0.013	1	NRBP2	c14
0.00755810148225379	1.2773609527014	0.043	0.089	1	TJAP1	c14
0.704176713623733	1.27716652078399	0.262	0.357	1	LMAN1	c14
0.118582355424892	1.27687970139923	0.068	0.1	1	ELMOD3	c14
0.378311917506155	1.27661503474185	0.289	0.428	1	DHX36	c14
0.0235434589030057	1.27649658262044	0.049	0.089	1	CHPF	c14
0.22240069597278	1.27628747080695	0.015	0.027	1	AC103724.3	c14
0.127400223033173	1.27608949070412	0.04	0.063	1	SMAD7	c14
0.061069631460608	1.27606082378945	0.037	0.065	1	GOLGA1	c14
0.316412253348669	1.27588621030157	0.022	0.032	1	ZCCHC3	c14
0.29497065780673	1.2756680454297	0.058	0.078	1	PPP4R1	c14
0.0281165596543717	1.27481993331751	0.166	0.26	1	AP1G2	c14
0.379836978594237	1.2744845284442	0.015	0.023	1	ZNF852	c14
0.0453176568033618	1.27380207061389	0.089	0.14	1	PPM1D	c14
0.260260211380815	1.27287267474065	0.329	0.498	1	AC016831.7	c14
0.37548463592314	1.27280790193845	0.018	0.027	1	C19orf54	c14
0.243764743007127	1.27254863975024	0.015	0.026	1	FBRSL1	c14
0.859780502121538	1.27222326473654	0.012	0.014	1	AC131971.1	c14
0.0356670079952035	1.27208825913663	0.08	0.129	1	EEFSEC	c14
0.0347434318397071	1.2719209054888	0.102	0.16	1	WASHC4	c14
0.173232103072502	1.27164952568356	0.034	0.052	1	ZNF12	c14
0.0593368895320396	1.27162876731429	0.018	0.04	1	SH3BP5L	c14
0.0304506528561097	1.27151476919646	0.046	0.083	1	INPP1	c14
0.0924566568863031	1.27098555790515	0.102	0.149	1	ATXN2	c14
0.416270458259819	1.26997778262543	0.357	0.482	1	TAF1D	c14
0.213397425491525	1.26970595879304	0.028	0.043	1	ITGAV	c14
0.0241289120227622	1.269582573914	0.117	0.187	1	PLAA	c14
0.112118597942837	1.26954702017802	0.043	0.068	1	GATD1	c14
0.136221856755122	1.26929820785471	0.04	0.062	1	MICALL1	c14
0.434088952100081	1.26924185362564	0.006	0.011	1	FGD2	c14
0.0631478837043417	-1.26858288198898	0	0.011	1	ESPL1	c14
0.429083808640779	1.26844451252716	0.086	0.109	1	NHLRC3	c14
0.00412505214279795	-1.2683112363665	0.003	0.031	1	HIST1H2AJ	c14
0.106043935130054	1.26809963896438	0.003	0.013	1	AC002091.2	c14
0.0439149400076655	1.26794564583607	0.058	0.097	1	SHQ1	c14
0.00305976620906882	1.26762750671909	0.092	0.169	1	CXorf38	c14
0.0300158119454607	1.26757138447691	0.169	0.266	1	TRPV2	c14
0.000491240775201077	1.26755643850058	0.068	0.146	1	GTF3C5	c14
0.0425526007605364	1.26724533129286	0.108	0.167	1	RC3H2	c14
0.864315910998983	1.26692998021482	0.015	0.014	1	C1orf56	c14
0.00777001028485113	-1.26671477355189	0.003	0.027	1	RLN2	c14
0.0338874144911138	1.26663627055883	0.012	0.034	1	RCCD1	c14
0.0768452870938658	1.26653564500338	0.123	0.182	1	KLHL24	c14
4.33049675196117e-05	-1.26629276255614	0.009	0.066	1	ZNF569	c14
0.0617972481398378	1.26626300200064	0.031	0.056	1	ZNF827	c14
0.547916462934821	1.26611308138771	0.348	0.525	1	TC2N	c14
0.0541717565558111	1.26543912855781	0.157	0.237	1	PBRM1	c14
0.388836922116384	1.26523887754038	0.025	0.034	1	TAF5L	c14
0.0771021137220043	1.26523091625842	0.08	0.121	1	BCL2L11	c14
7.58463504595721e-05	-1.26514736621749	0.003	0.052	1	ALDH6A1	c14
0.000983680560535746	1.26509147213514	0.111	0.208	1	NFKBIB	c14
0.0314964187215385	1.26441844274406	0.175	0.275	1	USP4	c14
0.204315802620511	1.26436292662819	0.022	0.035	1	AP001816.1	c14
0.0986070763744164	1.26433115466328	0.08	0.119	1	NUP160	c14
0.257254457032984	1.26388044929152	0.006	0.013	1	ZNF674	c14
0.000938964185353526	1.26371527360764	0.117	0.218	1	PRKCB	c14
0.0204428049156058	1.2631896875082	0.083	0.138	1	MGA	c14
0.467070697096287	1.26288701216846	0.015	0.022	1	SEC61A2	c14
0.0725255662427278	1.26272004014374	0.04	0.068	1	POMT1	c14
0.0332541540916339	1.26267442260485	0.037	0.07	1	BBS2	c14
0.138399755652424	1.26254777822677	0.071	0.103	1	PAM	c14
0.00679512553422054	1.26254533008423	0.089	0.158	1	TMEM33	c14
0.421730436306591	1.26138174947975	0.022	0.03	1	IL21	c14
0.00964886709833844	-1.26112970820525	0.003	0.026	1	ZNF529-AS1	c14
0.305432048115545	1.26101790774051	0.151	0.203	1	SEL1L	c14
0.0908665875722125	1.26096956877302	0.083	0.124	1	LRRC8D	c14
0.000263330232693886	-1.26064274494608	0.009	0.056	1	SLC27A5	c14
0.151986057029375	1.26035617541819	0.283	0.435	1	SP140	c14
0.102121910859907	1.25990533826654	0.031	0.053	1	DGAT1	c14
0.0449799389736234	1.259268205127	0.037	0.067	1	MAST3	c14
0.0571769500985987	1.25911902329792	0.114	0.172	1	EP400	c14
0.0344186363913731	1.25903154401458	0.068	0.112	1	ASTE1	c14
0.128322151198781	1.25902335375512	0.24	0.358	1	KDM5A	c14
0.620099587498397	1.2585213613975	0.314	0.452	1	WSB1	c14
0.0140634760470678	-1.25850760738685	0.006	0.029	1	ZNF563	c14
0.842137053895749	1.25842658445109	0.083	0.092	1	GPR25	c14
0.354268934068572	1.25767720494768	0.163	0.218	1	DCTN4	c14
0.039564892598497	1.25748387462496	0.009	0.029	1	ZNF341	c14
0.00698714813743012	-1.25714683511279	0.006	0.033	1	AC019163.1	c14
0.127243012499524	1.25682052494522	0.022	0.039	1	TERF2	c14
0.226364759951659	1.25670917639315	0.012	0.023	1	CCSAP	c14
0.0030988541088739	1.25658701576202	0.105	0.188	1	ECD	c14
0.115845540432305	1.25634451974698	0.055	0.084	1	INTS9	c14
0.0309892290097909	1.25628130963067	0.148	0.23	1	PDS5A	c14
0.158116280063654	1.25627500416058	0.009	0.021	1	C9orf3	c14
0.0446625437204353	1.25622250296405	0.031	0.059	1	RIC8B	c14
0.0140500213525271	1.25585232559891	0.163	0.265	1	ARHGEF6	c14
0.0605617362231029	1.25579473057924	0.12	0.18	1	FBXO44	c14
0.00882402945846837	1.25510529454971	0.126	0.212	1	USP22	c14
5.66227860355118e-05	-1.25507537718062	0.009	0.065	1	CD8B2	c14
0.964163480638474	1.25504328134535	0.015	0.016	1	CCDC163	c14
0.00190531483255291	1.25487885457335	0.068	0.136	1	DHX38	c14
0.0220830704988552	1.2546554912224	0.074	0.125	1	WWP1	c14
4.4537460703429e-05	-1.25460970473473	0.012	0.072	1	FBXO25	c14
0.00563796469360135	1.25433983636756	0.185	0.31	1	NARF	c14
0.00379337423962439	1.25423092153815	0.182	0.309	1	BDP1	c14
0.310701571295974	1.25401759437088	0.428	0.626	1	DPP7	c14
0.294643020243269	1.25387288595307	0.025	0.036	1	FBF1	c14
0.135661599279588	1.253808791832	0.043	0.066	1	TEPSIN	c14
0.00293136126957147	1.25343944388744	0.092	0.169	1	SUZ12	c14
0.0239833534488725	1.25339227404985	0.034	0.068	1	TMEM192	c14
0.00462967776485214	1.25337445536189	0.046	0.097	1	MLXIP	c14
0.0217231733245565	1.25273289070244	0.209	0.336	1	TLK1	c14
0.0346864899013105	1.25243412286685	0.049	0.086	1	SLC17A5	c14
0.317814433186643	1.25240711941514	0.018	0.028	1	EID2	c14
0.0027744003929265	1.25184646754142	0.074	0.142	1	SYMPK	c14
0.0121133977674448	1.25164341304074	0.092	0.157	1	ZBP1	c14
0.428279905100528	1.25157019809544	0.006	0.011	1	CEP126	c14
0.0614201435260509	1.25146449308655	0.08	0.124	1	MED17	c14
0.145579096651918	1.25137809391496	0.068	0.098	1	PCMTD2	c14
0.52223250123621	1.25129477753318	0.012	0.017	1	AC103691.1	c14
0.0787816361643443	1.25107643548611	0.018	0.038	1	AMIGO2	c14
0.00613678439614206	-1.25088625810607	0.006	0.034	1	TMEM53	c14
0.137344110086382	1.25080312559863	0.031	0.05	1	HIST1H2AG	c14
0.0104667726398155	1.25045414417328	0.098	0.167	1	MBNL2	c14
0.237152801606331	1.25041990454159	0.169	0.233	1	MLLT3	c14
0.0126123020042694	1.24977389819714	0.123	0.202	1	SENP7	c14
0.178710000074922	1.24945651644596	0.046	0.068	1	CD99L2	c14
0.00720260603688228	-1.24876055481126	0.003	0.028	1	SRR	c14
0.00270958017523597	1.24871149822818	0.102	0.185	1	SUPT7L	c14
0.025467135874789	1.24862820874535	0.095	0.154	1	WDR20	c14
0.212905272699744	1.24853524354118	0.009	0.019	1	ZNF879	c14
0.00123495812462817	1.24853217177807	0.511	0.708	1	PRRC2C	c14
0.0888614269905219	1.248530474359	0.031	0.054	1	HIPK2	c14
0.0547714353101862	1.24832874717732	0.095	0.147	1	PIBF1	c14
0.012574535023868	1.24813044188508	0.086	0.147	1	PDPK1	c14
0.0418687404361428	1.24772091390313	0.074	0.119	1	CLN3	c14
0.050578841138947	1.2476806971894	0.031	0.058	1	KIF1BP	c14
0.128212092946967	1.24750624942316	0.268	0.41	1	ANKRD11	c14
0.122326174461416	1.24684111271195	0.043	0.067	1	HECTD4	c14
0.0230967866207998	1.24644513962492	0.166	0.263	1	RNF145	c14
0.0804064388167383	1.24641853402843	0.012	0.029	1	CCNE2	c14
0.0685578333770141	1.24625976733698	0.169	0.254	1	USP47	c14
0.00252074530181699	-1.24602462042817	0.009	0.044	1	LYPD3	c14
0.0511098780560373	1.24565285634356	0.009	0.027	1	RHEBL1	c14
0.376592948191032	1.24444555669877	0.246	0.349	1	DNAJB14	c14
0.0293716160627324	1.24441697108886	0.031	0.062	1	TOP3A	c14
0.0582739349321693	1.24379717917026	0.068	0.107	1	GTF2H2	c14
0.0341000340821413	1.24356746990716	0.108	0.169	1	RLF	c14
0.00653813804798299	1.24337520373993	0.105	0.181	1	KAT6A	c14
0.0113993449564775	1.24336975518827	0.098	0.167	1	SMC6	c14
0.00342964492023556	1.24304299842413	0.055	0.113	1	RBM4B	c14
0.0947484837445519	1.24269261743041	0.062	0.094	1	C7orf43	c14
0.0261153116282726	1.24242717667471	0.157	0.248	1	STIM1	c14
0.0236498852906225	1.2421158885139	0.262	0.425	1	YME1L1	c14
0.0980384676935648	1.24178209819937	0.046	0.073	1	PTPN23	c14
0.0557705996298297	1.24174996745518	0.16	0.242	1	POLR2B	c14
0.0477254556689042	1.24096631801613	0.083	0.13	1	CD101	c14
0.0105709387373415	1.24083526007745	0.111	0.186	1	PHF12	c14
0.0264308898565211	1.24074714459937	0.077	0.127	1	ZNF302	c14
0.117888691846193	1.2407342929977	0.049	0.076	1	ZMIZ2	c14
0.00029598060328526	1.24069481994667	0.12	0.232	1	IWS1	c14
0.0121765605572476	1.24067951178366	0.098	0.166	1	DTX2	c14
0.0432864225427381	1.24050249029114	0.16	0.245	1	ZBTB20	c14
0.0665129627647212	1.24038588707794	0.018	0.039	1	SEC14L2	c14
0.0364228569147983	1.24020544367323	0.071	0.116	1	RAPGEF1	c14
0.356129012484507	1.23980852892378	0.382	0.526	1	SYNRG	c14
0.405779446941563	1.23980832569529	0.012	0.019	1	SOCS7	c14
0.0331103684101623	1.23945435195664	0.025	0.052	1	DEPDC5	c14
0.0366948943423162	1.23918244444594	0.111	0.173	1	TM9SF3	c14
0.0384944328745484	-1.23897392658332	0.003	0.019	1	FOXO4	c14
0.0390627789671358	1.23860034187143	0.114	0.177	1	RETREG3	c14
0.0512728648027806	1.23824186302104	0.077	0.121	1	DNAJB4	c14
0.477177219367123	1.23817692487935	0.243	0.338	1	IQGAP2	c14
0.0648201932240803	1.23808562395212	0.065	0.102	1	ITPRIP	c14
0.00696127312331685	1.23747685288777	0.037	0.081	1	SLC1A4	c14
0.0818126452569649	1.23741049024576	0.034	0.058	1	MTA3	c14
0.0179850030862709	1.23740064081459	0.052	0.096	1	SLC38A5	c14
0.00538255058598281	1.23709391424196	0.04	0.087	1	MXD1	c14
0.337174187955907	1.23691303888993	0.043	0.058	1	ZNF250	c14
0.133786445046429	1.23691204847873	0.185	0.267	1	PCF11	c14
0.00753770026699003	1.2368341192217	0.046	0.094	1	E2F3	c14
0.257178420727868	1.2367033575255	0.058	0.08	1	GNS	c14
0.0149518741151941	1.23616336299356	0.037	0.075	1	ZNF3	c14
0.00219924996814215	1.23616143799037	0.095	0.177	1	FBRS	c14
0.0705442949707916	1.236067768753	0.055	0.089	1	SLC30A6	c14
0.0335000021187969	1.23589257318458	0.132	0.206	1	MARS	c14
0.233780982398369	1.23541115994942	0.022	0.034	1	NOP9	c14
0.0563318266405664	-1.23530977644089	0.003	0.017	1	EPB41L2	c14
0.10132598544816	1.23479577060849	0.037	0.061	1	MTRF1	c14
0.0103005106201201	1.23474088847796	0.086	0.15	1	WASHC2A	c14
0.0911215010117295	1.23444098350482	0.086	0.128	1	DAPK2	c14
0.046154000209792	1.23427307778939	0.172	0.265	1	TMEM87A	c14
0.193038564982903	1.23413500152932	0.015	0.028	1	IFIT3	c14
0.499988413594449	1.23399520770803	0.009	0.014	1	ZNF888	c14
0.0279222940907045	1.23379043881757	0.092	0.149	1	NAPG	c14
0.00962621442461768	1.23376277960389	0.249	0.422	1	SNRNP70	c14
0.0245335775326976	1.23279694424397	0.055	0.098	1	ABHD2	c14
0.0583817238809961	1.2327156532376	0.04	0.069	1	GPD1L	c14
0.0638006483982834	1.23264006792437	0.028	0.052	1	CCDC152	c14
0.076077569904654	1.23262124208428	0.04	0.067	1	SLC35E1	c14
0.000874167579142463	1.23256576271414	0.046	0.109	1	SNTB2	c14
0.000409628411759332	1.23247820228939	0.086	0.176	1	TARSL2	c14
0.001854735112014	1.23220646928828	0.172	0.302	1	PPP4R3B	c14
0.184084918293957	1.23197142807965	0.08	0.111	1	L3MBTL3	c14
0.0762761053389194	1.23171032882715	0.028	0.051	1	N6AMT1	c14
0.0773767207953155	1.23170983692586	0.237	0.364	1	PPP3CC	c14
0.129051694262495	1.23153711306996	0.012	0.026	1	ZC4H2	c14
0.0406002687125498	1.23116310390743	0.034	0.064	1	NCOA6	c14
0.00501244579141536	1.23021649406805	0.037	0.083	1	TARS2	c14
0.0113718388386921	1.23017190998099	0.126	0.209	1	SLC35C2	c14
0.0231244488262343	1.2300321723202	0.243	0.39	1	MYO1G	c14
0.0515331088339168	1.23002636444413	0.022	0.045	1	GLCE	c14
0.0448294861076158	1.22996045879681	0.049	0.084	1	CREG1	c14
0.0163606721391098	1.22991441575298	0.163	0.262	1	ASXL1	c14
0.102893662795146	1.22945770733355	0.012	0.027	1	DET1	c14
0.0524503257615785	1.22919986968342	0.031	0.058	1	TCP11L1	c14
0.00152548023002495	1.22916573632934	0.086	0.166	1	ASPSCR1	c14
0.018668360805086	1.22916034264165	0.031	0.065	1	TMEM120B	c14
0.0434416602488599	1.22833689290067	0.089	0.14	1	HAUS3	c14
0.0229784020871405	1.22744462585131	0.105	0.169	1	DNAJC17	c14
0.0110934533065597	1.22707530646923	0.092	0.158	1	ZMPSTE24	c14
0.480531494605787	1.22701169948009	0.012	0.018	1	AL162258.2	c14
0.256528405600499	1.22674014458955	0.006	0.014	1	ZNF517	c14
0.0412823015651155	1.22642350561877	0.049	0.085	1	ACAD9	c14
0.00446285057326079	1.22609527690022	0.08	0.147	1	TAOK1	c14
0.100657543896646	1.22597575920203	0.098	0.144	1	DPP9	c14
0.0394436770209683	1.2259567178641	0.04	0.073	1	GMEB2	c14
0.0329204647818836	1.22551761345168	0.172	0.27	1	CTNNB1	c14
0.0119440138561902	1.22402259102516	0.025	0.059	1	ARHGAP10	c14
0.118052145618207	1.22368495038243	0.022	0.039	1	TUT1	c14
0.000158759172377537	1.22360353744993	0.092	0.192	1	POLG	c14
0.008479201271763	1.22355869242616	0.126	0.212	1	CUL4A	c14
0.594614131979726	1.22341017518804	0.009	0.013	1	MINDY1	c14
0.0174368409999735	1.22313792206872	0.178	0.287	1	SENP6	c14
0.0229655824458842	1.22311221547489	0.08	0.133	1	NUS1	c14
0.000108044715915186	-1.22300642878052	0.006	0.056	1	HTD2	c14
4.19655394003773e-05	-1.22288021824666	0.012	0.072	1	UBE2D4	c14
0.00286276125631232	1.2226506193695	0.046	0.101	1	EMC9	c14
0.107228679890277	1.22237207302524	0.058	0.089	1	POMGNT1	c14
0.00391243813530791	1.22223359483399	0.034	0.08	1	ZFP64	c14
0.800581907676688	1.22219148664519	0.022	0.02	1	SPRY2	c14
0.118417721324794	1.22218200094348	0.049	0.076	1	URGCP	c14
0.494989973395408	1.2220973042199	0.375	0.53	1	SLC38A1	c14
0.0624576655880843	1.22183819876349	0.298	0.479	1	CLK1	c14
0.0909683087402219	1.22122161387014	0.015	0.033	1	ZNF891	c14
0.0799269071841693	1.22103775308085	0.04	0.067	1	NAA40	c14
0.140814982836698	1.22100828839846	0.012	0.026	1	SMOX	c14
0.00459131662481533	1.22087546778596	0.08	0.147	1	PDE4DIP	c14
8.3676972352393e-05	-1.22074209101137	0.009	0.063	1	CETN2	c14
0.000144423824576916	1.22063276172205	0.529	0.709	1	STK4	c14
0.00667893330818891	1.22060961037276	0.046	0.095	1	PI4K2B	c14
0.227686989505586	1.22049921642737	0.114	0.154	1	MTR	c14
0.00197237107068161	-1.22038351037513	0.006	0.04	1	ZNF677	c14
0.00852737120223586	1.21990849662309	0.111	0.188	1	PRKAA1	c14
0.113898311608587	1.21964257866712	0.037	0.06	1	PHOSPHO2	c14
0.00735761497122696	1.21910524071986	0.123	0.208	1	CYP20A1	c14
0.0107342208663469	1.21907331052928	0.043	0.087	1	PRKAG2	c14
0.661475758125144	1.21907137173428	0.391	0.553	1	DDX3X	c14
0.00944702069577195	1.21900712991274	0.175	0.288	1	CERK	c14
0.0710040709747844	1.21899224663672	0.012	0.03	1	ARHGAP31	c14
0.237703334276041	1.21864337232343	0.009	0.018	1	AC016773.1	c14
0.0296325295753904	1.21835807925115	0.089	0.144	1	DHRSX	c14
0.052314398440579	1.21817805578422	0.065	0.104	1	ALG6	c14
0.0345819864323904	1.21802655623512	0.006	0.024	1	CDC6	c14
0.0152205340426703	1.21792687343376	0.197	0.321	1	SMARCC2	c14
0.00293333546825648	1.21752616175353	0.12	0.212	1	CEP85L	c14
0.0225427563258632	-1.21741187545545	0.003	0.022	1	ZNF530	c14
0.303168215660075	1.21698627722137	0.006	0.013	1	ZNF208	c14
0.0910854131762814	1.21655253094448	0.258	0.4	1	HNRNPLL	c14
0.536685903345406	1.21649530457449	0.009	0.013	1	ZNF284	c14
0.00369944327945988	1.21631030004069	0.031	0.076	1	ERI1	c14
0.0395630259240785	1.21591353162017	0.022	0.047	1	SLC25A14	c14
0.0541140685304453	1.21577740885699	0.015	0.036	1	ATRN	c14
0.0691834227697442	1.21576826633453	0.037	0.064	1	SMAD4	c14
0.0811011612563182	1.21571870868297	0.052	0.083	1	INTS4	c14
0.0445332504502432	1.21549557353792	0.12	0.183	1	CHRM3-AS2	c14
0.000232356683971154	1.21454194647092	0.135	0.258	1	NFKB2	c14
0.226545146627795	1.21420559225645	0.025	0.038	1	BMPR1A	c14
0.0894150222159577	1.21401180042218	0.228	0.344	1	P2RY10	c14
0.139398789982804	1.21366131222547	0.074	0.107	1	TMEM131	c14
0.0369505564697366	1.21353892873004	0.071	0.116	1	ATF7	c14
0.194706103113518	1.21343920406479	0.262	0.389	1	FOXP1	c14
0.0238501293023121	1.21336218396056	0.028	0.059	1	RMND5B	c14
0.048541390679088	1.21328333719604	0.108	0.165	1	PLPP5	c14
0.975453269529945	1.21316408561046	0.015	0.015	1	SIRPB1	c14
0.0389160128568517	1.21309734017945	0.012	0.033	1	GAN	c14
0.0292249734156572	1.21290594994493	0.095	0.153	1	IREB2	c14
0.110558843922859	1.21235220359788	0.295	0.462	1	BTN3A2	c14
0.00836613569318433	1.21233155660159	0.148	0.247	1	TMEM30A	c14
0.127093284416076	1.21189861030452	0.018	0.035	1	AC006213.2	c14
0.0166639652794432	1.21170454101766	0.049	0.092	1	KCNK6	c14
0.28490833288613	1.21149150695983	0.006	0.013	1	AL096865.1	c14
0.210814726374647	1.21110005085353	0.252	0.371	1	PIAS1	c14
0.0117061844816751	1.21103118128321	0.049	0.095	1	HPS4	c14
0.334959028102008	1.21083054322044	0.006	0.012	1	MATN2	c14
0.439547076066163	1.21064703528138	0.009	0.014	1	SLC9B1	c14
0.162756870381391	1.21063633522285	0.015	0.029	1	CKMT2-AS1	c14
0.316342153771316	1.21049898296301	0.025	0.036	1	AJM1	c14
0.00712419413289429	1.21049600427332	0.108	0.184	1	MKL1	c14
0.00265945954966528	-1.21039954148156	0.006	0.038	1	COQ3	c14
0.00145047892008713	1.21024730267135	0.166	0.294	1	SUPT5H	c14
0.00858447327751725	1.21013447783291	0.046	0.093	1	CEP78	c14
0.0615577216399834	1.21001115659273	0.055	0.09	1	SLC39A9	c14
0.104965313049313	1.21000016850801	0.025	0.044	1	AC097376.2	c14
0.0112001448011628	1.20992668128442	0.089	0.153	1	STAMBPL1	c14
0.18014583850164	1.2099118884471	0.034	0.052	1	ZNF614	c14
0.0530170581194571	1.20980773188758	0.111	0.169	1	ZFYVE27	c14
0.0326305136205059	1.20970749729134	0.04	0.074	1	MDM1	c14
0.138832319882065	1.20970688718772	0.034	0.054	1	NDOR1	c14
0.0773375982021247	1.20957277254285	0.025	0.046	1	CDYL	c14
0.000713921433229918	-1.20957115283853	0.006	0.046	1	WEE1	c14
0.00889489362994947	1.20944377906096	0.034	0.074	1	EHD4	c14
0.0203892667478385	1.20875581052847	0.049	0.091	1	ATG7	c14
0.0118565047590349	-1.20850824547632	0.003	0.025	1	LRRC1	c14
0.00370883372497224	1.20824893137646	0.108	0.191	1	GMDS	c14
0.0204836028960849	1.20787657612026	0.065	0.112	1	FBXW7	c14
0.129927813853971	1.2078462939009	0.028	0.047	1	LIMD1	c14
0.126352938196953	1.20764570720456	0.025	0.043	1	SFXN2	c14
0.0723557067885118	1.20738252285196	0.098	0.148	1	RAB3GAP2	c14
0.0560274276441104	1.20688486245203	0.172	0.261	1	CDK6	c14
0.0350329577647186	1.20656447872787	0.049	0.086	1	ERCC4	c14
0.0677599295173327	1.20651325861561	0.209	0.319	1	CCS	c14
0.0585144149013819	1.20606572128623	0.129	0.194	1	IL21R	c14
0.165019801352236	1.20586150662432	0.049	0.073	1	HIP1	c14
0.0059798589831373	1.20577134458573	0.148	0.25	1	HEXA	c14
0.022198477377529	1.20574278674898	0.052	0.094	1	MTRF1L	c14
0.134105132519593	1.2057101699217	0.175	0.251	1	SYTL2	c14
0.0441220593639926	1.20568963300048	0.071	0.114	1	DDX60	c14
0.0763661823279919	1.20521840673197	0.015	0.034	1	PPIP5K1	c14
0.225958980256283	1.2044907583863	0.015	0.027	1	AL669918.1	c14
0.0244197727915715	1.20448673015486	0.138	0.215	1	NFKBID	c14
0.102846008889167	1.20432029523781	0.043	0.069	1	ZNF529	c14
0.837745179051134	1.20421968574157	0.409	0.615	1	SRSF11	c14
0.00536397533929987	1.20322850999687	0.166	0.28	1	PARP10	c14
0.00175310195285227	1.20315433723753	0.098	0.183	1	UCKL1	c14
3.14149788593408e-05	-1.20305048581712	0.015	0.079	1	CCDC92	c14
0.00426913747637117	1.20291872268107	0.138	0.238	1	TTC19	c14
0.0902561487158476	1.20271953588746	0.018	0.037	1	FP565260.1	c14
0.731388532552141	1.2023155160191	0.022	0.025	1	POU2AF1	c14
0.0987770501409035	1.20227071844334	0.037	0.061	1	NUP43	c14
0.0232516370026643	1.20127513470607	0.086	0.142	1	ANKH	c14
0.00028854032784036	-1.20088801080411	0.009	0.056	1	UTP15	c14
0.0133256404153084	1.20056402838324	0.071	0.125	1	CEP250	c14
0.00188693482453715	-1.20015291715809	0.003	0.035	1	HYLS1	c14
0.0076285335704684	1.20007104207034	0.055	0.107	1	SFXN3	c14
0.0163062269978039	1.19984699103549	0.034	0.07	1	FAM98B	c14
0.662117088156825	1.1996233898104	0.375	0.498	1	NFKBIZ	c14
0.918685714406442	1.19908692622601	0.012	0.012	1	FRS3	c14
0.00059192349310762	1.19904058421003	0.095	0.188	1	ABHD16A	c14
0.015644087590765	-1.19896365996418	0.003	0.023	1	CCDC191	c14
0.0167427826383136	1.19894687456076	0.145	0.232	1	KMT2E-AS1	c14
0.987420125014555	1.19879229957877	0.388	0.572	1	CAMK4	c14
0.67400266210142	1.1986349609806	0.015	0.019	1	LINC01480	c14
0.0271504646781681	1.19856124666968	0.197	0.311	1	PPP1R10	c14
0.215758115669056	1.19853087324533	0.015	0.027	1	NEU3	c14
0.0200862045755013	1.19846315304787	0.108	0.174	1	XIAP	c14
6.54799367213285e-05	-1.19843249795664	0.015	0.075	1	GPR55	c14
0.0609972805684485	1.19814824128381	0.268	0.421	1	SLAMF1	c14
0.207038759085951	1.19805519084402	0.012	0.023	1	XKR6	c14
0.207329066403641	1.19751323587898	0.012	0.023	1	PER2	c14
0.0130649753164758	1.19749703804497	0.062	0.112	1	SPRTN	c14
0.0399280358451843	1.19744429566212	0.049	0.085	1	AGTPBP1	c14
0.00164154523354653	1.19725073195367	0.028	0.076	1	TTTY15	c14
0.0189651054976041	1.1970138037294	0.049	0.091	1	CEP192	c14
0.0150900719964864	1.19694268837689	0.108	0.178	1	SUCO	c14
0.0185616134809415	1.19688920800855	0.175	0.28	1	SMARCC1	c14
0.293643055275216	1.19673842473149	0.022	0.033	1	DCLRE1A	c14
0.0117688971447426	1.19654003974398	0.037	0.077	1	PRIMPOL	c14
0.130787419048677	1.1962172041757	0.265	0.402	1	EPB41	c14
0.109005398991322	1.19591623491886	0.015	0.031	1	ZNF382	c14
0.0611928710341981	1.19581270668797	0.123	0.185	1	SPNS1	c14
0.0327770294092201	1.19548255488168	0.037	0.07	1	NSUN4	c14
0.00598708517570376	-1.19494546084963	0.006	0.034	1	ASPH	c14
0.041769045568035	1.19475184092269	0.018	0.042	1	RTN4IP1	c14
0.751427743822995	1.19472075848168	0.012	0.015	1	ZNF630	c14
3.58122102430313e-05	1.19463301177469	0.142	0.284	1	PHF20L1	c14
0.0118609047824733	1.19456108796977	0.025	0.059	1	ZNF605	c14
0.139653873735335	1.19448476491361	0.049	0.074	1	IMMP2L	c14
0.191938108561618	1.19442518558775	0.237	0.348	1	CCM2	c14
0.465773106135866	1.19416969829192	0.018	0.025	1	TAF4	c14
0.029595487752742	1.1939340037017	0.04	0.075	1	APAF1	c14
0.553122480205041	1.19376718098728	0.302	0.429	1	PIK3IP1	c14
0.178489829100915	1.19357723908269	0.009	0.02	1	ABHD14A	c14
0.0135371166046612	1.1935571617692	0.043	0.085	1	ZNF512	c14
0.112798885343711	1.1930026624021	0.04	0.064	1	DAAM1	c14
0.0149887476466913	1.19278524668849	0.034	0.071	1	PIGU	c14
0.264939895673447	1.1927147723046	0.006	0.013	1	CEP112	c14
0.548035047262169	1.19264453535067	0.012	0.017	1	ZNF829	c14
0.0533412559729828	1.19257842806161	0.12	0.183	1	ERAP1	c14
0.379569458234783	1.19255509422651	0.068	0.087	1	RIC3	c14
0.0019022821105561	1.19231316441016	0.117	0.211	1	MIIP	c14
0.00441295957452813	1.19220466074383	0.04	0.088	1	SNTB1	c14
0.00375551291151012	1.1920074330261	0.065	0.126	1	FHOD1	c14
0.740421141138268	1.19178510075798	0.028	0.032	1	MOCS3	c14
0.0205956504890475	1.19178291534204	0.043	0.082	1	ARMCX5	c14
0.0351757374638116	1.19170058729886	0.089	0.142	1	ALG12	c14
0.0408128033883666	1.19169488092052	0.086	0.136	1	PIK3CG	c14
0.171401985669483	1.19091382893337	0.012	0.024	1	HIST1H2BF	c14
0.0851541908554198	1.19037183871769	0.105	0.155	1	ST6GALNAC6	c14
0.0448507887475059	1.1902122755297	0.111	0.171	1	POR	c14
0.0066056728592666	1.1900638651319	0.111	0.191	1	NSMAF	c14
0.00497227884633118	1.19002767553974	0.212	0.361	1	IRF3	c14
0.0237448914142396	1.18951214417046	0.129	0.206	1	ANKLE2	c14
0.00668055212369643	1.18929764204797	0.117	0.199	1	LRCH4	c14
0.0245141965699134	1.18909771804105	0.092	0.149	1	ZC3H6	c14
0.018206237212261	1.18804628298926	0.068	0.118	1	MANBA	c14
0.0135454373079596	1.18731360544598	0.114	0.188	1	TMEM87B	c14
0.00231815731713367	1.18631487539941	0.114	0.205	1	VAV1	c14
0.465840094134422	1.18612143296267	0.425	0.627	1	SF3B1	c14
0.00484725061075298	1.18597954028346	0.237	0.405	1	ANAPC5	c14
0.10317507756666	1.18556785568035	0.034	0.057	1	ABHD11	c14
0.0327491919110921	1.18555113257707	0.009	0.03	1	WDR81	c14
0.240405774578781	1.18527564719565	0.012	0.022	1	COLGALT2	c14
0.138287955262266	1.18474324091037	0.052	0.078	1	CNBD2	c14
0.0444447663912246	1.18455450884562	0.135	0.207	1	PNPLA8	c14
0.0828801787217375	1.18446775338772	0.025	0.046	1	C9orf72	c14
0.11109222181034	1.184463028544	0.037	0.06	1	TNFRSF10B	c14
0.0355395397524588	1.18444822374258	0.043	0.078	1	ZHX2	c14
0.0221102096152224	1.18435633170805	0.043	0.081	1	KMT2D	c14
0.442399726600242	1.18412698774391	0.006	0.011	1	DNAJC25-GNG10	c14
0.0177444696753995	1.18385767362954	0.169	0.27	1	ZNF148	c14
0.00143874249732255	1.183609541279	0.046	0.105	1	TMEM116	c14
0.00234617428226396	1.18333644003932	0.123	0.218	1	FAM129A	c14
0.622401650396637	1.18296165386602	0.009	0.012	1	LMLN	c14
0.0191384329477719	1.1829367768011	0.086	0.143	1	OTUD5	c14
0.0209903824717837	1.18275372311848	0.04	0.077	1	SLC43A1	c14
0.345479887485739	1.18271444859913	0.231	0.323	1	CASP8	c14
0.0249555607809121	1.18263373890999	0.138	0.219	1	ADPGK	c14
0.0050044408650049	1.18247382169479	0.098	0.174	1	NBPF26	c14
0.150698401826663	1.18242240665804	0.012	0.025	1	DNAL1	c14
0.0299985446594137	1.18236343437019	0.071	0.118	1	ETFDH	c14
0.000428144550106316	1.18207266131801	0.148	0.275	1	CIAO1	c14
0.895406736278383	1.18173523989823	0.357	0.532	1	CD47	c14
0.000172294951997628	1.18115122330309	0.052	0.129	1	KLHDC4	c14
0.00238512843561772	1.18096963219856	0.089	0.167	1	DNAJB12	c14
0.0039328452135231	1.18073941834633	0.068	0.13	1	MXD4	c14
0.158615717747539	1.18025519740703	0.012	0.025	1	ZC3H10	c14
0.0300639682177225	-1.18006975695051	0.003	0.02	1	ZNF347	c14
0.0397938229213626	1.18003999605942	0.074	0.119	1	ANTXR2	c14
0.00218169306042464	1.18002261935353	0.182	0.317	1	MARCH7	c14
0.0804927406901325	1.17956145210927	0.126	0.185	1	CD59	c14
0.114273985936391	1.1794797973538	0.028	0.048	1	RFX7	c14
0.023132421861955	1.17937998183402	0.049	0.09	1	ZBTB48	c14
0.29098151269794	1.17929098614053	0.012	0.021	1	GRK4	c14
0.043532196950171	1.17907489567776	0.055	0.093	1	PEX14	c14
0.000287413122641047	1.17891802146175	0.188	0.345	1	PTK2B	c14
0.0556036447747939	1.1786413831012	0.105	0.16	1	CASC4	c14
0.00684945981759872	1.17795387153346	0.055	0.108	1	RELL1	c14
0.00694343203722373	1.17791515631349	0.062	0.117	1	CEP135	c14
0.0349504096078824	1.17779182227571	0.055	0.095	1	KLHL22	c14
0.0151217345849773	1.17767495226784	0.046	0.089	1	TOR1AIP2	c14
0.0436813619769196	1.17758103018784	0.046	0.08	1	SGPP1	c14
0.0101894882148444	1.17753694266383	0.071	0.127	1	CYHR1	c14
0.0117875158537944	1.17713931935126	0.071	0.126	1	ANKRD27	c14
0.000108741423822067	1.17690433215193	0.071	0.161	1	AP4B1	c14
0.0161581533584515	1.17684848022023	0.015	0.043	1	MNT	c14
0.255762058085438	1.17684670646496	0.012	0.022	1	BCORL1	c14
0.374819662972428	1.17603317356968	0.012	0.019	1	PCAT1	c14
0.0016546275185935	1.17587058428607	0.08	0.155	1	MDM2	c14
0.0315501775182681	1.17581099846015	0.098	0.157	1	MUS81	c14
0.057368753750204	1.1757333695961	0.046	0.078	1	ANKRD26	c14
0.148044619388724	1.17570089757638	0.44	0.623	1	UBXN4	c14
0.465650238254959	1.17543628280138	0.009	0.014	1	CCDC106	c14
0.0251013396672937	1.17538883036876	0.012	0.036	1	DBT	c14
0.0424924348416371	1.17535889964572	0.092	0.145	1	PIK3C3	c14
0.495586590294849	1.17526104051341	0.351	0.533	1	IQGAP1	c14
0.0438638820888834	-1.17523119625406	0.003	0.018	1	ZNF665	c14
0.0564115156276385	1.17494201649127	0.049	0.082	1	TRAPPC13	c14
0.0172528358025081	1.17486548672941	0.071	0.123	1	HMG20A	c14
0.00182647083181534	1.17478746248253	0.074	0.145	1	UBXN2A	c14
0.0390278926227172	1.1746550598947	0.065	0.106	1	RXYLT1	c14
0.0715259294189972	1.1745950305396	0.065	0.101	1	KLHL18	c14
0.00177597841497498	1.17445871742002	0.24	0.421	1	BAZ1A	c14
0.0152438059882421	1.17433809321169	0.105	0.173	1	ZFX	c14
0.025298916405108	1.17391071679382	0.052	0.093	1	NCAPD3	c14
0.00641530351241843	1.17388595520525	0.092	0.058	1	TRDV1	c14
0.0422108534207165	1.17386907898231	0.194	0.299	1	YIPF4	c14
0.0155389582743351	1.17365178824047	0.123	0.201	1	ADA2	c14
0.027940170651986	1.1736448274074	0.031	0.062	1	ULK4	c14
0.101302568147793	1.17362937421737	0.052	0.081	1	ZNF484	c14
0.0377485488119752	1.17342113717578	0.043	0.077	1	RABGEF1	c14
0.141309705502288	1.17298110820512	0.302	0.474	1	GPBP1	c14
0.0129044924584792	1.17287284999058	0.04	0.081	1	TEFM	c14
0.0554193853627201	1.17248265611752	0.043	0.074	1	ABCC10	c14
0.0379351098953996	1.17220805721334	0.055	0.094	1	DYRK1A	c14
0.00732244111101779	1.17171529335251	0.194	0.322	1	PIK3CD	c14
0.258407610705124	1.17135050542665	0.006	0.013	1	IFIT1	c14
0.00307206582869131	1.17122959252947	0.089	0.165	1	ELMSAN1	c14
0.00555467544066721	1.1709311526822	0.037	0.082	1	SLC25A53	c14
0.0880491412025893	1.170758392485	0.022	0.041	1	ZRANB1	c14
0.00296087798895137	1.16876579339001	0.046	0.1	1	POLL	c14
0.000343194558455717	-1.16874959448434	0.012	0.06	1	AC009779.3	c14
0.0772730659696318	1.1679652650128	0.006	0.02	1	PCSK5	c14
0.0863705248545394	1.16763479622225	0.025	0.046	1	SETD1A	c14
0.0218401894757777	1.1675806182539	0.203	0.325	1	SRSF1	c14
0.0210314896988793	1.16753539912248	0.157	0.248	1	USP20	c14
0.204356651289521	1.16744421053267	0.025	0.039	1	ZNF549	c14
0.432880587079166	1.16735692168302	0.006	0.011	1	AC116366.2	c14
0.00129537181059393	1.16721265460792	0.129	0.235	1	GSK3B	c14
0.0166501908351391	1.16701830333205	0.089	0.15	1	PARN	c14
0.0246226946352074	1.1668999154195	0.138	0.22	1	ZNF430	c14
0.12238091372916	1.16638583422701	0.037	0.059	1	NOM1	c14
0.0182698054879177	1.1662546031925	0.046	0.087	1	TMEM206	c14
0.240123227216053	1.16625172584504	0.068	0.092	1	CDCA7	c14
0.0527216688395452	1.16612777919445	0.018	0.04	1	CACTIN	c14
0.0883414191860854	1.16553086445126	0.037	0.062	1	TCEANC2	c14
0.125101872666856	1.16522981672975	0.006	0.017	1	BMP1	c14
0.150353095438173	1.1652166038907	0.068	0.098	1	COQ10A	c14
0.00286636476633567	1.16512625737764	0.055	0.115	1	CNPY2	c14
0.0292764123687586	1.16512103310733	0.037	0.07	1	ZNF121	c14
0.154611842358091	1.16504275286155	0.009	0.021	1	ZNF417	c14
0.1386832320464	1.16498473965155	0.111	0.157	1	COL4A3BP	c14
0.0816760417401731	1.16492715244527	0.037	0.062	1	SRCAP	c14
0.93550213699414	1.16467089102574	0.378	0.552	1	RORA	c14
0.0135374622955182	1.16435226387335	0.022	0.054	1	FANCI	c14
0.0134448817003435	1.16430651428033	0.092	0.156	1	LPGAT1	c14
0.0109387478474534	1.16388501288729	0.363	0.388	1	TIGIT	c14
0.0424979019929932	1.1638809615654	0.018	0.042	1	SBF2	c14
0.00244178294685563	1.16332256269629	0.12	0.214	1	CARD11	c14
4.70482056612915e-05	-1.16301980047719	0.006	0.06	1	MSRB2	c14
0.0141800395379792	1.16272574996631	0.068	0.12	1	FAM219B	c14
0.0247474426664375	-1.16233138996884	0.003	0.021	1	LINC00526	c14
0.0786954958322982	1.16207557905139	0.058	0.092	1	ZNF141	c14
0.00520503484997493	1.16205173677789	0.111	0.193	1	ST6GAL1	c14
0.0668273736616739	1.16197213979723	0.031	0.056	1	TUBGCP5	c14
0.454324044753447	1.16173822225366	0.018	0.025	1	SV2A	c14
0.249520025308645	1.16171023911205	0.406	0.562	1	AUP1	c14
0.0144433429070536	1.1615820306043	0.04	0.08	1	SFMBT1	c14
0.505241679285656	1.16140512771625	0.018	0.025	1	FUT10	c14
0.00736266931415056	1.16138163979555	0.6	0.817	1	SLC2A3	c14
0.026389068269269	1.16135768430807	0.065	0.11	1	PRPF39	c14
0.0314279833997123	1.16132242679054	0.083	0.134	1	NUP133	c14
0.528732609569107	1.16113195272979	0.006	0.01	1	CHRNE	c14
0.015034315170218	1.16033688982532	0.126	0.205	1	CLK4	c14
0.208994457915375	1.16014029730666	0.028	0.043	1	ZYG11B	c14
0.0637476187956005	1.16000691108654	0.031	0.056	1	UBA6-AS1	c14
0.0394787882062698	-1.15956165790471	0.003	0.019	1	ZNF354C	c14
0.00494714215163827	1.15951712480052	0.068	0.129	1	FBXO42	c14
0.032699151807795	1.15900523234871	0.055	0.095	1	CLK2	c14
0.0922873156727951	1.15753976106677	0.009	0.024	1	ZCWPW1	c14
0.477213705707038	1.15751255353967	0.378	0.575	1	FCMR	c14
0.00199705847213631	1.15653334075088	0.092	0.172	1	MOAP1	c14
0.464383352393071	1.15649324058764	0.006	0.01	1	FSBP	c14
0.00057844825913367	1.15622551589608	0.142	0.261	1	DENND1B	c14
0.556493221193452	1.15603243583956	0.018	0.015	1	TRBV7-4	c14
0.130377279041643	1.15580923212224	0.178	0.257	1	CYTH4	c14
0.241547652617996	1.15510747314458	0.009	0.018	1	FBXL19	c14
0.147510713090312	1.15475099738549	0.018	0.034	1	TRPM2	c14
0.0665885861767414	1.15440671478162	0.169	0.254	1	ORMDL3	c14
0.156230045079721	1.15439847033042	0.009	0.021	1	SWAP70	c14
0.00123718423163178	1.15408514740028	0.166	0.295	1	MED15	c14
0.284527602196042	1.15363881050988	0.022	0.033	1	DDX28	c14
0.066068597363775	1.15357440344864	0.015	0.035	1	XYLT2	c14
0.0553308010190605	1.15350220826269	0.046	0.078	1	TRABD2A	c14
0.0864820790220197	1.15349819286581	0.043	0.07	1	RAB30	c14
0.0282080969973933	1.15301594471359	0.043	0.079	1	ZNF227	c14
0.0139983156452264	1.15260877660155	0.012	0.039	1	ST20-MTHFS	c14
0.0553137944252156	1.15249046212333	0.049	0.082	1	ATG9A	c14
0.00690331569136717	1.152231995691	0.098	0.171	1	NUFIP2	c14
0.158857806909323	1.1517940221688	0.058	0.085	1	FUCA1	c14
0.000881700325703586	1.15152165147705	0.095	0.184	1	SLC25A36	c14
0.00131426559631891	1.15120324855926	0.089	0.172	1	MTA1	c14
0.0158735432266662	1.15112293128382	0.006	0.029	1	MXD3	c14
0.000228451167499425	1.15100571193884	0.117	0.229	1	RING1	c14
0.257585265847351	1.15094168269855	0.071	0.096	1	GTF2H2C	c14
0.0567690587664523	1.15069070511204	0.022	0.044	1	PIK3CA	c14
0.0300120479144384	1.15055762840435	0.222	0.351	1	NT5C	c14
0.0551005722943404	1.15054947701044	0.012	0.031	1	GDAP1	c14
0.00036458721436834	1.15023308783016	0.083	0.172	1	LINC01550	c14
0.0115355535257572	-1.1498828044672	0.003	0.025	1	MSC-AS1	c14
0.00884743018333971	1.1497224975308	0.058	0.11	1	TATDN3	c14
0.00152765758787573	1.14930871495296	0.046	0.105	1	C21orf2	c14
0.0952804692322084	1.14922768779788	0.012	0.028	1	ZNF202	c14
0.0539041605809093	1.14849650221914	0.052	0.087	1	LIN54	c14
0.104894830731238	1.14842303464699	0.077	0.114	1	GPAT4	c14
0.0232490776194404	1.14833695051172	0.071	0.045	1	FCER1G	c14
0.00186596170127037	1.14825353828226	0.077	0.15	1	GTF2H1	c14
0.400277976971679	1.14811959458505	0.289	0.415	1	CDK17	c14
0.0155569856214578	1.14756274317803	0.068	0.119	1	USPL1	c14
0.0692997811461538	1.14731219187298	0.055	0.089	1	ZNF426	c14
0.0542638332633683	1.14712944506183	0.046	0.078	1	NUP155	c14
0.000168796556737583	-1.14703919893327	0.012	0.064	1	DHRS4L2	c14
0.0273179203417578	1.14686166563584	0.092	0.149	1	ZNF506	c14
0.00222873651856764	1.14684071643513	0.132	0.234	1	TRPT1	c14
0.060402349920823	1.14673054851263	0.175	0.267	1	MFSD14A	c14
0.215981527027439	1.14647061248514	0.025	0.039	1	ACTR3B	c14
0.0214382210742815	-1.1463834168713	0.003	0.022	1	RASD1	c14
0.00979220145139716	1.14623743465011	0.237	0.393	1	PCM1	c14
0.0221001842738835	1.14593295620868	0.095	0.156	1	PPP1R15B	c14
0.0347714367701313	1.14575131311573	0.262	0.421	1	WNK1	c14
0.238537262791067	1.14560587889361	0.022	0.034	1	COL5A3	c14
0.0252837939028815	1.14550222415099	0.08	0.133	1	AFF1	c14
0.060770919290426	1.14524190397027	0.077	0.119	1	ARNT	c14
0.00640865650068787	1.14458214540126	0.126	0.214	1	ZDHHC6	c14
0.0245783594016332	1.14449732329388	0.043	0.08	1	ZNF561	c14
0.277998389523906	1.14444436095094	0.342	0.532	1	SRSF10	c14
0.0898212060615782	1.1442677460715	0.018	0.037	1	CENPJ	c14
0.0113274929529978	1.14307082245423	0.049	0.095	1	ZHX1	c14
0.0132304498365241	1.14298215501613	0.034	0.072	1	NNT-AS1	c14
0.0241462416441585	1.14186125499056	0.16	0.252	1	NELFCD	c14
0.602929359269654	1.14164064612493	0.068	0.08	1	LAYN	c14
0.0103099785308008	1.14113598490034	0.095	0.163	1	CWF19L2	c14
0.0765253501925696	1.14096423419016	0.015	0.034	1	ZNF510	c14
0.00218671975336225	1.14093304268481	0.117	0.211	1	GNPAT	c14
0.0256464527314747	-1.14085819681324	0.003	0.021	1	FCRLB	c14
0.0611455188649323	1.14063404596493	0.203	0.311	1	ACAA1	c14
0.000220207859399632	1.14060293525403	0.083	0.175	1	DDX42	c14
0.0938015424947852	1.14048792362885	0.006	0.019	1	DNAH1	c14
0.0285880791344865	1.14025165994839	0.009	0.03	1	THBS1	c14
0.00915973232902743	1.14024932898122	0.083	0.146	1	TBC1D22A	c14
0.0361527215372488	1.13995701594647	0.028	0.056	1	ZADH2	c14
0.055923084242929	1.13988798214136	0.062	0.099	1	PIGG	c14
0.02060015689115	1.1397893523356	0.071	0.121	1	PSEN1	c14
0.0109524158633338	1.1397561089394	0.111	0.185	1	STX12	c14
0.14124433451853	1.1394031017335	0.065	0.094	1	ZNF654	c14
0.184170620315724	1.13932435716147	0.012	0.024	1	AC139887.2	c14
0.00903984318160414	1.13930089731603	0.025	0.061	1	C16orf70	c14
0.283342912343398	1.13912135722824	0.022	0.033	1	MAPK11	c14
0.082638911560233	1.13902347207298	0.04	0.067	1	UTP25	c14
0.0285347112690122	1.13875523975221	0.037	0.071	1	STAM2	c14
0.183300246441268	1.13860074799516	0.018	0.032	1	UBE3D	c14
0.0198025433059653	1.13852519463106	0.034	0.069	1	ARMC7	c14
0.0910979413958326	1.13831952036519	0.028	0.049	1	CHST2	c14
0.00258133002343315	1.1382575978586	0.135	0.239	1	NUTM2A-AS1	c14
0.207165479846428	1.13813556067783	0.049	0.07	1	ZNF260	c14
0.0114974970905484	1.13787841108325	0.08	0.139	1	SEC24B	c14
0.00495591408686092	1.13785992054838	0.068	0.128	1	BANP	c14
0.0210201952595949	1.13781487368985	0.095	0.156	1	SGSM3	c14
0.00611029189581185	-1.1373860398593	0.003	0.028	1	AC005842.1	c14
0.000323699641881583	1.13704741181805	0.237	0.42	1	MAP3K8	c14
0.00110278456878032	1.13684920283313	0.068	0.14	1	NIT1	c14
0.00602152927801867	1.13671682007178	0.246	0.42	1	SERINC3	c14
0.000368135282386084	1.13661587092459	0.077	0.162	1	BRAT1	c14
0.310261068925629	1.13661155749414	0.025	0.036	1	FOXK1	c14
0.0114281902288031	1.13636166411397	0.043	0.086	1	FAM91A1	c14
0.00230074450291153	1.13600672908333	0.092	0.172	1	KLC1	c14
0.0355295056562912	1.13581742531552	0.092	0.146	1	WWP2	c14
0.00504996434627516	1.13548701105609	0.031	0.074	1	SPHK2	c14
0.0966984702559521	1.13545735167715	0.231	0.347	1	CHD1	c14
0.00205524002000671	1.13539502217969	0.182	0.319	1	SNX1	c14
0.00391518137826139	1.13532816675961	0.12	0.208	1	ITGB1	c14
0.181904712279593	1.13509294276203	0.025	0.04	1	ZNF189	c14
0.0322800095317304	1.13461043220696	0.117	0.182	1	MX1	c14
0.00978864708735267	1.13459304047493	0.052	0.101	1	COQ6	c14
0.00218794718567073	-1.13457153189179	0.006	0.04	1	PSTK	c14
0.107568700169051	1.13355054982438	0.003	0.013	1	SLC4A4	c14
0.0114964277512221	-1.13340650744265	0.006	0.03	1	AC147067.1	c14
0.00502465232050227	1.13326469719464	0.108	0.188	1	UPF3B	c14
0.086699257416356	1.13317543126351	0.018	0.037	1	ZNF500	c14
0.00991503523154888	1.13300550813182	0.157	0.258	1	CHD4	c14
0.367141756891484	1.13294994002907	0.028	0.038	1	DFFB	c14
0.000115093474434556	-1.13271282156027	0.006	0.056	1	IL23A	c14
0.0629872403062657	1.13250399226671	0.08	0.123	1	MZF1	c14
0.0353230671801745	1.13238196124422	0.095	0.151	1	TMEM154	c14
0.0309130921213058	1.13227372175611	0.031	0.061	1	NIPA1	c14
0.353886309588121	1.13188029026877	0.271	0.385	1	ABLIM1	c14
0.498206472198398	1.1317065017002	0.006	0.01	1	AL135999.1	c14
0.00163640274792717	-1.13123461226351	0.009	0.046	1	AP002748.3	c14
0.0424080545514791	1.13089942261444	0.012	0.033	1	ZNF496	c14
0.00668710669661592	1.1308986069952	0.095	0.167	1	TMEM138	c14
0.0889153533292741	1.13059014359844	0.037	0.062	1	EHBP1	c14
0.00276482148027961	1.13056603972893	0.068	0.133	1	PEX3	c14
0.113575085943583	1.13048967703788	0.003	0.013	1	AL357054.4	c14
0.0108214118650056	1.13047562746906	0.068	0.122	1	TP53BP1	c14
0.00038801008909079	1.12986171984423	0.095	0.191	1	CBWD5	c14
0.179884114623984	1.12935048601097	0.028	0.044	1	ZFP82	c14
0.0436083710103767	1.12926175885724	0.034	0.063	1	FAM200A	c14
0.0848226793093535	1.1288881103081	0.022	0.042	1	MED18	c14
0.135190453506108	1.12850214456735	0.037	0.058	1	ZNF253	c14
0.0780793911659909	1.1284249756887	0.055	0.088	1	WASL	c14
0.00193453545547173	1.12801379536059	0.123	0.22	1	XAF1	c14
0.0588439499118976	1.1279241085509	0.012	0.031	1	PTPRM	c14
0.00150350746637883	1.12788339489895	0.074	0.147	1	CALU	c14
0.00347004362191574	1.127424387107	0.043	0.095	1	RABEP2	c14
0.393001894942585	1.12739032305436	0.351	0.527	1	PTPN7	c14
0.00323801733200516	1.12734282025598	0.105	0.188	1	CBFA2T2	c14
0.276580585602198	1.12719378993841	0.04	0.056	1	BBS9	c14
0.0120546523537082	1.12684433801299	0.095	0.162	1	FAF2	c14
0.00313833212358077	1.12660187960601	0.095	0.173	1	NOL12	c14
0.000454249577051265	-1.12638761120656	0.006	0.048	1	HMGB3	c14
0.0355223830517473	1.12592050231218	0.166	0.258	1	USP11	c14
0.0104027559226748	1.12590640185783	0.123	0.205	1	MKLN1	c14
7.04372989167534e-05	1.12572628374731	0.089	0.193	1	DDX56	c14
0.0281283877505348	1.12522528925372	0.018	0.044	1	BUB1	c14
0.00471256703147384	1.12514281016578	0.074	0.138	1	MTM1	c14
0.00591292010911322	-1.12509030210539	0.006	0.034	1	IFT46	c14
0.0179063871728277	1.1250809238509	0.068	0.118	1	DCAF16	c14
0.00122635187907669	1.12457351689177	0.068	0.139	1	FTSJ3	c14
0.0182299111203743	1.12435516856254	0.055	0.1	1	ASB6	c14
0.0298649848724165	1.12428406885776	0.071	0.117	1	COG1	c14
0.240076989666352	1.12379707236386	0.025	0.038	1	DHX34	c14
0.042972598251385	1.12377694116328	0.268	0.429	1	ST3GAL1	c14
0.136844956903425	1.12373627634279	0.098	0.14	1	LPCAT1	c14
0.0417128949294158	1.12341509727881	0.262	0.421	1	GSDMD	c14
0.165200515797613	1.12328770562055	0.009	0.02	1	TMPO-AS1	c14
0.0121179796157911	1.12319292740155	0.043	0.086	1	MCCC1	c14
0.0769372027226941	1.1223095893811	0.046	0.075	1	PRR3	c14
0.00409200280645789	1.12227169471091	0.025	0.066	1	POLA2	c14
0.000278536881188804	1.12222656105484	0.169	0.314	1	CHORDC1	c14
0.0571800436452145	1.12201753770528	0.037	0.065	1	INTS7	c14
0.0614910359969086	1.12199084056369	0.031	0.056	1	AC005332.5	c14
0.0871650859391134	1.12176642567196	0.018	0.037	1	RBM27	c14
0.0171362120446659	1.12175809098654	0.105	0.172	1	PICALM	c14
0.0878049535383347	1.12159508154962	0.04	0.066	1	BTBD9	c14
0.0278688626606337	1.12155003409965	0.052	0.092	1	NLRP6	c14
0.225593402714361	1.12132306501415	0.052	0.074	1	ENPP4	c14
0.103545482408424	1.1212072973619	0.031	0.052	1	TRAV12-1	c14
0.0116575493435431	1.12102654074713	0.022	0.054	1	NDUFV2-AS1	c14
0.00106510208908453	1.12090554095484	0.105	0.196	1	CDK11B	c14
0.0112305069123688	1.12060774470936	0.071	0.126	1	GMFB	c14
0.00540667573187546	1.12031178370437	0.175	0.295	1	IST1	c14
0.000146932914525412	1.11994956489542	0.08	0.174	1	NAGK	c14
0.00723639195187164	1.11983453360636	0.071	0.13	1	MARF1	c14
0.0216363761677073	1.11965784730326	0.065	0.112	1	KDM7A	c14
0.0281977939869644	1.11944458993799	0.095	0.153	1	FBXO34	c14
0.00104866752645439	1.11941158708344	0.052	0.117	1	XPO6	c14
0.0038504999514187	1.11920804511521	0.169	0.289	1	CCDC91	c14
0.0326329641610754	1.11914466134705	0.025	0.052	1	ZNF738	c14
0.0406303290712662	1.11907266577683	0.003	0.018	1	HDGFL3	c14
0.0808904735622147	1.11891348506757	0.022	0.042	1	DNAJC18	c14
0.0115261974060921	1.11878437043107	0.074	0.131	1	SP4	c14
0.0314392571308823	1.11851503374748	0.215	0.341	1	TM9SF2	c14
0.00645472053284652	1.1181682156764	0.034	0.077	1	TTC27	c14
0.921594425009009	1.1173977487443	0.366	0.528	1	NME3	c14
0.00530380597035583	1.11647118926356	0.055	0.11	1	CTDP1	c14
0.873424535294518	1.11570284594457	0.375	0.535	1	TRIM22	c14
0.00310328824410425	1.11551504914283	0.052	0.109	1	UMPS	c14
0.0438942272645618	1.11528047212913	0.062	0.101	1	MUM1	c14
0.243809475634561	1.11449548679992	0.022	0.034	1	FHIT	c14
0.336785991563872	1.11445654163061	0.006	0.012	1	AC002116.2	c14
0.00216889815561124	1.11433279741215	0.203	0.355	1	BCL11B	c14
0.00794761009356579	1.11432867859712	0.034	0.075	1	PROSER1	c14
0.0458529505586176	1.11423430882975	0.052	0.088	1	IPO8	c14
0.0127357167175278	1.11377184935826	0.04	0.081	1	RINT1	c14
0.104588961037662	1.11347480304639	0.16	0.224	1	TNFRSF18	c14
0.00375060067134801	-1.1130930476891	0.009	0.042	1	TOP2A	c14
0.00299311794668231	1.11288163464376	0.16	0.276	1	BAZ2A	c14
0.0624017885154871	1.11248165077916	0.018	0.039	1	TAF1A	c14
0.0207593670599338	1.11241989322297	0.049	0.091	1	LRRC28	c14
0.000718515182495445	1.11241759469522	0.126	0.234	1	PRKX	c14
0.0101816688594292	1.11218503644629	0.031	0.069	1	PPAT	c14
0.00116873913592134	1.11186318441713	0.12	0.22	1	SLAMF7	c14
0.133902494106477	1.11116787970602	0.025	0.042	1	RNF103	c14
0.0106047090111227	1.11075413614347	0.163	0.266	1	MALT1	c14
0.134288293607396	1.11028216341869	0.286	0.444	1	CYBC1	c14
0.0425872350436586	1.11023903612552	0.018	0.042	1	ZNF333	c14
0.330449730955105	1.1100738883351	0.006	0.012	1	AC104184.1	c14
0.0646376322252685	1.10963663891097	0.126	0.189	1	GATAD2B	c14
0.0108895283944018	1.10898321160752	0.055	0.104	1	RNF8	c14
0.039907739666553	1.10892933867314	0.055	0.094	1	THUMPD2	c14
0.00447062948982246	1.10870807708557	0.074	0.139	1	PDS5B	c14
0.0160147082297763	1.10854259552905	0.111	0.181	1	ESCO1	c14
0.0103332439872391	1.10841994863697	0.114	0.19	1	MAP2K4	c14
0.000925478887133261	1.10830454779664	0.058	0.127	1	STX6	c14
0.250620347089528	1.10812125265459	0.015	0.026	1	CYP2U1	c14
0.000511837206033715	1.10790906739728	0.071	0.15	1	CPT1A	c14
0.515776629508123	1.10788065031495	0.046	0.057	1	CXXC5	c14
0.0629831524504284	-1.10777656179415	0.003	0.016	1	AC105020.6	c14
0.0192071135827475	1.10719778191197	0.062	0.108	1	PEX6	c14
0.212065819145913	1.10709482662303	0.015	0.027	1	SNHG21	c14
0.59106146626831	1.10679164890642	0.028	0.034	1	ACVR1	c14
0.00245681966692554	-1.10648294528945	0.003	0.033	1	NBPF3	c14
0.00827238033508034	1.10637025650666	0.212	0.354	1	FGD3	c14
0.0301246449899507	1.10594186314883	0.083	0.135	1	BLZF1	c14
0.0878909321340425	1.10539418306657	0.015	0.033	1	PAXIP1	c14
0.00126339411219569	1.10537795349807	0.114	0.21	1	TNPO1	c14
0.0724540117965076	1.10475402936549	0.049	0.08	1	XPO7	c14
0.14123711611925	1.10444495396883	0.246	0.368	1	NIPBL	c14
0.0973988434109713	1.10402491108306	0.062	0.094	1	BCL9L	c14
0.0255602938200558	1.10383549981005	0.151	0.237	1	SLC16A7	c14
0.0615526240664308	1.10379305986615	0.012	0.031	1	USP30	c14
0.00647223725764588	1.1037576373952	0.065	0.122	1	EXOC6	c14
0.00144873062228871	-1.1030555594073	0.006	0.042	1	RMI2	c14
0.000863342512520194	1.10278334610042	0.074	0.151	1	SART3	c14
0.00309365019551894	1.10275998529531	0.102	0.183	1	LPCAT3	c14
0.0874511536851757	-1.10266209492046	0.003	0.014	1	AC136475.2	c14
0.0541648746772152	1.10259267189745	0.04	0.07	1	ZNF557	c14
0.034037049626328	1.10239489131071	0.043	0.078	1	PHC1	c14
0.0163338547153514	1.10226520834389	0.265	0.441	1	ILF3	c14
0.27710251921158	1.10190417488634	0.295	0.44	1	GPR174	c14
0.0015127624838551	1.10128339024486	0.126	0.229	1	SEC63	c14
0.168808469015602	1.10126725734785	0.003	0.011	1	ADAM22	c14
0.0222597333696861	1.10012457091461	0.028	0.059	1	ZNF568	c14
0.000370633303958636	1.10011827696163	0.234	0.419	1	AQP3	c14
0.00401466809268062	1.10009423590839	0.028	0.071	1	SLC35A2	c14
0.00244814249331967	1.10003138996047	0.046	0.102	1	TRMT61B	c14
0.00271751390594463	1.09991812475482	0.074	0.142	1	CKAP5	c14
0.207095460363418	1.09976822234444	0.305	0.467	1	CYLD	c14
0.0121174768526692	-1.0997403755054	0.003	0.025	1	SERPINB8	c14
0.0074170456788522	1.09966907931945	0.065	0.12	1	MICU1	c14
0.142051986670124	1.09940933461717	0.037	0.058	1	LINC00662	c14
0.0409303993788847	1.0991424952289	0.052	0.089	1	CEP68	c14
0.031983385619993	1.09913749184318	0.049	0.087	1	PDSS2	c14
0.00245616599119446	1.09904410775048	0.018	0.059	1	LINC00539	c14
0.00392055887214348	1.09752548510837	0.052	0.107	1	PACSIN2	c14
0.258984701765189	1.09751878034561	0.018	0.03	1	VPS33B	c14
0.0277962140376908	1.09688582303141	0.046	0.084	1	DROSHA	c14
0.038416452607508	1.09681317855312	0.018	0.042	1	GATB	c14
0.280969403989834	1.09660281520392	0.034	0.048	1	LRSAM1	c14
0.0366333522157231	1.09548566410245	0.018	0.043	1	ADAT3	c14
0.270624547403373	1.09540106012243	0.022	0.033	1	FBXO46	c14
0.000521935599296987	1.0951414097658	0.142	0.263	1	PPWD1	c14
0.163669919130135	1.09503220786064	0.025	0.041	1	PDE8A	c14
0.00065934275111087	1.09486246720764	0.148	0.27	1	DHX15	c14
0.013472623371457	1.09478392103194	0.148	0.239	1	PREX1	c14
0.59212774568449	1.09418424564383	0.018	0.023	1	KLRC4-KLRK1	c14
0.00751025008749555	1.09406933240364	0.08	0.143	1	ARFIP2	c14
0.00539731460915289	1.09401479649551	0.52	0.74	1	TAPBP	c14
0.0305104938668841	1.09346542737689	0.154	0.24	1	RAP1GDS1	c14
0.0102463698632823	1.09346347693233	0.145	0.239	1	CLSTN1	c14
0.230877855700468	1.09335168695222	0.012	0.022	1	PKD2L2	c14
0.0630581511867626	1.09331450628202	0.003	0.016	1	TFEB	c14
0.0457702821834587	1.09294245074085	0.003	0.018	1	AVEN	c14
0.381410091109372	1.0926184150563	0.025	0.034	1	ZNF681	c14
0.0756257552726205	1.09260642621475	0.012	0.029	1	AC009961.1	c14
0.0130925193525735	1.09244324925682	0.049	0.094	1	FANCF	c14
0.00729758397799041	1.09209439994271	0.102	0.176	1	GLB1	c14
0.00916013555652006	1.0918355419222	0.031	0.07	1	AP5S1	c14
0.00137981826786468	1.09156462936667	0.102	0.19	1	SFSWAP	c14
0.0111315195627984	1.09142824563993	0.095	0.162	1	R3HDM1	c14
0.0222714482646927	1.0909522222606	0.08	0.133	1	ST3GAL5	c14
0.217567817342886	1.09088304271813	0.015	0.027	1	TRAV6	c14
0.35447461510869	1.09076544290198	0.031	0.042	1	ZBTB6	c14
0.0140952281404606	1.09069192884874	0.049	0.093	1	UTY	c14
0.168149884880669	1.09066560766146	0.018	0.033	1	SSX2IP	c14
0.0476314658478732	1.09057814239551	0.006	0.023	1	HIST1H2AE	c14
0.00676304261429653	1.09042418503583	0.058	0.112	1	SEC16A	c14
0.247000590704059	1.09034876138055	0.028	0.042	1	PRKAB2	c14
0.189994919069254	1.09002502288663	0.012	0.024	1	ZNF844	c14
0.0149705818452598	1.08964144376221	0.062	0.11	1	TASP1	c14
0.000175470732607138	1.08922837378624	0.129	0.251	1	TACC3	c14
0.000591785082724485	1.08914196494974	0.08	0.164	1	TRMT2A	c14
0.00330160837711912	1.08887896636693	0.111	0.197	1	NOL11	c14
0.0175022398744626	1.08876896308087	0.058	0.105	1	TRIM41	c14
6.87986245767453e-05	1.08851567200695	0.12	0.244	1	USP8	c14
0.00034532606949625	1.08848602292504	0.243	0.437	1	CCNH	c14
0.012067153136711	1.08821104703888	0.04	0.081	1	MRNIP	c14
0.000176681437361744	1.08789754914956	0.077	0.168	1	CBWD2	c14
0.229171130038287	1.08780836410458	0.006	0.014	1	PTGR2	c14
0.0848339631369882	1.08770511129366	0.277	0.435	1	ADAR	c14
0.0155182225846732	-1.08755485159673	0.003	0.023	1	LACTB2-AS1	c14
0.0830653307022213	1.08740085103772	0.077	0.116	1	CAPN12	c14
0.0446909147666814	1.08696050445608	0.009	0.028	1	ZNF93	c14
0.196640021006363	1.08691934181152	0.015	0.028	1	DOLK	c14
0.23523933365654	1.08661704012072	0.028	0.042	1	CHIC1	c14
0.0017719306456029	1.08633909126363	0.04	0.095	1	WDR83	c14
0.0208025451770822	1.08630459653395	0.04	0.077	1	RRNAD1	c14
0.189953459703444	1.085944355941	0.015	0.028	1	FAM117B	c14
0.00393176339607172	1.08557609252286	0.058	0.117	1	KIAA0391	c14
0.351957073836466	1.08543008503303	0.025	0.035	1	TLR1	c14
0.0321194279596433	-1.08534443975653	0.003	0.02	1	RLN1	c14
0.13420789838501	1.08501651711888	0.052	0.079	1	CROCC	c14
0.0560367449661344	-1.08476689937777	0.003	0.017	1	SLC30A4	c14
0.368970985141409	1.08444259088824	0.372	0.585	1	RASAL3	c14
0.0374104801578113	1.08364021492447	0.077	0.124	1	TAF1B	c14
0.000443102937413708	-1.08281792175841	0.009	0.054	1	RAB34	c14
0.0842199777706514	1.08277135521073	0.028	0.05	1	ZNF566	c14
0.033762784788606	1.08263352215039	0.095	0.151	1	P2RX4	c14
0.000491627821706223	1.08235201606715	0.163	0.298	1	PPM1B	c14
0.065405791374691	1.08208152060668	0.049	0.081	1	FASTKD1	c14
0.00878551480706106	-1.08160655557614	0.006	0.032	1	SNURF	c14
0.00813686195971386	1.08116499201438	0.034	0.075	1	RECK	c14
0.16881693234934	1.08049260927999	0.031	0.049	1	ZNF213-AS1	c14
0.00354624561739996	1.08043542597844	0.274	0.478	1	ZNF207	c14
0.000528334468685633	1.08038993977587	0.234	0.422	1	MAPRE2	c14
0.000528394008717159	1.08032033435245	0.071	0.15	1	RUNX2	c14
0.00324456044178926	1.07997837553088	0.086	0.16	1	ZDHHC24	c14
0.0293894252585713	1.0798850234033	0.031	0.062	1	ZNF429	c14
0.100110117259197	1.07985145948525	0.025	0.044	1	ZMYM3	c14
0.0659337892460172	1.07970828269205	0.012	0.03	1	CTNS	c14
0.00490889243989258	1.0796458351663	0.086	0.156	1	PCYT1A	c14
0.157507592685676	1.07942559209715	0.246	0.362	1	RASA2	c14
0.0375634120988418	1.07918835744348	0.046	0.081	1	NBPF14	c14
0.000613435465647727	-1.07890971319621	0.009	0.052	1	CASP9	c14
0.00517622835938191	1.07888829236511	0.068	0.128	1	EIF2B4	c14
0.0414715992066267	1.07874549944792	0.218	0.335	1	ACP5	c14
0.0855471452813486	-1.07838984389728	0.003	0.015	1	NANP	c14
0.00287527854189019	1.07832775889399	0.068	0.132	1	TAB2	c14
0.0124150678864868	1.07791807638153	0.04	0.081	1	SLC25A37	c14
0.00987694818635043	1.0776549745084	0.049	0.096	1	COQ8B	c14
0.0396019030376377	1.07737839714755	0.046	0.081	1	TRIM39	c14
5.95740197715251e-05	1.07641441002009	0.123	0.251	1	ZFAND3	c14
0.00986223613956267	1.0759204042539	0.228	0.377	1	SMARCA5	c14
0.00484386955617851	-1.0756612262256	0.003	0.03	1	CENPO	c14
0.486832726931668	1.07453814719087	0.012	0.018	1	TMTC2	c14
0.0129085372023832	1.07438341562387	0.114	0.189	1	ELP2	c14
0.0027048401912999	1.07325185031476	0.08	0.151	1	SCRN2	c14
0.000538222381831611	1.07322099556702	0.111	0.212	1	TLE4	c14
0.119220954705415	1.07317554869878	0.006	0.018	1	MYO7A	c14
0.623055783773701	1.07289120135504	0.354	0.517	1	SLFN5	c14
0.0560668775572212	1.07286398607758	0.055	0.091	1	TTC31	c14
0.000772382672147836	1.07281005966215	0.098	0.189	1	ZBTB25	c14
0.00659192395889263	1.0727433371712	0.068	0.126	1	RAB11FIP4	c14
0.00286838012825723	1.07265660564072	0.2	0.343	1	TMEM173	c14
0.256808066647423	1.07186032761532	0.009	0.018	1	NOCT	c14
0.0117289867540852	1.07163059130893	0.04	0.082	1	MTIF2	c14
0.00574619957536466	1.07125373845715	0.225	0.376	1	PHIP	c14
0.19116075301723	1.07110601570258	0.425	0.597	1	NCOR1	c14
0.00852788994385367	1.07097569646237	0.062	0.115	1	MED24	c14
0.0816706064451392	1.07085285404187	0.003	0.015	1	ZDHHC9	c14
0.0209510802560883	1.07049311895616	0.052	0.095	1	SREBF1	c14
0.0697410437371618	1.0704264510736	0.015	0.034	1	ANO10	c14
0.132298592353563	1.07032339639427	0.274	0.42	1	ITSN2	c14
0.629516778750688	1.06948264177744	0.009	0.012	1	SAMD12	c14
0.00172861836920754	1.06865213631425	0.151	0.267	1	CLIP1	c14
0.0486417883964503	1.06846814996816	0.031	0.058	1	NECAB3	c14
0.00513038956449236	1.06822668858462	0.04	0.087	1	NDUFAF6	c14
0.00196505848431037	1.06779339103447	0.068	0.135	1	GALK2	c14
0.00889593244851439	1.06766111193426	0.182	0.301	1	CENPC	c14
0.00053696484003747	1.06715734091725	0.089	0.179	1	SLC25A20	c14
0.00203235735378574	1.06706349964659	0.071	0.14	1	SMAD3	c14
0.0026504961750381	1.06699262527563	0.034	0.083	1	CCDC117	c14
0.0344781519074723	-1.06667125435639	0.003	0.019	1	APOM	c14
0.00144648378909603	-1.06658688975164	0.015	0.057	1	NUSAP1	c14
0.0086571281766319	1.06636148240892	0.083	0.147	1	RCOR3	c14
0.0178771890402338	1.066167862541	0.086	0.145	1	CD2AP	c14
0.0036804562257113	1.06612891580313	0.098	0.177	1	FLAD1	c14
0.0556657420169062	1.06609880135209	0.012	0.031	1	MAFK	c14
0.0668991783268447	1.06458746177658	0.028	0.052	1	ZNRF2	c14
0.0526826939125381	1.06412432365886	0.271	0.431	1	TAF15	c14
0.0352108440238713	1.06411130422714	0.037	0.069	1	DCAKD	c14
0.500291937960054	1.06376809520092	0.009	0.014	1	UBTD2	c14
0.16889991584896	1.06342739428931	0.031	0.049	1	TRIM59	c14
0.0403731106992761	1.0632112541205	0.028	0.055	1	ZNHIT2	c14
0.00172888860509186	1.06315432312105	0.105	0.193	1	EXOSC10	c14
0.00108775733768329	1.06288094362872	0.058	0.126	1	DPH7	c14
0.000870999249518603	1.06245809779374	0.089	0.174	1	NDUFS1	c14
0.109920381930797	1.06214196629619	0.037	0.06	1	MCM9	c14
0.0100030483787403	1.0620422023384	0.083	0.145	1	DNAJC10	c14
0.206841715389646	1.06190603043977	0.006	0.015	1	FGFRL1	c14
0.0180651050248133	1.06178628131171	0.031	0.065	1	KIAA1328	c14
0.00156362028352053	1.06154474340241	0.135	0.237	1	CCR6	c14
0.0013579780441178	1.06118945796336	0.2	0.355	1	ATXN2L	c14
0.00545850421259938	1.06095100691126	0.031	0.073	1	RCC2	c14
0.0632584718487203	1.06054220975893	0.04	0.069	1	ZNF718	c14
0.0395873494799329	1.06040927868043	0.031	0.06	1	IGHMBP2	c14
0.725735794182812	1.06020477554702	0.443	0.667	1	KMT2E	c14
0.00330898902863315	-1.06000212455588	0.009	0.042	1	PDE9A	c14
0.0032829939947196	1.05982193013602	0.12	0.211	1	SUPT6H	c14
0.0138611755471065	1.0590913448703	0.049	0.094	1	ALG11	c14
0.000628024393214471	1.05904692023776	0.135	0.251	1	USO1	c14
0.0170814855285478	1.05894464838137	0.095	0.158	1	GFPT1	c14
0.0353619055108539	1.05841944167248	0.018	0.043	1	CCZ1B	c14
0.000690892472719709	1.05836700086277	0.086	0.172	1	ARIH1	c14
6.30171619560164e-05	-1.05823377186858	0.012	0.07	1	BPNT1	c14
0.0252329356470696	1.05807354254786	0.022	0.05	1	PAFAH2	c14
0.038278490598757	1.05795519089843	0.018	0.042	1	FANCD2	c14
0.16680559102587	1.0576149429898	0.015	0.029	1	B4GALT5	c14
0.00293725509892609	1.05747492506775	0.231	0.396	1	INPP4B	c14
0.00111184860757561	1.05746267250481	0.068	0.14	1	NUP214	c14
0.166394939955552	1.05716631339164	0.012	0.024	1	CCDC134	c14
0.0436472946332335	1.05713775826267	0.037	0.067	1	ARHGAP12	c14
0.000123686725664432	-1.05698970411766	0.009	0.061	1	HPGD	c14
0.129788709292687	1.05680273304508	0.055	0.083	1	RAB39B	c14
0.0551663876625158	1.05665620798842	0.169	0.252	1	PDCD1	c14
0.000634370358478005	1.05652943034887	0.089	0.177	1	PPP3CA	c14
0.00899939749308012	1.05607353139852	0.015	0.047	1	ARHGEF18	c14
0.00314337194023569	1.05606853428933	0.086	0.16	1	EXOC5	c14
0.000378206010365284	1.05600130196738	0.083	0.172	1	TMEM71	c14
0.00128773462827575	1.05562197925988	0.557	0.765	1	PAXX	c14
0.000619673403332115	1.05552481708849	0.086	0.173	1	AZI2	c14
0.00158124467734499	1.05545761561556	0.231	0.408	1	PAFAH1B1	c14
0.0392871939111109	-1.05519544251183	0.003	0.019	1	B3GNT8	c14
0.00175612960093309	1.05503748077809	0.04	0.094	1	FAM117A	c14
0.0827474733686369	1.0549692607808	0.006	0.02	1	DECR2	c14
0.0970346650871511	1.05490014768415	0.018	0.036	1	ARIH2OS	c14
0.000547051811980281	1.05479878955475	0.138	0.256	1	HDAC7	c14
0.0236071639327829	1.05455471474243	0.022	0.05	1	CORO1C	c14
0.0630206305300974	1.05438725368627	0.132	0.198	1	KLF12	c14
0.0167478647679129	1.05416366128725	0.071	0.044	1	TYROBP	c14
0.0113579188893901	1.05404108762941	0.071	0.126	1	RNF144A	c14
0.0125478655315134	1.05400231346108	0.034	0.072	1	ZNF324	c14
0.00765940299432694	1.05377929420487	0.04	0.085	1	ITPRIPL1	c14
0.00246473675946984	1.05366329492878	0.095	0.176	1	SIN3A	c14
0.0571115910143886	1.05360944994653	0.012	0.031	1	MIR762HG	c14
0.114335229137393	1.05297362622659	0.025	0.043	1	HIST1H2AI	c14
0.0125826403167644	1.05293210948335	0.031	0.068	1	OSBP	c14
3.6537752693965e-05	-1.05286447353873	0.009	0.067	1	NUP35	c14
0.234443145302139	1.05276682618502	0.022	0.034	1	EPN2	c14
0.0716650692874043	-1.05210901810922	0.003	0.015	1	AL445686.2	c14
0.0830667043625053	1.05184264844968	0.003	0.015	1	RAB6B	c14
0.0693725445190596	1.05163279890665	0.12	0.178	1	CD244	c14
0.0910517981701753	1.0508841296546	0.018	0.037	1	NBPF1	c14
0.00149569390033783	1.05065327086965	0.102	0.189	1	MINDY2	c14
0.0748478801779943	1.05054333638219	0.006	0.02	1	MPND	c14
0.0162705310887781	1.05051729902355	0.009	0.034	1	ZNF551	c14
0.0600642035029111	-1.05038516677894	0.003	0.016	1	PTCH1	c14
0.124140727822091	1.05006175997093	0.003	0.013	1	EXT1	c14
0.00978012705921337	1.04988131981047	0.022	0.056	1	PURB	c14
0.0306609183770818	1.04896028654197	0.022	0.048	1	NLRX1	c14
0.101879953240639	1.04879002235355	0.015	0.032	1	ZNF257	c14
0.073285689533765	1.04834051036908	0.028	0.051	1	SLC2A8	c14
0.0661682012285556	1.0480906042377	0.108	0.161	1	MFSD11	c14
0.000939117040139521	1.04807226497816	0.058	0.127	1	TTF1	c14
0.0581385400189623	1.04802422839182	0.009	0.026	1	RAD54B	c14
0.242371081632301	1.04796156117108	0.006	0.014	1	CHKA	c14
0.00668684941920895	1.04793791755509	0.028	0.067	1	B3GNTL1	c14
0.00681894540380506	1.04769720715942	0.025	0.063	1	ARMC2	c14
0.0332684012665449	1.04748780063674	0.117	0.182	1	AD000671.2	c14
0.00820355052657233	1.04703503462298	0.052	0.102	1	SH2D3A	c14
0.0101428682405213	1.04680815837403	0.04	0.082	1	HYI	c14
0.000227039474054856	1.0466331854168	0.065	0.146	1	SLK	c14
0.000780482015637429	1.04654935895381	0.083	0.166	1	DPP8	c14
0.0264675715819824	1.04619840776702	0.031	0.062	1	PPCDC	c14
0.0102057021629357	1.04618912733099	0.169	0.278	1	DNAJC3	c14
0.138632844858898	1.04554658130218	0.04	0.062	1	NBPF12	c14
0.00521887219211716	1.04545516239223	0.157	0.266	1	ADD1	c14
0.0797193237924187	1.04533733067364	0.025	0.046	1	NAP1L5	c14
0.00364275782039885	1.04518551797683	0.157	0.269	1	SAMD9	c14
0.028198987822263	1.04500527613405	0.04	0.075	1	XPNPEP3	c14
0.00776969557088046	1.0447404565187	0.071	0.129	1	STAU2	c14
0.160049992848871	1.04472469212783	0.028	0.045	1	MTERF2	c14
0.00067906498315969	1.04438843170195	0.111	0.21	1	SLC2A4RG	c14
0.00221956147760302	1.04434111532598	0.058	0.121	1	SMYD3	c14
0.0330378575417693	1.04353156695099	0.037	0.07	1	ZNF641	c14
0.269358213124626	1.04312211499108	0.311	0.473	1	SEMA4D	c14
0.0270303533112367	1.04287426234534	0.117	0.185	1	LINC01934	c14
0.0246150817761048	-1.04257567931307	0.003	0.021	1	F12	c14
0.159846191471096	-1.04245873130792	0.003	0.011	1	ABLIM2	c14
0.00117123952273809	1.04198772127651	0.046	0.107	1	SACS	c14
0.0948106002431906	1.04195717634936	0.018	0.037	1	KIAA1147	c14
5.04194786510281e-05	1.04097785398272	0.071	0.167	1	ACSF3	c14
0.0246522039393073	1.04075422598095	0.231	0.371	1	MTCH1	c14
0.795806728095174	1.0406706945582	0.022	0.024	1	STARD9	c14
0.0123965936042791	1.04054752084525	0.083	0.143	1	TMEM115	c14
0.14849343619844	1.04044655843132	0.003	0.012	1	KLF7	c14
0.64901576559875	1.03997704613341	0.009	0.012	1	ZNF579	c14
0.19566005982427	1.03993608358853	0.009	0.019	1	CCDC15	c14
0.0156654042859618	1.03946651710239	0.083	0.14	1	DENND4A	c14
0.00738768746719305	1.03944461938583	0.043	0.089	1	DCP1B	c14
0.00685825271878324	1.03941160111812	0.009	0.038	1	CCNF	c14
0.388946243740172	1.03939525319721	0.009	0.015	1	AC002467.1	c14
0.717114426579194	1.03935149790442	0.391	0.595	1	SP100	c14
0.00542911360544608	1.03878209279671	0.022	0.059	1	XRCC4	c14
0.127718863817012	1.03869991265088	0.031	0.051	1	OSGEPL1	c14
0.000831937655510183	1.03814353400898	0.145	0.264	1	SAR1B	c14
0.0218130115438637	1.03814270438042	0.028	0.059	1	POLR1B	c14
0.0078313370478067	1.03784909027702	0.04	0.084	1	YEATS2	c14
0.000787285988599522	1.03680016597074	0.212	0.377	1	PHF3	c14
0.177577982859061	1.036798626651	0.018	0.032	1	RFESD	c14
0.00159434074017338	1.03641263592898	0.034	0.086	1	POLD3	c14
0.00224699826480297	1.03632492255265	0.043	0.098	1	BISPR	c14
0.0777377897674842	1.03630647731023	0.022	0.042	1	MTSS1	c14
0.0101262919223838	1.03619449090084	0.037	0.078	1	ZNF43	c14
0.0139908708603251	1.03590562447212	0.071	0.124	1	ACTA2	c14
0.00238908164206951	1.03575939553544	0.135	0.238	1	PDXDC1	c14
0.00132689554329634	1.03550626286837	0.08	0.157	1	BTBD1	c14
0.000744815873895725	1.03541579649584	0.068	0.142	1	CDK5RAP1	c14
0.00318043127086803	1.03539211111664	0.098	0.179	1	LRRFIP2	c14
0.00140708685961267	-1.03494413101364	0.003	0.036	1	AURKA	c14
0.0167526889862084	1.03482537541745	0.058	0.105	1	SLC35A1	c14
0.00848600184872838	1.03453600223141	0.274	0.458	1	SLA	c14
0.121458864719172	1.03404162421666	0.025	0.043	1	TMEM79	c14
0.911546080915369	1.03334875305026	0.437	0.673	1	CD6	c14
0.0205553170516389	1.03334319985561	0.037	0.073	1	MED12	c14
0.032044497163773	1.03328330267316	0.034	0.065	1	FRS2	c14
0.0273490682555645	1.03321848700685	0.265	0.428	1	STK10	c14
0.00864972239229745	1.03282496126048	0.052	0.102	1	AKT3	c14
0.0084293323226618	1.03281467945857	0.062	0.115	1	DDX19A	c14
0.00466084520069356	1.03277191639838	0.092	0.166	1	SPTLC1	c14
0.00471978518070923	1.03270164467014	0.218	0.368	1	ATF6B	c14
0.000890244905259565	1.0316264236286	0.074	0.151	1	CACUL1	c14
0.0126165102051825	1.03146929148851	0.111	0.184	1	GIGYF2	c14
0.00776478411030036	1.03122817585587	0.055	0.107	1	POLR3E	c14
0.00903851158939839	1.03107161536413	0.049	0.097	1	STK19	c14
0.00489910486358343	1.03100188829373	0.212	0.359	1	NCKAP1L	c14
0.00134809051594081	1.03084090831022	0.025	0.073	1	WDR12	c14
0.00190896912336467	1.03037559259046	0.102	0.187	1	MGRN1	c14
0.0278437199079641	1.02983198910274	0.065	0.11	1	PAPOLG	c14
0.0110264557212487	1.0293352115837	0.065	0.118	1	TRAPPC2	c14
0.266749617764699	1.02842621377611	0.012	0.022	1	ZNF20	c14
0.498493234347354	1.02832433930435	0.022	0.028	1	TRAV38-1	c14
0.0074897804394882	1.0279675356944	0.031	0.071	1	VPS18	c14
0.012279145836018	1.02782704490448	0.249	0.415	1	DDX6	c14
0.00536980682390497	1.02756242572069	0.172	0.288	1	ARID4A	c14
0.0147367808176117	1.02742681358512	0.108	0.178	1	FBXO9	c14
0.00230940101011319	1.02731808206821	0.089	0.167	1	NUMB	c14
0.000218731652255894	1.02714702239015	0.098	0.199	1	DDX23	c14
0.417697898136194	1.02683289427798	0.009	0.015	1	AC007728.2	c14
0.0577222240018196	1.02639009511152	0.034	0.061	1	NRIP1	c14
0.00781404590060595	1.02613907078188	0.117	0.198	1	MX2	c14
0.00675679720377342	1.02573788497225	0.028	0.067	1	RBMXL1	c14
0.0943164951718919	1.02562543435161	0.034	0.057	1	RYBP	c14
0.0200267125931034	1.02540602558383	0.025	0.056	1	MARK4	c14
0.0776679385335323	1.02537193079296	0.062	0.096	1	ZNF675	c14
0.0278898762824801	1.02519918626159	0.203	0.315	1	PRDM1	c14
0.0803500450144863	1.02410175507799	0.252	0.388	1	PRPF8	c14
0.007547227519245	1.02405706082007	0.083	0.147	1	MRPL1	c14
0.00132061750254501	1.02399582597983	0.086	0.167	1	COP1	c14
0.973313931014194	1.02386737529857	0.037	0.037	1	TRAV23DV6	c14
0.0462228438932212	1.02352525393216	0.012	0.032	1	MOSMO	c14
0.00224902248697169	1.02349029199555	0.095	0.176	1	POU2F2	c14
0.0740518876991082	1.02241347131543	0.031	0.055	1	PANX1	c14
0.00454054670219837	1.02238566279113	0.028	0.07	1	WDR3	c14
0.087153470037661	1.02233205283954	0.003	0.014	1	AL161421.1	c14
0.308416572353006	1.0219112896949	0.009	0.017	1	KCTD11	c14
0.140740994348323	1.02185939110437	0.338	0.537	1	TMC6	c14
0.0289251845116661	1.02180751814592	0.031	0.062	1	HSPBAP1	c14
0.00035564898279424	1.0214531127534	0.135	0.255	1	RASGRP2	c14
0.103115342791255	-1.02107102367277	0.003	0.014	1	STBD1	c14
0.0469074861246964	1.02086177686499	0.052	0.088	1	FAM76B	c14
0.110179910858316	1.0206414442017	0.043	0.068	1	FAM76A	c14
0.000157079846460563	1.02060548175382	0.098	0.202	1	ANKRD28	c14
0.0268925109535967	1.02034612784341	0.025	0.054	1	BEST1	c14
0.0449793052351018	1.02034596292296	0.006	0.023	1	MPP5	c14
0.06981084680676	1.02026975757684	0.012	0.03	1	TMEM91	c14
0.00283332744994936	1.02013463458295	0.514	0.706	1	HLA-F	c14
0.00133318189036053	1.01998245306907	0.114	0.209	1	GALT	c14
0.000141461011292478	1.01981384772451	0.058	0.14	1	TRMO	c14
0.0828493150232902	1.01948080553805	0.037	0.062	1	GSPT2	c14
0.0399376029107455	1.01883846737887	0.062	0.102	1	EAF1	c14
0.00155660142392586	1.01881354135726	0.034	0.086	1	MGME1	c14
0.0320009515880324	1.01873679075391	0.025	0.052	1	C14orf93	c14
0.00262958753281915	1.01847983989878	0.052	0.11	1	AL139246.5	c14
0.000986284832258064	1.01791786007024	0.065	0.136	1	ESYT2	c14
0.00403747348358885	1.01748260294995	0.074	0.139	1	IQCB1	c14
0.00483016353664379	1.01712972216584	0.203	0.341	1	CHST11	c14
0.834351832572465	1.01695100218899	0.252	0.309	1	DUSP4	c14
8.0875114353925e-05	1.01662850524576	0.062	0.149	1	PELP1	c14
0.500818424224474	1.01651686821072	0.009	0.014	1	NAPSA	c14
0.000469308470197343	-1.01633519737647	0.012	0.059	1	ELAC1	c14
0.0499755678635071	-1.01579128629572	0.003	0.017	1	CMC4	c14
0.000238478034631874	1.01564151965543	0.117	0.229	1	IFNAR1	c14
0.00265114453438546	1.01563539149104	0.031	0.078	1	RANBP6	c14
0.00585156526471198	-1.01552035055564	0.003	0.029	1	RAB27B	c14
0.0127478730260528	1.01533136596391	0.077	0.134	1	CLIP4	c14
0.000707631085479414	1.01528611380742	0.117	0.22	1	ZCCHC7	c14
0.0446027950742087	1.01452580780322	0.292	0.473	1	EIF3A	c14
0.0489265009508534	1.014508558858	0.015	0.036	1	ANKRD40	c14
5.86775100110453e-05	1.01435615052835	0.138	0.276	1	SRP54	c14
0.0133060961203182	1.0136698439022	0.317	0.535	1	KTN1	c14
0.0392926249984328	1.01353440514825	0.018	0.042	1	SGPL1	c14
0.00122289512863292	-1.01334161736616	0.006	0.043	1	LINC02132	c14
0.0166466531597467	1.01248448063811	0.025	0.057	1	NELFB	c14
0.0670011841562677	1.01210190343187	0.018	0.039	1	MFSD3	c14
0.000374787192556826	1.0121000377925	0.065	0.143	1	CNOT10	c14
0.0116948233616814	1.01194730937635	0.052	0.099	1	SIL1	c14
0.458927181339712	1.01191444877727	0.006	0.01	1	HMGN5	c14
0.0197781371768085	1.01175383295654	0.098	0.161	1	MAP4K5	c14
0.0680392980695373	1.01170273941447	0.025	0.047	1	MAP3K14-AS1	c14
0.167019649241128	1.01135112785231	0.009	0.02	1	YOD1	c14
0.101016677481564	1.01118360280363	0.037	0.061	1	EPC2	c14
0.00649568586380604	1.01093270661233	0.086	0.153	1	SCAP	c14
0.0368535548559488	1.01073855283044	0.04	0.073	1	AASDH	c14
0.138876575126711	1.01071537916919	0.025	0.042	1	ARSK	c14
0.0955869906549737	1.01056136897543	0.006	0.019	1	NR1H3	c14
0.00494711137516029	1.01045436793155	0.049	0.101	1	UBE4B	c14
0.00478528491435501	1.01022067709975	0.062	0.12	1	AMPD2	c14
0.000244903231884858	1.01017170489277	0.142	0.268	1	SYAP1	c14
0.000923455431912782	1.01015652260314	0.172	0.31	1	SAFB	c14
0.0899677462525085	1.0101476570867	0.055	0.087	1	HIPK3	c14
0.24554252896298	1.00980262619095	0.145	0.193	1	LEF1	c14
0.0207950890684029	-1.00978721294919	0.006	0.027	1	HSPA6	c14
0.00245143969298227	1.00972554490791	0.098	0.179	1	ZNF33A	c14
0.0133326782772213	1.00960729732533	0.083	0.143	1	ZFP90	c14
0.0322107571998309	-1.00949470454055	0.003	0.02	1	CENPBD1	c14
0.134563971899298	1.00899483042309	0.025	0.042	1	TRIM68	c14
0.0417612761953957	1.00860740555572	0.025	0.051	1	RPGR	c14
0.00315653950465527	1.00839877979952	0.046	0.1	1	METTL4	c14
0.000517114491193423	1.00836601646295	0.126	0.237	1	OXCT1	c14
0.00188174560961639	1.00834520664211	0.135	0.241	1	SNRK	c14
0.162526879268055	1.00825766965854	0.028	0.045	1	ERMARD	c14
0.000960798979387422	1.00803546245707	0.163	0.291	1	MAP4	c14
0.00258477555557385	1.00801821532932	0.043	0.097	1	RIPK3	c14
0.07595305470972	1.00798138854195	0.015	0.034	1	STXBP5	c14
0.352869368544898	1.00797126597335	0.372	0.59	1	FMNL1	c14
0.00129110359380678	1.00784980021589	0.108	0.2	1	ZNF831	c14
0.105070009572154	1.00766285003013	0.052	0.079	1	TRAV29DV5	c14
0.0834379659467081	1.0075215577865	0.009	0.024	1	NAIF1	c14
0.0050138712907658	1.00738976457645	0.031	0.074	1	ADARB1	c14
0.00046652458151765	1.00671493800002	0.262	0.482	1	NDUFV1	c14
0.0127812243852726	1.00652333713136	0.157	0.254	1	MORC3	c14
0.0291002811908864	1.00640831332194	0.191	0.295	1	GBP4	c14
0.242027889617934	1.00622243435924	0.018	0.03	1	GALNT3	c14
0.000619744974493594	1.00622085488837	0.178	0.322	1	PRKDC	c14
0.0333289577800286	1.00595308098121	0.031	0.061	1	ERCC2	c14
0.00288539427304659	1.00592328004458	0.215	0.371	1	ZNF800	c14
0.000277052401146789	1.00558602383429	0.08	0.168	1	NUDCD3	c14
0.0780645544056651	1.00546464060381	0.015	0.034	1	ALG14	c14
0.00100821473300791	1.0046998673601	0.132	0.241	1	IPCEF1	c14
0.00246856946215746	1.00461810233278	0.062	0.124	1	COG3	c14
0.107439066732435	1.00450940783714	0.043	0.068	1	AL365361.1	c14
0.0028548324876237	1.00433408723063	0.046	0.101	1	AC073111.5	c14
0.0661338501986095	1.00429520284099	0.003	0.016	1	SUSD4	c14
0.00664553229671135	1.00328554752039	0.055	0.108	1	GDAP2	c14
0.21783435396013	1.00301536681597	0.012	0.023	1	TMEM182	c14
0.000365139707735234	1.00292156206358	0.037	0.1	1	MTFR1L	c14
0.000963070261149585	1.00263692563616	0.114	0.211	1	IFRD1	c14
0.000343058935576763	1.00258296025801	0.182	0.336	1	COPB2	c14
0.0343055570695619	1.00251247458533	0.323	0.535	1	TPR	c14
0.0661485955096818	1.00243431072701	0.018	0.039	1	ENGASE	c14
0.0112715623459904	1.0022006391652	0.025	0.059	1	ICA1	c14
0.141713452463419	1.00199335866738	0.052	0.078	1	EYA3	c14
0.00622836725301829	1.0015035166499	0.028	0.068	1	SMARCD2	c14
0.000236122820599618	1.0013439185574	0.049	0.122	1	IVD	c14
0.0390616271596755	1.00105752279577	0.08	0.128	1	DPAGT1	c14
0.0195250238592485	1.0007941584817	0.055	0.099	1	WBP1L	c14
0.29609370539966	1.00072379099227	0.028	0.04	1	MARS2	c14
0.000957229687066824	0.999238168393038	0.163	0.292	1	GPAA1	c14
0.000706923299027508	0.998668601197361	0.055	0.124	1	LTBP3	c14
0.00692932435797688	0.998629557087948	0.163	0.271	1	ZBTB1	c14
0.00283168504761858	0.998346814217416	0.065	0.128	1	SERTAD2	c14
0.0143402186020405	0.998120707638499	0.062	0.11	1	CD9	c14
0.000403616941492473	0.997970603170465	0.04	0.104	1	ANAPC1	c14
0.013888288552826	0.997839442421899	0.009	0.034	1	PTCD1	c14
0.21627241241769	0.997743044422424	0.003	0.01	1	HOMER1	c14
0.000456738780708528	0.997625386731532	0.074	0.156	1	CUL2	c14
0.00185849025880209	0.997493556197076	0.182	0.317	1	STARD3	c14
0.0163633767247757	0.997375441670321	0.077	0.132	1	TGIF2	c14
0.000182341004052797	0.997102564365187	0.154	0.293	1	GMIP	c14
0.0616558374225172	0.99667369991391	0.031	0.056	1	CHST7	c14
0.023754056459828	0.996305476467652	0.08	0.132	1	MED1	c14
3.19974862717546e-05	-0.99627694939807	0.015	0.079	1	GCSAM	c14
9.0301541285864e-05	0.996120520718466	0.049	0.128	1	L3MBTL2	c14
0.0120894837068225	0.995781792866662	0.046	0.09	1	UBE2W	c14
0.0101549594182674	0.995652049352473	0.055	0.105	1	NCOA1	c14
0.0381479368582355	0.995651748540038	0.031	0.06	1	POLR1A	c14
6.2817294778673e-05	0.995503797800755	0.062	0.15	1	FOXO3	c14
0.00465351455194129	0.995182008820641	0.065	0.124	1	DTX3	c14
0.00315883144958146	-0.994698173303355	0.006	0.038	1	TPRG1L	c14
0.0605269908919625	0.994366096102121	0.018	0.039	1	ZNF583	c14
0.000122014194721173	0.994291950002784	0.092	0.195	1	UTP23	c14
0.0110215242019153	0.993971121333405	0.228	0.376	1	TSPAN14	c14
0.0273849749166566	0.993545225657794	0.018	0.045	1	HIST1H2AM	c14
0.0585632046953507	0.993313584021772	0.034	0.061	1	INF2	c14
0.00857177471809757	0.99316026003364	0.2	0.333	1	TOR1AIP1	c14
0.0347096334759454	0.993017603752851	0.148	0.23	1	ATAD1	c14
0.000673389139439663	0.992947839344802	0.145	0.264	1	TDG	c14
0.00445360454229138	0.992619142157162	0.092	0.166	1	WASHC2C	c14
0.160026248140056	-0.992612844016196	0.003	0.011	1	TRBV13	c14
0.00018636728398735	0.992568083044978	0.092	0.191	1	PIP4P1	c14
0.0349234120194898	0.992339541178342	0.077	0.124	1	TGFBR1	c14
0.00452658071642908	0.992223401190482	0.031	0.074	1	ING1	c14
0.00596743184947512	0.992176082815114	0.117	0.201	1	LGALS8	c14
0.0046014654780934	0.992168273119883	0.077	0.143	1	LYSMD3	c14
0.00709888801044612	0.992156496518469	0.043	0.09	1	ALAD	c14
0.0425931590905829	0.991439211663488	0.015	0.037	1	SNHG19	c14
7.70626697544594e-05	0.991436936479037	0.166	0.32	1	TRAF1	c14
7.23203388860525e-05	0.990882270150008	0.098	0.208	1	YY1AP1	c14
0.00128565339124586	0.990734779670538	0.145	0.259	1	SRPK1	c14
0.00496293670813965	0.990667598479638	0.098	0.173	1	ARL5B	c14
0.000489438751867394	0.990625624757327	0.043	0.108	1	ARMC6	c14
0.048037017997814	0.990457080856542	0.031	0.058	1	FIG4	c14
7.70760826672606e-05	0.98988540424456	0.062	0.149	1	ALDH16A1	c14
0.000156546531455197	0.989825254088393	0.111	0.223	1	TAF3	c14
0.00134740285315069	0.989680662947862	0.102	0.19	1	PI4KB	c14
0.000864366782311634	0.989625019417245	0.058	0.127	1	WIPF2	c14
0.0193491713713334	0.989598534650568	0.049	0.091	1	LPAR6	c14
0.0590537822911118	0.989324664886434	0.197	0.303	1	EMC3	c14
0.0459254736391231	0.989200898353021	0.074	0.118	1	VCPKMT	c14
0.000623987272162872	-0.989008546541822	0.006	0.046	1	BEX3	c14
0.00914701004106916	0.98894403780835	0.065	0.119	1	PITPNM1	c14
0.382371510938066	0.988942007575762	0.006	0.011	1	AC083880.1	c14
0.000604299395022521	0.988915641499871	0.086	0.173	1	MARCH5	c14
0.00533185251446473	0.988764328874984	0.222	0.373	1	LUC7L2	c14
0.0170703908795202	0.988441820922846	0.142	0.226	1	RAB37	c14
3.98547007344627e-05	-0.988438616265684	0.012	0.072	1	PORCN	c14
6.05987941004097e-05	-0.988311309349625	0.009	0.065	1	LIG3	c14
0.685771215915468	0.98782458305511	0.062	0.059	1	CXCR5	c14
0.0500665345370039	0.987716753176323	0.04	0.071	1	CLPTM1L	c14
0.15923155512444	0.98761396339091	0.003	0.011	1	FTCDNL1	c14
0.00276847595109327	0.987036299890437	0.08	0.151	1	SLC7A6OS	c14
0.00499257956426691	0.986850764308158	0.046	0.097	1	TFE3	c14
0.0118153974904036	0.986814966040007	0.015	0.045	1	GZF1	c14
0.0033721857478045	0.985558074120668	0.071	0.136	1	RBM48	c14
0.019152769760044	0.985546219805689	0.043	0.082	1	NOMO2	c14
0.000350206307393387	0.985211769130433	0.068	0.148	1	RIPK1	c14
0.0249507410212538	0.985107686343323	0.031	0.063	1	SLC36A4	c14
0.00170688009269706	0.984895658388974	0.145	0.253	1	GABARAPL1	c14
0.000815010870534998	0.984793765125045	0.052	0.118	1	ZBTB24	c14
0.00158113137603594	0.984687639648154	0.055	0.119	1	WDR36	c14
0.00315279724781191	0.984198925728798	0.043	0.095	1	NOTCH2	c14
0.00218865699474283	0.983991889949657	0.058	0.121	1	LIG1	c14
0.0392652919234587	0.983943181625677	0.357	0.601	1	IKZF1	c14
0.00773094549193257	0.983935572102208	0.037	0.08	1	C12orf4	c14
0.451231658923715	0.983859979645604	0.009	0.014	1	ARRDC3-AS1	c14
0.177462283810117	0.983792804609727	0.025	0.04	1	PPP1R3D	c14
0.269434496924547	0.983722045282795	0.012	0.021	1	MORC4	c14
0.00123063025412405	0.983696745059087	0.086	0.167	1	SEC23A	c14
0.000635478125868065	0.98368582919016	0.08	0.163	1	PRKRIP1	c14
0.0450632404363092	0.983519702442809	0.04	0.071	1	MEGF9	c14
0.000291071236827817	0.98339290547927	0.126	0.242	1	TBL1XR1	c14
0.238004405070704	0.983355644711497	0.009	0.018	1	TGFBI	c14
0.149186053023143	-0.982716418699668	0.003	0.012	1	TRAV34	c14
0.00189543709713063	0.982501473269744	0.108	0.196	1	HOOK3	c14
0.0725632942994121	0.982247279656589	0.012	0.03	1	MYEF2	c14
4.70842413330579e-05	0.981913212456676	0.08	0.182	1	CASC3	c14
0.00170323599890149	0.981618760161283	0.095	0.178	1	GPR18	c14
0.178874803252317	0.981144800145944	0.489	0.722	1	TBC1D10C	c14
0.042039252050993	0.980384647613807	0.025	0.051	1	MAFG	c14
0.00636002501538287	0.98017847546915	0.163	0.271	1	PJA2	c14
0.00761983028467498	0.979382058632487	0.006	0.033	1	KIF18A	c14
0.000237734969427755	0.979208235782942	0.114	0.224	1	PANK2	c14
0.00321787955862877	0.978739700189786	0.015	0.053	1	PITPNA	c14
0.00408453681329604	0.97854538194359	0.074	0.139	1	RARS	c14
0.198350005264302	0.978462831804884	0.018	0.031	1	SLC26A11	c14
0.708205449642809	0.978381903431185	0.077	0.074	1	TRBV28	c14
0.142072462198415	0.97837589488559	0.062	0.09	1	PRKD3	c14
0.000531193391020998	0.978302060404186	0.043	0.107	1	NCK2	c14
0.000128930034202091	0.978300601961895	0.074	0.165	1	TDP1	c14
0.0379591089538145	0.97826006652908	0.04	0.073	1	LRRC57	c14
0.00322233877439252	0.977949045412787	0.172	0.294	1	MDFIC	c14
0.00366056622339536	0.97752951202288	0.028	0.071	1	ZBTB10	c14
0.00593457599034479	0.977523117514454	0.182	0.305	1	CLINT1	c14
0.101640341958551	0.977501195105016	0.015	0.032	1	ADAL	c14
0.263865392149705	0.977312826988045	0.015	0.026	1	STX1A	c14
0.00832593584445604	0.977192310332269	0.074	0.133	1	GSTM4	c14
0.00114131352550624	0.977064485495808	0.114	0.211	1	NOC2L	c14
0.0190164440152124	0.976998019474159	0.132	0.21	1	TOX	c14
0.000327138881041215	0.976781547781188	0.022	0.076	1	RBBP8	c14
0.0144185537693245	0.976631327776997	0.031	0.067	1	HLA-DMB	c14
0.0179060681167831	0.976546183309553	0.012	0.038	1	IFIT2	c14
0.0560806571418159	0.976472254690004	0.034	0.061	1	PBX2	c14
0.0448082226737109	0.976400962956858	0.037	0.067	1	SPATA20	c14
0.0333220330336857	0.976056847936211	0.258	0.413	1	ARHGEF3	c14
0.177392216139364	0.97601372956307	0.095	0.129	1	ID3	c14
0.150727554180747	0.975409051097181	0.009	0.021	1	LMCD1	c14
0.115469132316108	0.97507885042562	0.012	0.027	1	SLC12A4	c14
0.00751537416962721	0.974930185818721	0.065	0.12	1	DNMT3A	c14
0.000748310304673669	0.974685268388781	0.123	0.227	1	KAT6B	c14
0.041122446214476	0.974470920039486	0.022	0.046	1	SPATA5L1	c14
0.0259259004128938	0.974083176935522	0.058	0.102	1	NT5C2	c14
0.0385028231587746	0.973528258460622	0.018	0.042	1	MKL2	c14
0.0322071144349701	0.97342128919367	0.015	0.039	1	SLC31A2	c14
0.104055480280525	0.973286288814608	0.028	0.048	1	BICRA	c14
0.00631238364940357	0.973159995520619	0.08	0.144	1	SH3BP5	c14
0.24508672949745	0.972942430353919	0.006	0.014	1	ZFP3	c14
0.236339637499528	0.972806235685383	0.012	0.022	1	HCG11	c14
0.000364716779825177	0.972587868349207	0.102	0.201	1	NDEL1	c14
0.00042369781286187	0.972472371368968	0.034	0.094	1	RBFA	c14
0.0268107344381787	0.972139981307699	0.034	0.067	1	BBS4	c14
0.000922294061115341	0.972103830246705	0.166	0.297	1	B3GNT2	c14
0.0165573206207878	0.971957419788239	0.009	0.033	1	CHEK1	c14
0.00120891030260504	0.971685006413246	0.043	0.102	1	FAHD2A	c14
0.00576409639030486	0.971574856940931	0.117	0.201	1	POM121C	c14
0.0666313749992459	-0.971300295215915	0.003	0.016	1	DLGAP3	c14
0.00233883440625907	0.971125569645068	0.043	0.097	1	SHLD2	c14
0.0657032636107485	0.97047282096213	0.018	0.039	1	NEDD4	c14
0.0851398722825557	0.970311786217636	0.018	0.037	1	KIF16B	c14
0.111531947911853	0.970279694564542	0.009	0.023	1	FKBP14	c14
0.000269204701668641	0.97005098154567	0.086	0.179	1	AFG3L2	c14
0.520559145576385	0.969845409844057	0.022	0.028	1	PLEKHM3	c14
0.190628705078565	0.969709643860905	0.015	0.028	1	PLEKHA8	c14
0.000657868980540042	0.96939090353684	0.209	0.379	1	TMED4	c14
0.00050662886271356	0.96929441002774	0.225	0.401	1	HERPUD2	c14
0.27492269155856	0.969275365739342	0.015	0.025	1	LRRC2	c14
0.00260644479291637	0.968699839068165	0.557	0.777	1	SRSF5	c14
6.65508191105689e-05	0.968509038964307	0.117	0.239	1	OSGEP	c14
0.00200865783361485	0.968151624766346	0.022	0.065	1	IDE	c14
0.000896421259199105	0.967744287965282	0.034	0.09	1	MTG2	c14
0.225241785183038	0.967602350551585	0.037	0.054	1	ACTN1	c14
0.0180842261893002	0.967542589063817	0.022	0.052	1	MSANTD4	c14
0.00239667804760258	0.967537618773678	0.028	0.074	1	C22orf34	c14
0.759788649132285	0.967528760472727	0.4	0.611	1	SIGIRR	c14
0.00026183976791812	0.967398988243711	0.148	0.279	1	SAFB2	c14
0.00104542319753508	0.967364797654239	0.083	0.163	1	PURA	c14
0.0042925759486738	0.967149185137583	0.015	0.051	1	TPRG1	c14
0.000894187727139926	0.966996980995164	0.062	0.131	1	AGL	c14
0.00021488834418621	0.966730618852093	0.222	0.404	1	NFATC2	c14
0.00226083767763756	0.96626691112933	0.074	0.143	1	FRMD4B	c14
0.137127551317657	0.965911528077144	0.009	0.021	1	NFIL3	c14
0.026607672418332	-0.965385564650393	0.003	0.021	1	HIST1H2AL	c14
0.882555233093172	0.964887247329475	0.018	0.018	1	KRT86	c14
0.0249665361061954	0.964802094395033	0.015	0.041	1	ZNF598	c14
0.0154168568934319	0.96447527021855	0.022	0.053	1	PPARD	c14
0.323275619459083	0.963853843531256	0.369	0.575	1	HP1BP3	c14
0.00124628063868733	0.963610700553645	0.111	0.206	1	DBF4	c14
0.00149303644123283	0.963387067929234	0.077	0.152	1	CUL3	c14
0.440077512081269	0.963186086173935	0.009	0.014	1	CLEC7A	c14
0.0409234351552215	0.963112599541651	0.012	0.033	1	MBD3	c14
0.0614516398009793	0.963076588728502	0.062	0.098	1	FBXL4	c14
0.0174943404584177	0.96255690653842	0.015	0.043	1	TSNAX	c14
0.00271234052372778	0.962270387333928	0.065	0.129	1	STK40	c14
0.00654483936993487	0.961744888369032	0.065	0.122	1	LSG1	c14
0.0336656482128395	-0.961653672188158	0.003	0.019	1	PEX11A	c14
0.0533667492410465	0.960823988399176	0.015	0.036	1	NUP50-DT	c14
0.0333571507311798	0.960732810282771	0.015	0.039	1	RBBP9	c14
0.0159308820707727	0.960336008284874	0.046	0.088	1	MYBBP1A	c14
0.00376776323709925	-0.960327021549221	0.006	0.037	1	NOL6	c14
0.00982538714830304	0.960308982393089	0.098	0.168	1	EDEM2	c14
0.000229979463162439	-0.959991271230267	0.009	0.057	1	EDARADD	c14
0.00242502731808974	0.959776357241049	0.089	0.167	1	TBC1D17	c14
0.00208506509498106	-0.959757677935996	0.006	0.04	1	OSGIN2	c14
0.00114658376512777	0.95955080395172	0.123	0.225	1	PITPNB	c14
0.0176023454552375	0.958885209752051	0.037	0.074	1	SLC25A33	c14
0.185354918839019	0.958703551238163	0.015	0.028	1	DYNC2H1	c14
0.0117901685636291	0.958319490998117	0.052	0.099	1	MEN1	c14
0.0218609769154043	0.958250074322082	0.142	0.222	1	SKIL	c14
0.000933146058319712	0.958041119667339	0.08	0.16	1	UIMC1	c14
0.0272256591793293	0.957896188908444	0.074	0.123	1	ZBTB44	c14
0.00200779638538527	0.957878111938202	0.049	0.107	1	PPP2R2D	c14
0.0026571357592416	0.957585147277177	0.065	0.129	1	MEF2D	c14
0.0901723766947364	0.95727699982735	0.003	0.014	1	DUSP8	c14
0.00077411987914987	0.95698671000186	0.083	0.166	1	RBM10	c14
0.0984678649872534	0.956586193633265	0.015	0.032	1	LANCL2	c14
0.0022653774238391	0.956450900492475	0.028	0.074	1	ACP6	c14
0.00117372621644245	0.956378777679059	0.083	0.163	1	FOXO1	c14
0.00977290545748882	0.956188991821806	0.046	0.092	1	TP53BP2	c14
0.000284820282957634	0.956161728583558	0.08	0.168	1	MSH3	c14
0.00028262050055506	0.955829073761536	0.071	0.154	1	MAP3K11	c14
0.00111232704063977	0.955794347091784	0.052	0.116	1	SGTB	c14
0.0342705161412462	0.955617126243872	0.034	0.065	1	EID3	c14
0.00714651977203232	0.95543662992221	0.311	0.533	1	CD5	c14
0.00151124075009975	0.955310108226444	0.049	0.11	1	KRBOX4	c14
0.0182597530886595	0.954774571265579	0.04	0.078	1	THAP2	c14
0.000449469542076377	0.954695730918669	0.098	0.194	1	CTBS	c14
0.0271423571991535	0.954670638578558	0.037	0.071	1	SPAST	c14
0.00141773671874933	0.954558719445009	0.114	0.209	1	GOLT1B	c14
0.000103931589358708	0.954545740111936	0.065	0.152	1	AP1B1	c14
0.000213128925231782	0.954348341585303	0.092	0.191	1	C6orf62	c14
0.105596968189554	0.954224091774664	0.022	0.04	1	TRAV2	c14
0.0223674505425264	0.954181191154874	0.305	0.507	1	ARHGAP30	c14
0.0396204495647736	0.953569413018342	0.065	0.105	1	FCRL6	c14
0.0260292699529793	0.953568127471066	0.065	0.11	1	NCALD	c14
0.000225013685618818	0.953482558875936	0.151	0.285	1	MICU2	c14
0.0126686056550948	0.952999270161025	0.046	0.09	1	BRPF1	c14
0.115941613527345	0.952925662208502	0.052	0.08	1	TSPYL4	c14
9.14837688216574e-05	0.952623240275429	0.083	0.182	1	FEZ2	c14
0.283375324640959	0.952462495930193	0.018	0.029	1	MATN1-AS1	c14
0.00121043476316052	0.952112753041309	0.095	0.181	1	DDIT3	c14
0.250298698267163	0.95161975366185	0.443	0.727	1	SPOCK2	c14
0.00906068750248889	0.951561501455816	0.046	0.092	1	NRROS	c14
0.049229768784262	0.951341858518175	0.018	0.041	1	CENPE	c14
0.0199397867937515	0.951325261082096	0.015	0.042	1	LARP1B	c14
0.00333898277446792	0.95109898398474	0.218	0.372	1	AC116366.3	c14
0.0052035704558984	0.950938416428046	0.052	0.105	1	VPS35L	c14
0.00236401586441103	0.950872159284432	0.145	0.252	1	TMEM43	c14
0.0358478555756126	0.950839461788905	0.009	0.029	1	FBXO48	c14
0.322218008070214	0.950628882190773	0.015	0.024	1	NFIA	c14
0.0145597531144491	0.950501043632984	0.028	0.062	1	MED9	c14
6.4433837583348e-05	0.950325182255812	0.151	0.295	1	GOPC	c14
0.122874863483685	0.950063384808314	0.046	0.071	1	DNAJC13	c14
0.000304362844453162	0.949850868854562	0.083	0.173	1	WDR43	c14
0.00135235697041486	0.949653307376385	0.222	0.391	1	RSBN1L	c14
0.0952382817920683	0.949537342148144	0.058	0.089	1	TRGV5	c14
0.0859554623381285	0.948583572344273	0.015	0.033	1	LINC01806	c14
0.466899551224301	0.948509421691619	0.348	0.482	1	GBP5	c14
0.000104268432672314	0.94844385446875	0.12	0.241	1	CNOT1	c14
0.000160059953398425	0.948192329680691	0.046	0.12	1	UBE2Z	c14
0.0138976141030817	0.948142357992151	0.046	0.089	1	AEN	c14
5.31459366949649e-05	0.948119396641655	0.132	0.267	1	CSNK2A1	c14
0.00850071112966542	0.947893066761288	0.037	0.079	1	AKT1	c14
0.081075711672972	0.947504552920853	0.009	0.024	1	AP002495.2	c14
0.254641904262697	0.947351594727166	0.018	0.03	1	MIEF2	c14
0.00896527439578264	0.946653556092012	0.077	0.137	1	GPR132	c14
0.00568606108772419	0.946611869657372	0.046	0.096	1	MED7	c14
0.0730721837193366	0.946514055277171	0.052	0.084	1	GFM2	c14
0.0189034243441141	0.946287022777024	0.049	0.091	1	ZNF322	c14
0.0173346459677576	0.946116719333822	0.049	0.092	1	DNAJC24	c14
0.00393989830470279	0.945890281004282	0.114	0.2	1	MPDU1	c14
0.0548593219001128	0.945755549414682	0.012	0.031	1	SCML1	c14
0.589491685408688	0.945721247258349	0.012	0.016	1	OVCH1-AS1	c14
0.0131795093772206	0.945571987307232	0.028	0.063	1	FEM1C	c14
0.0578662050220647	0.945356489627596	0.028	0.053	1	RHPN1	c14
0.00559280917879971	0.94528284741406	0.049	0.1	1	MICAL2	c14
0.000280015238964441	0.945271092836074	0.108	0.212	1	PLSCR1	c14
0.488936848290346	0.945168923511889	0.018	0.025	1	SETMAR	c14
0.00412979161681557	0.944969229417605	0.04	0.089	1	CTPS1	c14
0.231332463488903	0.944823051380555	0.012	0.022	1	AL355816.2	c14
0.00191549132330679	0.94478015206433	0.062	0.126	1	TMEM214	c14
0.000446197607657549	0.9447282893887	0.077	0.16	1	MEMO1	c14
0.184006663034999	0.944636816968034	0.009	0.02	1	CACNA1C-AS1	c14
0.024713780133489	0.944621039880335	0.04	0.075	1	C20orf204	c14
0.00740163971129315	0.944177380335945	0.04	0.085	1	KCTD17	c14
0.0117886560578747	0.943730389217341	0.028	0.064	1	GABPB2	c14
0.375319069606149	0.943629607642117	0.012	0.019	1	MAP4K3	c14
0.12875501020408	0.943466260247974	0.012	0.026	1	CR381653.1	c14
0.00172257760444523	0.943421136465252	0.252	0.442	1	MAP4K1	c14
0.0547188843420938	0.943180037965522	0.308	0.496	1	RBBP6	c14
0.28111071078335	0.943022618958629	0.508	0.747	1	CD96	c14
3.71885548047603e-05	-0.942878836197176	0.009	0.067	1	UEVLD	c14
0.0629331629168669	-0.942854820486729	0.009	0.026	1	TRBV29-1	c14
0.338995553645353	0.942699470734981	0.018	0.028	1	SLC9A3R2	c14
0.000274687112167146	0.942609579154492	0.126	0.243	1	SS18	c14
0.00702321740157403	0.942464297029968	0.055	0.108	1	FBXL12	c14
4.24248874674327e-05	0.942056794515901	0.065	0.158	1	TCOF1	c14
0.00214326378590256	0.941785631021711	0.292	0.504	1	SYTL3	c14
3.28306778311656e-05	0.941536125386515	0.102	0.219	1	AGGF1	c14
0.102384125011741	0.941498295355785	0.022	0.04	1	DHX33	c14
0.0952905319806774	0.941482006694588	0.018	0.037	1	CLCC1	c14
0.00202915832883587	0.941423067402155	0.126	0.224	1	XAB2	c14
0.0550823252004462	0.941349571078418	0.028	0.053	1	ZNF627	c14
4.41955313260306e-05	0.941325375268168	0.246	0.46	1	RUNX3	c14
4.73014356364862e-05	0.941174545768973	0.095	0.206	1	MTF2	c14
0.000543708265388192	0.940962327294349	0.111	0.211	1	CARS	c14
0.667829330545861	0.940722740721244	0.034	0.039	1	TRAV22	c14
0.0116630658354255	0.940474255991124	0.058	0.108	1	SCAMP4	c14
0.000254021630350628	0.940468674132312	0.08	0.17	1	MAGT1	c14
0.0112308640311011	0.940395010948923	0.098	0.166	1	TNFSF8	c14
0.000531933722064969	0.940284825994011	0.286	0.507	1	PARP8	c14
0.0270946838383625	0.940207402515696	0.031	0.062	1	MCOLN1	c14
0.0930487109582993	0.940124602717619	0.018	0.037	1	CASP10	c14
0.00178618751663998	0.939657118740943	0.092	0.173	1	ZNF862	c14
0.0412792609412194	0.939169206271081	0.018	0.042	1	POLI	c14
0.000280720452670738	0.938976228956319	0.077	0.164	1	NDUFV3	c14
0.00181149951308316	0.938930642014357	0.163	0.286	1	ZNF655	c14
0.00739966086407889	0.938766578525081	0.058	0.112	1	ARV1	c14
0.138012167446503	0.938645548468386	0.043	0.066	1	DUSP18	c14
0.413995519657154	0.938607910097976	0.006	0.011	1	NT5M	c14
0.0232942367886007	0.938365444890413	0.043	0.081	1	UBAP2	c14
0.0453695419080785	0.938214492852392	0.04	0.071	1	GRAP	c14
0.00126456024471789	0.937900833041584	0.052	0.115	1	SCLT1	c14
0.00140072101737023	0.937659556601392	0.052	0.115	1	MAP2K5	c14
0.00117701702012287	0.93758573523617	0.138	0.25	1	MIS18BP1	c14
0.0409382342230438	-0.937002889110052	0.003	0.018	1	ATP8B3	c14
0.00844861234902086	0.936991601878716	0.065	0.12	1	C3AR1	c14
0.0142676586198231	0.93658702203366	0.058	0.107	1	NOL9	c14
0.0724921254005379	0.936424903133837	0.006	0.02	1	LENG9	c14
0.000650853014494156	0.936352993280501	0.04	0.101	1	KATNB1	c14
0.00415655093545477	0.936349661728474	0.105	0.184	1	WHAMM	c14
0.132987839127881	0.936315766086543	0.012	0.026	1	NAT1	c14
0.0497538397854369	0.936179279220982	0.018	0.041	1	ZNF408	c14
0.00138216253555674	0.935863273993538	0.052	0.115	1	KLC2	c14
0.000233266497457811	0.93578476873654	0.071	0.155	1	KMT5B	c14
0.0017235748964482	0.935664544025169	0.058	0.123	1	E4F1	c14
0.00762009698508898	0.935483179726962	0.009	0.038	1	AC078883.1	c14
0.0641224346955149	0.93539338604326	0.058	0.093	1	MAFF	c14
0.00867487463896161	0.935120888199785	0.28	0.473	1	RSF1	c14
0.00261257403582551	0.935043872758566	0.108	0.194	1	TM7SF3	c14
0.0229882620563081	0.935024226156912	0.028	0.059	1	CYB561D2.1	c14
0.00134204927639196	0.934964064288437	0.16	0.283	1	TPP1	c14
0.000588494306986304	0.934910918834068	0.074	0.153	1	ATF7IP2	c14
0.0025864548345124	0.933913626374094	0.194	0.333	1	VPS36	c14
0.00046537665537312	0.933793724181321	0.049	0.118	1	NOC4L	c14
0.00734035753316975	0.933657595231302	0.092	0.162	1	TMEM156	c14
0.0179774960526429	0.933103544117485	0.043	0.083	1	INTS6L	c14
0.1258557108098	0.933048713943131	0.009	0.022	1	RNLS	c14
0.738942486049817	0.932989000446059	0.366	0.493	1	GBP2	c14
0.002953265891693	0.932977677850417	0.074	0.141	1	RPS6KB1	c14
0.0366199724882291	0.932826706426904	0.074	0.12	1	ICAM1	c14
0.270434834074309	0.932479563602536	0.012	0.021	1	SLC35E4	c14
0.00102961703171418	-0.93228482488007	0.012	0.054	1	INAFM1	c14
0.000189242145472962	0.932160989053248	0.083	0.177	1	C3orf38	c14
0.0405537948903998	0.931820810195443	0.04	0.072	1	USP53	c14
5.15113392700366e-05	0.931818245167444	0.062	0.152	1	DHX16	c14
0.016090595092902	0.93159406840423	0.031	0.066	1	EIF4ENIF1	c14
0.00140383994494968	0.931434748738167	0.138	0.244	1	FOSL2	c14
6.33856778899058e-05	-0.931303356088539	0.003	0.053	1	ASF1B	c14
0.0147411458919319	0.931255154507173	0.065	0.115	1	PNPT1	c14
0.0937794941619673	0.93099257582626	0.009	0.024	1	ZNF674-AS1	c14
3.04581111750603e-05	0.93097823286517	0.132	0.27	1	TMEM106B	c14
0.00196321209058287	0.930867256052718	0.083	0.159	1	FAM3A	c14
0.00224141650909501	0.930779936250735	0.117	0.209	1	SH2D3C	c14
0.00227590584408969	0.930750982311267	0.046	0.102	1	TMED1	c14
0.00021603146925838	0.930396182849318	0.071	0.156	1	NDRG1	c14
0.0121530305389388	0.930316127356194	0.025	0.059	1	ZNF75D	c14
0.000502560479110957	0.930225051346652	0.058	0.132	1	PSMD5	c14
0.0278770962277599	0.930181465162004	0.046	0.084	1	WDR44	c14
0.151069599037114	0.93000641236891	0.354	0.559	1	MBP	c14
7.23156308897679e-05	0.929900701523607	0.089	0.193	1	HBS1L	c14
0.218294722861712	0.929743207723969	0.218	0.292	1	RBKS	c14
0.0307683630020075	0.929706545459319	0.009	0.03	1	ZNF77	c14
0.000774796973189266	0.929594994762891	0.055	0.123	1	ZNF652	c14
0.0011699353126733	0.929303172405164	0.065	0.134	1	KIF13B	c14
0.188177717573867	0.92895447669411	0.003	0.011	1	AC007541.1	c14
0.832468857623675	0.928682011097957	0.065	0.071	1	ADGRG1	c14
0.0491727135022945	0.928533222809027	0.129	0.194	1	RIN3	c14
0.000725695651990521	0.928451137006577	0.083	0.165	1	PECAM1	c14
0.00515319761114985	0.928261998155969	0.04	0.087	1	STRBP	c14
0.0289268468087465	0.928240505933257	0.228	0.362	1	TMED5	c14
0.00122199628299096	0.927806375751356	0.095	0.182	1	NUPL2	c14
0.00922777332917905	0.927645916696331	0.077	0.136	1	CRELD1	c14
0.0199145518043064	0.927420556259938	0.018	0.046	1	SIRT1	c14
0.00745893340021367	0.927320455734621	0.074	0.134	1	CDC37L1	c14
0.0535466122154029	0.926749026954203	0.018	0.04	1	KBTBD7	c14
0.111441802561232	0.92611562315973	0.028	0.048	1	EAF2	c14
0.00490547031665626	0.926102147492589	0.062	0.119	1	DGKD	c14
0.000716190919223102	0.925533966920596	0.055	0.124	1	PMM2	c14
0.113438062933659	0.925497731851999	0.018	0.035	1	ZNF345	c14
0.207782403517799	0.925274233106189	0.022	0.035	1	ZNF79	c14
0.0966382259953233	0.925137238169458	0.012	0.028	1	CFP	c14
0.0159959067827727	0.924948413865852	0.105	0.171	1	TSC22D2	c14
0.0170201430664735	0.924339204057266	0.028	0.061	1	GCLC	c14
0.0139017938361277	0.924088966272298	0.025	0.058	1	MTMR12	c14
0.0118296405992675	0.923810594995218	0.022	0.054	1	WWOX	c14
0.00580078308992863	0.923364872022862	0.028	0.068	1	ANKRD52	c14
0.000479527924954483	0.923341538566673	0.098	0.193	1	RNF216	c14
0.000649247426575579	0.923090650322479	0.246	0.44	1	CGGBP1	c14
0.00572328085949167	0.923069065262795	0.022	0.059	1	PRMT6	c14
0.000458577590390288	-0.922935050269286	0.006	0.048	1	ZWINT	c14
0.037647677791038	0.922932821159045	0.052	0.09	1	APOL1	c14
0.0400267795526342	0.922932132316478	0.218	0.334	1	ASB2	c14
0.00183916109871365	0.922917685809594	0.058	0.122	1	CDK5RAP2	c14
0.0351049328487799	0.922234250390468	0.009	0.029	1	AGPAT4	c14
0.0160704626699215	0.922110344636879	0.034	0.07	1	GPATCH1	c14
0.107376865905209	0.922086582959927	0.009	0.023	1	DDX51	c14
0.31139541856872	0.921621880524332	0.006	0.012	1	CALY	c14
0.0124339497642378	0.920841435412465	0.052	0.099	1	USF3	c14
0.00454416591281479	0.920772849128312	0.062	0.12	1	TAF8	c14
0.00324416186618906	0.920593568859684	0.077	0.143	1	CSF1	c14
0.645752000678247	0.920050953467576	0.483	0.765	1	CD44	c14
0.00467804807588254	0.919857154768557	0.046	0.097	1	ATP10D	c14
0.000368896146498972	0.919791680301858	0.046	0.114	1	SEC24D	c14
0.0521636736294894	0.919479764248218	0.018	0.04	1	ZNF45	c14
0.00130031567846726	0.919167547002061	0.074	0.148	1	C7orf26	c14
0.0633571737214105	0.919112164134066	0.049	0.081	1	PPOX	c14
0.0164883094723952	-0.918520714030863	0.006	0.028	1	WNT1	c14
0.000643841458778284	0.91835499858116	0.077	0.158	1	SRSF6	c14
0.116991664030802	0.918346939939631	0.098	0.142	1	AP1G1	c14
0.00079805555667012	-0.91814042696472	0.006	0.045	1	HYPK	c14
0.0902852074694638	0.917977329642349	0.018	0.037	1	HEATR5A	c14
3.82394726485412e-05	-0.917855082384367	0.018	0.083	1	ANKRD46	c14
0.00655137846410382	0.917760070388137	0.025	0.063	1	FANCG	c14
0.0013039364881626	0.917697574598471	0.142	0.254	1	CARD8	c14
3.34516275171494e-05	0.917299237916032	0.086	0.194	1	TBC1D20	c14
0.0155213902871792	-0.917230533699551	0.003	0.023	1	GDPD5	c14
0.620864381045462	0.916974483911694	0.012	0.016	1	AP003392.6	c14
0.229651249761946	0.916945460723546	0.375	0.6	1	ARHGAP15	c14
0.0181827073073474	0.916904746745407	0.043	0.083	1	TMED8	c14
0.000116215848006382	0.916815156808562	0.16	0.306	1	MITD1	c14
0.0283823528379376	0.916767202442503	0.049	0.088	1	TMEM185A	c14
0.00341552474097915	0.91659962724817	0.092	0.168	1	RNF6	c14
0.00591500807912754	0.916515129409262	0.04	0.086	1	KHNYN	c14
0.0157859582191417	0.916260697681639	0.025	0.057	1	TOP1MT	c14
0.00205134931420421	0.916197680855227	0.129	0.23	1	CD226	c14
0.000491106923569365	0.915897312928266	0.04	0.103	1	PPME1	c14
0.00219091907595076	0.915867146929763	0.018	0.06	1	GFOD2	c14
0.00625836427907566	0.915472195967382	0.077	0.14	1	LGALS3BP	c14
0.00325676190742737	0.915183238092631	0.151	0.261	1	PIGT	c14
0.00067218295409728	0.915109154122713	0.262	0.472	1	C19orf66	c14
0.0903040614089735	0.914938661852116	0.086	0.125	1	MIR155HG	c14
0.00113358308702005	0.914862397243036	0.178	0.317	1	CSNK1D	c14
0.290267533263612	0.914778735139654	0.009	0.017	1	ASTN2	c14
0.046128757190581	0.914079689993227	0.015	0.037	1	FAM216A	c14
0.0781765819617193	0.913968584066057	0.022	0.042	1	MARCH9	c14
0.322698249761068	0.913135855552232	0.009	0.016	1	KCTD2	c14
0.0515035766412873	0.913123399963234	0.025	0.049	1	TFCP2	c14
0.04248180305386	0.913024148981335	0.009	0.028	1	HIST1H2BH	c14
0.0010706026061797	0.912935615746325	0.083	0.164	1	IKBKE	c14
4.88299268074622e-05	0.912873626412966	0.105	0.22	1	SORL1	c14
0.0154763895320389	0.91264478538726	0.04	0.08	1	RFXAP	c14
0.0232106572488236	0.912536606242011	0.111	0.178	1	RAPGEF6	c14
0.711012370855192	0.912450437499801	0.012	0.015	1	DRAXIN	c14
0.0422527049297381	0.912252585980078	0.218	0.338	1	CD4	c14
0.00123023318507596	0.91204028591682	0.065	0.135	1	SEC23IP	c14
0.00716069063643197	0.911713467677637	0.012	0.043	1	ADNP2	c14
0.000786629286131044	0.911514364566246	0.086	0.171	1	SLC30A5	c14
0.00470068488867128	0.911398906659692	0.083	0.152	1	ABHD12	c14
0.600893502479769	0.911090974228157	0.009	0.013	1	ITPRIPL2	c14
0.00847768847768336	0.910985401969167	0.043	0.088	1	RNF121	c14
0.00964706264759422	0.910382543597748	0.043	0.087	1	ASL	c14
0.0598197541516558	0.91032822882228	0.018	0.04	1	SLCO3A1	c14
0.0753208406408404	0.909789912104439	0.009	0.025	1	PMF1	c14
0.000179862328280782	0.908568758581737	0.068	0.153	1	TOP2B	c14
0.000181956268217104	0.908430750015298	0.086	0.182	1	CSGALNACT2	c14
0.00200912510609635	0.908099076313188	0.083	0.159	1	ERO1A	c14
0.00988615814355061	0.907935360654043	0.055	0.105	1	PRKAB1	c14
0.00427039092954393	0.907885314276366	0.065	0.125	1	CREB3L2	c14
0.00454672789986884	0.9076773760501	0.058	0.115	1	HECA	c14
0.0233775768996036	0.907559880645917	0.111	0.177	1	GIMAP8	c14
0.000924058018815456	0.907236789173798	0.102	0.19	1	SMC4	c14
0.0326267741242518	0.906576761102985	0.034	0.065	1	NFYA	c14
0.000201679547378832	0.906357543086333	0.043	0.114	1	SHLD1	c14
0.00251723975705165	-0.906090853354869	0.009	0.044	1	LAIR2	c14
0.000153983617112708	0.905271442344165	0.126	0.245	1	RB1CC1	c14
0.0130920327812239	0.90504248915043	0.009	0.035	1	MED26	c14
0.0056679542302926	0.90488227573125	0.037	0.082	1	RFT1	c14
0.00485473874063815	0.904776305981316	0.049	0.101	1	WDR11	c14
0.00101531859953341	0.904755115482455	0.046	0.107	1	ELK4	c14
0.00158666623901639	0.904608231935406	0.04	0.095	1	WARS2	c14
0.00410472868875856	0.904469799864066	0.052	0.107	1	PGRMC2	c14
0.00082967364065443	0.904363684030352	0.095	0.185	1	PTTG1IP	c14
0.119070836772555	0.90431928564678	0.009	0.022	1	PER3	c14
0.000260949625558706	0.903343176008118	0.074	0.16	1	CNOT3	c14
0.000409229372343603	0.903144215661942	0.098	0.195	1	UBQLN2	c14
0.000326039942970699	0.902619721379948	0.08	0.168	1	PRPF3	c14
0.000271814015141358	0.902017804141289	0.126	0.242	1	AP2A1	c14
0.000801071815754641	0.901925321847127	0.065	0.137	1	NSMCE2	c14
0.000184341774741272	0.901887023670896	0.105	0.21	1	ZC3H7A	c14
0.000967396785182463	0.901754776518453	0.154	0.276	1	RAB24	c14
8.99805854704096e-05	0.901663789461123	0.243	0.453	1	IFI16	c14
0.000119593053963487	0.901593199335763	0.132	0.259	1	CTSD	c14
0.000503232706879417	0.901510452865605	0.025	0.079	1	HEMK1	c14
0.116706038749747	0.901295680101822	0.083	0.121	1	IFNAR2	c14
0.00550139699364909	0.901045613534172	0.043	0.091	1	JMJD8	c14
0.00329930452561965	-0.900697163983812	0.012	0.047	1	TRAV27	c14
0.000754723635351909	0.900143475853945	0.092	0.181	1	RNF168	c14
0.00817928701915408	0.899982990944869	0.043	0.089	1	C5orf22	c14
0.0494265439324832	0.899970112005726	0.031	0.058	1	NOD1	c14
0.000208562282941742	0.899435131165894	0.185	0.339	1	HSPH1	c14
0.00265806273312146	0.899263095597604	0.04	0.092	1	TTC38	c14
0.0169582585201806	0.899260153467237	0.034	0.07	1	LTB4R2	c14
0.000259988654730527	0.899129591318685	0.108	0.212	1	SNX9	c14
0.0386522617000959	0.899065108736662	0.015	0.038	1	IQCG	c14
4.6162535166926e-05	0.898518528218444	0.234	0.427	1	ITGAE	c14
0.00985479140446026	0.898316058210753	0.083	0.145	1	ZNF143	c14
0.0530350069779599	0.898135439456007	0.003	0.017	1	EXTL2	c14
0.00877782775975532	0.898012446457968	0.037	0.079	1	ARMH3	c14
0.0298338761855165	0.89773426585412	0.32	0.527	1	ITGB7	c14
0.0703517584123444	0.897595016103176	0.022	0.043	1	HSPA14	c14
3.74223808834321e-05	0.896908020613443	0.148	0.294	1	RFC1	c14
0.000105908000806365	0.896801090272015	0.083	0.181	1	SLAIN2	c14
0.00547047272044617	-0.896445695184953	0.003	0.029	1	NMNAT1	c14
0.0016687866275831	0.896141617830165	0.055	0.118	1	RNF139-AS1	c14
0.000297270961601558	0.896021744764301	0.185	0.339	1	EPS15	c14
4.69914873588715e-05	0.895665367577513	0.142	0.282	1	PPM1M	c14
0.13381336648442	0.895612098427377	0.015	0.03	1	TMTC4	c14
0.00141753025163934	0.895607534803498	0.043	0.101	1	UTP14A	c14
0.0150153702318671	-0.895593876417527	0.006	0.029	1	ZNF599	c14
0.0861772157229734	0.895585371448979	0.003	0.015	1	SCARB1	c14
0.00244519231422808	0.89522404907371	0.086	0.161	1	LIMA1	c14
5.44885424082701e-05	-0.894929434715022	0.009	0.065	1	FDXR	c14
0.0472227662696094	0.894894550164983	0.228	0.344	1	CD55	c14
0.00566001879532615	0.894720278875063	0.058	0.114	1	RCOR1	c14
0.00413057640180652	0.894466967856143	0.145	0.247	1	ZNF721	c14
0.0119183241099413	0.894221365772828	0.034	0.072	1	SIK1B	c14
0.0211813208492114	0.893964877934986	0.018	0.046	1	DUS4L	c14
0.00188283762682991	0.89369295082963	0.074	0.145	1	DDX52	c14
0.18380567484385	0.893452780376056	0.012	0.024	1	DTX1	c14
0.000186833613914501	0.893426191883158	0.049	0.124	1	SMG5	c14
0.00123380102651682	0.893342310722407	0.114	0.21	1	GPS2	c14
0.0152163002403656	0.893210869652904	0.043	0.084	1	NUP205	c14
0.020402472444503	0.892641881556839	0.302	0.5	1	BCLAF1	c14
0.00157974412944429	0.892381351924182	0.022	0.067	1	CLUAP1	c14
3.83894432233777e-05	0.892278829623838	0.086	0.193	1	CCAR2	c14
0.0103339068747335	0.891618454880229	0.314	0.537	1	NAP1L4	c14
0.07718126065723	0.891506993175789	0.018	0.038	1	TTC12	c14
0.044907790667735	0.891466573530077	0.04	0.072	1	RNF170	c14
0.00981468816586033	0.891143682704919	0.052	0.1	1	CEP290	c14
0.00422578032182731	0.890851603523724	0.034	0.079	1	ZNF699	c14
0.0284622340737443	-0.890643491034515	0.003	0.02	1	IMPA2	c14
0.0365777682638171	0.890179806300822	0.012	0.034	1	ZSWIM9	c14
0.0624964541217102	-0.890032429792221	0.006	0.021	1	ZNF813	c14
0.0077271497498247	0.889778936018154	0.068	0.125	1	SYVN1	c14
0.000382586550632794	0.889620693710998	0.132	0.25	1	SDR39U1	c14
0.0712398460312524	0.889279163843045	0.025	0.047	1	UQCC1	c14
0.000937329519483846	0.889150721187388	0.095	0.184	1	MAPKAP1	c14
0.0206071685703361	-0.889018815616306	0.003	0.022	1	CCDC112	c14
0.0161866166456179	0.888855550233129	0.046	0.088	1	CPOX	c14
0.155362713302149	0.888806868859289	0.028	0.045	1	ZNF273	c14
5.79012129352889e-05	0.88860962190251	0.08	0.179	1	C5orf24	c14
0.0194909495981384	0.888309766843478	0.058	0.104	1	CBX7	c14
0.013683652375952	0.887957127281355	0.04	0.08	1	MUT	c14
0.306428525368362	0.887834581864492	0.025	0.036	1	TRAV35	c14
0.000494863340866268	0.887801201620533	0.055	0.126	1	CTDSPL2	c14
0.000764688872337137	0.887217205518261	0.169	0.301	1	NEDD9	c14
0.000135064382477794	0.887000103130438	0.105	0.214	1	TAPBPL	c14
0.00107750012419018	0.886844389649936	0.105	0.197	1	TMEM120A	c14
0.270876779817853	0.886452048682326	0.012	0.021	1	ALCAM	c14
0.000181417075277785	0.886054627027583	0.052	0.129	1	SBF1	c14
0.000549276731702767	0.885561110447308	0.052	0.121	1	METTL2B	c14
0.000115464069438892	0.885199672425578	0.092	0.195	1	PHKG2	c14
0.00503766129601774	0.885131707056754	0.058	0.115	1	PPTC7	c14
0.00425598043810803	0.885108072044821	0.089	0.162	1	PPIP5K2	c14
0.151899144350049	0.884983324455216	0.012	0.025	1	MORC2	c14
0.0239580010391151	0.884574333988048	0.046	0.085	1	NAA35	c14
0.0118533927534274	0.884535834381103	0.043	0.085	1	TRGV7	c14
0.00376932209172376	0.883990260459778	0.338	0.601	1	RNASET2	c14
0.00407403177195147	0.883788510920837	0.086	0.157	1	NOP2	c14
0.0170472657275912	0.88350599093424	0.025	0.057	1	TTC21B	c14
0.00996768166668314	0.883374043384389	0.028	0.065	1	ATAD3A	c14
0.0709126276865392	0.88314233961927	0.025	0.047	1	AFAP1	c14
0.207114459426627	0.882420255701604	0.018	0.031	1	ZNF527	c14
8.36843155220184e-05	0.882380864249594	0.086	0.187	1	ERCC3	c14
0.00257890451693213	0.881822774851477	0.043	0.096	1	SNAPC3	c14
0.273043326498125	0.881598851683417	0.009	0.017	1	AL512625.3	c14
0.0928610189849708	0.881480013760358	0.018	0.037	1	FICD	c14
0.00255587349230428	-0.881231888640306	0.006	0.039	1	AP002360.1	c14
0.00274841548157741	0.880914302056088	0.062	0.124	1	KIAA0232	c14
0.000327105831768535	0.880870415227458	0.065	0.144	1	MSL2	c14
0.000429560306618716	0.880772883078761	0.163	0.297	1	BCL2	c14
0.000640376766195167	0.880556396859594	0.062	0.134	1	SLC25A26	c14
0.00158796733644593	0.880543612906469	0.065	0.132	1	ZDHHC7	c14
0.221468962241827	0.880423831487272	0.003	0.01	1	NTRK1	c14
0.000853400545631881	0.880142872784057	0.052	0.118	1	MOB2	c14
0.0173450310254448	-0.879948333514644	0.006	0.028	1	ZNF416	c14
0.00976987849886092	0.879712883198346	0.058	0.11	1	P2RY11	c14
0.0986977361336344	0.879547372234043	0.015	0.032	1	EMILIN2	c14
0.0457518262077747	-0.87945851168663	0.003	0.018	1	ZNF30	c14
0.124370736134016	0.87933967032266	0.012	0.026	1	ZRANB3	c14
0.0040113565031108	0.879265601622794	0.292	0.513	1	SCAF11	c14
0.00164253595628338	0.879263690070971	0.083	0.16	1	TBP	c14
6.48438931775923e-05	0.87905155575634	0.16	0.309	1	BBX	c14
0.000678585152827693	0.878965726113387	0.157	0.285	1	HK1	c14
0.194350005348432	0.878545120711819	0.025	0.04	1	SDC4	c14
0.00306777917404267	0.87825901304646	0.062	0.123	1	OXR1	c14
0.115029012119489	0.878170872068604	0.012	0.027	1	STPG1	c14
0.167862171170228	0.878061584012552	0.012	0.024	1	C3orf33	c14
0.000432549336127365	0.878010348384485	0.132	0.248	1	PRRC2A	c14
0.000434003340106913	-0.87768479058351	0.015	0.064	1	NSDHL	c14
0.00463417669626117	0.877335532530705	0.025	0.065	1	TIPIN	c14
0.00323325995971489	0.877291252199089	0.049	0.104	1	FAHD2B	c14
7.07582734833973e-05	0.877228028935125	0.2	0.38	1	ZBTB38	c14
0.393104182548518	0.877081239318518	0.018	0.027	1	KBTBD6	c14
0.00336238210548863	0.876975240893145	0.052	0.109	1	IPO9	c14
0.0169739584714536	0.876615612366954	0.025	0.057	1	FASTKD3	c14
0.242558027433931	0.876476759002959	0.022	0.034	1	FGL2	c14
0.101881446192554	0.876430445397231	0.022	0.04	1	AP5B1	c14
0.026214070534025	0.876253880445108	0.034	0.067	1	IQSEC1	c14
5.44380750829953e-05	0.876217348410465	0.098	0.21	1	TAF11	c14
0.0528431351749229	0.876209396983646	0.025	0.049	1	NEIL2	c14
0.0111265512572448	0.875876182631527	0.034	0.073	1	NAXD	c14
6.44545555024745e-05	0.875781167102454	0.098	0.209	1	ATP6V1H	c14
0.00455055302239994	0.875754024516395	0.031	0.074	1	SQLE	c14
0.00229433380671021	0.87570723933827	0.034	0.083	1	CHUK	c14
0.000714461526757307	0.875669238869062	0.117	0.22	1	CCDC186	c14
0.092024381306707	0.875248246649167	0.163	0.23	1	TNFRSF4	c14
0.000636741768117	0.875200475315177	0.046	0.111	1	CAMTA2	c14
8.68665544527981e-05	0.874646734911179	0.169	0.325	1	GIT2	c14
0.00371031731146366	0.874422511234079	0.04	0.09	1	DIS3L	c14
0.0022460407877195	0.874018697447236	0.314	0.554	1	EMB	c14
0.00170066564868558	0.873799713024373	0.052	0.113	1	MCM7	c14
0.0135430292246568	0.873706339054277	0.049	0.094	1	CCDC127	c14
0.036115569207257	0.87354505668641	0.031	0.06	1	LIPT1	c14
0.0046338112380743	0.872989419007929	0.037	0.083	1	DYRK1B	c14
0.000630967472458982	0.872959254389371	0.034	0.092	1	GPALPP1	c14
0.000475525298214511	0.872958565568864	0.095	0.189	1	ATF2	c14
0.000144811847482621	0.872907690725198	0.142	0.274	1	NBR1	c14
7.64222915924147e-05	0.872653618772951	0.077	0.173	1	CHFR	c14
0.000426094274894116	0.872462722225921	0.258	0.469	1	MGAT4A	c14
0.115367161492893	-0.872088815957019	0.003	0.013	1	RASGEF1A	c14
0.0003295615970767	0.872086754737264	0.062	0.139	1	CPSF1	c14
0.0473899582347155	0.872013971110244	0.028	0.054	1	B3GLCT	c14
0.00935809141328177	0.871999612370678	0.012	0.042	1	ZNF773	c14
7.82857701660776e-05	0.871601548773119	0.098	0.208	1	DALRD3	c14
5.25614475463987e-05	0.871530514993351	0.126	0.255	1	CABIN1	c14
0.134572052751625	0.871468341894007	0.003	0.012	1	GPR19	c14
0.0134726224408853	0.871383212497939	0.031	0.067	1	ACADSB	c14
0.0341688547589776	0.87109121568274	0.012	0.034	1	PLPP6	c14
0.0506691333737426	0.871047044571504	0.012	0.032	1	DPYSL2	c14
0.0111790541060661	0.870671959154122	0.012	0.041	1	BRCA2	c14
0.000501871486793821	0.869640983410322	0.218	0.392	1	RAB8B	c14
0.00101687166265316	-0.869493671768809	0.009	0.049	1	KHK	c14
0.0842843868814468	0.869372965060073	0.049	0.079	1	PLCD1	c14
0.00534496986521459	0.86899475775337	0.034	0.078	1	VPS50	c14
0.00037741879138074	0.868668824356376	0.083	0.171	1	R3HDM2	c14
0.0438992661551023	0.868475187587516	0.037	0.067	1	RETSAT	c14
0.970861892737503	0.868382288700629	0.418	0.633	1	PRKCH	c14
0.00134139528883127	0.86831976013979	0.065	0.134	1	CSNK1G3	c14
0.00236023201238116	0.867930507653855	0.034	0.083	1	USP19	c14
0.00794084314939512	0.86779414145614	0.028	0.066	1	C11orf71	c14
0.0246818848446895	0.867627800689317	0.034	0.067	1	CPT2	c14
0.00913930310220957	0.867332070069973	0.068	0.123	1	TCHP	c14
0.00062151998697236	0.867247526717432	0.135	0.251	1	CDS2	c14
0.00131303339084423	0.867024847821669	0.117	0.214	1	AKT2	c14
0.0733872042646218	0.866623194813247	0.012	0.029	1	HIST1H4H	c14
0.00875006664989352	0.866433469727654	0.018	0.052	1	ANKRD35	c14
0.000131334893658496	0.866393041756972	0.191	0.355	1	DNAJC1	c14
0.0156603141821133	0.865832827595104	0.046	0.088	1	USF1	c14
0.00545607236594702	0.865634113619314	0.018	0.054	1	ZNF526	c14
0.0261845820429978	0.865589104472448	0.022	0.049	1	AMMECR1L	c14
0.0115863045521197	0.865187024798755	0.012	0.04	1	USP13	c14
0.0210092057929138	0.865135205233246	0.043	0.082	1	P3H1	c14
0.275754608170409	0.865123231219122	0.052	0.069	1	TRAV9-2	c14
0.00208614495793726	0.865003213084439	0.031	0.079	1	SMAD5	c14
5.56686021826455e-05	0.864753289860419	0.111	0.23	1	CCDC174	c14
0.201177832489122	0.864460093882998	0.009	0.019	1	C5orf17	c14
0.00321447027750682	0.863979884719836	0.089	0.164	1	RMDN3	c14
0.0155095446637568	0.863495582146523	0.114	0.185	1	SLC16A3	c14
0.000490119118037549	0.863490382648955	0.114	0.217	1	RNF214	c14
0.338834018027753	0.86234637031706	0.382	0.613	1	OTUB1	c14
0.0120262432949853	0.862149625580994	0.031	0.068	1	PRR12	c14
8.3140964633036e-05	0.86193155121957	0.102	0.212	1	STX4	c14
0.106466105951591	0.861756753261848	0.031	0.052	1	ZNF687	c14
0.000451266699973751	0.860826022046705	0.068	0.146	1	DOCK11	c14
0.0825986078633216	0.86082497575766	0.003	0.015	1	LRRC20	c14
0.627411893346591	0.860748228073661	0.012	0.016	1	ZNF35	c14
0.00816774163220272	0.860600537519881	0.012	0.042	1	ZNF559	c14
0.00255969306927683	0.860387553263958	0.092	0.169	1	HLA-DQB1	c14
0.282918270137082	0.860280925071617	0.012	0.021	1	IFT172	c14
0.0576140687238077	0.859894026341366	0.034	0.061	1	GALE	c14
9.53620018333788e-05	0.859827521856731	0.058	0.142	1	ZCCHC9	c14
0.126588689039049	0.859800989081661	0.015	0.03	1	PRRT3	c14
0.0930528528855973	0.859308440576481	0.015	0.032	1	ZNF839	c14
0.0136108890307085	0.859205175508961	0.062	0.111	1	TFDP2	c14
0.00204029520842512	0.859035172744724	0.132	0.234	1	EBLN3P	c14
0.0781568971170398	0.858325409802629	0.015	0.033	1	SMARCD3	c14
0.010694982396636	0.858283661815287	0.049	0.095	1	NDUFAF7	c14
0.00956855908011854	0.858250465438708	0.046	0.092	1	RNASEL	c14
0.0200388955676838	0.85674724003734	0.028	0.06	1	ANKAR	c14
0.201967784063422	0.856554584579201	0.006	0.015	1	CCNJ	c14
0.00227074639134917	0.856251567857333	0.015	0.055	1	DONSON	c14
5.33248569137455e-05	-0.855418299779538	0.006	0.06	1	HOMEZ	c14
0.00195852274286546	0.855251908974198	0.025	0.07	1	ATG10	c14
0.126255184163091	0.854944109012724	0.022	0.039	1	WDR4	c14
0.00152891457735933	0.854875477961437	0.114	0.208	1	FAF1	c14
0.00542091590879089	0.854635921622751	0.034	0.078	1	FBXO4	c14
0.000327383866478773	0.854376908596357	0.04	0.105	1	KHSRP	c14
0.00147998267003945	0.854153514841747	0.068	0.138	1	TTC37	c14
0.00612314003136971	0.85376555565386	0.04	0.086	1	ZC3HC1	c14
0.0197980240988987	0.853713693329587	0.034	0.069	1	ZNF611	c14
0.000961292628137725	0.853667935477119	0.015	0.06	1	RRP36	c14
0.15321948001295	0.853660149783135	0.006	0.016	1	AL034549.1	c14
0.000213050102375019	0.853313511901243	0.135	0.258	1	FAM208A	c14
0.0427357997310748	0.853284875616127	0.363	0.622	1	TECR	c14
0.496441732781595	0.852992877945831	0.009	0.014	1	CDAN1	c14
0.0279790380811126	0.852457178274809	0.022	0.049	1	PGM3	c14
0.00155437438392052	0.852194423355868	0.031	0.081	1	JMJD4	c14
0.00140091264879281	0.852031404954227	0.031	0.082	1	MYPOP	c14
0.053145075263494	0.851999987246398	0.028	0.053	1	IRF5	c14
0.0036471449631779	0.851647213027532	0.111	0.196	1	LRPPRC	c14
0.281130764766169	0.851476701169353	0.018	0.029	1	UHRF1BP1	c14
0.0459785825322402	-0.851256025683935	0.003	0.018	1	TSPAN2	c14
0.00258338558500542	0.850773971907336	0.218	0.374	1	GLUD1	c14
0.0114626955410569	-0.8503481012458	0.009	0.035	1	FKBPL	c14
0.0089116813851562	0.850192271224861	0.077	0.136	1	WAC-AS1	c14
0.420962517333823	0.849919667761369	0.009	0.015	1	ZNF57	c14
0.000125390124003707	0.849540658696759	0.095	0.199	1	AGO2	c14
0.0132123724224555	0.849409809679264	0.043	0.085	1	SIN3B	c14
0.0209785163995847	0.849105521063898	0.018	0.046	1	SARDH	c14
0.000946086838666941	0.849105487451538	0.034	0.089	1	PAAF1	c14
3.68708030087426e-05	0.848553386060338	0.111	0.233	1	CRYBG1	c14
0.9893179176485	0.848538195410612	0.012	0.013	1	BAIAP3	c14
0.000159382245276932	-0.848018289474872	0.015	0.07	1	CENPV	c14
0.00100447835427709	0.847858581523454	0.062	0.131	1	FAM78A	c14
0.300178531537518	0.847652638702217	0.046	0.061	1	TRBV7-9	c14
0.000163839136281748	0.847439832265311	0.24	0.448	1	TIAL1	c14
0.0141478457960435	0.84738088127248	0.04	0.08	1	DDX20	c14
0.000532525277573341	0.847265940002484	0.157	0.278	1	GPR15	c14
0.00220060113106368	0.847121770249813	0.015	0.055	1	ZFP62	c14
0.0187275766746696	0.846724815593284	0.046	0.087	1	HECTD3	c14
0.0320714655531425	0.846407368251783	0.018	0.044	1	LIN7B	c14
0.000141658925397975	0.846075353616775	0.169	0.319	1	CEBPZ	c14
0.276105431522478	0.845829021076018	0.009	0.017	1	LACC1	c14
0.00721126188721013	0.845530458804873	0.04	0.085	1	GCFC2	c14
0.00402499892506435	0.845188841872414	0.022	0.061	1	TENT4B	c14
0.000218357141163447	0.844928767264031	0.052	0.127	1	MOGS	c14
0.0109743163410249	0.844834573808915	0.237	0.385	1	CCDC69	c14
9.24336627137449e-05	0.843753574096068	0.135	0.265	1	TCERG1	c14
0.16979925182178	0.843338703654249	0.003	0.011	1	ESPN	c14
0.100477056260231	0.84331038314434	0.015	0.032	1	IRAK2	c14
0.119057890628495	-0.842861184922494	0.003	0.013	1	C1orf198	c14
0.0810808784802656	-0.842710066618884	0.006	0.02	1	CFAP54	c14
0.15164152562138	0.842673589421908	0.028	0.046	1	CDKL1	c14
4.91739274270304e-05	0.842515397947485	0.074	0.171	1	CRTC2	c14
0.00418565113270939	0.842438270119847	0.563	0.766	1	MYH9	c14
0.00124039394573301	0.842281000146121	0.049	0.111	1	PXK	c14
0.12125550913152	0.842249432462203	0.009	0.022	1	KIAA1841	c14
0.00294786878732007	0.841765044481557	0.058	0.118	1	SMG9	c14
0.00576187415076456	0.841682181388279	0.049	0.1	1	RAB3IP	c14
0.0141483009069619	0.84146181379382	0.065	0.116	1	POGLUT1	c14
0.00125047240863796	0.841358761862998	0.108	0.2	1	GATAD2A	c14
0.186413386561661	0.840633402582755	0.009	0.02	1	CCDC136	c14
0.20928162791472	0.840419653327882	0.015	0.027	1	ZNF525	c14
4.13207603576006e-05	-0.840002374561879	0.012	0.072	1	FHL1	c14
0.193804527121451	0.83986897060493	0.015	0.028	1	COL6A2	c14
0.00123402223534222	0.839697029165506	0.062	0.13	1	BROX	c14
4.56371425243227e-05	0.839498166232205	0.065	0.157	1	TCTN3	c14
0.0203098220636104	0.839430452105645	0.049	0.09	1	NUDT9	c14
0.000154445565453742	0.839371630054982	0.252	0.465	1	STAT4	c14
0.0365553967542147	0.838904710072084	0.074	0.12	1	ANKRA2	c14
0.754125445896274	0.838791020161529	0.015	0.018	1	LILRB1	c14
0.00972362221660896	0.838625275324388	0.034	0.074	1	ATRIP	c14
0.00137087209388605	-0.838503992189069	0.009	0.047	1	TMOD2	c14
0.00174524885682841	0.838442488066246	0.012	0.051	1	TIMELESS	c14
0.0150290470632361	0.837923290398875	0.025	0.057	1	POT1	c14
0.0386964298134705	0.837863559732736	0.015	0.038	1	OSER1-DT	c14
3.65125173137987e-05	0.83782114435218	0.105	0.224	1	ZNF106	c14
0.000430399692977548	0.837010368595233	0.037	0.099	1	NARFL	c14
0.000377099761620439	0.836889064900926	0.086	0.176	1	DESI2	c14
0.00845422038169269	0.836683901814621	0.058	0.11	1	POC5	c14
5.56975561029993e-05	0.836616405321527	0.068	0.161	1	PTEN	c14
0.0797306636545623	-0.836488029108037	0.003	0.015	1	TRBJ2-1	c14
0.00418196439473668	0.836473840023906	0.043	0.093	1	DHRS13	c14
0.000536969604154523	0.836220851609596	0.052	0.121	1	FRA10AC1	c14
0.00247710524020308	0.836189087951195	0.071	0.138	1	KCTD13	c14
0.0597825454841099	-0.834907005215592	0.003	0.016	1	PIANP	c14
0.000116478561024944	0.834698853578977	0.092	0.194	1	FAM136A	c14
0.000501811413782493	0.834633197882279	0.089	0.179	1	LATS1	c14
0.0683463041681927	0.834406966671729	0.012	0.03	1	FPGT	c14
0.000226614943843704	0.834314034696771	0.129	0.249	1	KLHDC2	c14
0.0153989437133654	0.83424786985416	0.022	0.053	1	PSKH1	c14
0.459446508667194	0.833615917939678	0.508	0.764	1	SEPT6	c14
0.00199164306624632	0.833326854130898	0.345	0.61	1	IDS	c14
0.000438348429747024	0.833101712133102	0.228	0.409	1	JAML	c14
0.00383644248568273	0.832663694502863	0.043	0.094	1	FAM160A2	c14
0.00184960131613942	0.832556097755651	0.098	0.183	1	CDK9	c14
0.18988329778806	0.832504719806133	0.025	0.04	1	DHX35	c14
0.000436935079401045	0.832444211902386	0.052	0.123	1	AGPS	c14
0.00019579406694531	0.832416181224705	0.129	0.25	1	UPF3A	c14
0.0440982693656284	0.832401615524827	0.015	0.037	1	RNF157	c14
0.075519424445234	0.832323233733919	0.018	0.038	1	AC007383.2	c14
0.0111051161493493	0.832114156633736	0.046	0.091	1	KIAA0586	c14
0.00052545784465968	0.831895335671783	0.062	0.136	1	TRIM13	c14
0.00853178719616973	0.831720088999877	0.049	0.097	1	PGGT1B	c14
0.182274933522649	0.831675195751373	0.009	0.02	1	DMTN	c14
8.26420113390912e-05	0.831507454406497	0.058	0.143	1	KIF21B	c14
4.42187734807031e-05	0.831462083717574	0.074	0.172	1	AGA	c14
0.000143725379910587	0.831420115635018	0.117	0.233	1	PPP2R3C	c14
0.000141028861221498	0.830752772567311	0.08	0.174	1	VGLL4	c14
0.20056598291693	0.830738429304613	0.015	0.027	1	MAFIP	c14
0.0690017677477264	0.830669332011817	0.022	0.043	1	MTHFSD	c14
0.0156744793057161	-0.83062811827994	0.006	0.029	1	AL662899.2	c14
0.0295100490611963	-0.830544898414266	0.006	0.025	1	STAP1	c14
0.453580738828607	0.830259645963331	0.006	0.01	1	CAPS2	c14
0.035477921982157	-0.830174720594947	0.003	0.019	1	FUT4	c14
0.00569407286402934	0.830094079558931	0.034	0.077	1	TMEM65	c14
0.000110188679465707	0.8300594933746	0.228	0.428	1	TSEN54	c14
3.64509267390231e-05	0.83001465229773	0.077	0.178	1	ABCB1	c14
0.000246105391035905	0.829849573553414	0.089	0.183	1	DDX3Y	c14
0.108701589058778	0.829746157651506	0.018	0.036	1	PMEPA1	c14
0.00387294013278999	-0.829673292859662	0.009	0.042	1	ZNF626	c14
0.332853575925395	0.829627845975598	0.012	0.02	1	PTPDC1	c14
0.000190597177768504	0.829445711404397	0.194	0.358	1	DNMT1	c14
0.0441162074642308	0.829214102222059	0.009	0.028	1	C21orf62-AS1	c14
0.0043778954272371	0.828949551767706	0.046	0.097	1	RARS2	c14
0.000824097427586826	0.828834141423094	0.08	0.161	1	HIVEP2	c14
0.032931914453286	-0.828750269473362	0.003	0.02	1	HILPDA	c14
0.00645931487514198	0.828458289674058	0.025	0.063	1	FAM193A	c14
0.00879472547018802	0.827833078590666	0.292	0.496	1	SRPRA	c14
0.132097176251193	0.827457670490478	0.009	0.022	1	NRL	c14
0.00137825701886693	0.826646318619757	0.018	0.063	1	ECI1	c14
0.00117521617100166	0.826615687477391	0.046	0.107	1	C11orf54	c14
0.0471615339073601	0.826478274000006	0.025	0.05	1	CCDC85C	c14
0.000189331923870242	0.826265182845905	0.258	0.476	1	SEPT2	c14
0.00014876467308518	0.825791216556791	0.102	0.207	1	OTULINL	c14
0.201981879710838	0.825778247076767	0.006	0.015	1	FAM72A	c14
0.000157716344901788	0.825634503474312	0.058	0.139	1	LUZP1	c14
0.0536129336996641	0.824976986117246	0.025	0.049	1	ZNF691	c14
0.00388603396338489	0.824620220621199	0.015	0.052	1	ATAD5	c14
0.00136543895110588	0.824391877106013	0.092	0.176	1	ZNF410	c14
0.132889932514434	0.824298864036733	0.006	0.017	1	AL121832.2	c14
0.0154637599462111	0.824017503474918	0.049	0.092	1	HPS5	c14
0.0013444505151717	0.823631030797574	0.062	0.129	1	CSE1L	c14
0.198723676898077	0.823628032966607	0.009	0.019	1	CSGALNACT1	c14
0.13566521288702	0.823604589683378	0.012	0.026	1	JRKL	c14
0.0167812479217663	0.823556951418878	0.049	0.092	1	NPRL3	c14
0.000968532910232354	0.823367740234124	0.055	0.122	1	TSPOAP1-AS1	c14
0.00266661043984549	0.823296831623461	0.071	0.138	1	YTHDF3	c14
0.000858883748638627	0.823284188568163	0.271	0.484	1	CSNK1A1	c14
0.077157022106944	-0.823271730846084	0.003	0.015	1	NOXA1	c14
0.106327456775765	0.823271008748588	0.04	0.064	1	SYNGAP1	c14
0.00434807889034405	0.8225193550158	0.043	0.093	1	SNRNP48	c14
0.239081951920621	0.822146818662943	0.025	0.038	1	SLC29A3	c14
8.34065910656508e-05	0.821881932845596	0.095	0.203	1	UNC45A	c14
0.204149344841744	0.821798938621324	0.009	0.019	1	AC008438.1	c14
0.0221228128745141	0.821634885024483	0.012	0.037	1	SSH3	c14
0.000167172877686152	0.821349194012725	0.037	0.105	1	EMSY	c14
0.273463248029495	0.821189198067379	0.009	0.017	1	AL606807.1	c14
0.0964369011430224	0.821185240695115	0.009	0.023	1	SLC33A1	c14
0.000525651345047768	0.821098344260617	0.071	0.15	1	RMND5A	c14
4.00464103477954e-05	0.820105573865498	0.234	0.441	1	TMX4	c14
0.00123121379092568	0.820045584986593	0.28	0.5	1	PPP1R12A	c14
0.043057984300073	0.819949708561085	0.049	0.084	1	MOSPD2	c14
0.0022194400585918	0.819874061639573	0.068	0.134	1	CHAMP1	c14
0.00641325061313762	-0.819771878559006	0.006	0.034	1	SGO1	c14
0.895729898763003	0.819704123195197	0.04	0.039	1	KIR3DL2	c14
0.00174968312851707	0.819520067295189	0.052	0.113	1	TGDS	c14
0.00697226730349216	0.81882906949697	0.055	0.107	1	TRAF6	c14
0.000143189885396183	0.818825308844975	0.065	0.15	1	MACO1	c14
0.0540778246399465	0.818540937574829	0.003	0.017	1	RECQL4	c14
0.000867557846810409	0.818519781036898	0.055	0.123	1	OXSR1	c14
6.41286961167644e-05	-0.818448127320587	0.009	0.064	1	CENPN	c14
0.0402672709149736	0.8182449647697	0.015	0.038	1	PIK3R3	c14
0.000512276779115839	0.818230998945418	0.092	0.184	1	ZRSR2	c14
0.0751801116790493	0.81816666011293	0.025	0.047	1	ERLIN2	c14
0.00080378886640253	0.817543499066719	0.185	0.33	1	STAG2	c14
0.149730155848989	0.817459751011212	0.068	0.097	1	ARRDC3	c14
0.000165308578255485	0.817263314404418	0.04	0.11	1	C16orf72	c14
0.00940839200686128	0.817111769413139	0.055	0.105	1	TMEM185B	c14
0.00107775635646631	0.816813055934994	0.092	0.177	1	TRAPPC12	c14
0.00775212648505936	0.816584405152155	0.037	0.08	1	RCL1	c14
0.00317793025140738	0.816158853071581	0.006	0.037	1	BRCA1	c14
0.314641710196821	0.816050233267227	0.018	0.028	1	SYNGR1	c14
0.0283956972740986	0.815627963547611	0.003	0.02	1	VCAM1	c14
0.000790360577593234	0.815158028831378	0.04	0.1	1	GOSR2	c14
0.00496840402650621	0.815156686255464	0.089	0.16	1	MAN2B2	c14
0.38510045906463	0.815049082883796	0.015	0.023	1	AC106791.1	c14
0.0191381398931299	0.814818717816942	0.025	0.056	1	TMEM8A	c14
0.0461107601274049	0.814517917430235	0.018	0.041	1	ABHD6	c14
0.0326737515390981	0.814151139147558	0.025	0.052	1	AVPI1	c14
0.00242734043081075	0.813757461587608	0.052	0.111	1	SHMT1	c14
0.00206324606027551	0.813575631003591	0.062	0.126	1	PDE12	c14
0.000301541935861609	0.813502532159098	0.178	0.328	1	DDX50	c14
0.00399559799673464	0.813370934439832	0.025	0.066	1	IPO13	c14
0.000396575866413627	0.812482089213146	0.058	0.133	1	APPBP2	c14
0.000998825429168206	0.812349122280345	0.12	0.221	1	IGSF8	c14
0.000748418406148045	0.812282596921024	0.111	0.209	1	TRIM4	c14
0.0687133218396774	0.81225348411739	0.025	0.047	1	UBOX5	c14
0.000192673390807484	0.811629654895849	0.129	0.25	1	ZNFX1	c14
0.000439636297225518	0.811509390955046	0.058	0.132	1	ATAD2	c14
0.000308633230150324	0.811204874442579	0.212	0.386	1	SLC44A2	c14
0.0227054961674	0.811039321193936	0.031	0.064	1	RAB30-AS1	c14
0.00200179060071489	0.810988115522973	0.062	0.126	1	CRK	c14
0.0680082753615112	0.810897337985248	0.025	0.047	1	SLC25A15	c14
0.409254758418416	0.809699221996536	0.009	0.015	1	AP004609.3	c14
0.0151807812879879	0.808751399514058	0.018	0.048	1	THAP8	c14
0.00310317264442594	0.808562048792441	0.095	0.174	1	IL18R1	c14
0.0443436203529027	0.808261672878058	0.028	0.054	1	CCDC77	c14
0.0623010239118467	0.808025903883248	0.415	0.69	1	HNRNPU	c14
7.22004154550112e-05	0.807943783691254	0.098	0.207	1	NIT2	c14
0.000252259315835396	0.807850516901044	0.191	0.353	1	CTSA	c14
0.00708647031377824	-0.80750351906952	0.006	0.033	1	FXR2	c14
0.323221716162343	0.807453583621338	0.009	0.016	1	ZBTB42	c14
0.0017986832140098	0.807078193331923	0.089	0.169	1	GALK1	c14
0.00223735074367881	0.806985800327333	0.04	0.093	1	EPHA1	c14
0.211355224530365	0.806660955652953	0.006	0.015	1	ZNF283	c14
0.216272412416424	0.806182812232605	0.003	0.01	1	AC073389.1	c14
0.00107846733208718	0.806007670663221	0.071	0.145	1	GCDH	c14
0.02797380831321	-0.806001545250923	0.018	0.044	1	TRBV2	c14
6.31604696805413e-05	0.805896202659182	0.172	0.33	1	SNHG12	c14
0.0558983173762269	-0.805374024350342	0.003	0.017	1	TRIM61	c14
0.00657435426221952	0.805284859239855	0.031	0.072	1	SLC25A16	c14
0.000109141817596388	0.805046283192914	0.043	0.117	1	ZNF326	c14
0.00137161880227048	0.804444616721478	0.049	0.11	1	KLF9	c14
0.000361710069882097	0.803075414292548	0.049	0.119	1	GOLGA5	c14
0.796133718531699	0.802373809987702	0.486	0.757	1	CD247	c14
0.0467316061762186	0.802152620450499	0.009	0.028	1	AP005482.1	c14
3.83412747251955e-05	0.801895685991846	0.148	0.296	1	ACO2	c14
0.000394223410205532	0.801686012533414	0.074	0.157	1	ZNF770	c14
6.59493819426844e-05	0.801433857398493	0.058	0.145	1	BCL2L13	c14
0.00514201825296847	0.801232240150102	0.046	0.097	1	MIOS	c14
0.000384606466227932	0.801203793377788	0.052	0.124	1	ZMAT3	c14
0.000137945632872725	0.800295618443976	0.175	0.331	1	CYB561D2	c14
0.054786846550921	0.800024200568431	0.022	0.044	1	SETD7	c14
7.14833113859793e-05	0.799331634994529	0.157	0.304	1	SRPK2	c14
0.00908434188985827	0.798235910774537	0.018	0.051	1	LINC02361	c14
0.0132661481597962	0.797735617085634	0.012	0.04	1	TSGA10	c14
0.0016871498228428	0.797154363874213	0.283	0.498	1	CANX	c14
0.0449315633422588	0.797103457186487	0.009	0.028	1	CASZ1	c14
0.211817504875738	0.796995694159421	0.003	0.01	1	AC004889.1	c14
0.000154272733066728	0.796919721863089	0.258	0.481	1	ELOVL5	c14
0.00131217049251411	0.796826886988852	0.135	0.244	1	CLPTM1	c14
0.07232981427527	0.796729942486824	0.049	0.08	1	NMUR1	c14
0.0198295994719636	0.796618436195654	0.289	0.477	1	HM13	c14
0.0226531011057457	0.796336265149197	0.034	0.068	1	TXNL4B	c14
0.0133915789371211	0.796232728005312	0.009	0.035	1	FBXO45	c14
0.0498109169802654	0.796117222720573	0.018	0.041	1	SLC41A1	c14
0.00447906488442848	0.795835404032149	0.025	0.065	1	SLC25A43	c14
0.394896989016445	0.79581340117641	0.006	0.011	1	AC022182.1	c14
0.123549138419614	0.795744289572525	0.018	0.035	1	CHEK2	c14
0.132916282948941	0.795602432746064	0.034	0.054	1	FAM234A	c14
0.00336649860275684	0.795488097869266	0.065	0.127	1	QSOX1	c14
0.000100200117832467	0.79545620002069	0.046	0.123	1	GTF2H3	c14
0.0213038669823212	0.795195612601383	0.012	0.037	1	ZKSCAN5	c14
0.720549896874534	0.7947358028297	0.255	0.313	1	KLRD1	c14
0.151751591937326	0.79458056164396	0.018	0.033	1	PPP1R16A	c14
0.000591379605858801	0.794463596201903	0.086	0.172	1	ELAC2	c14
0.000448437587961527	0.79429160601499	0.058	0.132	1	SKAP2	c14
0.106152899282779	0.793860480986179	0.012	0.027	1	THNSL1	c14
3.54601752474219e-05	0.793668421344234	0.095	0.209	1	F2R	c14
0.504951782116903	-0.793047565846702	0.006	0.01	1	TRBV25-1	c14
0.0297663005120563	0.793042103611855	0.04	0.075	1	ZDHHC18	c14
0.063129627705121	0.792447908456946	0.015	0.035	1	NKRF	c14
0.00712564864867237	0.792347091536111	0.222	0.366	1	CTSS	c14
0.0130454912736745	0.791915758765721	0.022	0.054	1	RIPOR1	c14
0.000119394839853745	0.79165617372481	0.086	0.185	1	EIF2B5	c14
0.131456328030155	0.791060515517124	0.046	0.069	1	TRBV5-1	c14
0.184003947807651	0.790861720354722	0.012	0.024	1	PHLPP2	c14
0.000283934550510483	0.790616920804124	0.145	0.27	1	ZC3H13	c14
0.242229087884587	0.790119438429063	0.028	0.042	1	TRGC1	c14
8.95265270879566e-05	0.790074371325231	0.129	0.257	1	ILKAP	c14
0.00039385375182843	-0.789961144185495	0.006	0.049	1	ZNF628	c14
0.000107339617188138	0.789789795240789	0.138	0.271	1	DHX9	c14
0.0548771224905446	0.789617644470036	0.028	0.053	1	DHX37	c14
0.000716003560299137	0.78929572340914	0.071	0.148	1	PUS7L	c14
0.000273867362007104	0.789039237787611	0.052	0.126	1	LNPK	c14
4.61145467764722e-05	-0.788914176877123	0.015	0.077	1	SLC35C1	c14
0.217053843399687	0.788868168160664	0.382	0.595	1	NR3C1	c14
0.00106302353486809	-0.788802759595872	0.009	0.049	1	TPX2	c14
0.00259032542143853	-0.788355996262248	0.006	0.039	1	MINCR	c14
0.0114970257234775	0.788352334389103	0.022	0.055	1	TRIOBP	c14
0.00570087110519488	0.788154689781016	0.031	0.073	1	DDX47	c14
0.000569134876563607	0.78772027275478	0.086	0.172	1	HIST1H1C	c14
0.000364037385730108	0.78708340586121	0.065	0.143	1	MBD6	c14
0.000448694755816167	0.786393037602145	0.157	0.288	1	MTERF4	c14
0.00568391568072738	0.786094014175325	0.006	0.034	1	ST3GAL4	c14
0.0128342825544377	0.78602886802386	0.046	0.09	1	SFXN4	c14
9.54321405811586e-05	0.785883909750199	0.043	0.118	1	METTL16	c14
0.000121161797763206	0.785766694506823	0.062	0.146	1	VRK2	c14
0.000672140374056895	0.785667696432769	0.049	0.115	1	PHRF1	c14
0.0440127545492313	0.785424714922212	0.375	0.622	1	SELPLG	c14
0.0236906564132909	0.785220901556947	0.068	0.115	1	ZNF92	c14
8.14661561757227e-05	0.784328735875824	0.089	0.192	1	ACBD6	c14
4.48744474747739e-05	0.784133150043192	0.071	0.167	1	NOP14	c14
0.137474132144057	0.784100361451083	0.009	0.021	1	PPP1R13L	c14
0.0484750236542037	0.784033561328197	0.037	0.066	1	ZNF398	c14
6.94376579628003e-05	0.783832926487059	0.058	0.144	1	CRCP	c14
9.35592825088789e-05	0.783658787242839	0.055	0.138	1	BMS1	c14
0.148153011708042	0.783225647036029	0.009	0.021	1	KHDC1	c14
0.295884565073259	0.78306432162436	0.006	0.013	1	USP44	c14
0.0138822722404454	-0.782938961320277	0.003	0.024	1	TENT5A	c14
0.00404918566719019	0.782929961776687	0.022	0.061	1	RP2	c14
0.00326944822505502	0.782869662017255	0.046	0.099	1	KDM3A	c14
0.000218099628419653	0.782574240323552	0.055	0.132	1	EPS15L1	c14
0.895798706404759	0.782362454069546	0.012	0.013	1	KIR2DL3	c14
0.00126853372488547	0.782088034241952	0.277	0.488	1	CDC42SE1	c14
0.0214522523776858	0.781942150505652	0.031	0.064	1	ASB7	c14
0.0248725110996184	0.781780530450841	0.034	0.067	1	NAB2	c14
0.0151583577941929	0.781711311146871	0.031	0.066	1	SSFA2	c14
0.0630071249187101	0.781391179810671	0.009	0.026	1	TTLL4	c14
0.000487017842045332	0.781252968018378	0.089	0.179	1	SEC14L1	c14
0.125281065438911	0.781101711369167	0.015	0.03	1	AL355472.1	c14
0.00151039560295928	0.781096848743279	0.055	0.119	1	PDLIM7	c14
3.06238717905368e-05	0.780970232876733	0.16	0.314	1	TMEM50B	c14
6.03605833663528e-05	0.780862664176211	0.175	0.336	1	PTPN4	c14
0.0125347772981628	0.780844352449479	0.031	0.068	1	PPRC1	c14
0.261422949803576	0.780473680385418	0.006	0.013	1	AC092279.1	c14
0.00676334269236873	0.780446369035105	0.046	0.094	1	R3HCC1L	c14
0.0282367077945168	0.780121182338665	0.031	0.062	1	DDI2	c14
0.0719120798198253	-0.779556537596426	0.003	0.015	1	GAS2L1	c14
0.00247668423836748	0.778736294638418	0.04	0.092	1	ZNF140	c14
0.00202484071560444	0.778681177369973	0.037	0.089	1	UBE2R2	c14
0.0996984525183375	0.778513198143449	0.006	0.019	1	AC009126.1	c14
0.00223833224069135	0.778302280165522	0.04	0.093	1	MFN2	c14
0.000197301224674329	0.777975767017072	0.105	0.211	1	MFSD1	c14
0.00943889208489796	0.777812367634215	0.034	0.074	1	ST7L	c14
0.000826641836620496	0.777708420585466	0.031	0.085	1	PRKCI	c14
0.000109374403721055	-0.777679947165511	0.009	0.061	1	FAM241B	c14
0.000225226051444182	0.777478261617818	0.065	0.146	1	ABCF3	c14
7.08926345550304e-05	-0.777443235202534	0.018	0.08	1	COPG2	c14
0.363625244054825	0.776980073834915	0.523	0.775	1	STK17B	c14
0.00273728921600582	-0.776859006956518	0.009	0.044	1	TULP3	c14
0.0233363300475609	0.776562432270341	0.037	0.072	1	SPSB1	c14
0.250421199842561	0.7761962881142	0.446	0.707	1	CLDND1	c14
0.00203463257978192	-0.775756081029078	0.012	0.05	1	C9orf64	c14
0.000105216308093142	0.775530734310093	0.083	0.18	1	REPS1	c14
0.00317342848636966	0.775426452625628	0.022	0.063	1	DLG3	c14
0.000109400023112611	0.775410326331342	0.043	0.117	1	NADK	c14
0.00810264863927809	-0.775244781598904	0.006	0.032	1	ACO1	c14
0.505867959063066	0.775193119734405	0.015	0.021	1	TRAV24	c14
7.18847636588008e-05	0.774412577689349	0.225	0.421	1	GGNBP2	c14
0.405339091818463	0.774119763556398	0.006	0.011	1	AL132780.1	c14
6.08260962557607e-05	0.773936176785289	0.135	0.269	1	ELF2	c14
0.12379146671342	0.773812781286798	0.006	0.017	1	ACSS2	c14
0.000984463900250597	0.773328728083063	0.037	0.094	1	COX15	c14
4.40610343928652e-05	0.773325187883049	0.117	0.242	1	UBE2G2	c14
0.046662406803842	0.772784918539299	0.031	0.058	1	GM2A	c14
6.47444248673875e-05	0.772735746612228	0.037	0.11	1	PIAS4	c14
0.000676637557613272	0.772727907507765	0.058	0.129	1	ZBTB11	c14
0.034325154751268	0.772630959979352	0.12	0.182	1	PASK	c14
0.0035152958189789	-0.772593422061457	0.003	0.031	1	LINC02325	c14
0.000586242145353559	0.772584619549576	0.105	0.201	1	JADE1	c14
0.0387475264042431	0.772287890490752	0.018	0.042	1	CENPB	c14
0.275700226113687	0.772210930227296	0.006	0.013	1	CHML	c14
0.0166764211218087	0.772088142520081	0.028	0.061	1	MEX3C	c14
0.00886875891696897	0.772004642260821	0.043	0.088	1	USP12	c14
0.000185422074207358	0.771904529492328	0.052	0.128	1	USP25	c14
0.00057132043753386	0.771481843151488	0.062	0.135	1	CHKB	c14
0.00109359530136888	0.771479235155438	0.083	0.163	1	EXOC2	c14
5.31344354840684e-05	0.771126173397743	0.102	0.215	1	FTSJ1	c14
0.00161963029673664	0.770861176725875	0.055	0.118	1	PNO1	c14
0.00050269289653313	0.770503568268399	0.055	0.126	1	INO80	c14
0.000294487961488061	-0.770302325947965	0.012	0.061	1	FHL3	c14
0.000778403741395169	0.770212557863363	0.037	0.095	1	ZDHHC16	c14
0.00372368035132969	0.769964535963444	0.031	0.076	1	RCBTB1	c14
0.000279613915040238	0.76977685671121	0.092	0.187	1	JADE2	c14
0.00017505457537264	0.769652394889079	0.052	0.129	1	RDX	c14
0.000417944655140333	0.769188418323351	0.037	0.099	1	CSNK1G1	c14
3.25565742998279e-05	0.768499008671197	0.095	0.209	1	ICE1	c14
0.326362132777263	0.768158923501566	0.009	0.016	1	CCDC120	c14
0.621142897071955	0.768061650204248	0.012	0.016	1	GDPGP1	c14
0.072395594032524	0.767834351569682	0.009	0.025	1	WDCP	c14
0.11549766189079	0.767555986189851	0.009	0.022	1	PSPH	c14
0.0677151256088078	0.767238301427283	0.028	0.051	1	ZNF786	c14
0.000736382291587686	0.767048742556795	0.071	0.147	1	GDE1	c14
0.00038809094593638	0.767011252370862	0.062	0.138	1	TSPAN17	c14
0.00925242391987184	0.767002162533307	0.04	0.083	1	TOGARAM2	c14
3.57119220959405e-05	0.766830376357148	0.123	0.25	1	TRG-AS1	c14
0.204224403552928	0.76596510031004	0.012	0.023	1	ZNF319	c14
9.76946692972786e-05	-0.765890078636074	0.015	0.073	1	BPGM	c14
0.00738445033037468	0.765409532295938	0.049	0.098	1	PUDP	c14
0.0104156495934196	0.765082193962963	0.046	0.091	1	CCDC50	c14
0.0307038246621272	0.764529900953807	0.065	0.108	1	SLC27A3	c14
0.0112527109496321	0.764296281661602	0.049	0.095	1	CHM	c14
0.00671005767081157	0.763870156783166	0.046	0.095	1	ZNF350	c14
0.0332133012352022	0.763835207205596	0.046	0.082	1	ASNS	c14
0.161574351937418	0.763696817035743	0.009	0.02	1	TLE1	c14
0.0814403003447495	0.763244921439457	0.003	0.015	1	AL118506.1	c14
0.000266521275968611	0.762977805203261	0.062	0.141	1	NMD3	c14
0.000121239279069747	0.762825987115009	0.077	0.17	1	ATG4D	c14
0.0144297382123665	0.762418518435229	0.031	0.067	1	ZNF211	c14
0.00301303419469752	0.762344484465371	0.015	0.053	1	RPUSD2	c14
0.00152271678078782	0.7622412491195	0.071	0.142	1	PXN	c14
0.00404411615646692	0.762198786316587	0.062	0.121	1	UBXN7	c14
0.112806720769721	0.762080812871796	0.012	0.027	1	GLIDR	c14
0.0749862754894906	0.762072157431532	0.009	0.025	1	MAST2	c14
0.00661711437579817	0.761991581022193	0.04	0.086	1	PMS2	c14
0.0380693906937184	0.761644793650659	0.006	0.024	1	BMF	c14
0.0715638194632009	0.761517879931009	0.012	0.03	1	SLC39A14	c14
0.00716553793568526	0.761485962403299	0.018	0.053	1	TRIB1	c14
0.00058757085379167	0.761464678338797	0.068	0.144	1	CNOT11	c14
0.0196377772238888	0.761352897100439	0.022	0.051	1	ETAA1	c14
4.94375835361565e-05	0.761345798720935	0.058	0.146	1	MAPK14	c14
0.053927348053746	0.760930530437403	0.003	0.017	1	PSRC1	c14
0.275867981708231	0.7609241986431	0.006	0.013	1	RNFT1-DT	c14
0.254791696746633	0.760890209206491	0.015	0.026	1	S1PR2	c14
0.279581698321194	0.760854676910586	0.006	0.013	1	AMZ1	c14
0.19504241308836	0.760759037623242	0.006	0.015	1	FSD1L	c14
0.00943013065446931	0.760002442472297	0.025	0.06	1	APOPT1	c14
4.28410855246226e-05	0.75985583570987	0.046	0.128	1	CBX6	c14
0.00207993611098049	0.759680871472779	0.058	0.121	1	THOC5	c14
0.00222946541688947	0.759679482423121	0.04	0.093	1	TMEM251	c14
0.00379805129251748	0.759408611048353	0.031	0.076	1	SEC24A	c14
0.051142740118256	-0.759338445041926	0.003	0.017	1	ZNF547	c14
0.00125397547335444	0.758849082926257	0.123	0.224	1	CCPG1	c14
0.000402899183446383	0.758520622647974	0.452	0.737	1	LTB	c14
0.00049521778454046	0.758449580441408	0.071	0.15	1	RAP2C	c14
0.213714556454548	0.757851323233523	0.003	0.01	1	THAP9	c14
0.00295149249018515	0.75781658798933	0.065	0.127	1	EIF4G3	c14
0.154211325694844	0.757391832530216	0.003	0.012	1	LONRF3	c14
0.0105031690092613	0.757189723166856	0.028	0.064	1	GYS1	c14
0.0358642819697485	-0.757182013774342	0.003	0.019	1	UBAC2-AS1	c14
0.0184045055851712	0.757006860484848	0.025	0.056	1	PLAGL1	c14
0.00109966333914936	0.756538640386186	0.618	0.88	1	GSTK1	c14
0.00185399040319886	0.75650758176728	0.08	0.154	1	TNPO3	c14
0.190740713732792	0.75646339280628	0.015	0.028	1	AC243829.1	c14
0.00123894246277192	0.755953631417519	0.043	0.102	1	PDP1	c14
0.102833573884826	0.755948283925073	0.012	0.027	1	SWT1	c14
0.000353171853869706	0.755878476456499	0.034	0.095	1	JPT2	c14
0.00172869310116429	0.755536981361403	0.058	0.123	1	TOR1B	c14
0.0294502542223322	0.755477938047481	0.046	0.083	1	GALNT1	c14
0.126293733052358	0.755382833967983	0.018	0.035	1	NKIRAS1	c14
0.0396993962804633	0.75519861991556	0.015	0.038	1	SNHG10	c14
0.00140779169239701	-0.755010215883164	0.009	0.047	1	HNRNPUL2	c14
0.213363252415465	0.75495703307736	0.391	0.622	1	FNBP1	c14
0.132785765628187	0.754937394247689	0.012	0.026	1	NUAK2	c14
0.000367594647179867	0.75473090377209	0.274	0.503	1	SCAMP2	c14
0.000331734614786272	0.754596135459537	0.098	0.196	1	IARS	c14
0.00188747929404925	0.754556540705211	0.022	0.066	1	TEX10	c14
0.000866817456809696	-0.754500981410971	0.009	0.05	1	ALKBH8	c14
0.226780774990791	0.754446284711027	0.015	0.027	1	ZBTB39	c14
0.000608224237406659	0.754206858442994	0.037	0.097	1	MTRR	c14
0.000307788948983499	0.753200915547737	0.098	0.196	1	MPRIP	c14
0.0121053038414369	0.752798116167493	0.018	0.05	1	UBXN8	c14
0.00259842920600103	0.752707644469491	0.086	0.161	1	GFM1	c14
0.00176456096648987	0.752592155297247	0.049	0.109	1	SLC39A4	c14
3.54841418360757e-05	0.752493498734928	0.058	0.148	1	TOPBP1	c14
0.0214019902522999	0.752463802601405	0.04	0.077	1	MZF1-AS1	c14
0.104912915327924	0.752014772705259	0.006	0.018	1	HACD1	c14
6.72944040211663e-05	0.750310022468927	0.126	0.252	1	NDE1	c14
0.00148985378949647	0.750096040874951	0.025	0.072	1	CDC34	c14
0.000966131853884691	0.750088248500315	0.274	0.484	1	ROCK1	c14
0.00113479512560866	0.750047477656752	0.034	0.088	1	SMIM8	c14
3.50562197372834e-05	0.749818929056094	0.098	0.214	1	N4BP2L1	c14
0.00200402130930979	0.749653756105711	0.052	0.112	1	C2orf49	c14
0.150692317822215	0.749620676108016	0.022	0.037	1	MTHFD1L	c14
0.000507074406429118	-0.749441080071435	0.006	0.047	1	PCTP	c14
0.000213723807639179	0.749419275603522	0.052	0.128	1	GALNT11	c14
0.0838903520761154	0.749349050733839	0.006	0.02	1	RASL11A	c14
0.000504044904516219	0.74913126034088	0.055	0.127	1	PTPN9	c14
0.000391603639063552	-0.748800578609287	0.015	0.065	1	EGR3	c14
0.000206874369488189	0.748789570965678	0.102	0.205	1	EXOC7	c14
0.134872581947884	0.74876412616934	0.018	0.034	1	GIT1	c14
0.00113583377177246	0.748493214524196	0.083	0.163	1	RCE1	c14
0.0232696302968449	0.748446799135043	0.015	0.041	1	BRMS1L	c14
0.00333051277210204	0.748368282169562	0.083	0.153	1	CSKMT	c14
0.00259290859892866	0.748278716057643	0.065	0.128	1	LTA	c14
0.143568720398469	-0.748238551224631	0.025	0.04	1	TRBV3-1	c14
7.65620531010896e-05	0.747989477374546	0.068	0.159	1	ALG2	c14
5.90910310013424e-05	0.747988717034394	0.129	0.259	1	EML3	c14
0.0146755111639164	0.74758254307328	0.034	0.071	1	KLHL21	c14
0.00048435917279781	-0.747431897746683	0.018	0.069	1	CHRNB1	c14
0.000466163976341386	0.746474131203058	0.058	0.131	1	MAPK6	c14
0.00238088580837759	0.746266785560053	0.055	0.115	1	ELP3	c14
0.00047897978155988	0.7462666005506	0.04	0.103	1	SLC25A40	c14
0.0452402532350874	0.745588479551012	0.031	0.059	1	UBXN6	c14
6.97110091801946e-05	0.745551267129368	0.055	0.14	1	PCYT2	c14
0.145483200384074	0.744808544624274	0.025	0.042	1	KIAA0513	c14
0.043601320245709	-0.74479815392887	0.003	0.018	1	ARHGEF39	c14
0.00517731265264125	0.74459619483381	0.025	0.064	1	ZNF268	c14
0.0122617147710862	0.744569782672821	0.046	0.09	1	USP21	c14
0.00557523972786917	0.744534669348985	0.022	0.059	1	AP1AR	c14
0.0121730613174556	0.744011862350089	0.04	0.081	1	PIGO	c14
0.104064704144346	0.743801373646325	0.012	0.027	1	ARL6	c14
8.81772560831349e-05	-0.743723850036277	0.015	0.073	1	OPA3	c14
0.135649282151122	0.743219405699527	0.012	0.026	1	ARL10	c14
0.000127807872987556	-0.743148792680925	0.025	0.086	1	TMEM200A	c14
3.99619644130748e-05	0.743051059836212	0.108	0.227	1	EXOSC8	c14
0.00125656052736874	-0.742760903424053	0.009	0.048	1	TTPAL	c14
0.00237480274606204	0.742607543724177	0.049	0.106	1	PITRM1	c14
0.0036627416312222	0.741936361766474	0.077	0.145	1	EEA1	c14
0.0670676225981702	0.741498208432508	0.003	0.016	1	PLEKHG4	c14
6.68861268600227e-05	-0.741116507017351	0.015	0.075	1	FAM220A	c14
0.00113453699892263	0.740670362718009	0.132	0.237	1	AHR	c14
0.671575839229835	0.740533202138212	0.489	0.749	1	SKAP1	c14
0.0156724052528329	0.740454719985226	0.049	0.092	1	HAGHL	c14
0.0103469464809346	-0.739432235168444	0.006	0.031	1	VDR	c14
0.00258757135241618	-0.739358255033188	0.006	0.039	1	BIK	c14
8.88465859933084e-05	0.739235928077032	0.071	0.162	1	IMPA1	c14
0.000816750379515949	0.738884538973328	0.052	0.119	1	TMEM41A	c14
0.00189344726581059	-0.738561013263205	0.009	0.046	1	NCKIPSD	c14
0.000200191655993478	0.738370764054261	0.225	0.408	1	CMTM7	c14
0.00260727481829361	0.738252889002372	0.043	0.096	1	SLC37A1	c14
4.49044198887565e-05	0.738016322877915	0.089	0.196	1	ZNF267	c14
0.0496930727001324	0.73737660455557	0.012	0.032	1	BTBD2	c14
0.022221448092873	0.73727443531183	0.009	0.032	1	AC021188.1	c14
0.000169268129581768	0.737220831316189	0.258	0.476	1	TLN1	c14
0.0379295092657385	0.737150379815996	0.077	0.123	1	MAGEH1	c14
0.0548281829071426	0.73649065257406	0.015	0.036	1	KDM4A	c14
0.000606175583012008	0.736473180898844	0.108	0.206	1	TENT2	c14
3.75112728113686e-05	0.736391911991038	0.132	0.265	1	SNHG15	c14
0.0618157560293465	0.735318028682761	0.083	0.126	1	TOX2	c14
0.000530277380738398	0.735159109878976	0.191	0.345	1	ERP44	c14
9.08936117654859e-05	0.734687915512089	0.095	0.201	1	DELE1	c14
0.0366653401255618	0.734235477505041	0.031	0.06	1	STRN3	c14
0.00838871476653998	0.734219504657845	0.031	0.07	1	CDK8	c14
0.0431022347295336	0.734171667181299	0.006	0.023	1	LCMT2	c14
0.000145581465027537	-0.7339238509739	0.009	0.06	1	ZNF317	c14
0.000363186946458822	-0.733836995470529	0.009	0.055	1	DNAAF5	c14
0.00032773300000017	0.732592481264424	0.095	0.192	1	CLSTN3	c14
0.0231638992001127	0.732400982819131	0.034	0.068	1	FAM69A	c14
0.275805841886639	0.732142042927907	0.006	0.013	1	FCHO2	c14
0.0183356961428162	0.731892751550046	0.018	0.047	1	MMAA	c14
0.01396589788731	0.731680044938737	0.031	0.067	1	GRPEL2	c14
0.024506714294323	-0.731472768962289	0.006	0.026	1	HYAL2	c14
0.0163302785060544	0.730787472211231	0.022	0.052	1	PPP1R3F	c14
0.112135366178216	0.730745659056515	0.015	0.031	1	DISC1	c14
0.00815014804313075	0.730612911115663	0.025	0.061	1	BCS1L	c14
0.016242557759512	-0.730545878694159	0.006	0.028	1	TRMT5	c14
0.0226163430273675	0.73049224991021	0.025	0.055	1	ZNF48	c14
0.547815805680286	0.730220988502926	0.465	0.731	1	SUN2	c14
0.00561513276189945	0.730110900165266	0.065	0.122	1	ZNF274	c14
0.0733216871992653	0.729622945113191	0.012	0.029	1	JRK	c14
0.000557831332302343	0.729163063998666	0.068	0.145	1	TWF1	c14
0.201848917830265	0.728967468526916	0.4	0.619	1	GLIPR1	c14
0.000399328899620416	0.728890058991108	0.052	0.123	1	OAS1	c14
0.0663005265056591	-0.728680179491632	0.003	0.016	1	AC073254.1	c14
0.000464731821622823	0.728664549169012	0.046	0.113	1	HACD2	c14
0.453262286001505	0.728378376409021	0.009	0.014	1	SNHG25	c14
0.0036458043784066	0.72834844365121	0.022	0.062	1	CPEB4	c14
0.000298330016229795	0.7279545287982	0.095	0.192	1	NOL8	c14
0.339309139684077	0.727946886345632	0.015	0.024	1	ZNF597	c14
0.0058029413286136	0.727591938438206	0.025	0.064	1	DTD2	c14
0.000330900418252477	0.727156220906323	0.172	0.318	1	CD58	c14
0.000348576963596248	0.72708190339163	0.065	0.143	1	GAB3	c14
0.000409070009933222	0.727027728071203	0.04	0.104	1	TBC1D25	c14
0.00183769242090095	0.726539759673887	0.129	0.23	1	SLAMF6	c14
0.00442176436676566	0.726475144436774	0.058	0.116	1	NAGPA	c14
0.309404865562659	0.726379789151581	0.012	0.02	1	DKK3	c14
0.000311653537277905	0.72604168953707	0.129	0.245	1	NAAA	c14
0.226398543429247	0.725918737882305	0.006	0.014	1	CEBPA	c14
3.01436982058203e-05	0.725462778034144	0.157	0.31	1	GALM	c14
0.020220694521247	0.725290454769636	0.052	0.095	1	MIGA1	c14
0.00265540012734224	0.725098335489829	0.265	0.451	1	EVI2A	c14
6.60375985974111e-05	0.725029035622909	0.111	0.228	1	PUM1	c14
0.00803558386619929	0.72491686909872	0.028	0.066	1	IDH1	c14
0.38013635779417	0.724268324430414	0.009	0.015	1	AC092329.1	c14
0.000126782921607445	0.72411866412641	0.095	0.2	1	MGAT2	c14
0.0120281957428982	0.722898073705797	0.015	0.045	1	SETD6	c14
0.00336272879525739	0.722809673874079	0.037	0.086	1	PKNOX1	c14
0.149009379869624	-0.722579259579008	0.003	0.012	1	AL589765.4	c14
9.39033459322475e-05	0.722330040168832	0.08	0.177	1	NDUFB8	c14
7.11231167736442e-05	0.721127127710417	0.185	0.347	1	ARID5A	c14
0.0189021353519122	0.720843128258213	0.028	0.06	1	GEMIN5	c14
0.00374785358422249	-0.720209491052549	0.009	0.042	1	SPRYD4	c14
0.0030583684979071	-0.72012508919784	0.012	0.048	1	NUGGC	c14
0.000170211497933937	0.71997341580898	0.086	0.182	1	NSUN2	c14
0.188064499513497	0.719341545638426	0.409	0.665	1	SRSF2	c14
0.268368576789325	0.718981884572316	0.043	0.032	1	TRBV7-6	c14
0.054763585771505	0.718923008472203	0.037	0.066	1	SIAH1	c14
0.00104647227490025	-0.718826476900764	0.003	0.038	1	ZNF771	c14
0.00670536825935892	0.718729178881537	0.043	0.09	1	GCN1	c14
8.71097702054227e-05	0.718444937141284	0.065	0.153	1	VPS33A	c14
0.0233571126478217	0.717765032042835	0.046	0.085	1	ZNF564	c14
0.000204704477649921	0.717522689683186	0.105	0.206	1	HIST1H1E	c14
0.200808128129695	0.71741249531398	0.003	0.01	1	ZSWIM5	c14
0.00114879458706239	0.716591007905503	0.065	0.134	1	DCAF6	c14
0.0235660458904003	-0.716363875005106	0.003	0.021	1	TCEA3	c14
0.0014446501387072	0.715991427619904	0.043	0.1	1	VAC14	c14
0.00891578980128915	0.715967232225181	0.022	0.056	1	ZNF700	c14
3.36902135769721e-05	0.715875503566102	0.046	0.13	1	RCHY1	c14
0.00826721075184654	0.714599197562442	0.077	0.136	1	TRGC2	c14
0.000236572819289496	0.714440879739632	0.058	0.136	1	MTO1	c14
0.0258648592105134	-0.714311707201492	0.006	0.026	1	ZNF487	c14
0.0466191335168464	0.714283886049685	0.028	0.054	1	VKORC1	c14
0.0850300904762583	0.714201147154969	0.018	0.037	1	HACE1	c14
0.00253117008309049	0.713369347075999	0.105	0.189	1	NDFIP2	c14
0.0954681929517153	-0.713013385568463	0.003	0.014	1	ERI2	c14
0.00276475065070423	0.712968647772454	0.034	0.082	1	RRP12	c14
0.0130695641141266	0.71288662022153	0.028	0.063	1	FRAT2	c14
0.0352160846182512	0.712630709771895	0.012	0.034	1	STK35	c14
0.0931808673773466	0.712453051863405	0.575	0.844	1	CIRBP	c14
0.000666700633155505	0.712202297903768	0.077	0.157	1	KCTD20	c14
0.0714113414911182	0.7120812343379	0.012	0.03	1	EXOC6B	c14
0.0172863821108829	0.712075852788907	0.018	0.047	1	MBNL3	c14
0.0111257005472332	0.711679734959063	0.052	0.099	1	FUCA2	c14
0.00586810933530244	0.711153177024393	0.015	0.049	1	ZNF17	c14
0.128141377019924	0.710950269942022	0.009	0.022	1	GTPBP2	c14
0.0022684079656407	0.71049247721695	0.08	0.152	1	RUFY1	c14
0.0040501768455446	0.710396400310072	0.04	0.089	1	MMAB	c14
0.316431445734056	0.710261786074729	0.006	0.012	1	LINC01679	c14
0.276389927246573	0.710213322774493	0.009	0.017	1	CPNE8	c14
0.000191119057064104	0.710148079230521	0.089	0.186	1	RINL	c14
0.0176336529177658	0.709703803715664	0.022	0.052	1	KIAA2013	c14
0.0718375404572246	0.709563931753316	0.009	0.025	1	GKAP1	c14
0.00877960184903969	0.709334937171971	0.028	0.065	1	FOXJ2	c14
0.00350099045082948	0.709010560156172	0.406	0.7	1	HSP90B1	c14
0.00300776123865042	-0.708972693356613	0.028	0.071	1	TRAV13-2	c14
0.0578101858252554	-0.708809215913155	0.003	0.017	1	C17orf107	c14
0.000666338734822552	0.708648285228106	0.058	0.129	1	LARP1	c14
0.0441493253943159	0.708390381017695	0.037	0.067	1	PIGQ	c14
0.0227317011717121	0.708260259685477	0.08	0.133	1	ETV3	c14
0.000189863725449312	0.707986246778341	0.055	0.133	1	ATP6V1C1	c14
0.00391269952936595	0.707737941807299	0.049	0.103	1	NAF1	c14
0.00226052358099685	0.707247190841158	0.028	0.074	1	LIN52	c14
0.0336734380802404	-0.707136808364353	0.003	0.019	1	HSPA1L	c14
7.64940949695569e-05	0.706998268588051	0.114	0.232	1	ARL8B	c14
0.0446178991317145	0.706965934524418	0.012	0.032	1	CARD6	c14
0.00805521480245666	0.706574210010519	0.049	0.097	1	PPP2R1B	c14
0.0463546647538458	0.706443413617571	0.031	0.058	1	KLHL8	c14
0.000423195581517269	0.706321630495035	0.074	0.156	1	UBA5	c14
0.0191577884397681	0.706287545181608	0.037	0.073	1	TMLHE	c14
0.000100104377682805	0.705464041080543	0.231	0.43	1	LY9	c14
0.000422791127970837	0.704949046097177	0.037	0.099	1	DEAF1	c14
0.000325588476243785	0.70494246540574	0.049	0.12	1	YIPF2	c14
0.00158423748328417	0.704428729954356	0.068	0.137	1	PHACTR2	c14
0.0662682392306519	-0.704057412800015	0.003	0.016	1	PROK2	c14
0.06265950939282	0.703969645567848	0.025	0.048	1	PIGV	c14
0.00548998282002318	0.703703271508555	0.049	0.1	1	CAMK1D	c14
0.214836607436276	0.702284542224048	0.006	0.014	1	AC023055.1	c14
0.000125330782441258	0.702116197018175	0.058	0.141	1	MON1B	c14
0.00269054013329124	0.701941332809225	0.028	0.073	1	CDPF1	c14
0.00159440808616456	0.701647068723765	0.037	0.091	1	TMEM184C	c14
0.000974193892505477	0.701636087200689	0.255	0.452	1	SERINC1	c14
6.45652323804399e-05	0.701399057896566	0.046	0.125	1	OGFOD1	c14
0.0843350797398025	0.701274287056745	0.012	0.029	1	ZXDB	c14
0.0880219245645163	0.701156617258968	0.006	0.019	1	RAB38	c14
0.0646461543477285	0.700883963039227	0.012	0.03	1	ZNF446	c14
0.000164142169329168	-0.700302289722104	0.012	0.064	1	CAMK1	c14
0.300197851578598	0.700165827143207	0.009	0.017	1	RWDD2A	c14
0.00386654314501608	0.699960888930301	0.037	0.085	1	APOO	c14
4.16777004820094e-05	0.699516036895389	0.049	0.133	1	RNF41	c14
0.264316854471812	0.699438138207864	0.012	0.022	1	SDR42E1	c14
0.295434134867056	0.699427697339975	0.502	0.81	1	LAT	c14
0.251584993607265	0.698732946091543	0.009	0.018	1	LENG8-AS1	c14
0.213714556455245	0.698325578744016	0.003	0.01	1	CCNT2-AS1	c14
7.12300424095691e-05	-0.698118365495616	0.015	0.074	1	IL9R	c14
0.000359069465585748	0.697887169428732	0.049	0.119	1	RIOK2	c14
0.000332524811793021	0.697439062042878	0.185	0.335	1	RNF44	c14
0.350906514117859	0.697401182253316	0.012	0.02	1	CLDN7	c14
0.00278170153770004	0.697111390996105	0.055	0.114	1	COX10	c14
0.001933466669377	0.696726397382586	0.037	0.089	1	GTPBP3	c14
3.84374681553307e-05	0.696369463750149	0.092	0.202	1	AKAP8L	c14
0.000534390465556215	0.696204645907257	0.058	0.131	1	VEZT	c14
0.000840368890097796	0.695607732247291	0.08	0.16	1	PGM2	c14
0.00272883756474602	0.695481311101323	0.028	0.073	1	WWC3	c14
0.0170690773588582	0.695409349706592	0.012	0.038	1	POLA1	c14
0.000908459257291226	0.694855486682602	0.065	0.137	1	AAR2	c14
0.000110792673349886	0.694151514136679	0.028	0.092	1	KCTD18	c14
0.00457478130710145	0.693977011010156	0.046	0.097	1	SAAL1	c14
0.0060799639904061	0.693771056440025	0.043	0.09	1	LINC02256	c14
0.00129418200604525	0.693610745980855	0.04	0.097	1	WDR70	c14
0.00030609978537517	-0.693157198093954	0.022	0.076	1	ZNF668	c14
0.00131774101365511	0.692538488051242	0.077	0.152	1	ABCB7	c14
0.00823232539882596	0.692405428650329	0.028	0.066	1	ADPRM	c14
0.16665225503723	0.692196570605462	0.028	0.045	1	LMAN2L	c14
0.0241099086921724	-0.692010660452608	0.006	0.026	1	URB1-AS1	c14
0.00136327787937381	0.691968906170125	0.04	0.096	1	KIAA1586	c14
0.000286440293259887	0.691230841021315	0.172	0.319	1	SDF2	c14
0.168685934953135	0.691092147966848	0.009	0.02	1	FAAP24	c14
5.62577536171615e-05	0.690992693794234	0.295	0.554	1	EIF5	c14
0.00238944879961211	0.690958353149542	0.046	0.102	1	FAM210A	c14
0.025435687380745	-0.690564686289635	0.003	0.021	1	FAM13A	c14
0.00841807090124807	-0.689492011477848	0.006	0.032	1	FAM83G	c14
0.00218564971035693	-0.689404422700032	0.006	0.04	1	RFC3	c14
0.050983046454009	-0.689380715128311	0.003	0.017	1	RGS9	c14
0.00156469831287952	0.689129028359763	0.034	0.086	1	RANBP9	c14
0.775266510336047	0.689085459205341	0.492	0.765	1	JAK1	c14
0.000187694209168531	0.688775735628291	0.123	0.24	1	ZNF217	c14
0.292277260064277	0.688533924515506	0.012	0.021	1	AC009163.4	c14
0.00441170394342477	0.688491862629826	0.326	0.489	1	HSPA1A	c14
0.00534269365324253	0.687757367896427	0.031	0.073	1	SPATA2	c14
0.512012706961071	0.687618263965324	0.465	0.768	1	APBB1IP	c14
0.0021466457667869	0.686898243424092	0.022	0.065	1	MTAP	c14
0.244129775204578	0.68553271828901	0.138	0.179	1	CD160	c14
0.000203081823067322	-0.68525731214338	0.006	0.052	1	IFT74	c14
0.0188429787133208	0.684962361372886	0.046	0.086	1	ZSCAN25	c14
0.000364851943790483	0.684657289637369	0.148	0.274	1	RASSF7	c14
0.00401940563387903	0.684559351795574	0.037	0.084	1	SLC25A44	c14
0.000335066039262213	0.684248337998503	0.068	0.148	1	IL18RAP	c14
0.0100063124124922	0.683971537804163	0.022	0.055	1	TRIT1	c14
0.00426369683165138	0.683769826787236	0.055	0.111	1	NXPE3	c14
0.0017624424273982	0.683664136803485	0.049	0.108	1	APOBR	c14
0.00028403390573227	0.683258367245795	0.046	0.116	1	DAPK3	c14
0.0183868130850241	0.682539819614528	0.009	0.033	1	FAM20B	c14
0.324321687054951	0.682362876746561	0.009	0.016	1	AC036176.1	c14
5.36041203335167e-05	0.681449637638894	0.071	0.166	1	DUS3L	c14
0.000589913090923221	0.681298104081685	0.018	0.068	1	WDYHV1	c14
0.171009970594004	0.681145004279731	0.012	0.024	1	PHF7	c14
0.00679926367097188	-0.681118496548843	0.006	0.033	1	ZNF584	c14
0.00914221013347652	0.680840418115582	0.012	0.042	1	RABL2A	c14
0.0431795565280067	0.680747060485987	0.382	0.609	1	ADGRE5	c14
0.103082404415246	0.680526728301631	0.012	0.027	1	KLC4	c14
0.00443930582124972	0.680181150953046	0.046	0.097	1	CORO2A	c14
4.99713176699621e-05	0.679916846514652	0.12	0.245	1	ME2	c14
0.0123243466125382	0.679858110398211	0.012	0.04	1	SPATC1L	c14
0.00174009958526419	0.679784877328631	0.04	0.095	1	TAMM41	c14
0.000159386951875179	0.678719807228463	0.034	0.1	1	ESS2	c14
5.15283033349527e-05	0.678472051348475	0.065	0.155	1	GLA	c14
0.0397915965589214	-0.678292250691459	0.006	0.024	1	ZIK1	c14
0.00274339037604168	0.677615798399779	0.338	0.596	1	FAM49B	c14
0.0958322822090747	0.6774660407537	0.012	0.028	1	WDR27	c14
0.000175725201445589	-0.67734332543831	0.006	0.053	1	MCM4	c14
0.00012011092285455	0.677300095378696	0.185	0.346	1	ICAM2	c14
0.00116678672284644	0.677245154467115	0.034	0.088	1	PATJ	c14
0.00102618140599557	0.67712061352356	0.022	0.069	1	UBL7-AS1	c14
0.0161075358421616	0.677033032648444	0.012	0.038	1	USP18	c14
0.000337875137686416	0.676764467125284	0.086	0.177	1	TOMM70	c14
6.14467448805644e-05	0.676214712014805	0.098	0.209	1	PTGES2	c14
0.0358250988715172	0.67607897515618	0.012	0.034	1	ASAH2B	c14
0.00185531356847202	0.675753716825452	0.018	0.061	1	TAF6L	c14
0.00232228416430819	0.675592166311065	0.049	0.107	1	NUP88	c14
0.00324029535874745	0.675008199244227	0.351	0.619	1	CD164	c14
0.000386679860589861	0.674845650492805	0.043	0.109	1	ANKRD54	c14
8.6486735057515e-05	0.674744202761053	0.055	0.138	1	TMEM167B	c14
0.000750164035948588	0.674652906298873	0.034	0.091	1	ZFP91	c14
0.244877228731833	0.67449178924685	0.009	0.018	1	PLEKHN1	c14
0.0113224240223845	0.67434001071529	0.028	0.064	1	PIP4K2B	c14
0.0150065415712453	0.674260168318861	0.028	0.062	1	SH2B3	c14
0.0370836449193652	-0.674247273988195	0.003	0.019	1	IFT140	c14
0.159968123455068	0.674064256099109	0.006	0.016	1	AC091729.3	c14
0.000150144697786239	0.673629033764073	0.065	0.149	1	ATF6	c14
4.64989102750962e-05	0.673479630211527	0.077	0.177	1	ODF2	c14
0.00051318280859054	0.672958961340282	0.077	0.16	1	DGCR2	c14
0.0505840750301985	0.672674233799852	0.003	0.017	1	CBWD3	c14
0.0275697238489302	0.672566414181452	0.006	0.026	1	PMF1-BGLAP	c14
0.00024928307304296	0.672380381428043	0.095	0.193	1	GMCL1	c14
0.000405839687715198	0.672371915020803	0.065	0.142	1	DXO	c14
0.00477598924424364	-0.672171991989035	0.012	0.045	1	LINC00239	c14
0.000137215698665637	0.671971328956529	0.083	0.178	1	WARS	c14
0.000158593996064102	0.671940991396865	0.049	0.125	1	GPX7	c14
0.0351403532439764	0.671748976665965	0.022	0.047	1	GORASP1	c14
0.000464465361583088	-0.671440950104315	0.018	0.069	1	MFHAS1	c14
0.00513882969006028	0.671430631731629	0.018	0.055	1	CHAF1A	c14
0.0125579019624153	0.671403203728488	0.022	0.054	1	CEP83	c14
0.00489276391228873	0.670926613537072	0.923	0.999	1	HLA-A	c14
0.00165004063876304	0.669504666614297	0.034	0.085	1	ZSCAN18	c14
0.00496062802162053	0.669382471266735	0.022	0.06	1	PAK4	c14
0.00104701161288243	0.669282154078442	0.138	0.25	1	SMPD1	c14
0.00228562187276651	0.669071996969607	0.058	0.12	1	DIS3	c14
0.024926565183336	0.668974117907103	0.406	0.689	1	IL2RG	c14
0.0240860798262052	0.668702958289696	0.025	0.054	1	PGBD2	c14
0.0794619684760154	0.668486305094815	0.009	0.025	1	CREB3L4	c14
5.51605443560093e-05	0.668425247312835	0.289	0.548	1	ARL6IP1	c14
0.0059107278125341	0.668351187718689	0.302	0.516	1	OCIAD1	c14
0.000814656587499683	0.668159736164598	0.302	0.519	1	CYTOR	c14
0.00305486169470191	0.668112197432392	0.055	0.114	1	DNAJC5	c14
0.000116248202679844	0.667967105860489	0.058	0.141	1	HPS3	c14
0.00653048370992345	0.667930534754234	0.083	0.148	1	WDR48	c14
0.000812999913088867	0.667521266677197	0.052	0.118	1	INTS13	c14
0.384713851339628	0.667437420621636	0.037	0.048	1	TRBV18	c14
0.000215588024599132	0.667415035206934	0.043	0.113	1	GNL3L	c14
0.00220653580715397	0.667100243907232	0.049	0.107	1	CBWD1	c14
0.0893782383337792	0.666656797482243	0.015	0.033	1	PLEKHA5	c14
0.000829987536025861	0.666615475819281	0.262	0.452	1	YPEL3	c14
0.0115548094945355	0.666398194555693	0.015	0.045	1	WDR24	c14
0.00422673640418074	0.66632991020313	0.034	0.079	1	B4GALT4	c14
0.0607543994564514	0.66609570649044	0.028	0.052	1	FBXL17	c14
0.000119109731509184	0.66599227497953	0.034	0.102	1	CWF19L1	c14
0.00342643909600477	0.665610258556487	0.034	0.081	1	CHP1	c14
0.000323546870963793	-0.665202181527903	0.009	0.055	1	ZW10	c14
0.0142669467057768	0.665196795372096	0.003	0.024	1	EFCAB11	c14
0.0255687365870227	0.66513385376057	0.028	0.058	1	BTBD6	c14
0.106347071464676	0.664902469026544	0.003	0.013	1	SPIN4	c14
0.0021161440742451	0.664801599901237	0.062	0.125	1	TMEM161A	c14
9.67233803579245e-05	0.664201052318398	0.068	0.157	1	CRLS1	c14
0.0696456004894552	0.663934294445288	0.022	0.043	1	WDR35	c14
0.000107408025049157	0.663873962600953	0.098	0.205	1	SLC52A2	c14
0.0498826167121233	0.663703476711816	0.015	0.036	1	SFT2D3	c14
0.00580814037484924	0.663592544517394	0.025	0.063	1	RDH13	c14
0.0461643465034296	0.663320949131416	0.022	0.046	1	PI4K2A	c14
0.000702867704041168	0.663299902218592	0.049	0.115	1	CDR2	c14
8.46980071594209e-05	0.663105567446313	0.052	0.133	1	PGP	c14
0.000574806878247826	0.663068725869146	0.145	0.263	1	TNFSF10	c14
0.333134718583027	0.662875170258685	0.006	0.012	1	ZSCAN22	c14
0.102610130115412	0.662460766576507	0.012	0.027	1	TEX2	c14
0.000469164545742729	0.662420202799464	0.089	0.179	1	GNB5	c14
0.0140578968690075	0.66228358690485	0.037	0.076	1	BCKDHB	c14
0.00265238883236634	0.661342762426662	0.028	0.073	1	KCTD10	c14
0.0441724963009704	0.660985751480252	0.015	0.037	1	ADARB2	c14
0.000217155772483307	0.660731071193492	0.151	0.284	1	KCNA3	c14
0.00178424692761235	0.66038050229597	0.052	0.113	1	ASB3	c14
0.000412713724275681	0.660375880108375	0.043	0.109	1	PRIM2	c14
0.000185941018460931	0.660176261280175	0.031	0.094	1	SCCPDH	c14
0.00727167350750166	-0.660004023984508	0.006	0.033	1	LMO7	c14
0.000547564704718987	0.659765994120091	0.046	0.112	1	FKBP15	c14
0.0623814255546408	0.659490408189978	0.009	0.026	1	AC104596.1	c14
0.0708807810029853	0.65901522913632	0.031	0.055	1	TRAV26-1	c14
0.00061627354462528	0.65887380687023	0.203	0.355	1	BIRC3	c14
4.10676768496465e-05	0.658770329351443	0.095	0.207	1	KAT7	c14
0.0951732705537342	-0.658547714780372	0.006	0.019	1	AC008014.1	c14
0.0922925501688018	0.65811735377661	0.018	0.037	1	FAM214B	c14
0.000965184581099379	0.658066483411175	0.046	0.108	1	LACTB2	c14
0.060511557345599	0.658058163898973	0.012	0.031	1	ZNF845	c14
0.000370630220871476	0.657483313943123	0.034	0.095	1	TOMM34	c14
0.000267079464765407	-0.657417459150136	0.012	0.062	1	SKP2	c14
0.000313873490052258	0.656881046497946	0.046	0.115	1	OGG1	c14
0.00115686172423771	0.655676450547057	0.046	0.107	1	SURF6	c14
6.6664269019628e-05	0.655218509322775	0.289	0.538	1	KPNB1	c14
3.32586889749583e-05	0.654844801622396	0.037	0.115	1	RPF2	c14
7.4502750364346e-05	0.654603648856488	0.071	0.164	1	KIFAP3	c14
3.63911038424342e-05	0.654319568177917	0.102	0.217	1	TRAFD1	c14
0.000152033490002796	0.654240215920861	0.077	0.168	1	TMEM242	c14
0.18575278427165	-0.654023028078203	0.003	0.011	1	CYSLTR2	c14
0.000319318879710442	0.653684096415274	0.089	0.182	1	NCSTN	c14
0.0147761619296018	0.653587103024611	0.015	0.044	1	ZNF570	c14
0.00063399777884804	0.653566037715669	0.314	0.558	1	TNFRSF14	c14
0.000612371649321193	0.653565544838961	0.043	0.106	1	PARP11	c14
0.0426948411140177	-0.653419787541542	0.003	0.018	1	KLHL15	c14
0.0682796558878048	0.65327167287154	0.012	0.03	1	ALG10	c14
0.000588243042441716	0.652944631191325	0.105	0.201	1	PSPC1	c14
0.210666608039802	0.652187719913149	0.006	0.015	1	LINC01281	c14
8.53860533613888e-05	0.652000910204607	0.102	0.211	1	RETREG1	c14
0.000155780380349092	0.651455514746737	0.034	0.1	1	RBM12	c14
0.000958667084689506	0.650964353397955	0.052	0.118	1	TXLNG	c14
0.000571761604141314	0.650541761149564	0.049	0.116	1	SLC35B3	c14
0.000861186794670584	0.650478421019045	0.074	0.151	1	SPINT2	c14
0.824928415319218	0.649629720489903	0.542	0.858	1	CD3G	c14
0.0682106580006783	0.64948659931446	0.022	0.043	1	SPEF2	c14
0.000517673857748141	0.649206757438589	0.046	0.112	1	FBXO28	c14
0.00020250385504866	-0.64902061623325	0.006	0.052	1	AC109826.1	c14
9.58282401023887e-05	0.64898223512656	0.098	0.206	1	STX17	c14
0.175652476816823	0.648743811284405	0.006	0.016	1	SBK1	c14
0.0391870054726206	0.648543814256536	0.012	0.033	1	PQLC1	c14
0.2424320128175	0.648295301647813	0.006	0.014	1	RNF212	c14
6.8223707786355e-05	0.648102700049603	0.043	0.12	1	CNP	c14
0.0162270011079217	-0.648060096070401	0.006	0.029	1	MACROD1	c14
0.0126783827396887	0.647947200327218	0.018	0.049	1	ZNF180	c14
0.00585946913661899	-0.647526263947097	0.009	0.039	1	SETD9	c14
0.0845737431060725	0.647336742097191	0.009	0.024	1	SLC25A23	c14
0.13590623777592	0.647279874190928	0.025	0.042	1	SYNGR3	c14
0.0178709222517778	0.646981409783448	0.009	0.033	1	FAM27C	c14
0.0056934313613646	0.646721149884165	0.068	0.127	1	APLP2	c14
0.0358814363005975	0.646417720921463	0.034	0.065	1	KDELC2	c14
6.20851671259438e-05	0.646372578080002	0.092	0.199	1	ZNF131	c14
0.00332121671384873	-0.646230370288704	0.012	0.048	1	MFSD9	c14
0.0495961180157784	-0.64592782241732	0.003	0.017	1	NLK	c14
4.33401572676211e-05	0.645400984241506	0.089	0.197	1	STT3A	c14
0.000458613502583144	0.64501765106925	0.065	0.141	1	JOSD1	c14
0.225487522840083	0.644423193066975	0.003	0.01	1	N4BP3	c14
0.0022568623698934	0.644416089754719	0.148	0.255	1	IGFLR1	c14
8.78781499271946e-05	-0.644046773908837	0.022	0.083	1	AC127521.1	c14
0.00102310848408376	0.643491054626298	0.062	0.131	1	OGFOD3	c14
4.36509504167509e-05	0.642883437965051	0.126	0.255	1	HBP1	c14
0.0183483211601586	0.642712787491297	0.015	0.042	1	SPDL1	c14
0.14882736725964	0.642526204064818	0.578	0.86	1	HNRNPDL	c14
0.00235949478287781	-0.642323328489479	0.003	0.034	1	TJP3	c14
0.0277158624120643	0.642159697173291	0.006	0.026	1	FANCB	c14
0.00599639627149309	-0.64206241031984	0.003	0.029	1	PWWP2B	c14
0.00214866014775255	0.641646299370152	0.043	0.098	1	PPP1R8	c14
0.0696167095676082	0.641566679450428	0.391	0.64	1	ELF1	c14
0.329378112804874	0.641519532871611	0.006	0.012	1	AL391069.3	c14
0.335512702437024	0.64139096581341	0.603	0.814	1	TAGAP	c14
0.000226095747456373	0.640449237789879	0.04	0.107	1	LRRC14	c14
0.014756318816818	0.639060307106822	0.015	0.044	1	ELOVL6	c14
0.000976712639491425	0.63895713050528	0.034	0.088	1	GADD45G	c14
0.0213096255929439	0.638891598831051	0.012	0.037	1	SOCS5	c14
0.0935577029685464	0.638498940360015	0.012	0.028	1	KYAT1	c14
7.10185881691028e-05	0.638495839987118	0.092	0.198	1	IPO7	c14
0.260728863071866	0.638208997415082	0.012	0.022	1	IQCH-AS1	c14
0.0155079106116091	0.638086418062915	0.062	0.11	1	KLHL6	c14
0.00225299664673862	0.63670860005184	0.028	0.074	1	ALKBH5	c14
0.00394172257595269	0.636378290195452	0.28	0.436	1	CXCR6	c14
0.000213253592769243	0.635641904768352	0.043	0.113	1	CDK7	c14
9.37150322447606e-05	0.634173540011679	0.043	0.118	1	RPP38	c14
0.000286885308108671	0.633902697116456	0.117	0.226	1	NPTN	c14
4.05371119684792e-05	0.633824546033673	0.034	0.108	1	TTC7A	c14
0.000263417128359714	0.633795885965093	0.046	0.116	1	MVB12B	c14
0.000431518942518068	0.633649195460872	0.052	0.123	1	NME7	c14
0.00481237339141155	0.633610048275596	0.025	0.065	1	SCFD2	c14
0.00430183653680307	0.633278017709407	0.031	0.075	1	ZNF124	c14
0.000346001981388863	0.633142619730066	0.049	0.12	1	ACADS	c14
0.189450899225513	-0.632866793727107	0.003	0.011	1	UBTD1	c14
0.273581097496663	0.632540450313574	0.006	0.013	1	CNIH3	c14
0.00266737613564188	0.631132088741163	0.037	0.087	1	MOB3C	c14
0.000131500840707038	0.630983497972008	0.071	0.159	1	NAA15	c14
0.105136310685369	0.629804798056808	0.006	0.018	1	TRAIP	c14
0.0378496526441104	0.628176348240141	0.015	0.038	1	DUSP3	c14
5.37986036217617e-05	0.628100109379393	0.052	0.137	1	CIZ1	c14
0.0131562580046617	0.627997441722243	0.308	0.472	1	ZNF331	c14
0.233454850753452	0.627919901523217	0.037	0.052	1	TRBV27	c14
0.00081126112271008	0.627905335534479	0.302	0.505	1	PRF1	c14
0.133084730560932	0.627804583524047	0.009	0.022	1	STK3	c14
0.00339327849925957	0.62775152445579	0.025	0.067	1	NEK4	c14
0.0604544475721019	0.627604220700047	0.025	0.048	1	RTL6	c14
0.000387641093633085	0.627320039486442	0.043	0.109	1	PCK2	c14
0.000696828475612444	0.62720052328121	0.04	0.1	1	TRAPPC10	c14
3.80089374265971e-05	0.62702555872474	0.142	0.282	1	EPSTI1	c14
0.00062306008410879	0.626836923842293	0.351	0.63	1	TAP1	c14
0.0011757705462163	0.626603829573619	0.04	0.097	1	GEMIN6	c14
0.0066129247031672	0.625647571476918	0.015	0.049	1	C4orf33	c14
0.00187757923180474	0.625586393554785	0.04	0.094	1	VARS	c14
0.0303226652028186	0.625549226804503	0.037	0.07	1	ZSCAN26	c14
8.34722601414014e-05	0.625548922908717	0.068	0.158	1	KPNA6	c14
0.000117673195917078	0.625452096957505	0.338	0.625	1	ETS1	c14
7.2249726934602e-05	0.625157764321393	0.068	0.158	1	LRIF1	c14
0.000111753396675701	0.625090277511355	0.314	0.59	1	TAX1BP1	c14
0.00148399058849977	0.624611647947225	0.062	0.128	1	RABL2B	c14
0.674073071751611	0.624212991858595	0.015	0.019	1	TRAV1-1	c14
0.000241847577798411	0.623626463798723	0.031	0.093	1	CCDC126	c14
5.57545216969865e-05	0.623478487136137	0.077	0.175	1	AP3M1	c14
8.14024637189988e-05	0.623318843798928	0.049	0.129	1	HDHD5	c14
0.00180676938620034	0.622879712385632	0.025	0.071	1	DOLPP1	c14
0.00329388266154771	0.622783313279976	0.015	0.053	1	ZBTB21	c14
8.52402901221826e-05	0.622571693972262	0.052	0.134	1	TSPAN31	c14
0.000160167069399038	0.622227876617286	0.043	0.115	1	DPH1	c14
0.0676544635160131	0.621907570298897	0.015	0.034	1	AC021054.1	c14
0.0659487118478248	0.621697654144336	0.003	0.016	1	FOXP4	c14
0.0376008843717179	0.62130339749085	0.009	0.029	1	ZNF182	c14
0.0234783888843528	0.621085776984857	0.028	0.059	1	ZNF354A	c14
0.00612073057794096	-0.620474992253392	0.009	0.039	1	TTC22	c14
0.0131336802552724	0.619907477449587	0.049	0.094	1	PDE4A	c14
0.0149272285634168	-0.619790777338782	0.009	0.034	1	HIST1H1B	c14
0.133793446516278	0.619462376560465	0.003	0.012	1	AC092747.4	c14
0.00231575846629969	-0.619395852605205	0.009	0.045	1	RARG	c14
0.000623700684991126	0.618487246272904	0.074	0.153	1	EPS8L2	c14
0.00377728184107075	0.618073020507218	0.366	0.642	1	EWSR1	c14
0.00295749028899184	0.617331650104517	0.058	0.118	1	BRAP	c14
0.000255439337384632	0.617114507556545	0.08	0.169	1	DNAJA3	c14
0.00187353918163041	-0.617046743495248	0.009	0.046	1	LYRM9	c14
0.000169783240026431	0.616629322002099	0.08	0.173	1	MFSD5	c14
0.000141032046796317	0.616595139857349	0.249	0.46	1	CMTM6	c14
0.00106265334966355	-0.616523581877762	0.012	0.054	1	MAPK7	c14
0.0422492608945386	0.61638605283426	0.031	0.059	1	TBC1D22B	c14
0.0618118742507197	-0.616261142395001	0.003	0.016	1	ARF4-AS1	c14
0.0881311749218975	-0.616001272682934	0.003	0.014	1	SECTM1	c14
0.00334961619202048	0.615868190781337	0.031	0.076	1	SENP2	c14
0.0123039157632387	0.614818276194544	0.037	0.077	1	HSPA14.1	c14
0.165611790230454	0.614739270902507	0.009	0.02	1	CXorf57	c14
0.000932032968840186	0.614448411712607	0.025	0.075	1	RAB2B	c14
0.40600671687129	0.613861382383138	0.009	0.015	1	EBI3	c14
0.000592006306605457	0.613812455290991	0.058	0.13	1	VCPIP1	c14
0.00348322628834443	0.613760652197996	0.037	0.085	1	XKR8	c14
0.00799278095567244	0.613725731806992	0.028	0.066	1	DSTYK	c14
0.000484609138674624	0.61357020602922	0.034	0.093	1	TMEM254	c14
0.00513079256788052	0.612726951134365	0.037	0.083	1	NSUN3	c14
0.0131037173888115	-0.61271824155333	0.012	0.04	1	AC243829.4	c14
0.00158565092282598	0.612004667823656	0.062	0.127	1	FAM122A	c14
0.00017218564852169	0.611691572577668	0.043	0.114	1	AC091959.3	c14
0.0686837806228016	0.61125651674626	0.449	0.781	1	CDC37	c14
0.000248216175745339	0.611247604355699	0.049	0.122	1	YKT6	c14
0.000202295782826809	0.610936177959137	0.08	0.171	1	TBK1	c14
0.00101241203611301	0.610106923012725	0.034	0.089	1	SLC44A1	c14
0.00585259767791566	0.609623335771885	0.003	0.029	1	OIP5	c14
0.100673679533139	0.609308740712899	0.012	0.028	1	MORN2	c14
5.69497439596034e-05	0.608753204198046	0.326	0.61	1	CDKN1B	c14
0.000664079231207034	0.608513810569555	0.055	0.124	1	FBXO22	c14
0.340264768709501	0.608497411167407	0.006	0.012	1	ZNF514	c14
0.00130251694384879	-0.608167670492793	0.009	0.048	1	AC004817.3	c14
0.175863872361767	0.608049349320548	0.012	0.024	1	C12orf42	c14
0.000705716793722264	0.60793859581949	0.031	0.086	1	KIF3B	c14
0.646605878059121	-0.607915189044803	0.015	0.019	1	TRBV10-3	c14
0.0009237126337445	0.607784205146042	0.04	0.099	1	STRADA	c14
0.00590382040973651	0.60753944307235	0.015	0.049	1	SDHAF4	c14
0.0023720430078978	0.607537184064921	0.034	0.083	1	ZFYVE19	c14
0.811729001666262	0.607213218728815	0.542	0.848	1	HCLS1	c14
0.105599351247799	0.607135790068885	0.018	0.036	1	LINC02328	c14
0.00425406137927544	0.606260418476268	0.049	0.102	1	VPS11	c14
0.000510901780010917	0.60598870424518	0.028	0.083	1	EXT2	c14
0.0739335532007269	0.605937535860846	0.015	0.034	1	ZNF354B	c14
0.00119319324294492	0.605884558062479	0.412	0.704	1	HSPA5	c14
0.0798654140335096	0.60569020175747	0.012	0.029	1	STOML1	c14
0.000107401349871518	0.605594690817859	0.068	0.156	1	TBC1D9B	c14
0.00147017748639518	-0.604989427272007	0.015	0.057	1	NLE1	c14
0.00381207761114329	0.604584223682492	0.04	0.089	1	C6orf120	c14
0.198445891458706	0.603725111089349	0.003	0.01	1	SNHG4	c14
3.76915304358744e-05	-0.603073924187753	0.018	0.082	1	OSM	c14
0.00971231512220535	0.602884720043801	0.022	0.056	1	ACER3	c14
0.00162619789353735	-0.60240337808211	0.018	0.062	1	FAM206A	c14
0.00217858647445086	0.602403079711504	0.338	0.6	1	ACTR2	c14
0.00256956124056575	0.601882677268519	0.043	0.097	1	NOL10	c14
0.103353042007087	0.601871723571623	0.003	0.014	1	BMP2K	c14
0.00573416646240846	0.601762868174482	0.046	0.095	1	RNF24	c14
0.000655949029427867	0.601726608677738	0.074	0.153	1	MCPH1	c14
0.279631120298975	0.601649115044496	0.015	0.025	1	ALDH1B1	c14
0.000194409737803548	0.601628475505776	0.071	0.156	1	KANSL2	c14
0.00875030571507421	0.601598004955906	0.046	0.092	1	SMURF2	c14
0.000236273178202768	0.600382709394454	0.062	0.141	1	CMIP	c14
0.000285178164553388	0.600320529780585	0.062	0.14	1	BTBD10	c14
0.00157244867760944	-0.600227741169224	0.009	0.047	1	WDHD1	c14
0.00150053786499537	0.59996890645281	0.031	0.081	1	CC2D1B	c14
0.00136353121004704	0.599082039425459	0.058	0.124	1	YIPF6	c14
0.00266425514280112	0.59896850157391	0.046	0.101	1	BICD2	c14
0.00930791466934982	0.598507297045981	0.04	0.083	1	AIM2	c14
0.00662730435261631	0.598451040402627	0.062	0.117	1	PIP4K2C	c14
0.0571731941970008	-0.598438867537946	0.003	0.017	1	NCKAP5L	c14
0.129950862644662	0.598116738613384	0.012	0.026	1	ZNF624	c14
0.00107115193934757	0.597710987904729	0.052	0.116	1	ORC3	c14
0.00205070021663145	0.59691754574193	0.046	0.103	1	PHLDB3	c14
4.18919811782932e-05	0.596828197651234	0.031	0.103	1	RTP4	c14
0.0552042925969618	0.596415154944285	0.015	0.036	1	PON2	c14
5.5507849283942e-05	0.59599777909585	0.36	0.667	1	DENND2D	c14
0.0320703862059562	0.595228379373533	0.012	0.034	1	MTMR10	c14
0.000185592248679594	0.594949568047011	0.086	0.181	1	PIGS	c14
0.0548851765270739	0.594019143077686	0.034	0.061	1	UBR3	c14
6.64717190410803e-05	0.593930840758791	0.108	0.223	1	U2AF1L4	c14
4.32465174060843e-05	0.592596885857986	0.025	0.093	1	AGFG1	c14
0.171965580416734	0.592481143105346	0.006	0.016	1	AC018797.2	c14
0.000244813877013339	0.592122643633322	0.065	0.145	1	SPOUT1	c14
0.0791739400443242	0.591498963267838	0.003	0.015	1	ADAMTS4	c14
0.0840449612835222	0.590994361903737	0.028	0.05	1	ZNF18	c14
0.00519978038137489	0.590615982255104	0.015	0.05	1	EOGT	c14
0.00537206074260678	0.590368000109853	0.037	0.082	1	C6orf106	c14
0.0198667242590672	0.590261010804001	0.022	0.051	1	FUZ	c14
0.028018425110203	-0.590182070748595	0.006	0.026	1	AC107959.1	c14
0.0340817376042512	0.590077372645059	0.015	0.039	1	IQCE	c14
0.000414333393847922	-0.58967520069555	0.012	0.059	1	DSN1	c14
0.00934298048573827	0.589594262461393	0.058	0.11	1	PAFAH1B2	c14
0.00418062666177052	0.589491538055843	0.037	0.082	1	TRAV13-1	c14
0.00100219384449646	-0.589362974410886	0.022	0.069	1	DNLZ	c14
0.169702676655138	0.589289475307283	0.006	0.016	1	KCTD21	c14
0.011998968289665	0.589250132161038	0.012	0.04	1	CDCA7L	c14
0.0038035728854239	0.58910254579043	0.022	0.061	1	RAB33B	c14
0.0430510940821692	-0.588996699500302	0.003	0.018	1	TTL	c14
5.1726524022895e-05	0.588782701165949	0.052	0.136	1	CIDEB	c14
0.000930908194259457	0.588754292930275	0.031	0.084	1	LRRC23	c14
0.0039642043870282	0.588654953683082	0.031	0.075	1	RMND1	c14
0.00140918327491447	0.588062600378742	0.031	0.082	1	WIPI1	c14
0.000249485254183046	0.587802805204974	0.308	0.555	1	BIN2	c14
0.0559961356001182	0.587592522339666	0.015	0.036	1	STARD10	c14
0.226612258990842	0.587446119690904	0.006	0.014	1	CCDC102B	c14
0.0543035692196142	0.587413423164532	0.018	0.04	1	IZUMO4	c14
0.000932020901384487	0.587242778987535	0.074	0.15	1	NMT2	c14
0.000316949515242975	0.587142320694927	0.049	0.12	1	CEP63	c14
0.000564836159651993	0.587050063399036	0.028	0.083	1	ZNF586	c14
4.67016975332445e-05	0.58670813503045	0.031	0.103	1	RBM15B	c14
0.158274900364634	0.586302549156936	0.003	0.011	1	C17orf53	c14
0.00404707419729991	0.5848601114389	0.018	0.056	1	GID4	c14
0.109565325819818	0.584766639415331	0.031	0.052	1	FAM189B	c14
0.0718292092671951	0.584661646636675	0.012	0.03	1	TP53INP2	c14
0.000691275128044473	0.584391751471275	0.037	0.096	1	OGFOD2	c14
0.102396172782921	0.583928699546818	0.015	0.032	1	LONRF1	c14
0.000345333926062173	0.583724887733918	0.062	0.138	1	PDLIM5	c14
0.00987582260835272	0.583622764866631	0.406	0.693	1	EZR	c14
0.0158829941819394	0.583316750848546	0.018	0.048	1	TIRAP	c14
0.000673694550908395	0.583022546134858	0.055	0.124	1	LRRC58	c14
0.00092300794047762	0.582970282559578	0.382	0.688	1	DDX24	c14
0.00201584566493482	0.582734195256299	0.015	0.055	1	AL121944.1	c14
0.00314126932868697	-0.582594302450322	0.009	0.043	1	BEX5	c14
0.00141888768766561	0.58248954382913	0.037	0.091	1	ZNF639	c14
0.0310163566581139	0.582165197436562	0.015	0.039	1	DUS2	c14
0.0186380635456429	0.582095776010681	0.015	0.042	1	IGFBP4	c14
0.0514325827878579	-0.581744312254872	0.003	0.017	1	AC008443.5	c14
0.00028451477154543	-0.5815681483471	0.006	0.051	1	CENPW	c14
0.00115737414166	0.580919387368394	0.046	0.106	1	PTGDR	c14
5.18414794400801e-05	0.58060339335349	0.046	0.127	1	CEP104	c14
0.0739761714163536	-0.580244228657665	0.003	0.015	1	NOS3	c14
0.000116346111127265	0.580177951921141	0.046	0.122	1	C12orf29	c14
5.12553911730547e-05	0.580092022438135	0.065	0.156	1	KATNA1	c14
0.00322949171058144	0.579957210265939	0.015	0.053	1	TAF5	c14
0.000156397491915441	0.579917089170388	0.04	0.11	1	CLIC5	c14
0.0828149908420631	0.579897167529053	0.018	0.037	1	RSAD2	c14
0.00159726332401243	0.579444039070031	0.058	0.123	1	ALG1	c14
0.000182248979743269	0.579148576696807	0.058	0.138	1	SLC43A3	c14
0.0178289504591592	-0.578427201665296	0.003	0.023	1	HIST1H2BJ	c14
0.00643281914436684	0.578320151314625	0.003	0.028	1	E2F1	c14
0.00179401466010416	0.577996296487843	0.058	0.122	1	LZTFL1	c14
0.0117845998793436	0.577994247330122	0.022	0.054	1	SSBP3	c14
0.0385772532851576	0.577870570018715	0.022	0.047	1	ZBTB33	c14
0.00337828411338815	0.577082573115881	0.034	0.081	1	APOBEC3D	c14
0.0434166494597392	0.576790095001443	0.003	0.018	1	KLF4	c14
0.0195909884182327	-0.576785732033701	0.006	0.028	1	DYNC2LI1	c14
0.00533892663766811	0.576568396094581	0.031	0.073	1	AMFR	c14
0.020821012805529	0.576438615809195	0.031	0.064	1	SETD4	c14
0.000467830427037003	0.576173496246285	0.052	0.122	1	NIF3L1	c14
0.429157429681941	0.57573909549282	0.006	0.011	1	ZHX3	c14
0.000303115736407132	0.575006943197796	0.012	0.061	1	LINC002481	c14
0.00993264191868828	0.574480851696949	0.025	0.06	1	AKAP1	c14
9.40605612380198e-05	0.573363571556055	0.062	0.147	1	MSMO1	c14
0.00688424810185565	-0.573335282523971	0.006	0.033	1	PARPBP	c14
0.00162751297678126	0.573253780770392	0.025	0.071	1	ZNF749	c14
0.00309355794390996	0.57154895965253	0.062	0.123	1	INSIG2	c14
0.000214782644786816	0.571506194423917	0.052	0.127	1	TMEM9	c14
0.000114195267163956	0.571502396556276	0.062	0.146	1	ATG13	c14
9.76358683581771e-05	-0.571230560109205	0.006	0.056	1	MCM2	c14
0.0130134830636598	0.570804721638389	0.025	0.058	1	C17orf80	c14
0.111245532137151	0.570759801470728	0.006	0.018	1	PKN3	c14
0.00089763249792465	-0.570379381548419	0.015	0.06	1	MANBAL	c14
0.00120137843750478	0.570005581503987	0.025	0.073	1	PLEKHB1	c14
0.0318518622797707	0.569880037659006	0.009	0.03	1	FBXO30	c14
0.00459603949697668	0.569633400229984	0.028	0.07	1	LIMK1	c14
0.0229913296687877	-0.569539104164458	0.003	0.021	1	KPTN	c14
0.116435379838206	0.56953262103872	0.006	0.018	1	F2RL1	c14
0.0249766119498732	0.568135094825276	0.022	0.05	1	ADCK2	c14
4.37819017360629e-05	0.567888254466469	0.098	0.211	1	TERF1	c14
0.00580088737820098	0.567031819749473	0.178	0.286	1	FASLG	c14
0.000339998328488656	0.566591472089736	0.025	0.081	1	SLC27A2	c14
0.795531471412356	0.566531814087523	0.572	0.904	1	TMBIM6	c14
0.0195557817298537	-0.566312546358751	0.012	0.037	1	SPSB2	c14
0.000727862414953885	0.565608749076964	0.015	0.061	1	WDR34	c14
5.43399618226182e-05	0.565265840484523	0.062	0.151	1	TMEM199	c14
0.00159159729996561	0.56522079473869	0.037	0.091	1	BAP1	c14
0.00889344477304479	0.56398937036679	0.015	0.047	1	CLPB	c14
9.19511443633456e-05	0.563368594471207	0.055	0.138	1	USP5	c14
0.00012307795502758	0.563268334996818	0.055	0.136	1	FBH1	c14
0.00525498112588098	0.562405811195808	0.052	0.102	1	TRBV20-1	c14
0.0481016081297958	-0.562376324713036	0.003	0.018	1	MS4A1	c14
7.68339243414139e-05	0.561461787924706	0.065	0.154	1	DNTTIP1	c14
0.0128666259612576	0.561409676295403	0.028	0.063	1	IRF8	c14
0.00647996269118276	0.561291791903083	0.012	0.044	1	PPM1F	c14
0.0272502269602272	-0.561146001724533	0.003	0.021	1	LTC4S	c14
0.000863554635271248	0.561121133442247	0.012	0.055	1	GNA15	c14
0.000156304912234554	0.560468033005432	0.068	0.154	1	TPRA1	c14
0.0023042528790746	0.560148318167117	0.025	0.069	1	RENBP	c14
0.00722316467608845	0.560110635666727	0.052	0.103	1	PIGK	c14
9.9835061474744e-05	0.559445212716137	0.04	0.113	1	EXOSC4	c14
0.00111480029394023	0.559369587583648	0.037	0.093	1	NAT10	c14
0.00986687137333211	0.559071449848218	0.012	0.041	1	HHLA3	c14
0.000824073024988389	0.55883536054565	0.354	0.623	1	ITGB2	c14
0.0013311264362827	0.558582267188563	0.043	0.101	1	GPATCH11	c14
0.000103853079616322	-0.558494640350345	0.009	0.062	1	FAR2	c14
0.0685566067370064	-0.557547978859598	0.006	0.021	1	RNF19B	c14
0.00676117094109362	0.557402001585352	0.025	0.063	1	RIOX2	c14
0.00477925721679255	0.557248042217638	0.046	0.096	1	BBC3	c14
0.239886064600669	0.557135406169278	0.458	0.738	1	WIPF1	c14
0.0726885741736193	0.556954613239492	0.006	0.02	1	LINC01006	c14
3.43025954452121e-05	0.556607526570912	0.342	0.645	1	MTDH	c14
0.15923909003323	0.556544361280626	0.015	0.029	1	TRBV11-2	c14
0.04714276912007	0.556018252539155	0.018	0.041	1	ZNF197	c14
0.00290467234166617	0.556003411725152	0.043	0.096	1	RPRD1B	c14
0.160966074528664	0.555985636855537	0.012	0.025	1	AP002490.1	c14
0.150459773976299	0.555347670987266	0.006	0.016	1	DDTL	c14
0.000725437852899271	0.554985627236761	0.055	0.124	1	FMNL3	c14
0.00178993488235467	0.554515821786626	0.04	0.094	1	UCK1	c14
0.00011528213101306	0.55424945082292	0.062	0.146	1	SH3GL1	c14
0.00350156764111603	0.554162006969171	0.034	0.081	1	CNEP1R1	c14
4.72116622854881e-05	0.553924928682745	0.037	0.112	1	INTS12	c14
5.01768336678217e-05	0.553734243453695	0.237	0.415	1	LAG3	c14
0.00509546134338975	-0.553250325346412	0.006	0.035	1	LIN9	c14
0.0701711799482029	0.552760599353358	0.462	0.793	1	CD53	c14
0.101839424308535	0.552315755493928	0.009	0.023	1	DRAM1	c14
0.00260128800751712	0.551605315776774	0.351	0.505	1	GZMA	c14
0.015407068468793	0.551259216074693	0.031	0.066	1	GGCX	c14
4.44894283471902e-05	0.551181196697342	0.212	0.403	1	MGAT1	c14
0.193999188239636	0.550379416678273	0.006	0.015	1	AC097534.2	c14
0.0129346855729176	0.550265012271085	0.012	0.04	1	ZDHHC2	c14
0.000653567393383025	0.549554093332483	0.077	0.158	1	FBXO21	c14
0.00595015155141595	-0.548721291223364	0.012	0.044	1	AC017002.3	c14
0.00905781679792049	0.548716395572963	0.037	0.079	1	NFRKB	c14
0.00218073967119874	0.548204507566066	0.015	0.055	1	SRD5A3	c14
0.00176730829290273	0.548142494211905	0.04	0.094	1	LINC01943	c14
0.000225774327361567	0.547931727806559	0.037	0.103	1	ZNF33B	c14
0.174841851278374	0.547900715269265	0.003	0.011	1	CDKL5	c14
0.00481767688784801	0.547791377608637	0.037	0.083	1	PIGM	c14
0.000156634584616595	0.547780069610647	0.068	0.153	1	GTF2IRD2B	c14
0.00377005144751189	0.547771351162794	0.028	0.071	1	RCBTB2	c14
0.0394715312132203	0.547477326533467	0.015	0.038	1	ZNF606	c14
0.0342377666304899	-0.54744002373459	0.003	0.019	1	POC1B-AS1	c14
0.000667147112941629	-0.547049871709941	0.009	0.051	1	ICK	c14
0.00339699004193251	0.546862603099987	0.034	0.081	1	RNF26	c14
6.83030986914164e-05	0.5468602399774	0.068	0.159	1	PAPSS1	c14
0.0173499851645066	0.546211664490872	0.049	0.091	1	DBN1	c14
0.000439881676324478	0.54581501800305	0.074	0.155	1	TMEM140	c14
0.0338325636179937	-0.545759019451059	0.009	0.029	1	ZNF461	c14
0.000118347215660876	0.545598261825428	0.049	0.126	1	WDR55	c14
0.12776507384193	0.545585528490539	0.003	0.013	1	CYB5D1	c14
0.000897635314167051	0.545340613361957	0.062	0.132	1	CARD19	c14
0.000381981015859431	0.544928090074644	0.034	0.095	1	C6orf203	c14
0.0231709049444231	0.544820732314391	0.009	0.032	1	BMPR2	c14
5.5919027444135e-05	0.544761232039678	0.132	0.264	1	CTR9	c14
3.88001659766096e-05	0.544756442175315	0.062	0.153	1	BSCL2	c14
0.000530364738360982	0.544136554511742	0.034	0.093	1	MTMR2	c14
0.00208901892214713	0.543887625183499	0.062	0.125	1	AC022706.1	c14
0.00203967145275716	0.543695795390014	0.009	0.045	1	BORA	c14
0.000289711812443603	0.54360835799369	0.034	0.097	1	AHCYL1	c14
0.223471629244221	0.543517523948875	0.003	0.01	1	AC243960.3	c14
0.0787860316117431	0.543005120234015	0.022	0.042	1	SLC31A1	c14
0.0541600459387041	0.542932625756208	0.015	0.036	1	TMSB15B	c14
0.000110651786225226	0.542126324216307	0.077	0.171	1	AGK	c14
0.000966557832376928	0.542081578284668	0.037	0.093	1	CCNG2	c14
0.023624470678943	-0.5415017155618	0.003	0.021	1	BLK	c14
0.00382160685962665	-0.540829462492527	0.003	0.031	1	CRYBG2	c14
0.265605744907089	0.540729287229379	0.006	0.013	1	RHOBTB2	c14
0.0115096309307235	0.540555574140135	0.018	0.05	1	CMPK2	c14
0.0146383334813363	0.539761099547156	0.034	0.071	1	PIK3AP1	c14
0.000918965295408746	0.539598533972435	0.012	0.055	1	MON1A	c14
0.00115712519656803	0.539555856394516	0.022	0.069	1	NOP14-AS1	c14
9.10706930617688e-05	-0.539519337473441	0.012	0.068	1	GATD3A	c14
0.000623010099277077	0.539264490757854	0.031	0.087	1	MINPP1	c14
5.06293520360691e-05	0.538695481669708	0.289	0.542	1	SURF4	c14
0.00955425362458115	0.538693120302152	0.018	0.051	1	MECR	c14
0.153770648678685	0.538419391980722	0.009	0.021	1	AC034236.2	c14
0.0251377693900505	0.537660154729479	0.015	0.041	1	CSNK1E	c14
0.000137764532668755	0.537505383712956	0.052	0.13	1	ZNF195	c14
0.00895986345840736	0.537219418128659	0.031	0.07	1	WHRN	c14
0.0560673384619828	-0.537194902878987	0.003	0.017	1	ATP1A3	c14
0.193232579121671	0.53686145644099	0.012	0.024	1	SLC15A4	c14
0.00461735781835585	-0.536506433253433	0.009	0.041	1	FBXO2	c14
0.014111388675432	-0.536189915275271	0.003	0.024	1	PLK4	c14
0.129245792287394	0.536023137756942	0.003	0.012	1	SRXN1	c14
3.65351592718408e-05	0.535600909604469	0.055	0.144	1	ALAS1	c14
0.00150043406099859	0.535124685730721	0.037	0.091	1	ZNF264	c14
0.0780653734438504	0.534786639044848	0.003	0.015	1	AL139352.1	c14
0.000425534758472003	0.534701519804978	0.055	0.128	1	KCTD5	c14
0.000221738981314587	0.534590279324965	0.065	0.146	1	FAM45A	c14
0.00239605199501313	0.534334354876703	0.028	0.074	1	TNFAIP8L1	c14
0.0319532753497139	-0.532100507237612	0.003	0.02	1	DRAIC	c14
0.0047409956388596	-0.531983260451808	0.012	0.046	1	SNN	c14
0.00304570152572974	0.531962673667251	0.018	0.058	1	IER5L	c14
0.000119986031330748	0.531720970431669	0.058	0.141	1	DYNC1LI2	c14
0.109104003754838	-0.531656263168709	0.003	0.013	1	CDK20	c14
0.210931873651517	0.531368970194403	0.015	0.027	1	FKBP1B	c14
4.7374359427984e-05	0.530827891536162	0.055	0.142	1	ZFAND2A	c14
0.08234674000671	0.530811639729885	0.443	0.708	1	CTSC	c14
0.00104525504192706	-0.530636064382935	0.015	0.059	1	A1BG-AS1	c14
0.002401459343818	0.5305434429555	0.037	0.088	1	BTD	c14
0.045104368169688	0.530345577649519	0.04	0.071	1	TMEM161B-AS1	c14
0.0162820615450297	-0.529834783949942	0.012	0.038	1	CITED4	c14
5.76632885399203e-05	0.528945776031877	0.043	0.121	1	REV1	c14
0.00225087901158282	0.528732698633348	0.028	0.074	1	SUFU	c14
0.00508713252007353	0.528506395616291	0.018	0.055	1	FAHD1	c14
0.000141986134426677	0.528252808528398	0.369	0.675	1	PPP1R2	c14
0.000949300314174412	0.527962064416851	0.015	0.06	1	PLAGL2	c14
0.0346179240260895	0.527375800157853	0.034	0.065	1	PGAP3	c14
0.04074170935545	0.52736413743294	0.003	0.018	1	C16orf95	c14
3.17643549517018e-05	-0.527209063553677	0.022	0.089	1	QRSL1	c14
0.0269002976080498	-0.527125808896248	0.009	0.031	1	TST	c14
0.0840111742902784	0.526132779290774	0.003	0.015	1	AC091982.3	c14
0.0733711546129466	-0.525955793302898	0.003	0.015	1	ZNF501	c14
8.07411683180992e-05	0.524869684171466	0.046	0.124	1	TRIP4	c14
0.000936168050951959	0.524765276518677	0.055	0.122	1	SMPD4	c14
0.004536151606727	-0.524482417173862	0.028	0.068	1	TRAV17	c14
0.00366046434090328	0.523776758933989	0.015	0.052	1	SCARB2	c14
0.00106769701872087	0.523618182872193	0.018	0.064	1	CIC	c14
0.0185992710540359	-0.523281143840284	0.009	0.033	1	LYL1	c14
0.0409432432728104	-0.523027986413321	0.012	0.033	1	TRAV25	c14
0.34027596575118	0.522893234490626	0.006	0.012	1	USP51	c14
0.000383214819978334	0.522860302587297	0.046	0.114	1	C19orf48	c14
4.26885931114941e-05	0.522729691147849	0.049	0.133	1	GALNT6	c14
0.511631756127463	0.522593135354073	0.006	0.01	1	TBC1D16	c14
0.000433762883654279	0.522258819851787	0.052	0.123	1	SCYL2	c14
0.000481556244522302	0.521552623477674	0.037	0.098	1	SMARCAL1	c14
0.000460415478255461	0.52134903513072	0.052	0.122	1	CHPT1	c14
0.0336753857901898	0.521205737979754	0.003	0.019	1	ANLN	c14
0.000218855676760115	0.521171204563611	0.031	0.093	1	RPUSD4	c14
0.423414133721791	0.521101235686697	0.006	0.011	1	AC123768.3	c14
0.0136929834789207	0.520999469427393	0.022	0.053	1	ZNF649	c14
0.00808376810491527	0.520978822101664	0.015	0.047	1	DHRS7B	c14
0.870347455577256	-0.52076183485598	0.015	0.017	1	TRDV2	c14
0.0098557159100146	0.518322921285042	0.44	0.7	1	IRF1	c14
0.0233811632852626	0.518204958048269	0.009	0.032	1	FOXK2	c14
0.382134140178559	0.517906320343193	0.551	0.699	1	RGS1	c14
0.000275807233238488	0.517075718926106	0.058	0.135	1	TMEM205	c14
0.000387610482934877	0.51643223376284	0.022	0.075	1	SLC39A3	c14
0.0501141801937075	0.515971456998773	0.022	0.045	1	SLC9A6	c14
4.62805719938786e-05	0.515384168826723	0.28	0.523	1	EVI2B	c14
9.0477349547113e-05	0.51523171979127	0.055	0.138	1	DUSP12	c14
0.000670867385339676	-0.515115780535977	0.009	0.051	1	PNPO	c14
0.00562227774873	0.514525932463392	0.022	0.059	1	ZNF184	c14
0.0206372425254884	0.513397702916599	0.018	0.046	1	ZNF296	c14
3.2274571081751e-05	0.513369954827768	0.055	0.144	1	TANGO2	c14
0.0367496940664669	0.512922110552879	0.012	0.034	1	TIGD7	c14
0.000258914661757226	0.512565941648631	0.043	0.111	1	BDH2	c14
0.0300262364696609	0.512370219201313	0.006	0.025	1	KLHL25	c14
0.00391482889853269	-0.512091010141659	0.006	0.036	1	URB1	c14
0.0625107401219435	-0.512084219422078	0.006	0.021	1	MIR9-3HG	c14
0.000198677431633272	0.511951126014158	0.089	0.186	1	TMEM223	c14
0.0399938990100512	0.511857653407002	0.009	0.028	1	KAT14	c14
0.12163805389585	0.511715731403863	0.009	0.022	1	ZNF23	c14
0.00463327695252246	0.511451671764065	0.022	0.06	1	FECH	c14
0.0630440395144393	-0.51133278625723	0.009	0.026	1	CLCF1	c14
0.000100037745936639	0.510858983405449	0.049	0.128	1	WDR75	c14
0.00118866036395242	0.510434751416581	0.049	0.111	1	SNX18	c14
0.00591148953759102	0.510226632915048	0.018	0.054	1	ACOT4	c14
0.00031961833710472	0.509633365477247	0.031	0.091	1	ZNF136	c14
0.00409225158183838	0.509615073016531	0.034	0.08	1	C12orf73	c14
0.0889984315190595	-0.509338909618652	0.003	0.014	1	SLC25A10	c14
0.0312182374117927	0.508587743626256	0.009	0.03	1	C5orf30	c14
0.0114978314465445	0.508433571073897	0.037	0.077	1	LACTB	c14
0.337729006757129	0.508395400368699	0.058	0.074	1	TRAV19	c14
9.43614992721364e-05	0.508377405089977	0.182	0.342	1	ERGIC2	c14
0.0034019744528251	0.508120540788872	0.006	0.037	1	CIP2A	c14
0.000141842824413827	0.507423388252877	0.022	0.081	1	ARL13B	c14
0.00117839934479064	0.506476540458727	0.043	0.102	1	EIF2AK4	c14
0.00457729984391371	0.506373573489846	0.015	0.051	1	MED20	c14
0.164351426374822	-0.506223337847154	0.003	0.011	1	ZNF239	c14
0.000681696143719501	0.505457885765475	0.015	0.062	1	ATMIN	c14
0.0121357119921037	-0.505209785871765	0.006	0.03	1	ZNF367	c14
0.140175410544711	0.505003821577455	0.015	0.03	1	CPNE2	c14
0.192101756345511	0.504929220196391	0.003	0.01	1	C18orf54	c14
0.0237149910436226	0.504810592717452	0.006	0.026	1	SHLD3	c14
4.24867194738316e-05	-0.504103610204153	0.012	0.072	1	ING2	c14
0.000133936482325888	-0.503576902483071	0.022	0.081	1	TMEM229B	c14
0.0500244839234145	0.503315547072186	0.003	0.017	1	AC026471.1	c14
0.0213611138523907	-0.502463450142563	0.012	0.037	1	ARRB1	c14
3.60767197653723e-05	0.502412129224199	0.12	0.248	1	FOXN2	c14
0.00164007802012559	0.502221051069822	0.034	0.085	1	CHN2	c14
0.000536754900906616	0.501813522113613	0.022	0.073	1	MRPL53	c14
0.0102434142679477	0.501720212911518	0.012	0.041	1	AP000787.1	c14
0.000137241690959045	0.500809045427836	0.022	0.081	1	HSF2	c14
0.212974791954339	0.500567269074246	0.652	0.893	1	CD7	c14
0.00836677685155469	0.49952944607146	0.034	0.075	1	ZNF420	c14
0.0169120032807575	0.499073010345719	0.006	0.028	1	EEF1AKMT4	c14
0.000282216683023747	0.498356721522709	0.052	0.126	1	NCBP1	c14
0.00137890658426832	0.49828095063696	0.034	0.087	1	MCEE	c14
0.000230881501509277	0.498133678518622	0.043	0.112	1	HMGCS1	c14
0.000716285584378897	0.497548840895265	0.031	0.086	1	POGK	c14
0.0199871040943985	0.497498216288402	0.018	0.046	1	LAPTM4B	c14
6.23285076761319e-05	-0.496882829633362	0.012	0.07	1	IL23R	c14
0.00660069271056677	-0.49604417035779	0.006	0.033	1	RPS10-NUDT3	c14
0.0182300063985948	0.495321364915573	0.015	0.042	1	CCR1	c14
3.07240493476012e-05	0.495147339704277	0.178	0.347	1	ADD3	c14
0.000144827138264539	0.494644933092614	0.046	0.12	1	THAP5	c14
0.00703531503545301	0.493963583672446	0.025	0.062	1	LZTS2	c14
0.0645340697968182	0.493750013184897	0.006	0.021	1	NCAM1	c14
5.3492260000295e-05	-0.493261563139435	0.009	0.065	1	ZNF821	c14
0.0226617900212638	0.492402017890916	0.009	0.032	1	UTP14C	c14
0.000333172148026523	0.492249000000258	0.034	0.095	1	CPQ	c14
0.000312547237332419	0.492172324276404	0.049	0.12	1	MAP3K1	c14
0.000225697781393299	0.492159118265142	0.04	0.108	1	FZR1	c14
0.00259583815564176	0.491968762855262	0.018	0.059	1	LIAS	c14
5.96484361719165e-05	0.491875341309409	0.062	0.15	1	BOLA2-SMG1P6	c14
0.00634270108821686	0.491825215921162	0.046	0.095	1	FAM174A	c14
0.218662274539681	-0.491591199401129	0.003	0.01	1	TRIM7	c14
0.00620481612147098	0.491235998250377	0.022	0.058	1	MXI1	c14
0.000114054291248869	0.490709081107228	0.034	0.102	1	CES2	c14
0.130364480169288	0.49012279749375	0.003	0.012	1	AC062017.1	c14
0.00135727323686099	-0.489950065517387	0.012	0.053	1	STRADB	c14
0.00020145625151091	0.48986966159087	0.028	0.089	1	TUBD1	c14
3.24756060106497e-05	0.48973044088433	0.289	0.52	1	TENT5C	c14
0.0179468912644684	0.489349270478178	0.012	0.038	1	AP4S1	c14
0.416731808105407	0.489243424600943	0.022	0.029	1	TRBV5-4	c14
5.01746196127029e-05	0.488816242746478	0.055	0.142	1	GTF3C2	c14
0.000133290774973117	0.4887807066685	0.037	0.106	1	DDX10	c14
0.00415469881352898	0.488459354205338	0.003	0.031	1	ECT2	c14
0.0177720085731013	0.488137351286838	0.055	0.099	1	DUSP6	c14
3.52053007560815e-05	0.48795821138114	0.034	0.109	1	DDHD2	c14
0.00396935515134336	0.487906244031101	0.025	0.066	1	MAK16	c14
0.000562061688371019	0.48751947636473	0.034	0.092	1	TMEM68	c14
0.0102984219213286	0.487141649095939	0.018	0.051	1	ZBED4	c14
0.00697974638207253	0.487128576940592	0.009	0.038	1	C11orf21	c14
0.000752524255918399	0.486969029346549	0.031	0.086	1	PGAP2	c14
0.00426454469152017	0.486845217671539	0.015	0.051	1	KIF1C	c14
0.0505366409746567	0.486718620852027	0.006	0.022	1	PTPRK	c14
8.098077772294e-05	0.486418432291601	0.049	0.129	1	TTC5	c14
0.0762567943994462	0.486363906844641	0.012	0.029	1	NDRG2	c14
0.0296396072204488	0.485410838705149	0.495	0.832	1	LEPROTL1	c14
0.00166769344910112	0.485238040898086	0.046	0.104	1	GTF2A1	c14
0.000376741775577881	0.484601059954505	0.025	0.08	1	EMC1	c14
4.10255663957914e-05	-0.483867098751418	0.015	0.077	1	MAPK8	c14
0.00016689658461258	0.482712729792282	0.062	0.143	1	HELQ	c14
0.133701311333309	0.481991148404025	0.006	0.017	1	SCD	c14
0.10765506140544	0.481557066709848	0.698	0.937	1	CD2	c14
0.000541659177467941	0.481106061615357	0.046	0.112	1	PAICS	c14
0.00329516158793648	-0.48101791482995	0.003	0.032	1	TIPARP-AS1	c14
0.101314566179283	0.480715454039391	0.003	0.014	1	WFS1	c14
0.0806473995303662	-0.480022971153042	0.003	0.015	1	MYB	c14
0.00236028369630954	0.479901025559271	0.015	0.054	1	PDE6B	c14
0.000210745076153677	0.479740756264274	0.037	0.103	1	TUBGCP3	c14
0.000971323945857046	0.479570030806986	0.058	0.127	1	SDE2	c14
0.0860626903439723	0.47933776315876	0.022	0.041	1	HABP4	c14
0.197050093905197	-0.479177026926521	0.003	0.01	1	KIAA1958	c14
0.0193825625481848	-0.479176276716391	0.006	0.028	1	MDS2	c14
4.062105359315e-05	0.478993572523197	0.055	0.143	1	ORC4	c14
0.000747411763083751	0.478920199112872	0.034	0.091	1	RAD17	c14
0.0508375788507205	0.478405572161661	0.015	0.036	1	LINC00957	c14
0.0959568458409273	-0.478164549984787	0.003	0.014	1	ZNF594	c14
0.00554420647334058	-0.478030499726008	0.006	0.034	1	SUV39H2	c14
0.129760347359627	0.477876314396261	0.009	0.022	1	AC008040.5	c14
7.04334476847327e-05	0.47746466954676	0.04	0.115	1	DIABLO.1	c14
0.0784814644807965	0.477202522826531	0.898	0.999	1	HLA-C	c14
0.00257606206373149	0.47694253722638	0.012	0.049	1	ZNF544	c14
0.00363083322344416	-0.476706238531779	0.003	0.031	1	PYCR3	c14
0.0115841085021274	0.476433300961985	0.012	0.04	1	ZNF212	c14
0.0113046609819773	0.475939261532208	0.428	0.716	1	SFPQ	c14
5.06814748451175e-05	0.475518164615597	0.077	0.176	1	SLC39A1	c14
3.61738768091487e-05	0.475413835628362	0.074	0.173	1	MED27	c14
0.00558191557800103	0.475183704003318	0.025	0.064	1	LLGL1	c14
0.267015061120524	0.475023854902045	0.006	0.013	1	GALNT12	c14
0.192669432851268	0.474547728809052	0.003	0.01	1	FBXO36	c14
0.0108835284874063	0.47451956077364	0.031	0.069	1	CEP44	c14
0.000273491175802692	-0.474302930719853	0.022	0.077	1	AIG1	c14
9.64583519610119e-05	0.474145376426726	0.043	0.118	1	EIF4E3	c14
0.00252478041346318	-0.474024152220723	0.009	0.044	1	SNTA1	c14
0.0132214737209407	0.473558280656483	0.003	0.024	1	MAP3K20	c14
0.0653964996549737	0.472812142181705	0.003	0.016	1	AFDN	c14
0.0158784354919712	0.472639174823945	0.009	0.034	1	ZNF432	c14
0.000127639562407217	0.471734549399218	0.046	0.121	1	POLR3D	c14
4.36654226512642e-05	0.47169004480805	0.046	0.128	1	POLR3C	c14
0.0703135541785349	0.471655580122593	0.018	0.038	1	RGS16	c14
0.0113624380091752	0.471470534278955	0.022	0.054	1	TSHZ1	c14
0.0765477401879323	-0.471327238207205	0.022	0.041	1	TRAV5	c14
0.00811151736704139	0.470963655045535	0.04	0.084	1	MIEF1	c14
0.000112178938998287	0.470773488289806	0.049	0.127	1	MMS19	c14
0.119684171631624	0.470507165319868	0.012	0.026	1	SNX16	c14
0.000734676195376389	0.470260585508958	0.582	0.899	1	CD74	c14
0.000388161465293516	-0.469917650785142	0.009	0.054	1	CTBP1-DT	c14
0.0215806392300332	0.469622901759105	0.012	0.037	1	CCDC146	c14
0.00110734962984729	-0.469616750218407	0.003	0.038	1	KIFC1	c14
8.82605137183059e-05	0.469197061018503	0.028	0.094	1	AC004922.1	c14
0.936404272441942	0.468615220785597	0.557	0.854	1	SEPT1	c14
0.00207967254982377	0.468356055913499	0.058	0.121	1	CCDC43	c14
0.00095795599192887	0.467901936511211	0.354	0.635	1	VCP	c14
7.77952723626458e-05	-0.467754903942948	0.012	0.069	1	SLC9A3	c14
0.0458974419603971	0.467671732890345	0.003	0.018	1	TBCE	c14
0.00170960184731095	0.467653969811536	0.052	0.113	1	CDKN2A	c14
0.0104033709587063	0.467389342438312	0.009	0.036	1	FANCM	c14
0.02482541897955	-0.467189635844043	0.003	0.021	1	SPACA9	c14
3.13069101642717e-05	0.467181807303179	0.049	0.135	1	PLEKHA1	c14
0.0259287575863133	0.466942524555675	0.043	0.08	1	ZNF397	c14
0.000222698420305407	0.466331606556282	0.04	0.108	1	THRA	c14
0.000437461809420474	0.465902931873809	0.037	0.099	1	WRB	c14
0.00799907051811307	0.465288056698999	0.015	0.047	1	CPA5	c14
0.303952513264732	0.46423400762299	0.006	0.013	1	AC097103.2	c14
0.0017985159075346	0.464146805708708	0.034	0.085	1	SLC25A51	c14
0.0011173642680435	0.463920080243761	0.025	0.074	1	GGT1	c14
0.00413420936559113	0.463881772106345	0.028	0.07	1	TADA2A	c14
0.201229148876365	-0.463756520354994	0.003	0.01	1	AC104532.1	c14
0.000669751804975449	0.463611586807799	0.04	0.101	1	MSH2	c14
0.00602390579103472	0.463396243617688	0.015	0.049	1	ALKBH1	c14
0.275021032425895	0.463115455577835	0.018	0.029	1	ANKEF1	c14
0.000133642076352739	-0.462538034796457	0.006	0.055	1	ZNF575	c14
0.000444791516998716	0.462506166223357	0.04	0.103	1	HARS2	c14
0.0721457479752046	-0.462457322088096	0.006	0.02	1	DPY19L1	c14
0.0112297301433802	0.462318649804668	0.025	0.059	1	CEP41	c14
6.83990053112063e-05	-0.462229641753964	0.022	0.085	1	ZBTB45	c14
3.43337787110221e-05	0.462194085831894	0.043	0.124	1	MAP1LC3A	c14
0.000116026033088194	0.460754804532177	0.055	0.136	1	USP42	c14
0.120583184283731	-0.460610464135914	0.003	0.013	1	ZNF607	c14
0.000154108294349182	0.460578931170821	0.058	0.139	1	SRFBP1	c14
0.000192442211212475	0.460104718461238	0.055	0.133	1	MAN1A1	c14
0.0577702309868943	0.459739270417675	0.009	0.026	1	ZNF792	c14
0.0138383647300127	0.459352417424513	0.009	0.034	1	RAB40B	c14
0.04281472811181	0.459090356856761	0.015	0.037	1	ZNF585B	c14
0.0439340602428298	0.458740172976347	0.009	0.028	1	ZNF761	c14
0.00102220950743796	0.458722375214267	0.046	0.107	1	LPAR5	c14
6.5988272182278e-05	-0.458693037118894	0.022	0.085	1	TTC33	c14
0.00607916700272284	0.458103334840504	0.009	0.039	1	ZNF25	c14
0.0422127558217778	0.458000671972737	0.212	0.174	1	GNLY	c14
0.013423532336974	0.457791342197416	0.015	0.044	1	TK2	c14
0.00228239716044355	-0.457620423609717	0.009	0.045	1	PRICKLE3	c14
0.0883866502424345	0.456631372736128	0.012	0.028	1	AC111182.1	c14
0.0139040402397721	0.456296945643933	0.012	0.039	1	DCLRE1B	c14
0.000351592702461079	0.455930667776777	0.031	0.09	1	LRR1	c14
0.0263590247910801	0.455687857680964	0.006	0.026	1	PRSS21	c14
0.117182073087865	-0.455158490114065	0.003	0.013	1	AL158835.1	c14
0.119857051720283	0.45503487818304	0.009	0.022	1	HSPA2	c14
5.05782366203764e-05	0.454842762348781	0.074	0.171	1	MAPKAPK5-AS1	c14
0.00136449400515138	0.454785820450683	0.034	0.087	1	TMEM191C	c14
0.000114227160553737	0.453694131306805	0.055	0.136	1	AP5M1	c14
0.000125584798978623	-0.453372952956379	0.012	0.066	1	HS1BP3	c14
0.119522504196201	-0.453048861629338	0.006	0.018	1	BBS10	c14
0.000537329567619264	0.452906814205901	0.031	0.088	1	TMEM102	c14
0.0771768704943647	-0.452883168754953	0.003	0.015	1	TBC1D24	c14
4.54137737278575e-05	-0.452238471809475	0.009	0.066	1	FAM241A	c14
0.000235521853511476	0.451957367005519	0.062	0.141	1	TOR2A	c14
0.231372885807031	0.451751526246838	0.009	0.018	1	KRBA1	c14
0.000980019532368833	0.451234682775485	0.397	0.694	1	RHOH	c14
0.318945015520442	0.450984661936506	0.006	0.012	1	LIPT2	c14
0.000188987592367674	0.450543373948566	0.058	0.137	1	KIF20B	c14
0.0265035432636618	0.450269038322515	0.015	0.04	1	IFI30	c14
0.0144808492936052	-0.449615278568833	0.009	0.034	1	ZNF256	c14
0.000101782145774949	0.448778373486573	0.031	0.098	1	TMEM250	c14
3.1174010602998e-05	0.448767271176661	0.065	0.159	1	TLE3	c14
0.0207797791420803	-0.448616078466731	0.003	0.022	1	DUSP7	c14
0.00109004020717991	0.448555015794937	0.028	0.079	1	ENOX2	c14
0.0184425193423452	0.447612051729151	0.022	0.052	1	AC083798.2	c14
0.00124067079932838	-0.447506371907736	0.012	0.053	1	TDRKH	c14
0.282044784789804	0.446887687766367	0.006	0.013	1	FUT8-AS1	c14
0.000506322326358317	0.446505206422772	0.031	0.088	1	EFL1	c14
0.000120018605167982	-0.445931167716165	0.012	0.066	1	SPON1	c14
0.00273568878098567	0.445861366733316	0.028	0.073	1	RBSN	c14
0.0997963147247836	0.445263073820094	0.015	0.032	1	TECPR2	c14
0.0138054239788346	-0.445260193768771	0.009	0.034	1	AK9	c14
0.0163904711070604	-0.444741110408678	0.003	0.023	1	COA7	c14
0.00798639921136472	-0.44427467803551	0.006	0.032	1	IFFO2	c14
0.00864266101970833	0.443660380484841	0.037	0.079	1	NARS2	c14
0.00115914210249942	0.443024585197762	0.04	0.097	1	PARP16	c14
0.00062099137574032	-0.442539677995331	0.009	0.052	1	GSTM3	c14
0.00286169240063209	0.442105027450391	0.745	0.959	1	HNRNPA2B1	c14
0.00683311370535382	0.441984430541368	0.012	0.043	1	TGFBRAP1	c14
0.00610989407927466	0.440391488615103	0.025	0.063	1	ERF	c14
0.000187583064766478	0.440028774014886	0.025	0.084	1	THEMIS2	c14
0.0123229712549741	0.440023268891242	0.028	0.063	1	GEMIN2	c14
0.241749413684498	0.439951578691135	0.009	0.018	1	IL1R2	c14
0.000439216579401673	0.439861445250207	0.049	0.118	1	C5orf51	c14
0.00445993700880156	0.439727402515617	0.04	0.088	1	GPATCH3	c14
3.46436686210305e-05	-0.439699912272911	0.009	0.068	1	TTLL12	c14
0.0756457022059641	0.438302297620525	0.545	0.878	1	LCP1	c14
4.28153160551642e-05	0.437984748377976	0.065	0.157	1	HSD17B12	c14
0.0976056588999316	0.437952255542809	0.012	0.028	1	WNT10A	c14
0.281808815138491	0.437883774953316	0.037	0.05	1	TRAV14DV4	c14
0.00268811851717776	0.437194959431484	0.065	0.127	1	HOOK2	c14
3.17184875565343e-05	0.436996258413177	0.043	0.125	1	POLRMT	c14
0.000841261090749592	0.436258251624684	0.065	0.137	1	B3GALT4	c14
0.415867792666094	0.43610284619652	0.006	0.011	1	IGKV3OR2-268	c14
0.062086465293397	0.435610279875206	0.012	0.03	1	HOOK1	c14
0.000115591950039944	-0.435334961188655	0.012	0.066	1	G6PC3	c14
0.0178284893794509	0.435328533133191	0.006	0.028	1	CCDC88A	c14
0.00653545616171079	0.435118178877259	0.012	0.044	1	E2F6	c14
0.000534327331205476	0.435079026395694	0.046	0.112	1	DHRS1	c14
3.71956652199503e-05	0.435016640391398	0.034	0.109	1	PTRH1	c14
0.0364787724717243	-0.434983760739243	0.003	0.019	1	LTK	c14
0.0019989416055058	0.434879671547668	0.018	0.06	1	WDR53	c14
6.35549484711602e-05	0.434594111168397	0.028	0.096	1	ACP2	c14
9.14559399187697e-05	0.434334657610338	0.028	0.094	1	ILVBL	c14
0.058555549822715	0.434013640961519	0.012	0.031	1	MIR22HG	c14
4.97241239823474e-05	-0.433627520693317	0.049	0.129	1	ZNF683	c14
0.00123752616071557	-0.433504183612302	0.006	0.043	1	KLF11	c14
9.94472991070777e-05	-0.433450273685286	0.009	0.062	1	GTSF1	c14
0.0301080816872808	0.432780406827582	0.015	0.039	1	KCNK5	c14
0.00180903541882546	0.43247405098831	0.028	0.076	1	AEBP2	c14
0.000150883777451921	0.432465451608176	0.04	0.11	1	KLHL7	c14
0.328139728181717	0.432028737837935	0.009	0.016	1	ZFP28	c14
0.0981589883463691	0.431537828067551	0.006	0.019	1	KDELC1	c14
0.00623123604099787	0.431465267740459	0.022	0.058	1	AL451062.3	c14
0.000267648591867079	0.43110967176214	0.018	0.072	1	AL590764.1	c14
0.161099779685436	0.430419676559437	0.003	0.011	1	MAML3	c14
0.000580339205433578	0.429957832064583	0.212	0.344	1	HLA-DRB1	c14
0.00894066185436471	0.429820632899602	0.015	0.047	1	INCENP	c14
0.00238281440158457	-0.429468863384718	0.009	0.044	1	IRS2	c14
0.00988920829186852	0.429252969116034	0.012	0.041	1	PRC1	c14
0.000320916425277725	0.429233018148954	0.44	0.776	1	CALR	c14
0.00595178931629011	0.428900464062682	0.009	0.039	1	NACC1	c14
0.000407126230544463	0.428515435300672	0.049	0.118	1	GTDC1	c14
0.0801552970274919	-0.427904138984537	0.006	0.02	1	ZBTB3	c14
0.000146820088189282	0.427535073843189	0.025	0.086	1	CCDC61	c14
0.00163426892090805	0.427249648491695	0.148	0.246	1	SPRY1	c14
0.101772182931077	0.426241704589757	0.012	0.027	1	ZNF528	c14
0.000157066711826498	0.425260616556442	0.018	0.075	1	SMUG1	c14
7.04744408718967e-05	-0.42474573556846	0.009	0.064	1	CCDC34	c14
0.00065593962866226	0.424684761208973	0.04	0.101	1	TTC32	c14
0.00737825853889155	0.423844523465462	0.034	0.075	1	ZNF518B	c14
0.0020920315091194	0.423389895966262	0.034	0.084	1	GCC1	c14
0.00033339399458	0.423114060650028	0.092	0.184	1	FAM3C	c14
0.0614299389399847	-0.422987349012693	0.006	0.021	1	RNF122	c14
0.0747161629814509	0.422982188385799	0.009	0.025	1	EEPD1	c14
0.000276579532584318	0.422446310937252	0.018	0.072	1	MAP9	c14
3.97203147178447e-05	0.421907159676058	0.049	0.133	1	GOT1	c14
0.0923472579495546	0.420660710155341	0.012	0.028	1	METRN	c14
0.0298055131592682	0.420403666734798	0.018	0.044	1	TRMT44	c14
0.00029809966024425	0.420251468971653	0.034	0.096	1	TMEM39B	c14
4.4956036016158e-05	0.419747414341004	0.055	0.142	1	ING3	c14
0.0043364851317328	-0.419595647384723	0.015	0.051	1	PDIK1L	c14
3.33086078498808e-05	-0.419593667970093	0.015	0.079	1	AP3S2	c14
0.0129087973563566	0.419468546629714	0.025	0.058	1	CENPF	c14
0.168215891585332	-0.419393166133623	0.006	0.016	1	HIF1A-AS2	c14
0.000195145310149033	0.419244796112846	0.034	0.099	1	TMA16	c14
0.00283123550317173	0.419153378859865	0.025	0.068	1	PCBP4	c14
0.0655706425940046	-0.41872125350968	0.003	0.016	1	THSD8	c14
0.000935964174827758	0.418551303793527	0.034	0.089	1	B4GALT7	c14
0.21999222259224	0.417222558182653	0.006	0.014	1	RPGRIP1L	c14
0.272845604159589	0.417176308168384	0.006	0.013	1	ADGRL1	c14
0.012124333855113	0.416776349224542	0.025	0.059	1	TBC1D19	c14
0.000115065424295805	0.416200946790307	0.049	0.126	1	JAKMIP1	c14
0.193228099364403	0.41588774065011	0.003	0.01	1	UBR5-AS1	c14
0.450806079279107	0.41554311285795	0.028	0.036	1	TRAV36DV7	c14
0.00194540576142228	-0.415226277944156	0.012	0.051	1	SLC35D2	c14
0.0176984441513515	0.415140141720224	0.009	0.033	1	VANGL1	c14
0.001559893529743	0.414954105214283	0.015	0.057	1	SOS2	c14
0.490367045955891	0.414323744485772	0.954	1	1	HLA-B	c14
0.000353269601343223	0.414227845700473	0.025	0.081	1	METTL6	c14
0.00118864295689528	0.413916063682326	0.022	0.068	1	ZNF669	c14
0.000377562511295436	0.413788442766823	0.037	0.1	1	NUP85	c14
0.000360591181961656	0.41358920714494	0.037	0.1	1	METTL2A	c14
0.00344571606584897	0.413364055067404	0.025	0.067	1	RABL3	c14
0.00637131446983062	0.412395828762858	0.015	0.049	1	TAF13	c14
0.000790891778438637	-0.411500026158847	0.015	0.061	1	RAB43	c14
0.000991550581091915	0.411144287954424	0.022	0.07	1	PPAN	c14
0.0134662295500686	0.411073537958654	0.012	0.04	1	ZNF234	c14
0.00775395071268139	0.410778980206917	0.018	0.052	1	AKAP2	c14
0.0360842114973118	0.41025290461087	0.012	0.034	1	ELOA-AS1	c14
0.0324345191272991	0.409895524443702	0.018	0.043	1	CBY1	c14
0.00290982985547148	0.409819122655636	0.025	0.068	1	NUFIP1	c14
0.107876392764692	0.409094931643791	0.003	0.013	1	C1orf54	c14
0.00218517899744846	0.408651747506397	0.018	0.06	1	IPP	c14
0.875872165885025	0.408263118029266	0.018	0.02	1	TRBV6-6	c14
0.000799288975623219	0.408226842967358	0.043	0.104	1	TIMM29	c14
0.00403751548419572	0.408090453359431	0.551	0.834	1	NR4A2	c14
8.99626648513279e-05	0.407979105913544	0.049	0.128	1	MRPL35	c14
0.000807625816502204	0.407640981796746	0.015	0.061	1	PANK3	c14
0.0324910337354633	-0.407429649093443	0.003	0.02	1	FAM171A1	c14
0.0468000396776718	0.40739672054306	0.006	0.023	1	VSIG1	c14
0.103405501567486	0.406774815575023	0.015	0.032	1	C14orf28	c14
0.000175277632565772	0.406701074048234	0.018	0.074	1	CCDC9	c14
4.90429226108741e-05	0.405229650522875	0.043	0.122	1	KLHL20	c14
0.0190405262843868	0.404910939468576	0.015	0.042	1	RAB40C	c14
0.0653964996556447	0.404874548354421	0.003	0.016	1	DTWD2	c14
0.0181547933163988	0.404063290890126	0.012	0.038	1	CBX8	c14
5.09775766351784e-05	0.404054045579516	0.043	0.122	1	THAP6	c14
0.152001671310725	0.403788492673646	0.009	0.021	1	HES6	c14
0.0398173499298521	0.402947217922972	0.006	0.024	1	SAP30L	c14
0.00963368911977939	0.402571564937603	0.018	0.051	1	CEP97	c14
0.00399043922698429	0.401569684916929	0.031	0.075	1	HERC5	c14
3.87924484291665e-05	-0.401253822308289	0.015	0.078	1	AC084033.3	c14
0.115517743749899	-0.401232887573769	0.003	0.013	1	RTN4R	c14
0.000892739942012327	-0.401157967403957	0.003	0.039	1	SWSAP1	c14
0.0141792474369443	0.400968104684626	0.009	0.034	1	AC006449.6	c14
0.179526122635656	0.400618635064952	0.003	0.011	1	CDC37L1-DT	c14
0.0767519016130883	0.400436353698446	0.003	0.015	1	FBXL22	c14
0.0134900311522731	-0.400408407542167	0.006	0.03	1	SMYD5	c14
0.152457333081464	-0.399865906156314	0.006	0.016	1	MEOX1	c14
0.000316440472748538	0.399627042953625	0.034	0.096	1	DYNLL2	c14
0.0344415687579238	-0.39962061242602	0.022	0.047	1	TRAV12-3	c14
0.000418491502996942	-0.399323148868739	0.015	0.064	1	HMBS	c14
7.8576431330364e-05	0.399289697941474	0.055	0.139	1	POLR2M	c14
0.00133835062890232	0.399258674195103	0.025	0.073	1	ARRDC1-AS1	c14
3.40860590156191e-05	0.399045642885547	0.077	0.178	1	LEPROT	c14
0.00193543521246634	0.398989357722454	0.015	0.056	1	PHF10	c14
0.0253575971596935	0.398916106634315	0.012	0.036	1	C1orf21	c14
0.000463521647552656	-0.398819354900722	0.009	0.053	1	STK32C	c14
0.0256238277423878	0.398483294207164	0.009	0.031	1	AMACR	c14
0.000295311095433912	0.398462661381455	0.022	0.077	1	PAK1	c14
0.000131380698292984	0.398293332634175	0.031	0.096	1	PLA2G12A	c14
0.0119572794446137	-0.397979436496626	0.003	0.025	1	CAB39L	c14
0.0309341250612557	-0.397702365223468	0.025	0.051	1	TRAV21	c14
0.000805826011828559	0.396976312344893	0.034	0.09	1	MIATNB	c14
0.18058398631014	0.396560794429703	0.003	0.011	1	CCDC171	c14
0.00432364335121623	0.396190375392314	0.015	0.051	1	ZNF671	c14
5.16323593251154e-05	0.396002813937355	0.052	0.136	1	BUD13	c14
0.000261307135737312	0.395876361715501	0.025	0.082	1	PCGF6	c14
0.000773968243629678	0.395763430645917	0.022	0.071	1	IMPACT	c14
0.00125422889182946	0.395760119498637	0.006	0.043	1	BYSL	c14
0.103353667960771	0.395619318346783	0.009	0.023	1	ZNF724	c14
0.000490499198850217	-0.395063958555585	0.009	0.053	1	WDR25	c14
0.00154030410874824	0.394807873261719	0.04	0.095	1	POMC	c14
0.0002747398872502	0.394780232442366	0.052	0.126	1	DCAF10	c14
0.000407746030364255	0.394159425629739	0.04	0.104	1	TBC1D15	c14
4.23631553540909e-05	0.394029749212619	0.037	0.113	1	RRP1	c14
0.000896950369508905	0.393822605427949	0.052	0.118	1	KBTBD2	c14
0.00251290082227213	0.393214673125368	0.028	0.073	1	DHCR7	c14
9.55438001040164e-05	0.393193214594635	0.018	0.078	1	TCAIM	c14
0.000135663878747552	0.393119169747891	0.071	0.159	1	DLGAP1-AS1	c14
0.0185326406528227	0.393106966187135	0.018	0.047	1	CARD17	c14
6.66128296466096e-05	0.391933993031409	0.043	0.12	1	TBC1D23	c14
0.00800569039480697	-0.391836735096765	0.009	0.038	1	ZNF329	c14
6.04997605735975e-05	0.391750255015542	0.025	0.091	1	NVL	c14
0.00199632089899638	0.390738758523163	0.046	0.103	1	ANAPC10	c14
0.0649233145656722	0.390268096322819	0.015	0.035	1	POC1B-GALNT4	c14
0.000161125733246708	0.390120990803355	0.046	0.12	1	FCF1	c14
0.0546856323870917	0.38954443116674	0.003	0.017	1	NEK6	c14
0.0386685861395753	0.389185574642124	0.015	0.038	1	AL050341.2	c14
0.0249644307942546	-0.389091365234757	0.012	0.036	1	DHFR2	c14
0.0467079282546087	0.388411316543642	0.012	0.032	1	ZNF571	c14
0.214947486828083	0.38824360958608	0.003	0.01	1	MAP7	c14
0.638958011079397	0.388043344035528	0.022	0.026	1	TRBV12-3	c14
0.234411101996641	0.387987572887758	0.003	0.01	1	CCDC189	c14
0.000222656947988603	0.387310700596579	0.046	0.117	1	CEP120	c14
0.000182309596133767	-0.387088920334508	0.018	0.074	1	ACBD3	c14
0.560393098250245	0.386969084540569	0.074	0.067	1	TRDC	c14
0.149358314330228	0.386823202600047	0.003	0.012	1	MOK	c14
0.0181778163751718	0.386272809199977	0.003	0.023	1	NEIL3	c14
0.000699354002888948	0.386126656814173	0.037	0.096	1	ACTR8	c14
0.131463630019931	-0.386038818811595	0.003	0.012	1	GPR157	c14
0.000191571150115994	0.385751222304981	0.012	0.063	1	DBR1	c14
0.000103734958182737	0.384959055978339	0.022	0.083	1	TTI2	c14
0.0524415203013706	-0.384626105439743	0.003	0.017	1	AC007114.1	c14
0.00463479717947341	0.384469227809863	0.022	0.06	1	MKI67	c14
0.0216010704547504	0.384259102786797	0.018	0.046	1	AZIN2	c14
0.00509208512590646	-0.383973311845747	0.006	0.035	1	TMEM97	c14
0.150942639535262	0.38384931183328	0.046	0.068	1	TRGV8	c14
0.00914305674070191	-0.38299569042811	0.003	0.026	1	ZSCAN9	c14
0.188750684722373	0.382881375211944	0.009	0.019	1	TIGD1	c14
0.158439019350933	0.381916418467093	0.015	0.029	1	TRBV4-2	c14
0.0316686603412021	0.381774800935757	0.009	0.03	1	ABHD17B	c14
0.0248254189806897	0.381056511285134	0.003	0.021	1	GINS3	c14
0.0103758064595775	-0.380904947478896	0.009	0.036	1	MSANTD2	c14
0.0626993376438612	0.380851083509387	0.012	0.03	1	LSM14B	c14
3.05328443829621e-05	0.380788769470784	0.04	0.12	1	YARS2	c14
0.00667367341514934	0.380780062174393	0.012	0.044	1	SLC19A1	c14
0.000228719496543492	0.380715164955652	0.049	0.122	1	C6orf226	c14
0.0208211115018515	0.380335194731105	0.015	0.042	1	CEP19	c14
4.98666012078299e-05	0.379896644109175	0.04	0.117	1	NUP93	c14
3.00256494230411e-05	0.379886982178258	0.034	0.11	1	C15orf39	c14
0.206840778590864	0.37982201110215	0.003	0.01	1	CDKL3	c14
0.00806319125876846	0.379482576290568	0.025	0.061	1	ATP1B1	c14
0.0182119804256575	-0.379307086140821	0.006	0.028	1	CCDC173	c14
0.00206876798559784	0.378160638855567	0.025	0.07	1	ARHGAP5	c14
0.000136912795119278	0.378149743378719	0.015	0.071	1	AKT1S1	c14
0.0178242669312722	0.377742074908473	0.031	0.065	1	CUL4B	c14
0.00298925649251802	0.377306106933462	0.034	0.082	1	CXorf40A	c14
0.000340913006048682	0.377287848160799	0.055	0.129	1	SLC39A6	c14
0.000703306282491094	0.37699812602689	0.055	0.124	1	DOK1	c14
0.00040548605121797	0.376977206274749	0.018	0.07	1	POLD1	c14
0.00110321552627626	-0.376802727412633	0.006	0.043	1	C3orf14	c14
0.0134395805644332	0.37651351303282	0.012	0.04	1	MTRNR2L12	c14
0.00292716068837318	0.37606844886847	0.012	0.048	1	ZNF287	c14
0.0240391850525727	0.375852142092243	0.009	0.031	1	STX3	c14
0.0102565840756946	-0.375317249634149	0.006	0.031	1	KIF11	c14
0.0178226947158431	-0.374602220095239	0.012	0.038	1	C11orf68	c14
0.336179711659312	0.374303855687983	0.006	0.012	1	IGHM	c14
0.000387166626364776	-0.374177756317664	0.018	0.07	1	ATG4A	c14
0.0105007657338694	0.372885689410105	0.009	0.036	1	PSEN2	c14
6.42472216181267e-05	0.372380038222472	0.031	0.101	1	LIN37	c14
0.0242045885523723	0.372245669067506	0.006	0.026	1	CENPS-CORT	c14
0.00827315775061184	0.372086765102685	0.025	0.061	1	MPV17L2	c14
0.0667613616145478	0.371814457774956	0.018	0.039	1	SYCE1L	c14
0.0125296769106581	-0.370351971965006	0.015	0.045	1	AC010422.3	c14
0.0355275950183822	0.369688554662836	0.012	0.034	1	TVP23C	c14
0.00401752966202971	0.369574414370381	0.018	0.056	1	ZNF71	c14
0.00010692207181017	-0.369302241959519	0.006	0.056	1	CCDC102A	c14
0.0984429288799391	-0.36872247591103	0.003	0.014	1	YTHDF3-AS1	c14
0.000285359103605208	0.368613471215516	0.04	0.106	1	NAA30	c14
0.000179487266313113	-0.368423248094048	0.025	0.084	1	C8orf82	c14
0.00750857963751653	-0.36787441259808	0.012	0.043	1	TCEAL1	c14
0.00287554949800319	0.367521568371188	0.022	0.063	1	STIMATE	c14
0.00184135011248728	0.366192862660601	0.009	0.046	1	SOCS2	c14
0.0190780387961433	0.36523273971099	0.034	0.069	1	GALNS	c14
0.030318629548281	0.365037607642022	0.009	0.03	1	PARL	c14
0.000841851578649645	0.364861056988545	0.028	0.08	1	TRAF3IP2	c14
0.00665487646050378	0.364842565352771	0.022	0.058	1	IMPAD1	c14
0.00427718484994032	0.364827859460365	0.022	0.061	1	RUNDC1	c14
0.000370056570629796	0.364201295797557	0.028	0.085	1	CD248	c14
0.000111433880798956	-0.362609091611417	0.028	0.092	1	THAP3	c14
0.270152263258216	0.362267628826683	0.649	0.886	1	TNFAIP3	c14
0.00451786864053257	-0.362228083240751	0.015	0.05	1	TRAV1-2	c14
0.106024144132614	0.362216688210284	0.006	0.018	1	TRIM46	c14
0.139735313346456	0.361238312968773	0.012	0.026	1	ZNF613	c14
3.24343559174191e-05	-0.361155344685502	0.025	0.094	1	DNAJC30	c14
0.000471623987664498	-0.361084904819405	0.009	0.053	1	LIPE	c14
0.000533147679766332	0.360929885063144	0.046	0.112	1	ASCC1	c14
0.0652499592029138	-0.360905000103966	0.006	0.021	1	ZNF616	c14
0.000204551902483393	0.360652846386328	0.025	0.084	1	FLYWCH1	c14
0.000379075511818449	-0.360492088152773	0.015	0.065	1	THTPA	c14
0.000548384312269	0.360394711613869	0.04	0.102	1	ENG	c14
0.00188312869152775	0.360350533247567	0.037	0.089	1	ZNF7	c14
0.0406643590012331	0.360237320822514	0.006	0.024	1	PSMG3-AS1	c14
0.0046470539631124	-0.360120701132674	0.009	0.041	1	SMIM13	c14
0.183406204498307	0.359732896039539	0.025	0.039	1	TRAV38-2DV8	c14
0.000327838656902642	-0.359132972461895	0.009	0.055	1	ZNF836	c14
0.106037087378658	0.358961782616931	0.006	0.018	1	F8A1	c14
0.786877447685164	-0.358580076880018	0.015	0.014	1	TRBV7-7	c14
0.180676401963823	0.357869964911523	0.006	0.015	1	BCL9	c14
0.0621685179876536	0.357353678967914	0.006	0.021	1	ZMYND19	c14
0.00167568703560694	-0.357330927432324	0.012	0.051	1	MAGEF1	c14
0.0428212971162171	0.357178440839918	0.012	0.033	1	ZNF282	c14
0.000548069810871615	0.356957143747509	0.055	0.124	1	TNIP3	c14
0.0212928360746067	-0.355731242515618	0.003	0.022	1	SKA1	c14
0.0451224568613389	0.355579621508006	0.012	0.032	1	ZNF473	c14
0.000383041645792646	0.355435448031551	0.046	0.114	1	TMEM69	c14
4.33051169916308e-05	0.355153924119644	0.028	0.098	1	BBS7	c14
0.0309377236906394	0.354668464788982	0.028	0.057	1	TRIM32	c14
0.000127117544524913	0.354321661215068	0.058	0.14	1	YRDC	c14
4.26939720171611e-05	-0.354226037861753	0.025	0.093	1	SCO2	c14
4.43681858276741e-05	0.354179076994555	0.009	0.066	1	RFLNB	c14
0.262893022050565	0.354044898718763	0.009	0.018	1	CD40	c14
0.000663351918801103	0.353796851993265	0.025	0.077	1	TADA1	c14
0.000107060537882167	0.353215684206986	0.04	0.112	1	HDAC5	c14
0.0463540901218786	0.352716394027292	0.012	0.032	1	PUS7	c14
0.000375987993244737	-0.35218664958047	0.018	0.07	1	PUS1	c14
0.000168837450624288	-0.351760935464918	0.012	0.064	1	FAM213B	c14
0.00207389560916091	0.351174447314774	0.031	0.079	1	ZNF134	c14
0.0010591348830674	0.349873018968851	0.052	0.117	1	GPKOW	c14
0.0276335328305402	-0.349237856296376	0.012	0.035	1	F8A3	c14
0.222148782423036	0.349023855691946	0.003	0.01	1	ZNF763	c14
0.00136685985205912	0.348983526735065	0.446	0.782	1	PDIA3	c14
0.0130347490233195	0.346942100151855	0.028	0.063	1	MGLL	c14
0.0578548780641414	0.346752181521781	0.006	0.022	1	IL1RAP	c14
0.00103061305313957	0.346665468376374	0.025	0.074	1	ETS2	c14
0.218142024188571	0.346473847482226	0.009	0.019	1	LINC00092	c14
0.0447568856056854	-0.346473622902443	0.003	0.018	1	TMEM237	c14
0.0377334807349323	0.346207885265964	0.015	0.038	1	ZBTB49	c14
0.000372942516106684	0.345919844193946	0.031	0.09	1	BMI1	c14
0.0015796780428401	0.34566613308592	0.012	0.052	1	C1orf109	c14
0.156880270539593	0.345655407344344	0.009	0.021	1	PCSK1N	c14
0.121656383269385	0.344867866285126	0.012	0.026	1	RRAS	c14
0.00862119949740198	-0.344822690536646	0.012	0.042	1	NETO2	c14
0.0123636134129302	0.344289495800931	0.015	0.045	1	PM20D2	c14
0.0114675416049018	-0.344187877825585	0.009	0.036	1	ZNF275	c14
0.0197156619621399	0.344048852711599	0.022	0.051	1	SLC35A3	c14
3.24994663926748e-05	0.343987203387272	0.074	0.174	1	C1orf122	c14
0.0112360280895773	0.343898226691724	0.012	0.041	1	SMG8	c14
0.000232165545556978	-0.343848118221062	0.015	0.068	1	AC027097.1	c14
0.000149857950035367	0.343712121521782	0.037	0.105	1	TRAK2	c14
0.000371220440992023	0.342908202736784	0.031	0.09	1	NINJ2	c14
0.0675301961606922	0.342056793421806	0.009	0.025	1	ZNF395	c14
0.126057121130068	0.341697495750196	0.015	0.03	1	ZNF682	c14
0.00202416624639941	-0.341664012081193	0.022	0.065	1	ZNF174	c14
0.00297156370980871	0.341548619790493	0.015	0.053	1	PAQR4	c14
0.00538275256636645	-0.341531984639659	0.003	0.029	1	POC1A	c14
0.00548078143599687	0.341516568868943	0.025	0.064	1	RPAP1	c14
0.0969633748657732	0.341436179349393	0.526	0.864	1	CYTIP	c14
0.211817504876292	0.340685071804187	0.003	0.01	1	LRRC34	c14
7.03367134098114e-05	0.340363568578679	0.028	0.095	1	BIN3	c14
0.000417064466770383	-0.339822737361675	0.012	0.059	1	XXYLT1	c14
0.00193176159138366	0.33969107085886	0.018	0.061	1	C2orf42	c14
0.189958071854382	-0.339359839261248	0.015	0.027	1	TRBV21-1	c14
0.00201595089234585	0.338464586054471	0.022	0.065	1	ANKMY2	c14
0.00156569654418266	0.338259663017386	0.031	0.081	1	BACH2	c14
0.000242079526220864	0.338146148509127	0.034	0.098	1	PECR	c14
0.00061666821169862	0.338076192509965	0.012	0.057	1	VMAC	c14
0.173795379910758	-0.337999708299435	0.003	0.011	1	CRB3	c14
0.0224855699062612	0.337832271273323	0.018	0.046	1	ABHD4	c14
0.000829437843165683	-0.337608504848824	0.012	0.055	1	ARPC4-TTLL3	c14
0.000167537994548618	0.337432640255253	0.04	0.11	1	ABHD10	c14
0.0186758989133392	0.337196460722894	0.022	0.051	1	FAM228B	c14
0.312566348193149	0.337137287691804	0.028	0.039	1	TRBV6-2	c14
7.91290538411917e-05	0.337119771950048	0.046	0.124	1	YJU2	c14
0.0010779883179428	0.337105527484122	0.043	0.102	1	MTF1	c14
0.150648656546887	0.335728079788002	0.003	0.012	1	AL162231.1	c14
0.000277732097494881	0.335722598017026	0.046	0.116	1	POC1B	c14
0.100449738577959	0.335514783237055	0.003	0.014	1	SPHK1	c14
0.00030315409649135	0.335333449057443	0.049	0.12	1	C16orf91	c14
0.00246745356678444	0.334583035142628	0.034	0.083	1	ABCD3	c14
0.033215700181973	0.334065256250435	0.003	0.019	1	PLEKHG3	c14
0.282893638141652	-0.333677096064017	0.018	0.028	1	IL17A	c14
0.217545497962102	0.333615714611377	0.003	0.01	1	TM6SF1	c14
0.000699830485218053	0.333563432318727	0.04	0.1	1	CDC23	c14
0.0563891304382891	0.333231051377678	0.003	0.017	1	FADS1	c14
0.00126193764519337	0.333137586749824	0.037	0.092	1	GPN2	c14
0.0278790083744781	0.333105395126461	0.012	0.035	1	CPEB2	c14
0.000549717555344794	-0.333012441838037	0.015	0.063	1	BRF2	c14
0.123366026016509	-0.332084445505756	0.003	0.013	1	RBM15-AS1	c14
0.033809435792546	-0.332056802800941	0.006	0.025	1	LNX2	c14
0.00870717568125958	-0.331782486546883	0.009	0.037	1	NUDT19	c14
0.000682022517804823	0.331636436214562	0.018	0.067	1	NAA80	c14
0.0351560993022059	0.330049428063495	0.006	0.024	1	AP1S3	c14
0.0101194691152078	0.329883561199074	0.037	0.078	1	RNF185	c14
0.47541936750511	0.329395682280993	0.006	0.01	1	IFI27	c14
0.114775994723342	0.329269755913931	0.594	0.902	1	FYB1	c14
0.000571886872749475	-0.328600804849136	0.018	0.068	1	SPATS2L	c14
0.232857450173656	0.328480902069292	0.009	0.018	1	HARBI1	c14
0.000111822178779164	0.328318445851245	0.031	0.097	1	PIAS3	c14
0.121171366064543	-0.328194562955282	0.003	0.013	1	TIMD4	c14
0.000147267039285973	-0.328095384821845	0.018	0.076	1	ALKBH2	c14
0.118861450972192	-0.327716316301646	0.003	0.013	1	C5orf34	c14
0.0637489023615415	0.326379501277564	0.705	0.964	1	HSP90AA1	c14
0.0270944002721277	-0.324729157387673	0.006	0.026	1	ENPP5	c14
0.0104971152114523	0.32464167605187	0.009	0.036	1	BTBD11	c14
0.078466948228985	-0.324635100779542	0.009	0.025	1	LIPE-AS1	c14
0.12463356604111	0.324483163851149	0.006	0.017	1	BOLA3-AS1	c14
0.000659143731389046	-0.324470207837897	0.012	0.057	1	CXorf56	c14
0.0562739520236808	0.324438652534402	0.018	0.04	1	TGFBR3L	c14
0.000153185049309594	-0.324250069964197	0.022	0.08	1	THAP12	c14
0.121055648262348	0.323636595582299	0.015	0.031	1	ZNF543	c14
0.000145262060333802	-0.32310808923899	0.034	0.101	1	SNAI3	c14
0.000229428195204864	-0.322380149625358	0.025	0.083	1	ROGDI	c14
0.00352338156413748	0.322173850519571	0.022	0.062	1	AC004832.6	c14
0.105333680824179	0.321366332297467	0.018	0.036	1	NPM2	c14
0.00521579609347641	0.321152206376577	0.034	0.078	1	TRIM65	c14
0.0393341636687385	-0.320837030976762	0.009	0.029	1	AC021028.1	c14
0.0125590660672686	0.320457002590335	0.015	0.045	1	CEP152	c14
0.00324253214951391	0.32030563222334	0.037	0.086	1	NUDT16	c14
0.0134729086034818	0.319946299871473	0.022	0.053	1	TRBV7-2	c14
7.18985644104818e-05	0.319933490197655	0.049	0.13	1	MFSD14B	c14
0.00211141534125737	-0.319555957043975	0.012	0.05	1	ZNF865	c14
0.0851281084383113	-0.31924234118757	0.006	0.019	1	AC027290.1	c14
0.232740194493695	-0.318981425441115	0.003	0.01	1	ZBTB34	c14
0.00725010861398096	0.318693078326197	0.012	0.043	1	ZNF41	c14
0.0634122064980433	0.31842269218473	0.003	0.016	1	ZNF225	c14
0.010698976857286	0.317931514904424	0.003	0.025	1	SLAIN1	c14
0.0310114434932838	-0.317484506695488	0.009	0.03	1	TUBB4A	c14
0.000315282349510716	-0.317380530069844	0.003	0.044	1	LRRCC1	c14
0.0424251683252515	-0.316775656619451	0.009	0.028	1	ZNF486	c14
4.93893592915586e-05	0.316491360519424	0.046	0.127	1	TIMM10B	c14
8.12699355372029e-05	0.316186686443231	0.028	0.094	1	PHYH	c14
0.133381422389109	-0.315991822649857	0.003	0.012	1	DISP1	c14
0.000595816039082986	0.315740712948756	0.015	0.062	1	PDF	c14
3.71404408364553e-05	0.315138050254706	0.04	0.119	1	RBBP5	c14
0.0349647551327528	0.315054797739512	0.018	0.043	1	DDX31	c14
0.0158195681859561	0.314463954319784	0.012	0.039	1	JHY	c14
0.014968300916658	-0.314434867306467	0.015	0.044	1	ZNF181	c14
0.000174610769724205	0.314434046725559	0.049	0.124	1	TMEM39A	c14
0.0355628702140048	0.313936546038405	0.018	0.043	1	CTSF	c14
0.00386032197543027	0.313710882088069	0.015	0.051	1	TRAV3	c14
0.142427332797496	-0.313609946718709	0.006	0.017	1	ZNF546	c14
0.00126765726015324	0.313552190350941	0.031	0.082	1	LINC00476	c14
3.83459052316893e-05	0.313197913882138	0.474	0.863	1	ARL6IP5	c14
0.000163266730723527	0.312784041575433	0.043	0.115	1	SNAPC1	c14
0.0177387144420365	0.312476128837751	0.003	0.023	1	MIR497HG	c14
0.101074632949911	0.312465896527966	0.006	0.019	1	FITM2	c14
0.0391518463671489	0.312426900420497	0.012	0.033	1	GAREM2	c14
0.00686015167213629	0.312308382620217	0.025	0.062	1	ZNF623	c14
5.65544207198972e-05	0.311013110299099	0.049	0.131	1	TCTA	c14
0.00458644408914285	0.310702584646848	0.018	0.055	1	RYK	c14
5.80976320606575e-05	0.310575343460603	0.058	0.146	1	RHOT1	c14
0.00187607701845971	-0.310154798978326	0.006	0.04	1	MXRA7	c14
0.0202031571692642	0.309996854846397	0.022	0.051	1	ACBD4	c14
0.015499157880856	0.309267322297947	0.006	0.029	1	B3GALT2	c14
0.0955925372219623	0.309194540836207	0.009	0.023	1	PFAS	c14
0.00608792955948375	0.308967297542097	0.006	0.034	1	PLCB3	c14
0.00022981896782386	0.308767303535419	0.031	0.093	1	ZBTB4	c14
0.0002612414166223	-0.30744924732157	0.025	0.082	1	DHFR	c14
0.104902663725904	0.307412086435995	0.006	0.018	1	CD3EAP	c14
0.000252061469638548	-0.306156060651954	0.028	0.087	1	DUSP28	c14
0.78235455766883	0.305631852708891	0.591	0.85	1	LIMD2	c14
0.00116764717950625	0.305513207362615	0.034	0.088	1	SAP130	c14
0.000670931045391871	0.305440141916436	0.015	0.062	1	YTHDF1	c14
0.00334282552127142	0.305262040217154	0.025	0.067	1	SMIM14	c14
0.104241008166947	0.304974763143028	0.003	0.014	1	AC090825.1	c14
0.244815530570418	0.304588887121506	0.006	0.014	1	HSD11B1L	c14
4.35381777465736e-05	0.303556937262386	0.043	0.123	1	STX18	c14
0.283957117959255	0.303198123101833	0.006	0.013	1	AC006299.1	c14
0.00109056771952785	0.302811697464708	0.018	0.064	1	PCBD2	c14
0.000579627460018447	0.302386404178567	0.046	0.111	1	HAUS6	c14
0.014346717342555	-0.302212859988335	0.006	0.029	1	PRDM10	c14
0.0147653090879495	0.302120934811962	0.015	0.044	1	YPEL1	c14
0.0738476233392672	0.301111348985619	0.009	0.025	1	ACSF2	c14
0.00104111810790885	-0.300468504784383	0.012	0.054	1	PXN-AS1	c14
0.000188902778621299	-0.300084613622739	0.12	0.212	1	CCL4L2	c14
0.0470715489992284	0.298412664966771	0.022	0.045	1	EPAS1	c14
0.000144422426408969	0.297856297240608	0.031	0.096	1	DVL2	c14
0.0039683798568471	0.29749017666016	0.018	0.056	1	RAD18	c14
0.017797313872644	-0.29551442907306	0.006	0.028	1	TSNARE1	c14
0.0149124871317069	0.295461885189548	0.015	0.044	1	ZCCHC4	c14
0.00518314069364986	0.295281412382098	0.009	0.04	1	KMT5A	c14
0.00354352562454836	-0.294749105447673	0.006	0.037	1	CDCA8	c14
4.99730776763923e-05	0.294400126039741	0.04	0.117	1	FAM168B	c14
0.000765121651190194	-0.294334849659545	0.012	0.056	1	AP4M1	c14
0.11993349566166	0.294091889984662	0.003	0.013	1	SLC30A1	c14
0.0238937538927316	0.293942855868934	0.006	0.026	1	IL26	c14
0.0213144584434129	-0.293931241208093	0.006	0.027	1	SLC27A4	c14
0.0581679500058396	0.293195111092551	0.028	0.052	1	TRAV12-2	c14
6.52202515600029e-05	0.293194357110182	0.037	0.11	1	ASH2L	c14
0.000361266602206028	0.29279996340361	0.028	0.085	1	DNAL4	c14
0.0772313833029062	0.29216953707207	0.012	0.029	1	PEAK1	c14
0.000258827480732642	0.291912770545852	0.034	0.097	1	TXLNA	c14
0.0132783330700763	0.291801590144883	0.028	0.063	1	METTL25	c14
0.112324127773492	0.29172189576583	0.018	0.035	1	TMCC1	c14
0.0121326216013376	0.291354032526883	0.015	0.045	1	TAF4B	c14
0.0916824150107322	0.290746312029443	0.009	0.024	1	EXD2	c14
0.0114081905232447	-0.290487806824719	0.018	0.05	1	YAE1D1	c14
7.66125869730659e-05	0.290188288370867	0.012	0.069	1	WRAP53	c14
0.0431989561698335	0.289951221071065	0.009	0.028	1	ZDHHC14	c14
0.000983164374904475	0.289523343168912	0.031	0.084	1	DNAJC14	c14
0.26200515318207	-0.289264500605716	0.006	0.013	1	RNF227	c14
0.103568813324895	0.289086494814813	0.009	0.023	1	HIST1H4J	c14
0.0730941800571661	0.289050099696929	0.012	0.029	1	QSER1	c14
3.47044768095587e-05	0.288237283518	0.052	0.139	1	RNF20	c14
0.000177374442041556	0.287790050499352	0.018	0.074	1	FAM199X	c14
0.689699648496922	0.286081638158466	0.775	0.965	1	CD69	c14
7.05024623335606e-05	0.285681865823685	0.037	0.11	1	PRAF2	c14
0.000633730368353867	0.285130797473359	0.025	0.077	1	CRY2	c14
0.00124067242098166	0.28482086040485	0.031	0.083	1	SIRT5	c14
0.513082049145325	0.284708837797223	0.006	0.01	1	PRSS16	c14
0.000131142104515976	0.284659517446239	0.022	0.081	1	MTERF1	c14
0.00231087836136536	0.284056813797757	0.034	0.083	1	BAIAP2	c14
0.111961204279746	0.284011508185533	0.003	0.013	1	ZNF324B	c14
0.0896114962059847	-0.283797133469646	0.009	0.024	1	SLC7A4	c14
0.00078143845235589	0.28352757616103	0.015	0.061	1	TMEM64	c14
0.183252688912229	0.283200272755147	0.003	0.011	1	IL5RA	c14
0.0103122127359016	0.283144772317705	0.025	0.06	1	ZSCAN16	c14
0.000720225533974088	0.283127615973003	0.04	0.1	1	MAPK3	c14
0.00284636777663715	-0.282992937454068	0.009	0.043	1	DHTKD1	c14
0.0591348929475887	0.282033706966184	0.009	0.026	1	RSPH3	c14
4.21451906083559e-05	0.281765551037244	0.034	0.108	1	ITGB3BP	c14
0.0552713985730649	0.281717276894325	0.012	0.031	1	PLEKHO2	c14
0.00272478283243126	-0.281254156350124	0.009	0.044	1	KNSTRN	c14
0.00042571053739651	-0.281012238685781	0.031	0.089	1	ZNF14	c14
5.09496800283793e-05	0.280542219174134	0.043	0.122	1	LAS1L	c14
0.000997898319921701	0.28005471484894	0.028	0.079	1	FASTKD5	c14
0.000119839909335116	0.279494718159917	0.034	0.102	1	NFKBIL1	c14
6.8921741382424e-05	-0.279327747589376	0.028	0.095	1	TEN1	c14
8.32132155688531e-05	-0.279154079524775	0.009	0.063	1	MIS18A	c14
0.00684527038090896	-0.278632026933588	0.003	0.028	1	DEPDC1B	c14
0.00126664176406603	-0.278174002854569	0.028	0.077	1	DHRS12	c14
6.71836862222232e-05	0.278162889545249	0.037	0.11	1	AC100810.1	c14
0.0153409868253953	0.277382808738881	0.031	0.066	1	EIF3C	c14
0.000577875762371563	-0.277283922142615	0.022	0.073	1	TMEM38B	c14
0.0388596512370234	0.276733998661902	0.009	0.029	1	ZNF213	c14
0.00237313797404744	0.275438901628359	0.012	0.049	1	SAMD10	c14
4.3769637190583e-05	0.274676933132297	0.037	0.113	1	MAP7D3	c14
0.00290762120571314	0.274494949888747	0.022	0.063	1	RORC	c14
0.000129721446144748	0.273575745516414	0.046	0.121	1	DLGAP4	c14
0.000212347743600274	0.273438076620838	0.022	0.079	1	UBFD1	c14
0.0101401406776617	-0.273232495522565	0.009	0.036	1	TMEM164	c14
0.00125686056375828	0.27288399313054	0.025	0.073	1	WDR76	c14
0.00151916565877745	0.272598922429491	0.022	0.067	1	CACNA2D4	c14
3.1039583370033e-05	0.272591590135724	0.037	0.115	1	ORC5	c14
0.382089310422713	0.272356506097366	0.006	0.011	1	FP236383.3	c14
0.0573401178736972	0.272162661477278	0.015	0.035	1	TMEM25	c14
3.15592440563952e-05	0.271546529031814	0.028	0.1	1	MRPL23	c14
0.0325151371785077	0.271367680616281	0.009	0.03	1	P3H4	c14
0.168803729857108	0.270854065254429	0.003	0.011	1	ARMCX2	c14
0.0001082785007402	0.269622661470448	0.049	0.127	1	PHF6	c14
0.0187926169193197	0.269353690757391	0.009	0.033	1	NQO1	c14
0.135739329163401	0.269029732690963	0.003	0.012	1	AC005229.4	c14
0.00624084868282022	0.268480106356543	0.015	0.049	1	ZNF736	c14
0.0106128731601325	0.268359291775699	0.025	0.06	1	C10orf88	c14
0.00195270495669325	0.268177066137337	0.015	0.056	1	PARP2	c14
0.172303349340762	0.268066049926536	0.003	0.011	1	ABCA3	c14
0.067067622598223	0.268057091580892	0.003	0.016	1	NADK2	c14
0.00747281231093266	0.268032938246	0.018	0.052	1	ARHGAP26	c14
0.0493339208059113	0.267224679600139	0.003	0.017	1	MID2	c14
0.636919091083397	0.266996853464166	0.012	0.016	1	IGLV2-14	c14
0.000122136686014703	0.266744746633727	0.049	0.126	1	MRPS17	c14
0.0284981552022464	-0.266512756566065	0.006	0.025	1	AC016876.1	c14
6.58455561724265e-05	-0.266180751800889	0.018	0.08	1	AAMDC	c14
0.0859889617066215	-0.264613303144098	0.015	0.033	1	TRAV26-2	c14
0.0132125034748449	-0.26401311598288	0.012	0.04	1	DCAF4	c14
0.0163520847588777	0.263401353825935	0.025	0.057	1	ZNF468	c14
0.0795557890798724	0.263307779828446	0.006	0.02	1	ZKSCAN3	c14
0.00616380569080209	0.263158133850348	0.009	0.039	1	CYTH3	c14
3.30914217759229e-05	0.263138428965341	0.055	0.145	1	PRDX4	c14
7.42505677812277e-05	0.26272411127633	0.028	0.095	1	DPH5	c14
0.000764872312871418	0.262650862345914	0.043	0.105	1	SEC22A	c14
3.40607802809902e-05	0.262269231916175	0.046	0.129	1	TTC9C	c14
0.128355668860263	-0.261902884928116	0.009	0.022	1	MAGEE1	c14
4.29932137811329e-05	-0.261769036154798	0.049	0.13	1	TRAV8-2	c14
3.63100041732049e-05	-0.260991124124279	0.022	0.089	1	GLI4	c14
0.00164954037401069	-0.260621173231304	0.006	0.041	1	MED22	c14
0.00899818370454238	0.26052558354908	0.006	0.032	1	NR2F6	c14
0.557867465145883	0.258947568242453	0.009	0.013	1	AC074032.1	c14
0.210510045355895	-0.258931524527969	0.003	0.01	1	SALL2	c14
0.0125782389960244	-0.258550863523963	0.012	0.04	1	NUBPL	c14
5.19465824402936e-05	0.257714121903192	0.037	0.112	1	FEM1A	c14
0.0550817257336809	-0.255004516855382	0.009	0.027	1	CHST10	c14
0.00536274967488502	-0.254301691124873	0.006	0.035	1	AC009061.2	c14
0.00140350444926639	0.254134392005467	0.034	0.087	1	SRBD1	c14
0.00264943925899063	0.253971845935703	0.043	0.096	1	CD70	c14
0.0327727540850183	0.253799201029519	0.015	0.039	1	MTX3	c14
0.0652041472214237	-0.253731326162111	0.003	0.016	1	AL080276.2	c14
0.00338602518270022	0.253374325519945	0.022	0.062	1	EFCAB2	c14
0.286335972194915	0.253310187420367	0.028	0.039	1	TRBV6-1	c14
0.00400814041661634	0.253092880078247	0.025	0.066	1	HIST2H2AA4	c14
0.00119502730173166	0.25292013243901	0.031	0.083	1	GCNT1	c14
0.000879740202779186	0.252517205578387	0.031	0.085	1	SENP1	c14
0.00441197661089297	0.25246356143583	0.092	0.16	1	TRGV10	c14
0.0027653968155968	-0.252385729363282	0.012	0.049	1	CASTOR1	c14
0.253791234638649	0.251567112397979	0.009	0.018	1	AMIGO1	c14
0.000397253762640767	0.251423357404208	0.049	0.118	1	ISYNA1	c14
0.0103843302891567	-0.251058448799601	0.003	0.026	1	ZEB1-AS1	c14
0.106563922011112	0.2508075717164	0.015	0.031	1	EIF3CL	c14
0.00437238989109283	0.250634154428605	0.025	0.065	1	ATPAF2	c14
0.00272543894957785	0.248762530500173	0.034	0.082	1	LDOC1	c14
0.00411927016575728	0.248750823622865	0.022	0.061	1	MCAT	c14
0.000252100296427588	0.248657158011143	0.058	0.135	1	GPR34	c14
0.000692066556815201	-0.247490850194245	0.012	0.056	1	TRIM35	c14
3.9327324101856e-05	-0.24733411563476	0.018	0.083	1	NTHL1	c14
0.000240208462885583	0.246965512087422	0.022	0.078	1	PUSL1	c14
0.0125229414795837	0.246465272366876	0.009	0.035	1	CCNA2	c14
0.00041538441723863	0.246436597596928	0.031	0.089	1	HPS6	c14
0.00238024178091434	0.245789873320584	0.012	0.05	1	ENTPD3-AS1	c14
0.00600060728897928	-0.245529550388023	0.006	0.034	1	CCNB2	c14
0.0132619590936981	0.244825727264845	0.028	0.062	1	TRAV16	c14
0.102690467511548	0.244746378813192	0.006	0.018	1	B3GNT9	c14
0.000149764604095048	-0.244548347449479	0.012	0.065	1	UCK2	c14
0.000391197623953267	-0.244519626788652	0.015	0.065	1	ETV7	c14
0.0135379005894291	0.243877500770688	0.015	0.044	1	GIN1	c14
0.177989515494314	0.243665919200106	0.012	0.024	1	ZNF74	c14
0.0138980892379425	-0.243455406405117	0.012	0.039	1	AC004585.1	c14
0.000719990593947798	0.242948150214769	0.022	0.071	1	TTI1	c14
0.025796428028378	-0.242559411494983	0.003	0.021	1	GSTCD	c14
0.00809363828562492	0.242539502568989	0.545	0.867	1	MCL1	c14
0.00301200798723984	-0.24145876815428	0.018	0.058	1	AL451165.2	c14
0.16876052327042	0.240193115851734	0.006	0.016	1	LRFN3	c14
0.149792748669676	0.240102941123205	0.003	0.012	1	C20orf96	c14
8.9901564318707e-05	0.240087288637106	0.034	0.104	1	RIT1	c14
6.37221182883889e-05	-0.240043845261456	0.022	0.085	1	CPSF4	c14
0.000828488470494839	0.239774880724932	0.031	0.085	1	ELF4	c14
0.0230484798874912	0.239625173086032	0.025	0.054	1	MLF1	c14
0.00896989702482433	-0.239571258166326	0.006	0.032	1	MLLT11	c14
0.0536292263018882	0.239228301924693	0.003	0.017	1	MESP1	c14
0.01051182946491	0.238366487358546	0.028	0.064	1	PINK1	c14
3.38023813682245e-05	0.237426707021233	0.046	0.129	1	NOP16	c14
0.000282152409290271	-0.236630032501218	0.022	0.077	1	GTF2H4	c14
0.000118252722062978	0.236591454996753	0.025	0.087	1	C1orf216	c14
0.133575970247251	-0.236347746432507	0.006	0.017	1	RAB3D	c14
0.0017528352897063	0.236341554945718	0.037	0.09	1	NFE2L1	c14
0.000913472460681653	0.236286593005909	0.012	0.055	1	GAA	c14
0.00211533573957534	-0.236220815494423	0.012	0.05	1	STAG3	c14
0.679379202493771	0.236042198198538	0.711	0.97	1	CYBA	c14
0.00816305749672327	-0.235512676280202	0.009	0.037	1	CTSL	c14
0.038862260719844	0.235484692412542	0.012	0.033	1	ATAT1	c14
0.00280165061515334	-0.234806141716022	0.025	0.068	1	TMEM267	c14
0.000412239951796701	-0.234493909057115	0.012	0.059	1	BX284668.5	c14
0.00211341875995202	0.233703219843497	0.037	0.089	1	ZNF780A	c14
0.0161973055915615	0.233664847530638	0.034	0.07	1	SLC35F5	c14
0.000102490235703528	0.233451344140354	0.046	0.122	1	CENPK	c14
0.00016948688263471	0.233447672598665	0.031	0.095	1	POLR2J3	c14
3.6120795027054e-05	0.232897168479947	0.025	0.094	1	FAM98A	c14
0.000117258141049761	0.232621022339046	0.043	0.117	1	ZBTB43	c14
0.00143381024641686	0.232209095372177	0.028	0.077	1	ZNF576	c14
0.000947608688184212	0.231560184694048	0.022	0.069	1	ARL4D	c14
0.0155548946405495	0.230870717365845	0.025	0.057	1	TNFAIP1	c14
0.052740439000235	0.230798188164209	0.003	0.017	1	ANKRD34A	c14
0.00762716138774661	0.230544251298641	0.071	0.125	1	TRGV2	c14
0.154185283186185	-0.229765017772942	0.003	0.012	1	SCOC-AS1	c14
0.0452652434732937	0.229121432671544	0.003	0.018	1	TSHZ3	c14
0.00479047713140948	0.228846502307907	0.012	0.046	1	ST8SIA1	c14
0.000375456399242537	0.228680088546681	0.025	0.08	1	IFI27L1	c14
0.0114448908885123	0.22836971787009	0.025	0.059	1	IDUA	c14
0.000134133330345304	0.228289297407354	0.025	0.086	1	DEF8	c14
0.00320705716100313	0.227987571593287	0.025	0.067	1	TTLL1	c14
0.00107237653619926	0.227898137589587	0.028	0.079	1	SPIN2B	c14
0.00706061902592903	-0.227885696891677	0.009	0.038	1	PRKACA	c14
0.0511324436741489	-0.22768988189763	0.003	0.017	1	ASCL2	c14
0.000132157664716187	0.226729666831374	0.043	0.116	1	CARNMT1	c14
0.00866455187272124	-0.226565144671209	0.012	0.042	1	EVA1C	c14
0.1970356260907	0.226478540320336	0.006	0.015	1	BX890604.1	c14
0.00730596297702742	-0.225257592482095	0.009	0.038	1	TWSG1	c14
0.00292876468494502	-0.224781791594229	0.009	0.043	1	ARHGAP11A	c14
5.3547064560095e-05	0.224123197501481	0.028	0.097	1	UBQLN4	c14
0.112600663322463	0.221691006260522	0.003	0.013	1	DNAJC3-DT	c14
0.00334423703978009	0.221476569312697	0.015	0.053	1	THAP9-AS1	c14
0.0489610196503368	0.22108870736089	0.012	0.032	1	PHF13	c14
0.000264442435427269	0.219973050162396	0.028	0.087	1	TOE1	c14
0.000556204287207931	0.219458641294093	0.025	0.078	1	BICRAL	c14
9.14415412842603e-05	0.219083152608232	0.034	0.103	1	KDM1A	c14
0.0219474809001951	0.218864662797449	0.012	0.037	1	ZNF846	c14
0.0322648958463725	0.218769665596606	0.034	0.065	1	SLC20A2	c14
0.1955348452671	0.218655552201317	0.003	0.01	1	TRIM17	c14
0.00277856204531936	-0.218272628047814	0.018	0.058	1	KIF9	c14
0.000240507406250454	-0.217513727921831	0.025	0.083	1	MPP1	c14
3.86150170006363e-05	-0.217469821030038	0.022	0.088	1	FTO	c14
0.178033467803389	0.217311684985137	0.006	0.015	1	MBLAC1	c14
0.0954361080212176	0.217101383231515	0.003	0.014	1	AC011447.3	c14
0.197826835090637	-0.216290210334637	0.003	0.01	1	KIF27	c14
0.2207606545984	-0.215864575758594	0.003	0.01	1	ATAD3C	c14
8.60006504542721e-05	-0.215442087349975	0.022	0.084	1	LINC01003	c14
0.00125631903496057	-0.215185408053759	0.012	0.053	1	ERMP1	c14
0.109419397321745	-0.215085784719855	0.003	0.013	1	NEURL4	c14
0.132952667741545	-0.214960421216681	0.009	0.022	1	AC133644.2	c14
0.00505586110362848	0.214810543934639	0.006	0.035	1	AL138724.1	c14
0.0438904429693724	-0.21479642868412	0.003	0.018	1	DEPDC1	c14
0.000254001256797373	0.213907735710376	0.022	0.078	1	ALDH3A2	c14
0.0755578625213624	-0.213564434094803	0.034	0.057	1	TRAV8-4	c14
0.000106397544381105	0.212211112192709	0.046	0.122	1	USP38	c14
0.000334391231122135	-0.211475603810225	0.015	0.066	1	ATG4C	c14
0.00156568119350418	0.211358216441965	0.025	0.072	1	CHST14	c14
0.0263883013788672	0.20911397817776	0.006	0.026	1	OGFRL1	c14
0.00184505565425195	0.209109646604857	0.018	0.061	1	AMN1	c14
0.0023817855119502	0.208956007872544	0.028	0.074	1	BORCS8	c14
0.070012010550345	0.208659245459583	0.009	0.025	1	FAM86C1	c14
0.000665808850750687	0.208510267243138	0.705	0.982	1	SRGN	c14
0.110585456170861	0.208267405922743	0.012	0.027	1	CIPC	c14
0.0119362330870809	0.207705541267073	0.009	0.035	1	ZSCAN2	c14
0.802513023430931	0.207650124782428	0.028	0.03	1	TRBV4-1	c14
0.00639900461538589	0.207134190807405	0.022	0.058	1	ADO	c14
0.162333565364607	-0.206934881451835	0.003	0.011	1	XYLB	c14
0.187015154690717	0.206838924681296	0.015	0.028	1	ZNF595	c14
0.0219303113525688	-0.205560918593727	0.006	0.027	1	RPP40	c14
0.00186106386533436	0.205283336168998	0.037	0.089	1	TSPAN3	c14
0.000406581777337849	-0.204956849449114	0.015	0.065	1	LINC02210-CRHR1	c14
0.00121163160051669	0.204841814654098	0.006	0.043	1	FAM111A-DT	c14
0.810216007928573	0.204568218977627	0.714	0.917	1	KLF6	c14
0.217478889376137	-0.204513662513763	0.003	0.01	1	ZNF502	c14
6.67119797034194e-05	0.204477729861061	0.049	0.13	1	RRP8	c14
0.000749011026751092	0.203887113346976	0.034	0.091	1	ASB16-AS1	c14
0.00682036223202959	0.203532654293834	0.012	0.043	1	EFNA4	c14
0.137898538874616	-0.203353231816167	0.006	0.017	1	ST20	c14
0.00803211436596707	-0.203345478749035	0.009	0.038	1	LINC01137	c14
0.094742766147649	-0.203273185803295	0.006	0.019	1	LINC00665	c14
0.000217012599063871	-0.203202076003453	0.009	0.058	1	IFT22	c14
0.00959982416377726	0.203146910527753	0.003	0.026	1	CEP70	c14
0.00473851357914237	-0.203061085191226	0.009	0.041	1	TTC9	c14
0.0191944807363333	0.202725729801442	0.006	0.028	1	TPBG	c14
0.0257167324790243	0.201653960350242	0.022	0.049	1	ZFY	c14
0.0212402762815423	0.201295546419826	0.003	0.022	1	OTUB2	c14
0.000314434285976603	0.201148775214644	0.031	0.091	1	MTERF3	c14
0.000228539187272969	-0.20052486157887	0.031	0.093	1	SPECC1L	c14
0.0136178342218639	-0.200503311370119	0.018	0.049	1	SERPINH1	c14
0.00140700536377558	-0.199359770093581	0.028	0.077	1	BOLA1	c14
0.000698315983935189	0.199170400939286	0.012	0.056	1	LINC00243	c14
0.190334880575686	-0.198598377742047	0.003	0.011	1	ZNF653	c14
4.11609675242989e-05	0.197183821653551	0.034	0.108	1	DERA	c14
0.0190853456017747	-0.196375922058671	0.006	0.028	1	HDAC9	c14
0.0132888056864025	0.195975570113042	0.009	0.035	1	ZNF747	c14
0.000344846986993625	0.19561756848704	0.043	0.11	1	MUL1	c14
0.112278864454546	0.195123845581656	0.003	0.013	1	GGPS1	c14
7.05215999180656e-05	0.194425231131358	0.486	0.834	1	LCP2	c14
0.00661402261377002	-0.193897505386353	0.012	0.044	1	TRMT10A	c14
3.58048688505914e-05	0.19374708433391	0.018	0.084	1	TTF2	c14
0.0075579603253409	0.193273750969326	0.015	0.048	1	KLHL11	c14
0.196578368819919	-0.192526489550844	0.003	0.01	1	AL117332.1	c14
3.18489669726745e-05	-0.191828699725611	0.037	0.115	1	MOCS2	c14
0.0294405205137352	0.191322398791149	0.015	0.04	1	CNOT6	c14
0.0106421571372366	0.190530274090029	0.025	0.06	1	PLBD2	c14
0.00604941122368051	-0.188039903182341	0.012	0.044	1	ZFP1	c14
0.00618182485165355	0.188031212523583	0.006	0.034	1	ZNF419	c14
0.00878219766159129	-0.187789342441017	0.015	0.047	1	VEGFB	c14
0.0785068573154636	0.187433190055755	0.003	0.015	1	AC009948.1	c14
0.0534680980205408	0.187245540611815	0.006	0.022	1	FBXW9	c14
0.0226452649886447	-0.185971172256624	0.012	0.036	1	TSC22D1	c14
0.000125689347241278	-0.185673052362704	0.025	0.087	1	CCDC58	c14
0.000324300762154029	0.184949029720755	0.043	0.11	1	MMD	c14
0.0018409506006496	0.184909398433902	0.018	0.061	1	CCDC28B	c14
0.122968874075751	0.184190783339707	0.006	0.017	1	ANKRD55	c14
0.192744210873852	-0.183083421329943	0.006	0.015	1	TRIP10	c14
0.034734219279241	0.182772525847578	0.018	0.043	1	SLC39A11	c14
0.00088235541323129	-0.181687459629984	0.025	0.075	1	NFS1	c14
0.0318719125216826	-0.18020008690924	0.003	0.02	1	FXN	c14
0.000376760492616003	0.180194173093129	0.031	0.09	1	MAP3K14	c14
0.00316874992356919	0.179956060233406	0.009	0.043	1	MVK	c14
0.000266907283584953	0.179416503845883	0.052	0.126	1	CLPX	c14
0.094705510524523	0.178661028378764	0.006	0.019	1	KRTCAP3	c14
0.0209963217693893	-0.178611291535995	0.006	0.027	1	SCD5	c14
0.0001491586325701	-0.178312183148583	0.015	0.07	1	TCAF1	c14
0.00488295421683515	-0.178261176323859	0.012	0.045	1	COPRS	c14
0.000834034533383031	0.178025478881376	0.028	0.08	1	FCGRT	c14
0.0319441148875576	0.1770057064361	0.012	0.034	1	LYSMD4	c14
0.0196008929623183	0.175832989503667	0.049	0.089	1	CCL3L1	c14
0.0637683122943489	-0.175576953765932	0.003	0.016	1	ACVR1C	c14
0.0041030497450945	0.175531247573106	0.018	0.056	1	NDUFAF5	c14
0.231563611181535	-0.175063519124014	0.003	0.01	1	ZNF320	c14
0.0272495155926896	0.174870041530735	0.015	0.04	1	RAP2A	c14
0.00106565081566844	0.174781005785976	0.018	0.064	1	ZNF200	c14
4.18482227083745e-05	0.174748445199628	0.049	0.133	1	HSPA13	c14
0.0205384577228093	-0.174535745638463	0.006	0.027	1	FXYD1	c14
4.79607082276874e-05	0.174439889435864	0.04	0.117	1	CPTP	c14
0.00606152249727546	0.174087263814169	0.015	0.049	1	MAP3K6	c14
0.000712810498549308	0.1733858528514	0.031	0.086	1	C11orf24	c14
0.0268060854225628	0.173034921169349	0.003	0.021	1	P4HA2	c14
0.0537263591174361	0.172510015323853	0.009	0.027	1	AFF3	c14
8.25717461339475e-05	-0.172449155840118	0.022	0.084	1	SNX11	c14
0.0643883770586768	0.172166275515888	0.012	0.03	1	MYL5	c14
0.000121603114414754	0.172144334371017	0.015	0.071	1	PXMP2	c14
0.0690085307413914	0.17106656485859	0.018	0.039	1	ERICH6-AS1	c14
4.22011503591188e-05	0.170788409403479	0.034	0.108	1	NCOA5	c14
0.0161209357096675	0.170187085111323	0.012	0.038	1	CSNK2A2	c14
3.59353986390507e-05	0.170078245714679	0.043	0.124	1	CLECL1	c14
0.000844535275119208	0.16969151092665	0.028	0.08	1	NFKBIE	c14
0.115770525663491	-0.169327724685645	0.006	0.018	1	SERPINE2	c14
0.000188141409645211	0.169211395541049	0.031	0.094	1	INTS5	c14
0.0115745581546377	-0.168918645377375	0.015	0.045	1	IFI44L	c14
0.0147816862875873	-0.167937691401447	0.009	0.034	1	CTU1	c14
0.000305439672597492	0.167751877447474	0.043	0.111	1	PANK4	c14
6.09013445940079e-05	-0.167585862871436	0.034	0.105	1	MPI	c14
0.000516145063447538	0.167371476566448	0.022	0.073	1	BCDIN3D	c14
0.00107655428012807	0.16630034628519	0.025	0.074	1	SPATA33	c14
0.0024018852748036	-0.16613985607325	0.025	0.069	1	RNF135	c14
0.000941018588806342	-0.166031752734718	0.009	0.049	1	NUDT8	c14
0.000132069495773212	0.165704521186011	0.025	0.086	1	NAGA	c14
0.000245817969109684	0.164913424464443	0.018	0.073	1	PPP1R9B	c14
0.000233307790901636	0.164546011638584	0.018	0.073	1	ZNF383	c14
0.00323319350276562	0.164522362836108	0.012	0.048	1	ARHGAP19	c14
7.35458446523103e-05	0.164240682269541	0.052	0.134	1	P4HA1	c14
0.00462451360628851	-0.163567032212248	0.006	0.035	1	C12orf66	c14
0.00308179180493558	-0.16347291277073	0.018	0.058	1	FAIM	c14
0.0651545162073247	-0.163205177096769	0.006	0.021	1	PCOLCE	c14
0.000384367705145793	0.162932270207025	0.037	0.099	1	EPOR	c14
0.00321713317130326	0.161371327777355	0.071	0.131	1	CCL3	c14
3.2692848365809e-05	0.160638991235647	0.049	0.134	1	ASB1	c14
0.000301575644596814	0.1605312066342	0.492	0.841	1	STK17A	c14
0.165217856655735	0.160448041191706	0.009	0.02	1	ACTL10	c14
0.00887476812235939	-0.159750804616072	0.003	0.026	1	FNTB	c14
0.00162987873692546	0.159566055712537	0.025	0.071	1	GHDC	c14
0.00076457353442318	0.159363367988499	0.043	0.104	1	TSR1	c14
0.0039779794804456	-0.159103259708839	0.009	0.042	1	ZNF814	c14
0.0838239431230341	-0.158683401600496	0.006	0.02	1	FAM213A	c14
0.00505688091397133	0.158535887323387	0.006	0.035	1	AL121594.1	c14
0.0620081645908605	-0.158314132473273	0.003	0.016	1	HRASLS2	c14
0.00769473065574048	-0.158018674184024	0.006	0.033	1	IL17RE	c14
0.0265557469515991	-0.15797612231043	0.006	0.026	1	CYP4F22	c14
0.00131318656907204	0.157115229767005	0.009	0.048	1	CLSPN	c14
0.00087150223533903	0.156741931969979	0.028	0.08	1	GNPDA2	c14
4.91005846176168e-05	0.155469116083277	0.043	0.122	1	ORAI3	c14
0.00190238965027511	0.154924279949364	0.022	0.066	1	TRMT61A	c14
0.158146317313671	0.154008173097047	0.009	0.021	1	INTS6-AS1	c14
0.00103606977715915	0.153504272217033	0.009	0.049	1	GSTZ1	c14
0.0258533355881641	0.15326697209061	0.018	0.045	1	PRAG1	c14
3.77019942186558e-05	0.15320718173022	0.04	0.119	1	ICMT	c14
0.000489980993222667	-0.15312417330758	0.022	0.073	1	EEF2KMT	c14
0.00336446353899131	0.153121490179235	0.018	0.057	1	GNPNAT1	c14
0.0306291461571675	-0.152945685967837	0.006	0.025	1	PALB2	c14
0.00150018931548557	0.152492689027061	0.018	0.062	1	AC006369.1	c14
0.0121114446568361	-0.151641111571156	0.015	0.045	1	ABCA1	c14
0.0145012128436646	-0.151028744696695	0.003	0.024	1	H1F0	c14
0.639472779701535	0.150869267713765	0.018	0.022	1	TRBV30	c14
0.000110043629546317	-0.150152474696135	0.028	0.092	1	TIMM21	c14
4.47844804878147e-05	-0.150103480837936	0.022	0.087	1	PRADC1	c14
6.5302748975463e-05	-0.148896689257568	0.022	0.085	1	ZNF567	c14
0.00200768737495495	0.148637038911431	0.028	0.075	1	SGK1	c14
0.0680712180201758	0.148079756567846	0.022	0.042	1	TRBV6-5	c14
0.0867402454348234	0.147667003305499	0.009	0.024	1	ZNF485	c14
0.00044911924176633	0.147418902306584	0.022	0.074	1	NDST2	c14
6.02403405134641e-05	-0.14674956677323	0.037	0.11	1	MAP2K6	c14
0.11311552347865	-0.146149879594518	0.003	0.013	1	DDIAS	c14
0.000135428421590109	0.145639453522394	0.018	0.076	1	GOLPH3L	c14
0.0071762975681827	0.145588207997702	0.015	0.048	1	ACSL1	c14
0.00800273818231429	0.14457654200227	0.012	0.043	1	ATN1	c14
0.000820267364880231	0.144101619485928	0.009	0.05	1	CHCHD6	c14
5.70626389984309e-05	0.143427051350953	0.031	0.101	1	RRP9	c14
0.162502491722249	-0.143293143722037	0.003	0.011	1	ZNF582-AS1	c14
4.09887028173961e-05	0.143089898533864	0.015	0.078	1	PUS3	c14
4.2131593837464e-05	-0.143068049073657	0.717	0.997	1	MT-ATP8	c14
0.000855379093959626	0.141746703155733	0.028	0.08	1	ZNF737	c14
0.00569283102956955	0.141062389111316	0.009	0.039	1	NUF2	c14
0.00603776618919907	-0.141011520133611	0.006	0.034	1	UNC119B	c14
0.0373544541825632	0.140710177365659	0.009	0.029	1	CAMK2N1	c14
0.00244761530693018	0.140440201363847	0.034	0.083	1	ZNF574	c14
0.105623277199713	0.14024811197495	0.006	0.018	1	ZNF565	c14
0.0243539305101807	0.140182525869175	0.003	0.021	1	FP671120.4	c14
0.110154493142558	-0.139737388792849	0.009	0.023	1	SUCLG2-AS1	c14
0.0974676597549124	0.13925588379436	0.006	0.019	1	ADGRE1	c14
0.0231788424998712	0.139034514657986	0.015	0.041	1	DARS2	c14
0.00543498227800611	0.138864774296483	0.022	0.059	1	DCUN1D4	c14
0.000126512551620568	0.138655165587986	0.068	0.154	1	C12orf76	c14
0.00429291374000848	0.138266839399793	0.022	0.061	1	GPR180	c14
0.000289297071692566	-0.138154985590099	0.009	0.056	1	TIMM8A	c14
0.201386514922775	0.13728986820139	0.003	0.01	1	ITPKC	c14
0.0138834878984362	-0.137256068143596	0.003	0.024	1	ESCO2	c14
0.0204562183731687	0.137096829427425	0.015	0.042	1	MKS1	c14
0.394192660176583	0.137023394005094	0.012	0.019	1	TRAV30	c14
0.000613519317857506	0.135001172492832	0.028	0.082	1	UNC93B1	c14
4.94755048525614e-05	0.134210236843747	0.049	0.131	1	FO393401.1	c14
0.0107942075806519	0.133715324493222	0.006	0.031	1	ST7	c14
0.0169892349576062	0.133214598543498	0.012	0.038	1	TMED7	c14
0.000113636091818451	0.132985041206458	0.015	0.072	1	WRNIP1	c14
8.60103733534132e-05	-0.131719387454402	0.745	0.999	1	MT-ND4L	c14
6.24676408684902e-05	0.131432936969153	0.052	0.135	1	PRRC1	c14
0.0342787005225883	0.1310562973026	0.018	0.043	1	ZNF816	c14
0.000280228268766801	0.13051873654923	0.031	0.092	1	PVRIG	c14
0.149471959013751	-0.130262125648646	0.015	0.029	1	IL10	c14
0.0851091626715877	0.129872446368369	0.006	0.019	1	HLF	c14
0.0597894083450973	0.129787822258193	0.003	0.016	1	RAD54L	c14
3.17086492407078e-05	0.129595542279693	0.022	0.089	1	CPPED1	c14
5.44720240899392e-05	-0.129516464339901	0.025	0.091	1	MAML1	c14
6.15186714189743e-05	-0.129356847137969	0.717	0.998	1	MT-ATP6	c14
0.00768818665353531	0.128933723757794	0.012	0.043	1	VKORC1L1	c14
9.53771845531392e-05	-0.128823362890209	0.031	0.098	1	GMNN	c14
5.97544588247337e-05	0.128649836178273	0.04	0.115	1	IRF2BPL	c14
0.151933702041338	-0.127812386742459	0.003	0.012	1	TRBJ2-7	c14
0.123060667103871	-0.127672760930368	0.003	0.013	1	MROH6	c14
0.00192732431230835	0.126927808607307	0.037	0.089	1	IFIT5	c14
0.00265500907441272	0.126595484283504	0.025	0.068	1	CTSZ	c14
0.000346978521386867	0.12648287086025	0.018	0.071	1	ADRB2	c14
5.02507924667981e-05	0.126482634639226	0.04	0.117	1	ABRAXAS2	c14
0.0119084303150968	0.126444480491724	0.012	0.04	1	SRRD	c14
0.00855087158059471	-0.126088735245103	0.006	0.032	1	SPINT1	c14
0.006153957980293	0.125157757964166	0.022	0.058	1	CTSO	c14
0.0616356946654228	0.125093988556161	0.012	0.031	1	KIAA0930	c14
0.161561374152632	0.125082615026663	0.003	0.011	1	AL117379.1	c14
8.48206070763521e-05	0.124609657876428	0.037	0.109	1	UBE2F	c14
0.00011077863349512	0.124497342653084	0.037	0.107	1	ARID3B	c14
4.43309887059664e-05	0.123884508294875	0.025	0.093	1	COQ7	c14
0.020737870135015	0.123402183111281	0.015	0.042	1	ADAP1	c14
0.00388022076230241	0.122872026188888	0.031	0.075	1	RIPK2	c14
0.0329802515013206	0.12257444086997	0.009	0.03	1	SLC25A30	c14
0.00115639915776135	0.122048587764007	0.018	0.064	1	NDC1	c14
0.00159980760175691	0.121458014838601	0.015	0.057	1	FBXO5	c14
0.000786870875579518	0.121319990634058	0.631	0.975	1	CD3D	c14
0.0126485082594399	-0.12127774717101	0.025	0.058	1	TRBV19	c14
0.00887250285983472	0.120947180256078	0.018	0.051	1	ERCC8	c14
0.0122016502273215	0.120439700773365	0.018	0.05	1	RAB3A	c14
0.00913551370796676	0.120386391260933	0.031	0.069	1	F11R	c14
0.00634921943843287	0.120079338258368	0.025	0.063	1	HERC6	c14
0.00335937521284461	0.119616223709844	0.012	0.047	1	ZBTB16	c14
0.249476225874612	0.119573475860792	0.006	0.014	1	EPS8L1	c14
0.0367019658791439	0.119012763424277	0.015	0.038	1	MIER3	c14
0.169756360187813	-0.118603140743648	0.003	0.011	1	AC096677.1	c14
0.000106545912601425	0.117862117285988	0.037	0.108	1	CNPY4	c14
0.00705512555811678	0.117862062975912	0.006	0.033	1	NCAPG	c14
7.65720129864344e-05	0.117116278720352	0.034	0.105	1	ZNF263	c14
0.00989394974739653	0.117013056578621	0.006	0.031	1	RAD51AP1	c14
0.0308368748361226	0.11682876036565	0.003	0.02	1	ANKRD9	c14
0.0326750068967291	-0.116128782026593	0.009	0.03	1	ZNF696	c14
0.000494656141778915	0.115780273158889	0.037	0.097	1	GFOD1	c14
6.10385721840629e-05	0.112575226281043	0.025	0.091	1	TCEAL4	c14
0.0191087722209209	0.112014441990697	0.043	0.081	1	TRGV9	c14
0.211171525026277	-0.111653892374213	0.003	0.01	1	SRC	c14
0.0515603172743723	-0.111393604807681	0.012	0.032	1	HMOX1	c14
0.000368296977200468	0.110274723839416	0.025	0.08	1	TMCO6	c14
0.0179640962058311	-0.110115683621697	0.006	0.028	1	REEP6	c14
0.248715454251832	0.109674693177206	0.006	0.014	1	SLC16A11	c14
0.00424676652996639	-0.109544177392947	0.012	0.046	1	KCTD6	c14
0.000132970732263201	0.109394824179152	0.012	0.066	1	EEF1AKMT1	c14
5.61778080143886e-05	-0.109159117229957	0.022	0.086	1	CTSH	c14
9.07916515531112e-05	0.109045289759726	0.022	0.083	1	UBE2T	c14
0.111456100310025	0.10890094065757	0.055	0.082	1	FOXP3	c14
0.984853193653632	-0.108698884636842	0.018	0.019	1	TRBV14	c14
0.00202973541124584	0.108178954268371	0.031	0.079	1	AC008555.5	c14
0.00770756669480243	-0.107601194648983	0.015	0.048	1	FAM221A	c14
7.7368004970747e-05	0.107393819100238	0.031	0.099	1	U2AF1L5	c14
0.0363175912808245	-0.106283131488085	0.009	0.029	1	CD79A	c14
0.0891149057046842	0.104987505358068	0.006	0.019	1	ZNF154	c14
0.0071589190571222	0.104868948527899	0.006	0.033	1	PLK2	c14
0.00535462391454924	-0.104642141394957	0.006	0.035	1	FRAT1	c14
0.000286211222265565	0.104429655610189	0.028	0.087	1	LRRC40	c14
7.58772222752754e-05	0.104043048701052	0.031	0.1	1	TAB1	c14
0.214333047134103	0.103610006762469	0.003	0.01	1	SNX30	c14
0.00388411979779267	0.103507118036797	0.006	0.036	1	ENDOG	c14
0.23504042257238	0.103257470639842	0.009	0.018	1	LATS2	c14
0.0484289113161067	0.103256650570019	0.006	0.023	1	AF213884.3	c14
0.0842042959166655	-0.10280693257214	0.006	0.02	1	ZFPM1	c14
5.34809834808481e-05	0.102046670365544	0.034	0.107	1	HMGCL	c14
0.00938052112584639	0.101392688377235	0.015	0.046	1	PRR34-AS1	c14
0.199203403525056	-0.100535984597071	0.006	0.015	1	CKLF-CMTM1	c14
3.96949837138274e-05	0.100262860217823	0.043	0.123	1	KLHL9	c14
0.0621305603422981	-0.100256540710115	0.012	0.03	1	CFD	c14
0.000149055095302194	0.100142060450094	0.003	0.048	1	CDT1	c14
0.139147353195334	0.100121229924756	0.006	0.017	1	ZNF133	c14
